destination,baseline_sha256,publication_sha256,change_class,reason,publication_disposition,preserved_original_sha256
.gitattributes,eee0b0f0c22e147956c3cf193a68e079ae6c42ce9d2a10bc795e2e3e39a8bab0,dfa4602d01506703f3b54ffe8709194026b9ed86683170234ac092968a8f57dc,editorial_revision,Preserve exact reviewed file bytes across Git checkout settings.,EDIT_PUBLIC,f23f21b55eb58bbc8bc903ba2d1acf2b2d2362923ea24c9f16345c92f00d5f40
.gitignore,906ecc4db83fd729eb26895ab49f5c917176782ef8d765d99b6395a57b31c159,2063e636e620b24826ea8dfb93e42322c1ca60591ac67c324aeced9239057307,editorial_revision,"Scientific wording, attribution, and reproducibility availability clarified.",EDIT_PUBLIC,a6c7797b265e8c08e3552bcf93b36e76934f2b0bfdf4f78d037378fe24e7b279
AUTHORS.md,9b346f5d5181111c6fb1670ca5e658074ab6785d544c5b6226fca0b5f9b21503,290b1cb45fe1372850c006605f37a0a1e9897f61686d379ed91c27e6f71df973,editorial_revision,"Scientific wording, attribution, and reproducibility availability clarified.",EDIT_PUBLIC,63a61498b17b429c076882963da1a56c97abfc6d3c0a83a581241882519231b9
CITATION.cff,303d1bfdb82b79529fff450f01e809763b2e90cec3121da3e73afe95f98827a0,54be618723562985c9bfe789a536649015a7fcc81ff75c71a3a711235dbdd298,editorial_revision,"English explanation, attribution, references or report/figure text; numerical definitions retained.",KEEP_PUBLIC,54be618723562985c9bfe789a536649015a7fcc81ff75c71a3a711235dbdd298
LICENSE,254be3376a54a829d4ec49fd0fdb325e4ca0b947b107e1610fa04a9694d74ab9,254be3376a54a829d4ec49fd0fdb325e4ca0b947b107e1610fa04a9694d74ab9,unchanged,Original publication bytes retained.,KEEP_PUBLIC,254be3376a54a829d4ec49fd0fdb325e4ca0b947b107e1610fa04a9694d74ab9
README.md,6720399458c323c66943e2da08f2f1207e6f53357346964dc39bda24d4571016,5358110ee3d476ab1e224e4c5f02a207048d0a8680e5880e7d339efa6c0f824b,editorial_revision,"Scientific wording, attribution, and reproducibility availability clarified.",EDIT_PUBLIC,33230cb680d8d0672f81ff5b3f5ed5c9ec0e0b6a2eb20e6029ebbaf0ea388839
THIRD_PARTY_NOTICES.md,c9661551706676d5ce6ddc144049cc973b261fc1b669ed5670014553e770349a,1aaae2448998c77cfc9b392b63a216bc7e87560df78eac18188f17425eec1efe,editorial_revision,"Scientific wording, attribution, and reproducibility availability clarified.",EDIT_PUBLIC,5b7a118f850ddadc3d5a040e0db998398d516f8b5cdd3f651705b839f874772f
data/.gitkeep,01ba4719c80b6fe911b091a7c05124b64eeece964e09c058ef8f9805daca546b,01ba4719c80b6fe911b091a7c05124b64eeece964e09c058ef8f9805daca546b,unchanged,Original publication bytes retained.,KEEP_PUBLIC,01ba4719c80b6fe911b091a7c05124b64eeece964e09c058ef8f9805daca546b
docs/DATA_AND_REPRODUCIBILITY.md,d4232bb6cb02e15102b8301f89f2dfd87970448fe7c80fc516f6da17e8a2af81,307cae22de7d677749edcbad1a398e89388b150ce6cdb5ebe2dffdb7865dd331,editorial_revision,"Scientific wording, attribution, and reproducibility availability clarified.",EDIT_PUBLIC,bb9d4378346dc42a7215dd697f5bf20bbd900550c81f1b9cec25451d2dc77c53
docs/DESIGN_RATIONALE.md,a5130a16f9247c0800b42d9ae8cd92b9da1f68804db169011cfe9f7888bc3e2c,a9a0cf36afadb7cd32d541ef68d1a04f2c14ad9f60b28e2312638eca57d7fe09,editorial_revision,"Scientific wording, attribution, and reproducibility availability clarified.",EDIT_PUBLIC,5169c6f50997e62f0aaf5269f5d30e461bc50dcc6437b0c88e5eaf026db86662
docs/FUTURE_DIRECTIONS.md,06942f2964d78c8107d0099184e437dea859d4f8ac3aca6229c345d9e013c238,cea0cff1a7b6373e826cb81eaf49ecf3c9e236212f6a8cf2c86e976b5af04c6e,editorial_revision,"Scientific wording, attribution, and reproducibility availability clarified.",EDIT_PUBLIC,a2f2074b57e3e1a722c994f31f9498143a93531d6275a89888da6c4f72dabc94
docs/GPFA_VALIDATION.md,b5ce3e2e88bd25f04f8071027499d239b0936c894969dad5fd142db8a09bad5f,94af5f36f4d0e9a3d1107afa8c980de6079f7fcf6903d37d1cccd61311686d67,editorial_revision,"Scientific wording, attribution, and reproducibility availability clarified.",EDIT_PUBLIC,6866bd03d73622f7e9b0e48a93af27a173d5a3bd8507bf690f2c20743d6b577d
docs/MENTAL_PONG.md,4f63264b3cf699df4e5b7ee10f6f8551318298f905295e82e0f3c00321c5016b,cfaa9e6a84cbb2a100fbae33a7e4a939f8c099048500f3b9ac7e554ad769514c,editorial_revision,"Scientific wording, attribution, and reproducibility availability clarified.",EDIT_PUBLIC,1517023fadc9f7d6a6c2491781efc0b6a218f9d1a85995a742820f70e5096b4d
docs/METHODS.md,7c8b44fc2604de957c07719ed4a1cd6235e39b0b47e4d612a1c5dbb3c0c09146,e69d1b401bd9d0cdfddc4f04a0b6e3dfec560348d7e1def313fa5f6049f62c4c,editorial_revision,"Scientific wording, attribution, and reproducibility availability clarified.",EDIT_PUBLIC,6c7d25c2093078dd54177b6961ab74489b41414d762076993adf5c6ae08a42b6
docs/REFERENCES.md,,6a879c3db20158ee1b17520eaa2971ed2bd4ed150af0c305cda62e05f03ed2a9,editorial_revision,"Scientific wording, attribution, and reproducibility availability clarified.",EDIT_PUBLIC,5ab4bc4c9b2ae3995f5002fae545573ae7d1ac39c3e2582b3d6ea90ed23e3b88
docs/RESULTS.md,92fd48b646aa5def0628e7ebe95bb35f409510e885d2235ebd6f99b8273d35ec,35bd6324415218354b28449683f5c581079ab0949f7c13b1be3e955885c00d18,editorial_revision,"Scientific wording, attribution, and reproducibility availability clarified.",EDIT_PUBLIC,a8ffc7acc4f0b604d76166f0a2d2802ec8cdfcc6a958db54f29681ae0c25735f
docs/WRITING_GUIDE.md,4f51a683e23e4ce77ac7e93e3786fb609b7291a88d8efade18451bf595e45c14,ee8972fdf2d6a982b63dffe2260b8849ac7a2ded67f9553a7330b8d57f19a235,editorial_revision,"English explanation, attribution, references or report/figure text; numerical definitions retained.",KEEP_PUBLIC,ee8972fdf2d6a982b63dffe2260b8849ac7a2ded67f9553a7330b8d57f19a235
docs/results/Q1_Q6_ANSWERS.md,ef23dcc7039059598efb9797559c4b1bca7656e56f65cb841ce94743c7520b15,dbeadf1dd840fe28a38e9bcf106cb4b3597af69714b8cd9924cdbac78a048221,editorial_revision,"Scientific wording, attribution, and reproducibility availability clarified.",EDIT_PUBLIC,fdeb7a2af2f67d6cd5ad1b4f56654bd378fb2dea32f54d777196662f126358d3
docs/supplementary/implementation/EXPERIMENT_MATRIX.md,6a0b0c1d2f1b495ccb5c73e58f0d5db00f3f6bc3c9e20fa2ab2fd301c70c18e4,66d70a46181ff469b96952f2df0e6a770ea30ed099dc0992329dc4972eb90f19,editorial_revision,"Scientific wording, attribution, and reproducibility availability clarified.",EDIT_PUBLIC,6a0b0c1d2f1b495ccb5c73e58f0d5db00f3f6bc3c9e20fa2ab2fd301c70c18e4
docs/supplementary/model_reports/DYNAMIC_MODEL.md,ab99833818efb08bfafb32fa7c04935ac65a03c7d59c32fb56d96fba6c0c19f3,13018d0b8e381df346bddb860fb7ddf1bbee056a60f5274b844a063542b994dd,editorial_revision,"Scientific wording, attribution, and reproducibility availability clarified.",EDIT_PUBLIC,15fb485b737e6711e710c74fa89393f86342842767dee4b6c4818e93bf84f978
docs/supplementary/model_reports/PARAMETER_MATCHED_DYNAMIC.md,3eb0371db233dac86e5848340739cb4d9ff0edc39a7fc89705717e2219c2e876,245a54fc934cebc1dd2d5d370788ce395b12a5a4bf20debd1683a8257d3871d4,editorial_revision,"Scientific wording, attribution, and reproducibility availability clarified.",EDIT_PUBLIC,318533d2bcbf467b45df197754b1df4beb32c539b95d9c67144e0a35ef55288c
docs/supplementary/model_reports/STATIC_MODEL.md,68cddad1b17debb29e65a02f6e4f37b55dfd98f1de5e0123b9ab025700530557,65a6eb7b62540e737295cb3053eeeb3d721b436d4c9517231b7698d1bc446ae9,editorial_revision,"Scientific wording, attribution, and reproducibility availability clarified.",EDIT_PUBLIC,6a4c6a4aedb4cc8516f87068872e5d0f2937eb61d495541797590cd708b547e2
docs/supplementary/protocols/GPFA_PROTOCOL_LOCKED.md,f9671efbb3aea7cce5d8b58f02cff1fb6ced1f67bb8a932863c8870c8902978b,e137e4467312d23c168a7a8313a63dc889c1bd18abc504a0ad2c86b25ad9ad2d,editorial_revision,"Scientific wording, attribution, and reproducibility availability clarified.",EDIT_PUBLIC,f9671efbb3aea7cce5d8b58f02cff1fb6ced1f67bb8a932863c8870c8902978b
docs/supplementary/validation/GPFA_DIAGNOSTICS.md,460a83af0e59c5a7e9f048b371e59b7fecb19fa7e2a07afad65f828423ea009e,460a83af0e59c5a7e9f048b371e59b7fecb19fa7e2a07afad65f828423ea009e,unchanged,Original publication bytes retained.,KEEP_PUBLIC,460a83af0e59c5a7e9f048b371e59b7fecb19fa7e2a07afad65f828423ea009e
experiments/01_baselines/README.md,a9d7b65d7a1e79d528996fef34db5e2c34b4eae50c7d4502d3e87f4e728cf360,69e7e90b5ef9711ad5f3cd3d910f139e0886b88752be5f6b8371d8380e122115,editorial_revision,"Scientific wording, attribution, and reproducibility availability clarified.",EDIT_PUBLIC,5f240515886ac88327ab3a806f68ca3eca7427c3b575d51439f778a61cded91b
experiments/01_baselines/configs/phase1A_dynamic_official.yaml,ddbbe626e0af7593fadeb3532bd94e37a3ce4f631a0d5e4a0f5964c3e28a706d,ddbbe626e0af7593fadeb3532bd94e37a3ce4f631a0d5e4a0f5964c3e28a706d,unchanged,Original publication bytes retained.,KEEP_PUBLIC,ddbbe626e0af7593fadeb3532bd94e37a3ce4f631a0d5e4a0f5964c3e28a706d
experiments/01_baselines/configs/static_dynamic_sensorium2023.yaml,9b0e25e4fb56afc9ec13fca0f48d4143825dbc2c9be26a988dd6e012bffc2fdd,9b0e25e4fb56afc9ec13fca0f48d4143825dbc2c9be26a988dd6e012bffc2fdd,unchanged,Original publication bytes retained.,KEEP_PUBLIC,9b0e25e4fb56afc9ec13fca0f48d4143825dbc2c9be26a988dd6e012bffc2fdd
experiments/01_baselines/pyproject.toml,e54e2fce65778bff410c4cdd320cdebf30c252fc4a7b57c5f9e3ef7b9da4f401,aa796f2f5631af8f2baa9b2d4c7a75ccb694f0396308acff3903eca69133b115,editorial_revision,"Scientific wording, attribution, and reproducibility availability clarified.",EDIT_PUBLIC,e54e2fce65778bff410c4cdd320cdebf30c252fc4a7b57c5f9e3ef7b9da4f401
experiments/01_baselines/records/dynamic/architecture_audit.json,fbe068e43bcc649d265259489c71c4247cc210439a6d217b5dd327cacbb1be0e,fbe068e43bcc649d265259489c71c4247cc210439a6d217b5dd327cacbb1be0e,unchanged,Original publication bytes retained.,KEEP_PUBLIC,fbe068e43bcc649d265259489c71c4247cc210439a6d217b5dd327cacbb1be0e
experiments/01_baselines/records/dynamic/dynamic_official_model.txt,3f186c22d331e0ceaa5e7b2647514c12f876b308d5bc78522948c6844c29ba13,3f186c22d331e0ceaa5e7b2647514c12f876b308d5bc78522948c6844c29ba13,unchanged,Original publication bytes retained.,KEEP_PUBLIC,3f186c22d331e0ceaa5e7b2647514c12f876b308d5bc78522948c6844c29ba13
experiments/01_baselines/records/dynamic/official_evaluation.json,b05e8b61ee96268d76037e37fff7276eb44dd4b94ef98a345afbc68f1c0d8df0,b05e8b61ee96268d76037e37fff7276eb44dd4b94ef98a345afbc68f1c0d8df0,unchanged,Original publication bytes retained.,KEEP_PUBLIC,b05e8b61ee96268d76037e37fff7276eb44dd4b94ef98a345afbc68f1c0d8df0
experiments/01_baselines/records/dynamic/optimizer_configuration.json,bc232f0890141578f23e7e201bb0b073ec5447db02dfd89d3e59edbb1213a447,bc232f0890141578f23e7e201bb0b073ec5447db02dfd89d3e59edbb1213a447,unchanged,Original publication bytes retained.,KEEP_PUBLIC,bc232f0890141578f23e7e201bb0b073ec5447db02dfd89d3e59edbb1213a447
experiments/01_baselines/records/dynamic/random_seed.json,92cb7f047bb75a8c9e5fc3e5cd2b6b798867d19e8dbfcd4bb4c9d9d159458a2d,92cb7f047bb75a8c9e5fc3e5cd2b6b798867d19e8dbfcd4bb4c9d9d159458a2d,unchanged,Original publication bytes retained.,KEEP_PUBLIC,92cb7f047bb75a8c9e5fc3e5cd2b6b798867d19e8dbfcd4bb4c9d9d159458a2d
experiments/01_baselines/records/dynamic/scheduler_configuration.json,1c62d92c0ed140dff4434155636b22e28b667fe8c9b718070deb35908b9ea58a,1c62d92c0ed140dff4434155636b22e28b667fe8c9b718070deb35908b9ea58a,unchanged,Original publication bytes retained.,KEEP_PUBLIC,1c62d92c0ed140dff4434155636b22e28b667fe8c9b718070deb35908b9ea58a
experiments/01_baselines/records/dynamic/temporal_alignment.json,41404a09c0ef7d0a93b7ade52fbc9c9af1e0f60de040c06834ca336596b458d0,41404a09c0ef7d0a93b7ade52fbc9c9af1e0f60de040c06834ca336596b458d0,unchanged,Original publication bytes retained.,KEEP_PUBLIC,41404a09c0ef7d0a93b7ade52fbc9c9af1e0f60de040c06834ca336596b458d0
experiments/01_baselines/records/dynamic/training_config.yaml,e63fcb352dbf7bd0315381b4d3283b20077ceb03c1af45b6ef141746815f4ec8,e63fcb352dbf7bd0315381b4d3283b20077ceb03c1af45b6ef141746815f4ec8,unchanged,Original publication bytes retained.,KEEP_PUBLIC,e63fcb352dbf7bd0315381b4d3283b20077ceb03c1af45b6ef141746815f4ec8
experiments/01_baselines/records/dynamic/training_summary.json,2489d1d6e5ee66008c29411bb2c22491a6f8f61ae63cd3b90687515273ae3fd1,49cbfe00ec9f45d2ee4d6b6cff4088dc4a2162c25020d2fa7123eb46a7e1cd20,editorial_revision,"Scientific wording, attribution, and reproducibility availability clarified.",EDIT_PUBLIC,2489d1d6e5ee66008c29411bb2c22491a6f8f61ae63cd3b90687515273ae3fd1
experiments/01_baselines/records/dynamic/validation_events.jsonl,63165be02ffdc40acb25802211cd094db55674c392f75711e6d2c58e71390e90,63165be02ffdc40acb25802211cd094db55674c392f75711e6d2c58e71390e90,unchanged,Original publication bytes retained.,KEEP_PUBLIC,63165be02ffdc40acb25802211cd094db55674c392f75711e6d2c58e71390e90
experiments/01_baselines/records/static/architecture_audit.json,01ce43cd8d23a935627fdee12b0f032013860502a48e4d64bb1cd8130c78c415,01ce43cd8d23a935627fdee12b0f032013860502a48e4d64bb1cd8130c78c415,unchanged,Original publication bytes retained.,KEEP_PUBLIC,01ce43cd8d23a935627fdee12b0f032013860502a48e4d64bb1cd8130c78c415
experiments/01_baselines/records/static/model_architecture.txt,d7e1b9ea2193e3e9cf24dc6b80ff124fcb87f14856d1e385d7d72bc96a940607,d7e1b9ea2193e3e9cf24dc6b80ff124fcb87f14856d1e385d7d72bc96a940607,unchanged,Original publication bytes retained.,KEEP_PUBLIC,d7e1b9ea2193e3e9cf24dc6b80ff124fcb87f14856d1e385d7d72bc96a940607
experiments/01_baselines/records/static/official_evaluation.json,edd1d416d28cdcfa7292913ef5bfccc4f41b1f886c04a69560cfed839f44c70f,edd1d416d28cdcfa7292913ef5bfccc4f41b1f886c04a69560cfed839f44c70f,unchanged,Original publication bytes retained.,KEEP_PUBLIC,edd1d416d28cdcfa7292913ef5bfccc4f41b1f886c04a69560cfed839f44c70f
experiments/01_baselines/records/static/training_config.yaml,6ab522cebcc262c1346f9680c76bbf1f6a25562e8678f7bd84b1046850b3362b,6ab522cebcc262c1346f9680c76bbf1f6a25562e8678f7bd84b1046850b3362b,unchanged,Original publication bytes retained.,KEEP_PUBLIC,6ab522cebcc262c1346f9680c76bbf1f6a25562e8678f7bd84b1046850b3362b
experiments/01_baselines/records/static/training_summary.json,8458be1ecae57fc1d34b882669c310687841e1de8246417dd2e61562ef584b6f,8458be1ecae57fc1d34b882669c310687841e1de8246417dd2e61562ef584b6f,unchanged,Original publication bytes retained.,KEEP_PUBLIC,8458be1ecae57fc1d34b882669c310687841e1de8246417dd2e61562ef584b6f
experiments/01_baselines/records/static/validation_events.jsonl,8095905cf20374e2488d4d35b0010cc679b3bb459050ac004098e0b91484420f,8095905cf20374e2488d4d35b0010cc679b3bb459050ac004098e0b91484420f,unchanged,Original publication bytes retained.,KEEP_PUBLIC,8095905cf20374e2488d4d35b0010cc679b3bb459050ac004098e0b91484420f
experiments/01_baselines/src/trajectory_eval/__init__.py,04471912ce96a689b8c932192f724c1cbc9f5f121a805afd934d1a2e9a4d84e4,04471912ce96a689b8c932192f724c1cbc9f5f121a805afd934d1a2e9a4d84e4,unchanged,Original publication bytes retained.,KEEP_PUBLIC,04471912ce96a689b8c932192f724c1cbc9f5f121a805afd934d1a2e9a4d84e4
experiments/01_baselines/src/trajectory_eval/config.py,7ca4e51a229325e92acebf07283abad9798fd91e2ba0cf38e5dfb447a3435020,7ca4e51a229325e92acebf07283abad9798fd91e2ba0cf38e5dfb447a3435020,unchanged,Original publication bytes retained.,KEEP_PUBLIC,7ca4e51a229325e92acebf07283abad9798fd91e2ba0cf38e5dfb447a3435020
experiments/01_baselines/src/trajectory_eval/official_dynamic.py,add9f11df0cd5c55f6939a0812ca6b1f9f16d779b21e3c9e9257a54241d40aeb,476c5b12dac4b87e555a32ff867ab27d8994ab4f055fde31045fe4812e36b217,publication_adapter,"Public text generation, input/output routing, or bounded verification support.",EDIT_PUBLIC,a6192d4b4e57035ffb288d1b1ee8fd5c204d9636215dab23ca26031e8284fa1d
experiments/01_baselines/src/trajectory_eval/static_dynamic.py,99487afeb757687d8035024363516ed720a0d0dd4232825129f9bb82f75f3ef6,cbbc81b74a032d89cca4b2f8c898fcf7d5bc5d9cf969e7acc860f8cef4672d32,regression_safeguard,Fail-closed protocol reuse or evaluation-mode frame independence; original outputs retained.,KEEP_PUBLIC,cbbc81b74a032d89cca4b2f8c898fcf7d5bc5d9cf969e7acc860f8cef4672d32
experiments/01_baselines/tests/test_official_dynamic_locks.py,2119f34ab6032b1806ac7c8f5e5496e2dd8aa08191f601714c61e863ecc46df7,2119f34ab6032b1806ac7c8f5e5496e2dd8aa08191f601714c61e863ecc46df7,unchanged,Original publication bytes retained.,KEEP_PUBLIC,2119f34ab6032b1806ac7c8f5e5496e2dd8aa08191f601714c61e863ecc46df7
experiments/01_baselines/tests/test_static_dynamic_locks.py,636e02c32000db7576d886e525bd4c81825fef140d074ed08cf26d74c989b147,636e02c32000db7576d886e525bd4c81825fef140d074ed08cf26d74c989b147,unchanged,Original publication bytes retained.,KEEP_PUBLIC,636e02c32000db7576d886e525bd4c81825fef140d074ed08cf26d74c989b147
experiments/01_baselines/tests/test_static_frame_independence.py,,80f941e456bb4b3a133de3eada4ebfbb0c20952a57e3baa6ff10b0b6aee3d40b,regression_safeguard,Fail-closed protocol reuse or evaluation-mode frame independence; original outputs retained.,KEEP_PUBLIC,80f941e456bb4b3a133de3eada4ebfbb0c20952a57e3baa6ff10b0b6aee3d40b
experiments/02_gpfa_reliability/README.md,43cd89c34e92b6c5ce3097f755ba5a7bd8eef3c5d30af30a3e2daf7af8358d03,16564e4e7d00b831cc40cfac870419054151e6ab71f9645ca33e7bb3418eeb45,editorial_revision,"Scientific wording, attribution, and reproducibility availability clarified.",EDIT_PUBLIC,fa43946c9ea67d5e6ff33684315ccab2b1fe4033bf19f65825758d5d8ccb4f32
experiments/02_gpfa_reliability/configs/pilot.yaml,40b654b575b47bc5346f3704b1400f351033a8f80393ac33bc029ca352cbe226,40b654b575b47bc5346f3704b1400f351033a8f80393ac33bc029ca352cbe226,unchanged,Original publication bytes retained.,KEEP_PUBLIC,40b654b575b47bc5346f3704b1400f351033a8f80393ac33bc029ca352cbe226
experiments/02_gpfa_reliability/pyproject.toml,9f695b0cc39b927fa8fb35a31986488327c9270dcb8c081a90f4dc0e44c4b5e4,9f695b0cc39b927fa8fb35a31986488327c9270dcb8c081a90f4dc0e44c4b5e4,unchanged,Original publication bytes retained.,KEEP_PUBLIC,9f695b0cc39b927fa8fb35a31986488327c9270dcb8c081a90f4dc0e44c4b5e4
experiments/02_gpfa_reliability/src/trajectory_reliability/__init__.py,0aafaeed77e2e28a2e9c30b0ecd743709b910e8ade141f769003c497927e904b,0aafaeed77e2e28a2e9c30b0ecd743709b910e8ade141f769003c497927e904b,unchanged,Original publication bytes retained.,KEEP_PUBLIC,0aafaeed77e2e28a2e9c30b0ecd743709b910e8ade141f769003c497927e904b
experiments/02_gpfa_reliability/src/trajectory_reliability/cli.py,179261c8322b764dfbb26751846bf74cfb830caed7c661da59c724be12bacb6e,179261c8322b764dfbb26751846bf74cfb830caed7c661da59c724be12bacb6e,unchanged,Original publication bytes retained.,KEEP_PUBLIC,179261c8322b764dfbb26751846bf74cfb830caed7c661da59c724be12bacb6e
experiments/02_gpfa_reliability/src/trajectory_reliability/conditions.py,947a4aeee90702c5fbf8504275a019e7c0ee508f9ab5616b292fb181675adbcc,947a4aeee90702c5fbf8504275a019e7c0ee508f9ab5616b292fb181675adbcc,unchanged,Original publication bytes retained.,KEEP_PUBLIC,947a4aeee90702c5fbf8504275a019e7c0ee508f9ab5616b292fb181675adbcc
experiments/02_gpfa_reliability/src/trajectory_reliability/data.py,e2b4ad13aa806dd46d9da1e9fea1884d0ed11ef32a109dc7594cf8fc3719f435,e2b4ad13aa806dd46d9da1e9fea1884d0ed11ef32a109dc7594cf8fc3719f435,unchanged,Original publication bytes retained.,KEEP_PUBLIC,e2b4ad13aa806dd46d9da1e9fea1884d0ed11ef32a109dc7594cf8fc3719f435
experiments/02_gpfa_reliability/src/trajectory_reliability/gpfa.py,908ca20b61d42c46fdf0171b623456009668cb10e245fbbe9ca64288c3b08b9b,84b7579fc8eaa321d697c88bdfc8abf81842dd69e13e9cde72df4fd758bfbb7d,publication_adapter,"Public text generation, input/output routing, or bounded verification support.",EDIT_PUBLIC,908ca20b61d42c46fdf0171b623456009668cb10e245fbbe9ca64288c3b08b9b
experiments/02_gpfa_reliability/src/trajectory_reliability/metrics.py,873ef5e8f074602cd9e7a0528d882efd78f42449c11e0f402e565278164be6a9,873ef5e8f074602cd9e7a0528d882efd78f42449c11e0f402e565278164be6a9,unchanged,Original publication bytes retained.,KEEP_PUBLIC,873ef5e8f074602cd9e7a0528d882efd78f42449c11e0f402e565278164be6a9
experiments/02_gpfa_reliability/src/trajectory_reliability/pipeline.py,7bd4071da4b87669b290d082cc798763d6eacf9471911431c40ac86b5a91608a,ace8ba9770821013b0b0be59f11a339e536a6002aa9522e4c9d3d0c8a145866e,publication_adapter,"Public text generation, input/output routing, or bounded verification support.",EDIT_PUBLIC,7bd4071da4b87669b290d082cc798763d6eacf9471911431c40ac86b5a91608a
experiments/02_gpfa_reliability/src/trajectory_reliability/reliability.py,174555e30e1a600d48058fb801aa80897704302599c98f4c6231ad4fec663b6a,174555e30e1a600d48058fb801aa80897704302599c98f4c6231ad4fec663b6a,unchanged,Original publication bytes retained.,KEEP_PUBLIC,174555e30e1a600d48058fb801aa80897704302599c98f4c6231ad4fec663b6a
experiments/02_gpfa_reliability/src/trajectory_reliability/saturation.py,3408638a28bf2985b8109b710893777119b947e7e09dde0b24f6694973d46383,3408638a28bf2985b8109b710893777119b947e7e09dde0b24f6694973d46383,unchanged,Original publication bytes retained.,KEEP_PUBLIC,3408638a28bf2985b8109b710893777119b947e7e09dde0b24f6694973d46383
experiments/02_gpfa_reliability/src/trajectory_reliability/selection.py,ae93f0220ce0a67361a32267222ceb0723acecb8373aa9e8e394249d5961aae0,ae93f0220ce0a67361a32267222ceb0723acecb8373aa9e8e394249d5961aae0,unchanged,Original publication bytes retained.,KEEP_PUBLIC,ae93f0220ce0a67361a32267222ceb0723acecb8373aa9e8e394249d5961aae0
experiments/02_gpfa_reliability/tests/test_data_conditions.py,c751149a744b283e23cf5649d514dd3eb305eed9ecde0ca8f536ca1ce7047202,c751149a744b283e23cf5649d514dd3eb305eed9ecde0ca8f536ca1ce7047202,unchanged,Original publication bytes retained.,KEEP_PUBLIC,c751149a744b283e23cf5649d514dd3eb305eed9ecde0ca8f536ca1ce7047202
experiments/02_gpfa_reliability/tests/test_gpfa.py,f8e7163dcac3fda59eb95ebb3ec62e2cef5663f0f014c8cbd86cb8c7b96e9517,f8e7163dcac3fda59eb95ebb3ec62e2cef5663f0f014c8cbd86cb8c7b96e9517,unchanged,Original publication bytes retained.,KEEP_PUBLIC,f8e7163dcac3fda59eb95ebb3ec62e2cef5663f0f014c8cbd86cb8c7b96e9517
experiments/02_gpfa_reliability/tests/test_reliability.py,3e3fc0ebd9c4c5f28992435028d0dced3fe62decdd0097dfc787113062e6f9f2,3e3fc0ebd9c4c5f28992435028d0dced3fe62decdd0097dfc787113062e6f9f2,unchanged,Original publication bytes retained.,KEEP_PUBLIC,3e3fc0ebd9c4c5f28992435028d0dced3fe62decdd0097dfc787113062e6f9f2
experiments/02_gpfa_reliability/tests/test_selection.py,e5b85532e1414657639ecdf1c34c1b70e0bd688074ed27a57f20732b6559d700,e5b85532e1414657639ecdf1c34c1b70e0bd688074ed27a57f20732b6559d700,unchanged,Original publication bytes retained.,KEEP_PUBLIC,e5b85532e1414657639ecdf1c34c1b70e0bd688074ed27a57f20732b6559d700
experiments/03_parameter_matching/README.md,8b24b498d8679870e338b6c7cc369474b3c4e0c48392de9fde029b8f6cbab13e,b39baf5025c771bdc69648e05f1f8950dfbc0bc4c2d38c71a0b8acbc67f004d2,editorial_revision,"Scientific wording, attribution, and reproducibility availability clarified.",EDIT_PUBLIC,c71562fbd0c243b7e053933299c08dbd4e738523383744cf751ba3cdebd0e2bc
experiments/03_parameter_matching/configs/dynamic_parameter_matched.yaml,b81f7b149420dc09ff680bd3654522c9cce7da86a73c0a72c988a3d46e6097e8,b81f7b149420dc09ff680bd3654522c9cce7da86a73c0a72c988a3d46e6097e8,unchanged,Original publication bytes retained.,KEEP_PUBLIC,b81f7b149420dc09ff680bd3654522c9cce7da86a73c0a72c988a3d46e6097e8
experiments/03_parameter_matching/pyproject.toml,35a110e28343650fe5092e9adbeff51e3cd06896417b750bcacac8dc77f636ac,600d347db0b949bb9c318ef4b4b6679f1b76bd8670a81494280badf1664cbea2,editorial_revision,"Scientific wording, attribution, and reproducibility availability clarified.",EDIT_PUBLIC,35a110e28343650fe5092e9adbeff51e3cd06896417b750bcacac8dc77f636ac
experiments/03_parameter_matching/records/architecture_audit.json,4bf587b24d3f02bf55aa179175eb319a4fbf38c586a3938b1557e6addbc7eb18,4bf587b24d3f02bf55aa179175eb319a4fbf38c586a3938b1557e6addbc7eb18,unchanged,Original publication bytes retained.,KEEP_PUBLIC,4bf587b24d3f02bf55aa179175eb319a4fbf38c586a3938b1557e6addbc7eb18
experiments/03_parameter_matching/records/audit_summary.json,4512612a7c20aca8cfcded52aedc4f5bb80fd1043031bf2fc35df44b2b7e8821,4512612a7c20aca8cfcded52aedc4f5bb80fd1043031bf2fc35df44b2b7e8821,unchanged,Original publication bytes retained.,KEEP_PUBLIC,4512612a7c20aca8cfcded52aedc4f5bb80fd1043031bf2fc35df44b2b7e8821
experiments/03_parameter_matching/records/data_split_lock.json,9da4bff3d262661de9012191eb12cbb2ce74382be415cc619d87f4aad255fa97,9da4bff3d262661de9012191eb12cbb2ce74382be415cc619d87f4aad255fa97,unchanged,Original publication bytes retained.,KEEP_PUBLIC,9da4bff3d262661de9012191eb12cbb2ce74382be415cc619d87f4aad255fa97
experiments/03_parameter_matching/records/official_evaluation.json,4cd2f5e76c55e830ff851fd96618aae2b4da7f3c02aa8314987e154c753b0a8a,4cd2f5e76c55e830ff851fd96618aae2b4da7f3c02aa8314987e154c753b0a8a,unchanged,Original publication bytes retained.,KEEP_PUBLIC,4cd2f5e76c55e830ff851fd96618aae2b4da7f3c02aa8314987e154c753b0a8a
experiments/03_parameter_matching/records/training_config.yaml,686769021635276af4cbd4cb934f0ad7fc87658b605cf82347c30fb3709213dc,686769021635276af4cbd4cb934f0ad7fc87658b605cf82347c30fb3709213dc,unchanged,Original publication bytes retained.,KEEP_PUBLIC,686769021635276af4cbd4cb934f0ad7fc87658b605cf82347c30fb3709213dc
experiments/03_parameter_matching/records/training_summary.json,5fb83fd9ed9d94120bc03548980d4c5e999abe9c08e3bb0db55585baef031f10,5fb83fd9ed9d94120bc03548980d4c5e999abe9c08e3bb0db55585baef031f10,unchanged,Original publication bytes retained.,KEEP_PUBLIC,5fb83fd9ed9d94120bc03548980d4c5e999abe9c08e3bb0db55585baef031f10
experiments/03_parameter_matching/records/validation_events.jsonl,33ac0f4d03548aa529e35de1734b1fd1a9aba18c88c92648ec2f5f8657dd8990,33ac0f4d03548aa529e35de1734b1fd1a9aba18c88c92648ec2f5f8657dd8990,unchanged,Original publication bytes retained.,KEEP_PUBLIC,33ac0f4d03548aa529e35de1734b1fd1a9aba18c88c92648ec2f5f8657dd8990
experiments/03_parameter_matching/src/trajectory_param_match/__init__.py,6ada429022b1c1a7f4f9b17f12c45b796c34b59632a81559e3f49d91b8470be6,6ada429022b1c1a7f4f9b17f12c45b796c34b59632a81559e3f49d91b8470be6,unchanged,Original publication bytes retained.,KEEP_PUBLIC,6ada429022b1c1a7f4f9b17f12c45b796c34b59632a81559e3f49d91b8470be6
experiments/03_parameter_matching/src/trajectory_param_match/experiment.py,b4303f64ac7537ff23b3a3c56fca4d8d32b895ca5b04253b924541a9deec3c3c,b4303f64ac7537ff23b3a3c56fca4d8d32b895ca5b04253b924541a9deec3c3c,unchanged,Original publication bytes retained.,KEEP_PUBLIC,b4303f64ac7537ff23b3a3c56fca4d8d32b895ca5b04253b924541a9deec3c3c
experiments/03_parameter_matching/tests/test_locks.py,484ff2346101ab688bd174140b7a08195fbf7e3557631bea3ef0f9276bf654a7,484ff2346101ab688bd174140b7a08195fbf7e3557631bea3ef0f9276bf654a7,unchanged,Original publication bytes retained.,KEEP_PUBLIC,484ff2346101ab688bd174140b7a08195fbf7e3557631bea3ef0f9276bf654a7
experiments/04_model_comparison/README.md,0a989719b858f2ab7ef0e56e3daf44b50ffa4199a171ed538f19c622bfeb527d,5f17999031e9194a97529b938df9504bcf0268ce90e26522a121a7c65f360774,editorial_revision,"Scientific wording, attribution, and reproducibility availability clarified.",EDIT_PUBLIC,dd32233476654aa464183fe6d9d01ea8001ab394e6b9e69a4ca87cf909f9f684
experiments/04_model_comparison/configs/pilot.yaml,fcaf69164f92ccd869b1397d35c57695ee0c25788c1c8d5bd6ded86cb5e57e66,fcaf69164f92ccd869b1397d35c57695ee0c25788c1c8d5bd6ded86cb5e57e66,unchanged,Original publication bytes retained.,KEEP_PUBLIC,fcaf69164f92ccd869b1397d35c57695ee0c25788c1c8d5bd6ded86cb5e57e66
experiments/04_model_comparison/pyproject.toml,32410c6011330fbdfa294bb4a34088b72edab15ce8906b7bd2d728bd033eb969,32410c6011330fbdfa294bb4a34088b72edab15ce8906b7bd2d728bd033eb969,unchanged,Original publication bytes retained.,KEEP_PUBLIC,32410c6011330fbdfa294bb4a34088b72edab15ce8906b7bd2d728bd033eb969
experiments/04_model_comparison/src/trajectory_model_eval/__init__.py,b04f1da6c86ee11a252cd4d6a74fea3bb13c2eb105d3d0ff6944337bd0bed096,b04f1da6c86ee11a252cd4d6a74fea3bb13c2eb105d3d0ff6944337bd0bed096,unchanged,Original publication bytes retained.,KEEP_PUBLIC,b04f1da6c86ee11a252cd4d6a74fea3bb13c2eb105d3d0ff6944337bd0bed096
experiments/04_model_comparison/src/trajectory_model_eval/cli.py,f2d503ac1b82081079300a8c5038938112037337cb73cdcefba88885c6fb40aa,cab9bdbad9651b68bc00302fcfcec710ba9205496e9f17f3f4b285872d0aea8e,regression_safeguard,Fail-closed protocol reuse or evaluation-mode frame independence; original outputs retained.,KEEP_PUBLIC,cab9bdbad9651b68bc00302fcfcec710ba9205496e9f17f3f4b285872d0aea8e
experiments/04_model_comparison/src/trajectory_model_eval/common.py,76fc07e9c62b547a2f36847f86c79f10eb84bdb0bf0d23e080c4ee9c9e1ea8a1,76fc07e9c62b547a2f36847f86c79f10eb84bdb0bf0d23e080c4ee9c9e1ea8a1,unchanged,Original publication bytes retained.,KEEP_PUBLIC,76fc07e9c62b547a2f36847f86c79f10eb84bdb0bf0d23e080c4ee9c9e1ea8a1
experiments/04_model_comparison/src/trajectory_model_eval/evaluate.py,bc08536b5ce3287a223f13d6ab9802e6b6bb2b70c2dfa98d49cceac347a364aa,e6060b04b5449bd8710fdfb79686d5fb171198a8ab965c24c529bb6afa239949,regression_safeguard,Fail-closed protocol reuse or evaluation-mode frame independence; original outputs retained.,KEEP_PUBLIC,e6060b04b5449bd8710fdfb79686d5fb171198a8ab965c24c529bb6afa239949
experiments/04_model_comparison/src/trajectory_model_eval/extended_predictions.py,c5ae2dae9db1e4a57dd86aef350c0bc318bc8a7407390bf89ee8910a03b2625d,c5ae2dae9db1e4a57dd86aef350c0bc318bc8a7407390bf89ee8910a03b2625d,unchanged,Original publication bytes retained.,KEEP_PUBLIC,c5ae2dae9db1e4a57dd86aef350c0bc318bc8a7407390bf89ee8910a03b2625d
experiments/04_model_comparison/src/trajectory_model_eval/gpfa_pipeline.py,12e1bf66a19b2757dd7a90ef3b0b51035de6bc1039051fd85d4f06644258fecd,12e1bf66a19b2757dd7a90ef3b0b51035de6bc1039051fd85d4f06644258fecd,unchanged,Original publication bytes retained.,KEEP_PUBLIC,12e1bf66a19b2757dd7a90ef3b0b51035de6bc1039051fd85d4f06644258fecd
experiments/04_model_comparison/src/trajectory_model_eval/predictions.py,0c92252d422de806e970f1d44490bb90faa2403146727f7109234c343ded0a29,0c92252d422de806e970f1d44490bb90faa2403146727f7109234c343ded0a29,unchanged,Original publication bytes retained.,KEEP_PUBLIC,0c92252d422de806e970f1d44490bb90faa2403146727f7109234c343ded0a29
experiments/04_model_comparison/src/trajectory_model_eval/protocol.py,68fe1acc1b42c3289c1e22b7bcabac9568b28f260a6cfc7bb1907ef047555269,3c22bcc9dd58779f158024321fc939d0bbac39d53884b51239747f983e69ca46,regression_safeguard,Fail-closed protocol reuse or evaluation-mode frame independence; original outputs retained.,KEEP_PUBLIC,3c22bcc9dd58779f158024321fc939d0bbac39d53884b51239747f983e69ca46
experiments/04_model_comparison/src/trajectory_model_eval/question_analysis.py,1b8a39074b594bf6a82b2dad4b082be39c85e2b0fad69dfd75d594d49c453986,9d20d88517a16061c0e716bd49bc3ba8115529df2b5fe54f740e43dc20a19361,publication_adapter,"Public text generation, input/output routing, or bounded verification support.",EDIT_PUBLIC,0a9e715a29374574fe28b1cc05eeea274e8cab8ece832f929c0df393de1d6bc1
experiments/04_model_comparison/src/trajectory_model_eval/sensitivity.py,f7377cdc1eef50148d717a306ea6d0ef9b71e8d1a2df297fad42274d64b3bf4a,f7377cdc1eef50148d717a306ea6d0ef9b71e8d1a2df297fad42274d64b3bf4a,unchanged,Original publication bytes retained.,KEEP_PUBLIC,f7377cdc1eef50148d717a306ea6d0ef9b71e8d1a2df297fad42274d64b3bf4a
experiments/04_model_comparison/src/trajectory_model_eval/traditional.py,a1730e8deb652b082a88a60502c0bb93620b5f1bf8cc1f944e00ef698a632132,a1730e8deb652b082a88a60502c0bb93620b5f1bf8cc1f944e00ef698a632132,unchanged,Original publication bytes retained.,KEEP_PUBLIC,a1730e8deb652b082a88a60502c0bb93620b5f1bf8cc1f944e00ef698a632132
experiments/04_model_comparison/tests/test_extended.py,8ffd2a647f8b89a26531c4e6ce546c7ad7a39de2f2404507232e3e3c514f15da,8ffd2a647f8b89a26531c4e6ce546c7ad7a39de2f2404507232e3e3c514f15da,unchanged,Original publication bytes retained.,KEEP_PUBLIC,8ffd2a647f8b89a26531c4e6ce546c7ad7a39de2f2404507232e3e3c514f15da
experiments/04_model_comparison/tests/test_protocol.py,,71b91b3c2b7a415fbb38964879b29603997b3c8c3691b924604ceb194a5f34b4,regression_safeguard,Fail-closed protocol reuse or evaluation-mode frame independence; original outputs retained.,KEEP_PUBLIC,71b91b3c2b7a415fbb38964879b29603997b3c8c3691b924604ceb194a5f34b4
experiments/04_model_comparison/tests/test_question_analysis.py,957b8230504ddddc2d31a9a6c2f35560f330564840f20eb5d640bf608d856c07,957b8230504ddddc2d31a9a6c2f35560f330564840f20eb5d640bf608d856c07,unchanged,Original publication bytes retained.,KEEP_PUBLIC,957b8230504ddddc2d31a9a6c2f35560f330564840f20eb5d640bf608d856c07
experiments/04_model_comparison/tests/test_traditional.py,1c001eb95a0cee0381a80b4d49e0bf216d932fa981535a6547d69422e8381bb5,1c001eb95a0cee0381a80b4d49e0bf216d932fa981535a6547d69422e8381bb5,unchanged,Original publication bytes retained.,KEEP_PUBLIC,1c001eb95a0cee0381a80b4d49e0bf216d932fa981535a6547d69422e8381bb5
experiments/05_mental_pong/README.md,2a3990df6937013a4b3b9d0666c1037b1e7c2dfa1ca524d4b1e0fff22746d390,507ca6250cf288b1fe3fc738b28ecdff147e746018a5a826e228e489f4472094,editorial_revision,"Scientific wording, attribution, and reproducibility availability clarified.",EDIT_PUBLIC,6e16bf09ab2335c0a8132530d7638bab4c40d12505ea46eb4c37ab54e5cd4ecb
experiments/05_mental_pong/__init__.py,bbd6936143cdbceb028e1916b71e034f4724f3517d8e46c41e603bd18bfeae84,bbd6936143cdbceb028e1916b71e034f4724f3517d8e46c41e603bd18bfeae84,unchanged,Original publication bytes retained.,KEEP_PUBLIC,bbd6936143cdbceb028e1916b71e034f4724f3517d8e46c41e603bd18bfeae84
experiments/05_mental_pong/archive/HISTORY.md,91da8c4adde67489dfaf0a11c6b1c5a639e511bd97b15f5f8e21f962c6beb031,cef5b8b0cb398d74b44d81ace28ea8af787f8c0ad8a7d1408e8929dbfa2f5cac,editorial_revision,"Scientific wording, attribution, and reproducibility availability clarified.",EDIT_PUBLIC,91da8c4adde67489dfaf0a11c6b1c5a639e511bd97b15f5f8e21f962c6beb031
experiments/05_mental_pong/archive/README.md,ee50ffd468cd2c6dfd0a21d94db7455feca14e6e2192b1c7010a933d9e7bf025,ee50ffd468cd2c6dfd0a21d94db7455feca14e6e2192b1c7010a933d9e7bf025,unchanged,Original publication bytes retained.,KEEP_PUBLIC,ee50ffd468cd2c6dfd0a21d94db7455feca14e6e2192b1c7010a933d9e7bf025
experiments/05_mental_pong/configs/paths.example.json,b8f911d47aed957271449736bcbd2c13f817e9ef5ba139f3401731bce21ae6f7,b8f911d47aed957271449736bcbd2c13f817e9ef5ba139f3401731bce21ae6f7,unchanged,Original publication bytes retained.,KEEP_PUBLIC,b8f911d47aed957271449736bcbd2c13f817e9ef5ba139f3401731bce21ae6f7
experiments/05_mental_pong/data_pipeline.py,7908949b08fe7204220bcf72de92b1ca3745fb120af0d3d0c6fd6dfbcc200d4e,7908949b08fe7204220bcf72de92b1ca3745fb120af0d3d0c6fd6dfbcc200d4e,unchanged,Original publication bytes retained.,KEEP_PUBLIC,7908949b08fe7204220bcf72de92b1ca3745fb120af0d3d0c6fd6dfbcc200d4e
experiments/05_mental_pong/gpfa_config.json,234be5f0a8f766d166af40b6e7f386f0de6a006e3597bba71c0f1b1b230b9b36,234be5f0a8f766d166af40b6e7f386f0de6a006e3597bba71c0f1b1b230b9b36,unchanged,Original publication bytes retained.,KEEP_PUBLIC,234be5f0a8f766d166af40b6e7f386f0de6a006e3597bba71c0f1b1b230b9b36
experiments/05_mental_pong/gpfa_shared.py,afb3f397dac5a28884a351ee2b90bde613678cc5414e2c11467df8d97a74e97a,afb3f397dac5a28884a351ee2b90bde613678cc5414e2c11467df8d97a74e97a,unchanged,Original publication bytes retained.,KEEP_PUBLIC,afb3f397dac5a28884a351ee2b90bde613678cc5414e2c11467df8d97a74e97a
experiments/05_mental_pong/integration/INTEGRATION_SUMMARY.md,c6612a6a093b32b8dd44e4103620e2d3938b98b5b33eaa88a42aafec8eb2ca6f,eab7d067b38a13e744cbfdc4c1eee11d6735f9c36298f6e2ee18644c74b3d123,sanitized_technical_edition,Technical evidence retained with historical scope and current availability distinguished.,EDIT_PUBLIC,c6612a6a093b32b8dd44e4103620e2d3938b98b5b33eaa88a42aafec8eb2ca6f
experiments/05_mental_pong/integration/artifact_registry.csv,0eed8479214bb6ba865d1244d2bbacf6ebdd427d7d6dae4ccecabc7af1211dfe,a84856e3c2cdbc6334a74ebf3c265b8c0a59c7ff657964cd1d2163c2e042c3bc,sanitized_technical_edition,Technical evidence retained with historical scope and current availability distinguished.,EDIT_PUBLIC,0eed8479214bb6ba865d1244d2bbacf6ebdd427d7d6dae4ccecabc7af1211dfe
experiments/05_mental_pong/integration/code_portability_checks.json,31f9e2dd6f14c8507d8f13942caa6485f308d3ada50f6084b45871f54b5db63a,9c27ff91912d71347df5fc994270500a6adfa99b36836c69cd143983fd53965a,sanitized_technical_edition,Technical evidence retained with historical scope and current availability distinguished.,EDIT_PUBLIC,31f9e2dd6f14c8507d8f13942caa6485f308d3ada50f6084b45871f54b5db63a
experiments/05_mental_pong/integration/dependency_manifest.csv,97e4b6e8d01d28b319ff5bcde6645d31461ae8b366af3db6f306160fb417962a,2643e9bed8827b50994136a1360a801d0299f49e4fef0a767b0cee16c3da4922,sanitized_technical_edition,Technical evidence retained with historical scope and current availability distinguished.,EDIT_PUBLIC,97e4b6e8d01d28b319ff5bcde6645d31461ae8b366af3db6f306160fb417962a
experiments/05_mental_pong/integration/editorial_changes.md,8a24e049bd920e508c58b0eb1ca3ef1beee955cb44c43fe57c27cfe56a9e7934,,intentional_retirement,Internal workflow material excluded from distribution.,PRIVATE_ONLY,8a24e049bd920e508c58b0eb1ca3ef1beee955cb44c43fe57c27cfe56a9e7934
experiments/05_mental_pong/integration/figure_review.json,c263983c01a8531aac246f19b2e5a9e2c7b2e6035e3c13eaacb1a03dcff8dd65,bc703f642442cb225a513c560597553c70fa858441028562f19b0be7be66c3bf,sanitized_technical_edition,Technical evidence retained with historical scope and current availability distinguished.,EDIT_PUBLIC,c263983c01a8531aac246f19b2e5a9e2c7b2e6035e3c13eaacb1a03dcff8dd65
experiments/05_mental_pong/integration/language_audit.json,e9c00a4388ccfda509114cb264bb2815d5d838f2b0c9688aced2c41e3abb521b,fcfab238599ed54faed5a0c747ac4a95d7494d18a12a63ec0f44653bb9208acf,sanitized_technical_edition,Technical evidence retained with historical scope and current availability distinguished.,EDIT_PUBLIC,e9c00a4388ccfda509114cb264bb2815d5d838f2b0c9688aced2c41e3abb521b
experiments/05_mental_pong/integration/migration_map.csv,9d2972aada5187398e74dca26d872a0d01a063f0f1f3e447648c9340c87da772,90288acce1fdc4195dcd5e6df3e9631bf70d08039d704ad7b3c791cb7d752a2e,sanitized_technical_edition,Technical evidence retained with historical scope and current availability distinguished.,EDIT_PUBLIC,9d2972aada5187398e74dca26d872a0d01a063f0f1f3e447648c9340c87da772
experiments/05_mental_pong/integration/numerical_preservation.json,8da0bde6d904d4fcdf976348f6bec88a38b0d1c8991a62573f2c96cba66fb748,53e854d1993bd27b4450e0a5f99c95cb70055c986eccd4b6d07882cb1ddea7b5,sanitized_technical_edition,Technical evidence retained with historical scope and current availability distinguished.,EDIT_PUBLIC,8da0bde6d904d4fcdf976348f6bec88a38b0d1c8991a62573f2c96cba66fb748
experiments/05_mental_pong/integration/official_protocol_audit.json,e5c7fd1090cff6dd4d02d525b14056b16add36605d0918f6665c3b6784187d86,7762988fe4e2c719f9e832b4cf785e5e733bf0af70082d1ef378494c78cc80c5,sanitized_technical_edition,Technical evidence retained with historical scope and current availability distinguished.,EDIT_PUBLIC,e5c7fd1090cff6dd4d02d525b14056b16add36605d0918f6665c3b6784187d86
experiments/05_mental_pong/integration/official_source_audit.json,b993de260f36ee06acdcf4963ab7c25a041e2b8745b6817e44539318c39ad506,81bbf9932bc81bccb1f3a4dfad7515dd433d86d5383b2c77070fa1902281a3d2,sanitized_technical_edition,Technical evidence retained with historical scope and current availability distinguished.,EDIT_PUBLIC,b993de260f36ee06acdcf4963ab7c25a041e2b8745b6817e44539318c39ad506
experiments/05_mental_pong/integration/revision_20261003/baseline_checks.json,,2766bfca226792e42cfb71beadff78809af1fb1ce41a5d46beadfc592c541a56,sanitized_technical_edition,Technical evidence retained with historical scope and current availability distinguished.,EDIT_PUBLIC,b1e5f38ceae106e006d3be754bf999d6bc738e3f5cea5ad3daba2eb09eed0f25
experiments/05_mental_pong/integration/revision_20261003/data_rights_audit.json,,a81dfef0b18edd4b9ea98d85f07e9b0389b9f261828fa3298487a0371e9c4654,sanitized_technical_edition,Technical evidence retained with historical scope and current availability distinguished.,EDIT_PUBLIC,782eede3ea7365263874480a7b4af4042f9f7f17dd714e6b53b69a306b38a387
experiments/05_mental_pong/integration/revision_20261003/existing_mental_pong_tests.json,,ddb4ef3f8ef9e08f7a0a55390f9e97a2f7ea110972e62b050443fe40136f81cf,sanitized_technical_edition,Technical evidence retained with historical scope and current availability distinguished.,EDIT_PUBLIC,39b8f3d008929834c68854fcebb3d339c6dd09ca6879515333c778c5d1afcf54
experiments/05_mental_pong/integration/revision_20261003/mini_replay.json,,53879582809c531f0275d9d667d85fb88ae2715a03e9f9013fa37390df36b8d5,sanitized_technical_edition,Technical evidence retained with historical scope and current availability distinguished.,EDIT_PUBLIC,8dae5466d3e44cd33afe90f1cc57517831bbf078424f9a882805142d897852de
experiments/05_mental_pong/integration/revision_20261003/publication_map.csv,,,manifest_self,Explicit membership; recursive self-hash excluded.,EDIT_PUBLIC,8fb58741f05efd5a98a13d00bace20f29ef98b3f5955e2fbb4dada5b68a162c4
experiments/05_mental_pong/integration/revision_20261003/safeguards.json,,7b5cbd8eaa97b1dc748e3d071e59ab849ca241152754ed6edcc91fc824d95e1f,sanitized_technical_edition,Technical evidence retained with historical scope and current availability distinguished.,EDIT_PUBLIC,b626648724ab794a0d2e8e11a953783f59ad1dceb482a99f5cd03a703d697af5
experiments/05_mental_pong/integration/revision_20261003/scientific_preservation.json,,baf3b7d6fa646e795114a5af0e3918fdae96df725b90cfa484e07955ca4787a8,sanitized_technical_edition,Technical evidence retained with historical scope and current availability distinguished.,EDIT_PUBLIC,e4a91f384ca465c90ce52b2d9c24a341f837478726220db25a8411a2aec93c24
experiments/05_mental_pong/integration/revision_20261003/starting_state.json,,,intentional_retirement,Internal workflow material excluded from distribution.,PRIVATE_ONLY,0ab22b62260786e9ac3a24ed5065a31fb5c00d469bcc211666925462c4482754
experiments/05_mental_pong/integration/revision_20261003/verification.json,,1b394bc782d661aeec3d0fb36015a1d1525297654831befc42b4b0ad678ccb77,sanitized_technical_edition,Technical evidence retained with historical scope and current availability distinguished.,EDIT_PUBLIC,35aefb9ac11cac8fd1cd9cf8fddd7aa12aad8e1c43d1518a56cff69adc693329
experiments/05_mental_pong/integration/revision_20261003/writing_and_figures.json,,67e24a4af8d06c52b01cb96d7a9a8ac4932ba10b8ed4170120ad272a16050a72,sanitized_technical_edition,Technical evidence retained with historical scope and current availability distinguished.,EDIT_PUBLIC,e088bef143dc7c1945b5cc4b70db7dba2e6455105e4d15543dd00aab8e46b01d
experiments/05_mental_pong/integration/saved_replay_verification.json,0d42bc4d30ac35e2655cece33163e674491be18302fd6375985957ee87ecf17a,0d42bc4d30ac35e2655cece33163e674491be18302fd6375985957ee87ecf17a,unchanged,Original publication bytes retained.,KEEP_PUBLIC,0d42bc4d30ac35e2655cece33163e674491be18302fd6375985957ee87ecf17a
experiments/05_mental_pong/integration/sensorium_editorial_verification.json,e920410d956904ed23d0d3151597b99e88ba44b04258b4b1c95aaee9964a46da,190a4f37bd01b1b8036fcdbba3254795ed0cb7047fcb32a398ad145c271f0846,sanitized_technical_edition,Technical evidence retained with historical scope and current availability distinguished.,EDIT_PUBLIC,e920410d956904ed23d0d3151597b99e88ba44b04258b4b1c95aaee9964a46da
experiments/05_mental_pong/integration/verification.json,2a35a600951f6fb86dbf3890b36403255407f0ecc0c789946d84dddcdd3a6d3a,e1276b682cbf1c297a19119531e76aea9db92279c4ec5c1115c0733519c730ce,sanitized_technical_edition,Technical evidence retained with historical scope and current availability distinguished.,EDIT_PUBLIC,2a35a600951f6fb86dbf3890b36403255407f0ecc0c789946d84dddcdd3a6d3a
experiments/05_mental_pong/mini_replay/README.md,,74044af5c42a4f730e1a28ef386153f64dafcca5b5674dace36ac51b8f84185f,editorial_revision,"Scientific wording, attribution, and reproducibility availability clarified.",EDIT_PUBLIC,66e70a0487110333d3625c7b74c70e0e6cd693feeb818d192f619c57c8de2fa0
experiments/05_mental_pong/mini_replay/__init__.py,,92b807b1a544cbd432bc922dd57a9f3bfdc6595a4f0b4be554e9c73d4fdc4c2d,mini_replay,Genuine saved-feature replay or verified export; no new scientific experiment.,KEEP_PUBLIC,92b807b1a544cbd432bc922dd57a9f3bfdc6595a4f0b4be554e9c73d4fdc4c2d
experiments/05_mental_pong/mini_replay/dependencies.csv,,88c192d0cc71002e356e362c83e5b41f11677e5a12f34c59b7d66e6749bf18ef,mini_replay,Genuine saved-feature replay or verified export; no new scientific experiment.,KEEP_PUBLIC,88c192d0cc71002e356e362c83e5b41f11677e5a12f34c59b7d66e6749bf18ef
experiments/05_mental_pong/mini_replay/manifest.json,,ccc80f0b08f361b2d5438357433f24b300758f5eca68e8e42cde8ae4526cede6,mini_replay,Genuine saved-feature replay or verified export; no new scientific experiment.,KEEP_PUBLIC,ccc80f0b08f361b2d5438357433f24b300758f5eca68e8e42cde8ae4526cede6
experiments/05_mental_pong/mini_replay/replay.py,,5ccde9a82d87edd873eea85eb6ecc2687737796a90c39833f7ec3afbeb36986a,mini_replay,Genuine saved-feature replay or verified export; no new scientific experiment.,KEEP_PUBLIC,5ccde9a82d87edd873eea85eb6ecc2687737796a90c39833f7ec3afbeb36986a
experiments/05_mental_pong/mini_replay/requirements-refit.txt,,1a0ecb1e1e7d9cb0ec2de8608ababeb8bd281d5d6b2a98ed64dcfe57760b11fc,mini_replay,Genuine saved-feature replay or verified export; no new scientific experiment.,KEEP_PUBLIC,1a0ecb1e1e7d9cb0ec2de8608ababeb8bd281d5d6b2a98ed64dcfe57760b11fc
experiments/05_mental_pong/mini_replay/requirements.txt,,e77e7045d01a9431264f9262c6b199d8e7988c139276a5266a3cf689588ad66e,mini_replay,Genuine saved-feature replay or verified export; no new scientific experiment.,KEEP_PUBLIC,e77e7045d01a9431264f9262c6b199d8e7988c139276a5266a3cf689588ad66e
experiments/05_mental_pong/mini_replay/tests/conftest.py,,be5fad0066dd935c9f340d96697188682238c5b851d8de5baa18600a7ccce554,mini_replay,Genuine saved-feature replay or verified export; no new scientific experiment.,KEEP_PUBLIC,be5fad0066dd935c9f340d96697188682238c5b851d8de5baa18600a7ccce554
experiments/05_mental_pong/mini_replay/tests/test_export_contract.py,,fbfac63a9976c1107f3f9c486c100448c48396e03f52216115ac0d87f2734def,publication_adapter,"Public text generation, input/output routing, or bounded verification support.",EDIT_PUBLIC,46bb515a41f1072d6b951a7e1c4194fd88a26948dfab4a8f0f9682175d11990f
experiments/05_mental_pong/mini_replay/tests/test_replay.py,,49f1504c5f3c8e8812a703dbddd8e9d034b35385cc4ac159d7f3228a0a64f566,mini_replay,Genuine saved-feature replay or verified export; no new scientific experiment.,KEEP_PUBLIC,49f1504c5f3c8e8812a703dbddd8e9d034b35385cc4ac159d7f3228a0a64f566
experiments/05_mental_pong/requirements.lock.txt,41b7f3dfa7a1ec84dd85ceebf130410fdad4d6afd39fdf31d2e83c300bd2fb52,41b7f3dfa7a1ec84dd85ceebf130410fdad4d6afd39fdf31d2e83c300bd2fb52,unchanged,Original publication bytes retained.,KEEP_PUBLIC,41b7f3dfa7a1ec84dd85ceebf130410fdad4d6afd39fdf31d2e83c300bd2fb52
experiments/05_mental_pong/revision_manifest.py,,727442a6f0f4cdf85704c3cb9d8d8f0e3b2fc8e449364338ca0f3a9e4104c6a4,publication_adapter,"Public text generation, input/output routing, or bounded verification support.",EDIT_PUBLIC,f54f3537a4cfc6dbf99cdf910896c523e9377c081a4234060930033e066c3d0f
experiments/05_mental_pong/run.py,5f4b0c4d197dc228e2e6df90708f68f752436ed65243382727aad05140abc86b,5cce6bf96dea4cf347d4b1d7954aa4f6f2a8e0894230cadd32021b29bd78ff09,publication_adapter,"Public text generation, input/output routing, or bounded verification support.",EDIT_PUBLIC,51d294e907779143b35a75ecba2e7fe95ab98dae3a9f08e0da57fc6b15dd9536
experiments/05_mental_pong/scripts/export_mini_replay.py,,3d73611e6272a53335f0da1671049be3fac526567dbf2cd80af36baa9f69ba4b,publication_adapter,"Public text generation, input/output routing, or bounded verification support.",EDIT_PUBLIC,e30434fc90ab795aaf190834b4ce558a8cd4307ff4878c9fadfaa7702eb58621
experiments/05_mental_pong/tests/test_integration.py,18051619722b6ae4a15b32e88cefa95c333956937b5fc69845bc484dd1e06adc,18051619722b6ae4a15b32e88cefa95c333956937b5fc69845bc484dd1e06adc,unchanged,Original publication bytes retained.,KEEP_PUBLIC,18051619722b6ae4a15b32e88cefa95c333956937b5fc69845bc484dd1e06adc
experiments/05_mental_pong/tests/test_publication_scope.py,,da30d353a139fdf19171cdd47111efe4df1744546f44933dd9f30cb2664346a2,publication_adapter,"Public text generation, input/output routing, or bounded verification support.",EDIT_PUBLIC,
experiments/05_mental_pong/tests/test_revision_manifest.py,,d7391872ba0293d34a4b5a9a6283916e8914afbc07497c4cc2f25550a99c47cb,publication_adapter,"Public text generation, input/output routing, or bounded verification support.",EDIT_PUBLIC,9add1a3a25cb32f9ba49ff4aa6aa0ef03ba2b78435097a27d9d5cedcd016b263
experiments/05_mental_pong/trajectory_project/__init__.py,bbd6936143cdbceb028e1916b71e034f4724f3517d8e46c41e603bd18bfeae84,bbd6936143cdbceb028e1916b71e034f4724f3517d8e46c41e603bd18bfeae84,unchanged,Original publication bytes retained.,KEEP_PUBLIC,bbd6936143cdbceb028e1916b71e034f4724f3517d8e46c41e603bd18bfeae84
experiments/05_mental_pong/trajectory_project/_dependencies.py,4152a8c37e00d3ca6e5aea19151d07be86535d189e5af52a249d33f3876480c4,4152a8c37e00d3ca6e5aea19151d07be86535d189e5af52a249d33f3876480c4,unchanged,Original publication bytes retained.,KEEP_PUBLIC,4152a8c37e00d3ca6e5aea19151d07be86535d189e5af52a249d33f3876480c4
experiments/05_mental_pong/trajectory_project/closeout_v1/FINAL_REPORT.md,623b8baa518b005a4e842bf650740c549325aabf0c569e228013ba21b5fc1f81,ba2ed8af8e092880ac12fbebc67384d07c919ccdcf12eb159f800394f529b765,editorial_revision,"Scientific wording, attribution, and reproducibility availability clarified.",EDIT_PUBLIC,7d4d98ed226ac25fdfd2ac722de2e30eea6bcda1188cd1d5424d785c631b3119
experiments/05_mental_pong/trajectory_project/closeout_v1/FINAL_SUMMARY.md,abc67eae0e97969440759da10fe761ff63d44ac7fee3928e778013ad2f8e6a40,4127387fdb1adb616fba6d7de62b01cb7cc8283ed00480b6fae8340393a79232,editorial_revision,"Scientific wording, attribution, and reproducibility availability clarified.",EDIT_PUBLIC,f577588be1a193b4e0dd1283bbe84314f02ab5eeee88e04b4f6710044e481990
experiments/05_mental_pong/trajectory_project/closeout_v1/README.md,8f304ed234161024db5828066ccd541282a057545a1df9c099bea70785661ff5,ea0683523dbca8bedaa32cade58c34aa1dcc1d7f459de00f016547bbfa174252,editorial_revision,"Scientific wording, attribution, and reproducibility availability clarified.",EDIT_PUBLIC,8349dfa47b5634748ed020112b4f0c7af14f24c0a0e3aacac3ff7655fff41c67
experiments/05_mental_pong/trajectory_project/closeout_v1/SOURCES.md,bf7ddfd234064a48d8c499ad3f8cc1e1bc34b6b99d2613a792fdb58bdfd0a9c3,444411b8c9fc47e5d55562554610a161922aca0fae1fbfaf6f8f47d130623f66,editorial_revision,"Scientific wording, attribution, and reproducibility availability clarified.",EDIT_PUBLIC,37aad41b04eaf2286fc26641ddbc9be4cbd7c157294f9253ab5a6f6dde1816b7
experiments/05_mental_pong/trajectory_project/closeout_v1/__init__.py,bbd6936143cdbceb028e1916b71e034f4724f3517d8e46c41e603bd18bfeae84,bbd6936143cdbceb028e1916b71e034f4724f3517d8e46c41e603bd18bfeae84,unchanged,Original publication bytes retained.,KEEP_PUBLIC,bbd6936143cdbceb028e1916b71e034f4724f3517d8e46c41e603bd18bfeae84
experiments/05_mental_pong/trajectory_project/closeout_v1/closeout_setup.py,6076916a1c63060db3aa215eeef0f74b3e8f3558abbbce7366dc5320a539862d,6076916a1c63060db3aa215eeef0f74b3e8f3558abbbce7366dc5320a539862d,unchanged,Original publication bytes retained.,KEEP_PUBLIC,6076916a1c63060db3aa215eeef0f74b3e8f3558abbbce7366dc5320a539862d
experiments/05_mental_pong/trajectory_project/closeout_v1/configs/b_fixed_head_protocol.json,1acff12c0fa8e4b493bd9c1c91be5a924eaf408bd809d283df4b5d8710ae62db,1acff12c0fa8e4b493bd9c1c91be5a924eaf408bd809d283df4b5d8710ae62db,unchanged,Original publication bytes retained.,KEEP_PUBLIC,1acff12c0fa8e4b493bd9c1c91be5a924eaf408bd809d283df4b5d8710ae62db
experiments/05_mental_pong/trajectory_project/closeout_v1/configs/b_mapping_lock.json,5f5d3a425ef06a42c08b6863fa734c4eb082f52ca4d9b2ba4d2fdc29fe47d661,5f5d3a425ef06a42c08b6863fa734c4eb082f52ca4d9b2ba4d2fdc29fe47d661,unchanged,Original publication bytes retained.,KEEP_PUBLIC,5f5d3a425ef06a42c08b6863fa734c4eb082f52ca4d9b2ba4d2fdc29fe47d661
experiments/05_mental_pong/trajectory_project/closeout_v1/configs/c_endpoint_lock.json,b306fa063ede76524eefc0acd2bb77bcbdb835daca15352d2a0e7cd4e4e46b16,b306fa063ede76524eefc0acd2bb77bcbdb835daca15352d2a0e7cd4e4e46b16,unchanged,Original publication bytes retained.,KEEP_PUBLIC,b306fa063ede76524eefc0acd2bb77bcbdb835daca15352d2a0e7cd4e4e46b16
experiments/05_mental_pong/trajectory_project/closeout_v1/configs/c_endpoint_protocol.json,76a7c35822491c61e9fecc5ecaa87b52a43fc430840c28644e902aa1bf2128e1,76a7c35822491c61e9fecc5ecaa87b52a43fc430840c28644e902aa1bf2128e1,unchanged,Original publication bytes retained.,KEEP_PUBLIC,76a7c35822491c61e9fecc5ecaa87b52a43fc430840c28644e902aa1bf2128e1
experiments/05_mental_pong/trajectory_project/closeout_v1/configs/closeout_protocol.json,fb9528444f7a5d419dda2fdb55ca6fadc41e57d8e61e10be21d055119a2ceb21,fb9528444f7a5d419dda2fdb55ca6fadc41e57d8e61e10be21d055119a2ceb21,unchanged,Original publication bytes retained.,KEEP_PUBLIC,fb9528444f7a5d419dda2fdb55ca6fadc41e57d8e61e10be21d055119a2ceb21
experiments/05_mental_pong/trajectory_project/closeout_v1/configs/condition_splits_100.json,dbd9f694ec190d046b1d000b31c5196ca41661df8d539ea17fa6b5ecf7c196f0,dbd9f694ec190d046b1d000b31c5196ca41661df8d539ea17fa6b5ecf7c196f0,unchanged,Original publication bytes retained.,KEEP_PUBLIC,dbd9f694ec190d046b1d000b31c5196ca41661df8d539ea17fa6b5ecf7c196f0
experiments/05_mental_pong/trajectory_project/closeout_v1/configs/protocol_lock.json,f413c470b12bb5a50458b71577af5c31248b425864b6318e2d47487b632fc1d4,f413c470b12bb5a50458b71577af5c31248b425864b6318e2d47487b632fc1d4,unchanged,Original publication bytes retained.,KEEP_PUBLIC,f413c470b12bb5a50458b71577af5c31248b425864b6318e2d47487b632fc1d4
experiments/05_mental_pong/trajectory_project/closeout_v1/descriptive_audit.py,f68a7d22e218bc9b4e25f186957814a2ef66ef8bda2ea1a6cabd05625695a61c,db1ad9d1f5f3bf368ce1b5188bbb98668187f8be564de2e556f23455d766e079,publication_adapter,"Public text generation, input/output routing, or bounded verification support.",EDIT_PUBLIC,e761138201232261375a8498007f8fe344b4359b3f661c68da7e5500cd60f892
experiments/05_mental_pong/trajectory_project/closeout_v1/experiment_ledger.md,e6a4d4de04738bf2ca215046a35e0be02d0c5c5929886f501dfd34a890415372,16c541481b302f60109c18bbf2a17d3dd7a7b90cdbcc3dcfbf825896849d3acb,editorial_revision,"Scientific wording, attribution, and reproducibility availability clarified.",EDIT_PUBLIC,e6a4d4de04738bf2ca215046a35e0be02d0c5c5929886f501dfd34a890415372
experiments/05_mental_pong/trajectory_project/closeout_v1/figures/A_own_reconstruction.png,b49369fc2a655764dba2a121cfacfb2529a539bf3cef3f0c062903dc5a4c3abe,b49369fc2a655764dba2a121cfacfb2529a539bf3cef3f0c062903dc5a4c3abe,unchanged,Original publication bytes retained.,KEEP_PUBLIC,b49369fc2a655764dba2a121cfacfb2529a539bf3cef3f0c062903dc5a4c3abe
experiments/05_mental_pong/trajectory_project/closeout_v1/figures/A_paired_differences.png,e760e3ddfabf01e65e02ec9206ffbe7c7ca8868fc91384231f5a9c6087a238a8,de5efa44a5fa0b587fdb8d8539f674908fb4f38e4064a5d6bf580e2f994622a3,presentation_render,Figure text and layout from preserved scientific values.,EDIT_PUBLIC,e760e3ddfabf01e65e02ec9206ffbe7c7ca8868fc91384231f5a9c6087a238a8
experiments/05_mental_pong/trajectory_project/closeout_v1/figures/B_paired_null_distributions.png,37fe89a27c8d234a9d6385f631398fb39fa3e2c47a2a55dee53161167d597ff3,4b59105965344496485a183cbcf4bac16ed7f81e22fcbe9234cd5dab53b60aa3,presentation_render,Figure text and layout from preserved scientific values.,EDIT_PUBLIC,37fe89a27c8d234a9d6385f631398fb39fa3e2c47a2a55dee53161167d597ff3
experiments/05_mental_pong/trajectory_project/closeout_v1/figures/C_full_null_distributions.png,892a3b7977ac07954581c5423f84a3a5e6e7b5087fd49c165e2c15cb7df7caa0,5dfd8fccfb5bc1ef831b410e0314080a192355c2ab2cb088c7765ca255517623,presentation_render,Figure text and layout from preserved scientific values.,EDIT_PUBLIC,892a3b7977ac07954581c5423f84a3a5e6e7b5087fd49c165e2c15cb7df7caa0
experiments/05_mental_pong/trajectory_project/closeout_v1/figures/C_phase_null_scores.png,84c024ed1b52742b5c8bbbf521a89abb8154069d2d99cff58d944043e6d1df06,96f45caea7176dc3e19597b655a91c32f9363cf4c3d65bddb983a45c7609b0f5,presentation_render,Figure text and layout from preserved scientific values.,EDIT_PUBLIC,84c024ed1b52742b5c8bbbf521a89abb8154069d2d99cff58d944043e6d1df06
experiments/05_mental_pong/trajectory_project/closeout_v1/figures/descriptive/all79_condition_heterogeneity.png,abb3f14d7018a87f2f453af986e6290c1aef9c21066aaa5f00dc6db976d15653,dd83d122668bd9547879898b787957e7998b07ef2ebaa91be73fb2df9f62a2c5,presentation_render,Figure text and layout from preserved scientific values.,EDIT_PUBLIC,f168c877057953a6502edd50b8b4f48fd311a9e98bd51901863ce927bfecb1a3
experiments/05_mental_pong/trajectory_project/closeout_v1/figures/descriptive/all79_condition_heterogeneity_part_1.png,,61d81eaafa63ee5a38d06a7b8dae3638e6e7091523d8fa4e29be5236792dbb1c,presentation_render,Figure text and layout from preserved scientific values.,EDIT_PUBLIC,
experiments/05_mental_pong/trajectory_project/closeout_v1/figures/descriptive/all79_condition_heterogeneity_part_2.png,,1681f3546d37f41d451fe9c2e579a4da9a98a179cadd333b97b144efdb08594a,presentation_render,Figure text and layout from preserved scientific values.,EDIT_PUBLIC,
experiments/05_mental_pong/trajectory_project/closeout_v1/figures/descriptive/all79_condition_heterogeneity_part_3.png,,40597250ba7c704e6e59f786d400fcc9c3098c26c354df05e807908e30bc62b4,presentation_render,Figure text and layout from preserved scientific values.,EDIT_PUBLIC,
experiments/05_mental_pong/trajectory_project/closeout_v1/figures/descriptive/all79_condition_heterogeneity_part_4.png,,a501583b89f3587172a9ad00c9cbc029a850a96bc3d29dcb5656ffdae9a947e9,presentation_render,Figure text and layout from preserved scientific values.,EDIT_PUBLIC,
experiments/05_mental_pong/trajectory_project/closeout_v1/figures/descriptive/endpoint_mean_cancellation.png,645a53ae1d7a5a95e06bd3c7bb6a737b51e1a8881bf83d9e0ad6e2e977ab0045,6c68ac394dee3a4b81190e815de8ba7a77e2e7f038ed7e1c495d20513044c8f9,presentation_render,Rerendered from saved scientific values with revised English labels and layout.,KEEP_PUBLIC,6c68ac394dee3a4b81190e815de8ba7a77e2e7f038ed7e1c495d20513044c8f9
experiments/05_mental_pong/trajectory_project/closeout_v1/figures/descriptive/mahler_fixed_posthoc_four_curves.png,cbd2701812bbead131c5c241086784f6f869682ec4f164d5e98635a9b5e0f1b7,d49591f5d01a3da281960c9f3f7ea5136fade3b32de3b8e0b0f8eb87de4692f0,presentation_render,Rerendered from saved scientific values with revised English labels and layout.,KEEP_PUBLIC,d49591f5d01a3da281960c9f3f7ea5136fade3b32de3b8e0b0f8eb87de4692f0
experiments/05_mental_pong/trajectory_project/closeout_v1/figures/descriptive/perle_fixed_posthoc_four_curves.png,955080984fea6764a74d2150e09104a3e6444c7c8e00523dd19633f67a29257e,87624096c83093e4bf1a07e034750fb9cf442ea48c1c429b60dcc509d70a8c33,presentation_render,Rerendered from saved scientific values with revised English labels and layout.,KEEP_PUBLIC,87624096c83093e4bf1a07e034750fb9cf442ea48c1c429b60dcc509d70a8c33
experiments/05_mental_pong/trajectory_project/closeout_v1/final_audit.py,4e8bccd7859e8cad096c60560182bdb4604152b5aa066f532588dd4d740d12f9,4e8bccd7859e8cad096c60560182bdb4604152b5aa066f532588dd4d740d12f9,unchanged,Original publication bytes retained.,KEEP_PUBLIC,4e8bccd7859e8cad096c60560182bdb4604152b5aa066f532588dd4d740d12f9
experiments/05_mental_pong/trajectory_project/closeout_v1/future_design.md,a559af8949b20b4c9c57d4416f0280b53cb1cc2ef68f505552b52d808e96f96a,90ab496367a6ec66f4349d97fa6e6ab06bcd2811664445af7ce41f07285a832a,editorial_revision,"Scientific wording, attribution, and reproducibility availability clarified.",EDIT_PUBLIC,a559af8949b20b4c9c57d4416f0280b53cb1cc2ef68f505552b52d808e96f96a
experiments/05_mental_pong/trajectory_project/closeout_v1/manifest.json,4a1337c13eb470703f3e7849603cceb70e3ec82ffef5bef11a17dcb92fee970c,f7830cc41398f5130452893e648eb0dc952c7bf315391f50649f3896b54475af,editorial_revision,"Scientific wording, attribution, and reproducibility availability clarified.",EDIT_PUBLIC,4a1337c13eb470703f3e7849603cceb70e3ec82ffef5bef11a17dcb92fee970c
experiments/05_mental_pong/trajectory_project/closeout_v1/null_condition.py,417e142d06f3f53dd1a0c8098e7ed9797f1ed826fa66db599e896b8d2fc9c8f3,417e142d06f3f53dd1a0c8098e7ed9797f1ed826fa66db599e896b8d2fc9c8f3,unchanged,Original publication bytes retained.,KEEP_PUBLIC,417e142d06f3f53dd1a0c8098e7ed9797f1ed826fa66db599e896b8d2fc9c8f3
experiments/05_mental_pong/trajectory_project/closeout_v1/null_endpoint.py,71c5b104156ade4f772f7c6fdef528669aebc92882767adf56f5ab5263d553a6,5577b466182caf3dae52c0edcabb4a3bc3e18edf8beb68c033170fe53be8fbb2,publication_adapter,"Public text generation, input/output routing, or bounded verification support.",EDIT_PUBLIC,71c5b104156ade4f772f7c6fdef528669aebc92882767adf56f5ab5263d553a6
experiments/05_mental_pong/trajectory_project/closeout_v1/plot_closeout.py,687d6019422f25b5a134a99519882a88a989ba4c3ea5545efbca250ab6dc1fc1,ec116539fbfd70587f59499c6bb9589b644aa1c6160417564118e53ac7d1a1be,publication_adapter,"Public text generation, input/output routing, or bounded verification support.",EDIT_PUBLIC,687d6019422f25b5a134a99519882a88a989ba4c3ea5545efbca250ab6dc1fc1
experiments/05_mental_pong/trajectory_project/closeout_v1/replay_a.py,11b2a74a80e49a6f78af8b4bad2d305cd216e2b32275dd3e6c73b7abeee2fc9d,3e7a4ea1b4f8b2833afe6d4057288d3593ebf9bca0c03dcf44af7be9e539e177,publication_adapter,"Public text generation, input/output routing, or bounded verification support.",EDIT_PUBLIC,11b2a74a80e49a6f78af8b4bad2d305cd216e2b32275dd3e6c73b7abeee2fc9d
experiments/05_mental_pong/trajectory_project/closeout_v1/report_closeout.py,ca537af48f40ee311f91d6eb15cdfeedaee12d1bd7a4591df1a3fcfb0bacaf5d,52dfe770f774f5d35e010824211dc1c47315e92b60e7d760c104af29d27e1837,publication_adapter,"Public text generation, input/output routing, or bounded verification support.",EDIT_PUBLIC,0d523fac0f47486c66c7d2773eda97a9a16d289dea52cedc1598321e5cb5810d
experiments/05_mental_pong/trajectory_project/closeout_v1/results/A/binwise_reconstruction.csv,a76d21abd6a87f4af41a6eb7eaad4e23ca42d0335e8f1f3a6928b8987e4d1d99,a76d21abd6a87f4af41a6eb7eaad4e23ca42d0335e8f1f3a6928b8987e4d1d99,unchanged,Original publication bytes retained.,KEEP_PUBLIC,a76d21abd6a87f4af41a6eb7eaad4e23ca42d0335e8f1f3a6928b8987e4d1d99
experiments/05_mental_pong/trajectory_project/closeout_v1/results/A/condition_cross_summary.csv,6f87c2513bb0105fd02e57028116d1941ac3f65f7ae74529be2147d31ee645e1,6f87c2513bb0105fd02e57028116d1941ac3f65f7ae74529be2147d31ee645e1,unchanged,Original publication bytes retained.,KEEP_PUBLIC,6f87c2513bb0105fd02e57028116d1941ac3f65f7ae74529be2147d31ee645e1
experiments/05_mental_pong/trajectory_project/closeout_v1/results/A/condition_label_coverage.csv,40a77cd2e554e1cd0c10e67560df5694088aff96300cdf4800b39ef68432eed2,11f79aaf382dd75e0fc25e0f6f7d71c46838a021e7f481f4fc0187d208a83386,sanitized_technical_edition,Coverage and descriptive edition omits endpoint target labels; every retained field is unchanged.,EDIT_PUBLIC,40a77cd2e554e1cd0c10e67560df5694088aff96300cdf4800b39ef68432eed2
experiments/05_mental_pong/trajectory_project/closeout_v1/results/A/condition_self_comparison.csv,b525503ad65cfa1aa8fe038f9005ca5bdaf0cff3ec53ab9cfa3108b84ee272e3,b525503ad65cfa1aa8fe038f9005ca5bdaf0cff3ec53ab9cfa3108b84ee272e3,unchanged,Original publication bytes retained.,KEEP_PUBLIC,b525503ad65cfa1aa8fe038f9005ca5bdaf0cff3ec53ab9cfa3108b84ee272e3
experiments/05_mental_pong/trajectory_project/closeout_v1/results/A/contrast_summary.csv,758342d80f5af7d441ada1ec152c179fe39aeee4e373f51a10373d76b47498a3,758342d80f5af7d441ada1ec152c179fe39aeee4e373f51a10373d76b47498a3,unchanged,Original publication bytes retained.,KEEP_PUBLIC,758342d80f5af7d441ada1ec152c179fe39aeee4e373f51a10373d76b47498a3
experiments/05_mental_pong/trajectory_project/closeout_v1/results/A/cross_2x2_summary.csv,dd8dda46234088cabee49f4bc56d2da7a4faaba2ca52285df71156c9100a3f6a,dd8dda46234088cabee49f4bc56d2da7a4faaba2ca52285df71156c9100a3f6a,unchanged,Original publication bytes retained.,KEEP_PUBLIC,dd8dda46234088cabee49f4bc56d2da7a4faaba2ca52285df71156c9100a3f6a
experiments/05_mental_pong/trajectory_project/closeout_v1/results/A/previous_trial_version_comparison.csv,2a391b7bedc6980f7d83d403374203a822482ffdae3c24b5e5acee07a88564ac,2a391b7bedc6980f7d83d403374203a822482ffdae3c24b5e5acee07a88564ac,unchanged,Original publication bytes retained.,KEEP_PUBLIC,2a391b7bedc6980f7d83d403374203a822482ffdae3c24b5e5acee07a88564ac
experiments/05_mental_pong/trajectory_project/closeout_v1/results/A/replay_audit.json,c57d1e66d524d8a766c228317c82d65b7f0e3ad080ef7405e47c2039fa10c74d,65d79f7251561c369f3035a5b473ead493e8e3e52a9f701b8f1ade61b2722780,editorial_revision,"Scientific wording, attribution, and reproducibility availability clarified.",EDIT_PUBLIC,c57d1e66d524d8a766c228317c82d65b7f0e3ad080ef7405e47c2039fa10c74d
experiments/05_mental_pong/trajectory_project/closeout_v1/results/A/round_contrasts.csv,b6bd7ab05f1aaa2baf490a738687921089e91b2b9acf0105eb0b965616f893fd,b6bd7ab05f1aaa2baf490a738687921089e91b2b9acf0105eb0b965616f893fd,unchanged,Original publication bytes retained.,KEEP_PUBLIC,b6bd7ab05f1aaa2baf490a738687921089e91b2b9acf0105eb0b965616f893fd
experiments/05_mental_pong/trajectory_project/closeout_v1/results/A/round_cross_2x2.csv,e7b66b8b1db8a728b8bdad353d82bc640d7ee2449f34f8024fd74e1cfbfc7323,e7b66b8b1db8a728b8bdad353d82bc640d7ee2449f34f8024fd74e1cfbfc7323,unchanged,Original publication bytes retained.,KEEP_PUBLIC,e7b66b8b1db8a728b8bdad353d82bc640d7ee2449f34f8024fd74e1cfbfc7323
experiments/05_mental_pong/trajectory_project/closeout_v1/results/A/round_self_metrics.csv,5ad307c765addafe05511cb507ffb7974095f3465c74b21caa8c42e4b4a636f5,5ad307c765addafe05511cb507ffb7974095f3465c74b21caa8c42e4b4a636f5,unchanged,Original publication bytes retained.,KEEP_PUBLIC,5ad307c765addafe05511cb507ffb7974095f3465c74b21caa8c42e4b4a636f5
experiments/05_mental_pong/trajectory_project/closeout_v1/results/A/self_reconstruction_main_table.csv,b6e0bc7f89b53dae5678087a6fa061a88fd5319b7d6f89b5d845c2ee3619a9bf,b6e0bc7f89b53dae5678087a6fa061a88fd5319b7d6f89b5d845c2ee3619a9bf,unchanged,Original publication bytes retained.,KEEP_PUBLIC,b6e0bc7f89b53dae5678087a6fa061a88fd5319b7d6f89b5d845c2ee3619a9bf
experiments/05_mental_pong/trajectory_project/closeout_v1/results/B/B_coverage_summary.csv,4c03c5eddc9eafe9130d99432f36a3c2d1a614e9418a55928e99905720693246,4c03c5eddc9eafe9130d99432f36a3c2d1a614e9418a55928e99905720693246,unchanged,Original publication bytes retained.,KEEP_PUBLIC,4c03c5eddc9eafe9130d99432f36a3c2d1a614e9418a55928e99905720693246
experiments/05_mental_pong/trajectory_project/closeout_v1/results/B/B_mapping_audit.csv,a259232479c7e60699061693a1d8f7b1a52b5d41f0cea2042cffe4f14ceacfa4,a259232479c7e60699061693a1d8f7b1a52b5d41f0cea2042cffe4f14ceacfa4,unchanged,Original publication bytes retained.,KEEP_PUBLIC,a259232479c7e60699061693a1d8f7b1a52b5d41f0cea2042cffe4f14ceacfa4
experiments/05_mental_pong/trajectory_project/closeout_v1/results/B/B_observed_full_support.csv,9df70a8338bf14d8b1a203ae6ed5f921b6fc5a17a9b43e9248ce4646b3235f72,9df70a8338bf14d8b1a203ae6ed5f921b6fc5a17a9b43e9248ce4646b3235f72,unchanged,Original publication bytes retained.,KEEP_PUBLIC,9df70a8338bf14d8b1a203ae6ed5f921b6fc5a17a9b43e9248ce4646b3235f72
experiments/05_mental_pong/trajectory_project/closeout_v1/results/B/B_outputs.json,ff2e3205d19375babb8c1c608e054cdef468e1c02d904b6b2f4c9ca495e014e7,ff2e3205d19375babb8c1c608e054cdef468e1c02d904b6b2f4c9ca495e014e7,unchanged,Original publication bytes retained.,KEEP_PUBLIC,ff2e3205d19375babb8c1c608e054cdef468e1c02d904b6b2f4c9ca495e014e7
experiments/05_mental_pong/trajectory_project/closeout_v1/results/B/B_summary.csv,9affe3502f0186702959f1076f5510aeb2fce5159668f3305f1cea2e341b6016,9affe3502f0186702959f1076f5510aeb2fce5159668f3305f1cea2e341b6016,unchanged,Original publication bytes retained.,KEEP_PUBLIC,9affe3502f0186702959f1076f5510aeb2fce5159668f3305f1cea2e341b6016
experiments/05_mental_pong/trajectory_project/closeout_v1/results/B/B_validation.json,3cd6c840ec5cfa944b576780c3af48e460c55cf901a8582741e8c13ee0a300f8,3cd6c840ec5cfa944b576780c3af48e460c55cf901a8582741e8c13ee0a300f8,unchanged,Original publication bytes retained.,KEEP_PUBLIC,3cd6c840ec5cfa944b576780c3af48e460c55cf901a8582741e8c13ee0a300f8
experiments/05_mental_pong/trajectory_project/closeout_v1/results/B/mahler_FA50_q_aggregate.csv.gz,63a9136a5beea4b5368d77b0349152c34397120b7670dbbf62af22aab2ecf3a0,63a9136a5beea4b5368d77b0349152c34397120b7670dbbf62af22aab2ecf3a0,unchanged,Original publication bytes retained.,KEEP_PUBLIC,63a9136a5beea4b5368d77b0349152c34397120b7670dbbf62af22aab2ecf3a0
experiments/05_mental_pong/trajectory_project/closeout_v1/results/B/mahler_GPFA50_q_aggregate.csv.gz,596dc943c7f959525178635ceab68ff31e24afb50996af18ec7e705f26c9a38f,596dc943c7f959525178635ceab68ff31e24afb50996af18ec7e705f26c9a38f,unchanged,Original publication bytes retained.,KEEP_PUBLIC,596dc943c7f959525178635ceab68ff31e24afb50996af18ec7e705f26c9a38f
experiments/05_mental_pong/trajectory_project/closeout_v1/results/B/mahler_mapping_audit.csv,cf471e0ac02ced3b2699318ffd81e6e04232a4c720b94058e401a7dcd20a90a6,cf471e0ac02ced3b2699318ffd81e6e04232a4c720b94058e401a7dcd20a90a6,unchanged,Original publication bytes retained.,KEEP_PUBLIC,cf471e0ac02ced3b2699318ffd81e6e04232a4c720b94058e401a7dcd20a90a6
experiments/05_mental_pong/trajectory_project/closeout_v1/results/B/perle_FA50_q_aggregate.csv.gz,19b1b152dc6890fe37b8fd1ec82dd6f619f39bfd2220f54b92c4b3950e52533e,19b1b152dc6890fe37b8fd1ec82dd6f619f39bfd2220f54b92c4b3950e52533e,unchanged,Original publication bytes retained.,KEEP_PUBLIC,19b1b152dc6890fe37b8fd1ec82dd6f619f39bfd2220f54b92c4b3950e52533e
experiments/05_mental_pong/trajectory_project/closeout_v1/results/B/perle_GPFA50_q_aggregate.csv.gz,964f728e11c9c87b0644f86749b4b005dbd2ade5f663b15298c921613e2e3d1b,964f728e11c9c87b0644f86749b4b005dbd2ade5f663b15298c921613e2e3d1b,unchanged,Original publication bytes retained.,KEEP_PUBLIC,964f728e11c9c87b0644f86749b4b005dbd2ade5f663b15298c921613e2e3d1b
experiments/05_mental_pong/trajectory_project/closeout_v1/results/B/perle_mapping_audit.csv,b4deb9f074518ece705b6407bb35994e4a55ecb1fb2d3a1957eb2588b1d3fa63,b4deb9f074518ece705b6407bb35994e4a55ecb1fb2d3a1957eb2588b1d3fa63,unchanged,Original publication bytes retained.,KEEP_PUBLIC,b4deb9f074518ece705b6407bb35994e4a55ecb1fb2d3a1957eb2588b1d3fa63
experiments/05_mental_pong/trajectory_project/closeout_v1/results/C/README.md,c6d0df0742b9b58edc0b4487f8be14f545ddaadb8464ce2d6e02f122b3459ccc,a590c1e83012e65642e7526a20ae764a1aa446995df4571371761b3864ef07f2,editorial_revision,"Scientific wording, attribution, and reproducibility availability clarified.",EDIT_PUBLIC,c6d0df0742b9b58edc0b4487f8be14f545ddaadb8464ce2d6e02f122b3459ccc
experiments/05_mental_pong/trajectory_project/closeout_v1/results/C/completed.json,879714857c87fcdff007c7a3b8f8b22ae09075db584c57324eddf131f51d4395,879714857c87fcdff007c7a3b8f8b22ae09075db584c57324eddf131f51d4395,unchanged,Original publication bytes retained.,KEEP_PUBLIC,879714857c87fcdff007c7a3b8f8b22ae09075db584c57324eddf131f51d4395
experiments/05_mental_pong/trajectory_project/closeout_v1/results/C/geometry_feasibility.json,c9e17b711c2c37af0cc28dd8856c48e73f858f5774c019b766cd7ef1e93b9d4b,c9e17b711c2c37af0cc28dd8856c48e73f858f5774c019b766cd7ef1e93b9d4b,unchanged,Original publication bytes retained.,KEEP_PUBLIC,c9e17b711c2c37af0cc28dd8856c48e73f858f5774c019b766cd7ef1e93b9d4b
experiments/05_mental_pong/trajectory_project/closeout_v1/results/C/mahler_FA50_OLS_equivalence.json,720ca484f87af4f52dfbd038861e8381dcf352501020c9cf532d3f4099c6d312,720ca484f87af4f52dfbd038861e8381dcf352501020c9cf532d3f4099c6d312,unchanged,Original publication bytes retained.,KEEP_PUBLIC,720ca484f87af4f52dfbd038861e8381dcf352501020c9cf532d3f4099c6d312
experiments/05_mental_pong/trajectory_project/closeout_v1/results/C/mahler_FA50_completed.json,b2edf800da1ce4a86c340a54c2227a635954eec24cae4a02e036f9e6cb4d2218,b2edf800da1ce4a86c340a54c2227a635954eec24cae4a02e036f9e6cb4d2218,unchanged,Original publication bytes retained.,KEEP_PUBLIC,b2edf800da1ce4a86c340a54c2227a635954eec24cae4a02e036f9e6cb4d2218
experiments/05_mental_pong/trajectory_project/closeout_v1/results/C/mahler_FA50_per_q_mean100.csv,7a86363cc9c7b413f7ad1315951fbca797cb886573ba7d7479e6010dd0fabfe3,7a86363cc9c7b413f7ad1315951fbca797cb886573ba7d7479e6010dd0fabfe3,unchanged,Original publication bytes retained.,KEEP_PUBLIC,7a86363cc9c7b413f7ad1315951fbca797cb886573ba7d7479e6010dd0fabfe3
experiments/05_mental_pong/trajectory_project/closeout_v1/results/C/mahler_FA50_summary.csv,d530cd93f992137bdac7892f5bde8c38850b40f78e73f8c1766891c87b287ff3,d530cd93f992137bdac7892f5bde8c38850b40f78e73f8c1766891c87b287ff3,unchanged,Original publication bytes retained.,KEEP_PUBLIC,d530cd93f992137bdac7892f5bde8c38850b40f78e73f8c1766891c87b287ff3
experiments/05_mental_pong/trajectory_project/closeout_v1/results/C/mahler_GPFA50_OLS_equivalence.json,6b48f077941cd77f6633e1367199c7aa0263f39f2b1e6472500c281a0e250bd3,6b48f077941cd77f6633e1367199c7aa0263f39f2b1e6472500c281a0e250bd3,unchanged,Original publication bytes retained.,KEEP_PUBLIC,6b48f077941cd77f6633e1367199c7aa0263f39f2b1e6472500c281a0e250bd3
experiments/05_mental_pong/trajectory_project/closeout_v1/results/C/mahler_GPFA50_completed.json,7255f5c14ed3d09301afb1c2921da8fe3d496341f7754b13642cb173528a7ad5,7255f5c14ed3d09301afb1c2921da8fe3d496341f7754b13642cb173528a7ad5,unchanged,Original publication bytes retained.,KEEP_PUBLIC,7255f5c14ed3d09301afb1c2921da8fe3d496341f7754b13642cb173528a7ad5
experiments/05_mental_pong/trajectory_project/closeout_v1/results/C/mahler_GPFA50_per_q_mean100.csv,ba7be6fe0b06e15bbd691086835afb4bf622b5b8a608f3c8f679d362119a02d5,ba7be6fe0b06e15bbd691086835afb4bf622b5b8a608f3c8f679d362119a02d5,unchanged,Original publication bytes retained.,KEEP_PUBLIC,ba7be6fe0b06e15bbd691086835afb4bf622b5b8a608f3c8f679d362119a02d5
experiments/05_mental_pong/trajectory_project/closeout_v1/results/C/mahler_GPFA50_summary.csv,4b9f986cb896a65f6b080b58f31a350e0ca8a8e4cceb92c17d844fd2926d98ad,4b9f986cb896a65f6b080b58f31a350e0ca8a8e4cceb92c17d844fd2926d98ad,unchanged,Original publication bytes retained.,KEEP_PUBLIC,4b9f986cb896a65f6b080b58f31a350e0ca8a8e4cceb92c17d844fd2926d98ad
experiments/05_mental_pong/trajectory_project/closeout_v1/results/C/mahler_mapping_summary.csv,8ee8a37afad98fda486d2c5fac1c0ad215b3af33a49f4242ad8991aad116ead3,8ee8a37afad98fda486d2c5fac1c0ad215b3af33a49f4242ad8991aad116ead3,unchanged,Original publication bytes retained.,KEEP_PUBLIC,8ee8a37afad98fda486d2c5fac1c0ad215b3af33a49f4242ad8991aad116ead3
experiments/05_mental_pong/trajectory_project/closeout_v1/results/C/perle_FA50_OLS_equivalence.json,72b643126d428fd0a7c6902504afdd3fd4546f8dcf1c980767c081967dce7f60,72b643126d428fd0a7c6902504afdd3fd4546f8dcf1c980767c081967dce7f60,unchanged,Original publication bytes retained.,KEEP_PUBLIC,72b643126d428fd0a7c6902504afdd3fd4546f8dcf1c980767c081967dce7f60
experiments/05_mental_pong/trajectory_project/closeout_v1/results/C/perle_FA50_completed.json,1b197d16e17402bfc925b6bb79d0b8a4d1e95ded3ca179f5c54292d8690daee1,1b197d16e17402bfc925b6bb79d0b8a4d1e95ded3ca179f5c54292d8690daee1,unchanged,Original publication bytes retained.,KEEP_PUBLIC,1b197d16e17402bfc925b6bb79d0b8a4d1e95ded3ca179f5c54292d8690daee1
experiments/05_mental_pong/trajectory_project/closeout_v1/results/C/perle_FA50_per_q_mean100.csv,1e87b2fca024c4d37ba38c2bfc2aacf52f14f0c8308e2c3755ffed586016e140,1e87b2fca024c4d37ba38c2bfc2aacf52f14f0c8308e2c3755ffed586016e140,unchanged,Original publication bytes retained.,KEEP_PUBLIC,1e87b2fca024c4d37ba38c2bfc2aacf52f14f0c8308e2c3755ffed586016e140
experiments/05_mental_pong/trajectory_project/closeout_v1/results/C/perle_FA50_summary.csv,5f88f4fb115b0d6991f1772d6d3b544217ee462f18e08a5792ba6462c07dafd5,5f88f4fb115b0d6991f1772d6d3b544217ee462f18e08a5792ba6462c07dafd5,unchanged,Original publication bytes retained.,KEEP_PUBLIC,5f88f4fb115b0d6991f1772d6d3b544217ee462f18e08a5792ba6462c07dafd5
experiments/05_mental_pong/trajectory_project/closeout_v1/results/C/perle_GPFA50_OLS_equivalence.json,3693c11b1a276e6ddfe12ae50f5a9c887a5dca71a3bd51b173f243f7336618c7,3693c11b1a276e6ddfe12ae50f5a9c887a5dca71a3bd51b173f243f7336618c7,unchanged,Original publication bytes retained.,KEEP_PUBLIC,3693c11b1a276e6ddfe12ae50f5a9c887a5dca71a3bd51b173f243f7336618c7
experiments/05_mental_pong/trajectory_project/closeout_v1/results/C/perle_GPFA50_completed.json,b469ea3a59f01a8461fdc705b02c46d7395863d22ed63596d08f076f38d7e481,b469ea3a59f01a8461fdc705b02c46d7395863d22ed63596d08f076f38d7e481,unchanged,Original publication bytes retained.,KEEP_PUBLIC,b469ea3a59f01a8461fdc705b02c46d7395863d22ed63596d08f076f38d7e481
experiments/05_mental_pong/trajectory_project/closeout_v1/results/C/perle_GPFA50_per_q_mean100.csv,4159e4cd5b41e908cba72a4af5924ef53e98150f62fb0bae80017ec932c6a31d,4159e4cd5b41e908cba72a4af5924ef53e98150f62fb0bae80017ec932c6a31d,unchanged,Original publication bytes retained.,KEEP_PUBLIC,4159e4cd5b41e908cba72a4af5924ef53e98150f62fb0bae80017ec932c6a31d
experiments/05_mental_pong/trajectory_project/closeout_v1/results/C/perle_GPFA50_summary.csv,4c63ddbdb51d18f5a4766d79ded23e85bc23fbcfb0d3dfda9218ce13b64a6044,4c63ddbdb51d18f5a4766d79ded23e85bc23fbcfb0d3dfda9218ce13b64a6044,unchanged,Original publication bytes retained.,KEEP_PUBLIC,4c63ddbdb51d18f5a4766d79ded23e85bc23fbcfb0d3dfda9218ce13b64a6044
experiments/05_mental_pong/trajectory_project/closeout_v1/results/C/perle_mapping_summary.csv,942ace96bdc3104230561e194dd8c7b4cf93f6d40ddb6032bd39614dd86756d5,942ace96bdc3104230561e194dd8c7b4cf93f6d40ddb6032bd39614dd86756d5,unchanged,Original publication bytes retained.,KEEP_PUBLIC,942ace96bdc3104230561e194dd8c7b4cf93f6d40ddb6032bd39614dd86756d5
experiments/05_mental_pong/trajectory_project/closeout_v1/results/C/random_endpoint_summary.csv,7e14c16b081dad9a7e732467ff30fcdf63a8d4dc2827e9632ec533dee3174aa5,7e14c16b081dad9a7e732467ff30fcdf63a8d4dc2827e9632ec533dee3174aa5,unchanged,Original publication bytes retained.,KEEP_PUBLIC,7e14c16b081dad9a7e732467ff30fcdf63a8d4dc2827e9632ec533dee3174aa5
experiments/05_mental_pong/trajectory_project/closeout_v1/results/descriptive/endpoint_condition_audit.csv,a6ff512655edf7aec28000bf18c614c7e031e54640c32a14092fff7491d9db1f,c8b3214326ded2161ef29cbd001a1303b9adf812356e80fd41533b3d68d75962,sanitized_technical_edition,Coverage and descriptive edition omits endpoint target labels; every retained field is unchanged.,EDIT_PUBLIC,a6ff512655edf7aec28000bf18c614c7e031e54640c32a14092fff7491d9db1f
experiments/05_mental_pong/trajectory_project/closeout_v1/results/descriptive/fixed_posthoc_case_2x2.csv,3852a6879e347682ca09630fde86265d4d3e66012ffce8fab7e6bad0eb3d0547,3852a6879e347682ca09630fde86265d4d3e66012ffce8fab7e6bad0eb3d0547,unchanged,Original publication bytes retained.,KEEP_PUBLIC,3852a6879e347682ca09630fde86265d4d3e66012ffce8fab7e6bad0eb3d0547
experiments/05_mental_pong/trajectory_project/closeout_v1/results/descriptive/fixed_posthoc_case_curve_separation.csv,0dd1850cffd04737e3e79b72fcd13dff8ab0dfdf8bb081aa8376e29e5bb90d85,0dd1850cffd04737e3e79b72fcd13dff8ab0dfdf8bb081aa8376e29e5bb90d85,unchanged,Original publication bytes retained.,KEEP_PUBLIC,0dd1850cffd04737e3e79b72fcd13dff8ab0dfdf8bb081aa8376e29e5bb90d85
experiments/05_mental_pong/trajectory_project/closeout_v1/results/descriptive/fixed_posthoc_case_interpretation.md,f2ad8f9ef4286e752cf95cf0ad08786c4605217ca2840db2c6cb5c8c573b4e5d,f1656b8fdefd5ca426c8846ca7a18304c608e99e4ddbb7a07d7a9e453aa6caea,editorial_revision,"Scientific wording, attribution, and reproducibility availability clarified.",EDIT_PUBLIC,32241b457ca1baec7e749c0b117342e72abf4c25cf600cf076a153de5c368f63
experiments/05_mental_pong/trajectory_project/closeout_v1/results/descriptive/fixed_posthoc_case_scores.csv,4639c6cc5a5bb698663c756cd58ef32cac61f006caceb5933312a9b58645cdd2,58756929fa70f5790662dd511d3f55d0735cf4e7802e39ae62f5e49e6098f3c8,editorial_revision,"Scientific wording, attribution, and reproducibility availability clarified.",EDIT_PUBLIC,4639c6cc5a5bb698663c756cd58ef32cac61f006caceb5933312a9b58645cdd2
experiments/05_mental_pong/trajectory_project/closeout_v1/results/descriptive/mean_cancellation_interpretation.md,dce09ae04c6d5c9a780aba85db9fe04e4dbd06a067e6027e8b9dd125cce3fae2,26f2f7ef9d8650200d8a8f73816cba401b6f584b32dac603dea54c0f7f0f0413,editorial_revision,"Scientific wording, attribution, and reproducibility availability clarified.",EDIT_PUBLIC,dce09ae04c6d5c9a780aba85db9fe04e4dbd06a067e6027e8b9dd125cce3fae2
experiments/05_mental_pong/trajectory_project/closeout_v1/results/descriptive/mean_cancellation_summary.json,316500d435455ae7399055ea95aaea0b5235091a74cdae8dc22823d99f81c4ca,316500d435455ae7399055ea95aaea0b5235091a74cdae8dc22823d99f81c4ca,unchanged,Original publication bytes retained.,KEEP_PUBLIC,316500d435455ae7399055ea95aaea0b5235091a74cdae8dc22823d99f81c4ca
experiments/05_mental_pong/trajectory_project/closeout_v1/results/descriptive/path_separation_summary.csv,25a71cf2903fb2e396efd177aee016e4f51e433574fc81432902f2b38c683f27,25a71cf2903fb2e396efd177aee016e4f51e433574fc81432902f2b38c683f27,unchanged,Original publication bytes retained.,KEEP_PUBLIC,25a71cf2903fb2e396efd177aee016e4f51e433574fc81432902f2b38c683f27
experiments/05_mental_pong/trajectory_project/closeout_v1/results/descriptive/path_separation_vs_error.csv,002f23066afadab338ac2acd18f5d549d3df05acf81a7c1b25c563c5c3e2634b,002f23066afadab338ac2acd18f5d549d3df05acf81a7c1b25c563c5c3e2634b,unchanged,Original publication bytes retained.,KEEP_PUBLIC,002f23066afadab338ac2acd18f5d549d3df05acf81a7c1b25c563c5c3e2634b
experiments/05_mental_pong/trajectory_project/closeout_v1/results/descriptive/source_hashes.json,eff6bc33ca445083430b7ebb7bc7193e68ef51d1e99c69637c602c7c28f8f7d8,eff6bc33ca445083430b7ebb7bc7193e68ef51d1e99c69637c602c7c28f8f7d8,unchanged,Original publication bytes retained.,KEEP_PUBLIC,eff6bc33ca445083430b7ebb7bc7193e68ef51d1e99c69637c602c7c28f8f7d8
experiments/05_mental_pong/trajectory_project/closeout_v1/results/descriptive/visual_and_implementation_qa.json,d5b548112955c540c8a2a1fe01936e80a1aeab1f58c7ac20c5c443b818e1548e,d5b548112955c540c8a2a1fe01936e80a1aeab1f58c7ac20c5c443b818e1548e,unchanged,Original publication bytes retained.,KEEP_PUBLIC,d5b548112955c540c8a2a1fe01936e80a1aeab1f58c7ac20c5c443b818e1548e
experiments/05_mental_pong/trajectory_project/closeout_v1/results/experiment_ledger.csv,dc2c559638f19a770568e7471be17d779b8a7daf410c3a3cf12ffdd2e15fe1bb,b53e3663645f29161b9551f9df019fa3288d0c847901a783f355973fe6adfc3c,editorial_revision,"Scientific wording, attribution, and reproducibility availability clarified.",EDIT_PUBLIC,dc2c559638f19a770568e7471be17d779b8a7daf410c3a3cf12ffdd2e15fe1bb
experiments/05_mental_pong/trajectory_project/closeout_v1/results/figure_qa.json,6e43a74891fc0e07b845ae81f980759087fd00bbbab15a96e644b1a7be75b0e6,23d5dc94fdd1842de4f1414a07904071a5b5bfd71698a8d2372fbd0015501970,editorial_revision,"Scientific wording, attribution, and reproducibility availability clarified.",EDIT_PUBLIC,6e43a74891fc0e07b845ae81f980759087fd00bbbab15a96e644b1a7be75b0e6
experiments/05_mental_pong/trajectory_project/closeout_v1/results/final_acceptance_audit.json,446f383f914c8285506edeb68c4b6731a8117c5173c73e7c0737d287f227deb1,446f383f914c8285506edeb68c4b6731a8117c5173c73e7c0737d287f227deb1,unchanged,Original publication bytes retained.,KEEP_PUBLIC,446f383f914c8285506edeb68c4b6731a8117c5173c73e7c0737d287f227deb1
experiments/05_mental_pong/trajectory_project/closeout_v1/results/test_execution.json,29e169b9d6834ff5099af6d5c3abfdd473ce6bdc4996cc5cc1f85e68ae6d1844,29e169b9d6834ff5099af6d5c3abfdd473ce6bdc4996cc5cc1f85e68ae6d1844,unchanged,Original publication bytes retained.,KEEP_PUBLIC,29e169b9d6834ff5099af6d5c3abfdd473ce6bdc4996cc5cc1f85e68ae6d1844
experiments/05_mental_pong/trajectory_project/closeout_v1/run_closeout.py,8e631a1c57e162fb09d46da518e3cf8767924e5da00f4a70f67452e19db0ad1f,8e631a1c57e162fb09d46da518e3cf8767924e5da00f4a70f67452e19db0ad1f,unchanged,Original publication bytes retained.,KEEP_PUBLIC,8e631a1c57e162fb09d46da518e3cf8767924e5da00f4a70f67452e19db0ad1f
experiments/05_mental_pong/trajectory_project/closeout_v1/sources/A_sources.json,22d0454cf9e08a1047702cde5dc2bdee46d2c8554c421e1bf5b38f9089bc5f9a,3df2eafb12e921297512c646e847969c59cc56916f1008dce62ae8244bb9b399,editorial_revision,"Scientific wording, attribution, and reproducibility availability clarified.",EDIT_PUBLIC,22d0454cf9e08a1047702cde5dc2bdee46d2c8554c421e1bf5b38f9089bc5f9a
experiments/05_mental_pong/trajectory_project/closeout_v1/sources/frozen_source_records.json,378073aa7e3b61dcf773ed7f829346cfe41b483f05b32f38caad4d9097579384,378073aa7e3b61dcf773ed7f829346cfe41b483f05b32f38caad4d9097579384,unchanged,Original publication bytes retained.,KEEP_PUBLIC,378073aa7e3b61dcf773ed7f829346cfe41b483f05b32f38caad4d9097579384
experiments/05_mental_pong/trajectory_project/closeout_v1/sources/initial_source_verification.json,68e11827df6184bd77c6167f60c25a60be7ad5f5dfea6d686f325ff172a5af51,68e11827df6184bd77c6167f60c25a60be7ad5f5dfea6d686f325ff172a5af51,unchanged,Original publication bytes retained.,KEEP_PUBLIC,68e11827df6184bd77c6167f60c25a60be7ad5f5dfea6d686f325ff172a5af51
experiments/05_mental_pong/trajectory_project/closeout_v1/sources/runtime.json,5a146fbb4441d8e2beaba03207f409813dd120fe8297d2ac1ba559fa7e5fdc79,5a146fbb4441d8e2beaba03207f409813dd120fe8297d2ac1ba559fa7e5fdc79,unchanged,Original publication bytes retained.,KEEP_PUBLIC,5a146fbb4441d8e2beaba03207f409813dd120fe8297d2ac1ba559fa7e5fdc79
experiments/05_mental_pong/trajectory_project/closeout_v1/sources/user_request_record.json,ba463ace927dc75194eabfe8a2392db8aaa6760960bac1abd1dcb5a7d99bdb7c,,intentional_retirement,Internal workflow material excluded from distribution.,PRIVATE_ONLY,ba463ace927dc75194eabfe8a2392db8aaa6760960bac1abd1dcb5a7d99bdb7c
experiments/05_mental_pong/trajectory_project/closeout_v1/tests/test_a.py,5aa04eba872498a15c1f9515f90cdc707b656f62b15d1345c7cdde6505d8c294,5aa04eba872498a15c1f9515f90cdc707b656f62b15d1345c7cdde6505d8c294,unchanged,Original publication bytes retained.,KEEP_PUBLIC,5aa04eba872498a15c1f9515f90cdc707b656f62b15d1345c7cdde6505d8c294
experiments/05_mental_pong/trajectory_project/closeout_v1/tests/test_b_condition_null.py,4079f52ca32e62f54b42459b9579ee4d4d5138b243bf44c5971c9b48e57df7e4,4079f52ca32e62f54b42459b9579ee4d4d5138b243bf44c5971c9b48e57df7e4,unchanged,Original publication bytes retained.,KEEP_PUBLIC,4079f52ca32e62f54b42459b9579ee4d4d5138b243bf44c5971c9b48e57df7e4
experiments/05_mental_pong/trajectory_project/closeout_v1/tests/test_c_delivery.py,8ef2d8d20bc045e72408a88ffebc3c60bb31aeac716ca205f5b73c56d0c4ff06,8ef2d8d20bc045e72408a88ffebc3c60bb31aeac716ca205f5b73c56d0c4ff06,unchanged,Original publication bytes retained.,KEEP_PUBLIC,8ef2d8d20bc045e72408a88ffebc3c60bb31aeac716ca205f5b73c56d0c4ff06
experiments/05_mental_pong/trajectory_project/closeout_v1/tests/test_c_endpoint.py,5950bdcc4b20926f1490c2f9e6ec8dc5a96177f45a9120015d2b55d3379267be,5950bdcc4b20926f1490c2f9e6ec8dc5a96177f45a9120015d2b55d3379267be,unchanged,Original publication bytes retained.,KEEP_PUBLIC,5950bdcc4b20926f1490c2f9e6ec8dc5a96177f45a9120015d2b55d3379267be
experiments/05_mental_pong/trajectory_project/closeout_v1/tests/test_descriptive_audit.py,d0ab65660dd4d47181c5c2695e42509f94bcbf5e577c6a0641f2ad386708f009,d0ab65660dd4d47181c5c2695e42509f94bcbf5e577c6a0641f2ad386708f009,unchanged,Original publication bytes retained.,KEEP_PUBLIC,d0ab65660dd4d47181c5c2695e42509f94bcbf5e577c6a0641f2ad386708f009
experiments/05_mental_pong/trajectory_project/closeout_v1/tests/test_publication_reports.py,,bb9ad53de576729b5900ab283790fe253c449e71f3b1bbaa76325985ee0774cb,publication_adapter,"Public text generation, input/output routing, or bounded verification support.",EDIT_PUBLIC,
experiments/05_mental_pong/trajectory_project/condition_endpoint_fa_gpfa_v1/README.md,057bb15f1fc199034f11d5503541955b0201d0f6049e204febf7f7f51d98da3c,065ef0cc6b29e2f86585da1942f5afa8eefd7788a26c880f52b84db65a166166,editorial_revision,"Scientific wording, attribution, and reproducibility availability clarified.",EDIT_PUBLIC,057bb15f1fc199034f11d5503541955b0201d0f6049e204febf7f7f51d98da3c
experiments/05_mental_pong/trajectory_project/condition_endpoint_fa_gpfa_v1/REPORT.md,973a4a5753d079ab26ce37dc877549362f777173665c37ea3a58e307f966cc7d,11fa75c66a76696089161f6f503f8d6a5ca153c7baaccb24ffac64d6d3c2ffc1,editorial_revision,"Scientific wording, attribution, and reproducibility availability clarified.",EDIT_PUBLIC,e38889c2fe78e13ab83a67aa521c42eec04c8c08b763a7a532b0f13812f24066
experiments/05_mental_pong/trajectory_project/condition_endpoint_fa_gpfa_v1/__init__.py,bbd6936143cdbceb028e1916b71e034f4724f3517d8e46c41e603bd18bfeae84,bbd6936143cdbceb028e1916b71e034f4724f3517d8e46c41e603bd18bfeae84,unchanged,Original publication bytes retained.,KEEP_PUBLIC,bbd6936143cdbceb028e1916b71e034f4724f3517d8e46c41e603bd18bfeae84
experiments/05_mental_pong/trajectory_project/condition_endpoint_fa_gpfa_v1/artifacts/mahler_condition_labels.npz,4b059a6a6c5b262c85dfa5a1fe4601925708b70dd932012528c428a59bdba853,,intentional_retirement,Payload withheld pending a documented redistribution basis; original bytes retained externally.,RIGHTS_HOLD,4b059a6a6c5b262c85dfa5a1fe4601925708b70dd932012528c428a59bdba853
experiments/05_mental_pong/trajectory_project/condition_endpoint_fa_gpfa_v1/artifacts/perle_condition_labels.npz,5fa264d9936ce67bb693ae25ae799b1e612b717ef3225dbc2373065afbfaf3fc,,intentional_retirement,Payload withheld pending a documented redistribution basis; original bytes retained externally.,RIGHTS_HOLD,5fa264d9936ce67bb693ae25ae799b1e612b717ef3225dbc2373065afbfaf3fc
experiments/05_mental_pong/trajectory_project/condition_endpoint_fa_gpfa_v1/condition_data.py,7b5ec271e75ba446c9b5583171950ff74a21f8ac11335da2017197c4f0f38c20,7b5ec271e75ba446c9b5583171950ff74a21f8ac11335da2017197c4f0f38c20,unchanged,Original publication bytes retained.,KEEP_PUBLIC,7b5ec271e75ba446c9b5583171950ff74a21f8ac11335da2017197c4f0f38c20
experiments/05_mental_pong/trajectory_project/condition_endpoint_fa_gpfa_v1/configs/analysis_protocol.json,9d8e580e5370f32a333030af66becae5701b83855a380867737b9225faed5106,513bddeba1951532c7b800ccbfec9a101026678cf48d42d72cb0227a2887733f,editorial_revision,"Scientific wording, attribution, and reproducibility availability clarified.",EDIT_PUBLIC,9d8e580e5370f32a333030af66becae5701b83855a380867737b9225faed5106
experiments/05_mental_pong/trajectory_project/condition_endpoint_fa_gpfa_v1/configs/condition_splits_100.json,dbd9f694ec190d046b1d000b31c5196ca41661df8d539ea17fa6b5ecf7c196f0,dbd9f694ec190d046b1d000b31c5196ca41661df8d539ea17fa6b5ecf7c196f0,unchanged,Original publication bytes retained.,KEEP_PUBLIC,dbd9f694ec190d046b1d000b31c5196ca41661df8d539ea17fa6b5ecf7c196f0
experiments/05_mental_pong/trajectory_project/condition_endpoint_fa_gpfa_v1/configs/figure_condition_order.json,eb1563a9787cd80fd968bec141ee730f9cd951289da48732a77b588f66fd1125,eb1563a9787cd80fd968bec141ee730f9cd951289da48732a77b588f66fd1125,unchanged,Original publication bytes retained.,KEEP_PUBLIC,eb1563a9787cd80fd968bec141ee730f9cd951289da48732a77b588f66fd1125
experiments/05_mental_pong/trajectory_project/condition_endpoint_fa_gpfa_v1/configs/protocol_lock.json,bec5174e5e668507c0a6d37e0a7f0950501fb7fae568d372d7cde3b4f7b1286f,bec5174e5e668507c0a6d37e0a7f0950501fb7fae568d372d7cde3b4f7b1286f,unchanged,Original publication bytes retained.,KEEP_PUBLIC,bec5174e5e668507c0a6d37e0a7f0950501fb7fae568d372d7cde3b4f7b1286f
experiments/05_mental_pong/trajectory_project/condition_endpoint_fa_gpfa_v1/data/mahler_condition_time_index.csv,d7df215ed4d23f6ae83aec1dd77fbcd75ef608b61bab91c5c43ea29657c94ca6,,intentional_retirement,Payload withheld pending a documented redistribution basis; original bytes retained externally.,RIGHTS_HOLD,d7df215ed4d23f6ae83aec1dd77fbcd75ef608b61bab91c5c43ea29657c94ca6
experiments/05_mental_pong/trajectory_project/condition_endpoint_fa_gpfa_v1/data/perle_condition_time_index.csv,e4decce60b0e82bdba3578c84570ba24a6992419d0ae065ad8fbc27a8f1a9a15,,intentional_retirement,Payload withheld pending a documented redistribution basis; original bytes retained externally.,RIGHTS_HOLD,e4decce60b0e82bdba3578c84570ba24a6992419d0ae065ad8fbc27a8f1a9a15
experiments/05_mental_pong/trajectory_project/condition_endpoint_fa_gpfa_v1/decoding_condition.py,56c7bf918d5ca81bdddb211d508cb5110d8947a29630346bdac089170c87a7c7,37c1ee03ba033530776e78e0b45d27137a9561173ce2c0193a4ef37aa0d2ded0,publication_adapter,"Public text generation, input/output routing, or bounded verification support.",EDIT_PUBLIC,56c7bf918d5ca81bdddb211d508cb5110d8947a29630346bdac089170c87a7c7
experiments/05_mental_pong/trajectory_project/condition_endpoint_fa_gpfa_v1/figures/paired_self_reconstruction_differences.png,bb0b53822c0d555fbc83dd4124fd17f6462e618a17ac951d2e6178498fdc01d4,a86c4c149a64d0d129550b2d9268c19f726220a09818312b0b5a591ff939b058,presentation_render,Figure text and layout from preserved scientific values.,EDIT_PUBLIC,7c51aaa7c34da083c664a4d1bb1482e3c678655e29d165b51272bbde345c4d2a
experiments/05_mental_pong/trajectory_project/condition_endpoint_fa_gpfa_v1/final_validation.py,92f8bbb40eacd87c4b67ab3c0e4511e63b07567ec2000800c0f394e4abcf994d,92f8bbb40eacd87c4b67ab3c0e4511e63b07567ec2000800c0f394e4abcf994d,unchanged,Original publication bytes retained.,KEEP_PUBLIC,92f8bbb40eacd87c4b67ab3c0e4511e63b07567ec2000800c0f394e4abcf994d
experiments/05_mental_pong/trajectory_project/condition_endpoint_fa_gpfa_v1/manifest.json,c3f87f3e0ade18aa9727f10aeef2323397ad43c9c660b8d5477ad88ce2a4cc4f,c3f87f3e0ade18aa9727f10aeef2323397ad43c9c660b8d5477ad88ce2a4cc4f,unchanged,Original publication bytes retained.,KEEP_PUBLIC,c3f87f3e0ade18aa9727f10aeef2323397ad43c9c660b8d5477ad88ce2a4cc4f
experiments/05_mental_pong/trajectory_project/condition_endpoint_fa_gpfa_v1/plotting_condition.py,a471154eb3f11df17fd5ddbc32fb7a2d58576f8e7391d9b930201acb803e8d6d,8d27af04520d8f7f483aeaf703243af6ec0ec33fbd01d79666d4d9230f99408f,publication_adapter,"Public text generation, input/output routing, or bounded verification support.",EDIT_PUBLIC,81b7923be73f9630f66891c36b5e1a312057c222349ccb038f0288afeabe619b
experiments/05_mental_pong/trajectory_project/condition_endpoint_fa_gpfa_v1/project_setup.py,5903c5d190e109003865f8b65628a729dd07ee1ee627fe40b992bb7a5b189e7d,1f26de263fe969ffaf2df2cc912b53a6e6c9f9ac45ad601c8521a5341c445f1c,publication_adapter,"Public text generation, input/output routing, or bounded verification support.",EDIT_PUBLIC,5903c5d190e109003865f8b65628a729dd07ee1ee627fe40b992bb7a5b189e7d
experiments/05_mental_pong/trajectory_project/condition_endpoint_fa_gpfa_v1/protocol_diff.md,5d37b4c3db105697f52f42d12d7fe91d4cbc7826614f32c89d92b484df720cd1,5d37b4c3db105697f52f42d12d7fe91d4cbc7826614f32c89d92b484df720cd1,unchanged,Original publication bytes retained.,KEEP_PUBLIC,5d37b4c3db105697f52f42d12d7fe91d4cbc7826614f32c89d92b484df720cd1
experiments/05_mental_pong/trajectory_project/condition_endpoint_fa_gpfa_v1/reporting_condition.py,41f7f95087110ff041959ea61bfc0f2f401cb862ecf1a2738f41fe7632deacd0,675f59d0d83149844abdd8da6937345f9df35ea934e3b5c23ccda4f41765e775,publication_adapter,"Public text generation, input/output routing, or bounded verification support.",EDIT_PUBLIC,c3cb17556c516c183b9932b55fde0ce1776aa5f5a9ee7097196c8ed65bf95df9
experiments/05_mental_pong/trajectory_project/condition_endpoint_fa_gpfa_v1/results/binwise_reconstruction.csv,a76d21abd6a87f4af41a6eb7eaad4e23ca42d0335e8f1f3a6928b8987e4d1d99,a76d21abd6a87f4af41a6eb7eaad4e23ca42d0335e8f1f3a6928b8987e4d1d99,unchanged,Original publication bytes retained.,KEEP_PUBLIC,a76d21abd6a87f4af41a6eb7eaad4e23ca42d0335e8f1f3a6928b8987e4d1d99
experiments/05_mental_pong/trajectory_project/condition_endpoint_fa_gpfa_v1/results/condition_averaging_audit.json,344d3fa4e7bc6e4ff70fc5e43beed4afa92a83e60db85f5e496de0b78ba26905,344d3fa4e7bc6e4ff70fc5e43beed4afa92a83e60db85f5e496de0b78ba26905,unchanged,Original publication bytes retained.,KEEP_PUBLIC,344d3fa4e7bc6e4ff70fc5e43beed4afa92a83e60db85f5e496de0b78ba26905
experiments/05_mental_pong/trajectory_project/condition_endpoint_fa_gpfa_v1/results/condition_cross_summary.csv,6f87c2513bb0105fd02e57028116d1941ac3f65f7ae74529be2147d31ee645e1,6f87c2513bb0105fd02e57028116d1941ac3f65f7ae74529be2147d31ee645e1,unchanged,Original publication bytes retained.,KEEP_PUBLIC,6f87c2513bb0105fd02e57028116d1941ac3f65f7ae74529be2147d31ee645e1
experiments/05_mental_pong/trajectory_project/condition_endpoint_fa_gpfa_v1/results/condition_difference_counts.csv,e3d630a94ae042df1956b3585d2daca07aa3962f1763bb5a339ae9d576292855,e3d630a94ae042df1956b3585d2daca07aa3962f1763bb5a339ae9d576292855,unchanged,Original publication bytes retained.,KEEP_PUBLIC,e3d630a94ae042df1956b3585d2daca07aa3962f1763bb5a339ae9d576292855
experiments/05_mental_pong/trajectory_project/condition_endpoint_fa_gpfa_v1/results/condition_geometry.csv,ac11743cda242bab24117d5463cdc7e3f024a339f3e099bf4699835fb6a034cb,ac11743cda242bab24117d5463cdc7e3f024a339f3e099bf4699835fb6a034cb,unchanged,Original publication bytes retained.,KEEP_PUBLIC,ac11743cda242bab24117d5463cdc7e3f024a339f3e099bf4699835fb6a034cb
experiments/05_mental_pong/trajectory_project/condition_endpoint_fa_gpfa_v1/results/condition_label_coverage.csv,40a77cd2e554e1cd0c10e67560df5694088aff96300cdf4800b39ef68432eed2,11f79aaf382dd75e0fc25e0f6f7d71c46838a021e7f481f4fc0187d208a83386,sanitized_technical_edition,Coverage and descriptive edition omits endpoint target labels; every retained field is unchanged.,EDIT_PUBLIC,40a77cd2e554e1cd0c10e67560df5694088aff96300cdf4800b39ef68432eed2
experiments/05_mental_pong/trajectory_project/condition_endpoint_fa_gpfa_v1/results/condition_self_comparison.csv,b525503ad65cfa1aa8fe038f9005ca5bdaf0cff3ec53ab9cfa3108b84ee272e3,b525503ad65cfa1aa8fe038f9005ca5bdaf0cff3ec53ab9cfa3108b84ee272e3,unchanged,Original publication bytes retained.,KEEP_PUBLIC,b525503ad65cfa1aa8fe038f9005ca5bdaf0cff3ec53ab9cfa3108b84ee272e3
experiments/05_mental_pong/trajectory_project/condition_endpoint_fa_gpfa_v1/results/coverage.csv,790b199261db46bd8be3b65bc14853bd9196fcc38318fea2ae946ab366b9dff3,790b199261db46bd8be3b65bc14853bd9196fcc38318fea2ae946ab366b9dff3,unchanged,Original publication bytes retained.,KEEP_PUBLIC,790b199261db46bd8be3b65bc14853bd9196fcc38318fea2ae946ab366b9dff3
experiments/05_mental_pong/trajectory_project/condition_endpoint_fa_gpfa_v1/results/cross_2x2_summary.csv,9d4d7986816c33cb167a40225e2fd08a4ac0da6ec24da270247edd4d0b948bfe,9d4d7986816c33cb167a40225e2fd08a4ac0da6ec24da270247edd4d0b948bfe,unchanged,Original publication bytes retained.,KEEP_PUBLIC,9d4d7986816c33cb167a40225e2fd08a4ac0da6ec24da270247edd4d0b948bfe
experiments/05_mental_pong/trajectory_project/condition_endpoint_fa_gpfa_v1/results/end_to_end_pilot.json,ca0a4dfeef9605ca0b7434363be4221fe865f9e8b34366eadff690765aadec11,ca0a4dfeef9605ca0b7434363be4221fe865f9e8b34366eadff690765aadec11,unchanged,Original publication bytes retained.,KEEP_PUBLIC,ca0a4dfeef9605ca0b7434363be4221fe865f9e8b34366eadff690765aadec11
experiments/05_mental_pong/trajectory_project/condition_endpoint_fa_gpfa_v1/results/figure_structural_checks.json,b40eb85c0424f95ff25093a6086826950205afe991b924ec227079b6d50adf20,0ab04b616636b1cb6750137a3834b081306d39376e9a9faab9aa9cd94313e668,editorial_revision,"Scientific wording, attribution, and reproducibility availability clarified.",EDIT_PUBLIC,b40eb85c0424f95ff25093a6086826950205afe991b924ec227079b6d50adf20
experiments/05_mental_pong/trajectory_project/condition_endpoint_fa_gpfa_v1/results/figure_visual_qa.json,555a000ee2e748fc8ebc5875531ebdd64ff05cb25303617829212a413f7daa0c,555a000ee2e748fc8ebc5875531ebdd64ff05cb25303617829212a413f7daa0c,unchanged,Original publication bytes retained.,KEEP_PUBLIC,555a000ee2e748fc8ebc5875531ebdd64ff05cb25303617829212a413f7daa0c
experiments/05_mental_pong/trajectory_project/condition_endpoint_fa_gpfa_v1/results/final_integrity_and_score_audit.json,4942165ae244ba2fa04eca176253de0ea6089ebe65d78d0ed6fcae8a61f5a55a,4942165ae244ba2fa04eca176253de0ea6089ebe65d78d0ed6fcae8a61f5a55a,unchanged,Original publication bytes retained.,KEEP_PUBLIC,4942165ae244ba2fa04eca176253de0ea6089ebe65d78d0ed6fcae8a61f5a55a
experiments/05_mental_pong/trajectory_project/condition_endpoint_fa_gpfa_v1/results/implementation_tests.json,3a7bb81ca1c4ad051f0ef0350998d0cf184cfe58f7ca0fb9b2093e6e53099b52,3a7bb81ca1c4ad051f0ef0350998d0cf184cfe58f7ca0fb9b2093e6e53099b52,unchanged,Original publication bytes retained.,KEEP_PUBLIC,3a7bb81ca1c4ad051f0ef0350998d0cf184cfe58f7ca0fb9b2093e6e53099b52
experiments/05_mental_pong/trajectory_project/condition_endpoint_fa_gpfa_v1/results/interpretation_summary.json,4e358d86e71b771e77bf50ee1bff3e3cb0acf647c72fbdbc5b28ffe7ed0dad37,7b980ca37a9d53ae149f373c147bdf6c2af2649baac011f8391cbea9634d410e,editorial_revision,"Scientific wording, attribution, and reproducibility availability clarified.",EDIT_PUBLIC,4e358d86e71b771e77bf50ee1bff3e3cb0acf647c72fbdbc5b28ffe7ed0dad37
experiments/05_mental_pong/trajectory_project/condition_endpoint_fa_gpfa_v1/results/ols_fit_audit.csv,aa648482e2e873e6d7b557e4ff8593d99f291b9fd033b62a6cbcff13cdb288c3,aa648482e2e873e6d7b557e4ff8593d99f291b9fd033b62a6cbcff13cdb288c3,unchanged,Original publication bytes retained.,KEEP_PUBLIC,aa648482e2e873e6d7b557e4ff8593d99f291b9fd033b62a6cbcff13cdb288c3
experiments/05_mental_pong/trajectory_project/condition_endpoint_fa_gpfa_v1/results/previous_trial_version_comparison.csv,2a391b7bedc6980f7d83d403374203a822482ffdae3c24b5e5acee07a88564ac,2a391b7bedc6980f7d83d403374203a822482ffdae3c24b5e5acee07a88564ac,unchanged,Original publication bytes retained.,KEEP_PUBLIC,2a391b7bedc6980f7d83d403374203a822482ffdae3c24b5e5acee07a88564ac
experiments/05_mental_pong/trajectory_project/condition_endpoint_fa_gpfa_v1/results/reused_representation_audit.json,c1e16be585842dbad0a812b0537b99184abcf44070b3965e4fe0ada3c495cc1a,c1e16be585842dbad0a812b0537b99184abcf44070b3965e4fe0ada3c495cc1a,unchanged,Original publication bytes retained.,KEEP_PUBLIC,c1e16be585842dbad0a812b0537b99184abcf44070b3965e4fe0ada3c495cc1a
experiments/05_mental_pong/trajectory_project/condition_endpoint_fa_gpfa_v1/results/round_cross_2x2.csv,4a359fa6b77dc38f274ab0f6c3471a6d6647b34af8692305d079227869d6c4df,4a359fa6b77dc38f274ab0f6c3471a6d6647b34af8692305d079227869d6c4df,unchanged,Original publication bytes retained.,KEEP_PUBLIC,4a359fa6b77dc38f274ab0f6c3471a6d6647b34af8692305d079227869d6c4df
experiments/05_mental_pong/trajectory_project/condition_endpoint_fa_gpfa_v1/results/round_self_metrics.csv,768caa48bc4e86787c4202a0ef2bd9cbd96771708e4ff69e36a4cd2bc7fabc46,768caa48bc4e86787c4202a0ef2bd9cbd96771708e4ff69e36a4cd2bc7fabc46,unchanged,Original publication bytes retained.,KEEP_PUBLIC,768caa48bc4e86787c4202a0ef2bd9cbd96771708e4ff69e36a4cd2bc7fabc46
experiments/05_mental_pong/trajectory_project/condition_endpoint_fa_gpfa_v1/results/self_reconstruction_main_table.csv,989991677474d794dab6455c7231ade8ab8aedc10022caacab3888d5f27e363e,989991677474d794dab6455c7231ade8ab8aedc10022caacab3888d5f27e363e,unchanged,Original publication bytes retained.,KEEP_PUBLIC,989991677474d794dab6455c7231ade8ab8aedc10022caacab3888d5f27e363e
experiments/05_mental_pong/trajectory_project/condition_endpoint_fa_gpfa_v1/reuse_audit.py,4ba4714510b76acc50345f1231cb1670b5d815dcaa672e3e9295dcc186b43f26,4ba4714510b76acc50345f1231cb1670b5d815dcaa672e3e9295dcc186b43f26,unchanged,Original publication bytes retained.,KEEP_PUBLIC,4ba4714510b76acc50345f1231cb1670b5d815dcaa672e3e9295dcc186b43f26
experiments/05_mental_pong/trajectory_project/condition_endpoint_fa_gpfa_v1/run_analysis.py,e5d845bc28480f4f792275bb9584b166e7112b5b15fd2333771721b091fd49b5,e5d845bc28480f4f792275bb9584b166e7112b5b15fd2333771721b091fd49b5,unchanged,Original publication bytes retained.,KEEP_PUBLIC,e5d845bc28480f4f792275bb9584b166e7112b5b15fd2333771721b091fd49b5
experiments/05_mental_pong/trajectory_project/condition_endpoint_fa_gpfa_v1/sources/label_sources.json,e65674399f120cbc322bf1f11ba14fed96c4bf971a45f0f10a9c6fbb23c70c0d,e65674399f120cbc322bf1f11ba14fed96c4bf971a45f0f10a9c6fbb23c70c0d,unchanged,Original publication bytes retained.,KEEP_PUBLIC,e65674399f120cbc322bf1f11ba14fed96c4bf971a45f0f10a9c6fbb23c70c0d
experiments/05_mental_pong/trajectory_project/condition_endpoint_fa_gpfa_v1/sources/prior_manifest_record.json,2c8d9f97c3f4454d8ce257017fafa857f49f0175be87436d4da5569ac5ef81f8,2c8d9f97c3f4454d8ce257017fafa857f49f0175be87436d4da5569ac5ef81f8,unchanged,Original publication bytes retained.,KEEP_PUBLIC,2c8d9f97c3f4454d8ce257017fafa857f49f0175be87436d4da5569ac5ef81f8
experiments/05_mental_pong/trajectory_project/condition_endpoint_fa_gpfa_v1/sources/runtime.json,5a146fbb4441d8e2beaba03207f409813dd120fe8297d2ac1ba559fa7e5fdc79,5a146fbb4441d8e2beaba03207f409813dd120fe8297d2ac1ba559fa7e5fdc79,unchanged,Original publication bytes retained.,KEEP_PUBLIC,5a146fbb4441d8e2beaba03207f409813dd120fe8297d2ac1ba559fa7e5fdc79
experiments/05_mental_pong/trajectory_project/condition_endpoint_fa_gpfa_v1/sources/source_trial_membership.json,bb41b76e35525011f4d1a2a8ce4ca9365628eaeceeb01ae7babb3a80c8dc3925,bb41b76e35525011f4d1a2a8ce4ca9365628eaeceeb01ae7babb3a80c8dc3925,unchanged,Original publication bytes retained.,KEEP_PUBLIC,bb41b76e35525011f4d1a2a8ce4ca9365628eaeceeb01ae7babb3a80c8dc3925
experiments/05_mental_pong/trajectory_project/condition_endpoint_fa_gpfa_v1/tests/test_condition_data.py,6d359d4baa390fb44840ebd162e5f05335baac157dd31740107cb53d986d7d1a,6d359d4baa390fb44840ebd162e5f05335baac157dd31740107cb53d986d7d1a,unchanged,Original publication bytes retained.,KEEP_PUBLIC,6d359d4baa390fb44840ebd162e5f05335baac157dd31740107cb53d986d7d1a
experiments/05_mental_pong/trajectory_project/condition_endpoint_fa_gpfa_v1/tests/test_decoding_condition.py,8fbad7afa71c84e878f708e9f815df5c33650d28bb6ea67a42c1d8ec188da638,8fbad7afa71c84e878f708e9f815df5c33650d28bb6ea67a42c1d8ec188da638,unchanged,Original publication bytes retained.,KEEP_PUBLIC,8fbad7afa71c84e878f708e9f815df5c33650d28bb6ea67a42c1d8ec188da638
experiments/05_mental_pong/trajectory_project/condition_endpoint_fa_gpfa_v1/tests/test_reuse_audit.py,80ccd0a9257c4e169e88e769ba814ecba772502d296def4cc72844f7ebb81376,80ccd0a9257c4e169e88e769ba814ecba772502d296def4cc72844f7ebb81376,unchanged,Original publication bytes retained.,KEEP_PUBLIC,80ccd0a9257c4e169e88e769ba814ecba772502d296def4cc72844f7ebb81376
experiments/05_mental_pong/trajectory_project/publication_reports.py,,f259691390316a1422e4bed88a8e1e7098cfd91162aa6264b861be4db04647ae,publication_adapter,"Public text generation, input/output routing, or bounded verification support.",EDIT_PUBLIC,
experiments/05_mental_pong/trajectory_project/report_templates/closeout_report.md.in,,af7f4229db89e3b1903f0779f5c70750d879c66b1ee7dfcde7459255e362246b,editorial_revision,"Scientific wording, attribution, and reproducibility availability clarified.",EDIT_PUBLIC,
experiments/05_mental_pong/trajectory_project/report_templates/closeout_summary.md.in,,1416e495d04e8c9370f6a30e4f5a089cae661342a88b70b2826726341a503a01,editorial_revision,"Scientific wording, attribution, and reproducibility availability clarified.",EDIT_PUBLIC,
experiments/05_mental_pong/trajectory_project/report_templates/condition_protocol_diff.md.in,,5d37b4c3db105697f52f42d12d7fe91d4cbc7826614f32c89d92b484df720cd1,editorial_revision,"Scientific wording, attribution, and reproducibility availability clarified.",EDIT_PUBLIC,
experiments/05_mental_pong/trajectory_project/report_templates/condition_readme.md.in,,065ef0cc6b29e2f86585da1942f5afa8eefd7788a26c880f52b84db65a166166,editorial_revision,"Scientific wording, attribution, and reproducibility availability clarified.",EDIT_PUBLIC,
experiments/05_mental_pong/trajectory_project/report_templates/condition_report.md.in,,ca4fda114c1f44196805770afc1a4112258148f283a08962d57c688ccdc780bb,editorial_revision,"Scientific wording, attribution, and reproducibility availability clarified.",EDIT_PUBLIC,
experiments/05_mental_pong/trajectory_project/report_templates/experiment_ledger.md.in,,16c541481b302f60109c18bbf2a17d3dd7a7b90cdbcc3dcfbf825896849d3acb,editorial_revision,"Scientific wording, attribution, and reproducibility availability clarified.",EDIT_PUBLIC,
experiments/05_mental_pong/trajectory_project/report_templates/future_design.md.in,,90ab496367a6ec66f4349d97fa6e6ab06bcd2811664445af7ce41f07285a832a,editorial_revision,"Scientific wording, attribution, and reproducibility availability clarified.",EDIT_PUBLIC,
experiments/05_mental_pong/trajectory_project/report_templates/mean_cancellation.md.in,,f8ffd48ed111ce8cc60fc9011f8b3932bda44a06d55bfc19f842a0a0f768ff59,editorial_revision,"Scientific wording, attribution, and reproducibility availability clarified.",EDIT_PUBLIC,
experiments/05_mental_pong/trajectory_project/report_templates/posthoc_cases.md.in,,41073df0a34b9e9bf158d9f45fe6767b484da4b29192f86c5386c3294771c4b9,editorial_revision,"Scientific wording, attribution, and reproducibility availability clarified.",EDIT_PUBLIC,
experiments/05_mental_pong/trajectory_project/runtime_paths.py,891269fcf83320e75563290170bd3f7b7da7b561d3e806dc311a7a86e1eec4aa,891269fcf83320e75563290170bd3f7b7da7b561d3e806dc311a7a86e1eec4aa,unchanged,Original publication bytes retained.,KEEP_PUBLIC,891269fcf83320e75563290170bd3f7b7da7b561d3e806dc311a7a86e1eec4aa
experiments/05_mental_pong/trajectory_project/step3_io.py,5d5c499be5907eb0a0eaf8d2005d8872ba6558f304a1ace56c68dbd5ebebe9d0,cc945a2d8f29efc072dbbca4ab780b465c278f7af7a896f181833d15964f8d38,publication_adapter,"Public text generation, input/output routing, or bounded verification support.",EDIT_PUBLIC,5aec430377654ca4b17052c851358ad04c3093d3c18f330f03f75edc93732de1
experiments/05_mental_pong/trajectory_project/trial_endpoint_fa_gpfa_v1/__init__.py,bbd6936143cdbceb028e1916b71e034f4724f3517d8e46c41e603bd18bfeae84,bbd6936143cdbceb028e1916b71e034f4724f3517d8e46c41e603bd18bfeae84,unchanged,Original publication bytes retained.,KEEP_PUBLIC,bbd6936143cdbceb028e1916b71e034f4724f3517d8e46c41e603bd18bfeae84
experiments/05_mental_pong/trajectory_project/trial_endpoint_fa_gpfa_v1/causal_readout_audit.py,475c8a204bae30d433eda189b017983e1119c4ebe19d8adb8205c18908d3481f,b5b2e1f612e8d7092ca562be5793fa4fe7a0986393a44877b87693b770b35cc5,publication_adapter,"Public text generation, input/output routing, or bounded verification support.",EDIT_PUBLIC,475c8a204bae30d433eda189b017983e1119c4ebe19d8adb8205c18908d3481f
experiments/05_mental_pong/trajectory_project/trial_endpoint_fa_gpfa_v1/configs/analysis_protocol.json,a27b8a1d3c77e5bbf33ead5c347b5a1457420a4bf49442906a0ed8b59180c9ec,4fb693dc35f72b108188deb35ed678d376f25767a910c560a0188e61ea296bf9,editorial_revision,"Scientific wording, attribution, and reproducibility availability clarified.",EDIT_PUBLIC,a27b8a1d3c77e5bbf33ead5c347b5a1457420a4bf49442906a0ed8b59180c9ec
experiments/05_mental_pong/trajectory_project/trial_endpoint_fa_gpfa_v1/configs/condition_splits_100.json,dbd9f694ec190d046b1d000b31c5196ca41661df8d539ea17fa6b5ecf7c196f0,dbd9f694ec190d046b1d000b31c5196ca41661df8d539ea17fa6b5ecf7c196f0,unchanged,Original publication bytes retained.,KEEP_PUBLIC,dbd9f694ec190d046b1d000b31c5196ca41661df8d539ea17fa6b5ecf7c196f0
experiments/05_mental_pong/trajectory_project/trial_endpoint_fa_gpfa_v1/configs/figure_trial_examples.json,61cdf45aea9e28a43cf773e59dac80544ff739c51d4316492d9cb6a1db70b2ba,61cdf45aea9e28a43cf773e59dac80544ff739c51d4316492d9cb6a1db70b2ba,unchanged,Original publication bytes retained.,KEEP_PUBLIC,61cdf45aea9e28a43cf773e59dac80544ff739c51d4316492d9cb6a1db70b2ba
experiments/05_mental_pong/trajectory_project/trial_endpoint_fa_gpfa_v1/configs/label_geometry_protocol.json,5514f198447097bb9b98007cb9d146966a08ade870538925fc99494cf62b7fd3,5514f198447097bb9b98007cb9d146966a08ade870538925fc99494cf62b7fd3,unchanged,Original publication bytes retained.,KEEP_PUBLIC,5514f198447097bb9b98007cb9d146966a08ade870538925fc99494cf62b7fd3
experiments/05_mental_pong/trajectory_project/trial_endpoint_fa_gpfa_v1/configs/protocol_lock.json,918bdf494fb76df79a28d3db0f1c0e16242b591fd2d87fd8c553282d9e8bcdc7,918bdf494fb76df79a28d3db0f1c0e16242b591fd2d87fd8c553282d9e8bcdc7,unchanged,Original publication bytes retained.,KEEP_PUBLIC,918bdf494fb76df79a28d3db0f1c0e16242b591fd2d87fd8c553282d9e8bcdc7
experiments/05_mental_pong/trajectory_project/trial_endpoint_fa_gpfa_v1/configs/representation_config.json,c088a3c4fec4f69dfee876aa5918d3de4fc7c7054f716e883a78eecd4d99fa24,c088a3c4fec4f69dfee876aa5918d3de4fc7c7054f716e883a78eecd4d99fa24,unchanged,Original publication bytes retained.,KEEP_PUBLIC,c088a3c4fec4f69dfee876aa5918d3de4fc7c7054f716e883a78eecd4d99fa24
experiments/05_mental_pong/trajectory_project/trial_endpoint_fa_gpfa_v1/decoding_trial.py,ee854fdad87af9e49302301f6a45a3dfe58655f1b654c52557887b23151a2d6c,c7c1476015dd6040b0e38d10f569d59ec9a9588f2c35dc1397f949c318fc7274,publication_adapter,"Public text generation, input/output routing, or bounded verification support.",EDIT_PUBLIC,ee854fdad87af9e49302301f6a45a3dfe58655f1b654c52557887b23151a2d6c
experiments/05_mental_pong/trajectory_project/trial_endpoint_fa_gpfa_v1/export_trial.py,167dda489274e867202a820b4c55ab667adf604fa7476b0a78b0d304039fb276,167dda489274e867202a820b4c55ab667adf604fa7476b0a78b0d304039fb276,unchanged,Original publication bytes retained.,KEEP_PUBLIC,167dda489274e867202a820b4c55ab667adf604fa7476b0a78b0d304039fb276
experiments/05_mental_pong/trajectory_project/trial_endpoint_fa_gpfa_v1/final_validation.py,2fa6d1b437903e24b54bf76eba6c11d9e68bfd3b08b0c7fac36ffab7ee817092,2fa6d1b437903e24b54bf76eba6c11d9e68bfd3b08b0c7fac36ffab7ee817092,unchanged,Original publication bytes retained.,KEEP_PUBLIC,2fa6d1b437903e24b54bf76eba6c11d9e68bfd3b08b0c7fac36ffab7ee817092
experiments/05_mental_pong/trajectory_project/trial_endpoint_fa_gpfa_v1/hierarchy_summary.py,164feb1629a02caef984f42a60b5497cc74f7d311df700eb916c80edf866c83b,164feb1629a02caef984f42a60b5497cc74f7d311df700eb916c80edf866c83b,unchanged,Original publication bytes retained.,KEEP_PUBLIC,164feb1629a02caef984f42a60b5497cc74f7d311df700eb916c80edf866c83b
experiments/05_mental_pong/trajectory_project/trial_endpoint_fa_gpfa_v1/plotting_trial.py,df5e7f68a566d0833e0d3cb8d6e78ecb4cd2deea3bafd5532d30806d364ec54c,6e529c28ebcdd87030d9979c082a5bcd596119106bb06b3986e22ae7ed65fee0,publication_adapter,"Public text generation, input/output routing, or bounded verification support.",EDIT_PUBLIC,df5e7f68a566d0833e0d3cb8d6e78ecb4cd2deea3bafd5532d30806d364ec54c
experiments/05_mental_pong/trajectory_project/trial_endpoint_fa_gpfa_v1/project_setup.py,8a78eac1bbfa6b7bf1898abd79443b05d57e8a97cede153cc0d0b79c2d214ab3,6bd04f5df4c1ecfee0ca58cfd1fb01460e3c54e9b3995c8e6609fe822eda5017,publication_adapter,"Public text generation, input/output routing, or bounded verification support.",EDIT_PUBLIC,8a78eac1bbfa6b7bf1898abd79443b05d57e8a97cede153cc0d0b79c2d214ab3
experiments/05_mental_pong/trajectory_project/trial_endpoint_fa_gpfa_v1/reporting_trial.py,353511c1b828b2cf42ca218dfe2bea9d77cbd55a6109003834a60adc9083a5c1,e36d870e994b98e39a8d2a335119cf036c09dbfe321fe563de9934a6ecf7efe3,publication_adapter,"Public text generation, input/output routing, or bounded verification support.",EDIT_PUBLIC,66d6027a20d3e68de5b98b08c410945b9ee70337e017323c687a99545e6df315
experiments/05_mental_pong/trajectory_project/trial_endpoint_fa_gpfa_v1/representations.py,67eae61281a7d0c388086d3a42dc52a2a94c0cf5d6e22feec07a4463a2f8e442,67eae61281a7d0c388086d3a42dc52a2a94c0cf5d6e22feec07a4463a2f8e442,unchanged,Original publication bytes retained.,KEEP_PUBLIC,67eae61281a7d0c388086d3a42dc52a2a94c0cf5d6e22feec07a4463a2f8e442
experiments/05_mental_pong/trajectory_project/trial_endpoint_fa_gpfa_v1/run_analysis.py,6ee0e3a00f0a411ec1e6073f5aff445b5556308fc1a2d245c33d4eb12ee0e513,6ee0e3a00f0a411ec1e6073f5aff445b5556308fc1a2d245c33d4eb12ee0e513,unchanged,Original publication bytes retained.,KEEP_PUBLIC,6ee0e3a00f0a411ec1e6073f5aff445b5556308fc1a2d245c33d4eb12ee0e513
experiments/05_mental_pong/trajectory_project/trial_endpoint_fa_gpfa_v1/tests/test_causal_readout_audit.py,99a18d7e2495d41f0067d14783456b78f8b1994142b77aeb5d6b1b8b0d4217b8,99a18d7e2495d41f0067d14783456b78f8b1994142b77aeb5d6b1b8b0d4217b8,unchanged,Original publication bytes retained.,KEEP_PUBLIC,99a18d7e2495d41f0067d14783456b78f8b1994142b77aeb5d6b1b8b0d4217b8
experiments/05_mental_pong/trajectory_project/trial_endpoint_fa_gpfa_v1/tests/test_decoding_trial.py,0dcfbb482e0ad1ea3e745efdce50c8069330df61f9ed3e409e044a57756a1439,0dcfbb482e0ad1ea3e745efdce50c8069330df61f9ed3e409e044a57756a1439,unchanged,Original publication bytes retained.,KEEP_PUBLIC,0dcfbb482e0ad1ea3e745efdce50c8069330df61f9ed3e409e044a57756a1439
experiments/05_mental_pong/trajectory_project/trial_endpoint_fa_gpfa_v1/tests/test_hierarchy_summary.py,9ed8faf2f8ffe6e513397ed6d37c69f339cc9183c8a1e3c5bb7f951a2d192f5a,9ed8faf2f8ffe6e513397ed6d37c69f339cc9183c8a1e3c5bb7f951a2d192f5a,unchanged,Original publication bytes retained.,KEEP_PUBLIC,9ed8faf2f8ffe6e513397ed6d37c69f339cc9183c8a1e3c5bb7f951a2d192f5a
experiments/05_mental_pong/trajectory_project/trial_endpoint_fa_gpfa_v1/tests/test_representations.py,eb426902d513b536ca9ced9ae22ba02cc35e27d8d8cb53709dc5c45c5e45b283,eb426902d513b536ca9ced9ae22ba02cc35e27d8d8cb53709dc5c45c5e45b283,unchanged,Original publication bytes retained.,KEEP_PUBLIC,eb426902d513b536ca9ced9ae22ba02cc35e27d8d8cb53709dc5c45c5e45b283
experiments/05_mental_pong/trajectory_project/trial_endpoint_fa_gpfa_v1/tests/test_trial_data.py,ec000daa64be74e22cfa504f0d3297c0156660bc2949ea0f3bed78ac4a17f317,ec000daa64be74e22cfa504f0d3297c0156660bc2949ea0f3bed78ac4a17f317,unchanged,Original publication bytes retained.,KEEP_PUBLIC,ec000daa64be74e22cfa504f0d3297c0156660bc2949ea0f3bed78ac4a17f317
experiments/05_mental_pong/trajectory_project/trial_endpoint_fa_gpfa_v1/trial_data.py,e21558e7ffd8118cac69a69a4a81ec8c4c12d0347b92aabcf2b21518ced9440a,31b29245fe687ca176f87cb88012f6686d63e81cf1b3715c08b945cdc2edecc0,publication_adapter,"Public text generation, input/output routing, or bounded verification support.",EDIT_PUBLIC,e21558e7ffd8118cac69a69a4a81ec8c4c12d0347b92aabcf2b21518ced9440a
models/gpfa_model_comparison/gpfa.pkl,8fb3a6c1aec03a1bf91323ddb896b8c82b8eb44e63c715f73f87318db656f99b,,intentional_retirement,Payload withheld pending a documented redistribution basis; original bytes retained externally.,RIGHTS_HOLD,8fb3a6c1aec03a1bf91323ddb896b8c82b8eb44e63c715f73f87318db656f99b
models/gpfa_model_comparison/preprocessing.npz,16371f35125e4b9406dda185136fa2420df962d4b2c5862b3ffb2e3a62e5f07d,,intentional_retirement,Payload withheld pending a documented redistribution basis; original bytes retained externally.,RIGHTS_HOLD,16371f35125e4b9406dda185136fa2420df962d4b2c5862b3ffb2e3a62e5f07d
models/gpfa_reliability/gpfa.pkl,eef5ee1d8fa5eb928ac7988ee979bd93a4ec98b111b88b37ee63c911e1fa8b84,,intentional_retirement,Payload withheld pending a documented redistribution basis; original bytes retained externally.,RIGHTS_HOLD,eef5ee1d8fa5eb928ac7988ee979bd93a4ec98b111b88b37ee63c911e1fa8b84
models/gpfa_reliability/preprocessing.npz,2cecb5e4e68a3d8e3062576b7a02af9f5594619664f086c1dd77850478da04a1,,intentional_retirement,Payload withheld pending a documented redistribution basis; original bytes retained externally.,RIGHTS_HOLD,2cecb5e4e68a3d8e3062576b7a02af9f5594619664f086c1dd77850478da04a1
models/official_dynamic/best.pt,263d7abb29956934d529e8ad600337a8ea0930f4ff6d8b0dd0d08e94849e072f,,intentional_retirement,Payload withheld pending a documented redistribution basis; original bytes retained externally.,RIGHTS_HOLD,263d7abb29956934d529e8ad600337a8ea0930f4ff6d8b0dd0d08e94849e072f
models/parameter_matched_dynamic/best.pt,210bf9b0d0e7da6dce93680b383c70ff3626df9f83f25024f818085f86c8ae72,,intentional_retirement,Payload withheld pending a documented redistribution basis; original bytes retained externally.,RIGHTS_HOLD,210bf9b0d0e7da6dce93680b383c70ff3626df9f83f25024f818085f86c8ae72
models/parameter_matched_dynamic/epoch_65_validation_matched.pth,6c2aaf90a2897a369d04e245995adfca8883329fe3b3d6371da905bd7d82158d,,intentional_retirement,Payload withheld pending a documented redistribution basis; original bytes retained externally.,RIGHTS_HOLD,6c2aaf90a2897a369d04e245995adfca8883329fe3b3d6371da905bd7d82158d
models/static_on_dynamic/best.pt,23773f48c6e439f4df828b8a8b31e4bdd0f5e045970474d2d461553d50eaed77,,intentional_retirement,Payload withheld pending a documented redistribution basis; original bytes retained externally.,RIGHTS_HOLD,23773f48c6e439f4df828b8a8b31e4bdd0f5e045970474d2d461553d50eaed77
results/figures/figure-1-experimental-workflow.png,b0c2ac59da011f4720e533576c6ee7c56325e310a49f7045f3855cc7dd1917b8,a727dcd6e1546e8eea83c0643ec82dab3b7ca169e18a6d6b7dc057963edb862a,presentation_render,Figure text and layout from preserved scientific values.,EDIT_PUBLIC,b0c2ac59da011f4720e533576c6ee7c56325e310a49f7045f3855cc7dd1917b8
results/figures/figure-1-experimental-workflow.svg,76b97b59fae6f2f6c6092c670ac16c14ce66025d46b9a636ef1bbfd7432674d8,722fdd63bacbe30972b6ebb013d08f521aeff23a8eb8d3d08eaf67ca40f85caf,presentation_render,Figure text and layout from preserved scientific values.,EDIT_PUBLIC,76b97b59fae6f2f6c6092c670ac16c14ce66025d46b9a636ef1bbfd7432674d8
results/figures/figure-2-static-dynamic-comparison.png,db3fa4b4b1dc1caff116638080631039135d1c1121401409c5e659e985fda356,589628751f199628ffc3295374d3e2e946e18648ce7e9e752a644e1801b6feb8,presentation_render,Rerendered from saved scientific values with revised English labels and layout.,KEEP_PUBLIC,589628751f199628ffc3295374d3e2e946e18648ce7e9e752a644e1801b6feb8
results/figures/figure-2-static-dynamic-comparison.svg,278f7bb9f073367945950b9068ef127ae953bd6903b7d795907babe1d67535a5,15328a2f2c9a4f906adc3af24322f8e303c47d47e30f8bcedd33356bbfeaecce,presentation_render,Rerendered from saved scientific values with revised English labels and layout.,KEEP_PUBLIC,15328a2f2c9a4f906adc3af24322f8e303c47d47e30f8bcedd33356bbfeaecce
results/figures/figure-3-temporal-ablation.png,a7adf5bfed8fd372412196cdadccf7e8f3dce5dd3ee71187c6dd14c8912c5b29,a7015b84bf28d92b67496cc50313382b0111374f7761b9ba9abf5e78385cfeb3,presentation_render,Figure text and layout from preserved scientific values.,EDIT_PUBLIC,a7adf5bfed8fd372412196cdadccf7e8f3dce5dd3ee71187c6dd14c8912c5b29
results/figures/figure-3-temporal-ablation.svg,431938f1a8150cb88aa90ef30e3753a38995e2728ad8eb3e31d1a2ac599c86b5,f68942c04bdf08ebc3ffc609cb0efa523c3913bc2fc062beb816f907de83c554,presentation_render,Figure text and layout from preserved scientific values.,EDIT_PUBLIC,431938f1a8150cb88aa90ef30e3753a38995e2728ad8eb3e31d1a2ac599c86b5
results/manifests/mental_pong_integration.json,328c53d42ce4a15e169a6fd504cd3824e8fe46a6159cd0ea34febcad3a121145,328c53d42ce4a15e169a6fd504cd3824e8fe46a6159cd0ea34febcad3a121145,unchanged,Original publication bytes retained.,KEEP_PUBLIC,328c53d42ce4a15e169a6fd504cd3824e8fe46a6159cd0ea34febcad3a121145
results/manifests/model_files.csv,78531df8530a3dd0a685f08dae084c6063074d932c2781e2ae9b15fcde154010,252d77f8cac1ea31f8aba29ddb0d38b8d3ff3d5da9ffc2ab6bc9a87127e03870,editorial_revision,"Scientific wording, attribution, and reproducibility availability clarified.",EDIT_PUBLIC,78531df8530a3dd0a685f08dae084c6063074d932c2781e2ae9b15fcde154010
results/study_evidence_index.csv,84a13b853ac98ed5b1b7f9c28e5958b9c6a379e8ccfcd5e510e92987c0cf01fa,ad9541491755a03a6a49f6acfff7644e798ed7546fc753b846b74f7883462b14,editorial_revision,"Scientific wording, attribution, and reproducibility availability clarified.",EDIT_PUBLIC,84a13b853ac98ed5b1b7f9c28e5958b9c6a379e8ccfcd5e510e92987c0cf01fa
results/tables/01_baselines/official_dynamic_oracle.json,b05e8b61ee96268d76037e37fff7276eb44dd4b94ef98a345afbc68f1c0d8df0,b05e8b61ee96268d76037e37fff7276eb44dd4b94ef98a345afbc68f1c0d8df0,unchanged,Original publication bytes retained.,KEEP_PUBLIC,b05e8b61ee96268d76037e37fff7276eb44dd4b94ef98a345afbc68f1c0d8df0
results/tables/01_baselines/static_on_dynamic_oracle.json,edd1d416d28cdcfa7292913ef5bfccc4f41b1f886c04a69560cfed839f44c70f,edd1d416d28cdcfa7292913ef5bfccc4f41b1f886c04a69560cfed839f44c70f,unchanged,Original publication bytes retained.,KEEP_PUBLIC,edd1d416d28cdcfa7292913ef5bfccc4f41b1f886c04a69560cfed839f44c70f
results/tables/02_gpfa_reliability/behavior_conditioned_prior.json,d5e40dfb440a7ec87337e119ff0a5d7413cb6fdfe9c6613cac8cf7d351c8f432,d5e40dfb440a7ec87337e119ff0a5d7413cb6fdfe9c6613cac8cf7d351c8f432,unchanged,Original publication bytes retained.,KEEP_PUBLIC,d5e40dfb440a7ec87337e119ff0a5d7413cb6fdfe9c6613cac8cf7d351c8f432
results/tables/02_gpfa_reliability/data_audit.json,af04835a6e645679d3a5ecd8cb04382953ec7e17dd5a91505c777937a5f00509,af04835a6e645679d3a5ecd8cb04382953ec7e17dd5a91505c777937a5f00509,unchanged,Original publication bytes retained.,KEEP_PUBLIC,af04835a6e645679d3a5ecd8cb04382953ec7e17dd5a91505c777937a5f00509
results/tables/02_gpfa_reliability/model_selection.csv,302bdb03ae0f6adc32a9d6f400a587b1f85061b2a8d0208552b6c023cfbe9893,302bdb03ae0f6adc32a9d6f400a587b1f85061b2a8d0208552b6c023cfbe9893,unchanged,Original publication bytes retained.,KEEP_PUBLIC,302bdb03ae0f6adc32a9d6f400a587b1f85061b2a8d0208552b6c023cfbe9893
results/tables/02_gpfa_reliability/null_distributions.csv,0fc406a418fbeb761cadc206c110a44b66f84329366dfda2cf46d85c7a4c84cf,0fc406a418fbeb761cadc206c110a44b66f84329366dfda2cf46d85c7a4c84cf,unchanged,Original publication bytes retained.,KEEP_PUBLIC,0fc406a418fbeb761cadc206c110a44b66f84329366dfda2cf46d85c7a4c84cf
results/tables/02_gpfa_reliability/reliability_summary.csv,ecb24d60e84054f7e41db67ddaed3e5f9c134a0aa62b9a4bf7e667de2d615f8e,ecb24d60e84054f7e41db67ddaed3e5f9c134a0aa62b9a4bf7e667de2d615f8e,unchanged,Original publication bytes retained.,KEEP_PUBLIC,ecb24d60e84054f7e41db67ddaed3e5f9c134a0aa62b9a4bf7e667de2d615f8e
results/tables/02_gpfa_reliability/run_summary.json,2c456cc28d10e90bda33fb22e280c026391b6931581ac38127fe391f9953a1d0,2c456cc28d10e90bda33fb22e280c026391b6931581ac38127fe391f9953a1d0,unchanged,Original publication bytes retained.,KEEP_PUBLIC,2c456cc28d10e90bda33fb22e280c026391b6931581ac38127fe391f9953a1d0
results/tables/02_gpfa_reliability/saturation/nulls_latent_dim_12.csv,ceecf425b3482f5c221c9e2f0f99b4bf40dbef7031c3982acfb79b5a80c67ad6,ceecf425b3482f5c221c9e2f0f99b4bf40dbef7031c3982acfb79b5a80c67ad6,unchanged,Original publication bytes retained.,KEEP_PUBLIC,ceecf425b3482f5c221c9e2f0f99b4bf40dbef7031c3982acfb79b5a80c67ad6
results/tables/02_gpfa_reliability/saturation/nulls_latent_dim_16.csv,91318c39a2e6c3efcb82b19d7e310dc5845cefe3b6cd01393f296d952b42237b,91318c39a2e6c3efcb82b19d7e310dc5845cefe3b6cd01393f296d952b42237b,unchanged,Original publication bytes retained.,KEEP_PUBLIC,91318c39a2e6c3efcb82b19d7e310dc5845cefe3b6cd01393f296d952b42237b
results/tables/02_gpfa_reliability/saturation/nulls_latent_dim_4.csv,7c64ce1195b2fd4dd22591c4d15b79a9201fc5d017e2e4f26cb57f76979695d0,7c64ce1195b2fd4dd22591c4d15b79a9201fc5d017e2e4f26cb57f76979695d0,unchanged,Original publication bytes retained.,KEEP_PUBLIC,7c64ce1195b2fd4dd22591c4d15b79a9201fc5d017e2e4f26cb57f76979695d0
results/tables/02_gpfa_reliability/saturation/nulls_latent_dim_8.csv,8e5bd191b587f5929129713a31d41cd20da19109293198c50f590e601ae3395c,8e5bd191b587f5929129713a31d41cd20da19109293198c50f590e601ae3395c,unchanged,Original publication bytes retained.,KEEP_PUBLIC,8e5bd191b587f5929129713a31d41cd20da19109293198c50f590e601ae3395c
results/tables/02_gpfa_reliability/saturation/nulls_neuron_count_1024.csv,e69b52ce3440f36c0817be8bfc0695de6e9db461b81f8ce4049b62e19ce60b81,e69b52ce3440f36c0817be8bfc0695de6e9db461b81f8ce4049b62e19ce60b81,unchanged,Original publication bytes retained.,KEEP_PUBLIC,e69b52ce3440f36c0817be8bfc0695de6e9db461b81f8ce4049b62e19ce60b81
results/tables/02_gpfa_reliability/saturation/nulls_neuron_count_128.csv,051a397a08a508755124c2678388c9971218d9b1a72a9543d1249b42ec7b9d15,051a397a08a508755124c2678388c9971218d9b1a72a9543d1249b42ec7b9d15,unchanged,Original publication bytes retained.,KEEP_PUBLIC,051a397a08a508755124c2678388c9971218d9b1a72a9543d1249b42ec7b9d15
results/tables/02_gpfa_reliability/saturation/nulls_neuron_count_256.csv,610ea06c7084ba0b5c31c94e4f63439eb5aff07b5fa7565b9c464c0b51000971,610ea06c7084ba0b5c31c94e4f63439eb5aff07b5fa7565b9c464c0b51000971,unchanged,Original publication bytes retained.,KEEP_PUBLIC,610ea06c7084ba0b5c31c94e4f63439eb5aff07b5fa7565b9c464c0b51000971
results/tables/02_gpfa_reliability/saturation/nulls_neuron_count_512.csv,f2bf56442d52acbcb0db142554e18c0d4e1b59df0c925c8c5a1128d572b11526,f2bf56442d52acbcb0db142554e18c0d4e1b59df0c925c8c5a1128d572b11526,unchanged,Original publication bytes retained.,KEEP_PUBLIC,f2bf56442d52acbcb0db142554e18c0d4e1b59df0c925c8c5a1128d572b11526
results/tables/02_gpfa_reliability/saturation/nulls_observation_step_1.csv,72a4a6117ba2d2dc5fa1e8ea2f76c3e400e47b0de62228594e82fc4070989c6c,72a4a6117ba2d2dc5fa1e8ea2f76c3e400e47b0de62228594e82fc4070989c6c,unchanged,Original publication bytes retained.,KEEP_PUBLIC,72a4a6117ba2d2dc5fa1e8ea2f76c3e400e47b0de62228594e82fc4070989c6c
results/tables/02_gpfa_reliability/saturation/nulls_observation_step_4.csv,106fca28134c76743d10ca260b34e0bd4efa9a3793487a6fa436da8472f5856c,106fca28134c76743d10ca260b34e0bd4efa9a3793487a6fa436da8472f5856c,unchanged,Original publication bytes retained.,KEEP_PUBLIC,106fca28134c76743d10ca260b34e0bd4efa9a3793487a6fa436da8472f5856c
results/tables/02_gpfa_reliability/saturation/nulls_random_seed_2718.csv,b229e123d48feea3aae26826bf14c067560233994ad8fddf2016046732970d49,b229e123d48feea3aae26826bf14c067560233994ad8fddf2016046732970d49,unchanged,Original publication bytes retained.,KEEP_PUBLIC,b229e123d48feea3aae26826bf14c067560233994ad8fddf2016046732970d49
results/tables/02_gpfa_reliability/saturation/nulls_random_seed_314.csv,a9db39b7230c8be42825ca1586f90b73b2eba920ffd3abf0a7dabffacf055930,a9db39b7230c8be42825ca1586f90b73b2eba920ffd3abf0a7dabffacf055930,unchanged,Original publication bytes retained.,KEEP_PUBLIC,a9db39b7230c8be42825ca1586f90b73b2eba920ffd3abf0a7dabffacf055930
results/tables/02_gpfa_reliability/saturation/nulls_random_seed_42.csv,b3148e5f4a6ee94356888de2103acb51810f535e95ecad91b13aad4a88d9fb01,b3148e5f4a6ee94356888de2103acb51810f535e95ecad91b13aad4a88d9fb01,unchanged,Original publication bytes retained.,KEEP_PUBLIC,b3148e5f4a6ee94356888de2103acb51810f535e95ecad91b13aad4a88d9fb01
results/tables/02_gpfa_reliability/saturation/nulls_split_count_500.csv,a9176020c7dfd8aa0bdf481128a61d909c5e73bd821662db20768e93e509ad4a,a9176020c7dfd8aa0bdf481128a61d909c5e73bd821662db20768e93e509ad4a,unchanged,Original publication bytes retained.,KEEP_PUBLIC,a9176020c7dfd8aa0bdf481128a61d909c5e73bd821662db20768e93e509ad4a
results/tables/02_gpfa_reliability/saturation/nulls_train_fraction_0.25.csv,684760cd69e605e9380a1f0c1415e4d94a61280bb2bcd7255d2926e3b15cfc78,684760cd69e605e9380a1f0c1415e4d94a61280bb2bcd7255d2926e3b15cfc78,unchanged,Original publication bytes retained.,KEEP_PUBLIC,684760cd69e605e9380a1f0c1415e4d94a61280bb2bcd7255d2926e3b15cfc78
results/tables/02_gpfa_reliability/saturation/nulls_train_fraction_0.5.csv,8f19d3b14976be6b30063a2e431293f244f51c17762e17389637b2b94b18bb0f,8f19d3b14976be6b30063a2e431293f244f51c17762e17389637b2b94b18bb0f,unchanged,Original publication bytes retained.,KEEP_PUBLIC,8f19d3b14976be6b30063a2e431293f244f51c17762e17389637b2b94b18bb0f
results/tables/02_gpfa_reliability/saturation/nulls_train_fraction_0.75.csv,14c2de063aaea41c6c9bf22ae7ed33ab1048a2cd490bc4a9c84479d4fc6d77bc,14c2de063aaea41c6c9bf22ae7ed33ab1048a2cd490bc4a9c84479d4fc6d77bc,unchanged,Original publication bytes retained.,KEEP_PUBLIC,14c2de063aaea41c6c9bf22ae7ed33ab1048a2cd490bc4a9c84479d4fc6d77bc
results/tables/02_gpfa_reliability/saturation/nulls_train_fraction_1.0.csv,88e1ca3dacac59e99535b5f853ba738ed2e0584f9a94eb2e418c417112c0d2c2,88e1ca3dacac59e99535b5f853ba738ed2e0584f9a94eb2e418c417112c0d2c2,unchanged,Original publication bytes retained.,KEEP_PUBLIC,88e1ca3dacac59e99535b5f853ba738ed2e0584f9a94eb2e418c417112c0d2c2
results/tables/02_gpfa_reliability/saturation/saturation_metrics.csv,fea73fef3097041d4cf926eff669ce6d13885dd53406317f8280b4f21a422b62,fea73fef3097041d4cf926eff669ce6d13885dd53406317f8280b4f21a422b62,unchanged,Original publication bytes retained.,KEEP_PUBLIC,fea73fef3097041d4cf926eff669ce6d13885dd53406317f8280b4f21a422b62
results/tables/02_gpfa_reliability/saturation/saturation_runs.json,42f1ecf1bf0f0a969be3a38b1e8a67fd0f5d95b9749dc4382774b9fe126aa8f4,42f1ecf1bf0f0a969be3a38b1e8a67fd0f5d95b9749dc4382774b9fe126aa8f4,unchanged,Original publication bytes retained.,KEEP_PUBLIC,42f1ecf1bf0f0a969be3a38b1e8a67fd0f5d95b9749dc4382774b9fe126aa8f4
results/tables/02_gpfa_reliability/saturation/saturation_summary.json,9975811139ab1ff78216ac2891b4d889ca7fe62e1df2f695c6861a006e2bb855,9975811139ab1ff78216ac2891b4d889ca7fe62e1df2f695c6861a006e2bb855,unchanged,Original publication bytes retained.,KEEP_PUBLIC,9975811139ab1ff78216ac2891b4d889ca7fe62e1df2f695c6861a006e2bb855
results/tables/02_gpfa_reliability/saturation/split_count_convergence.csv,05dd5b379316fe62c9251055b39b37b012f7cc3db2b34cb71d138c6f66f25f41,05dd5b379316fe62c9251055b39b37b012f7cc3db2b34cb71d138c6f66f25f41,unchanged,Original publication bytes retained.,KEEP_PUBLIC,05dd5b379316fe62c9251055b39b37b012f7cc3db2b34cb71d138c6f66f25f41
results/tables/02_gpfa_reliability/saturation/split_count_nulls_500.csv,3edc5d3ab9e88b0ef431edad8c7319d951f981bb7fd01339e26d070e4fe53331,3edc5d3ab9e88b0ef431edad8c7319d951f981bb7fd01339e26d070e4fe53331,unchanged,Original publication bytes retained.,KEEP_PUBLIC,3edc5d3ab9e88b0ef431edad8c7319d951f981bb7fd01339e26d070e4fe53331
results/tables/02_gpfa_reliability/saturation/split_count_observed_500.csv,c71aee02655984d6e0d6575db32cb1d8ed1c0d4d45beb002eaede81b8c57e266,c71aee02655984d6e0d6575db32cb1d8ed1c0d4d45beb002eaede81b8c57e266,unchanged,Original publication bytes retained.,KEEP_PUBLIC,c71aee02655984d6e0d6575db32cb1d8ed1c0d4d45beb002eaede81b8c57e266
results/tables/02_gpfa_reliability/saturation/split_count_summary.json,90a03ad34a3ae970c3b2396556f373243ef10721fd757d06d36430c52128b16d,90a03ad34a3ae970c3b2396556f373243ef10721fd757d06d36430c52128b16d,unchanged,Original publication bytes retained.,KEEP_PUBLIC,90a03ad34a3ae970c3b2396556f373243ef10721fd757d06d36430c52128b16d
results/tables/02_gpfa_reliability/split_half_observed.csv,585608a62b95a19fdafac3e8bd877e3f7cbcfedc7bb555063b73c655fa17ba3c,585608a62b95a19fdafac3e8bd877e3f7cbcfedc7bb555063b73c655fa17ba3c,unchanged,Original publication bytes retained.,KEEP_PUBLIC,585608a62b95a19fdafac3e8bd877e3f7cbcfedc7bb555063b73c655fa17ba3c
results/tables/03_parameter_matching/parameter_matched_dynamic_oracle.json,4cd2f5e76c55e830ff851fd96618aae2b4da7f3c02aa8314987e154c753b0a8a,4cd2f5e76c55e830ff851fd96618aae2b4da7f3c02aa8314987e154c753b0a8a,unchanged,Original publication bytes retained.,KEEP_PUBLIC,4cd2f5e76c55e830ff851fd96618aae2b4da7f3c02aa8314987e154c753b0a8a
results/tables/04_model_comparison/extended_prediction_summary.json,92e967893e48f67a41a84a5a82ea93dffa9e5bf12ae003bc8398135b5a28b439,92e967893e48f67a41a84a5a82ea93dffa9e5bf12ae003bc8398135b5a28b439,unchanged,Original publication bytes retained.,KEEP_PUBLIC,92e967893e48f67a41a84a5a82ea93dffa9e5bf12ae003bc8398135b5a28b439
results/tables/04_model_comparison/gpfa_model_metrics.csv,7cb50c652706294e93919b403c441a0ad798f1025c94561101d7e4778b5a2b93,7cb50c652706294e93919b403c441a0ad798f1025c94561101d7e4778b5a2b93,unchanged,Original publication bytes retained.,KEEP_PUBLIC,7cb50c652706294e93919b403c441a0ad798f1025c94561101d7e4778b5a2b93
results/tables/04_model_comparison/gpfa_model_null_summary.csv,cd330752a66dfbb5db5f7a2cfbfa1edd15b3e446e47ff8c8295568ce44f872ba,cd330752a66dfbb5db5f7a2cfbfa1edd15b3e446e47ff8c8295568ce44f872ba,unchanged,Original publication bytes retained.,KEEP_PUBLIC,cd330752a66dfbb5db5f7a2cfbfa1edd15b3e446e47ff8c8295568ce44f872ba
results/tables/04_model_comparison/gpfa_model_nulls.csv,ad83fcbbc0e1a2fcb57a49fe55d0d8a742b4161bc193e102110df57dd13f09df,ad83fcbbc0e1a2fcb57a49fe55d0d8a742b4161bc193e102110df57dd13f09df,unchanged,Original publication bytes retained.,KEEP_PUBLIC,ad83fcbbc0e1a2fcb57a49fe55d0d8a742b4161bc193e102110df57dd13f09df
results/tables/04_model_comparison/gpfa_model_paired_bootstrap.csv,fd7fbc3b2a22bfc27821e9c9a5d5ed2eba408d39c082ddef43d3713addbfffa0,fd7fbc3b2a22bfc27821e9c9a5d5ed2eba408d39c082ddef43d3713addbfffa0,unchanged,Original publication bytes retained.,KEEP_PUBLIC,fd7fbc3b2a22bfc27821e9c9a5d5ed2eba408d39c082ddef43d3713addbfffa0
results/tables/04_model_comparison/gpfa_model_paired_bootstrap_raw.csv,d867fbf5753085bb277d9c57b37b63dd9c3e061d094c88fd95ca56a184e0cb64,d867fbf5753085bb277d9c57b37b63dd9c3e061d094c88fd95ca56a184e0cb64,unchanged,Original publication bytes retained.,KEEP_PUBLIC,d867fbf5753085bb277d9c57b37b63dd9c3e061d094c88fd95ca56a184e0cb64
results/tables/04_model_comparison/gpfa_model_selection.csv,c33381e4bbccb79018b6e25953406d9ba90d920d85269099c585c0ea1a8bebf7,c33381e4bbccb79018b6e25953406d9ba90d920d85269099c585c0ea1a8bebf7,unchanged,Original publication bytes retained.,KEEP_PUBLIC,c33381e4bbccb79018b6e25953406d9ba90d920d85269099c585c0ea1a8bebf7
results/tables/04_model_comparison/gpfa_model_summary.json,c7a3a553e7dcda51e68a7855ea73ab890ab1821bc80fb13ea59e6bdd3f622795,c7a3a553e7dcda51e68a7855ea73ab890ab1821bc80fb13ea59e6bdd3f622795,unchanged,Original publication bytes retained.,KEEP_PUBLIC,c7a3a553e7dcda51e68a7855ea73ab890ab1821bc80fb13ea59e6bdd3f622795
results/tables/04_model_comparison/gpfa_reliability_nulls.csv,55cad330e74b5edfed6b614f5243ec6eae515be0fffd2e109965fb196a2aaa87,55cad330e74b5edfed6b614f5243ec6eae515be0fffd2e109965fb196a2aaa87,unchanged,Original publication bytes retained.,KEEP_PUBLIC,55cad330e74b5edfed6b614f5243ec6eae515be0fffd2e109965fb196a2aaa87
results/tables/04_model_comparison/gpfa_reliability_observed.csv,db63274fb856036acfc79b9ab4c42b0804a558cdeac62078b0c0b8f32554b678,db63274fb856036acfc79b9ab4c42b0804a558cdeac62078b0c0b8f32554b678,unchanged,Original publication bytes retained.,KEEP_PUBLIC,db63274fb856036acfc79b9ab4c42b0804a558cdeac62078b0c0b8f32554b678
results/tables/04_model_comparison/gpfa_reliability_summary.csv,4bc3e94e96864f4a61b872ec23f93185fc7c9e9f6a5ba447f98f269faf269d70,4bc3e94e96864f4a61b872ec23f93185fc7c9e9f6a5ba447f98f269faf269d70,unchanged,Original publication bytes retained.,KEEP_PUBLIC,4bc3e94e96864f4a61b872ec23f93185fc7c9e9f6a5ba447f98f269faf269d70
results/tables/04_model_comparison/gpfa_run_summary.json,613dc4fb3581c1fa4fbc62c455d407406450996ef95118306093c604e4b9a4ff,613dc4fb3581c1fa4fbc62c455d407406450996ef95118306093c604e4b9a4ff,unchanged,Original publication bytes retained.,KEEP_PUBLIC,613dc4fb3581c1fa4fbc62c455d407406450996ef95118306093c604e4b9a4ff
results/tables/04_model_comparison/prediction_summary.json,d2e944822dbd2a9f8dda5c77cb41230035aa2513fe2f1465a4fe2a6bbb5a9d9e,d2e944822dbd2a9f8dda5c77cb41230035aa2513fe2f1465a4fe2a6bbb5a9d9e,unchanged,Original publication bytes retained.,KEEP_PUBLIC,d2e944822dbd2a9f8dda5c77cb41230035aa2513fe2f1465a4fe2a6bbb5a9d9e
results/tables/04_model_comparison/protocol_lock.json,cb2e5edd136ed1b2ae7371b8c897545c178e288a1691d300f0f64b5ad3fc60d4,cb2e5edd136ed1b2ae7371b8c897545c178e288a1691d300f0f64b5ad3fc60d4,unchanged,Original publication bytes retained.,KEEP_PUBLIC,cb2e5edd136ed1b2ae7371b8c897545c178e288a1691d300f0f64b5ad3fc60d4
results/tables/04_model_comparison/q1_q6_answers.json,afcc0259c9d2730c26c18d168b0737828d14fb8a8aeb678e9fc0b481d85c3886,bed7408e5913f8ba1a068a51be744175b1efbbd1114bbc79e13b4a2894de6182,editorial_revision,"Scientific wording, attribution, and reproducibility availability clarified.",EDIT_PUBLIC,afcc0259c9d2730c26c18d168b0737828d14fb8a8aeb678e9fc0b481d85c3886
results/tables/04_model_comparison/q2_condition_conventional_bootstrap.csv,115af2c715f38db2c3ed5893e9abe2ceb12d607c23659ce1508e63b446661bb2,115af2c715f38db2c3ed5893e9abe2ceb12d607c23659ce1508e63b446661bb2,unchanged,Original publication bytes retained.,KEEP_PUBLIC,115af2c715f38db2c3ed5893e9abe2ceb12d607c23659ce1508e63b446661bb2
results/tables/04_model_comparison/q4_response_score_matched_output_gpfa_bootstrap.csv,c31e68f6bbd433b97a69aed65ef0f9e6add0bcff604405148508d2c5b6281444,c31e68f6bbd433b97a69aed65ef0f9e6add0bcff604405148508d2c5b6281444,unchanged,Original publication bytes retained.,KEEP_PUBLIC,c31e68f6bbd433b97a69aed65ef0f9e6add0bcff604405148508d2c5b6281444
results/tables/04_model_comparison/q5_temporal_ablation_curve.csv,89b6a218382583b8254fbc00847c7950b231c8f888508b69ba7cd8788af8a445,89b6a218382583b8254fbc00847c7950b231c8f888508b69ba7cd8788af8a445,unchanged,Original publication bytes retained.,KEEP_PUBLIC,89b6a218382583b8254fbc00847c7950b231c8f888508b69ba7cd8788af8a445
results/tables/04_model_comparison/q5_temporal_ablation_monotonicity.csv,881f9c14e0b3033d69983284c1257c3aea1f5239bd4263c8db6573883ac7a139,881f9c14e0b3033d69983284c1257c3aea1f5239bd4263c8db6573883ac7a139,unchanged,Original publication bytes retained.,KEEP_PUBLIC,881f9c14e0b3033d69983284c1257c3aea1f5239bd4263c8db6573883ac7a139
results/tables/04_model_comparison/q6_candidate_metrics.csv,3944cbe12ddef29d7b36e5b6bad20d41e9f62726fcdf018faf34d87d657f2e9e,3944cbe12ddef29d7b36e5b6bad20d41e9f62726fcdf018faf34d87d657f2e9e,unchanged,Original publication bytes retained.,KEEP_PUBLIC,3944cbe12ddef29d7b36e5b6bad20d41e9f62726fcdf018faf34d87d657f2e9e
results/tables/04_model_comparison/q6_leave_family_out_errors.csv,1eae73026ca9cb4d742aec4192105817ba3915da8dde168fadf634d810003003,1eae73026ca9cb4d742aec4192105817ba3915da8dde168fadf634d810003003,unchanged,Original publication bytes retained.,KEEP_PUBLIC,1eae73026ca9cb4d742aec4192105817ba3915da8dde168fadf634d810003003
results/tables/04_model_comparison/sensitivity/sensitivity_metrics.csv,5e7614cf83ffb3898a20d3367bd75763b33f273a4cf8e86ae513240bd3878324,5e7614cf83ffb3898a20d3367bd75763b33f273a4cf8e86ae513240bd3878324,unchanged,Original publication bytes retained.,KEEP_PUBLIC,5e7614cf83ffb3898a20d3367bd75763b33f273a4cf8e86ae513240bd3878324
results/tables/04_model_comparison/sensitivity/sensitivity_null_summary.csv,cb4ba9580459066ec55afd4541ae48506eee6d352a2fe015ed25e5397b880ab2,cb4ba9580459066ec55afd4541ae48506eee6d352a2fe015ed25e5397b880ab2,unchanged,Original publication bytes retained.,KEEP_PUBLIC,cb4ba9580459066ec55afd4541ae48506eee6d352a2fe015ed25e5397b880ab2
results/tables/04_model_comparison/sensitivity/sensitivity_runs.json,8ba8095407ab5f65328d7da9f73cf6f309300f8d0055d4ba8b59f9835ec2a000,8ba8095407ab5f65328d7da9f73cf6f309300f8d0055d4ba8b59f9835ec2a000,unchanged,Original publication bytes retained.,KEEP_PUBLIC,8ba8095407ab5f65328d7da9f73cf6f309300f8d0055d4ba8b59f9835ec2a000
results/tables/04_model_comparison/sensitivity/sensitivity_summary.json,753ac43e8e181b7cb094f10f2a0dadf57602bbbfe6560d5a727352052af8ce82,753ac43e8e181b7cb094f10f2a0dadf57602bbbfe6560d5a727352052af8ce82,unchanged,Original publication bytes retained.,KEEP_PUBLIC,753ac43e8e181b7cb094f10f2a0dadf57602bbbfe6560d5a727352052af8ce82
results/tables/04_model_comparison/sensitivity/split_count_convergence.csv,3b7448447078907983e20309f3896499e49e8865b1af021d1fdf719a9fc8ddad,3b7448447078907983e20309f3896499e49e8865b1af021d1fdf719a9fc8ddad,unchanged,Original publication bytes retained.,KEEP_PUBLIC,3b7448447078907983e20309f3896499e49e8865b1af021d1fdf719a9fc8ddad
results/tables/04_model_comparison/traditional_metrics.csv,1a33c12d0018d219f72c04c14b91bd8d920eaab859f32f5e1586bf643edb5dc1,1a33c12d0018d219f72c04c14b91bd8d920eaab859f32f5e1586bf643edb5dc1,unchanged,Original publication bytes retained.,KEEP_PUBLIC,1a33c12d0018d219f72c04c14b91bd8d920eaab859f32f5e1586bf643edb5dc1
results/tables/04_model_comparison/traditional_paired_bootstrap.csv,9c9adf5111191a491fbbdf60fd952c93dd9b1e1df39526aabf9eb29c179610e4,9c9adf5111191a491fbbdf60fd952c93dd9b1e1df39526aabf9eb29c179610e4,unchanged,Original publication bytes retained.,KEEP_PUBLIC,9c9adf5111191a491fbbdf60fd952c93dd9b1e1df39526aabf9eb29c179610e4
results/tables/04_model_comparison/traditional_summary.json,2041a4a1ebaaaac0dc850c82bd9f13adf90a0186a1599bda08d990158255ff14,2041a4a1ebaaaac0dc850c82bd9f13adf90a0186a1599bda08d990158255ff14,unchanged,Original publication bytes retained.,KEEP_PUBLIC,2041a4a1ebaaaac0dc850c82bd9f13adf90a0186a1599bda08d990158255ff14
scripts/make_core_figures.js,2619afbd7355ae2d1de5138f2303642a89104b1064b94becb50e2f1e21f97606,eb925affe846a87739463f87409b66863c232f74a5f700bf3b38c0fb748c8c5f,publication_adapter,"Public text generation, input/output routing, or bounded verification support.",EDIT_PUBLIC,6680400aaab3db661b46ac74e5f7ff4c66116711e45b6dce09a9b917988db43e
scripts/verify_integration.py,6a1931bda36a31e143824d3265c39f7e58aef805c208c4c85c98634d3073ebac,2bcc78cd2754060bd0ece5d16ba6c38aede23e823721feab336d042abf700838,publication_adapter,"Public text generation, input/output routing, or bounded verification support.",EDIT_PUBLIC,6a1931bda36a31e143824d3265c39f7e58aef805c208c4c85c98634d3073ebac
third_party/licenses/MentalPong-MIT.txt,bf37820d6f7473eda45cd46bf0e41cfe390aa4d4dfa25afa561b1af422c15b2b,bf37820d6f7473eda45cd46bf0e41cfe390aa4d4dfa25afa561b1af422c15b2b,unchanged,Original publication bytes retained.,KEEP_PUBLIC,bf37820d6f7473eda45cd46bf0e41cfe390aa4d4dfa25afa561b1af422c15b2b
third_party/licenses/NEURALPREDICTORS-MIT.txt,6faa77a94408007f613cb39d65c5dcc98ab71f0827b17fb85f022820e76044d4,6faa77a94408007f613cb39d65c5dcc98ab71f0827b17fb85f022820e76044d4,unchanged,Original publication bytes retained.,KEEP_PUBLIC,6faa77a94408007f613cb39d65c5dcc98ab71f0827b17fb85f022820e76044d4
third_party/licenses/SENSORIUM-2022-MIT.txt,8c1af26cbc4456a441a8c2adadf88599c50a1081ac9f39ac46b98af4eb5c47a4,8c1af26cbc4456a441a8c2adadf88599c50a1081ac9f39ac46b98af4eb5c47a4,unchanged,Original publication bytes retained.,KEEP_PUBLIC,8c1af26cbc4456a441a8c2adadf88599c50a1081ac9f39ac46b98af4eb5c47a4
