source_artifact_id,source_sha256,destination,destination_sha256,change_class,reason,verification_status
preservation_snapshot:target_before/.gitattributes,8d59509e63e6a3395a14654a9590c49ae8f96eedf6ae3d66d49c47c3e7aca97d,.gitattributes,eee0b0f0c22e147956c3cf193a68e079ae6c42ce9d2a10bc795e2e3e39a8bab0,editorial_revision,Historical public prose edition; source identity retained.,source_and_destination_verified
preservation_snapshot:target_before/.gitignore,4a0a7aa5f3edd4e3450792889a18d0b7fe079fdc8b305f101f8350ff74721a46,.gitignore,906ecc4db83fd729eb26895ab49f5c917176782ef8d765d99b6395a57b31c159,editorial_revision,Historical public prose edition; source identity retained.,source_and_destination_verified
preservation_snapshot:target_before/AUTHORS.md,9b346f5d5181111c6fb1670ca5e658074ab6785d544c5b6226fca0b5f9b21503,AUTHORS.md,9b346f5d5181111c6fb1670ca5e658074ab6785d544c5b6226fca0b5f9b21503,unchanged_scientific_artifact,Byte-identical source artifact.,source_and_destination_verified
preservation_snapshot:target_before/CITATION.cff,e2220e579f12180c99c36464d65c3c80ad496bc7205f71d0124bf55fa34e2a4c,CITATION.cff,303d1bfdb82b79529fff450f01e809763b2e90cec3121da3e73afe95f98827a0,editorial_revision,Historical public prose edition; source identity retained.,source_and_destination_verified
preservation_snapshot:target_before/LICENSE,254be3376a54a829d4ec49fd0fdb325e4ca0b947b107e1610fa04a9694d74ab9,LICENSE,254be3376a54a829d4ec49fd0fdb325e4ca0b947b107e1610fa04a9694d74ab9,unchanged_scientific_artifact,Byte-identical source artifact.,source_and_destination_verified
preservation_snapshot:target_before/README.md,a1d04063dc0b17dc65b68bbfe2da68a9e667cef135208f4f336fc661d89926a1,README.md,6720399458c323c66943e2da08f2f1207e6f53357346964dc39bda24d4571016,editorial_revision,Historical public prose edition; source identity retained.,source_and_destination_verified
preservation_snapshot:target_before/THIRD_PARTY_NOTICES.md,b870ac4932b85154ed8cc4484b1e27243445b2b5605d79bfcd3c89e1bd972640,THIRD_PARTY_NOTICES.md,c9661551706676d5ce6ddc144049cc973b261fc1b669ed5670014553e770349a,editorial_revision,Historical public prose edition; source identity retained.,source_and_destination_verified
preservation_snapshot:target_before/data/.gitkeep,01ba4719c80b6fe911b091a7c05124b64eeece964e09c058ef8f9805daca546b,data/.gitkeep,01ba4719c80b6fe911b091a7c05124b64eeece964e09c058ef8f9805daca546b,unchanged_scientific_artifact,Byte-identical source artifact.,source_and_destination_verified
preservation_snapshot:target_before/docs/DATA_AND_REPRODUCIBILITY.md,4a5b874cb603c968ec4afa501c6e9bf3595b768ff3d487260092dea16faf6adb,docs/DATA_AND_REPRODUCIBILITY.md,d4232bb6cb02e15102b8301f89f2dfd87970448fe7c80fc516f6da17e8a2af81,editorial_revision,Historical public prose edition; source identity retained.,source_and_destination_verified
preservation_snapshot:target_before/docs/DESIGN_RATIONALE.md,5ed8aee674ac1c5b66ad7e398c52a6fc70f566b9b3457c6c13058857191b98c2,docs/DESIGN_RATIONALE.md,a5130a16f9247c0800b42d9ae8cd92b9da1f68804db169011cfe9f7888bc3e2c,editorial_revision,Historical public prose edition; source identity retained.,source_and_destination_verified
integration:docs/FUTURE_DIRECTIONS.md,,docs/FUTURE_DIRECTIONS.md,06942f2964d78c8107d0099184e437dea859d4f8ac3aca6229c345d9e013c238,integration_metadata,"New integration document, adapter, or verification record.",created_for_integration
preservation_snapshot:target_before/docs/GPFA_VALIDATION.md,fded80a9f33bdf8480dccb4c9e32ed60a6533bc9022a161d529d320571b36996,docs/GPFA_VALIDATION.md,b5ce3e2e88bd25f04f8071027499d239b0936c894969dad5fd142db8a09bad5f,editorial_revision,Historical public prose edition; source identity retained.,source_and_destination_verified
source_pilot:trajectory_project/closeout_v1/future_design.md,4fbcf98f4c4fb6ecbd9cec5f33bb64bee09af02b6ecf82d255ce21df612fa7df,docs/MENTAL_PONG.md,4f63264b3cf699df4e5b7ee10f6f8551318298f905295e82e0f3c00321c5016b,editorial_revision,Historical public prose edition; source identity retained.,source_and_destination_verified
preservation_snapshot:target_before/docs/METHODS.md,76d264f4dcdd1d3f53284c75da99d36cb37f4212764e79d63dc08e275dceee5c,docs/METHODS.md,7c8b44fc2604de957c07719ed4a1cd6235e39b0b47e4d612a1c5dbb3c0c09146,editorial_revision,Historical public prose edition; source identity retained.,source_and_destination_verified
preservation_snapshot:target_before/docs/RESULTS.md,0d12ddff81218860868cc84219a4c7efee0e34c1127ebb88b87bdde189e6e0ee,docs/RESULTS.md,92fd48b646aa5def0628e7ebe95bb35f409510e885d2235ebd6f99b8273d35ec,editorial_revision,Historical public prose edition; source identity retained.,source_and_destination_verified
integration:docs/WRITING_GUIDE.md,,docs/WRITING_GUIDE.md,4f51a683e23e4ce77ac7e93e3786fb609b7291a88d8efade18451bf595e45c14,integration_metadata,"New integration document, adapter, or verification record.",created_for_integration
preservation_snapshot:target_before/docs/results/Q1_Q6_ANSWERS.md,49a3cbc3c2f74c0b87c1581f5f4124565ba65079c194fc47e343a1778b816cfa,docs/results/Q1_Q6_ANSWERS.md,ef23dcc7039059598efb9797559c4b1bca7656e56f65cb841ce94743c7520b15,editorial_revision,Historical public prose edition; source identity retained.,source_and_destination_verified
preservation_snapshot:target_before/docs/supplementary/implementation/EXPERIMENT_MATRIX.md,63829d1a7792c257b431731f3c256f36e737486f604571575e587487158df4ae,docs/supplementary/implementation/EXPERIMENT_MATRIX.md,6a0b0c1d2f1b495ccb5c73e58f0d5db00f3f6bc3c9e20fa2ab2fd301c70c18e4,editorial_revision,Historical public prose edition; source identity retained.,source_and_destination_verified
preservation_snapshot:target_before/docs/supplementary/model_reports/DYNAMIC_MODEL.md,de6ba371ee7f03fdc187542b71a7834e41f5a26f924f79b7e39b0ce0f911780f,docs/supplementary/model_reports/DYNAMIC_MODEL.md,ab99833818efb08bfafb32fa7c04935ac65a03c7d59c32fb56d96fba6c0c19f3,editorial_revision,Historical public prose edition; source identity retained.,source_and_destination_verified
preservation_snapshot:target_before/docs/supplementary/model_reports/PARAMETER_MATCHED_DYNAMIC.md,ce3423bd91c0af687a9b61475bd8b80a4418f76f160874a9b855a9d788804e39,docs/supplementary/model_reports/PARAMETER_MATCHED_DYNAMIC.md,3eb0371db233dac86e5848340739cb4d9ff0edc39a7fc89705717e2219c2e876,editorial_revision,Historical public prose edition; source identity retained.,source_and_destination_verified
preservation_snapshot:target_before/docs/supplementary/model_reports/STATIC_MODEL.md,2b9238457c5347b5ce881c20dc971291bef12204a2551b7a120e54f909ed35d3,docs/supplementary/model_reports/STATIC_MODEL.md,68cddad1b17debb29e65a02f6e4f37b55dfd98f1de5e0123b9ab025700530557,editorial_revision,Historical public prose edition; source identity retained.,source_and_destination_verified
preservation_snapshot:target_before/docs/supplementary/protocols/GPFA_PROTOCOL_LOCKED.md,f9671efbb3aea7cce5d8b58f02cff1fb6ced1f67bb8a932863c8870c8902978b,docs/supplementary/protocols/GPFA_PROTOCOL_LOCKED.md,f9671efbb3aea7cce5d8b58f02cff1fb6ced1f67bb8a932863c8870c8902978b,unchanged_scientific_artifact,Byte-identical source artifact.,source_and_destination_verified
preservation_snapshot:target_before/docs/supplementary/validation/GPFA_DIAGNOSTICS.md,460a83af0e59c5a7e9f048b371e59b7fecb19fa7e2a07afad65f828423ea009e,docs/supplementary/validation/GPFA_DIAGNOSTICS.md,460a83af0e59c5a7e9f048b371e59b7fecb19fa7e2a07afad65f828423ea009e,unchanged_scientific_artifact,Byte-identical source artifact.,source_and_destination_verified
preservation_snapshot:target_before/experiments/01_baselines/README.md,d925891c770eb86819ffd210fc200af369a623b992c1c8f149c5cd475e93c6ce,experiments/01_baselines/README.md,a9d7b65d7a1e79d528996fef34db5e2c34b4eae50c7d4502d3e87f4e728cf360,editorial_revision,Historical public prose edition; source identity retained.,source_and_destination_verified
preservation_snapshot:target_before/experiments/01_baselines/configs/phase1A_dynamic_official.yaml,ddbbe626e0af7593fadeb3532bd94e37a3ce4f631a0d5e4a0f5964c3e28a706d,experiments/01_baselines/configs/phase1A_dynamic_official.yaml,ddbbe626e0af7593fadeb3532bd94e37a3ce4f631a0d5e4a0f5964c3e28a706d,unchanged_scientific_artifact,Byte-identical source artifact.,source_and_destination_verified
preservation_snapshot:target_before/experiments/01_baselines/configs/static_dynamic_sensorium2023.yaml,9b0e25e4fb56afc9ec13fca0f48d4143825dbc2c9be26a988dd6e012bffc2fdd,experiments/01_baselines/configs/static_dynamic_sensorium2023.yaml,9b0e25e4fb56afc9ec13fca0f48d4143825dbc2c9be26a988dd6e012bffc2fdd,unchanged_scientific_artifact,Byte-identical source artifact.,source_and_destination_verified
preservation_snapshot:target_before/experiments/01_baselines/pyproject.toml,e54e2fce65778bff410c4cdd320cdebf30c252fc4a7b57c5f9e3ef7b9da4f401,experiments/01_baselines/pyproject.toml,e54e2fce65778bff410c4cdd320cdebf30c252fc4a7b57c5f9e3ef7b9da4f401,unchanged_scientific_artifact,Byte-identical source artifact.,source_and_destination_verified
preservation_snapshot:target_before/experiments/01_baselines/records/dynamic/architecture_audit.json,fbe068e43bcc649d265259489c71c4247cc210439a6d217b5dd327cacbb1be0e,experiments/01_baselines/records/dynamic/architecture_audit.json,fbe068e43bcc649d265259489c71c4247cc210439a6d217b5dd327cacbb1be0e,unchanged_scientific_artifact,Byte-identical source artifact.,source_and_destination_verified
preservation_snapshot:target_before/experiments/01_baselines/records/dynamic/dynamic_official_model.txt,3f186c22d331e0ceaa5e7b2647514c12f876b308d5bc78522948c6844c29ba13,experiments/01_baselines/records/dynamic/dynamic_official_model.txt,3f186c22d331e0ceaa5e7b2647514c12f876b308d5bc78522948c6844c29ba13,unchanged_scientific_artifact,Byte-identical source artifact.,source_and_destination_verified
preservation_snapshot:target_before/experiments/01_baselines/records/dynamic/official_evaluation.json,b05e8b61ee96268d76037e37fff7276eb44dd4b94ef98a345afbc68f1c0d8df0,experiments/01_baselines/records/dynamic/official_evaluation.json,b05e8b61ee96268d76037e37fff7276eb44dd4b94ef98a345afbc68f1c0d8df0,unchanged_scientific_artifact,Byte-identical source artifact.,source_and_destination_verified
preservation_snapshot:target_before/experiments/01_baselines/records/dynamic/optimizer_configuration.json,bc232f0890141578f23e7e201bb0b073ec5447db02dfd89d3e59edbb1213a447,experiments/01_baselines/records/dynamic/optimizer_configuration.json,bc232f0890141578f23e7e201bb0b073ec5447db02dfd89d3e59edbb1213a447,unchanged_scientific_artifact,Byte-identical source artifact.,source_and_destination_verified
preservation_snapshot:target_before/experiments/01_baselines/records/dynamic/random_seed.json,92cb7f047bb75a8c9e5fc3e5cd2b6b798867d19e8dbfcd4bb4c9d9d159458a2d,experiments/01_baselines/records/dynamic/random_seed.json,92cb7f047bb75a8c9e5fc3e5cd2b6b798867d19e8dbfcd4bb4c9d9d159458a2d,unchanged_scientific_artifact,Byte-identical source artifact.,source_and_destination_verified
preservation_snapshot:target_before/experiments/01_baselines/records/dynamic/scheduler_configuration.json,1c62d92c0ed140dff4434155636b22e28b667fe8c9b718070deb35908b9ea58a,experiments/01_baselines/records/dynamic/scheduler_configuration.json,1c62d92c0ed140dff4434155636b22e28b667fe8c9b718070deb35908b9ea58a,unchanged_scientific_artifact,Byte-identical source artifact.,source_and_destination_verified
preservation_snapshot:target_before/experiments/01_baselines/records/dynamic/temporal_alignment.json,41404a09c0ef7d0a93b7ade52fbc9c9af1e0f60de040c06834ca336596b458d0,experiments/01_baselines/records/dynamic/temporal_alignment.json,41404a09c0ef7d0a93b7ade52fbc9c9af1e0f60de040c06834ca336596b458d0,unchanged_scientific_artifact,Byte-identical source artifact.,source_and_destination_verified
preservation_snapshot:target_before/experiments/01_baselines/records/dynamic/training_config.yaml,e63fcb352dbf7bd0315381b4d3283b20077ceb03c1af45b6ef141746815f4ec8,experiments/01_baselines/records/dynamic/training_config.yaml,e63fcb352dbf7bd0315381b4d3283b20077ceb03c1af45b6ef141746815f4ec8,unchanged_scientific_artifact,Byte-identical source artifact.,source_and_destination_verified
preservation_snapshot:target_before/experiments/01_baselines/records/dynamic/training_summary.json,2489d1d6e5ee66008c29411bb2c22491a6f8f61ae63cd3b90687515273ae3fd1,experiments/01_baselines/records/dynamic/training_summary.json,2489d1d6e5ee66008c29411bb2c22491a6f8f61ae63cd3b90687515273ae3fd1,unchanged_scientific_artifact,Byte-identical source artifact.,source_and_destination_verified
preservation_snapshot:target_before/experiments/01_baselines/records/dynamic/validation_events.jsonl,63165be02ffdc40acb25802211cd094db55674c392f75711e6d2c58e71390e90,experiments/01_baselines/records/dynamic/validation_events.jsonl,63165be02ffdc40acb25802211cd094db55674c392f75711e6d2c58e71390e90,unchanged_scientific_artifact,Byte-identical source artifact.,source_and_destination_verified
preservation_snapshot:target_before/experiments/01_baselines/records/static/architecture_audit.json,01ce43cd8d23a935627fdee12b0f032013860502a48e4d64bb1cd8130c78c415,experiments/01_baselines/records/static/architecture_audit.json,01ce43cd8d23a935627fdee12b0f032013860502a48e4d64bb1cd8130c78c415,unchanged_scientific_artifact,Byte-identical source artifact.,source_and_destination_verified
preservation_snapshot:target_before/experiments/01_baselines/records/static/model_architecture.txt,d7e1b9ea2193e3e9cf24dc6b80ff124fcb87f14856d1e385d7d72bc96a940607,experiments/01_baselines/records/static/model_architecture.txt,d7e1b9ea2193e3e9cf24dc6b80ff124fcb87f14856d1e385d7d72bc96a940607,unchanged_scientific_artifact,Byte-identical source artifact.,source_and_destination_verified
preservation_snapshot:target_before/experiments/01_baselines/records/static/official_evaluation.json,edd1d416d28cdcfa7292913ef5bfccc4f41b1f886c04a69560cfed839f44c70f,experiments/01_baselines/records/static/official_evaluation.json,edd1d416d28cdcfa7292913ef5bfccc4f41b1f886c04a69560cfed839f44c70f,unchanged_scientific_artifact,Byte-identical source artifact.,source_and_destination_verified
preservation_snapshot:target_before/experiments/01_baselines/records/static/training_config.yaml,6ab522cebcc262c1346f9680c76bbf1f6a25562e8678f7bd84b1046850b3362b,experiments/01_baselines/records/static/training_config.yaml,6ab522cebcc262c1346f9680c76bbf1f6a25562e8678f7bd84b1046850b3362b,unchanged_scientific_artifact,Byte-identical source artifact.,source_and_destination_verified
preservation_snapshot:target_before/experiments/01_baselines/records/static/training_summary.json,8458be1ecae57fc1d34b882669c310687841e1de8246417dd2e61562ef584b6f,experiments/01_baselines/records/static/training_summary.json,8458be1ecae57fc1d34b882669c310687841e1de8246417dd2e61562ef584b6f,unchanged_scientific_artifact,Byte-identical source artifact.,source_and_destination_verified
preservation_snapshot:target_before/experiments/01_baselines/records/static/validation_events.jsonl,8095905cf20374e2488d4d35b0010cc679b3bb459050ac004098e0b91484420f,experiments/01_baselines/records/static/validation_events.jsonl,8095905cf20374e2488d4d35b0010cc679b3bb459050ac004098e0b91484420f,unchanged_scientific_artifact,Byte-identical source artifact.,source_and_destination_verified
preservation_snapshot:target_before/experiments/01_baselines/src/trajectory_eval/__init__.py,04471912ce96a689b8c932192f724c1cbc9f5f121a805afd934d1a2e9a4d84e4,experiments/01_baselines/src/trajectory_eval/__init__.py,04471912ce96a689b8c932192f724c1cbc9f5f121a805afd934d1a2e9a4d84e4,unchanged_scientific_artifact,Byte-identical source artifact.,source_and_destination_verified
preservation_snapshot:target_before/experiments/01_baselines/src/trajectory_eval/config.py,7ca4e51a229325e92acebf07283abad9798fd91e2ba0cf38e5dfb447a3435020,experiments/01_baselines/src/trajectory_eval/config.py,7ca4e51a229325e92acebf07283abad9798fd91e2ba0cf38e5dfb447a3435020,unchanged_scientific_artifact,Byte-identical source artifact.,source_and_destination_verified
preservation_snapshot:target_before/experiments/01_baselines/src/trajectory_eval/official_dynamic.py,add9f11df0cd5c55f6939a0812ca6b1f9f16d779b21e3c9e9257a54241d40aeb,experiments/01_baselines/src/trajectory_eval/official_dynamic.py,add9f11df0cd5c55f6939a0812ca6b1f9f16d779b21e3c9e9257a54241d40aeb,unchanged_scientific_artifact,Byte-identical source artifact.,source_and_destination_verified
preservation_snapshot:target_before/experiments/01_baselines/src/trajectory_eval/static_dynamic.py,99487afeb757687d8035024363516ed720a0d0dd4232825129f9bb82f75f3ef6,experiments/01_baselines/src/trajectory_eval/static_dynamic.py,99487afeb757687d8035024363516ed720a0d0dd4232825129f9bb82f75f3ef6,unchanged_scientific_artifact,Byte-identical source artifact.,source_and_destination_verified
preservation_snapshot:target_before/experiments/01_baselines/tests/test_official_dynamic_locks.py,2119f34ab6032b1806ac7c8f5e5496e2dd8aa08191f601714c61e863ecc46df7,experiments/01_baselines/tests/test_official_dynamic_locks.py,2119f34ab6032b1806ac7c8f5e5496e2dd8aa08191f601714c61e863ecc46df7,unchanged_scientific_artifact,Byte-identical source artifact.,source_and_destination_verified
preservation_snapshot:target_before/experiments/01_baselines/tests/test_static_dynamic_locks.py,636e02c32000db7576d886e525bd4c81825fef140d074ed08cf26d74c989b147,experiments/01_baselines/tests/test_static_dynamic_locks.py,636e02c32000db7576d886e525bd4c81825fef140d074ed08cf26d74c989b147,unchanged_scientific_artifact,Byte-identical source artifact.,source_and_destination_verified
preservation_snapshot:target_before/experiments/02_gpfa_reliability/README.md,6497be6b1ee97c059bcf1b8a4f16e785fe882be38672e6327dab0ca88a3c7655,experiments/02_gpfa_reliability/README.md,43cd89c34e92b6c5ce3097f755ba5a7bd8eef3c5d30af30a3e2daf7af8358d03,editorial_revision,Historical public prose edition; source identity retained.,source_and_destination_verified
preservation_snapshot:target_before/experiments/02_gpfa_reliability/configs/pilot.yaml,40b654b575b47bc5346f3704b1400f351033a8f80393ac33bc029ca352cbe226,experiments/02_gpfa_reliability/configs/pilot.yaml,40b654b575b47bc5346f3704b1400f351033a8f80393ac33bc029ca352cbe226,unchanged_scientific_artifact,Byte-identical source artifact.,source_and_destination_verified
preservation_snapshot:target_before/experiments/02_gpfa_reliability/pyproject.toml,d22c7b7cf1e9d0cb171ff2aaeca7bab79f089673f7d57d8460217b9c335b145f,experiments/02_gpfa_reliability/pyproject.toml,9f695b0cc39b927fa8fb35a31986488327c9270dcb8c081a90f4dc0e44c4b5e4,editorial_revision,Historical public prose edition; source identity retained.,source_and_destination_verified
preservation_snapshot:target_before/experiments/02_gpfa_reliability/src/trajectory_reliability/__init__.py,0aafaeed77e2e28a2e9c30b0ecd743709b910e8ade141f769003c497927e904b,experiments/02_gpfa_reliability/src/trajectory_reliability/__init__.py,0aafaeed77e2e28a2e9c30b0ecd743709b910e8ade141f769003c497927e904b,unchanged_scientific_artifact,Byte-identical source artifact.,source_and_destination_verified
preservation_snapshot:target_before/experiments/02_gpfa_reliability/src/trajectory_reliability/cli.py,179261c8322b764dfbb26751846bf74cfb830caed7c661da59c724be12bacb6e,experiments/02_gpfa_reliability/src/trajectory_reliability/cli.py,179261c8322b764dfbb26751846bf74cfb830caed7c661da59c724be12bacb6e,unchanged_scientific_artifact,Byte-identical source artifact.,source_and_destination_verified
preservation_snapshot:target_before/experiments/02_gpfa_reliability/src/trajectory_reliability/conditions.py,947a4aeee90702c5fbf8504275a019e7c0ee508f9ab5616b292fb181675adbcc,experiments/02_gpfa_reliability/src/trajectory_reliability/conditions.py,947a4aeee90702c5fbf8504275a019e7c0ee508f9ab5616b292fb181675adbcc,unchanged_scientific_artifact,Byte-identical source artifact.,source_and_destination_verified
preservation_snapshot:target_before/experiments/02_gpfa_reliability/src/trajectory_reliability/data.py,e2b4ad13aa806dd46d9da1e9fea1884d0ed11ef32a109dc7594cf8fc3719f435,experiments/02_gpfa_reliability/src/trajectory_reliability/data.py,e2b4ad13aa806dd46d9da1e9fea1884d0ed11ef32a109dc7594cf8fc3719f435,unchanged_scientific_artifact,Byte-identical source artifact.,source_and_destination_verified
preservation_snapshot:target_before/experiments/02_gpfa_reliability/src/trajectory_reliability/gpfa.py,908ca20b61d42c46fdf0171b623456009668cb10e245fbbe9ca64288c3b08b9b,experiments/02_gpfa_reliability/src/trajectory_reliability/gpfa.py,908ca20b61d42c46fdf0171b623456009668cb10e245fbbe9ca64288c3b08b9b,unchanged_scientific_artifact,Byte-identical source artifact.,source_and_destination_verified
preservation_snapshot:target_before/experiments/02_gpfa_reliability/src/trajectory_reliability/metrics.py,873ef5e8f074602cd9e7a0528d882efd78f42449c11e0f402e565278164be6a9,experiments/02_gpfa_reliability/src/trajectory_reliability/metrics.py,873ef5e8f074602cd9e7a0528d882efd78f42449c11e0f402e565278164be6a9,unchanged_scientific_artifact,Byte-identical source artifact.,source_and_destination_verified
preservation_snapshot:target_before/experiments/02_gpfa_reliability/src/trajectory_reliability/pipeline.py,7bd4071da4b87669b290d082cc798763d6eacf9471911431c40ac86b5a91608a,experiments/02_gpfa_reliability/src/trajectory_reliability/pipeline.py,7bd4071da4b87669b290d082cc798763d6eacf9471911431c40ac86b5a91608a,unchanged_scientific_artifact,Byte-identical source artifact.,source_and_destination_verified
preservation_snapshot:target_before/experiments/02_gpfa_reliability/src/trajectory_reliability/reliability.py,174555e30e1a600d48058fb801aa80897704302599c98f4c6231ad4fec663b6a,experiments/02_gpfa_reliability/src/trajectory_reliability/reliability.py,174555e30e1a600d48058fb801aa80897704302599c98f4c6231ad4fec663b6a,unchanged_scientific_artifact,Byte-identical source artifact.,source_and_destination_verified
preservation_snapshot:target_before/experiments/02_gpfa_reliability/src/trajectory_reliability/saturation.py,3408638a28bf2985b8109b710893777119b947e7e09dde0b24f6694973d46383,experiments/02_gpfa_reliability/src/trajectory_reliability/saturation.py,3408638a28bf2985b8109b710893777119b947e7e09dde0b24f6694973d46383,unchanged_scientific_artifact,Byte-identical source artifact.,source_and_destination_verified
preservation_snapshot:target_before/experiments/02_gpfa_reliability/src/trajectory_reliability/selection.py,ae93f0220ce0a67361a32267222ceb0723acecb8373aa9e8e394249d5961aae0,experiments/02_gpfa_reliability/src/trajectory_reliability/selection.py,ae93f0220ce0a67361a32267222ceb0723acecb8373aa9e8e394249d5961aae0,unchanged_scientific_artifact,Byte-identical source artifact.,source_and_destination_verified
preservation_snapshot:target_before/experiments/02_gpfa_reliability/tests/test_data_conditions.py,c751149a744b283e23cf5649d514dd3eb305eed9ecde0ca8f536ca1ce7047202,experiments/02_gpfa_reliability/tests/test_data_conditions.py,c751149a744b283e23cf5649d514dd3eb305eed9ecde0ca8f536ca1ce7047202,unchanged_scientific_artifact,Byte-identical source artifact.,source_and_destination_verified
preservation_snapshot:target_before/experiments/02_gpfa_reliability/tests/test_gpfa.py,f8e7163dcac3fda59eb95ebb3ec62e2cef5663f0f014c8cbd86cb8c7b96e9517,experiments/02_gpfa_reliability/tests/test_gpfa.py,f8e7163dcac3fda59eb95ebb3ec62e2cef5663f0f014c8cbd86cb8c7b96e9517,unchanged_scientific_artifact,Byte-identical source artifact.,source_and_destination_verified
preservation_snapshot:target_before/experiments/02_gpfa_reliability/tests/test_reliability.py,3e3fc0ebd9c4c5f28992435028d0dced3fe62decdd0097dfc787113062e6f9f2,experiments/02_gpfa_reliability/tests/test_reliability.py,3e3fc0ebd9c4c5f28992435028d0dced3fe62decdd0097dfc787113062e6f9f2,unchanged_scientific_artifact,Byte-identical source artifact.,source_and_destination_verified
preservation_snapshot:target_before/experiments/02_gpfa_reliability/tests/test_selection.py,e5b85532e1414657639ecdf1c34c1b70e0bd688074ed27a57f20732b6559d700,experiments/02_gpfa_reliability/tests/test_selection.py,e5b85532e1414657639ecdf1c34c1b70e0bd688074ed27a57f20732b6559d700,unchanged_scientific_artifact,Byte-identical source artifact.,source_and_destination_verified
preservation_snapshot:target_before/experiments/03_parameter_matching/README.md,cd76b51d7759f1c78de591d14f57c17d41910a1b01e12374f05a1688fcdc9f68,experiments/03_parameter_matching/README.md,8b24b498d8679870e338b6c7cc369474b3c4e0c48392de9fde029b8f6cbab13e,editorial_revision,Historical public prose edition; source identity retained.,source_and_destination_verified
preservation_snapshot:target_before/experiments/03_parameter_matching/configs/dynamic_parameter_matched.yaml,b81f7b149420dc09ff680bd3654522c9cce7da86a73c0a72c988a3d46e6097e8,experiments/03_parameter_matching/configs/dynamic_parameter_matched.yaml,b81f7b149420dc09ff680bd3654522c9cce7da86a73c0a72c988a3d46e6097e8,unchanged_scientific_artifact,Byte-identical source artifact.,source_and_destination_verified
preservation_snapshot:target_before/experiments/03_parameter_matching/pyproject.toml,35a110e28343650fe5092e9adbeff51e3cd06896417b750bcacac8dc77f636ac,experiments/03_parameter_matching/pyproject.toml,35a110e28343650fe5092e9adbeff51e3cd06896417b750bcacac8dc77f636ac,unchanged_scientific_artifact,Byte-identical source artifact.,source_and_destination_verified
preservation_snapshot:target_before/experiments/03_parameter_matching/records/architecture_audit.json,4bf587b24d3f02bf55aa179175eb319a4fbf38c586a3938b1557e6addbc7eb18,experiments/03_parameter_matching/records/architecture_audit.json,4bf587b24d3f02bf55aa179175eb319a4fbf38c586a3938b1557e6addbc7eb18,unchanged_scientific_artifact,Byte-identical source artifact.,source_and_destination_verified
preservation_snapshot:target_before/experiments/03_parameter_matching/records/audit_summary.json,4512612a7c20aca8cfcded52aedc4f5bb80fd1043031bf2fc35df44b2b7e8821,experiments/03_parameter_matching/records/audit_summary.json,4512612a7c20aca8cfcded52aedc4f5bb80fd1043031bf2fc35df44b2b7e8821,unchanged_scientific_artifact,Byte-identical source artifact.,source_and_destination_verified
preservation_snapshot:target_before/experiments/03_parameter_matching/records/data_split_lock.json,9da4bff3d262661de9012191eb12cbb2ce74382be415cc619d87f4aad255fa97,experiments/03_parameter_matching/records/data_split_lock.json,9da4bff3d262661de9012191eb12cbb2ce74382be415cc619d87f4aad255fa97,unchanged_scientific_artifact,Byte-identical source artifact.,source_and_destination_verified
preservation_snapshot:target_before/experiments/03_parameter_matching/records/official_evaluation.json,4cd2f5e76c55e830ff851fd96618aae2b4da7f3c02aa8314987e154c753b0a8a,experiments/03_parameter_matching/records/official_evaluation.json,4cd2f5e76c55e830ff851fd96618aae2b4da7f3c02aa8314987e154c753b0a8a,unchanged_scientific_artifact,Byte-identical source artifact.,source_and_destination_verified
preservation_snapshot:target_before/experiments/03_parameter_matching/records/training_config.yaml,686769021635276af4cbd4cb934f0ad7fc87658b605cf82347c30fb3709213dc,experiments/03_parameter_matching/records/training_config.yaml,686769021635276af4cbd4cb934f0ad7fc87658b605cf82347c30fb3709213dc,unchanged_scientific_artifact,Byte-identical source artifact.,source_and_destination_verified
preservation_snapshot:target_before/experiments/03_parameter_matching/records/training_summary.json,5fb83fd9ed9d94120bc03548980d4c5e999abe9c08e3bb0db55585baef031f10,experiments/03_parameter_matching/records/training_summary.json,5fb83fd9ed9d94120bc03548980d4c5e999abe9c08e3bb0db55585baef031f10,unchanged_scientific_artifact,Byte-identical source artifact.,source_and_destination_verified
preservation_snapshot:target_before/experiments/03_parameter_matching/records/validation_events.jsonl,33ac0f4d03548aa529e35de1734b1fd1a9aba18c88c92648ec2f5f8657dd8990,experiments/03_parameter_matching/records/validation_events.jsonl,33ac0f4d03548aa529e35de1734b1fd1a9aba18c88c92648ec2f5f8657dd8990,unchanged_scientific_artifact,Byte-identical source artifact.,source_and_destination_verified
preservation_snapshot:target_before/experiments/03_parameter_matching/src/trajectory_param_match/__init__.py,6ada429022b1c1a7f4f9b17f12c45b796c34b59632a81559e3f49d91b8470be6,experiments/03_parameter_matching/src/trajectory_param_match/__init__.py,6ada429022b1c1a7f4f9b17f12c45b796c34b59632a81559e3f49d91b8470be6,unchanged_scientific_artifact,Byte-identical source artifact.,source_and_destination_verified
preservation_snapshot:target_before/experiments/03_parameter_matching/src/trajectory_param_match/experiment.py,b4303f64ac7537ff23b3a3c56fca4d8d32b895ca5b04253b924541a9deec3c3c,experiments/03_parameter_matching/src/trajectory_param_match/experiment.py,b4303f64ac7537ff23b3a3c56fca4d8d32b895ca5b04253b924541a9deec3c3c,unchanged_scientific_artifact,Byte-identical source artifact.,source_and_destination_verified
preservation_snapshot:target_before/experiments/03_parameter_matching/tests/test_locks.py,484ff2346101ab688bd174140b7a08195fbf7e3557631bea3ef0f9276bf654a7,experiments/03_parameter_matching/tests/test_locks.py,484ff2346101ab688bd174140b7a08195fbf7e3557631bea3ef0f9276bf654a7,unchanged_scientific_artifact,Byte-identical source artifact.,source_and_destination_verified
preservation_snapshot:target_before/experiments/04_model_comparison/README.md,1ad0dcf42e2db932a0bd1398d48658f62f3f5acd1b620e37164b27d96e4cdd57,experiments/04_model_comparison/README.md,0a989719b858f2ab7ef0e56e3daf44b50ffa4199a171ed538f19c622bfeb527d,editorial_revision,Historical public prose edition; source identity retained.,source_and_destination_verified
preservation_snapshot:target_before/experiments/04_model_comparison/configs/pilot.yaml,fcaf69164f92ccd869b1397d35c57695ee0c25788c1c8d5bd6ded86cb5e57e66,experiments/04_model_comparison/configs/pilot.yaml,fcaf69164f92ccd869b1397d35c57695ee0c25788c1c8d5bd6ded86cb5e57e66,unchanged_scientific_artifact,Byte-identical source artifact.,source_and_destination_verified
preservation_snapshot:target_before/experiments/04_model_comparison/pyproject.toml,32410c6011330fbdfa294bb4a34088b72edab15ce8906b7bd2d728bd033eb969,experiments/04_model_comparison/pyproject.toml,32410c6011330fbdfa294bb4a34088b72edab15ce8906b7bd2d728bd033eb969,unchanged_scientific_artifact,Byte-identical source artifact.,source_and_destination_verified
preservation_snapshot:target_before/experiments/04_model_comparison/src/trajectory_model_eval/__init__.py,b04f1da6c86ee11a252cd4d6a74fea3bb13c2eb105d3d0ff6944337bd0bed096,experiments/04_model_comparison/src/trajectory_model_eval/__init__.py,b04f1da6c86ee11a252cd4d6a74fea3bb13c2eb105d3d0ff6944337bd0bed096,unchanged_scientific_artifact,Byte-identical source artifact.,source_and_destination_verified
preservation_snapshot:target_before/experiments/04_model_comparison/src/trajectory_model_eval/cli.py,f2d503ac1b82081079300a8c5038938112037337cb73cdcefba88885c6fb40aa,experiments/04_model_comparison/src/trajectory_model_eval/cli.py,f2d503ac1b82081079300a8c5038938112037337cb73cdcefba88885c6fb40aa,unchanged_scientific_artifact,Byte-identical source artifact.,source_and_destination_verified
preservation_snapshot:target_before/experiments/04_model_comparison/src/trajectory_model_eval/common.py,76fc07e9c62b547a2f36847f86c79f10eb84bdb0bf0d23e080c4ee9c9e1ea8a1,experiments/04_model_comparison/src/trajectory_model_eval/common.py,76fc07e9c62b547a2f36847f86c79f10eb84bdb0bf0d23e080c4ee9c9e1ea8a1,unchanged_scientific_artifact,Byte-identical source artifact.,source_and_destination_verified
preservation_snapshot:target_before/experiments/04_model_comparison/src/trajectory_model_eval/evaluate.py,bc08536b5ce3287a223f13d6ab9802e6b6bb2b70c2dfa98d49cceac347a364aa,experiments/04_model_comparison/src/trajectory_model_eval/evaluate.py,bc08536b5ce3287a223f13d6ab9802e6b6bb2b70c2dfa98d49cceac347a364aa,unchanged_scientific_artifact,Byte-identical source artifact.,source_and_destination_verified
preservation_snapshot:target_before/experiments/04_model_comparison/src/trajectory_model_eval/extended_predictions.py,c5ae2dae9db1e4a57dd86aef350c0bc318bc8a7407390bf89ee8910a03b2625d,experiments/04_model_comparison/src/trajectory_model_eval/extended_predictions.py,c5ae2dae9db1e4a57dd86aef350c0bc318bc8a7407390bf89ee8910a03b2625d,unchanged_scientific_artifact,Byte-identical source artifact.,source_and_destination_verified
preservation_snapshot:target_before/experiments/04_model_comparison/src/trajectory_model_eval/gpfa_pipeline.py,12e1bf66a19b2757dd7a90ef3b0b51035de6bc1039051fd85d4f06644258fecd,experiments/04_model_comparison/src/trajectory_model_eval/gpfa_pipeline.py,12e1bf66a19b2757dd7a90ef3b0b51035de6bc1039051fd85d4f06644258fecd,unchanged_scientific_artifact,Byte-identical source artifact.,source_and_destination_verified
preservation_snapshot:target_before/experiments/04_model_comparison/src/trajectory_model_eval/predictions.py,0c92252d422de806e970f1d44490bb90faa2403146727f7109234c343ded0a29,experiments/04_model_comparison/src/trajectory_model_eval/predictions.py,0c92252d422de806e970f1d44490bb90faa2403146727f7109234c343ded0a29,unchanged_scientific_artifact,Byte-identical source artifact.,source_and_destination_verified
preservation_snapshot:target_before/experiments/04_model_comparison/src/trajectory_model_eval/protocol.py,68fe1acc1b42c3289c1e22b7bcabac9568b28f260a6cfc7bb1907ef047555269,experiments/04_model_comparison/src/trajectory_model_eval/protocol.py,68fe1acc1b42c3289c1e22b7bcabac9568b28f260a6cfc7bb1907ef047555269,unchanged_scientific_artifact,Byte-identical source artifact.,source_and_destination_verified
preservation_snapshot:target_before/experiments/04_model_comparison/src/trajectory_model_eval/question_analysis.py,9a006e97575e88bfe6f5cf73df8e8d885e5103bef0652ebbee1646a0351f9480,experiments/04_model_comparison/src/trajectory_model_eval/question_analysis.py,1b8a39074b594bf6a82b2dad4b082be39c85e2b0fad69dfd75d594d49c453986,editorial_revision,Historical public prose edition; source identity retained.,source_and_destination_verified
preservation_snapshot:target_before/experiments/04_model_comparison/src/trajectory_model_eval/sensitivity.py,f7377cdc1eef50148d717a306ea6d0ef9b71e8d1a2df297fad42274d64b3bf4a,experiments/04_model_comparison/src/trajectory_model_eval/sensitivity.py,f7377cdc1eef50148d717a306ea6d0ef9b71e8d1a2df297fad42274d64b3bf4a,unchanged_scientific_artifact,Byte-identical source artifact.,source_and_destination_verified
preservation_snapshot:target_before/experiments/04_model_comparison/src/trajectory_model_eval/traditional.py,a1730e8deb652b082a88a60502c0bb93620b5f1bf8cc1f944e00ef698a632132,experiments/04_model_comparison/src/trajectory_model_eval/traditional.py,a1730e8deb652b082a88a60502c0bb93620b5f1bf8cc1f944e00ef698a632132,unchanged_scientific_artifact,Byte-identical source artifact.,source_and_destination_verified
preservation_snapshot:target_before/experiments/04_model_comparison/tests/test_extended.py,8ffd2a647f8b89a26531c4e6ce546c7ad7a39de2f2404507232e3e3c514f15da,experiments/04_model_comparison/tests/test_extended.py,8ffd2a647f8b89a26531c4e6ce546c7ad7a39de2f2404507232e3e3c514f15da,unchanged_scientific_artifact,Byte-identical source artifact.,source_and_destination_verified
preservation_snapshot:target_before/experiments/04_model_comparison/tests/test_question_analysis.py,957b8230504ddddc2d31a9a6c2f35560f330564840f20eb5d640bf608d856c07,experiments/04_model_comparison/tests/test_question_analysis.py,957b8230504ddddc2d31a9a6c2f35560f330564840f20eb5d640bf608d856c07,unchanged_scientific_artifact,Byte-identical source artifact.,source_and_destination_verified
preservation_snapshot:target_before/experiments/04_model_comparison/tests/test_traditional.py,1c001eb95a0cee0381a80b4d49e0bf216d932fa981535a6547d69422e8381bb5,experiments/04_model_comparison/tests/test_traditional.py,1c001eb95a0cee0381a80b4d49e0bf216d932fa981535a6547d69422e8381bb5,unchanged_scientific_artifact,Byte-identical source artifact.,source_and_destination_verified
source_pilot:trajectory_project/condition_endpoint_fa_gpfa_v1/README.md,b9326e95a9de3604f78038eeb0caf7092dcdacbec9a7410293e94f311fe3cb8c,experiments/05_mental_pong/README.md,2a3990df6937013a4b3b9d0666c1037b1e7c2dfa1ca524d4b1e0fff22746d390,english_translation,English publication edition; source scientific conclusions retained.,source_and_destination_verified
integration:experiments/05_mental_pong/__init__.py,,experiments/05_mental_pong/__init__.py,bbd6936143cdbceb028e1916b71e034f4724f3517d8e46c41e603bd18bfeae84,integration_metadata,"New integration document, adapter, or verification record.",created_for_integration
source_pilot:trajectory_project/closeout_v1/experiment_ledger.md,b8f1bac664d5816480616257fcd1f8037b702edb07c25f64f1b9d50d67797e5f,experiments/05_mental_pong/archive/HISTORY.md,91da8c4adde67489dfaf0a11c6b1c5a639e511bd97b15f5f8e21f962c6beb031,english_translation,English publication edition; source scientific conclusions retained.,source_and_destination_verified
source_pilot:trajectory_project/closeout_v1/experiment_ledger.md,b8f1bac664d5816480616257fcd1f8037b702edb07c25f64f1b9d50d67797e5f,experiments/05_mental_pong/archive/README.md,ee50ffd468cd2c6dfd0a21d94db7455feca14e6e2192b1c7010a933d9e7bf025,english_translation,English publication edition; source scientific conclusions retained.,source_and_destination_verified
integration:experiments/05_mental_pong/configs/paths.example.json,,experiments/05_mental_pong/configs/paths.example.json,b8f911d47aed957271449736bcbd2c13f817e9ef5ba139f3401731bce21ae6f7,integration_metadata,"New integration document, adapter, or verification record.",created_for_integration
source_pilot:data_pipeline.py,35a65c395fd03f7db74464b3089d5cb557ed34988db90c46901ca743c4c87315,experiments/05_mental_pong/data_pipeline.py,7908949b08fe7204220bcf72de92b1ca3745fb120af0d3d0c6fd6dfbcc200d4e,path_adapter,"English strings, portable imports/paths, and canonical text line endings; numerical changes checked separately.",source_and_destination_verified
source_pilot:gpfa_config.json,6609209359d003aa16b6155967f6f4e4f9b43a765c1d43b821f48cf9fb10d538,experiments/05_mental_pong/gpfa_config.json,234be5f0a8f766d166af40b6e7f386f0de6a006e3597bba71c0f1b1b230b9b36,path_adapter,Absolute source locations replaced by storage aliases; original hashes describe external scientific records.,source_and_destination_verified
source_pilot:gpfa_shared.py,afb3f397dac5a28884a351ee2b90bde613678cc5414e2c11467df8d97a74e97a,experiments/05_mental_pong/gpfa_shared.py,afb3f397dac5a28884a351ee2b90bde613678cc5414e2c11467df8d97a74e97a,unchanged_scientific_artifact,Byte-identical source artifact.,source_and_destination_verified
integration:experiments/05_mental_pong/integration/INTEGRATION_SUMMARY.md,,experiments/05_mental_pong/integration/INTEGRATION_SUMMARY.md,c6612a6a093b32b8dd44e4103620e2d3938b98b5b33eaa88a42aafec8eb2ca6f,integration_metadata,"New integration document, adapter, or verification record.",created_for_integration
integration:experiments/05_mental_pong/integration/artifact_registry.csv,,experiments/05_mental_pong/integration/artifact_registry.csv,0eed8479214bb6ba865d1244d2bbacf6ebdd427d7d6dae4ccecabc7af1211dfe,integration_metadata,"New integration document, adapter, or verification record.",created_for_integration
integration:experiments/05_mental_pong/integration/code_portability_checks.json,,experiments/05_mental_pong/integration/code_portability_checks.json,31f9e2dd6f14c8507d8f13942caa6485f308d3ada50f6084b45871f54b5db63a,integration_metadata,"New integration document, adapter, or verification record.",created_for_integration
integration:experiments/05_mental_pong/integration/dependency_manifest.csv,,experiments/05_mental_pong/integration/dependency_manifest.csv,97e4b6e8d01d28b319ff5bcde6645d31461ae8b366af3db6f306160fb417962a,integration_metadata,"New integration document, adapter, or verification record.",created_for_integration
,,experiments/05_mental_pong/integration/editorial_changes.md,8a24e049bd920e508c58b0eb1ca3ef1beee955cb44c43fe57c27cfe56a9e7934,integration_metadata,Internal workflow material excluded from distribution; historical destination identity retained.,created_for_integration
integration:experiments/05_mental_pong/integration/figure_review.json,,experiments/05_mental_pong/integration/figure_review.json,c263983c01a8531aac246f19b2e5a9e2c7b2e6035e3c13eaacb1a03dcff8dd65,integration_metadata,"New integration document, adapter, or verification record.",created_for_integration
integration:experiments/05_mental_pong/integration/language_audit.json,,experiments/05_mental_pong/integration/language_audit.json,e9c00a4388ccfda509114cb264bb2815d5d838f2b0c9688aced2c41e3abb521b,integration_metadata,"New integration document, adapter, or verification record.",created_for_integration
integration:experiments/05_mental_pong/integration/numerical_preservation.json,,experiments/05_mental_pong/integration/numerical_preservation.json,8da0bde6d904d4fcdf976348f6bec88a38b0d1c8991a62573f2c96cba66fb748,integration_metadata,"New integration document, adapter, or verification record.",created_for_integration
source_pilot:trajectory_project/all79_official_readout_v1/sources/official_protocol_audit.json,80f9f3eaf6f01a0f45e5a4d37941462499ae8d31763482017765cfe9277f0713,experiments/05_mental_pong/integration/official_protocol_audit.json,e5c7fd1090cff6dd4d02d525b14056b16add36605d0918f6665c3b6784187d86,path_adapter,Absolute source locations replaced by storage aliases; original hashes describe external scientific records.,source_and_destination_verified
source_pilot:notes/official_audit.json,e7ebd0c202dda4be9f565f9b24fb32b1ececb684819c30f4ff386399076d623b,experiments/05_mental_pong/integration/official_source_audit.json,b993de260f36ee06acdcf4963ab7c25a041e2b8745b6817e44539318c39ad506,path_adapter,Absolute source locations replaced by storage aliases; original hashes describe external scientific records.,source_and_destination_verified
integration:experiments/05_mental_pong/integration/saved_replay_verification.json,,experiments/05_mental_pong/integration/saved_replay_verification.json,0d42bc4d30ac35e2655cece33163e674491be18302fd6375985957ee87ecf17a,integration_metadata,"New integration document, adapter, or verification record.",created_for_integration
integration:experiments/05_mental_pong/integration/sensorium_editorial_verification.json,,experiments/05_mental_pong/integration/sensorium_editorial_verification.json,e920410d956904ed23d0d3151597b99e88ba44b04258b4b1c95aaee9964a46da,integration_metadata,"New integration document, adapter, or verification record.",created_for_integration
integration:experiments/05_mental_pong/integration/verification.json,,experiments/05_mental_pong/integration/verification.json,2a35a600951f6fb86dbf3890b36403255407f0ecc0c789946d84dddcdd3a6d3a,integration_metadata,"New integration document, adapter, or verification record.",created_for_integration
integration:experiments/05_mental_pong/requirements.lock.txt,,experiments/05_mental_pong/requirements.lock.txt,41b7f3dfa7a1ec84dd85ceebf130410fdad4d6afd39fdf31d2e83c300bd2fb52,integration_metadata,"New integration document, adapter, or verification record.",created_for_integration
integration:experiments/05_mental_pong/run.py,,experiments/05_mental_pong/run.py,5f4b0c4d197dc228e2e6df90708f68f752436ed65243382727aad05140abc86b,integration_metadata,"New integration document, adapter, or verification record.",created_for_integration
integration:experiments/05_mental_pong/tests/test_integration.py,,experiments/05_mental_pong/tests/test_integration.py,18051619722b6ae4a15b32e88cefa95c333956937b5fc69845bc484dd1e06adc,integration_metadata,"New integration document, adapter, or verification record.",created_for_integration
integration:experiments/05_mental_pong/trajectory_project/__init__.py,,experiments/05_mental_pong/trajectory_project/__init__.py,bbd6936143cdbceb028e1916b71e034f4724f3517d8e46c41e603bd18bfeae84,integration_metadata,"New integration document, adapter, or verification record.",created_for_integration
integration:experiments/05_mental_pong/trajectory_project/_dependencies.py,,experiments/05_mental_pong/trajectory_project/_dependencies.py,4152a8c37e00d3ca6e5aea19151d07be86535d189e5af52a249d33f3876480c4,integration_metadata,"New integration document, adapter, or verification record.",created_for_integration
source_pilot:trajectory_project/closeout_v1/results/descriptive/mean_cancellation_summary.json,316500d435455ae7399055ea95aaea0b5235091a74cdae8dc22823d99f81c4ca,experiments/05_mental_pong/trajectory_project/closeout_v1/FINAL_REPORT.md,623b8baa518b005a4e842bf650740c549325aabf0c569e228013ba21b5fc1f81,english_translation,English publication edition; source scientific conclusions retained.,source_and_destination_verified
source_pilot:trajectory_project/closeout_v1/results/A/self_reconstruction_main_table.csv,b6e0bc7f89b53dae5678087a6fa061a88fd5319b7d6f89b5d845c2ee3619a9bf,experiments/05_mental_pong/trajectory_project/closeout_v1/FINAL_SUMMARY.md,abc67eae0e97969440759da10fe761ff63d44ac7fee3928e778013ad2f8e6a40,english_translation,English publication edition; source scientific conclusions retained.,source_and_destination_verified
source_pilot:trajectory_project/closeout_v1/README.md,0a93092bcc078e5da0a5ed8f694be9e5934fee4cba301701a96a6f0aae976a51,experiments/05_mental_pong/trajectory_project/closeout_v1/README.md,8f304ed234161024db5828066ccd541282a057545a1df9c099bea70785661ff5,english_translation,English publication edition; source scientific conclusions retained.,source_and_destination_verified
source_pilot:trajectory_project/closeout_v1/SOURCES.md,58afe241efd54ea22fcda687dbf166298bf852352dd3ac1302d7897908010756,experiments/05_mental_pong/trajectory_project/closeout_v1/SOURCES.md,bf7ddfd234064a48d8c499ad3f8cc1e1bc34b6b99d2613a792fdb58bdfd0a9c3,english_translation,English publication edition; source scientific conclusions retained.,source_and_destination_verified
integration:experiments/05_mental_pong/trajectory_project/closeout_v1/__init__.py,,experiments/05_mental_pong/trajectory_project/closeout_v1/__init__.py,bbd6936143cdbceb028e1916b71e034f4724f3517d8e46c41e603bd18bfeae84,integration_metadata,"New integration document, adapter, or verification record.",created_for_integration
source_pilot:trajectory_project/closeout_v1/closeout_setup.py,6076916a1c63060db3aa215eeef0f74b3e8f3558abbbce7366dc5320a539862d,experiments/05_mental_pong/trajectory_project/closeout_v1/closeout_setup.py,6076916a1c63060db3aa215eeef0f74b3e8f3558abbbce7366dc5320a539862d,unchanged_scientific_artifact,Byte-identical source artifact.,source_and_destination_verified
source_pilot:trajectory_project/closeout_v1/configs/b_fixed_head_protocol.json,b8af4d600d53045c3938e2516b317d4904ef131b24e082ffc3e63d502a9b1e01,experiments/05_mental_pong/trajectory_project/closeout_v1/configs/b_fixed_head_protocol.json,1acff12c0fa8e4b493bd9c1c91be5a924eaf408bd809d283df4b5d8710ae62db,path_adapter,Absolute source locations replaced by storage aliases; original hashes describe external scientific records.,source_and_destination_verified
source_pilot:trajectory_project/closeout_v1/configs/b_mapping_lock.json,6220397224e3d66e675a4a229a2f996ee1182b30371b126eb5b8533d16e512b2,experiments/05_mental_pong/trajectory_project/closeout_v1/configs/b_mapping_lock.json,5f5d3a425ef06a42c08b6863fa734c4eb082f52ca4d9b2ba4d2fdc29fe47d661,path_adapter,Absolute source locations replaced by storage aliases; original hashes describe external scientific records.,source_and_destination_verified
source_pilot:trajectory_project/closeout_v1/configs/c_endpoint_lock.json,a859c03fb2f248414542eff4872e7e9f3a65096569f63e3aef69e66dcb01f2cf,experiments/05_mental_pong/trajectory_project/closeout_v1/configs/c_endpoint_lock.json,b306fa063ede76524eefc0acd2bb77bcbdb835daca15352d2a0e7cd4e4e46b16,path_adapter,Absolute source locations replaced by storage aliases; original hashes describe external scientific records.,source_and_destination_verified
source_pilot:trajectory_project/closeout_v1/configs/c_endpoint_protocol.json,f7fc9c42ecc3e0f52b8fd2db163c4f38a5e17bec592ccffaad51cb04c87a16d5,experiments/05_mental_pong/trajectory_project/closeout_v1/configs/c_endpoint_protocol.json,76a7c35822491c61e9fecc5ecaa87b52a43fc430840c28644e902aa1bf2128e1,path_adapter,Absolute source locations replaced by storage aliases; original hashes describe external scientific records.,source_and_destination_verified
source_pilot:trajectory_project/closeout_v1/configs/closeout_protocol.json,e1425e80677ab0210daf37f460d2636be7bde5862a9f53afa853bfcbb16c4873,experiments/05_mental_pong/trajectory_project/closeout_v1/configs/closeout_protocol.json,fb9528444f7a5d419dda2fdb55ca6fadc41e57d8e61e10be21d055119a2ceb21,path_adapter,Absolute source locations replaced by storage aliases; original hashes describe external scientific records.,source_and_destination_verified
source_pilot:trajectory_project/closeout_v1/configs/condition_splits_100.json,dbd9f694ec190d046b1d000b31c5196ca41661df8d539ea17fa6b5ecf7c196f0,experiments/05_mental_pong/trajectory_project/closeout_v1/configs/condition_splits_100.json,dbd9f694ec190d046b1d000b31c5196ca41661df8d539ea17fa6b5ecf7c196f0,unchanged_scientific_artifact,Byte-identical source artifact.,source_and_destination_verified
source_pilot:trajectory_project/closeout_v1/configs/protocol_lock.json,f413c470b12bb5a50458b71577af5c31248b425864b6318e2d47487b632fc1d4,experiments/05_mental_pong/trajectory_project/closeout_v1/configs/protocol_lock.json,f413c470b12bb5a50458b71577af5c31248b425864b6318e2d47487b632fc1d4,unchanged_scientific_artifact,Byte-identical source artifact.,source_and_destination_verified
source_pilot:trajectory_project/closeout_v1/descriptive_audit.py,dc97cae34617d677568092f40b1c7937fc792d955cce6f77003838d04d16f7ca,experiments/05_mental_pong/trajectory_project/closeout_v1/descriptive_audit.py,f68a7d22e218bc9b4e25f186957814a2ef66ef8bda2ea1a6cabd05625695a61c,path_adapter,"English strings, portable imports/paths, and canonical text line endings; numerical changes checked separately.",source_and_destination_verified
source_pilot:trajectory_project/closeout_v1/results/experiment_ledger.csv,55fac0b9a01fac141ce4e966000140659130046af4b3367db99a5acdb817804f,experiments/05_mental_pong/trajectory_project/closeout_v1/experiment_ledger.md,e6a4d4de04738bf2ca215046a35e0be02d0c5c5929886f501dfd34a890415372,english_translation,English publication edition; source scientific conclusions retained.,source_and_destination_verified
source_pilot:trajectory_project/closeout_v1/figures/A_own_reconstruction.png,54d21e6198b478adbaa3e050c848bc7b1cc21b4d68786faed65c702e1a1423f1,experiments/05_mental_pong/trajectory_project/closeout_v1/figures/A_own_reconstruction.png,b49369fc2a655764dba2a121cfacfb2529a539bf3cef3f0c062903dc5a4c3abe,presentation_only_render,"Labels edited; saved values, axes and analysis definitions retained; new visual inspection recorded.",source_and_destination_verified
source_pilot:trajectory_project/closeout_v1/figures/A_paired_differences.png,a5492123bc31c2aed5b0f96e41c5fc5c249dc8d81fa2e425240a3d314ad095f6,experiments/05_mental_pong/trajectory_project/closeout_v1/figures/A_paired_differences.png,e760e3ddfabf01e65e02ec9206ffbe7c7ca8868fc91384231f5a9c6087a238a8,presentation_only_render,"Labels edited; saved values, axes and analysis definitions retained; new visual inspection recorded.",source_and_destination_verified
source_pilot:trajectory_project/closeout_v1/figures/B_paired_null_distributions.png,46015dfe2932ceb9176f5cb4552394c427cc3bb847a3ad830eec5bd613e7a139,experiments/05_mental_pong/trajectory_project/closeout_v1/figures/B_paired_null_distributions.png,37fe89a27c8d234a9d6385f631398fb39fa3e2c47a2a55dee53161167d597ff3,presentation_only_render,"Labels edited; saved values, axes and analysis definitions retained; new visual inspection recorded.",source_and_destination_verified
source_pilot:trajectory_project/closeout_v1/figures/C_full_null_distributions.png,c58c6ab21d4d1716dcd51d98590aaa841c343d5e7887ecfaea8508df3fa49f6f,experiments/05_mental_pong/trajectory_project/closeout_v1/figures/C_full_null_distributions.png,892a3b7977ac07954581c5423f84a3a5e6e7b5087fd49c165e2c15cb7df7caa0,presentation_only_render,"Labels edited; saved values, axes and analysis definitions retained; new visual inspection recorded.",source_and_destination_verified
source_pilot:trajectory_project/closeout_v1/figures/C_phase_null_scores.png,183377a05d0c518ffd1e4f3e5ef3b5a2d31780feec06da7c031496b8ce996414,experiments/05_mental_pong/trajectory_project/closeout_v1/figures/C_phase_null_scores.png,84c024ed1b52742b5c8bbbf521a89abb8154069d2d99cff58d944043e6d1df06,presentation_only_render,"Labels edited; saved values, axes and analysis definitions retained; new visual inspection recorded.",source_and_destination_verified
source_pilot:trajectory_project/closeout_v1/figures/descriptive/all79_condition_heterogeneity.png,abb3f14d7018a87f2f453af986e6290c1aef9c21066aaa5f00dc6db976d15653,experiments/05_mental_pong/trajectory_project/closeout_v1/figures/descriptive/all79_condition_heterogeneity.png,abb3f14d7018a87f2f453af986e6290c1aef9c21066aaa5f00dc6db976d15653,unchanged_scientific_artifact,Byte-identical source artifact.,source_and_destination_verified
source_pilot:trajectory_project/closeout_v1/figures/descriptive/endpoint_mean_cancellation.png,645a53ae1d7a5a95e06bd3c7bb6a737b51e1a8881bf83d9e0ad6e2e977ab0045,experiments/05_mental_pong/trajectory_project/closeout_v1/figures/descriptive/endpoint_mean_cancellation.png,645a53ae1d7a5a95e06bd3c7bb6a737b51e1a8881bf83d9e0ad6e2e977ab0045,unchanged_scientific_artifact,Byte-identical source artifact.,source_and_destination_verified
source_pilot:trajectory_project/closeout_v1/figures/descriptive/mahler_fixed_posthoc_four_curves.png,cbd2701812bbead131c5c241086784f6f869682ec4f164d5e98635a9b5e0f1b7,experiments/05_mental_pong/trajectory_project/closeout_v1/figures/descriptive/mahler_fixed_posthoc_four_curves.png,cbd2701812bbead131c5c241086784f6f869682ec4f164d5e98635a9b5e0f1b7,unchanged_scientific_artifact,Byte-identical source artifact.,source_and_destination_verified
source_pilot:trajectory_project/closeout_v1/figures/descriptive/perle_fixed_posthoc_four_curves.png,955080984fea6764a74d2150e09104a3e6444c7c8e00523dd19633f67a29257e,experiments/05_mental_pong/trajectory_project/closeout_v1/figures/descriptive/perle_fixed_posthoc_four_curves.png,955080984fea6764a74d2150e09104a3e6444c7c8e00523dd19633f67a29257e,unchanged_scientific_artifact,Byte-identical source artifact.,source_and_destination_verified
source_pilot:trajectory_project/closeout_v1/final_audit.py,4e8bccd7859e8cad096c60560182bdb4604152b5aa066f532588dd4d740d12f9,experiments/05_mental_pong/trajectory_project/closeout_v1/final_audit.py,4e8bccd7859e8cad096c60560182bdb4604152b5aa066f532588dd4d740d12f9,unchanged_scientific_artifact,Byte-identical source artifact.,source_and_destination_verified
source_pilot:trajectory_project/closeout_v1/future_design.md,4fbcf98f4c4fb6ecbd9cec5f33bb64bee09af02b6ecf82d255ce21df612fa7df,experiments/05_mental_pong/trajectory_project/closeout_v1/future_design.md,a559af8949b20b4c9c57d4416f0280b53cb1cc2ef68f505552b52d808e96f96a,english_translation,English publication edition; source scientific conclusions retained.,source_and_destination_verified
source_pilot:trajectory_project/closeout_v1/manifest.json,808c42072d51cfd813ff122c58fdc9418a0cde84c630bfe9860cd559091f3cb7,experiments/05_mental_pong/trajectory_project/closeout_v1/manifest.json,4a1337c13eb470703f3e7849603cceb70e3ec82ffef5bef11a17dcb92fee970c,path_adapter,Absolute source locations replaced by storage aliases; original hashes describe external scientific records.,source_and_destination_verified
source_pilot:trajectory_project/closeout_v1/null_condition.py,417e142d06f3f53dd1a0c8098e7ed9797f1ed826fa66db599e896b8d2fc9c8f3,experiments/05_mental_pong/trajectory_project/closeout_v1/null_condition.py,417e142d06f3f53dd1a0c8098e7ed9797f1ed826fa66db599e896b8d2fc9c8f3,unchanged_scientific_artifact,Byte-identical source artifact.,source_and_destination_verified
source_pilot:trajectory_project/closeout_v1/null_endpoint.py,71c5b104156ade4f772f7c6fdef528669aebc92882767adf56f5ab5263d553a6,experiments/05_mental_pong/trajectory_project/closeout_v1/null_endpoint.py,71c5b104156ade4f772f7c6fdef528669aebc92882767adf56f5ab5263d553a6,unchanged_scientific_artifact,Byte-identical source artifact.,source_and_destination_verified
source_pilot:trajectory_project/closeout_v1/plot_closeout.py,0c8b715224c7928e803f3e1b8f3cb1cdc738ca7e94270393faca674c819ae367,experiments/05_mental_pong/trajectory_project/closeout_v1/plot_closeout.py,687d6019422f25b5a134a99519882a88a989ba4c3ea5545efbca250ab6dc1fc1,path_adapter,"English strings, portable imports/paths, and canonical text line endings; numerical changes checked separately.",source_and_destination_verified
source_pilot:trajectory_project/closeout_v1/replay_a.py,11b2a74a80e49a6f78af8b4bad2d305cd216e2b32275dd3e6c73b7abeee2fc9d,experiments/05_mental_pong/trajectory_project/closeout_v1/replay_a.py,11b2a74a80e49a6f78af8b4bad2d305cd216e2b32275dd3e6c73b7abeee2fc9d,unchanged_scientific_artifact,Byte-identical source artifact.,source_and_destination_verified
source_pilot:trajectory_project/closeout_v1/report_closeout.py,1af61ccd99d348cd2e04928cadbfa78ab4f3a03a4f4072474ff78e61e0261d9b,experiments/05_mental_pong/trajectory_project/closeout_v1/report_closeout.py,ca537af48f40ee311f91d6eb15cdfeedaee12d1bd7a4591df1a3fcfb0bacaf5d,path_adapter,"English strings, portable imports/paths, and canonical text line endings; numerical changes checked separately.",source_and_destination_verified
source_pilot:trajectory_project/closeout_v1/results/A/binwise_reconstruction.csv,a76d21abd6a87f4af41a6eb7eaad4e23ca42d0335e8f1f3a6928b8987e4d1d99,experiments/05_mental_pong/trajectory_project/closeout_v1/results/A/binwise_reconstruction.csv,a76d21abd6a87f4af41a6eb7eaad4e23ca42d0335e8f1f3a6928b8987e4d1d99,unchanged_scientific_artifact,Byte-identical source artifact.,source_and_destination_verified
source_pilot:trajectory_project/closeout_v1/results/A/condition_cross_summary.csv,6f87c2513bb0105fd02e57028116d1941ac3f65f7ae74529be2147d31ee645e1,experiments/05_mental_pong/trajectory_project/closeout_v1/results/A/condition_cross_summary.csv,6f87c2513bb0105fd02e57028116d1941ac3f65f7ae74529be2147d31ee645e1,unchanged_scientific_artifact,Byte-identical source artifact.,source_and_destination_verified
source_pilot:trajectory_project/closeout_v1/results/A/condition_label_coverage.csv,40a77cd2e554e1cd0c10e67560df5694088aff96300cdf4800b39ef68432eed2,experiments/05_mental_pong/trajectory_project/closeout_v1/results/A/condition_label_coverage.csv,40a77cd2e554e1cd0c10e67560df5694088aff96300cdf4800b39ef68432eed2,unchanged_scientific_artifact,Byte-identical source artifact.,source_and_destination_verified
source_pilot:trajectory_project/closeout_v1/results/A/condition_self_comparison.csv,b525503ad65cfa1aa8fe038f9005ca5bdaf0cff3ec53ab9cfa3108b84ee272e3,experiments/05_mental_pong/trajectory_project/closeout_v1/results/A/condition_self_comparison.csv,b525503ad65cfa1aa8fe038f9005ca5bdaf0cff3ec53ab9cfa3108b84ee272e3,unchanged_scientific_artifact,Byte-identical source artifact.,source_and_destination_verified
source_pilot:trajectory_project/closeout_v1/results/A/contrast_summary.csv,758342d80f5af7d441ada1ec152c179fe39aeee4e373f51a10373d76b47498a3,experiments/05_mental_pong/trajectory_project/closeout_v1/results/A/contrast_summary.csv,758342d80f5af7d441ada1ec152c179fe39aeee4e373f51a10373d76b47498a3,unchanged_scientific_artifact,Byte-identical source artifact.,source_and_destination_verified
source_pilot:trajectory_project/closeout_v1/results/A/cross_2x2_summary.csv,dd8dda46234088cabee49f4bc56d2da7a4faaba2ca52285df71156c9100a3f6a,experiments/05_mental_pong/trajectory_project/closeout_v1/results/A/cross_2x2_summary.csv,dd8dda46234088cabee49f4bc56d2da7a4faaba2ca52285df71156c9100a3f6a,unchanged_scientific_artifact,Byte-identical source artifact.,source_and_destination_verified
source_pilot:trajectory_project/closeout_v1/results/A/previous_trial_version_comparison.csv,2a391b7bedc6980f7d83d403374203a822482ffdae3c24b5e5acee07a88564ac,experiments/05_mental_pong/trajectory_project/closeout_v1/results/A/previous_trial_version_comparison.csv,2a391b7bedc6980f7d83d403374203a822482ffdae3c24b5e5acee07a88564ac,unchanged_scientific_artifact,Byte-identical source artifact.,source_and_destination_verified
source_pilot:trajectory_project/closeout_v1/results/A/replay_audit.json,c57d1e66d524d8a766c228317c82d65b7f0e3ad080ef7405e47c2039fa10c74d,experiments/05_mental_pong/trajectory_project/closeout_v1/results/A/replay_audit.json,c57d1e66d524d8a766c228317c82d65b7f0e3ad080ef7405e47c2039fa10c74d,unchanged_scientific_artifact,Byte-identical source artifact.,source_and_destination_verified
source_pilot:trajectory_project/closeout_v1/results/A/round_contrasts.csv,b6bd7ab05f1aaa2baf490a738687921089e91b2b9acf0105eb0b965616f893fd,experiments/05_mental_pong/trajectory_project/closeout_v1/results/A/round_contrasts.csv,b6bd7ab05f1aaa2baf490a738687921089e91b2b9acf0105eb0b965616f893fd,unchanged_scientific_artifact,Byte-identical source artifact.,source_and_destination_verified
source_pilot:trajectory_project/closeout_v1/results/A/round_cross_2x2.csv,e7b66b8b1db8a728b8bdad353d82bc640d7ee2449f34f8024fd74e1cfbfc7323,experiments/05_mental_pong/trajectory_project/closeout_v1/results/A/round_cross_2x2.csv,e7b66b8b1db8a728b8bdad353d82bc640d7ee2449f34f8024fd74e1cfbfc7323,unchanged_scientific_artifact,Byte-identical source artifact.,source_and_destination_verified
source_pilot:trajectory_project/closeout_v1/results/A/round_self_metrics.csv,5ad307c765addafe05511cb507ffb7974095f3465c74b21caa8c42e4b4a636f5,experiments/05_mental_pong/trajectory_project/closeout_v1/results/A/round_self_metrics.csv,5ad307c765addafe05511cb507ffb7974095f3465c74b21caa8c42e4b4a636f5,unchanged_scientific_artifact,Byte-identical source artifact.,source_and_destination_verified
source_pilot:trajectory_project/closeout_v1/results/A/self_reconstruction_main_table.csv,b6e0bc7f89b53dae5678087a6fa061a88fd5319b7d6f89b5d845c2ee3619a9bf,experiments/05_mental_pong/trajectory_project/closeout_v1/results/A/self_reconstruction_main_table.csv,b6e0bc7f89b53dae5678087a6fa061a88fd5319b7d6f89b5d845c2ee3619a9bf,unchanged_scientific_artifact,Byte-identical source artifact.,source_and_destination_verified
source_pilot:trajectory_project/closeout_v1/results/B/B_coverage_summary.csv,4c03c5eddc9eafe9130d99432f36a3c2d1a614e9418a55928e99905720693246,experiments/05_mental_pong/trajectory_project/closeout_v1/results/B/B_coverage_summary.csv,4c03c5eddc9eafe9130d99432f36a3c2d1a614e9418a55928e99905720693246,unchanged_scientific_artifact,Byte-identical source artifact.,source_and_destination_verified
source_pilot:trajectory_project/closeout_v1/results/B/B_mapping_audit.csv,a259232479c7e60699061693a1d8f7b1a52b5d41f0cea2042cffe4f14ceacfa4,experiments/05_mental_pong/trajectory_project/closeout_v1/results/B/B_mapping_audit.csv,a259232479c7e60699061693a1d8f7b1a52b5d41f0cea2042cffe4f14ceacfa4,unchanged_scientific_artifact,Byte-identical source artifact.,source_and_destination_verified
source_pilot:trajectory_project/closeout_v1/results/B/B_observed_full_support.csv,9df70a8338bf14d8b1a203ae6ed5f921b6fc5a17a9b43e9248ce4646b3235f72,experiments/05_mental_pong/trajectory_project/closeout_v1/results/B/B_observed_full_support.csv,9df70a8338bf14d8b1a203ae6ed5f921b6fc5a17a9b43e9248ce4646b3235f72,unchanged_scientific_artifact,Byte-identical source artifact.,source_and_destination_verified
source_pilot:trajectory_project/closeout_v1/results/B/B_outputs.json,570c81b490662084fe58fbe85af7646f4288203c5633efed974f67ddc1a10804,experiments/05_mental_pong/trajectory_project/closeout_v1/results/B/B_outputs.json,ff2e3205d19375babb8c1c608e054cdef468e1c02d904b6b2f4c9ca495e014e7,path_adapter,Absolute source locations replaced by storage aliases; original hashes describe external scientific records.,source_and_destination_verified
source_pilot:trajectory_project/closeout_v1/results/B/B_summary.csv,9affe3502f0186702959f1076f5510aeb2fce5159668f3305f1cea2e341b6016,experiments/05_mental_pong/trajectory_project/closeout_v1/results/B/B_summary.csv,9affe3502f0186702959f1076f5510aeb2fce5159668f3305f1cea2e341b6016,unchanged_scientific_artifact,Byte-identical source artifact.,source_and_destination_verified
source_pilot:trajectory_project/closeout_v1/results/B/B_validation.json,3cd6c840ec5cfa944b576780c3af48e460c55cf901a8582741e8c13ee0a300f8,experiments/05_mental_pong/trajectory_project/closeout_v1/results/B/B_validation.json,3cd6c840ec5cfa944b576780c3af48e460c55cf901a8582741e8c13ee0a300f8,unchanged_scientific_artifact,Byte-identical source artifact.,source_and_destination_verified
source_pilot:trajectory_project/closeout_v1/results/B/mahler_FA50_q_aggregate.csv.gz,63a9136a5beea4b5368d77b0349152c34397120b7670dbbf62af22aab2ecf3a0,experiments/05_mental_pong/trajectory_project/closeout_v1/results/B/mahler_FA50_q_aggregate.csv.gz,63a9136a5beea4b5368d77b0349152c34397120b7670dbbf62af22aab2ecf3a0,unchanged_scientific_artifact,Byte-identical source artifact.,source_and_destination_verified
source_pilot:trajectory_project/closeout_v1/results/B/mahler_GPFA50_q_aggregate.csv.gz,596dc943c7f959525178635ceab68ff31e24afb50996af18ec7e705f26c9a38f,experiments/05_mental_pong/trajectory_project/closeout_v1/results/B/mahler_GPFA50_q_aggregate.csv.gz,596dc943c7f959525178635ceab68ff31e24afb50996af18ec7e705f26c9a38f,unchanged_scientific_artifact,Byte-identical source artifact.,source_and_destination_verified
source_pilot:trajectory_project/closeout_v1/results/B/mahler_mapping_audit.csv,cf471e0ac02ced3b2699318ffd81e6e04232a4c720b94058e401a7dcd20a90a6,experiments/05_mental_pong/trajectory_project/closeout_v1/results/B/mahler_mapping_audit.csv,cf471e0ac02ced3b2699318ffd81e6e04232a4c720b94058e401a7dcd20a90a6,unchanged_scientific_artifact,Byte-identical source artifact.,source_and_destination_verified
source_pilot:trajectory_project/closeout_v1/results/B/perle_FA50_q_aggregate.csv.gz,19b1b152dc6890fe37b8fd1ec82dd6f619f39bfd2220f54b92c4b3950e52533e,experiments/05_mental_pong/trajectory_project/closeout_v1/results/B/perle_FA50_q_aggregate.csv.gz,19b1b152dc6890fe37b8fd1ec82dd6f619f39bfd2220f54b92c4b3950e52533e,unchanged_scientific_artifact,Byte-identical source artifact.,source_and_destination_verified
source_pilot:trajectory_project/closeout_v1/results/B/perle_GPFA50_q_aggregate.csv.gz,964f728e11c9c87b0644f86749b4b005dbd2ade5f663b15298c921613e2e3d1b,experiments/05_mental_pong/trajectory_project/closeout_v1/results/B/perle_GPFA50_q_aggregate.csv.gz,964f728e11c9c87b0644f86749b4b005dbd2ade5f663b15298c921613e2e3d1b,unchanged_scientific_artifact,Byte-identical source artifact.,source_and_destination_verified
source_pilot:trajectory_project/closeout_v1/results/B/perle_mapping_audit.csv,b4deb9f074518ece705b6407bb35994e4a55ecb1fb2d3a1957eb2588b1d3fa63,experiments/05_mental_pong/trajectory_project/closeout_v1/results/B/perle_mapping_audit.csv,b4deb9f074518ece705b6407bb35994e4a55ecb1fb2d3a1957eb2588b1d3fa63,unchanged_scientific_artifact,Byte-identical source artifact.,source_and_destination_verified
source_pilot:trajectory_project/closeout_v1/results/C/README.md,700a6bc454be61b9d060e951d200f137a66d628a45b51d44190e3cfb896d8002,experiments/05_mental_pong/trajectory_project/closeout_v1/results/C/README.md,c6d0df0742b9b58edc0b4487f8be14f545ddaadb8464ce2d6e02f122b3459ccc,english_translation,English publication edition; source scientific conclusions retained.,source_and_destination_verified
source_pilot:trajectory_project/closeout_v1/results/C/completed.json,eb5392e35b43e1150cfdcc4b27c33a3f96c0e38640cd22f312ba3e8c61e37b29,experiments/05_mental_pong/trajectory_project/closeout_v1/results/C/completed.json,879714857c87fcdff007c7a3b8f8b22ae09075db584c57324eddf131f51d4395,path_adapter,Absolute source locations replaced by storage aliases; original hashes describe external scientific records.,source_and_destination_verified
source_pilot:trajectory_project/closeout_v1/results/C/geometry_feasibility.json,5de538cd500d49f62789c57493fe9825500c18d3cc6ac7d5fcb7d704c64258c8,experiments/05_mental_pong/trajectory_project/closeout_v1/results/C/geometry_feasibility.json,c9e17b711c2c37af0cc28dd8856c48e73f858f5774c019b766cd7ef1e93b9d4b,path_adapter,Absolute source locations replaced by storage aliases; original hashes describe external scientific records.,source_and_destination_verified
source_pilot:trajectory_project/closeout_v1/results/C/mahler_FA50_OLS_equivalence.json,720ca484f87af4f52dfbd038861e8381dcf352501020c9cf532d3f4099c6d312,experiments/05_mental_pong/trajectory_project/closeout_v1/results/C/mahler_FA50_OLS_equivalence.json,720ca484f87af4f52dfbd038861e8381dcf352501020c9cf532d3f4099c6d312,unchanged_scientific_artifact,Byte-identical source artifact.,source_and_destination_verified
source_pilot:trajectory_project/closeout_v1/results/C/mahler_FA50_completed.json,53cdd90304beac0bdaa178bc8d2328a42a858285697aa916f5b1bf46f6bfab6d,experiments/05_mental_pong/trajectory_project/closeout_v1/results/C/mahler_FA50_completed.json,b2edf800da1ce4a86c340a54c2227a635954eec24cae4a02e036f9e6cb4d2218,path_adapter,Absolute source locations replaced by storage aliases; original hashes describe external scientific records.,source_and_destination_verified
source_pilot:trajectory_project/closeout_v1/results/C/mahler_FA50_per_q_mean100.csv,7a86363cc9c7b413f7ad1315951fbca797cb886573ba7d7479e6010dd0fabfe3,experiments/05_mental_pong/trajectory_project/closeout_v1/results/C/mahler_FA50_per_q_mean100.csv,7a86363cc9c7b413f7ad1315951fbca797cb886573ba7d7479e6010dd0fabfe3,unchanged_scientific_artifact,Byte-identical source artifact.,source_and_destination_verified
source_pilot:trajectory_project/closeout_v1/results/C/mahler_FA50_summary.csv,d530cd93f992137bdac7892f5bde8c38850b40f78e73f8c1766891c87b287ff3,experiments/05_mental_pong/trajectory_project/closeout_v1/results/C/mahler_FA50_summary.csv,d530cd93f992137bdac7892f5bde8c38850b40f78e73f8c1766891c87b287ff3,unchanged_scientific_artifact,Byte-identical source artifact.,source_and_destination_verified
source_pilot:trajectory_project/closeout_v1/results/C/mahler_GPFA50_OLS_equivalence.json,6b48f077941cd77f6633e1367199c7aa0263f39f2b1e6472500c281a0e250bd3,experiments/05_mental_pong/trajectory_project/closeout_v1/results/C/mahler_GPFA50_OLS_equivalence.json,6b48f077941cd77f6633e1367199c7aa0263f39f2b1e6472500c281a0e250bd3,unchanged_scientific_artifact,Byte-identical source artifact.,source_and_destination_verified
source_pilot:trajectory_project/closeout_v1/results/C/mahler_GPFA50_completed.json,f226df9ccbe6ee0fac87bc9fe276a83a6f64fa1a3c40467381ee97eefd65ff31,experiments/05_mental_pong/trajectory_project/closeout_v1/results/C/mahler_GPFA50_completed.json,7255f5c14ed3d09301afb1c2921da8fe3d496341f7754b13642cb173528a7ad5,path_adapter,Absolute source locations replaced by storage aliases; original hashes describe external scientific records.,source_and_destination_verified
source_pilot:trajectory_project/closeout_v1/results/C/mahler_GPFA50_per_q_mean100.csv,ba7be6fe0b06e15bbd691086835afb4bf622b5b8a608f3c8f679d362119a02d5,experiments/05_mental_pong/trajectory_project/closeout_v1/results/C/mahler_GPFA50_per_q_mean100.csv,ba7be6fe0b06e15bbd691086835afb4bf622b5b8a608f3c8f679d362119a02d5,unchanged_scientific_artifact,Byte-identical source artifact.,source_and_destination_verified
source_pilot:trajectory_project/closeout_v1/results/C/mahler_GPFA50_summary.csv,4b9f986cb896a65f6b080b58f31a350e0ca8a8e4cceb92c17d844fd2926d98ad,experiments/05_mental_pong/trajectory_project/closeout_v1/results/C/mahler_GPFA50_summary.csv,4b9f986cb896a65f6b080b58f31a350e0ca8a8e4cceb92c17d844fd2926d98ad,unchanged_scientific_artifact,Byte-identical source artifact.,source_and_destination_verified
source_pilot:trajectory_project/closeout_v1/results/C/mahler_mapping_summary.csv,8ee8a37afad98fda486d2c5fac1c0ad215b3af33a49f4242ad8991aad116ead3,experiments/05_mental_pong/trajectory_project/closeout_v1/results/C/mahler_mapping_summary.csv,8ee8a37afad98fda486d2c5fac1c0ad215b3af33a49f4242ad8991aad116ead3,unchanged_scientific_artifact,Byte-identical source artifact.,source_and_destination_verified
source_pilot:trajectory_project/closeout_v1/results/C/perle_FA50_OLS_equivalence.json,72b643126d428fd0a7c6902504afdd3fd4546f8dcf1c980767c081967dce7f60,experiments/05_mental_pong/trajectory_project/closeout_v1/results/C/perle_FA50_OLS_equivalence.json,72b643126d428fd0a7c6902504afdd3fd4546f8dcf1c980767c081967dce7f60,unchanged_scientific_artifact,Byte-identical source artifact.,source_and_destination_verified
source_pilot:trajectory_project/closeout_v1/results/C/perle_FA50_completed.json,023de2162fc036185052e356118f4eb1f498fd582a4bea0a97623697ca1c75ab,experiments/05_mental_pong/trajectory_project/closeout_v1/results/C/perle_FA50_completed.json,1b197d16e17402bfc925b6bb79d0b8a4d1e95ded3ca179f5c54292d8690daee1,path_adapter,Absolute source locations replaced by storage aliases; original hashes describe external scientific records.,source_and_destination_verified
source_pilot:trajectory_project/closeout_v1/results/C/perle_FA50_per_q_mean100.csv,1e87b2fca024c4d37ba38c2bfc2aacf52f14f0c8308e2c3755ffed586016e140,experiments/05_mental_pong/trajectory_project/closeout_v1/results/C/perle_FA50_per_q_mean100.csv,1e87b2fca024c4d37ba38c2bfc2aacf52f14f0c8308e2c3755ffed586016e140,unchanged_scientific_artifact,Byte-identical source artifact.,source_and_destination_verified
source_pilot:trajectory_project/closeout_v1/results/C/perle_FA50_summary.csv,5f88f4fb115b0d6991f1772d6d3b544217ee462f18e08a5792ba6462c07dafd5,experiments/05_mental_pong/trajectory_project/closeout_v1/results/C/perle_FA50_summary.csv,5f88f4fb115b0d6991f1772d6d3b544217ee462f18e08a5792ba6462c07dafd5,unchanged_scientific_artifact,Byte-identical source artifact.,source_and_destination_verified
source_pilot:trajectory_project/closeout_v1/results/C/perle_GPFA50_OLS_equivalence.json,3693c11b1a276e6ddfe12ae50f5a9c887a5dca71a3bd51b173f243f7336618c7,experiments/05_mental_pong/trajectory_project/closeout_v1/results/C/perle_GPFA50_OLS_equivalence.json,3693c11b1a276e6ddfe12ae50f5a9c887a5dca71a3bd51b173f243f7336618c7,unchanged_scientific_artifact,Byte-identical source artifact.,source_and_destination_verified
source_pilot:trajectory_project/closeout_v1/results/C/perle_GPFA50_completed.json,15375c9f41a0deb1a783a59e96dbfd5c7178ccb1186471e7b3d89cd6c9751d26,experiments/05_mental_pong/trajectory_project/closeout_v1/results/C/perle_GPFA50_completed.json,b469ea3a59f01a8461fdc705b02c46d7395863d22ed63596d08f076f38d7e481,path_adapter,Absolute source locations replaced by storage aliases; original hashes describe external scientific records.,source_and_destination_verified
source_pilot:trajectory_project/closeout_v1/results/C/perle_GPFA50_per_q_mean100.csv,4159e4cd5b41e908cba72a4af5924ef53e98150f62fb0bae80017ec932c6a31d,experiments/05_mental_pong/trajectory_project/closeout_v1/results/C/perle_GPFA50_per_q_mean100.csv,4159e4cd5b41e908cba72a4af5924ef53e98150f62fb0bae80017ec932c6a31d,unchanged_scientific_artifact,Byte-identical source artifact.,source_and_destination_verified
source_pilot:trajectory_project/closeout_v1/results/C/perle_GPFA50_summary.csv,4c63ddbdb51d18f5a4766d79ded23e85bc23fbcfb0d3dfda9218ce13b64a6044,experiments/05_mental_pong/trajectory_project/closeout_v1/results/C/perle_GPFA50_summary.csv,4c63ddbdb51d18f5a4766d79ded23e85bc23fbcfb0d3dfda9218ce13b64a6044,unchanged_scientific_artifact,Byte-identical source artifact.,source_and_destination_verified
source_pilot:trajectory_project/closeout_v1/results/C/perle_mapping_summary.csv,942ace96bdc3104230561e194dd8c7b4cf93f6d40ddb6032bd39614dd86756d5,experiments/05_mental_pong/trajectory_project/closeout_v1/results/C/perle_mapping_summary.csv,942ace96bdc3104230561e194dd8c7b4cf93f6d40ddb6032bd39614dd86756d5,unchanged_scientific_artifact,Byte-identical source artifact.,source_and_destination_verified
source_pilot:trajectory_project/closeout_v1/results/C/random_endpoint_summary.csv,7e14c16b081dad9a7e732467ff30fcdf63a8d4dc2827e9632ec533dee3174aa5,experiments/05_mental_pong/trajectory_project/closeout_v1/results/C/random_endpoint_summary.csv,7e14c16b081dad9a7e732467ff30fcdf63a8d4dc2827e9632ec533dee3174aa5,unchanged_scientific_artifact,Byte-identical source artifact.,source_and_destination_verified
source_pilot:trajectory_project/closeout_v1/results/descriptive/endpoint_condition_audit.csv,a6ff512655edf7aec28000bf18c614c7e031e54640c32a14092fff7491d9db1f,experiments/05_mental_pong/trajectory_project/closeout_v1/results/descriptive/endpoint_condition_audit.csv,a6ff512655edf7aec28000bf18c614c7e031e54640c32a14092fff7491d9db1f,unchanged_scientific_artifact,Byte-identical source artifact.,source_and_destination_verified
source_pilot:trajectory_project/closeout_v1/results/descriptive/fixed_posthoc_case_2x2.csv,3852a6879e347682ca09630fde86265d4d3e66012ffce8fab7e6bad0eb3d0547,experiments/05_mental_pong/trajectory_project/closeout_v1/results/descriptive/fixed_posthoc_case_2x2.csv,3852a6879e347682ca09630fde86265d4d3e66012ffce8fab7e6bad0eb3d0547,unchanged_scientific_artifact,Byte-identical source artifact.,source_and_destination_verified
source_pilot:trajectory_project/closeout_v1/results/descriptive/fixed_posthoc_case_curve_separation.csv,0dd1850cffd04737e3e79b72fcd13dff8ab0dfdf8bb081aa8376e29e5bb90d85,experiments/05_mental_pong/trajectory_project/closeout_v1/results/descriptive/fixed_posthoc_case_curve_separation.csv,0dd1850cffd04737e3e79b72fcd13dff8ab0dfdf8bb081aa8376e29e5bb90d85,unchanged_scientific_artifact,Byte-identical source artifact.,source_and_destination_verified
source_pilot:trajectory_project/closeout_v1/results/descriptive/fixed_posthoc_case_scores.csv,4639c6cc5a5bb698663c756cd58ef32cac61f006caceb5933312a9b58645cdd2,experiments/05_mental_pong/trajectory_project/closeout_v1/results/descriptive/fixed_posthoc_case_interpretation.md,f2ad8f9ef4286e752cf95cf0ad08786c4605217ca2840db2c6cb5c8c573b4e5d,english_translation,English publication edition; source scientific conclusions retained.,source_and_destination_verified
source_pilot:trajectory_project/closeout_v1/results/descriptive/fixed_posthoc_case_scores.csv,4639c6cc5a5bb698663c756cd58ef32cac61f006caceb5933312a9b58645cdd2,experiments/05_mental_pong/trajectory_project/closeout_v1/results/descriptive/fixed_posthoc_case_scores.csv,4639c6cc5a5bb698663c756cd58ef32cac61f006caceb5933312a9b58645cdd2,unchanged_scientific_artifact,Byte-identical source artifact.,source_and_destination_verified
source_pilot:trajectory_project/closeout_v1/results/descriptive/mean_cancellation_summary.json,316500d435455ae7399055ea95aaea0b5235091a74cdae8dc22823d99f81c4ca,experiments/05_mental_pong/trajectory_project/closeout_v1/results/descriptive/mean_cancellation_interpretation.md,dce09ae04c6d5c9a780aba85db9fe04e4dbd06a067e6027e8b9dd125cce3fae2,english_translation,English publication edition; source scientific conclusions retained.,source_and_destination_verified
source_pilot:trajectory_project/closeout_v1/results/descriptive/mean_cancellation_summary.json,316500d435455ae7399055ea95aaea0b5235091a74cdae8dc22823d99f81c4ca,experiments/05_mental_pong/trajectory_project/closeout_v1/results/descriptive/mean_cancellation_summary.json,316500d435455ae7399055ea95aaea0b5235091a74cdae8dc22823d99f81c4ca,unchanged_scientific_artifact,Byte-identical source artifact.,source_and_destination_verified
source_pilot:trajectory_project/closeout_v1/results/descriptive/path_separation_summary.csv,25a71cf2903fb2e396efd177aee016e4f51e433574fc81432902f2b38c683f27,experiments/05_mental_pong/trajectory_project/closeout_v1/results/descriptive/path_separation_summary.csv,25a71cf2903fb2e396efd177aee016e4f51e433574fc81432902f2b38c683f27,unchanged_scientific_artifact,Byte-identical source artifact.,source_and_destination_verified
source_pilot:trajectory_project/closeout_v1/results/descriptive/path_separation_vs_error.csv,002f23066afadab338ac2acd18f5d549d3df05acf81a7c1b25c563c5c3e2634b,experiments/05_mental_pong/trajectory_project/closeout_v1/results/descriptive/path_separation_vs_error.csv,002f23066afadab338ac2acd18f5d549d3df05acf81a7c1b25c563c5c3e2634b,unchanged_scientific_artifact,Byte-identical source artifact.,source_and_destination_verified
source_pilot:trajectory_project/closeout_v1/results/descriptive/source_hashes.json,bf9b294fa33bd5d5c08e46c4e72bce1d9f54071c44f45c112674a51e63f3605a,experiments/05_mental_pong/trajectory_project/closeout_v1/results/descriptive/source_hashes.json,eff6bc33ca445083430b7ebb7bc7193e68ef51d1e99c69637c602c7c28f8f7d8,path_adapter,Absolute source locations replaced by storage aliases; original hashes describe external scientific records.,source_and_destination_verified
source_pilot:trajectory_project/closeout_v1/results/descriptive/visual_and_implementation_qa.json,d5b548112955c540c8a2a1fe01936e80a1aeab1f58c7ac20c5c443b818e1548e,experiments/05_mental_pong/trajectory_project/closeout_v1/results/descriptive/visual_and_implementation_qa.json,d5b548112955c540c8a2a1fe01936e80a1aeab1f58c7ac20c5c443b818e1548e,unchanged_scientific_artifact,Byte-identical source artifact.,source_and_destination_verified
source_pilot:trajectory_project/closeout_v1/results/experiment_ledger.csv,55fac0b9a01fac141ce4e966000140659130046af4b3367db99a5acdb817804f,experiments/05_mental_pong/trajectory_project/closeout_v1/results/experiment_ledger.csv,dc2c559638f19a770568e7471be17d779b8a7daf410c3a3cf12ffdd2e15fe1bb,english_translation,Narrative fields translated; numerical fields preserved.,source_and_destination_verified
source_pilot:trajectory_project/closeout_v1/results/figure_qa.json,af453807eaca20cf5e5beb2822988c04684922aae7e126674352dfe1baed728b,experiments/05_mental_pong/trajectory_project/closeout_v1/results/figure_qa.json,6e43a74891fc0e07b845ae81f980759087fd00bbbab15a96e644b1a7be75b0e6,path_adapter,Absolute source locations replaced by storage aliases; original hashes describe external scientific records.,source_and_destination_verified
source_pilot:trajectory_project/closeout_v1/results/final_acceptance_audit.json,446f383f914c8285506edeb68c4b6731a8117c5173c73e7c0737d287f227deb1,experiments/05_mental_pong/trajectory_project/closeout_v1/results/final_acceptance_audit.json,446f383f914c8285506edeb68c4b6731a8117c5173c73e7c0737d287f227deb1,unchanged_scientific_artifact,Byte-identical source artifact.,source_and_destination_verified
source_pilot:trajectory_project/closeout_v1/results/test_execution.json,1efa6098d730d16e08a52981c4d694651a8aca9dc8b4a66363ebed6def839f50,experiments/05_mental_pong/trajectory_project/closeout_v1/results/test_execution.json,29e169b9d6834ff5099af6d5c3abfdd473ce6bdc4996cc5cc1f85e68ae6d1844,path_adapter,Absolute source locations replaced by storage aliases; original hashes describe external scientific records.,source_and_destination_verified
source_pilot:trajectory_project/closeout_v1/run_closeout.py,20fed8df5d8be9b8067561333478ab9a3662ab1bb138c7c50cf3fabfc7a4f86b,experiments/05_mental_pong/trajectory_project/closeout_v1/run_closeout.py,8e631a1c57e162fb09d46da518e3cf8767924e5da00f4a70f67452e19db0ad1f,path_adapter,"English strings, portable imports/paths, and canonical text line endings; numerical changes checked separately.",source_and_destination_verified
source_pilot:trajectory_project/closeout_v1/sources/A_sources.json,17d6be4a2d9d3c1360ecd74a12929ddb7e4a538b40852040e36fd46fdefb618b,experiments/05_mental_pong/trajectory_project/closeout_v1/sources/A_sources.json,22d0454cf9e08a1047702cde5dc2bdee46d2c8554c421e1bf5b38f9089bc5f9a,path_adapter,Absolute source locations replaced by storage aliases; original hashes describe external scientific records.,source_and_destination_verified
source_pilot:trajectory_project/closeout_v1/sources/frozen_source_records.json,4415b22e909ca488cf38e8dff836998337f8798326991f0ed0a44b839683d06a,experiments/05_mental_pong/trajectory_project/closeout_v1/sources/frozen_source_records.json,378073aa7e3b61dcf773ed7f829346cfe41b483f05b32f38caad4d9097579384,path_adapter,Absolute source locations replaced by storage aliases; original hashes describe external scientific records.,source_and_destination_verified
source_pilot:trajectory_project/closeout_v1/sources/initial_source_verification.json,68e11827df6184bd77c6167f60c25a60be7ad5f5dfea6d686f325ff172a5af51,experiments/05_mental_pong/trajectory_project/closeout_v1/sources/initial_source_verification.json,68e11827df6184bd77c6167f60c25a60be7ad5f5dfea6d686f325ff172a5af51,unchanged_scientific_artifact,Byte-identical source artifact.,source_and_destination_verified
source_pilot:trajectory_project/closeout_v1/sources/runtime.json,5a146fbb4441d8e2beaba03207f409813dd120fe8297d2ac1ba559fa7e5fdc79,experiments/05_mental_pong/trajectory_project/closeout_v1/sources/runtime.json,5a146fbb4441d8e2beaba03207f409813dd120fe8297d2ac1ba559fa7e5fdc79,unchanged_scientific_artifact,Byte-identical source artifact.,source_and_destination_verified
,0ce3bae278240eacaae1a7a797fecc9c70574f6698e01ccd433c83b6bf116fa4,experiments/05_mental_pong/trajectory_project/closeout_v1/sources/user_request_record.json,ba463ace927dc75194eabfe8a2392db8aaa6760960bac1abd1dcb5a7d99bdb7c,path_adapter,Internal workflow material excluded from distribution; historical destination identity retained.,source_and_destination_verified
source_pilot:trajectory_project/closeout_v1/tests/test_a.py,5aa04eba872498a15c1f9515f90cdc707b656f62b15d1345c7cdde6505d8c294,experiments/05_mental_pong/trajectory_project/closeout_v1/tests/test_a.py,5aa04eba872498a15c1f9515f90cdc707b656f62b15d1345c7cdde6505d8c294,unchanged_scientific_artifact,Byte-identical source artifact.,source_and_destination_verified
source_pilot:trajectory_project/closeout_v1/tests/test_b_condition_null.py,4079f52ca32e62f54b42459b9579ee4d4d5138b243bf44c5971c9b48e57df7e4,experiments/05_mental_pong/trajectory_project/closeout_v1/tests/test_b_condition_null.py,4079f52ca32e62f54b42459b9579ee4d4d5138b243bf44c5971c9b48e57df7e4,unchanged_scientific_artifact,Byte-identical source artifact.,source_and_destination_verified
source_pilot:trajectory_project/closeout_v1/tests/test_c_delivery.py,4a3a23c305acba64562dd1a39da50be96bca010983aef9b6126915be96cd1572,experiments/05_mental_pong/trajectory_project/closeout_v1/tests/test_c_delivery.py,8ef2d8d20bc045e72408a88ffebc3c60bb31aeac716ca205f5b73c56d0c4ff06,path_adapter,"English strings, portable imports/paths, and canonical text line endings; numerical changes checked separately.",source_and_destination_verified
source_pilot:trajectory_project/closeout_v1/tests/test_c_endpoint.py,5950bdcc4b20926f1490c2f9e6ec8dc5a96177f45a9120015d2b55d3379267be,experiments/05_mental_pong/trajectory_project/closeout_v1/tests/test_c_endpoint.py,5950bdcc4b20926f1490c2f9e6ec8dc5a96177f45a9120015d2b55d3379267be,unchanged_scientific_artifact,Byte-identical source artifact.,source_and_destination_verified
source_pilot:trajectory_project/closeout_v1/tests/test_descriptive_audit.py,d0ab65660dd4d47181c5c2695e42509f94bcbf5e577c6a0641f2ad386708f009,experiments/05_mental_pong/trajectory_project/closeout_v1/tests/test_descriptive_audit.py,d0ab65660dd4d47181c5c2695e42509f94bcbf5e577c6a0641f2ad386708f009,unchanged_scientific_artifact,Byte-identical source artifact.,source_and_destination_verified
source_pilot:trajectory_project/condition_endpoint_fa_gpfa_v1/README.md,b9326e95a9de3604f78038eeb0caf7092dcdacbec9a7410293e94f311fe3cb8c,experiments/05_mental_pong/trajectory_project/condition_endpoint_fa_gpfa_v1/README.md,057bb15f1fc199034f11d5503541955b0201d0f6049e204febf7f7f51d98da3c,english_translation,English publication edition; source scientific conclusions retained.,source_and_destination_verified
source_pilot:trajectory_project/condition_endpoint_fa_gpfa_v1/results/previous_trial_version_comparison.csv,2a391b7bedc6980f7d83d403374203a822482ffdae3c24b5e5acee07a88564ac,experiments/05_mental_pong/trajectory_project/condition_endpoint_fa_gpfa_v1/REPORT.md,973a4a5753d079ab26ce37dc877549362f777173665c37ea3a58e307f966cc7d,english_translation,English publication edition; source scientific conclusions retained.,source_and_destination_verified
integration:experiments/05_mental_pong/trajectory_project/condition_endpoint_fa_gpfa_v1/__init__.py,,experiments/05_mental_pong/trajectory_project/condition_endpoint_fa_gpfa_v1/__init__.py,bbd6936143cdbceb028e1916b71e034f4724f3517d8e46c41e603bd18bfeae84,integration_metadata,"New integration document, adapter, or verification record.",created_for_integration
source_pilot:trajectory_project/condition_endpoint_fa_gpfa_v1/artifacts/mahler_condition_labels.npz,4b059a6a6c5b262c85dfa5a1fe4601925708b70dd932012528c428a59bdba853,experiments/05_mental_pong/trajectory_project/condition_endpoint_fa_gpfa_v1/artifacts/mahler_condition_labels.npz,4b059a6a6c5b262c85dfa5a1fe4601925708b70dd932012528c428a59bdba853,unchanged_scientific_artifact,Byte-identical source artifact.,source_and_destination_verified
source_pilot:trajectory_project/condition_endpoint_fa_gpfa_v1/artifacts/perle_condition_labels.npz,5fa264d9936ce67bb693ae25ae799b1e612b717ef3225dbc2373065afbfaf3fc,experiments/05_mental_pong/trajectory_project/condition_endpoint_fa_gpfa_v1/artifacts/perle_condition_labels.npz,5fa264d9936ce67bb693ae25ae799b1e612b717ef3225dbc2373065afbfaf3fc,unchanged_scientific_artifact,Byte-identical source artifact.,source_and_destination_verified
source_pilot:trajectory_project/condition_endpoint_fa_gpfa_v1/condition_data.py,7b5ec271e75ba446c9b5583171950ff74a21f8ac11335da2017197c4f0f38c20,experiments/05_mental_pong/trajectory_project/condition_endpoint_fa_gpfa_v1/condition_data.py,7b5ec271e75ba446c9b5583171950ff74a21f8ac11335da2017197c4f0f38c20,unchanged_scientific_artifact,Byte-identical source artifact.,source_and_destination_verified
source_pilot:trajectory_project/condition_endpoint_fa_gpfa_v1/configs/analysis_protocol.json,d29425f2289f24371a4178897e4d8af2898e1b8ffc5f9a7d613225a5cf265983,experiments/05_mental_pong/trajectory_project/condition_endpoint_fa_gpfa_v1/configs/analysis_protocol.json,9d8e580e5370f32a333030af66becae5701b83855a380867737b9225faed5106,path_adapter,Absolute source locations replaced by storage aliases; original hashes describe external scientific records.,source_and_destination_verified
source_pilot:trajectory_project/condition_endpoint_fa_gpfa_v1/configs/condition_splits_100.json,dbd9f694ec190d046b1d000b31c5196ca41661df8d539ea17fa6b5ecf7c196f0,experiments/05_mental_pong/trajectory_project/condition_endpoint_fa_gpfa_v1/configs/condition_splits_100.json,dbd9f694ec190d046b1d000b31c5196ca41661df8d539ea17fa6b5ecf7c196f0,unchanged_scientific_artifact,Byte-identical source artifact.,source_and_destination_verified
source_pilot:trajectory_project/condition_endpoint_fa_gpfa_v1/configs/figure_condition_order.json,eb1563a9787cd80fd968bec141ee730f9cd951289da48732a77b588f66fd1125,experiments/05_mental_pong/trajectory_project/condition_endpoint_fa_gpfa_v1/configs/figure_condition_order.json,eb1563a9787cd80fd968bec141ee730f9cd951289da48732a77b588f66fd1125,unchanged_scientific_artifact,Byte-identical source artifact.,source_and_destination_verified
source_pilot:trajectory_project/condition_endpoint_fa_gpfa_v1/configs/protocol_lock.json,bec5174e5e668507c0a6d37e0a7f0950501fb7fae568d372d7cde3b4f7b1286f,experiments/05_mental_pong/trajectory_project/condition_endpoint_fa_gpfa_v1/configs/protocol_lock.json,bec5174e5e668507c0a6d37e0a7f0950501fb7fae568d372d7cde3b4f7b1286f,unchanged_scientific_artifact,Byte-identical source artifact.,source_and_destination_verified
source_pilot:trajectory_project/condition_endpoint_fa_gpfa_v1/data/mahler_condition_time_index.csv,d7df215ed4d23f6ae83aec1dd77fbcd75ef608b61bab91c5c43ea29657c94ca6,experiments/05_mental_pong/trajectory_project/condition_endpoint_fa_gpfa_v1/data/mahler_condition_time_index.csv,d7df215ed4d23f6ae83aec1dd77fbcd75ef608b61bab91c5c43ea29657c94ca6,unchanged_scientific_artifact,Byte-identical source artifact.,source_and_destination_verified
source_pilot:trajectory_project/condition_endpoint_fa_gpfa_v1/data/perle_condition_time_index.csv,e4decce60b0e82bdba3578c84570ba24a6992419d0ae065ad8fbc27a8f1a9a15,experiments/05_mental_pong/trajectory_project/condition_endpoint_fa_gpfa_v1/data/perle_condition_time_index.csv,e4decce60b0e82bdba3578c84570ba24a6992419d0ae065ad8fbc27a8f1a9a15,unchanged_scientific_artifact,Byte-identical source artifact.,source_and_destination_verified
source_pilot:trajectory_project/condition_endpoint_fa_gpfa_v1/decoding_condition.py,56c7bf918d5ca81bdddb211d508cb5110d8947a29630346bdac089170c87a7c7,experiments/05_mental_pong/trajectory_project/condition_endpoint_fa_gpfa_v1/decoding_condition.py,56c7bf918d5ca81bdddb211d508cb5110d8947a29630346bdac089170c87a7c7,unchanged_scientific_artifact,Byte-identical source artifact.,source_and_destination_verified
source_pilot:trajectory_project/condition_endpoint_fa_gpfa_v1/figures/paired_self_reconstruction_differences.png,bb0b53822c0d555fbc83dd4124fd17f6462e618a17ac951d2e6178498fdc01d4,experiments/05_mental_pong/trajectory_project/condition_endpoint_fa_gpfa_v1/figures/paired_self_reconstruction_differences.png,bb0b53822c0d555fbc83dd4124fd17f6462e618a17ac951d2e6178498fdc01d4,unchanged_scientific_artifact,Byte-identical source artifact.,source_and_destination_verified
source_pilot:trajectory_project/condition_endpoint_fa_gpfa_v1/final_validation.py,92f8bbb40eacd87c4b67ab3c0e4511e63b07567ec2000800c0f394e4abcf994d,experiments/05_mental_pong/trajectory_project/condition_endpoint_fa_gpfa_v1/final_validation.py,92f8bbb40eacd87c4b67ab3c0e4511e63b07567ec2000800c0f394e4abcf994d,unchanged_scientific_artifact,Byte-identical source artifact.,source_and_destination_verified
source_pilot:trajectory_project/condition_endpoint_fa_gpfa_v1/manifest.json,307dc889c21b377cbca25f8213e0f1885fa1a112e86f02ce4489f1700b2d8d70,experiments/05_mental_pong/trajectory_project/condition_endpoint_fa_gpfa_v1/manifest.json,c3f87f3e0ade18aa9727f10aeef2323397ad43c9c660b8d5477ad88ce2a4cc4f,path_adapter,Absolute source locations replaced by storage aliases; original hashes describe external scientific records.,source_and_destination_verified
source_pilot:trajectory_project/condition_endpoint_fa_gpfa_v1/plotting_condition.py,411cb389852649e1f52e3f343612f62014c335710c1b92f8c06bcc7ac15fae30,experiments/05_mental_pong/trajectory_project/condition_endpoint_fa_gpfa_v1/plotting_condition.py,a471154eb3f11df17fd5ddbc32fb7a2d58576f8e7391d9b930201acb803e8d6d,path_adapter,"English strings, portable imports/paths, and canonical text line endings; numerical changes checked separately.",source_and_destination_verified
source_pilot:trajectory_project/condition_endpoint_fa_gpfa_v1/project_setup.py,5903c5d190e109003865f8b65628a729dd07ee1ee627fe40b992bb7a5b189e7d,experiments/05_mental_pong/trajectory_project/condition_endpoint_fa_gpfa_v1/project_setup.py,5903c5d190e109003865f8b65628a729dd07ee1ee627fe40b992bb7a5b189e7d,unchanged_scientific_artifact,Byte-identical source artifact.,source_and_destination_verified
source_pilot:trajectory_project/condition_endpoint_fa_gpfa_v1/protocol_diff.md,7a5b5b1ab161cfe37a0bb48a61d91f3c426551081a6d95e71dae2301849d9d94,experiments/05_mental_pong/trajectory_project/condition_endpoint_fa_gpfa_v1/protocol_diff.md,5d37b4c3db105697f52f42d12d7fe91d4cbc7826614f32c89d92b484df720cd1,english_translation,English publication edition; source scientific conclusions retained.,source_and_destination_verified
source_pilot:trajectory_project/condition_endpoint_fa_gpfa_v1/reporting_condition.py,7e39e39479394a3e5ba50a9cdbca6fac1e370dafbae346060a62ab6939bff989,experiments/05_mental_pong/trajectory_project/condition_endpoint_fa_gpfa_v1/reporting_condition.py,41f7f95087110ff041959ea61bfc0f2f401cb862ecf1a2738f41fe7632deacd0,path_adapter,"English strings, portable imports/paths, and canonical text line endings; numerical changes checked separately.",source_and_destination_verified
source_pilot:trajectory_project/condition_endpoint_fa_gpfa_v1/results/binwise_reconstruction.csv,a76d21abd6a87f4af41a6eb7eaad4e23ca42d0335e8f1f3a6928b8987e4d1d99,experiments/05_mental_pong/trajectory_project/condition_endpoint_fa_gpfa_v1/results/binwise_reconstruction.csv,a76d21abd6a87f4af41a6eb7eaad4e23ca42d0335e8f1f3a6928b8987e4d1d99,unchanged_scientific_artifact,Byte-identical source artifact.,source_and_destination_verified
source_pilot:trajectory_project/condition_endpoint_fa_gpfa_v1/results/condition_averaging_audit.json,344d3fa4e7bc6e4ff70fc5e43beed4afa92a83e60db85f5e496de0b78ba26905,experiments/05_mental_pong/trajectory_project/condition_endpoint_fa_gpfa_v1/results/condition_averaging_audit.json,344d3fa4e7bc6e4ff70fc5e43beed4afa92a83e60db85f5e496de0b78ba26905,unchanged_scientific_artifact,Byte-identical source artifact.,source_and_destination_verified
source_pilot:trajectory_project/condition_endpoint_fa_gpfa_v1/results/condition_cross_summary.csv,6f87c2513bb0105fd02e57028116d1941ac3f65f7ae74529be2147d31ee645e1,experiments/05_mental_pong/trajectory_project/condition_endpoint_fa_gpfa_v1/results/condition_cross_summary.csv,6f87c2513bb0105fd02e57028116d1941ac3f65f7ae74529be2147d31ee645e1,unchanged_scientific_artifact,Byte-identical source artifact.,source_and_destination_verified
source_pilot:trajectory_project/condition_endpoint_fa_gpfa_v1/results/condition_difference_counts.csv,e3d630a94ae042df1956b3585d2daca07aa3962f1763bb5a339ae9d576292855,experiments/05_mental_pong/trajectory_project/condition_endpoint_fa_gpfa_v1/results/condition_difference_counts.csv,e3d630a94ae042df1956b3585d2daca07aa3962f1763bb5a339ae9d576292855,unchanged_scientific_artifact,Byte-identical source artifact.,source_and_destination_verified
source_pilot:trajectory_project/condition_endpoint_fa_gpfa_v1/results/condition_geometry.csv,ac11743cda242bab24117d5463cdc7e3f024a339f3e099bf4699835fb6a034cb,experiments/05_mental_pong/trajectory_project/condition_endpoint_fa_gpfa_v1/results/condition_geometry.csv,ac11743cda242bab24117d5463cdc7e3f024a339f3e099bf4699835fb6a034cb,unchanged_scientific_artifact,Byte-identical source artifact.,source_and_destination_verified
source_pilot:trajectory_project/condition_endpoint_fa_gpfa_v1/results/condition_label_coverage.csv,40a77cd2e554e1cd0c10e67560df5694088aff96300cdf4800b39ef68432eed2,experiments/05_mental_pong/trajectory_project/condition_endpoint_fa_gpfa_v1/results/condition_label_coverage.csv,40a77cd2e554e1cd0c10e67560df5694088aff96300cdf4800b39ef68432eed2,unchanged_scientific_artifact,Byte-identical source artifact.,source_and_destination_verified
source_pilot:trajectory_project/condition_endpoint_fa_gpfa_v1/results/condition_self_comparison.csv,b525503ad65cfa1aa8fe038f9005ca5bdaf0cff3ec53ab9cfa3108b84ee272e3,experiments/05_mental_pong/trajectory_project/condition_endpoint_fa_gpfa_v1/results/condition_self_comparison.csv,b525503ad65cfa1aa8fe038f9005ca5bdaf0cff3ec53ab9cfa3108b84ee272e3,unchanged_scientific_artifact,Byte-identical source artifact.,source_and_destination_verified
source_pilot:trajectory_project/condition_endpoint_fa_gpfa_v1/results/coverage.csv,790b199261db46bd8be3b65bc14853bd9196fcc38318fea2ae946ab366b9dff3,experiments/05_mental_pong/trajectory_project/condition_endpoint_fa_gpfa_v1/results/coverage.csv,790b199261db46bd8be3b65bc14853bd9196fcc38318fea2ae946ab366b9dff3,unchanged_scientific_artifact,Byte-identical source artifact.,source_and_destination_verified
source_pilot:trajectory_project/condition_endpoint_fa_gpfa_v1/results/cross_2x2_summary.csv,9d4d7986816c33cb167a40225e2fd08a4ac0da6ec24da270247edd4d0b948bfe,experiments/05_mental_pong/trajectory_project/condition_endpoint_fa_gpfa_v1/results/cross_2x2_summary.csv,9d4d7986816c33cb167a40225e2fd08a4ac0da6ec24da270247edd4d0b948bfe,unchanged_scientific_artifact,Byte-identical source artifact.,source_and_destination_verified
source_pilot:trajectory_project/condition_endpoint_fa_gpfa_v1/results/end_to_end_pilot.json,ca0a4dfeef9605ca0b7434363be4221fe865f9e8b34366eadff690765aadec11,experiments/05_mental_pong/trajectory_project/condition_endpoint_fa_gpfa_v1/results/end_to_end_pilot.json,ca0a4dfeef9605ca0b7434363be4221fe865f9e8b34366eadff690765aadec11,unchanged_scientific_artifact,Byte-identical source artifact.,source_and_destination_verified
source_pilot:trajectory_project/condition_endpoint_fa_gpfa_v1/results/figure_structural_checks.json,e4d1acd4e3be9a70d46dee99f6b82907c6323667090a5a41d36ade01d400497e,experiments/05_mental_pong/trajectory_project/condition_endpoint_fa_gpfa_v1/results/figure_structural_checks.json,b40eb85c0424f95ff25093a6086826950205afe991b924ec227079b6d50adf20,path_adapter,Absolute source locations replaced by storage aliases; original hashes describe external scientific records.,source_and_destination_verified
source_pilot:trajectory_project/condition_endpoint_fa_gpfa_v1/results/figure_visual_qa.json,2e8aabaf52c626ede30d282606a174e7334af04e05775d9c9d5fcb74db73f16c,experiments/05_mental_pong/trajectory_project/condition_endpoint_fa_gpfa_v1/results/figure_visual_qa.json,555a000ee2e748fc8ebc5875531ebdd64ff05cb25303617829212a413f7daa0c,path_adapter,Absolute source locations replaced by storage aliases; original hashes describe external scientific records.,source_and_destination_verified
source_pilot:trajectory_project/condition_endpoint_fa_gpfa_v1/results/final_integrity_and_score_audit.json,e8ebee223ee3a2653b529fb5cd0087d49e714e1e41c17ce0c3cb7754c0e27920,experiments/05_mental_pong/trajectory_project/condition_endpoint_fa_gpfa_v1/results/final_integrity_and_score_audit.json,4942165ae244ba2fa04eca176253de0ea6089ebe65d78d0ed6fcae8a61f5a55a,path_adapter,Absolute source locations replaced by storage aliases; original hashes describe external scientific records.,source_and_destination_verified
source_pilot:trajectory_project/condition_endpoint_fa_gpfa_v1/results/implementation_tests.json,3a7bb81ca1c4ad051f0ef0350998d0cf184cfe58f7ca0fb9b2093e6e53099b52,experiments/05_mental_pong/trajectory_project/condition_endpoint_fa_gpfa_v1/results/implementation_tests.json,3a7bb81ca1c4ad051f0ef0350998d0cf184cfe58f7ca0fb9b2093e6e53099b52,unchanged_scientific_artifact,Byte-identical source artifact.,source_and_destination_verified
source_pilot:trajectory_project/condition_endpoint_fa_gpfa_v1/results/interpretation_summary.json,9f62a30000506e954ac2f72356620428906fdccbda9e533dbc8f9bd6754b7e2f,experiments/05_mental_pong/trajectory_project/condition_endpoint_fa_gpfa_v1/results/interpretation_summary.json,4e358d86e71b771e77bf50ee1bff3e3cb0acf647c72fbdbc5b28ffe7ed0dad37,english_translation,Narrative fields translated; numerical fields preserved.,source_and_destination_verified
source_pilot:trajectory_project/condition_endpoint_fa_gpfa_v1/results/ols_fit_audit.csv,27ec5fb2c5d6327fa249b352a5a979c1811f7c2817bd644842c18c6913340d29,experiments/05_mental_pong/trajectory_project/condition_endpoint_fa_gpfa_v1/results/ols_fit_audit.csv,aa648482e2e873e6d7b557e4ff8593d99f291b9fd033b62a6cbcff13cdb288c3,path_adapter,Absolute source locations replaced by storage aliases; original hashes describe external scientific records.,source_and_destination_verified
source_pilot:trajectory_project/condition_endpoint_fa_gpfa_v1/results/previous_trial_version_comparison.csv,2a391b7bedc6980f7d83d403374203a822482ffdae3c24b5e5acee07a88564ac,experiments/05_mental_pong/trajectory_project/condition_endpoint_fa_gpfa_v1/results/previous_trial_version_comparison.csv,2a391b7bedc6980f7d83d403374203a822482ffdae3c24b5e5acee07a88564ac,unchanged_scientific_artifact,Byte-identical source artifact.,source_and_destination_verified
source_pilot:trajectory_project/condition_endpoint_fa_gpfa_v1/results/reused_representation_audit.json,c77d21bed00b9de3ec93d271b4978bb83efdb7c6ce0c97d40af4b8b189536490,experiments/05_mental_pong/trajectory_project/condition_endpoint_fa_gpfa_v1/results/reused_representation_audit.json,c1e16be585842dbad0a812b0537b99184abcf44070b3965e4fe0ada3c495cc1a,path_adapter,Absolute source locations replaced by storage aliases; original hashes describe external scientific records.,source_and_destination_verified
source_pilot:trajectory_project/condition_endpoint_fa_gpfa_v1/results/round_cross_2x2.csv,4a359fa6b77dc38f274ab0f6c3471a6d6647b34af8692305d079227869d6c4df,experiments/05_mental_pong/trajectory_project/condition_endpoint_fa_gpfa_v1/results/round_cross_2x2.csv,4a359fa6b77dc38f274ab0f6c3471a6d6647b34af8692305d079227869d6c4df,unchanged_scientific_artifact,Byte-identical source artifact.,source_and_destination_verified
source_pilot:trajectory_project/condition_endpoint_fa_gpfa_v1/results/round_self_metrics.csv,768caa48bc4e86787c4202a0ef2bd9cbd96771708e4ff69e36a4cd2bc7fabc46,experiments/05_mental_pong/trajectory_project/condition_endpoint_fa_gpfa_v1/results/round_self_metrics.csv,768caa48bc4e86787c4202a0ef2bd9cbd96771708e4ff69e36a4cd2bc7fabc46,unchanged_scientific_artifact,Byte-identical source artifact.,source_and_destination_verified
source_pilot:trajectory_project/condition_endpoint_fa_gpfa_v1/results/self_reconstruction_main_table.csv,989991677474d794dab6455c7231ade8ab8aedc10022caacab3888d5f27e363e,experiments/05_mental_pong/trajectory_project/condition_endpoint_fa_gpfa_v1/results/self_reconstruction_main_table.csv,989991677474d794dab6455c7231ade8ab8aedc10022caacab3888d5f27e363e,unchanged_scientific_artifact,Byte-identical source artifact.,source_and_destination_verified
source_pilot:trajectory_project/condition_endpoint_fa_gpfa_v1/reuse_audit.py,4ba4714510b76acc50345f1231cb1670b5d815dcaa672e3e9295dcc186b43f26,experiments/05_mental_pong/trajectory_project/condition_endpoint_fa_gpfa_v1/reuse_audit.py,4ba4714510b76acc50345f1231cb1670b5d815dcaa672e3e9295dcc186b43f26,unchanged_scientific_artifact,Byte-identical source artifact.,source_and_destination_verified
source_pilot:trajectory_project/condition_endpoint_fa_gpfa_v1/run_analysis.py,095862379f9fa55f32d0e584daa65f05503f224d0365dde8b860cdfcdf3a6a54,experiments/05_mental_pong/trajectory_project/condition_endpoint_fa_gpfa_v1/run_analysis.py,e5d845bc28480f4f792275bb9584b166e7112b5b15fd2333771721b091fd49b5,path_adapter,"English strings, portable imports/paths, and canonical text line endings; numerical changes checked separately.",source_and_destination_verified
source_pilot:trajectory_project/condition_endpoint_fa_gpfa_v1/sources/label_sources.json,2361ab7847ba6fa8324958dda351b42d6677715b782dac51284ed92d267e248e,experiments/05_mental_pong/trajectory_project/condition_endpoint_fa_gpfa_v1/sources/label_sources.json,e65674399f120cbc322bf1f11ba14fed96c4bf971a45f0f10a9c6fbb23c70c0d,path_adapter,Absolute source locations replaced by storage aliases; original hashes describe external scientific records.,source_and_destination_verified
source_pilot:trajectory_project/condition_endpoint_fa_gpfa_v1/sources/prior_manifest_record.json,9ea627279e7633749fcf33c0113263606d9cfefd04a87bbaa983645b1743bd5d,experiments/05_mental_pong/trajectory_project/condition_endpoint_fa_gpfa_v1/sources/prior_manifest_record.json,2c8d9f97c3f4454d8ce257017fafa857f49f0175be87436d4da5569ac5ef81f8,path_adapter,Absolute source locations replaced by storage aliases; original hashes describe external scientific records.,source_and_destination_verified
source_pilot:trajectory_project/condition_endpoint_fa_gpfa_v1/sources/runtime.json,5a146fbb4441d8e2beaba03207f409813dd120fe8297d2ac1ba559fa7e5fdc79,experiments/05_mental_pong/trajectory_project/condition_endpoint_fa_gpfa_v1/sources/runtime.json,5a146fbb4441d8e2beaba03207f409813dd120fe8297d2ac1ba559fa7e5fdc79,unchanged_scientific_artifact,Byte-identical source artifact.,source_and_destination_verified
source_pilot:trajectory_project/condition_endpoint_fa_gpfa_v1/sources/source_trial_membership.json,642ad8b52b5eb55b3dd593c2254e5daaaf61f644edd226d49a53bf9d0542a5c7,experiments/05_mental_pong/trajectory_project/condition_endpoint_fa_gpfa_v1/sources/source_trial_membership.json,bb41b76e35525011f4d1a2a8ce4ca9365628eaeceeb01ae7babb3a80c8dc3925,path_adapter,Absolute source locations replaced by storage aliases; original hashes describe external scientific records.,source_and_destination_verified
source_pilot:trajectory_project/condition_endpoint_fa_gpfa_v1/tests/test_condition_data.py,6d359d4baa390fb44840ebd162e5f05335baac157dd31740107cb53d986d7d1a,experiments/05_mental_pong/trajectory_project/condition_endpoint_fa_gpfa_v1/tests/test_condition_data.py,6d359d4baa390fb44840ebd162e5f05335baac157dd31740107cb53d986d7d1a,unchanged_scientific_artifact,Byte-identical source artifact.,source_and_destination_verified
source_pilot:trajectory_project/condition_endpoint_fa_gpfa_v1/tests/test_decoding_condition.py,8fbad7afa71c84e878f708e9f815df5c33650d28bb6ea67a42c1d8ec188da638,experiments/05_mental_pong/trajectory_project/condition_endpoint_fa_gpfa_v1/tests/test_decoding_condition.py,8fbad7afa71c84e878f708e9f815df5c33650d28bb6ea67a42c1d8ec188da638,unchanged_scientific_artifact,Byte-identical source artifact.,source_and_destination_verified
source_pilot:trajectory_project/condition_endpoint_fa_gpfa_v1/tests/test_reuse_audit.py,ea3da886d9088e64d74d00400b56238242c9d1dec98a6a6e940dbcf82c861bc7,experiments/05_mental_pong/trajectory_project/condition_endpoint_fa_gpfa_v1/tests/test_reuse_audit.py,80ccd0a9257c4e169e88e769ba814ecba772502d296def4cc72844f7ebb81376,path_adapter,"English strings, portable imports/paths, and canonical text line endings; numerical changes checked separately.",source_and_destination_verified
integration:experiments/05_mental_pong/trajectory_project/runtime_paths.py,,experiments/05_mental_pong/trajectory_project/runtime_paths.py,891269fcf83320e75563290170bd3f7b7da7b561d3e806dc311a7a86e1eec4aa,integration_metadata,"New integration document, adapter, or verification record.",created_for_integration
source_pilot:trajectory_project/step3_io.py,5d5c499be5907eb0a0eaf8d2005d8872ba6558f304a1ace56c68dbd5ebebe9d0,experiments/05_mental_pong/trajectory_project/step3_io.py,5d5c499be5907eb0a0eaf8d2005d8872ba6558f304a1ace56c68dbd5ebebe9d0,unchanged_scientific_artifact,Byte-identical source artifact.,source_and_destination_verified
integration:experiments/05_mental_pong/trajectory_project/trial_endpoint_fa_gpfa_v1/__init__.py,,experiments/05_mental_pong/trajectory_project/trial_endpoint_fa_gpfa_v1/__init__.py,bbd6936143cdbceb028e1916b71e034f4724f3517d8e46c41e603bd18bfeae84,integration_metadata,"New integration document, adapter, or verification record.",created_for_integration
source_pilot:trajectory_project/trial_endpoint_fa_gpfa_v1/causal_readout_audit.py,ae27c3ecf022ca1b356f20b171eeabf6d05c7d90d4f13be4235f9364a6feeae8,experiments/05_mental_pong/trajectory_project/trial_endpoint_fa_gpfa_v1/causal_readout_audit.py,475c8a204bae30d433eda189b017983e1119c4ebe19d8adb8205c18908d3481f,path_adapter,"English strings, portable imports/paths, and canonical text line endings; numerical changes checked separately.",source_and_destination_verified
source_pilot:trajectory_project/trial_endpoint_fa_gpfa_v1/configs/analysis_protocol.json,683a143d08ad8ae4d25be48240be89000c502f0a010d092d2f9d71f784e15a2b,experiments/05_mental_pong/trajectory_project/trial_endpoint_fa_gpfa_v1/configs/analysis_protocol.json,a27b8a1d3c77e5bbf33ead5c347b5a1457420a4bf49442906a0ed8b59180c9ec,path_adapter,Absolute source locations replaced by storage aliases; original hashes describe external scientific records.,source_and_destination_verified
source_pilot:trajectory_project/trial_endpoint_fa_gpfa_v1/configs/condition_splits_100.json,dbd9f694ec190d046b1d000b31c5196ca41661df8d539ea17fa6b5ecf7c196f0,experiments/05_mental_pong/trajectory_project/trial_endpoint_fa_gpfa_v1/configs/condition_splits_100.json,dbd9f694ec190d046b1d000b31c5196ca41661df8d539ea17fa6b5ecf7c196f0,unchanged_scientific_artifact,Byte-identical source artifact.,source_and_destination_verified
source_pilot:trajectory_project/trial_endpoint_fa_gpfa_v1/configs/figure_trial_examples.json,61cdf45aea9e28a43cf773e59dac80544ff739c51d4316492d9cb6a1db70b2ba,experiments/05_mental_pong/trajectory_project/trial_endpoint_fa_gpfa_v1/configs/figure_trial_examples.json,61cdf45aea9e28a43cf773e59dac80544ff739c51d4316492d9cb6a1db70b2ba,unchanged_scientific_artifact,Byte-identical source artifact.,source_and_destination_verified
source_pilot:trajectory_project/trial_endpoint_fa_gpfa_v1/configs/label_geometry_protocol.json,5514f198447097bb9b98007cb9d146966a08ade870538925fc99494cf62b7fd3,experiments/05_mental_pong/trajectory_project/trial_endpoint_fa_gpfa_v1/configs/label_geometry_protocol.json,5514f198447097bb9b98007cb9d146966a08ade870538925fc99494cf62b7fd3,unchanged_scientific_artifact,Byte-identical source artifact.,source_and_destination_verified
source_pilot:trajectory_project/trial_endpoint_fa_gpfa_v1/configs/protocol_lock.json,918bdf494fb76df79a28d3db0f1c0e16242b591fd2d87fd8c553282d9e8bcdc7,experiments/05_mental_pong/trajectory_project/trial_endpoint_fa_gpfa_v1/configs/protocol_lock.json,918bdf494fb76df79a28d3db0f1c0e16242b591fd2d87fd8c553282d9e8bcdc7,unchanged_scientific_artifact,Byte-identical source artifact.,source_and_destination_verified
source_pilot:trajectory_project/trial_endpoint_fa_gpfa_v1/configs/representation_config.json,4f02c6ed58573ed80672e4bfedc327537fd18551d95bc9695f82f9f5e5eee0e7,experiments/05_mental_pong/trajectory_project/trial_endpoint_fa_gpfa_v1/configs/representation_config.json,c088a3c4fec4f69dfee876aa5918d3de4fc7c7054f716e883a78eecd4d99fa24,path_adapter,Absolute source locations replaced by storage aliases; original hashes describe external scientific records.,source_and_destination_verified
source_pilot:trajectory_project/trial_endpoint_fa_gpfa_v1/decoding_trial.py,ee854fdad87af9e49302301f6a45a3dfe58655f1b654c52557887b23151a2d6c,experiments/05_mental_pong/trajectory_project/trial_endpoint_fa_gpfa_v1/decoding_trial.py,ee854fdad87af9e49302301f6a45a3dfe58655f1b654c52557887b23151a2d6c,unchanged_scientific_artifact,Byte-identical source artifact.,source_and_destination_verified
source_pilot:trajectory_project/trial_endpoint_fa_gpfa_v1/export_trial.py,6211b846668e9559a0636c2cb064e51df1a7b0ad066bb1bdf9737aac14d197a5,experiments/05_mental_pong/trajectory_project/trial_endpoint_fa_gpfa_v1/export_trial.py,167dda489274e867202a820b4c55ab667adf604fa7476b0a78b0d304039fb276,path_adapter,"English strings, portable imports/paths, and canonical text line endings; numerical changes checked separately.",source_and_destination_verified
source_pilot:trajectory_project/trial_endpoint_fa_gpfa_v1/final_validation.py,2fa6d1b437903e24b54bf76eba6c11d9e68bfd3b08b0c7fac36ffab7ee817092,experiments/05_mental_pong/trajectory_project/trial_endpoint_fa_gpfa_v1/final_validation.py,2fa6d1b437903e24b54bf76eba6c11d9e68bfd3b08b0c7fac36ffab7ee817092,unchanged_scientific_artifact,Byte-identical source artifact.,source_and_destination_verified
source_pilot:trajectory_project/trial_endpoint_fa_gpfa_v1/hierarchy_summary.py,164feb1629a02caef984f42a60b5497cc74f7d311df700eb916c80edf866c83b,experiments/05_mental_pong/trajectory_project/trial_endpoint_fa_gpfa_v1/hierarchy_summary.py,164feb1629a02caef984f42a60b5497cc74f7d311df700eb916c80edf866c83b,unchanged_scientific_artifact,Byte-identical source artifact.,source_and_destination_verified
source_pilot:trajectory_project/trial_endpoint_fa_gpfa_v1/plotting_trial.py,39aa04f681cddf89251cbda775631386ee36f145f8df56d31362fdb2275c127f,experiments/05_mental_pong/trajectory_project/trial_endpoint_fa_gpfa_v1/plotting_trial.py,df5e7f68a566d0833e0d3cb8d6e78ecb4cd2deea3bafd5532d30806d364ec54c,path_adapter,"English strings, portable imports/paths, and canonical text line endings; numerical changes checked separately.",source_and_destination_verified
source_pilot:trajectory_project/trial_endpoint_fa_gpfa_v1/project_setup.py,31bbfab8be64a76f9b250b78bd627c12b6f54726fd267980acfe333979a2c19b,experiments/05_mental_pong/trajectory_project/trial_endpoint_fa_gpfa_v1/project_setup.py,8a78eac1bbfa6b7bf1898abd79443b05d57e8a97cede153cc0d0b79c2d214ab3,path_adapter,"English strings, portable imports/paths, and canonical text line endings; numerical changes checked separately.",source_and_destination_verified
source_pilot:trajectory_project/trial_endpoint_fa_gpfa_v1/reporting_trial.py,9695debd30641e4bd230145b733ede26285507005f2d973b3264c7cf21b2d7bb,experiments/05_mental_pong/trajectory_project/trial_endpoint_fa_gpfa_v1/reporting_trial.py,353511c1b828b2cf42ca218dfe2bea9d77cbd55a6109003834a60adc9083a5c1,path_adapter,"English strings, portable imports/paths, and canonical text line endings; numerical changes checked separately.",source_and_destination_verified
source_pilot:trajectory_project/trial_endpoint_fa_gpfa_v1/representations.py,9ca14b7c5f21e3b30d9057461319c086704b24e887ecc8f4c440542ae62cc261,experiments/05_mental_pong/trajectory_project/trial_endpoint_fa_gpfa_v1/representations.py,67eae61281a7d0c388086d3a42dc52a2a94c0cf5d6e22feec07a4463a2f8e442,path_adapter,"English strings, portable imports/paths, and canonical text line endings; numerical changes checked separately.",source_and_destination_verified
source_pilot:trajectory_project/trial_endpoint_fa_gpfa_v1/run_analysis.py,4a6d3ff948087311b9d63b2d8879a0deda98d7ee61ea5d590ae24b7422e7ef89,experiments/05_mental_pong/trajectory_project/trial_endpoint_fa_gpfa_v1/run_analysis.py,6ee0e3a00f0a411ec1e6073f5aff445b5556308fc1a2d245c33d4eb12ee0e513,path_adapter,"English strings, portable imports/paths, and canonical text line endings; numerical changes checked separately.",source_and_destination_verified
source_pilot:trajectory_project/trial_endpoint_fa_gpfa_v1/tests/test_causal_readout_audit.py,5e722338e888ae95039ae0a3199b8791767c6a79496cb8fae74618c5cc236d0d,experiments/05_mental_pong/trajectory_project/trial_endpoint_fa_gpfa_v1/tests/test_causal_readout_audit.py,99a18d7e2495d41f0067d14783456b78f8b1994142b77aeb5d6b1b8b0d4217b8,path_adapter,"English strings, portable imports/paths, and canonical text line endings; numerical changes checked separately.",source_and_destination_verified
source_pilot:trajectory_project/trial_endpoint_fa_gpfa_v1/tests/test_decoding_trial.py,0dcfbb482e0ad1ea3e745efdce50c8069330df61f9ed3e409e044a57756a1439,experiments/05_mental_pong/trajectory_project/trial_endpoint_fa_gpfa_v1/tests/test_decoding_trial.py,0dcfbb482e0ad1ea3e745efdce50c8069330df61f9ed3e409e044a57756a1439,unchanged_scientific_artifact,Byte-identical source artifact.,source_and_destination_verified
source_pilot:trajectory_project/trial_endpoint_fa_gpfa_v1/tests/test_hierarchy_summary.py,9ed8faf2f8ffe6e513397ed6d37c69f339cc9183c8a1e3c5bb7f951a2d192f5a,experiments/05_mental_pong/trajectory_project/trial_endpoint_fa_gpfa_v1/tests/test_hierarchy_summary.py,9ed8faf2f8ffe6e513397ed6d37c69f339cc9183c8a1e3c5bb7f951a2d192f5a,unchanged_scientific_artifact,Byte-identical source artifact.,source_and_destination_verified
source_pilot:trajectory_project/trial_endpoint_fa_gpfa_v1/tests/test_representations.py,d55d18c215a5c932bd68ca02a4f378ac991090650bb85eae652409db6d993d0f,experiments/05_mental_pong/trajectory_project/trial_endpoint_fa_gpfa_v1/tests/test_representations.py,eb426902d513b536ca9ced9ae22ba02cc35e27d8d8cb53709dc5c45c5e45b283,path_adapter,"English strings, portable imports/paths, and canonical text line endings; numerical changes checked separately.",source_and_destination_verified
source_pilot:trajectory_project/trial_endpoint_fa_gpfa_v1/tests/test_trial_data.py,31efe978d36cf9ff8f08bb6634e2fa309b3f6eb505a7fca4509d63ad098a1a99,experiments/05_mental_pong/trajectory_project/trial_endpoint_fa_gpfa_v1/tests/test_trial_data.py,ec000daa64be74e22cfa504f0d3297c0156660bc2949ea0f3bed78ac4a17f317,path_adapter,"English strings, portable imports/paths, and canonical text line endings; numerical changes checked separately.",source_and_destination_verified
source_pilot:trajectory_project/trial_endpoint_fa_gpfa_v1/trial_data.py,6ab706217f350a0f62d53bd6df75c032619226e5de8ddb5034ac50dfbad48977,experiments/05_mental_pong/trajectory_project/trial_endpoint_fa_gpfa_v1/trial_data.py,e21558e7ffd8118cac69a69a4a81ec8c4c12d0347b92aabcf2b21518ced9440a,path_adapter,"English strings, portable imports/paths, and canonical text line endings; numerical changes checked separately.",source_and_destination_verified
preservation_snapshot:target_before/models/gpfa_model_comparison/gpfa.pkl,8fb3a6c1aec03a1bf91323ddb896b8c82b8eb44e63c715f73f87318db656f99b,models/gpfa_model_comparison/gpfa.pkl,8fb3a6c1aec03a1bf91323ddb896b8c82b8eb44e63c715f73f87318db656f99b,unchanged_scientific_artifact,Byte-identical source artifact.,source_and_destination_verified
preservation_snapshot:target_before/models/gpfa_model_comparison/preprocessing.npz,16371f35125e4b9406dda185136fa2420df962d4b2c5862b3ffb2e3a62e5f07d,models/gpfa_model_comparison/preprocessing.npz,16371f35125e4b9406dda185136fa2420df962d4b2c5862b3ffb2e3a62e5f07d,unchanged_scientific_artifact,Byte-identical source artifact.,source_and_destination_verified
preservation_snapshot:target_before/models/gpfa_reliability/gpfa.pkl,eef5ee1d8fa5eb928ac7988ee979bd93a4ec98b111b88b37ee63c911e1fa8b84,models/gpfa_reliability/gpfa.pkl,eef5ee1d8fa5eb928ac7988ee979bd93a4ec98b111b88b37ee63c911e1fa8b84,unchanged_scientific_artifact,Byte-identical source artifact.,source_and_destination_verified
preservation_snapshot:target_before/models/gpfa_reliability/preprocessing.npz,2cecb5e4e68a3d8e3062576b7a02af9f5594619664f086c1dd77850478da04a1,models/gpfa_reliability/preprocessing.npz,2cecb5e4e68a3d8e3062576b7a02af9f5594619664f086c1dd77850478da04a1,unchanged_scientific_artifact,Byte-identical source artifact.,source_and_destination_verified
preservation_snapshot:target_before/models/official_dynamic/best.pt,263d7abb29956934d529e8ad600337a8ea0930f4ff6d8b0dd0d08e94849e072f,models/official_dynamic/best.pt,263d7abb29956934d529e8ad600337a8ea0930f4ff6d8b0dd0d08e94849e072f,unchanged_scientific_artifact,Byte-identical source artifact.,source_and_destination_verified
preservation_snapshot:target_before/models/parameter_matched_dynamic/best.pt,210bf9b0d0e7da6dce93680b383c70ff3626df9f83f25024f818085f86c8ae72,models/parameter_matched_dynamic/best.pt,210bf9b0d0e7da6dce93680b383c70ff3626df9f83f25024f818085f86c8ae72,unchanged_scientific_artifact,Byte-identical source artifact.,source_and_destination_verified
preservation_snapshot:target_before/models/parameter_matched_dynamic/epoch_65_validation_matched.pth,6c2aaf90a2897a369d04e245995adfca8883329fe3b3d6371da905bd7d82158d,models/parameter_matched_dynamic/epoch_65_validation_matched.pth,6c2aaf90a2897a369d04e245995adfca8883329fe3b3d6371da905bd7d82158d,unchanged_scientific_artifact,Byte-identical source artifact.,source_and_destination_verified
preservation_snapshot:target_before/models/static_on_dynamic/best.pt,23773f48c6e439f4df828b8a8b31e4bdd0f5e045970474d2d461553d50eaed77,models/static_on_dynamic/best.pt,23773f48c6e439f4df828b8a8b31e4bdd0f5e045970474d2d461553d50eaed77,unchanged_scientific_artifact,Byte-identical source artifact.,source_and_destination_verified
preservation_snapshot:target_before/results/figures/figure-1-experimental-workflow.png,7e68f239ac9685348235d23de7318d8c38abecc3cdfe66880648e00673252fc5,results/figures/figure-1-experimental-workflow.png,b0c2ac59da011f4720e533576c6ee7c56325e310a49f7045f3855cc7dd1917b8,presentation_only_render,"Labels edited; saved values, axes and analysis definitions retained; new visual inspection recorded.",source_and_destination_verified
preservation_snapshot:target_before/results/figures/figure-1-experimental-workflow.svg,9e0cfb2cb6a5ebc5957e7f083a6bc1c49f235947ef7062ea58c87216710fe16a,results/figures/figure-1-experimental-workflow.svg,76b97b59fae6f2f6c6092c670ac16c14ce66025d46b9a636ef1bbfd7432674d8,presentation_only_render,"Labels edited; saved values, axes and analysis definitions retained; new visual inspection recorded.",source_and_destination_verified
preservation_snapshot:target_before/results/figures/figure-2-static-dynamic-comparison.png,7b8a89117827e1fd332c9fe2f2a3783279134a3e43a43c1104ed102f51b4e147,results/figures/figure-2-static-dynamic-comparison.png,db3fa4b4b1dc1caff116638080631039135d1c1121401409c5e659e985fda356,presentation_only_render,"Labels edited; saved values, axes and analysis definitions retained; new visual inspection recorded.",source_and_destination_verified
preservation_snapshot:target_before/results/figures/figure-2-static-dynamic-comparison.svg,c359af396940ff3ba02be621f1884e5ed44d4edb3998fba2f5a43ac93356d244,results/figures/figure-2-static-dynamic-comparison.svg,278f7bb9f073367945950b9068ef127ae953bd6903b7d795907babe1d67535a5,presentation_only_render,"Labels edited; saved values, axes and analysis definitions retained; new visual inspection recorded.",source_and_destination_verified
preservation_snapshot:target_before/results/figures/figure-3-temporal-ablation.png,52b6d921b0361d12a0aed614bd042a16ed5de5c19fd77b1bb72ff84b974e5ad6,results/figures/figure-3-temporal-ablation.png,a7adf5bfed8fd372412196cdadccf7e8f3dce5dd3ee71187c6dd14c8912c5b29,presentation_only_render,"Labels edited; saved values, axes and analysis definitions retained; new visual inspection recorded.",source_and_destination_verified
preservation_snapshot:target_before/results/figures/figure-3-temporal-ablation.svg,44979bb754302a89c71859e74c108eb8455930ec0ab4fb980a429ad18ffceef9,results/figures/figure-3-temporal-ablation.svg,431938f1a8150cb88aa90ef30e3753a38995e2728ad8eb3e31d1a2ac599c86b5,presentation_only_render,"Labels edited; saved values, axes and analysis definitions retained; new visual inspection recorded.",source_and_destination_verified
integration:results/manifests/mental_pong_integration.json,,results/manifests/mental_pong_integration.json,328c53d42ce4a15e169a6fd504cd3824e8fe46a6159cd0ea34febcad3a121145,integration_metadata,"New integration document, adapter, or verification record.",created_for_integration
preservation_snapshot:target_before/results/manifests/model_files.csv,78531df8530a3dd0a685f08dae084c6063074d932c2781e2ae9b15fcde154010,results/manifests/model_files.csv,78531df8530a3dd0a685f08dae084c6063074d932c2781e2ae9b15fcde154010,unchanged_scientific_artifact,Byte-identical source artifact.,source_and_destination_verified
integration:results/study_evidence_index.csv,,results/study_evidence_index.csv,84a13b853ac98ed5b1b7f9c28e5958b9c6a379e8ccfcd5e510e92987c0cf01fa,integration_metadata,"New integration document, adapter, or verification record.",created_for_integration
preservation_snapshot:target_before/results/tables/01_baselines/official_dynamic_oracle.json,b05e8b61ee96268d76037e37fff7276eb44dd4b94ef98a345afbc68f1c0d8df0,results/tables/01_baselines/official_dynamic_oracle.json,b05e8b61ee96268d76037e37fff7276eb44dd4b94ef98a345afbc68f1c0d8df0,unchanged_scientific_artifact,Byte-identical source artifact.,source_and_destination_verified
preservation_snapshot:target_before/results/tables/01_baselines/static_on_dynamic_oracle.json,edd1d416d28cdcfa7292913ef5bfccc4f41b1f886c04a69560cfed839f44c70f,results/tables/01_baselines/static_on_dynamic_oracle.json,edd1d416d28cdcfa7292913ef5bfccc4f41b1f886c04a69560cfed839f44c70f,unchanged_scientific_artifact,Byte-identical source artifact.,source_and_destination_verified
preservation_snapshot:target_before/results/tables/02_gpfa_reliability/behavior_conditioned_prior.json,d5e40dfb440a7ec87337e119ff0a5d7413cb6fdfe9c6613cac8cf7d351c8f432,results/tables/02_gpfa_reliability/behavior_conditioned_prior.json,d5e40dfb440a7ec87337e119ff0a5d7413cb6fdfe9c6613cac8cf7d351c8f432,unchanged_scientific_artifact,Byte-identical source artifact.,source_and_destination_verified
preservation_snapshot:target_before/results/tables/02_gpfa_reliability/data_audit.json,af04835a6e645679d3a5ecd8cb04382953ec7e17dd5a91505c777937a5f00509,results/tables/02_gpfa_reliability/data_audit.json,af04835a6e645679d3a5ecd8cb04382953ec7e17dd5a91505c777937a5f00509,unchanged_scientific_artifact,Byte-identical source artifact.,source_and_destination_verified
preservation_snapshot:target_before/results/tables/02_gpfa_reliability/model_selection.csv,302bdb03ae0f6adc32a9d6f400a587b1f85061b2a8d0208552b6c023cfbe9893,results/tables/02_gpfa_reliability/model_selection.csv,302bdb03ae0f6adc32a9d6f400a587b1f85061b2a8d0208552b6c023cfbe9893,unchanged_scientific_artifact,Byte-identical source artifact.,source_and_destination_verified
preservation_snapshot:target_before/results/tables/02_gpfa_reliability/null_distributions.csv,0fc406a418fbeb761cadc206c110a44b66f84329366dfda2cf46d85c7a4c84cf,results/tables/02_gpfa_reliability/null_distributions.csv,0fc406a418fbeb761cadc206c110a44b66f84329366dfda2cf46d85c7a4c84cf,unchanged_scientific_artifact,Byte-identical source artifact.,source_and_destination_verified
preservation_snapshot:target_before/results/tables/02_gpfa_reliability/reliability_summary.csv,ecb24d60e84054f7e41db67ddaed3e5f9c134a0aa62b9a4bf7e667de2d615f8e,results/tables/02_gpfa_reliability/reliability_summary.csv,ecb24d60e84054f7e41db67ddaed3e5f9c134a0aa62b9a4bf7e667de2d615f8e,unchanged_scientific_artifact,Byte-identical source artifact.,source_and_destination_verified
preservation_snapshot:target_before/results/tables/02_gpfa_reliability/run_summary.json,2c456cc28d10e90bda33fb22e280c026391b6931581ac38127fe391f9953a1d0,results/tables/02_gpfa_reliability/run_summary.json,2c456cc28d10e90bda33fb22e280c026391b6931581ac38127fe391f9953a1d0,unchanged_scientific_artifact,Byte-identical source artifact.,source_and_destination_verified
preservation_snapshot:target_before/results/tables/02_gpfa_reliability/saturation/nulls_latent_dim_12.csv,ceecf425b3482f5c221c9e2f0f99b4bf40dbef7031c3982acfb79b5a80c67ad6,results/tables/02_gpfa_reliability/saturation/nulls_latent_dim_12.csv,ceecf425b3482f5c221c9e2f0f99b4bf40dbef7031c3982acfb79b5a80c67ad6,unchanged_scientific_artifact,Byte-identical source artifact.,source_and_destination_verified
preservation_snapshot:target_before/results/tables/02_gpfa_reliability/saturation/nulls_latent_dim_16.csv,91318c39a2e6c3efcb82b19d7e310dc5845cefe3b6cd01393f296d952b42237b,results/tables/02_gpfa_reliability/saturation/nulls_latent_dim_16.csv,91318c39a2e6c3efcb82b19d7e310dc5845cefe3b6cd01393f296d952b42237b,unchanged_scientific_artifact,Byte-identical source artifact.,source_and_destination_verified
preservation_snapshot:target_before/results/tables/02_gpfa_reliability/saturation/nulls_latent_dim_4.csv,7c64ce1195b2fd4dd22591c4d15b79a9201fc5d017e2e4f26cb57f76979695d0,results/tables/02_gpfa_reliability/saturation/nulls_latent_dim_4.csv,7c64ce1195b2fd4dd22591c4d15b79a9201fc5d017e2e4f26cb57f76979695d0,unchanged_scientific_artifact,Byte-identical source artifact.,source_and_destination_verified
preservation_snapshot:target_before/results/tables/02_gpfa_reliability/saturation/nulls_latent_dim_8.csv,8e5bd191b587f5929129713a31d41cd20da19109293198c50f590e601ae3395c,results/tables/02_gpfa_reliability/saturation/nulls_latent_dim_8.csv,8e5bd191b587f5929129713a31d41cd20da19109293198c50f590e601ae3395c,unchanged_scientific_artifact,Byte-identical source artifact.,source_and_destination_verified
preservation_snapshot:target_before/results/tables/02_gpfa_reliability/saturation/nulls_neuron_count_1024.csv,e69b52ce3440f36c0817be8bfc0695de6e9db461b81f8ce4049b62e19ce60b81,results/tables/02_gpfa_reliability/saturation/nulls_neuron_count_1024.csv,e69b52ce3440f36c0817be8bfc0695de6e9db461b81f8ce4049b62e19ce60b81,unchanged_scientific_artifact,Byte-identical source artifact.,source_and_destination_verified
preservation_snapshot:target_before/results/tables/02_gpfa_reliability/saturation/nulls_neuron_count_128.csv,051a397a08a508755124c2678388c9971218d9b1a72a9543d1249b42ec7b9d15,results/tables/02_gpfa_reliability/saturation/nulls_neuron_count_128.csv,051a397a08a508755124c2678388c9971218d9b1a72a9543d1249b42ec7b9d15,unchanged_scientific_artifact,Byte-identical source artifact.,source_and_destination_verified
preservation_snapshot:target_before/results/tables/02_gpfa_reliability/saturation/nulls_neuron_count_256.csv,610ea06c7084ba0b5c31c94e4f63439eb5aff07b5fa7565b9c464c0b51000971,results/tables/02_gpfa_reliability/saturation/nulls_neuron_count_256.csv,610ea06c7084ba0b5c31c94e4f63439eb5aff07b5fa7565b9c464c0b51000971,unchanged_scientific_artifact,Byte-identical source artifact.,source_and_destination_verified
preservation_snapshot:target_before/results/tables/02_gpfa_reliability/saturation/nulls_neuron_count_512.csv,f2bf56442d52acbcb0db142554e18c0d4e1b59df0c925c8c5a1128d572b11526,results/tables/02_gpfa_reliability/saturation/nulls_neuron_count_512.csv,f2bf56442d52acbcb0db142554e18c0d4e1b59df0c925c8c5a1128d572b11526,unchanged_scientific_artifact,Byte-identical source artifact.,source_and_destination_verified
preservation_snapshot:target_before/results/tables/02_gpfa_reliability/saturation/nulls_observation_step_1.csv,72a4a6117ba2d2dc5fa1e8ea2f76c3e400e47b0de62228594e82fc4070989c6c,results/tables/02_gpfa_reliability/saturation/nulls_observation_step_1.csv,72a4a6117ba2d2dc5fa1e8ea2f76c3e400e47b0de62228594e82fc4070989c6c,unchanged_scientific_artifact,Byte-identical source artifact.,source_and_destination_verified
preservation_snapshot:target_before/results/tables/02_gpfa_reliability/saturation/nulls_observation_step_4.csv,106fca28134c76743d10ca260b34e0bd4efa9a3793487a6fa436da8472f5856c,results/tables/02_gpfa_reliability/saturation/nulls_observation_step_4.csv,106fca28134c76743d10ca260b34e0bd4efa9a3793487a6fa436da8472f5856c,unchanged_scientific_artifact,Byte-identical source artifact.,source_and_destination_verified
preservation_snapshot:target_before/results/tables/02_gpfa_reliability/saturation/nulls_random_seed_2718.csv,b229e123d48feea3aae26826bf14c067560233994ad8fddf2016046732970d49,results/tables/02_gpfa_reliability/saturation/nulls_random_seed_2718.csv,b229e123d48feea3aae26826bf14c067560233994ad8fddf2016046732970d49,unchanged_scientific_artifact,Byte-identical source artifact.,source_and_destination_verified
preservation_snapshot:target_before/results/tables/02_gpfa_reliability/saturation/nulls_random_seed_314.csv,a9db39b7230c8be42825ca1586f90b73b2eba920ffd3abf0a7dabffacf055930,results/tables/02_gpfa_reliability/saturation/nulls_random_seed_314.csv,a9db39b7230c8be42825ca1586f90b73b2eba920ffd3abf0a7dabffacf055930,unchanged_scientific_artifact,Byte-identical source artifact.,source_and_destination_verified
preservation_snapshot:target_before/results/tables/02_gpfa_reliability/saturation/nulls_random_seed_42.csv,b3148e5f4a6ee94356888de2103acb51810f535e95ecad91b13aad4a88d9fb01,results/tables/02_gpfa_reliability/saturation/nulls_random_seed_42.csv,b3148e5f4a6ee94356888de2103acb51810f535e95ecad91b13aad4a88d9fb01,unchanged_scientific_artifact,Byte-identical source artifact.,source_and_destination_verified
preservation_snapshot:target_before/results/tables/02_gpfa_reliability/saturation/nulls_split_count_500.csv,a9176020c7dfd8aa0bdf481128a61d909c5e73bd821662db20768e93e509ad4a,results/tables/02_gpfa_reliability/saturation/nulls_split_count_500.csv,a9176020c7dfd8aa0bdf481128a61d909c5e73bd821662db20768e93e509ad4a,unchanged_scientific_artifact,Byte-identical source artifact.,source_and_destination_verified
preservation_snapshot:target_before/results/tables/02_gpfa_reliability/saturation/nulls_train_fraction_0.25.csv,684760cd69e605e9380a1f0c1415e4d94a61280bb2bcd7255d2926e3b15cfc78,results/tables/02_gpfa_reliability/saturation/nulls_train_fraction_0.25.csv,684760cd69e605e9380a1f0c1415e4d94a61280bb2bcd7255d2926e3b15cfc78,unchanged_scientific_artifact,Byte-identical source artifact.,source_and_destination_verified
preservation_snapshot:target_before/results/tables/02_gpfa_reliability/saturation/nulls_train_fraction_0.5.csv,8f19d3b14976be6b30063a2e431293f244f51c17762e17389637b2b94b18bb0f,results/tables/02_gpfa_reliability/saturation/nulls_train_fraction_0.5.csv,8f19d3b14976be6b30063a2e431293f244f51c17762e17389637b2b94b18bb0f,unchanged_scientific_artifact,Byte-identical source artifact.,source_and_destination_verified
preservation_snapshot:target_before/results/tables/02_gpfa_reliability/saturation/nulls_train_fraction_0.75.csv,14c2de063aaea41c6c9bf22ae7ed33ab1048a2cd490bc4a9c84479d4fc6d77bc,results/tables/02_gpfa_reliability/saturation/nulls_train_fraction_0.75.csv,14c2de063aaea41c6c9bf22ae7ed33ab1048a2cd490bc4a9c84479d4fc6d77bc,unchanged_scientific_artifact,Byte-identical source artifact.,source_and_destination_verified
preservation_snapshot:target_before/results/tables/02_gpfa_reliability/saturation/nulls_train_fraction_1.0.csv,88e1ca3dacac59e99535b5f853ba738ed2e0584f9a94eb2e418c417112c0d2c2,results/tables/02_gpfa_reliability/saturation/nulls_train_fraction_1.0.csv,88e1ca3dacac59e99535b5f853ba738ed2e0584f9a94eb2e418c417112c0d2c2,unchanged_scientific_artifact,Byte-identical source artifact.,source_and_destination_verified
preservation_snapshot:target_before/results/tables/02_gpfa_reliability/saturation/saturation_metrics.csv,fea73fef3097041d4cf926eff669ce6d13885dd53406317f8280b4f21a422b62,results/tables/02_gpfa_reliability/saturation/saturation_metrics.csv,fea73fef3097041d4cf926eff669ce6d13885dd53406317f8280b4f21a422b62,unchanged_scientific_artifact,Byte-identical source artifact.,source_and_destination_verified
preservation_snapshot:target_before/results/tables/02_gpfa_reliability/saturation/saturation_runs.json,42f1ecf1bf0f0a969be3a38b1e8a67fd0f5d95b9749dc4382774b9fe126aa8f4,results/tables/02_gpfa_reliability/saturation/saturation_runs.json,42f1ecf1bf0f0a969be3a38b1e8a67fd0f5d95b9749dc4382774b9fe126aa8f4,unchanged_scientific_artifact,Byte-identical source artifact.,source_and_destination_verified
preservation_snapshot:target_before/results/tables/02_gpfa_reliability/saturation/saturation_summary.json,9975811139ab1ff78216ac2891b4d889ca7fe62e1df2f695c6861a006e2bb855,results/tables/02_gpfa_reliability/saturation/saturation_summary.json,9975811139ab1ff78216ac2891b4d889ca7fe62e1df2f695c6861a006e2bb855,unchanged_scientific_artifact,Byte-identical source artifact.,source_and_destination_verified
preservation_snapshot:target_before/results/tables/02_gpfa_reliability/saturation/split_count_convergence.csv,05dd5b379316fe62c9251055b39b37b012f7cc3db2b34cb71d138c6f66f25f41,results/tables/02_gpfa_reliability/saturation/split_count_convergence.csv,05dd5b379316fe62c9251055b39b37b012f7cc3db2b34cb71d138c6f66f25f41,unchanged_scientific_artifact,Byte-identical source artifact.,source_and_destination_verified
preservation_snapshot:target_before/results/tables/02_gpfa_reliability/saturation/split_count_nulls_500.csv,3edc5d3ab9e88b0ef431edad8c7319d951f981bb7fd01339e26d070e4fe53331,results/tables/02_gpfa_reliability/saturation/split_count_nulls_500.csv,3edc5d3ab9e88b0ef431edad8c7319d951f981bb7fd01339e26d070e4fe53331,unchanged_scientific_artifact,Byte-identical source artifact.,source_and_destination_verified
preservation_snapshot:target_before/results/tables/02_gpfa_reliability/saturation/split_count_observed_500.csv,c71aee02655984d6e0d6575db32cb1d8ed1c0d4d45beb002eaede81b8c57e266,results/tables/02_gpfa_reliability/saturation/split_count_observed_500.csv,c71aee02655984d6e0d6575db32cb1d8ed1c0d4d45beb002eaede81b8c57e266,unchanged_scientific_artifact,Byte-identical source artifact.,source_and_destination_verified
preservation_snapshot:target_before/results/tables/02_gpfa_reliability/saturation/split_count_summary.json,90a03ad34a3ae970c3b2396556f373243ef10721fd757d06d36430c52128b16d,results/tables/02_gpfa_reliability/saturation/split_count_summary.json,90a03ad34a3ae970c3b2396556f373243ef10721fd757d06d36430c52128b16d,unchanged_scientific_artifact,Byte-identical source artifact.,source_and_destination_verified
preservation_snapshot:target_before/results/tables/02_gpfa_reliability/split_half_observed.csv,585608a62b95a19fdafac3e8bd877e3f7cbcfedc7bb555063b73c655fa17ba3c,results/tables/02_gpfa_reliability/split_half_observed.csv,585608a62b95a19fdafac3e8bd877e3f7cbcfedc7bb555063b73c655fa17ba3c,unchanged_scientific_artifact,Byte-identical source artifact.,source_and_destination_verified
preservation_snapshot:target_before/results/tables/03_parameter_matching/parameter_matched_dynamic_oracle.json,4cd2f5e76c55e830ff851fd96618aae2b4da7f3c02aa8314987e154c753b0a8a,results/tables/03_parameter_matching/parameter_matched_dynamic_oracle.json,4cd2f5e76c55e830ff851fd96618aae2b4da7f3c02aa8314987e154c753b0a8a,unchanged_scientific_artifact,Byte-identical source artifact.,source_and_destination_verified
preservation_snapshot:target_before/results/tables/04_model_comparison/extended_prediction_summary.json,92e967893e48f67a41a84a5a82ea93dffa9e5bf12ae003bc8398135b5a28b439,results/tables/04_model_comparison/extended_prediction_summary.json,92e967893e48f67a41a84a5a82ea93dffa9e5bf12ae003bc8398135b5a28b439,unchanged_scientific_artifact,Byte-identical source artifact.,source_and_destination_verified
preservation_snapshot:target_before/results/tables/04_model_comparison/gpfa_model_metrics.csv,7cb50c652706294e93919b403c441a0ad798f1025c94561101d7e4778b5a2b93,results/tables/04_model_comparison/gpfa_model_metrics.csv,7cb50c652706294e93919b403c441a0ad798f1025c94561101d7e4778b5a2b93,unchanged_scientific_artifact,Byte-identical source artifact.,source_and_destination_verified
preservation_snapshot:target_before/results/tables/04_model_comparison/gpfa_model_null_summary.csv,cd330752a66dfbb5db5f7a2cfbfa1edd15b3e446e47ff8c8295568ce44f872ba,results/tables/04_model_comparison/gpfa_model_null_summary.csv,cd330752a66dfbb5db5f7a2cfbfa1edd15b3e446e47ff8c8295568ce44f872ba,unchanged_scientific_artifact,Byte-identical source artifact.,source_and_destination_verified
preservation_snapshot:target_before/results/tables/04_model_comparison/gpfa_model_nulls.csv,ad83fcbbc0e1a2fcb57a49fe55d0d8a742b4161bc193e102110df57dd13f09df,results/tables/04_model_comparison/gpfa_model_nulls.csv,ad83fcbbc0e1a2fcb57a49fe55d0d8a742b4161bc193e102110df57dd13f09df,unchanged_scientific_artifact,Byte-identical source artifact.,source_and_destination_verified
preservation_snapshot:target_before/results/tables/04_model_comparison/gpfa_model_paired_bootstrap.csv,fd7fbc3b2a22bfc27821e9c9a5d5ed2eba408d39c082ddef43d3713addbfffa0,results/tables/04_model_comparison/gpfa_model_paired_bootstrap.csv,fd7fbc3b2a22bfc27821e9c9a5d5ed2eba408d39c082ddef43d3713addbfffa0,unchanged_scientific_artifact,Byte-identical source artifact.,source_and_destination_verified
preservation_snapshot:target_before/results/tables/04_model_comparison/gpfa_model_paired_bootstrap_raw.csv,d867fbf5753085bb277d9c57b37b63dd9c3e061d094c88fd95ca56a184e0cb64,results/tables/04_model_comparison/gpfa_model_paired_bootstrap_raw.csv,d867fbf5753085bb277d9c57b37b63dd9c3e061d094c88fd95ca56a184e0cb64,unchanged_scientific_artifact,Byte-identical source artifact.,source_and_destination_verified
preservation_snapshot:target_before/results/tables/04_model_comparison/gpfa_model_selection.csv,c33381e4bbccb79018b6e25953406d9ba90d920d85269099c585c0ea1a8bebf7,results/tables/04_model_comparison/gpfa_model_selection.csv,c33381e4bbccb79018b6e25953406d9ba90d920d85269099c585c0ea1a8bebf7,unchanged_scientific_artifact,Byte-identical source artifact.,source_and_destination_verified
preservation_snapshot:target_before/results/tables/04_model_comparison/gpfa_model_summary.json,c7a3a553e7dcda51e68a7855ea73ab890ab1821bc80fb13ea59e6bdd3f622795,results/tables/04_model_comparison/gpfa_model_summary.json,c7a3a553e7dcda51e68a7855ea73ab890ab1821bc80fb13ea59e6bdd3f622795,unchanged_scientific_artifact,Byte-identical source artifact.,source_and_destination_verified
preservation_snapshot:target_before/results/tables/04_model_comparison/gpfa_reliability_nulls.csv,55cad330e74b5edfed6b614f5243ec6eae515be0fffd2e109965fb196a2aaa87,results/tables/04_model_comparison/gpfa_reliability_nulls.csv,55cad330e74b5edfed6b614f5243ec6eae515be0fffd2e109965fb196a2aaa87,unchanged_scientific_artifact,Byte-identical source artifact.,source_and_destination_verified
preservation_snapshot:target_before/results/tables/04_model_comparison/gpfa_reliability_observed.csv,db63274fb856036acfc79b9ab4c42b0804a558cdeac62078b0c0b8f32554b678,results/tables/04_model_comparison/gpfa_reliability_observed.csv,db63274fb856036acfc79b9ab4c42b0804a558cdeac62078b0c0b8f32554b678,unchanged_scientific_artifact,Byte-identical source artifact.,source_and_destination_verified
preservation_snapshot:target_before/results/tables/04_model_comparison/gpfa_reliability_summary.csv,4bc3e94e96864f4a61b872ec23f93185fc7c9e9f6a5ba447f98f269faf269d70,results/tables/04_model_comparison/gpfa_reliability_summary.csv,4bc3e94e96864f4a61b872ec23f93185fc7c9e9f6a5ba447f98f269faf269d70,unchanged_scientific_artifact,Byte-identical source artifact.,source_and_destination_verified
preservation_snapshot:target_before/results/tables/04_model_comparison/gpfa_run_summary.json,613dc4fb3581c1fa4fbc62c455d407406450996ef95118306093c604e4b9a4ff,results/tables/04_model_comparison/gpfa_run_summary.json,613dc4fb3581c1fa4fbc62c455d407406450996ef95118306093c604e4b9a4ff,unchanged_scientific_artifact,Byte-identical source artifact.,source_and_destination_verified
preservation_snapshot:target_before/results/tables/04_model_comparison/prediction_summary.json,d2e944822dbd2a9f8dda5c77cb41230035aa2513fe2f1465a4fe2a6bbb5a9d9e,results/tables/04_model_comparison/prediction_summary.json,d2e944822dbd2a9f8dda5c77cb41230035aa2513fe2f1465a4fe2a6bbb5a9d9e,unchanged_scientific_artifact,Byte-identical source artifact.,source_and_destination_verified
preservation_snapshot:target_before/results/tables/04_model_comparison/protocol_lock.json,cb2e5edd136ed1b2ae7371b8c897545c178e288a1691d300f0f64b5ad3fc60d4,results/tables/04_model_comparison/protocol_lock.json,cb2e5edd136ed1b2ae7371b8c897545c178e288a1691d300f0f64b5ad3fc60d4,unchanged_scientific_artifact,Byte-identical source artifact.,source_and_destination_verified
preservation_snapshot:target_before/results/tables/04_model_comparison/q1_q6_answers.json,062b660d01263fbee97c7c551af773b20162b4b1407480a356bc7ae42e8297e0,results/tables/04_model_comparison/q1_q6_answers.json,afcc0259c9d2730c26c18d168b0737828d14fb8a8aeb678e9fc0b481d85c3886,editorial_revision,Historical public prose edition; source identity retained.,source_and_destination_verified
preservation_snapshot:target_before/results/tables/04_model_comparison/q2_condition_conventional_bootstrap.csv,115af2c715f38db2c3ed5893e9abe2ceb12d607c23659ce1508e63b446661bb2,results/tables/04_model_comparison/q2_condition_conventional_bootstrap.csv,115af2c715f38db2c3ed5893e9abe2ceb12d607c23659ce1508e63b446661bb2,unchanged_scientific_artifact,Byte-identical source artifact.,source_and_destination_verified
preservation_snapshot:target_before/results/tables/04_model_comparison/q4_response_score_matched_output_gpfa_bootstrap.csv,c31e68f6bbd433b97a69aed65ef0f9e6add0bcff604405148508d2c5b6281444,results/tables/04_model_comparison/q4_response_score_matched_output_gpfa_bootstrap.csv,c31e68f6bbd433b97a69aed65ef0f9e6add0bcff604405148508d2c5b6281444,unchanged_scientific_artifact,Byte-identical source artifact.,source_and_destination_verified
preservation_snapshot:target_before/results/tables/04_model_comparison/q5_temporal_ablation_curve.csv,89b6a218382583b8254fbc00847c7950b231c8f888508b69ba7cd8788af8a445,results/tables/04_model_comparison/q5_temporal_ablation_curve.csv,89b6a218382583b8254fbc00847c7950b231c8f888508b69ba7cd8788af8a445,unchanged_scientific_artifact,Byte-identical source artifact.,source_and_destination_verified
preservation_snapshot:target_before/results/tables/04_model_comparison/q5_temporal_ablation_monotonicity.csv,881f9c14e0b3033d69983284c1257c3aea1f5239bd4263c8db6573883ac7a139,results/tables/04_model_comparison/q5_temporal_ablation_monotonicity.csv,881f9c14e0b3033d69983284c1257c3aea1f5239bd4263c8db6573883ac7a139,unchanged_scientific_artifact,Byte-identical source artifact.,source_and_destination_verified
preservation_snapshot:target_before/results/tables/04_model_comparison/q6_candidate_metrics.csv,3944cbe12ddef29d7b36e5b6bad20d41e9f62726fcdf018faf34d87d657f2e9e,results/tables/04_model_comparison/q6_candidate_metrics.csv,3944cbe12ddef29d7b36e5b6bad20d41e9f62726fcdf018faf34d87d657f2e9e,unchanged_scientific_artifact,Byte-identical source artifact.,source_and_destination_verified
preservation_snapshot:target_before/results/tables/04_model_comparison/q6_leave_family_out_errors.csv,1eae73026ca9cb4d742aec4192105817ba3915da8dde168fadf634d810003003,results/tables/04_model_comparison/q6_leave_family_out_errors.csv,1eae73026ca9cb4d742aec4192105817ba3915da8dde168fadf634d810003003,unchanged_scientific_artifact,Byte-identical source artifact.,source_and_destination_verified
preservation_snapshot:target_before/results/tables/04_model_comparison/sensitivity/sensitivity_metrics.csv,5e7614cf83ffb3898a20d3367bd75763b33f273a4cf8e86ae513240bd3878324,results/tables/04_model_comparison/sensitivity/sensitivity_metrics.csv,5e7614cf83ffb3898a20d3367bd75763b33f273a4cf8e86ae513240bd3878324,unchanged_scientific_artifact,Byte-identical source artifact.,source_and_destination_verified
preservation_snapshot:target_before/results/tables/04_model_comparison/sensitivity/sensitivity_null_summary.csv,cb4ba9580459066ec55afd4541ae48506eee6d352a2fe015ed25e5397b880ab2,results/tables/04_model_comparison/sensitivity/sensitivity_null_summary.csv,cb4ba9580459066ec55afd4541ae48506eee6d352a2fe015ed25e5397b880ab2,unchanged_scientific_artifact,Byte-identical source artifact.,source_and_destination_verified
preservation_snapshot:target_before/results/tables/04_model_comparison/sensitivity/sensitivity_runs.json,8ba8095407ab5f65328d7da9f73cf6f309300f8d0055d4ba8b59f9835ec2a000,results/tables/04_model_comparison/sensitivity/sensitivity_runs.json,8ba8095407ab5f65328d7da9f73cf6f309300f8d0055d4ba8b59f9835ec2a000,unchanged_scientific_artifact,Byte-identical source artifact.,source_and_destination_verified
preservation_snapshot:target_before/results/tables/04_model_comparison/sensitivity/sensitivity_summary.json,753ac43e8e181b7cb094f10f2a0dadf57602bbbfe6560d5a727352052af8ce82,results/tables/04_model_comparison/sensitivity/sensitivity_summary.json,753ac43e8e181b7cb094f10f2a0dadf57602bbbfe6560d5a727352052af8ce82,unchanged_scientific_artifact,Byte-identical source artifact.,source_and_destination_verified
preservation_snapshot:target_before/results/tables/04_model_comparison/sensitivity/split_count_convergence.csv,3b7448447078907983e20309f3896499e49e8865b1af021d1fdf719a9fc8ddad,results/tables/04_model_comparison/sensitivity/split_count_convergence.csv,3b7448447078907983e20309f3896499e49e8865b1af021d1fdf719a9fc8ddad,unchanged_scientific_artifact,Byte-identical source artifact.,source_and_destination_verified
preservation_snapshot:target_before/results/tables/04_model_comparison/traditional_metrics.csv,1a33c12d0018d219f72c04c14b91bd8d920eaab859f32f5e1586bf643edb5dc1,results/tables/04_model_comparison/traditional_metrics.csv,1a33c12d0018d219f72c04c14b91bd8d920eaab859f32f5e1586bf643edb5dc1,unchanged_scientific_artifact,Byte-identical source artifact.,source_and_destination_verified
preservation_snapshot:target_before/results/tables/04_model_comparison/traditional_paired_bootstrap.csv,9c9adf5111191a491fbbdf60fd952c93dd9b1e1df39526aabf9eb29c179610e4,results/tables/04_model_comparison/traditional_paired_bootstrap.csv,9c9adf5111191a491fbbdf60fd952c93dd9b1e1df39526aabf9eb29c179610e4,unchanged_scientific_artifact,Byte-identical source artifact.,source_and_destination_verified
preservation_snapshot:target_before/results/tables/04_model_comparison/traditional_summary.json,2041a4a1ebaaaac0dc850c82bd9f13adf90a0186a1599bda08d990158255ff14,results/tables/04_model_comparison/traditional_summary.json,2041a4a1ebaaaac0dc850c82bd9f13adf90a0186a1599bda08d990158255ff14,unchanged_scientific_artifact,Byte-identical source artifact.,source_and_destination_verified
preservation_snapshot:target_before/scripts/make_core_figures.js,72d1c59533e75baf189029dbfe55ccba67b1d432a5dd323a8126bccac0bb2759,scripts/make_core_figures.js,2619afbd7355ae2d1de5138f2303642a89104b1064b94becb50e2f1e21f97606,editorial_revision,Historical public prose edition; source identity retained.,source_and_destination_verified
integration:scripts/verify_integration.py,,scripts/verify_integration.py,6a1931bda36a31e143824d3265c39f7e58aef805c208c4c85c98634d3073ebac,integration_metadata,"New integration document, adapter, or verification record.",created_for_integration
source_pilot:third_party/MentalPong/LICENSE,bf37820d6f7473eda45cd46bf0e41cfe390aa4d4dfa25afa561b1af422c15b2b,third_party/licenses/MentalPong-MIT.txt,bf37820d6f7473eda45cd46bf0e41cfe390aa4d4dfa25afa561b1af422c15b2b,unchanged_scientific_artifact,Byte-identical source artifact.,source_and_destination_verified
preservation_snapshot:target_before/third_party/licenses/NEURALPREDICTORS-MIT.txt,6faa77a94408007f613cb39d65c5dcc98ab71f0827b17fb85f022820e76044d4,third_party/licenses/NEURALPREDICTORS-MIT.txt,6faa77a94408007f613cb39d65c5dcc98ab71f0827b17fb85f022820e76044d4,unchanged_scientific_artifact,Byte-identical source artifact.,source_and_destination_verified
preservation_snapshot:target_before/third_party/licenses/SENSORIUM-2022-MIT.txt,8c1af26cbc4456a441a8c2adadf88599c50a1081ac9f39ac46b98af4eb5c47a4,third_party/licenses/SENSORIUM-2022-MIT.txt,8c1af26cbc4456a441a8c2adadf88599c50a1081ac9f39ac46b98af4eb5c47a4,unchanged_scientific_artifact,Byte-identical source artifact.,source_and_destination_verified
