animal,representation,epoch,head,target,coordinate,is_self_target,causal_status,n_original_splits_assessed,B,raw_preprocessing,metric,n_finite_randomizations,mean,sd,median,q025,q975,minimum_finite_splits_per_q,maximum_finite_splits_per_q,n_nonpositive_paired_effect,empirical_nonpositive_effect_fraction,tail_label
mahler,FA50,full,D_obj,objective,x,True,published_input_causal_train_only;raw_preprocessing_fail,100,1000,fail,matched_r,1000,0.91996642208663659,0.00021501469164431392,0.91996395276468002,0.91952735913442929,0.92038629178760523,100,100,,,"empirical paired comparison, changing support; not exact permutation p"
mahler,FA50,full,D_obj,objective,x,True,published_input_causal_train_only;raw_preprocessing_fail,100,1000,fail,null_r,1000,0.72137137628606474,0.0032768179294004828,0.72142642006666269,0.71495656528866824,0.72795469356058451,100,100,,,"empirical paired comparison, changing support; not exact permutation p"
mahler,FA50,full,D_obj,objective,x,True,published_input_causal_train_only;raw_preprocessing_fail,100,1000,fail,paired_r,1000,0.19859504580057183,0.0032231443390704066,0.19853245821344911,0.19231601452164074,0.20507315469932744,100,100,0,0,"empirical paired comparison, changing support; not exact permutation p"
mahler,FA50,full,D_obj,objective,x,True,published_input_causal_train_only;raw_preprocessing_fail,100,1000,fail,matched_RMSE,1000,1.3784105987975646,0.0013811263354318907,1.3784356849954529,1.3755523631642521,1.3810187909715967,100,100,,,"empirical paired comparison, changing support; not exact permutation p"
mahler,FA50,full,D_obj,objective,x,True,published_input_causal_train_only;raw_preprocessing_fail,100,1000,fail,null_RMSE,1000,2.5026029209117131,0.014015888278635891,2.5022630946702318,2.4734231174190318,2.5297261002625455,100,100,,,"empirical paired comparison, changing support; not exact permutation p"
mahler,FA50,full,D_obj,objective,x,True,published_input_causal_train_only;raw_preprocessing_fail,100,1000,fail,paired_RMSE,1000,1.124192322114149,0.013836398788512195,1.1236593010419771,1.0957290679444505,1.1508305693287886,100,100,0,0,"empirical paired comparison, changing support; not exact permutation p"
mahler,FA50,full,D_obj,objective,x,True,published_input_causal_train_only;raw_preprocessing_fail,100,1000,fail,matched_bias,1000,0.0621268738896808,0.0021148671301292185,0.06212433684044065,0.05803617020998509,0.066274436819238614,100,100,,,"empirical paired comparison, changing support; not exact permutation p"
mahler,FA50,full,D_obj,objective,x,True,published_input_causal_train_only;raw_preprocessing_fail,100,1000,fail,null_bias,1000,0.061996203973450334,0.004303427347146639,0.061869737051871987,0.053681777925825666,0.070180109715396746,100,100,,,"empirical paired comparison, changing support; not exact permutation p"
mahler,FA50,full,D_obj,objective,x,True,published_input_causal_train_only;raw_preprocessing_fail,100,1000,fail,matched_amplitude_ratio,1000,0.92798103312507829,0.00065023812495692472,0.92797076220946495,0.92671397791285193,0.92925152939882127,100,100,,,"empirical paired comparison, changing support; not exact permutation p"
mahler,FA50,full,D_obj,objective,x,True,published_input_causal_train_only;raw_preprocessing_fail,100,1000,fail,null_amplitude_ratio,1000,0.92801056172786334,0.0013439739672532528,0.92798661846378105,0.92546542925212971,0.93054230609180422,100,100,,,"empirical paired comparison, changing support; not exact permutation p"
mahler,FA50,full,D_obj,objective,y,True,published_input_causal_train_only;raw_preprocessing_fail,100,1000,fail,matched_r,1000,0.50263520295185582,0.0012551634953085241,0.50263857992670324,0.50011408715920025,0.50509732434193655,100,100,,,"empirical paired comparison, changing support; not exact permutation p"
mahler,FA50,full,D_obj,objective,y,True,published_input_causal_train_only;raw_preprocessing_fail,100,1000,fail,null_r,1000,-0.00089447379994454584,0.010105024831234924,-0.00053739407345980894,-0.021133489494254559,0.019248797700045537,100,100,,,"empirical paired comparison, changing support; not exact permutation p"
mahler,FA50,full,D_obj,objective,y,True,published_input_causal_train_only;raw_preprocessing_fail,100,1000,fail,paired_r,1000,0.50352967675180038,0.010150398474328285,0.50323559031098231,0.48363450660867185,0.52381604175696106,100,100,0,0,"empirical paired comparison, changing support; not exact permutation p"
mahler,FA50,full,D_obj,objective,y,True,published_input_causal_train_only;raw_preprocessing_fail,100,1000,fail,matched_RMSE,1000,4.5547793838992323,0.006503340378704976,4.5549958310823389,4.541592630079899,4.5674889093701232,100,100,,,"empirical paired comparison, changing support; not exact permutation p"
mahler,FA50,full,D_obj,objective,y,True,published_input_causal_train_only;raw_preprocessing_fail,100,1000,fail,null_RMSE,1000,6.0135271532768826,0.026729675982005173,6.0132741096611184,5.9601739988191698,6.0666405660291129,100,100,,,"empirical paired comparison, changing support; not exact permutation p"
mahler,FA50,full,D_obj,objective,y,True,published_input_causal_train_only;raw_preprocessing_fail,100,1000,fail,paired_RMSE,1000,1.4587477693776514,0.027200766314801408,1.4578922354039259,1.4032814308787342,1.5125352433618922,100,100,0,0,"empirical paired comparison, changing support; not exact permutation p"
mahler,FA50,full,D_obj,objective,y,True,published_input_causal_train_only;raw_preprocessing_fail,100,1000,fail,matched_bias,1000,0.0028958071315418675,0.0098133718285598817,0.0030684149677478534,-0.01665514958766218,0.021199448193434375,100,100,,,"empirical paired comparison, changing support; not exact permutation p"
mahler,FA50,full,D_obj,objective,y,True,published_input_causal_train_only;raw_preprocessing_fail,100,1000,fail,null_bias,1000,0.002030944830480344,0.013219338202489675,0.0020747299578660026,-0.024923470362795661,0.027695613498763764,100,100,,,"empirical paired comparison, changing support; not exact permutation p"
mahler,FA50,full,D_obj,objective,y,True,published_input_causal_train_only;raw_preprocessing_fail,100,1000,fail,matched_amplitude_ratio,1000,0.57967199195662544,0.00085622001031454402,0.57968588898602857,0.57805374922667241,0.58126783785184244,100,100,,,"empirical paired comparison, changing support; not exact permutation p"
mahler,FA50,full,D_obj,objective,y,True,published_input_causal_train_only;raw_preprocessing_fail,100,1000,fail,null_amplitude_ratio,1000,0.57966696538398699,0.00096689224905669531,0.5796952607419863,0.57778416910565811,0.58165173499947254,100,100,,,"empirical paired comparison, changing support; not exact permutation p"
mahler,FA50,full,D_obj,behavior,x,False,published_input_causal_train_only;raw_preprocessing_fail,100,1000,fail,matched_r,1000,0.91996642208663659,0.00021501469164431392,0.91996395276468002,0.91952735913442929,0.92038629178760523,100,100,,,"empirical paired comparison, changing support; not exact permutation p"
mahler,FA50,full,D_obj,behavior,x,False,published_input_causal_train_only;raw_preprocessing_fail,100,1000,fail,null_r,1000,0.72137137628606474,0.0032768179294004828,0.72142642006666269,0.71495656528866824,0.72795469356058451,100,100,,,"empirical paired comparison, changing support; not exact permutation p"
mahler,FA50,full,D_obj,behavior,x,False,published_input_causal_train_only;raw_preprocessing_fail,100,1000,fail,paired_r,1000,0.19859504580057183,0.0032231443390704066,0.19853245821344911,0.19231601452164074,0.20507315469932744,100,100,0,0,"empirical paired comparison, changing support; not exact permutation p"
mahler,FA50,full,D_obj,behavior,x,False,published_input_causal_train_only;raw_preprocessing_fail,100,1000,fail,matched_RMSE,1000,1.3784105987975646,0.0013811263354318907,1.3784356849954529,1.3755523631642521,1.3810187909715967,100,100,,,"empirical paired comparison, changing support; not exact permutation p"
mahler,FA50,full,D_obj,behavior,x,False,published_input_causal_train_only;raw_preprocessing_fail,100,1000,fail,null_RMSE,1000,2.5026029209117131,0.014015888278635891,2.5022630946702318,2.4734231174190318,2.5297261002625455,100,100,,,"empirical paired comparison, changing support; not exact permutation p"
mahler,FA50,full,D_obj,behavior,x,False,published_input_causal_train_only;raw_preprocessing_fail,100,1000,fail,paired_RMSE,1000,1.124192322114149,0.013836398788512195,1.1236593010419771,1.0957290679444505,1.1508305693287886,100,100,0,0,"empirical paired comparison, changing support; not exact permutation p"
mahler,FA50,full,D_obj,behavior,x,False,published_input_causal_train_only;raw_preprocessing_fail,100,1000,fail,matched_bias,1000,0.0621268738896808,0.0021148671301292185,0.06212433684044065,0.05803617020998509,0.066274436819238614,100,100,,,"empirical paired comparison, changing support; not exact permutation p"
mahler,FA50,full,D_obj,behavior,x,False,published_input_causal_train_only;raw_preprocessing_fail,100,1000,fail,null_bias,1000,0.061996203973450334,0.004303427347146639,0.061869737051871987,0.053681777925825666,0.070180109715396746,100,100,,,"empirical paired comparison, changing support; not exact permutation p"
mahler,FA50,full,D_obj,behavior,x,False,published_input_causal_train_only;raw_preprocessing_fail,100,1000,fail,matched_amplitude_ratio,1000,0.92798103312507829,0.00065023812495692472,0.92797076220946495,0.92671397791285193,0.92925152939882127,100,100,,,"empirical paired comparison, changing support; not exact permutation p"
mahler,FA50,full,D_obj,behavior,x,False,published_input_causal_train_only;raw_preprocessing_fail,100,1000,fail,null_amplitude_ratio,1000,0.92801056172786334,0.0013439739672532528,0.92798661846378105,0.92546542925212971,0.93054230609180422,100,100,,,"empirical paired comparison, changing support; not exact permutation p"
mahler,FA50,full,D_obj,behavior,y,False,published_input_causal_train_only;raw_preprocessing_fail,100,1000,fail,matched_r,1000,0.49037525040840096,0.0012930154498346814,0.49034893371305971,0.4878565312304588,0.49299574713379224,100,100,,,"empirical paired comparison, changing support; not exact permutation p"
mahler,FA50,full,D_obj,behavior,y,False,published_input_causal_train_only;raw_preprocessing_fail,100,1000,fail,null_r,1000,-0.00063201089097411265,0.010108849958844365,-0.00045097862726077424,-0.021228896176098154,0.01911213756529187,100,100,,,"empirical paired comparison, changing support; not exact permutation p"
mahler,FA50,full,D_obj,behavior,y,False,published_input_causal_train_only;raw_preprocessing_fail,100,1000,fail,paired_r,1000,0.49100726129937505,0.010154737188575406,0.49087438368518083,0.47131216285407185,0.51138535910877303,100,100,0,0,"empirical paired comparison, changing support; not exact permutation p"
mahler,FA50,full,D_obj,behavior,y,False,published_input_causal_train_only;raw_preprocessing_fail,100,1000,fail,matched_RMSE,1000,4.5263226966804453,0.0067389545804917971,4.5263353568219582,4.512495010108502,4.5390133872437843,100,100,,,"empirical paired comparison, changing support; not exact permutation p"
mahler,FA50,full,D_obj,behavior,y,False,published_input_causal_train_only;raw_preprocessing_fail,100,1000,fail,null_RMSE,1000,5.938042857592909,0.026692741498632572,5.9374565257035758,5.886013069030712,5.9912527808954463,100,100,,,"empirical paired comparison, changing support; not exact permutation p"
mahler,FA50,full,D_obj,behavior,y,False,published_input_causal_train_only;raw_preprocessing_fail,100,1000,fail,paired_RMSE,1000,1.4117201609124637,0.027187476761862259,1.4112188869473226,1.3574901656971232,1.46442390913805,100,100,0,0,"empirical paired comparison, changing support; not exact permutation p"
mahler,FA50,full,D_obj,behavior,y,False,published_input_causal_train_only;raw_preprocessing_fail,100,1000,fail,matched_bias,1000,0.064636493367800835,0.01010353658590386,0.064767759119550419,0.044640750928589261,0.084715427082932171,100,100,,,"empirical paired comparison, changing support; not exact permutation p"
mahler,FA50,full,D_obj,behavior,y,False,published_input_causal_train_only;raw_preprocessing_fail,100,1000,fail,null_bias,1000,0.063631969378221936,0.013445755602063653,0.063768531269284057,0.03624195363180379,0.090019004289199483,100,100,,,"empirical paired comparison, changing support; not exact permutation p"
mahler,FA50,full,D_obj,behavior,y,False,published_input_causal_train_only;raw_preprocessing_fail,100,1000,fail,matched_amplitude_ratio,1000,0.58989209569849765,0.00092902881097388184,0.58989346583061431,0.58804069902291944,0.59165719666440386,100,100,,,"empirical paired comparison, changing support; not exact permutation p"
mahler,FA50,full,D_obj,behavior,y,False,published_input_causal_train_only;raw_preprocessing_fail,100,1000,fail,null_amplitude_ratio,1000,0.5898932568567643,0.0010084625408252961,0.58988592650161642,0.58795488867432033,0.59187730447719844,100,100,,,"empirical paired comparison, changing support; not exact permutation p"
mahler,FA50,full,D_beh,objective,x,False,published_input_causal_train_only;raw_preprocessing_fail,100,1000,fail,matched_r,1000,0.91996642208663659,0.00021501469164431392,0.91996395276468002,0.91952735913442929,0.92038629178760523,100,100,,,"empirical paired comparison, changing support; not exact permutation p"
mahler,FA50,full,D_beh,objective,x,False,published_input_causal_train_only;raw_preprocessing_fail,100,1000,fail,null_r,1000,0.72137137628606474,0.0032768179294004828,0.72142642006666269,0.71495656528866824,0.72795469356058451,100,100,,,"empirical paired comparison, changing support; not exact permutation p"
mahler,FA50,full,D_beh,objective,x,False,published_input_causal_train_only;raw_preprocessing_fail,100,1000,fail,paired_r,1000,0.19859504580057183,0.0032231443390704066,0.19853245821344911,0.19231601452164074,0.20507315469932744,100,100,0,0,"empirical paired comparison, changing support; not exact permutation p"
mahler,FA50,full,D_beh,objective,x,False,published_input_causal_train_only;raw_preprocessing_fail,100,1000,fail,matched_RMSE,1000,1.3784105987975646,0.0013811263354318907,1.3784356849954529,1.3755523631642521,1.3810187909715967,100,100,,,"empirical paired comparison, changing support; not exact permutation p"
mahler,FA50,full,D_beh,objective,x,False,published_input_causal_train_only;raw_preprocessing_fail,100,1000,fail,null_RMSE,1000,2.5026029209117131,0.014015888278635891,2.5022630946702318,2.4734231174190318,2.5297261002625455,100,100,,,"empirical paired comparison, changing support; not exact permutation p"
mahler,FA50,full,D_beh,objective,x,False,published_input_causal_train_only;raw_preprocessing_fail,100,1000,fail,paired_RMSE,1000,1.124192322114149,0.013836398788512195,1.1236593010419771,1.0957290679444505,1.1508305693287886,100,100,0,0,"empirical paired comparison, changing support; not exact permutation p"
mahler,FA50,full,D_beh,objective,x,False,published_input_causal_train_only;raw_preprocessing_fail,100,1000,fail,matched_bias,1000,0.0621268738896808,0.0021148671301292185,0.06212433684044065,0.05803617020998509,0.066274436819238614,100,100,,,"empirical paired comparison, changing support; not exact permutation p"
mahler,FA50,full,D_beh,objective,x,False,published_input_causal_train_only;raw_preprocessing_fail,100,1000,fail,null_bias,1000,0.061996203973450334,0.004303427347146639,0.061869737051871987,0.053681777925825666,0.070180109715396746,100,100,,,"empirical paired comparison, changing support; not exact permutation p"
mahler,FA50,full,D_beh,objective,x,False,published_input_causal_train_only;raw_preprocessing_fail,100,1000,fail,matched_amplitude_ratio,1000,0.92798103312507829,0.00065023812495692472,0.92797076220946495,0.92671397791285193,0.92925152939882127,100,100,,,"empirical paired comparison, changing support; not exact permutation p"
mahler,FA50,full,D_beh,objective,x,False,published_input_causal_train_only;raw_preprocessing_fail,100,1000,fail,null_amplitude_ratio,1000,0.92801056172786334,0.0013439739672532528,0.92798661846378105,0.92546542925212971,0.93054230609180422,100,100,,,"empirical paired comparison, changing support; not exact permutation p"
mahler,FA50,full,D_beh,objective,y,False,published_input_causal_train_only;raw_preprocessing_fail,100,1000,fail,matched_r,1000,0.49112688677155064,0.0013009653225808731,0.4911153151315531,0.48856258462713759,0.49374525402801883,100,100,,,"empirical paired comparison, changing support; not exact permutation p"
mahler,FA50,full,D_beh,objective,y,False,published_input_causal_train_only;raw_preprocessing_fail,100,1000,fail,null_r,1000,-0.0010270754813972627,0.010054660905286696,-0.00079615084218627105,-0.020782310965418983,0.019195237051393466,100,100,,,"empirical paired comparison, changing support; not exact permutation p"
mahler,FA50,full,D_beh,objective,y,False,published_input_causal_train_only;raw_preprocessing_fail,100,1000,fail,paired_r,1000,0.49215396225294789,0.010100043916346561,0.49195296121861609,0.47201516519408082,0.51194013733170163,100,100,0,0,"empirical paired comparison, changing support; not exact permutation p"
mahler,FA50,full,D_beh,objective,y,False,published_input_causal_train_only;raw_preprocessing_fail,100,1000,fail,matched_RMSE,1000,4.5897187468786811,0.0065905306879391074,4.589858659366552,4.5761828297797766,4.6023631101380218,100,100,,,"empirical paired comparison, changing support; not exact permutation p"
mahler,FA50,full,D_beh,objective,y,False,published_input_causal_train_only;raw_preprocessing_fail,100,1000,fail,null_RMSE,1000,5.9899877091130689,0.026279614861218999,5.9896667385798787,5.9374409583062899,6.0429456881641856,100,100,,,"empirical paired comparison, changing support; not exact permutation p"
mahler,FA50,full,D_beh,objective,y,False,published_input_causal_train_only;raw_preprocessing_fail,100,1000,fail,paired_RMSE,1000,1.4002689622343865,0.02676394205740985,1.3996917146687125,1.3460805067020469,1.4530232618235508,100,100,0,0,"empirical paired comparison, changing support; not exact permutation p"
mahler,FA50,full,D_beh,objective,y,False,published_input_causal_train_only;raw_preprocessing_fail,100,1000,fail,matched_bias,1000,-0.068677662803935724,0.0098549110442132277,-0.068568736890387574,-0.088191039409599353,-0.050330964812609812,100,100,,,"empirical paired comparison, changing support; not exact permutation p"
mahler,FA50,full,D_beh,objective,y,False,published_input_causal_train_only;raw_preprocessing_fail,100,1000,fail,null_bias,1000,-0.069542525104997255,0.013193275493836872,-0.069411245167067454,-0.096577210444284523,-0.044105923114993652,100,100,,,"empirical paired comparison, changing support; not exact permutation p"
mahler,FA50,full,D_beh,objective,y,False,published_input_causal_train_only;raw_preprocessing_fail,100,1000,fail,matched_amplitude_ratio,1000,0.56965505337446531,0.00083835500241647993,0.56969157627358558,0.56808513277258821,0.57122515954540098,100,100,,,"empirical paired comparison, changing support; not exact permutation p"
mahler,FA50,full,D_beh,objective,y,False,published_input_causal_train_only;raw_preprocessing_fail,100,1000,fail,null_amplitude_ratio,1000,0.56964911388458728,0.00094801098799889591,0.56966328496811058,0.56780049658742471,0.57156617683389954,100,100,,,"empirical paired comparison, changing support; not exact permutation p"
mahler,FA50,full,D_beh,behavior,x,True,published_input_causal_train_only;raw_preprocessing_fail,100,1000,fail,matched_r,1000,0.91996642208663659,0.00021501469164431392,0.91996395276468002,0.91952735913442929,0.92038629178760523,100,100,,,"empirical paired comparison, changing support; not exact permutation p"
mahler,FA50,full,D_beh,behavior,x,True,published_input_causal_train_only;raw_preprocessing_fail,100,1000,fail,null_r,1000,0.72137137628606474,0.0032768179294004828,0.72142642006666269,0.71495656528866824,0.72795469356058451,100,100,,,"empirical paired comparison, changing support; not exact permutation p"
mahler,FA50,full,D_beh,behavior,x,True,published_input_causal_train_only;raw_preprocessing_fail,100,1000,fail,paired_r,1000,0.19859504580057183,0.0032231443390704066,0.19853245821344911,0.19231601452164074,0.20507315469932744,100,100,0,0,"empirical paired comparison, changing support; not exact permutation p"
mahler,FA50,full,D_beh,behavior,x,True,published_input_causal_train_only;raw_preprocessing_fail,100,1000,fail,matched_RMSE,1000,1.3784105987975646,0.0013811263354318907,1.3784356849954529,1.3755523631642521,1.3810187909715967,100,100,,,"empirical paired comparison, changing support; not exact permutation p"
mahler,FA50,full,D_beh,behavior,x,True,published_input_causal_train_only;raw_preprocessing_fail,100,1000,fail,null_RMSE,1000,2.5026029209117131,0.014015888278635891,2.5022630946702318,2.4734231174190318,2.5297261002625455,100,100,,,"empirical paired comparison, changing support; not exact permutation p"
mahler,FA50,full,D_beh,behavior,x,True,published_input_causal_train_only;raw_preprocessing_fail,100,1000,fail,paired_RMSE,1000,1.124192322114149,0.013836398788512195,1.1236593010419771,1.0957290679444505,1.1508305693287886,100,100,0,0,"empirical paired comparison, changing support; not exact permutation p"
mahler,FA50,full,D_beh,behavior,x,True,published_input_causal_train_only;raw_preprocessing_fail,100,1000,fail,matched_bias,1000,0.0621268738896808,0.0021148671301292185,0.06212433684044065,0.05803617020998509,0.066274436819238614,100,100,,,"empirical paired comparison, changing support; not exact permutation p"
mahler,FA50,full,D_beh,behavior,x,True,published_input_causal_train_only;raw_preprocessing_fail,100,1000,fail,null_bias,1000,0.061996203973450334,0.004303427347146639,0.061869737051871987,0.053681777925825666,0.070180109715396746,100,100,,,"empirical paired comparison, changing support; not exact permutation p"
mahler,FA50,full,D_beh,behavior,x,True,published_input_causal_train_only;raw_preprocessing_fail,100,1000,fail,matched_amplitude_ratio,1000,0.92798103312507829,0.00065023812495692472,0.92797076220946495,0.92671397791285193,0.92925152939882127,100,100,,,"empirical paired comparison, changing support; not exact permutation p"
mahler,FA50,full,D_beh,behavior,x,True,published_input_causal_train_only;raw_preprocessing_fail,100,1000,fail,null_amplitude_ratio,1000,0.92801056172786334,0.0013439739672532528,0.92798661846378105,0.92546542925212971,0.93054230609180422,100,100,,,"empirical paired comparison, changing support; not exact permutation p"
mahler,FA50,full,D_beh,behavior,y,True,published_input_causal_train_only;raw_preprocessing_fail,100,1000,fail,matched_r,1000,0.47919997030500677,0.0013501528209297674,0.47917577027681496,0.47658301789853608,0.48193405177327642,100,100,,,"empirical paired comparison, changing support; not exact permutation p"
mahler,FA50,full,D_beh,behavior,y,True,published_input_causal_train_only;raw_preprocessing_fail,100,1000,fail,null_r,1000,-0.0008032443047813133,0.010062290179701661,-0.0007005907706218908,-0.021228833527872561,0.01924457445295457,100,100,,,"empirical paired comparison, changing support; not exact permutation p"
mahler,FA50,full,D_beh,behavior,y,True,published_input_causal_train_only;raw_preprocessing_fail,100,1000,fail,paired_r,1000,0.48000321460978818,0.010111320442893453,0.48001255677724936,0.46013987462893319,0.49998683573953778,100,100,0,0,"empirical paired comparison, changing support; not exact permutation p"
mahler,FA50,full,D_beh,behavior,y,True,published_input_causal_train_only;raw_preprocessing_fail,100,1000,fail,matched_RMSE,1000,4.5582355553539777,0.0069172263429069479,4.558199461879946,4.5439619689226154,4.5713174216752339,100,100,,,"empirical paired comparison, changing support; not exact permutation p"
mahler,FA50,full,D_beh,behavior,y,True,published_input_causal_train_only;raw_preprocessing_fail,100,1000,fail,null_RMSE,1000,5.9139277360846441,0.02627118584587371,5.9136253463737276,5.8624574288578692,5.9667730529044611,100,100,,,"empirical paired comparison, changing support; not exact permutation p"
mahler,FA50,full,D_beh,behavior,y,True,published_input_causal_train_only;raw_preprocessing_fail,100,1000,fail,paired_RMSE,1000,1.3556921807306663,0.026810441187806022,1.355448347994765,1.3026784199039254,1.4084456029677102,100,100,0,0,"empirical paired comparison, changing support; not exact permutation p"
mahler,FA50,full,D_beh,behavior,y,True,published_input_causal_train_only;raw_preprocessing_fail,100,1000,fail,matched_bias,1000,-0.0069369765676767564,0.010155915811277052,-0.0067620575229343644,-0.027338891993237649,0.013012908322282144,100,100,,,"empirical paired comparison, changing support; not exact permutation p"
mahler,FA50,full,D_beh,behavior,y,True,published_input_causal_train_only;raw_preprocessing_fail,100,1000,fail,null_bias,1000,-0.007941500557255652,0.013423461231217968,-0.0078666210630191236,-0.035070693696169136,0.018344454566018884,100,100,,,"empirical paired comparison, changing support; not exact permutation p"
mahler,FA50,full,D_beh,behavior,y,True,published_input_causal_train_only;raw_preprocessing_fail,100,1000,fail,matched_amplitude_ratio,1000,0.57974306274888909,0.00091090789297178514,0.57975110634019589,0.5779557791297284,0.58149558712284388,100,100,,,"empirical paired comparison, changing support; not exact permutation p"
mahler,FA50,full,D_beh,behavior,y,True,published_input_causal_train_only;raw_preprocessing_fail,100,1000,fail,null_amplitude_ratio,1000,0.57974287484215947,0.00098718466336849154,0.57973169030837579,0.57781297444037871,0.581694797975289,100,100,,,"empirical paired comparison, changing support; not exact permutation p"
mahler,FA50,visible,D_obj,objective,x,True,published_input_causal_train_only;raw_preprocessing_fail,100,1000,fail,matched_r,1000,0.75743743383904261,0.00067424136803743073,0.75745444853662325,0.75618205664727933,0.75873057548725764,100,100,,,"empirical paired comparison, changing support; not exact permutation p"
mahler,FA50,visible,D_obj,objective,x,True,published_input_causal_train_only;raw_preprocessing_fail,100,1000,fail,null_r,1000,0.52680777457325623,0.0042617507292814633,0.52681688526294423,0.51901599551872413,0.53527686512999728,100,100,,,"empirical paired comparison, changing support; not exact permutation p"
mahler,FA50,visible,D_obj,objective,x,True,published_input_causal_train_only;raw_preprocessing_fail,100,1000,fail,paired_r,1000,0.23062965926578632,0.0041935554407674684,0.23073942042622902,0.22251229443496259,0.23821488296493384,100,100,0,0,"empirical paired comparison, changing support; not exact permutation p"
mahler,FA50,visible,D_obj,objective,x,True,published_input_causal_train_only;raw_preprocessing_fail,100,1000,fail,matched_RMSE,1000,1.5878591515767937,0.0014993541353861834,1.5879237502476724,1.5849577347114592,1.5907282454699825,100,100,,,"empirical paired comparison, changing support; not exact permutation p"
mahler,FA50,visible,D_obj,objective,x,True,published_input_causal_train_only;raw_preprocessing_fail,100,1000,fail,null_RMSE,1000,2.1135440869575852,0.0089391514575869017,2.1137193060569093,2.0956545536317113,2.1300703089231492,100,100,,,"empirical paired comparison, changing support; not exact permutation p"
mahler,FA50,visible,D_obj,objective,x,True,published_input_causal_train_only;raw_preprocessing_fail,100,1000,fail,paired_RMSE,1000,0.5256849353807912,0.0085871523767936265,0.52612176078691253,0.5087098082839927,0.54156146441416186,100,100,0,0,"empirical paired comparison, changing support; not exact permutation p"
mahler,FA50,visible,D_obj,objective,x,True,published_input_causal_train_only;raw_preprocessing_fail,100,1000,fail,matched_bias,1000,0.19604133415507483,0.0030138049821679443,0.19601245810508408,0.19009377436330585,0.20210955771834088,100,100,,,"empirical paired comparison, changing support; not exact permutation p"
mahler,FA50,visible,D_obj,objective,x,True,published_input_causal_train_only;raw_preprocessing_fail,100,1000,fail,null_bias,1000,0.19602573753380062,0.00440128608481926,0.19594747853763217,0.18776089677150554,0.20448889337159043,100,100,,,"empirical paired comparison, changing support; not exact permutation p"
mahler,FA50,visible,D_obj,objective,x,True,published_input_causal_train_only;raw_preprocessing_fail,100,1000,fail,matched_amplitude_ratio,1000,0.75526529998675596,0.0010285221372489041,0.75522720846681179,0.75336750484776938,0.75729300813992761,100,100,,,"empirical paired comparison, changing support; not exact permutation p"
mahler,FA50,visible,D_obj,objective,x,True,published_input_causal_train_only;raw_preprocessing_fail,100,1000,fail,null_amplitude_ratio,1000,0.75531943363782728,0.0014144052361861079,0.75531118854315638,0.75252693496130874,0.75799228646262018,100,100,,,"empirical paired comparison, changing support; not exact permutation p"
mahler,FA50,visible,D_obj,objective,y,True,published_input_causal_train_only;raw_preprocessing_fail,100,1000,fail,matched_r,1000,0.39645691614297068,0.0018714218193271732,0.39645832425668587,0.39278156860514579,0.40022727680557318,100,100,,,"empirical paired comparison, changing support; not exact permutation p"
mahler,FA50,visible,D_obj,objective,y,True,published_input_causal_train_only;raw_preprocessing_fail,100,1000,fail,null_r,1000,0.00089296336337083666,0.01032474247272795,0.00095792998473849338,-0.021099336785392536,0.021100728573302308,100,100,,,"empirical paired comparison, changing support; not exact permutation p"
mahler,FA50,visible,D_obj,objective,y,True,published_input_causal_train_only;raw_preprocessing_fail,100,1000,fail,paired_r,1000,0.39556395277959983,0.01050815255864093,0.39562317380230017,0.37465199597931437,0.41706517999900744,100,100,0,0,"empirical paired comparison, changing support; not exact permutation p"
mahler,FA50,visible,D_obj,objective,y,True,published_input_causal_train_only;raw_preprocessing_fail,100,1000,fail,matched_RMSE,1000,4.8439993528984351,0.0074109037019749425,4.8439392883620744,4.8288243079787838,4.8578964386250894,100,100,,,"empirical paired comparison, changing support; not exact permutation p"
mahler,FA50,visible,D_obj,objective,y,True,published_input_causal_train_only;raw_preprocessing_fail,100,1000,fail,null_RMSE,1000,5.8661196267837861,0.02603283763641864,5.8669656039264879,5.8172443730556429,5.9166823796351897,100,100,,,"empirical paired comparison, changing support; not exact permutation p"
mahler,FA50,visible,D_obj,objective,y,True,published_input_causal_train_only;raw_preprocessing_fail,100,1000,fail,paired_RMSE,1000,1.0221202738853519,0.027253992848386904,1.0218823261648968,0.9687680709861175,1.0758303374106013,100,100,0,0,"empirical paired comparison, changing support; not exact permutation p"
mahler,FA50,visible,D_obj,objective,y,True,published_input_causal_train_only;raw_preprocessing_fail,100,1000,fail,matched_bias,1000,-0.019426461208942002,0.012634341107187554,-0.019558685321275471,-0.043837391874944051,0.0047937163994793723,100,100,,,"empirical paired comparison, changing support; not exact permutation p"
mahler,FA50,visible,D_obj,objective,y,True,published_input_causal_train_only;raw_preprocessing_fail,100,1000,fail,null_bias,1000,-0.020058119350465097,0.017782791303751381,-0.019453607929357467,-0.056334364633543993,0.014011415659318131,100,100,,,"empirical paired comparison, changing support; not exact permutation p"
mahler,FA50,visible,D_obj,objective,y,True,published_input_causal_train_only;raw_preprocessing_fail,100,1000,fail,matched_amplitude_ratio,1000,0.53073401124958552,0.0010619803324874932,0.53072013991555678,0.52865153728303715,0.53274022065528093,100,100,,,"empirical paired comparison, changing support; not exact permutation p"
mahler,FA50,visible,D_obj,objective,y,True,published_input_causal_train_only;raw_preprocessing_fail,100,1000,fail,null_amplitude_ratio,1000,0.53074123240241622,0.0013010749804150488,0.5307340621624117,0.52819065037416235,0.53329496420715905,100,100,,,"empirical paired comparison, changing support; not exact permutation p"
mahler,FA50,visible,D_obj,behavior,x,False,published_input_causal_train_only;raw_preprocessing_fail,100,1000,fail,matched_r,1000,0.75743743383904261,0.00067424136803743073,0.75745444853662325,0.75618205664727933,0.75873057548725764,100,100,,,"empirical paired comparison, changing support; not exact permutation p"
mahler,FA50,visible,D_obj,behavior,x,False,published_input_causal_train_only;raw_preprocessing_fail,100,1000,fail,null_r,1000,0.52680777457325623,0.0042617507292814633,0.52681688526294423,0.51901599551872413,0.53527686512999728,100,100,,,"empirical paired comparison, changing support; not exact permutation p"
mahler,FA50,visible,D_obj,behavior,x,False,published_input_causal_train_only;raw_preprocessing_fail,100,1000,fail,paired_r,1000,0.23062965926578632,0.0041935554407674684,0.23073942042622902,0.22251229443496259,0.23821488296493384,100,100,0,0,"empirical paired comparison, changing support; not exact permutation p"
mahler,FA50,visible,D_obj,behavior,x,False,published_input_causal_train_only;raw_preprocessing_fail,100,1000,fail,matched_RMSE,1000,1.5878591515767937,0.0014993541353861834,1.5879237502476724,1.5849577347114592,1.5907282454699825,100,100,,,"empirical paired comparison, changing support; not exact permutation p"
mahler,FA50,visible,D_obj,behavior,x,False,published_input_causal_train_only;raw_preprocessing_fail,100,1000,fail,null_RMSE,1000,2.1135440869575852,0.0089391514575869017,2.1137193060569093,2.0956545536317113,2.1300703089231492,100,100,,,"empirical paired comparison, changing support; not exact permutation p"
mahler,FA50,visible,D_obj,behavior,x,False,published_input_causal_train_only;raw_preprocessing_fail,100,1000,fail,paired_RMSE,1000,0.5256849353807912,0.0085871523767936265,0.52612176078691253,0.5087098082839927,0.54156146441416186,100,100,0,0,"empirical paired comparison, changing support; not exact permutation p"
mahler,FA50,visible,D_obj,behavior,x,False,published_input_causal_train_only;raw_preprocessing_fail,100,1000,fail,matched_bias,1000,0.19604133415507483,0.0030138049821679443,0.19601245810508408,0.19009377436330585,0.20210955771834088,100,100,,,"empirical paired comparison, changing support; not exact permutation p"
mahler,FA50,visible,D_obj,behavior,x,False,published_input_causal_train_only;raw_preprocessing_fail,100,1000,fail,null_bias,1000,0.19602573753380062,0.00440128608481926,0.19594747853763217,0.18776089677150554,0.20448889337159043,100,100,,,"empirical paired comparison, changing support; not exact permutation p"
mahler,FA50,visible,D_obj,behavior,x,False,published_input_causal_train_only;raw_preprocessing_fail,100,1000,fail,matched_amplitude_ratio,1000,0.75526529998675596,0.0010285221372489041,0.75522720846681179,0.75336750484776938,0.75729300813992761,100,100,,,"empirical paired comparison, changing support; not exact permutation p"
mahler,FA50,visible,D_obj,behavior,x,False,published_input_causal_train_only;raw_preprocessing_fail,100,1000,fail,null_amplitude_ratio,1000,0.75531943363782728,0.0014144052361861079,0.75531118854315638,0.75252693496130874,0.75799228646262018,100,100,,,"empirical paired comparison, changing support; not exact permutation p"
mahler,FA50,visible,D_obj,behavior,y,False,published_input_causal_train_only;raw_preprocessing_fail,100,1000,fail,matched_r,1000,0.38803122610955915,0.0018701965443696585,0.38804108320110675,0.38441713379529535,0.39172937230696864,100,100,,,"empirical paired comparison, changing support; not exact permutation p"
mahler,FA50,visible,D_obj,behavior,y,False,published_input_causal_train_only;raw_preprocessing_fail,100,1000,fail,null_r,1000,0.0012388022316080489,0.010301919971135557,0.0013757807954347051,-0.020358939318685296,0.02165416212339949,100,100,,,"empirical paired comparison, changing support; not exact permutation p"
mahler,FA50,visible,D_obj,behavior,y,False,published_input_causal_train_only;raw_preprocessing_fail,100,1000,fail,paired_r,1000,0.38679242387795115,0.010479549343610554,0.38680173746060409,0.36581963337528611,0.40802258291879573,100,100,0,0,"empirical paired comparison, changing support; not exact permutation p"
mahler,FA50,visible,D_obj,behavior,y,False,published_input_causal_train_only;raw_preprocessing_fail,100,1000,fail,matched_RMSE,1000,4.8401325230520271,0.0074904912595934346,4.8400960534785691,4.8250957049909635,4.8540783667334537,100,100,,,"empirical paired comparison, changing support; not exact permutation p"
mahler,FA50,visible,D_obj,behavior,y,False,published_input_causal_train_only;raw_preprocessing_fail,100,1000,fail,null_RMSE,1000,5.8360508813221292,0.02599425163921432,5.8366505791997545,5.7867483702523712,5.8867995016279915,100,100,,,"empirical paired comparison, changing support; not exact permutation p"
mahler,FA50,visible,D_obj,behavior,y,False,published_input_causal_train_only;raw_preprocessing_fail,100,1000,fail,paired_RMSE,1000,0.99591835827010211,0.027222008386147609,0.99588282389315186,0.9428140993220635,1.0506277431092295,100,100,0,0,"empirical paired comparison, changing support; not exact permutation p"
mahler,FA50,visible,D_obj,behavior,y,False,published_input_causal_train_only;raw_preprocessing_fail,100,1000,fail,matched_bias,1000,0.017278491177974756,0.012658997506843614,0.017227670779358651,-0.0073379090699809283,0.041150119300324937,100,100,,,"empirical paired comparison, changing support; not exact permutation p"
mahler,FA50,visible,D_obj,behavior,y,False,published_input_causal_train_only;raw_preprocessing_fail,100,1000,fail,null_bias,1000,0.016601164914902464,0.017739982718108536,0.017056779350028792,-0.019813175153174503,0.050402152446240737,100,100,,,"empirical paired comparison, changing support; not exact permutation p"
mahler,FA50,visible,D_obj,behavior,y,False,published_input_causal_train_only;raw_preprocessing_fail,100,1000,fail,matched_amplitude_ratio,1000,0.53427805152023478,0.001106525803702077,0.53425139035676561,0.5320886067586853,0.53634672863649802,100,100,,,"empirical paired comparison, changing support; not exact permutation p"
mahler,FA50,visible,D_obj,behavior,y,False,published_input_causal_train_only;raw_preprocessing_fail,100,1000,fail,null_amplitude_ratio,1000,0.53428353970306108,0.0013167015996758435,0.53427518541440144,0.53166741510305782,0.53689407295044766,100,100,,,"empirical paired comparison, changing support; not exact permutation p"
mahler,FA50,visible,D_beh,objective,x,False,published_input_causal_train_only;raw_preprocessing_fail,100,1000,fail,matched_r,1000,0.75743743383904261,0.00067424136803743073,0.75745444853662325,0.75618205664727933,0.75873057548725764,100,100,,,"empirical paired comparison, changing support; not exact permutation p"
mahler,FA50,visible,D_beh,objective,x,False,published_input_causal_train_only;raw_preprocessing_fail,100,1000,fail,null_r,1000,0.52680777457325623,0.0042617507292814633,0.52681688526294423,0.51901599551872413,0.53527686512999728,100,100,,,"empirical paired comparison, changing support; not exact permutation p"
mahler,FA50,visible,D_beh,objective,x,False,published_input_causal_train_only;raw_preprocessing_fail,100,1000,fail,paired_r,1000,0.23062965926578632,0.0041935554407674684,0.23073942042622902,0.22251229443496259,0.23821488296493384,100,100,0,0,"empirical paired comparison, changing support; not exact permutation p"
mahler,FA50,visible,D_beh,objective,x,False,published_input_causal_train_only;raw_preprocessing_fail,100,1000,fail,matched_RMSE,1000,1.5878591515767937,0.0014993541353861834,1.5879237502476724,1.5849577347114592,1.5907282454699825,100,100,,,"empirical paired comparison, changing support; not exact permutation p"
mahler,FA50,visible,D_beh,objective,x,False,published_input_causal_train_only;raw_preprocessing_fail,100,1000,fail,null_RMSE,1000,2.1135440869575852,0.0089391514575869017,2.1137193060569093,2.0956545536317113,2.1300703089231492,100,100,,,"empirical paired comparison, changing support; not exact permutation p"
mahler,FA50,visible,D_beh,objective,x,False,published_input_causal_train_only;raw_preprocessing_fail,100,1000,fail,paired_RMSE,1000,0.5256849353807912,0.0085871523767936265,0.52612176078691253,0.5087098082839927,0.54156146441416186,100,100,0,0,"empirical paired comparison, changing support; not exact permutation p"
mahler,FA50,visible,D_beh,objective,x,False,published_input_causal_train_only;raw_preprocessing_fail,100,1000,fail,matched_bias,1000,0.19604133415507483,0.0030138049821679443,0.19601245810508408,0.19009377436330585,0.20210955771834088,100,100,,,"empirical paired comparison, changing support; not exact permutation p"
mahler,FA50,visible,D_beh,objective,x,False,published_input_causal_train_only;raw_preprocessing_fail,100,1000,fail,null_bias,1000,0.19602573753380062,0.00440128608481926,0.19594747853763217,0.18776089677150554,0.20448889337159043,100,100,,,"empirical paired comparison, changing support; not exact permutation p"
mahler,FA50,visible,D_beh,objective,x,False,published_input_causal_train_only;raw_preprocessing_fail,100,1000,fail,matched_amplitude_ratio,1000,0.75526529998675596,0.0010285221372489041,0.75522720846681179,0.75336750484776938,0.75729300813992761,100,100,,,"empirical paired comparison, changing support; not exact permutation p"
mahler,FA50,visible,D_beh,objective,x,False,published_input_causal_train_only;raw_preprocessing_fail,100,1000,fail,null_amplitude_ratio,1000,0.75531943363782728,0.0014144052361861079,0.75531118854315638,0.75252693496130874,0.75799228646262018,100,100,,,"empirical paired comparison, changing support; not exact permutation p"
mahler,FA50,visible,D_beh,objective,y,False,published_input_causal_train_only;raw_preprocessing_fail,100,1000,fail,matched_r,1000,0.38653057016102677,0.001912836958722451,0.38653743411989616,0.38283359667172939,0.39038965393830138,100,100,,,"empirical paired comparison, changing support; not exact permutation p"
mahler,FA50,visible,D_beh,objective,y,False,published_input_causal_train_only;raw_preprocessing_fail,100,1000,fail,null_r,1000,0.0008864921624938979,0.01029404110270505,0.0010667451864521983,-0.020925005402232182,0.021065637900607719,100,100,,,"empirical paired comparison, changing support; not exact permutation p"
mahler,FA50,visible,D_beh,objective,y,False,published_input_causal_train_only;raw_preprocessing_fail,100,1000,fail,paired_r,1000,0.3856440779985329,0.01049086331874639,0.38548148961171402,0.36468622087366387,0.40715585912368907,100,100,0,0,"empirical paired comparison, changing support; not exact permutation p"
mahler,FA50,visible,D_beh,objective,y,False,published_input_causal_train_only;raw_preprocessing_fail,100,1000,fail,matched_RMSE,1000,4.8701697895647831,0.0075210843884665566,4.8700677676866686,4.8548970810560492,4.8841771452597955,100,100,,,"empirical paired comparison, changing support; not exact permutation p"
mahler,FA50,visible,D_beh,objective,y,False,published_input_causal_train_only;raw_preprocessing_fail,100,1000,fail,null_RMSE,1000,5.8554567347631599,0.025789898541785251,5.8567440523925285,5.8058635009374147,5.9065203356494802,100,100,,,"empirical paired comparison, changing support; not exact permutation p"
mahler,FA50,visible,D_beh,objective,y,False,published_input_causal_train_only;raw_preprocessing_fail,100,1000,fail,paired_RMSE,1000,0.98528694519837823,0.027073537052906251,0.9852299948858747,0.93048278387454175,1.0391310021675797,100,100,0,0,"empirical paired comparison, changing support; not exact permutation p"
mahler,FA50,visible,D_beh,objective,y,False,published_input_causal_train_only;raw_preprocessing_fail,100,1000,fail,matched_bias,1000,-0.06845339665974591,0.012822215153401732,-0.068620428918208062,-0.093120056866840634,-0.043987956754134902,100,100,,,"empirical paired comparison, changing support; not exact permutation p"
mahler,FA50,visible,D_beh,objective,y,False,published_input_causal_train_only;raw_preprocessing_fail,100,1000,fail,null_bias,1000,-0.069085054801269002,0.017736116280228448,-0.068443227037405296,-0.1050117330808607,-0.035287196654966581,100,100,,,"empirical paired comparison, changing support; not exact permutation p"
mahler,FA50,visible,D_beh,objective,y,False,published_input_causal_train_only;raw_preprocessing_fail,100,1000,fail,matched_amplitude_ratio,1000,0.52547501931592866,0.0010388986273253875,0.52548056852033764,0.52346409423767448,0.52742194252993013,100,100,,,"empirical paired comparison, changing support; not exact permutation p"
mahler,FA50,visible,D_beh,objective,y,False,published_input_causal_train_only;raw_preprocessing_fail,100,1000,fail,null_amplitude_ratio,1000,0.52548098382368991,0.0012756768721227801,0.52548702168054284,0.52296798645770115,0.52799299701421776,100,100,,,"empirical paired comparison, changing support; not exact permutation p"
mahler,FA50,visible,D_beh,behavior,x,True,published_input_causal_train_only;raw_preprocessing_fail,100,1000,fail,matched_r,1000,0.75743743383904261,0.00067424136803743073,0.75745444853662325,0.75618205664727933,0.75873057548725764,100,100,,,"empirical paired comparison, changing support; not exact permutation p"
mahler,FA50,visible,D_beh,behavior,x,True,published_input_causal_train_only;raw_preprocessing_fail,100,1000,fail,null_r,1000,0.52680777457325623,0.0042617507292814633,0.52681688526294423,0.51901599551872413,0.53527686512999728,100,100,,,"empirical paired comparison, changing support; not exact permutation p"
mahler,FA50,visible,D_beh,behavior,x,True,published_input_causal_train_only;raw_preprocessing_fail,100,1000,fail,paired_r,1000,0.23062965926578632,0.0041935554407674684,0.23073942042622902,0.22251229443496259,0.23821488296493384,100,100,0,0,"empirical paired comparison, changing support; not exact permutation p"
mahler,FA50,visible,D_beh,behavior,x,True,published_input_causal_train_only;raw_preprocessing_fail,100,1000,fail,matched_RMSE,1000,1.5878591515767937,0.0014993541353861834,1.5879237502476724,1.5849577347114592,1.5907282454699825,100,100,,,"empirical paired comparison, changing support; not exact permutation p"
mahler,FA50,visible,D_beh,behavior,x,True,published_input_causal_train_only;raw_preprocessing_fail,100,1000,fail,null_RMSE,1000,2.1135440869575852,0.0089391514575869017,2.1137193060569093,2.0956545536317113,2.1300703089231492,100,100,,,"empirical paired comparison, changing support; not exact permutation p"
mahler,FA50,visible,D_beh,behavior,x,True,published_input_causal_train_only;raw_preprocessing_fail,100,1000,fail,paired_RMSE,1000,0.5256849353807912,0.0085871523767936265,0.52612176078691253,0.5087098082839927,0.54156146441416186,100,100,0,0,"empirical paired comparison, changing support; not exact permutation p"
mahler,FA50,visible,D_beh,behavior,x,True,published_input_causal_train_only;raw_preprocessing_fail,100,1000,fail,matched_bias,1000,0.19604133415507483,0.0030138049821679443,0.19601245810508408,0.19009377436330585,0.20210955771834088,100,100,,,"empirical paired comparison, changing support; not exact permutation p"
mahler,FA50,visible,D_beh,behavior,x,True,published_input_causal_train_only;raw_preprocessing_fail,100,1000,fail,null_bias,1000,0.19602573753380062,0.00440128608481926,0.19594747853763217,0.18776089677150554,0.20448889337159043,100,100,,,"empirical paired comparison, changing support; not exact permutation p"
mahler,FA50,visible,D_beh,behavior,x,True,published_input_causal_train_only;raw_preprocessing_fail,100,1000,fail,matched_amplitude_ratio,1000,0.75526529998675596,0.0010285221372489041,0.75522720846681179,0.75336750484776938,0.75729300813992761,100,100,,,"empirical paired comparison, changing support; not exact permutation p"
mahler,FA50,visible,D_beh,behavior,x,True,published_input_causal_train_only;raw_preprocessing_fail,100,1000,fail,null_amplitude_ratio,1000,0.75531943363782728,0.0014144052361861079,0.75531118854315638,0.75252693496130874,0.75799228646262018,100,100,,,"empirical paired comparison, changing support; not exact permutation p"
mahler,FA50,visible,D_beh,behavior,y,True,published_input_causal_train_only;raw_preprocessing_fail,100,1000,fail,matched_r,1000,0.37846610997083274,0.0019100211227129234,0.37846648885093537,0.37479605069877203,0.38225293475870992,100,100,,,"empirical paired comparison, changing support; not exact permutation p"
mahler,FA50,visible,D_beh,behavior,y,True,published_input_causal_train_only;raw_preprocessing_fail,100,1000,fail,null_r,1000,0.0012437419909848409,0.010273012192824622,0.0015745318825388763,-0.020330383057958708,0.021167585264217966,100,100,,,"empirical paired comparison, changing support; not exact permutation p"
mahler,FA50,visible,D_beh,behavior,y,True,published_input_causal_train_only;raw_preprocessing_fail,100,1000,fail,paired_r,1000,0.37722236797984793,0.010465612437823329,0.37708982512867673,0.35653847102320485,0.39874416173071198,100,100,0,0,"empirical paired comparison, changing support; not exact permutation p"
mahler,FA50,visible,D_beh,behavior,y,True,published_input_causal_train_only;raw_preprocessing_fail,100,1000,fail,matched_RMSE,1000,4.8646348877224295,0.0075974388093762784,4.8645417393318748,4.8493777011450021,4.8788558017396157,100,100,,,"empirical paired comparison, changing support; not exact permutation p"
mahler,FA50,visible,D_beh,behavior,y,True,published_input_causal_train_only;raw_preprocessing_fail,100,1000,fail,null_RMSE,1000,5.8251067048605343,0.025754318279181801,5.8263185691681993,5.7752289683092561,5.8757075572562956,100,100,,,"empirical paired comparison, changing support; not exact permutation p"
mahler,FA50,visible,D_beh,behavior,y,True,published_input_causal_train_only;raw_preprocessing_fail,100,1000,fail,paired_RMSE,1000,0.96047181713810614,0.027048340532885361,0.96044990792142726,0.90636837166028539,1.0139964249591349,100,100,0,0,"empirical paired comparison, changing support; not exact permutation p"
mahler,FA50,visible,D_beh,behavior,y,True,published_input_causal_train_only;raw_preprocessing_fail,100,1000,fail,matched_bias,1000,-0.031748444272829149,0.012836541640699455,-0.031644950173618534,-0.056700053238361255,-0.0072719119685480567,100,100,,,"empirical paired comparison, changing support; not exact permutation p"
mahler,FA50,visible,D_beh,behavior,y,True,published_input_causal_train_only;raw_preprocessing_fail,100,1000,fail,null_bias,1000,-0.032425770535901434,0.017691238883925646,-0.03178366835157545,-0.068296771087719421,0.0013306862066525859,100,100,,,"empirical paired comparison, changing support; not exact permutation p"
mahler,FA50,visible,D_beh,behavior,y,True,published_input_causal_train_only;raw_preprocessing_fail,100,1000,fail,matched_amplitude_ratio,1000,0.52899467245743148,0.001081866786076402,0.52899150515300197,0.5268993408864906,0.5310689701719421,100,100,,,"empirical paired comparison, changing support; not exact permutation p"
mahler,FA50,visible,D_beh,behavior,y,True,published_input_causal_train_only;raw_preprocessing_fail,100,1000,fail,null_amplitude_ratio,1000,0.52899921618827073,0.0012914794701718525,0.52898860684435189,0.52642094719322952,0.53158158871371486,100,100,,,"empirical paired comparison, changing support; not exact permutation p"
mahler,FA50,hidden,D_obj,objective,x,True,published_input_causal_train_only;raw_preprocessing_fail,100,1000,fail,matched_r,1000,0.7871885559763272,0.0034242528123596466,0.78693612686611836,0.78062631346898004,0.79402405495537576,100,100,,,"empirical paired comparison, changing support; not exact permutation p"
mahler,FA50,hidden,D_obj,objective,x,True,published_input_causal_train_only;raw_preprocessing_fail,100,1000,fail,null_r,1000,0.088666423506282496,0.011627373347883972,0.088565615719447155,0.066403160581706935,0.11201168883043203,100,100,,,"empirical paired comparison, changing support; not exact permutation p"
mahler,FA50,hidden,D_obj,objective,x,True,published_input_causal_train_only;raw_preprocessing_fail,100,1000,fail,paired_r,1000,0.69852213247004458,0.013242028325039163,0.69849853079376267,0.6709679792270502,0.72495500393006285,100,100,0,0,"empirical paired comparison, changing support; not exact permutation p"
mahler,FA50,hidden,D_obj,objective,x,True,published_input_causal_train_only;raw_preprocessing_fail,100,1000,fail,matched_RMSE,1000,1.0177476334749644,0.0076302892127273723,1.0179058813222368,1.0020850836832216,1.0317337547228458,100,100,,,"empirical paired comparison, changing support; not exact permutation p"
mahler,FA50,hidden,D_obj,objective,x,True,published_input_causal_train_only;raw_preprocessing_fail,100,1000,fail,null_RMSE,1000,2.017550991654006,0.016735427683264029,2.0172652947549401,1.9846274994784787,2.0527749442215808,100,100,,,"empirical paired comparison, changing support; not exact permutation p"
mahler,FA50,hidden,D_obj,objective,x,True,published_input_causal_train_only;raw_preprocessing_fail,100,1000,fail,paired_RMSE,1000,0.99980335817904142,0.01807943501641596,0.99971341670312885,0.96368536026132978,1.0354107118024312,100,100,0,0,"empirical paired comparison, changing support; not exact permutation p"
mahler,FA50,hidden,D_obj,objective,x,True,published_input_causal_train_only;raw_preprocessing_fail,100,1000,fail,matched_bias,1000,-0.060511130138951208,0.0094121475518183558,-0.061086603543185417,-0.079106249054628139,-0.042446454806552153,100,100,,,"empirical paired comparison, changing support; not exact permutation p"
mahler,FA50,hidden,D_obj,objective,x,True,published_input_causal_train_only;raw_preprocessing_fail,100,1000,fail,null_bias,1000,-0.061383738879664335,0.023175893245138406,-0.060485160658653073,-0.10513370590283773,-0.017061471997597749,100,100,,,"empirical paired comparison, changing support; not exact permutation p"
mahler,FA50,hidden,D_obj,objective,x,True,published_input_causal_train_only;raw_preprocessing_fail,100,1000,fail,matched_amplitude_ratio,1000,1.2298880292884222,0.0049833912899433334,1.2298913940096186,1.2202228198900211,1.2394896112381535,100,100,,,"empirical paired comparison, changing support; not exact permutation p"
mahler,FA50,hidden,D_obj,objective,x,True,published_input_causal_train_only;raw_preprocessing_fail,100,1000,fail,null_amplitude_ratio,1000,1.2303443546842923,0.0059518293568331434,1.2301171138098832,1.2183025668297653,1.2423999316416565,100,100,,,"empirical paired comparison, changing support; not exact permutation p"
mahler,FA50,hidden,D_obj,objective,y,True,published_input_causal_train_only;raw_preprocessing_fail,100,1000,fail,matched_r,1000,0.60476092701621853,0.0053958462033776517,0.60480198637473226,0.59391038717792266,0.61517458743485365,100,100,,,"empirical paired comparison, changing support; not exact permutation p"
mahler,FA50,hidden,D_obj,objective,y,True,published_input_causal_train_only;raw_preprocessing_fail,100,1000,fail,null_r,1000,0.0073171709410678959,0.015121345404238219,0.0072800166532981658,-0.021694491646290583,0.037470616024134693,100,100,,,"empirical paired comparison, changing support; not exact permutation p"
mahler,FA50,hidden,D_obj,objective,y,True,published_input_causal_train_only;raw_preprocessing_fail,100,1000,fail,paired_r,1000,0.59744375607515054,0.015921303020313818,0.59792070627658467,0.56710636485839416,0.62769519496693404,100,100,0,0,"empirical paired comparison, changing support; not exact permutation p"
mahler,FA50,hidden,D_obj,objective,y,True,published_input_causal_train_only;raw_preprocessing_fail,100,1000,fail,matched_RMSE,1000,4.2777078371660959,0.03108339054514225,4.2780829901498656,4.2181184810330778,4.3359448251032129,100,100,,,"empirical paired comparison, changing support; not exact permutation p"
mahler,FA50,hidden,D_obj,objective,y,True,published_input_causal_train_only;raw_preprocessing_fail,100,1000,fail,null_RMSE,1000,6.2482851229767435,0.049302731077422404,6.2484515232588773,6.1522716554529193,6.3437762767979589,100,100,,,"empirical paired comparison, changing support; not exact permutation p"
mahler,FA50,hidden,D_obj,objective,y,True,published_input_causal_train_only;raw_preprocessing_fail,100,1000,fail,paired_RMSE,1000,1.9705772858106489,0.05805770597913034,1.9708573091268553,1.8566822438282138,2.0802398104466984,100,100,0,0,"empirical paired comparison, changing support; not exact permutation p"
mahler,FA50,hidden,D_obj,objective,y,True,published_input_causal_train_only;raw_preprocessing_fail,100,1000,fail,matched_bias,1000,-0.071333147750111695,0.043947029922993021,-0.070647501985075314,-0.1589163189043109,0.016590652540712601,100,100,,,"empirical paired comparison, changing support; not exact permutation p"
mahler,FA50,hidden,D_obj,objective,y,True,published_input_causal_train_only;raw_preprocessing_fail,100,1000,fail,null_bias,1000,-0.07390864848596973,0.06087414993201512,-0.071883338838946181,-0.20414329103348405,0.041759456362224778,100,100,,,"empirical paired comparison, changing support; not exact permutation p"
mahler,FA50,hidden,D_obj,objective,y,True,published_input_causal_train_only;raw_preprocessing_fail,100,1000,fail,matched_amplitude_ratio,1000,0.63613932633598047,0.0041665448747158704,0.63602946967501994,0.62809150953423731,0.64444979938665381,100,100,,,"empirical paired comparison, changing support; not exact permutation p"
mahler,FA50,hidden,D_obj,objective,y,True,published_input_causal_train_only;raw_preprocessing_fail,100,1000,fail,null_amplitude_ratio,1000,0.63638003990402947,0.0047006813760248102,0.63628794377913356,0.62740700651546732,0.64602753037500493,100,100,,,"empirical paired comparison, changing support; not exact permutation p"
mahler,FA50,hidden,D_obj,behavior,x,False,published_input_causal_train_only;raw_preprocessing_fail,100,1000,fail,matched_r,1000,0.7871885559763272,0.0034242528123596466,0.78693612686611836,0.78062631346898004,0.79402405495537576,100,100,,,"empirical paired comparison, changing support; not exact permutation p"
mahler,FA50,hidden,D_obj,behavior,x,False,published_input_causal_train_only;raw_preprocessing_fail,100,1000,fail,null_r,1000,0.088666423506282496,0.011627373347883972,0.088565615719447155,0.066403160581706935,0.11201168883043203,100,100,,,"empirical paired comparison, changing support; not exact permutation p"
mahler,FA50,hidden,D_obj,behavior,x,False,published_input_causal_train_only;raw_preprocessing_fail,100,1000,fail,paired_r,1000,0.69852213247004458,0.013242028325039163,0.69849853079376267,0.6709679792270502,0.72495500393006285,100,100,0,0,"empirical paired comparison, changing support; not exact permutation p"
mahler,FA50,hidden,D_obj,behavior,x,False,published_input_causal_train_only;raw_preprocessing_fail,100,1000,fail,matched_RMSE,1000,1.0177476334749644,0.0076302892127273723,1.0179058813222368,1.0020850836832216,1.0317337547228458,100,100,,,"empirical paired comparison, changing support; not exact permutation p"
mahler,FA50,hidden,D_obj,behavior,x,False,published_input_causal_train_only;raw_preprocessing_fail,100,1000,fail,null_RMSE,1000,2.017550991654006,0.016735427683264029,2.0172652947549401,1.9846274994784787,2.0527749442215808,100,100,,,"empirical paired comparison, changing support; not exact permutation p"
mahler,FA50,hidden,D_obj,behavior,x,False,published_input_causal_train_only;raw_preprocessing_fail,100,1000,fail,paired_RMSE,1000,0.99980335817904142,0.01807943501641596,0.99971341670312885,0.96368536026132978,1.0354107118024312,100,100,0,0,"empirical paired comparison, changing support; not exact permutation p"
mahler,FA50,hidden,D_obj,behavior,x,False,published_input_causal_train_only;raw_preprocessing_fail,100,1000,fail,matched_bias,1000,-0.060511130138951208,0.0094121475518183558,-0.061086603543185417,-0.079106249054628139,-0.042446454806552153,100,100,,,"empirical paired comparison, changing support; not exact permutation p"
mahler,FA50,hidden,D_obj,behavior,x,False,published_input_causal_train_only;raw_preprocessing_fail,100,1000,fail,null_bias,1000,-0.061383738879664335,0.023175893245138406,-0.060485160658653073,-0.10513370590283773,-0.017061471997597749,100,100,,,"empirical paired comparison, changing support; not exact permutation p"
mahler,FA50,hidden,D_obj,behavior,x,False,published_input_causal_train_only;raw_preprocessing_fail,100,1000,fail,matched_amplitude_ratio,1000,1.2298880292884222,0.0049833912899433334,1.2298913940096186,1.2202228198900211,1.2394896112381535,100,100,,,"empirical paired comparison, changing support; not exact permutation p"
mahler,FA50,hidden,D_obj,behavior,x,False,published_input_causal_train_only;raw_preprocessing_fail,100,1000,fail,null_amplitude_ratio,1000,1.2303443546842923,0.0059518293568331434,1.2301171138098832,1.2183025668297653,1.2423999316416565,100,100,,,"empirical paired comparison, changing support; not exact permutation p"
mahler,FA50,hidden,D_obj,behavior,y,False,published_input_causal_train_only;raw_preprocessing_fail,100,1000,fail,matched_r,1000,0.59135897911887991,0.0056176467796322906,0.59127697625361408,0.57989404956070434,0.6018529057365104,100,100,,,"empirical paired comparison, changing support; not exact permutation p"
mahler,FA50,hidden,D_obj,behavior,y,False,published_input_causal_train_only;raw_preprocessing_fail,100,1000,fail,null_r,1000,0.0090042778638304028,0.015327437848901383,0.0085509593647190921,-0.019093191243608375,0.039929960222332424,100,100,,,"empirical paired comparison, changing support; not exact permutation p"
mahler,FA50,hidden,D_obj,behavior,y,False,published_input_causal_train_only;raw_preprocessing_fail,100,1000,fail,paired_r,1000,0.58235470125504962,0.016168296369740386,0.583138789363145,0.55145725164076242,0.61282627682711566,100,100,0,0,"empirical paired comparison, changing support; not exact permutation p"
mahler,FA50,hidden,D_obj,behavior,y,False,published_input_causal_train_only;raw_preprocessing_fail,100,1000,fail,matched_RMSE,1000,4.2122169134057019,0.03137104210403225,4.2124154796028215,4.1530150168556297,4.2739024024042225,100,100,,,"empirical paired comparison, changing support; not exact permutation p"
mahler,FA50,hidden,D_obj,behavior,y,False,published_input_causal_train_only;raw_preprocessing_fail,100,1000,fail,null_RMSE,1000,6.1097782413947028,0.04935083271731696,6.1099199052670707,6.0114713233374539,6.2059779651792679,100,100,,,"empirical paired comparison, changing support; not exact permutation p"
mahler,FA50,hidden,D_obj,behavior,y,False,published_input_causal_train_only;raw_preprocessing_fail,100,1000,fail,paired_RMSE,1000,1.8975613279890013,0.057987341209783785,1.8964234584619328,1.7879477227469014,2.0117199737491407,100,100,0,0,"empirical paired comparison, changing support; not exact permutation p"
mahler,FA50,hidden,D_obj,behavior,y,False,published_input_causal_train_only;raw_preprocessing_fail,100,1000,fail,matched_bias,1000,0.049110436203166026,0.044478017644832335,0.048083177182748002,-0.041128895106203538,0.1418241363015702,100,100,,,"empirical paired comparison, changing support; not exact permutation p"
mahler,FA50,hidden,D_obj,behavior,y,False,published_input_causal_train_only;raw_preprocessing_fail,100,1000,fail,null_bias,1000,0.045860165628573965,0.060535971218178504,0.046840065117978377,-0.080725910859781855,0.15904961937367318,100,100,,,"empirical paired comparison, changing support; not exact permutation p"
mahler,FA50,hidden,D_obj,behavior,y,False,published_input_causal_train_only;raw_preprocessing_fail,100,1000,fail,matched_amplitude_ratio,1000,0.65702981619434919,0.004567940371964509,0.65705893053755571,0.64811531288039603,0.66622034533150687,100,100,,,"empirical paired comparison, changing support; not exact permutation p"
mahler,FA50,hidden,D_obj,behavior,y,False,published_input_causal_train_only;raw_preprocessing_fail,100,1000,fail,null_amplitude_ratio,1000,0.6573360323793519,0.0050898717739668708,0.65737558385835415,0.64762698865085622,0.66784734102249421,100,100,,,"empirical paired comparison, changing support; not exact permutation p"
mahler,FA50,hidden,D_beh,objective,x,False,published_input_causal_train_only;raw_preprocessing_fail,100,1000,fail,matched_r,1000,0.7871885559763272,0.0034242528123596466,0.78693612686611836,0.78062631346898004,0.79402405495537576,100,100,,,"empirical paired comparison, changing support; not exact permutation p"
mahler,FA50,hidden,D_beh,objective,x,False,published_input_causal_train_only;raw_preprocessing_fail,100,1000,fail,null_r,1000,0.088666423506282496,0.011627373347883972,0.088565615719447155,0.066403160581706935,0.11201168883043203,100,100,,,"empirical paired comparison, changing support; not exact permutation p"
mahler,FA50,hidden,D_beh,objective,x,False,published_input_causal_train_only;raw_preprocessing_fail,100,1000,fail,paired_r,1000,0.69852213247004458,0.013242028325039163,0.69849853079376267,0.6709679792270502,0.72495500393006285,100,100,0,0,"empirical paired comparison, changing support; not exact permutation p"
mahler,FA50,hidden,D_beh,objective,x,False,published_input_causal_train_only;raw_preprocessing_fail,100,1000,fail,matched_RMSE,1000,1.0177476334749644,0.0076302892127273723,1.0179058813222368,1.0020850836832216,1.0317337547228458,100,100,,,"empirical paired comparison, changing support; not exact permutation p"
mahler,FA50,hidden,D_beh,objective,x,False,published_input_causal_train_only;raw_preprocessing_fail,100,1000,fail,null_RMSE,1000,2.017550991654006,0.016735427683264029,2.0172652947549401,1.9846274994784787,2.0527749442215808,100,100,,,"empirical paired comparison, changing support; not exact permutation p"
mahler,FA50,hidden,D_beh,objective,x,False,published_input_causal_train_only;raw_preprocessing_fail,100,1000,fail,paired_RMSE,1000,0.99980335817904142,0.01807943501641596,0.99971341670312885,0.96368536026132978,1.0354107118024312,100,100,0,0,"empirical paired comparison, changing support; not exact permutation p"
mahler,FA50,hidden,D_beh,objective,x,False,published_input_causal_train_only;raw_preprocessing_fail,100,1000,fail,matched_bias,1000,-0.060511130138951208,0.0094121475518183558,-0.061086603543185417,-0.079106249054628139,-0.042446454806552153,100,100,,,"empirical paired comparison, changing support; not exact permutation p"
mahler,FA50,hidden,D_beh,objective,x,False,published_input_causal_train_only;raw_preprocessing_fail,100,1000,fail,null_bias,1000,-0.061383738879664335,0.023175893245138406,-0.060485160658653073,-0.10513370590283773,-0.017061471997597749,100,100,,,"empirical paired comparison, changing support; not exact permutation p"
mahler,FA50,hidden,D_beh,objective,x,False,published_input_causal_train_only;raw_preprocessing_fail,100,1000,fail,matched_amplitude_ratio,1000,1.2298880292884222,0.0049833912899433334,1.2298913940096186,1.2202228198900211,1.2394896112381535,100,100,,,"empirical paired comparison, changing support; not exact permutation p"
mahler,FA50,hidden,D_beh,objective,x,False,published_input_causal_train_only;raw_preprocessing_fail,100,1000,fail,null_amplitude_ratio,1000,1.2303443546842923,0.0059518293568331434,1.2301171138098832,1.2183025668297653,1.2423999316416565,100,100,,,"empirical paired comparison, changing support; not exact permutation p"
mahler,FA50,hidden,D_beh,objective,y,False,published_input_causal_train_only;raw_preprocessing_fail,100,1000,fail,matched_r,1000,0.59527887129196511,0.0055769520227885172,0.59521341961988905,0.58444415956684903,0.60633484996761833,100,100,,,"empirical paired comparison, changing support; not exact permutation p"
mahler,FA50,hidden,D_beh,objective,y,False,published_input_causal_train_only;raw_preprocessing_fail,100,1000,fail,null_r,1000,0.0071581411200782961,0.015054673951924455,0.0070238813270642733,-0.021124334298172381,0.036634655572210191,100,100,,,"empirical paired comparison, changing support; not exact permutation p"
mahler,FA50,hidden,D_beh,objective,y,False,published_input_causal_train_only;raw_preprocessing_fail,100,1000,fail,paired_r,1000,0.5881207301718866,0.015923353831450136,0.58830200039836289,0.55767783327885434,0.61822063727927867,100,100,0,0,"empirical paired comparison, changing support; not exact permutation p"
mahler,FA50,hidden,D_beh,objective,y,False,published_input_causal_train_only;raw_preprocessing_fail,100,1000,fail,matched_RMSE,1000,4.3132668799345977,0.031489722422176167,4.3136443029925928,4.2524510839314393,4.3742629219387013,100,100,,,"empirical paired comparison, changing support; not exact permutation p"
mahler,FA50,hidden,D_beh,objective,y,False,published_input_causal_train_only;raw_preprocessing_fail,100,1000,fail,null_RMSE,1000,6.2147800876421657,0.04863718169815736,6.2151605135594252,6.1161341021787585,6.3076782861478797,100,100,,,"empirical paired comparison, changing support; not exact permutation p"
mahler,FA50,hidden,D_beh,objective,y,False,published_input_causal_train_only;raw_preprocessing_fail,100,1000,fail,paired_RMSE,1000,1.9015132077075696,0.057676916936392375,1.9011029581753343,1.7904011619581461,2.0117232609759554,100,100,0,0,"empirical paired comparison, changing support; not exact permutation p"
mahler,FA50,hidden,D_beh,objective,y,False,published_input_causal_train_only;raw_preprocessing_fail,100,1000,fail,matched_bias,1000,-0.17415070541823344,0.04429593067413258,-0.17356063873603589,-0.26036138765160632,-0.086610712699873832,100,100,,,"empirical paired comparison, changing support; not exact permutation p"
mahler,FA50,hidden,D_beh,objective,y,False,published_input_causal_train_only;raw_preprocessing_fail,100,1000,fail,null_bias,1000,-0.17672620615409146,0.060480377966701165,-0.17516592208570936,-0.30503941904520221,-0.061425382682984843,100,100,,,"empirical paired comparison, changing support; not exact permutation p"
mahler,FA50,hidden,D_beh,objective,y,False,published_input_causal_train_only;raw_preprocessing_fail,100,1000,fail,matched_amplitude_ratio,1000,0.62281244952297721,0.0040452368413282976,0.62271612590278647,0.61489226660675422,0.63079873463369351,100,100,,,"empirical paired comparison, changing support; not exact permutation p"
mahler,FA50,hidden,D_beh,objective,y,False,published_input_causal_train_only;raw_preprocessing_fail,100,1000,fail,null_amplitude_ratio,1000,0.62304275024295497,0.0045853982465175677,0.62297261648752911,0.61412445179136799,0.63221321119711871,100,100,,,"empirical paired comparison, changing support; not exact permutation p"
mahler,FA50,hidden,D_beh,behavior,x,True,published_input_causal_train_only;raw_preprocessing_fail,100,1000,fail,matched_r,1000,0.7871885559763272,0.0034242528123596466,0.78693612686611836,0.78062631346898004,0.79402405495537576,100,100,,,"empirical paired comparison, changing support; not exact permutation p"
mahler,FA50,hidden,D_beh,behavior,x,True,published_input_causal_train_only;raw_preprocessing_fail,100,1000,fail,null_r,1000,0.088666423506282496,0.011627373347883972,0.088565615719447155,0.066403160581706935,0.11201168883043203,100,100,,,"empirical paired comparison, changing support; not exact permutation p"
mahler,FA50,hidden,D_beh,behavior,x,True,published_input_causal_train_only;raw_preprocessing_fail,100,1000,fail,paired_r,1000,0.69852213247004458,0.013242028325039163,0.69849853079376267,0.6709679792270502,0.72495500393006285,100,100,0,0,"empirical paired comparison, changing support; not exact permutation p"
mahler,FA50,hidden,D_beh,behavior,x,True,published_input_causal_train_only;raw_preprocessing_fail,100,1000,fail,matched_RMSE,1000,1.0177476334749644,0.0076302892127273723,1.0179058813222368,1.0020850836832216,1.0317337547228458,100,100,,,"empirical paired comparison, changing support; not exact permutation p"
mahler,FA50,hidden,D_beh,behavior,x,True,published_input_causal_train_only;raw_preprocessing_fail,100,1000,fail,null_RMSE,1000,2.017550991654006,0.016735427683264029,2.0172652947549401,1.9846274994784787,2.0527749442215808,100,100,,,"empirical paired comparison, changing support; not exact permutation p"
mahler,FA50,hidden,D_beh,behavior,x,True,published_input_causal_train_only;raw_preprocessing_fail,100,1000,fail,paired_RMSE,1000,0.99980335817904142,0.01807943501641596,0.99971341670312885,0.96368536026132978,1.0354107118024312,100,100,0,0,"empirical paired comparison, changing support; not exact permutation p"
mahler,FA50,hidden,D_beh,behavior,x,True,published_input_causal_train_only;raw_preprocessing_fail,100,1000,fail,matched_bias,1000,-0.060511130138951208,0.0094121475518183558,-0.061086603543185417,-0.079106249054628139,-0.042446454806552153,100,100,,,"empirical paired comparison, changing support; not exact permutation p"
mahler,FA50,hidden,D_beh,behavior,x,True,published_input_causal_train_only;raw_preprocessing_fail,100,1000,fail,null_bias,1000,-0.061383738879664335,0.023175893245138406,-0.060485160658653073,-0.10513370590283773,-0.017061471997597749,100,100,,,"empirical paired comparison, changing support; not exact permutation p"
mahler,FA50,hidden,D_beh,behavior,x,True,published_input_causal_train_only;raw_preprocessing_fail,100,1000,fail,matched_amplitude_ratio,1000,1.2298880292884222,0.0049833912899433334,1.2298913940096186,1.2202228198900211,1.2394896112381535,100,100,,,"empirical paired comparison, changing support; not exact permutation p"
mahler,FA50,hidden,D_beh,behavior,x,True,published_input_causal_train_only;raw_preprocessing_fail,100,1000,fail,null_amplitude_ratio,1000,1.2303443546842923,0.0059518293568331434,1.2301171138098832,1.2183025668297653,1.2423999316416565,100,100,,,"empirical paired comparison, changing support; not exact permutation p"
mahler,FA50,hidden,D_beh,behavior,y,True,published_input_causal_train_only;raw_preprocessing_fail,100,1000,fail,matched_r,1000,0.58173583700643872,0.0058250369723557467,0.58172604194970945,0.57016024387399078,0.59303507406420553,100,100,,,"empirical paired comparison, changing support; not exact permutation p"
mahler,FA50,hidden,D_beh,behavior,y,True,published_input_causal_train_only;raw_preprocessing_fail,100,1000,fail,null_r,1000,0.008673228598417293,0.015275040340332226,0.0083629857704864939,-0.019966644718185222,0.03907235910614125,100,100,,,"empirical paired comparison, changing support; not exact permutation p"
mahler,FA50,hidden,D_beh,behavior,y,True,published_input_causal_train_only;raw_preprocessing_fail,100,1000,fail,paired_r,1000,0.57306260840802148,0.016190551037188649,0.57346284839416906,0.54146013455484709,0.60314397166926093,100,100,0,0,"empirical paired comparison, changing support; not exact permutation p"
mahler,FA50,hidden,D_beh,behavior,y,True,published_input_causal_train_only;raw_preprocessing_fail,100,1000,fail,matched_RMSE,1000,4.2446020862069469,0.032152563804832467,4.2442399541250602,4.1840201825970356,4.3065777136899897,100,100,,,"empirical paired comparison, changing support; not exact permutation p"
mahler,FA50,hidden,D_beh,behavior,y,True,published_input_causal_train_only;raw_preprocessing_fail,100,1000,fail,null_RMSE,1000,6.075537581933947,0.048821493290791003,6.0755742178804519,5.977555155725355,6.1703018196265909,100,100,,,"empirical paired comparison, changing support; not exact permutation p"
mahler,FA50,hidden,D_beh,behavior,y,True,published_input_causal_train_only;raw_preprocessing_fail,100,1000,fail,paired_RMSE,1000,1.8309354957270008,0.057946384323785308,1.8302101925037833,1.7231363764201517,1.9462692458633688,100,100,0,0,"empirical paired comparison, changing support; not exact permutation p"
mahler,FA50,hidden,D_beh,behavior,y,True,published_input_causal_train_only;raw_preprocessing_fail,100,1000,fail,matched_bias,1000,-0.053707121464955702,0.044812045801335063,-0.053925092805924286,-0.14416500499969315,0.039268596570460099,100,100,,,"empirical paired comparison, changing support; not exact permutation p"
mahler,FA50,hidden,D_beh,behavior,y,True,published_input_causal_train_only;raw_preprocessing_fail,100,1000,fail,null_bias,1000,-0.05695739203954777,0.060150033457525343,-0.055723844525186868,-0.1848210279296357,0.054953876857211835,100,100,,,"empirical paired comparison, changing support; not exact permutation p"
mahler,FA50,hidden,D_beh,behavior,y,True,published_input_causal_train_only;raw_preprocessing_fail,100,1000,fail,matched_amplitude_ratio,1000,0.64344841436488898,0.0044512171953501921,0.64346528952014737,0.63465764453952556,0.65215410288853082,100,100,,,"empirical paired comparison, changing support; not exact permutation p"
mahler,FA50,hidden,D_beh,behavior,y,True,published_input_causal_train_only;raw_preprocessing_fail,100,1000,fail,null_amplitude_ratio,1000,0.6437325915013089,0.0049620068490055609,0.64375280177455108,0.63405538286554886,0.654258238959877,100,100,,,"empirical paired comparison, changing support; not exact permutation p"
mahler,FA50,bounce,D_obj,objective,x,True,published_input_causal_train_only;raw_preprocessing_fail,100,1000,fail,matched_r,1000,0.93140532572686785,0.0025080951161050606,0.93156317159966884,0.92675522470011484,0.93612769328318668,94,100,,,"empirical paired comparison, changing support; not exact permutation p"
mahler,FA50,bounce,D_obj,objective,x,True,published_input_causal_train_only;raw_preprocessing_fail,100,1000,fail,null_r,1000,0.82025647223780818,0.0086032587326366917,0.82082647390248975,0.80311026048258216,0.83638307250991439,94,100,,,"empirical paired comparison, changing support; not exact permutation p"
mahler,FA50,bounce,D_obj,objective,x,True,published_input_causal_train_only;raw_preprocessing_fail,100,1000,fail,paired_r,1000,0.11114885348905972,0.0082534015586309233,0.11102573803267884,0.096201578134292781,0.12822674995763297,94,100,0,0,"empirical paired comparison, changing support; not exact permutation p"
mahler,FA50,bounce,D_obj,objective,x,True,published_input_causal_train_only;raw_preprocessing_fail,100,1000,fail,matched_RMSE,1000,1.3575723178168673,0.027172268634509746,1.3575986607525852,1.3061317026569665,1.4096958038601433,94,100,,,"empirical paired comparison, changing support; not exact permutation p"
mahler,FA50,bounce,D_obj,objective,x,True,published_input_causal_train_only;raw_preprocessing_fail,100,1000,fail,null_RMSE,1000,2.1625546761534267,0.046605887146547079,2.1608429035158139,2.0753740032087213,2.2565402896754128,94,100,,,"empirical paired comparison, changing support; not exact permutation p"
mahler,FA50,bounce,D_obj,objective,x,True,published_input_causal_train_only;raw_preprocessing_fail,100,1000,fail,paired_RMSE,1000,0.80498235833655918,0.051717584714927489,0.80541042511849215,0.70755495472866836,0.90653480634505745,94,100,0,0,"empirical paired comparison, changing support; not exact permutation p"
mahler,FA50,bounce,D_obj,objective,x,True,published_input_causal_train_only;raw_preprocessing_fail,100,1000,fail,matched_bias,1000,0.1336253241935059,0.039473145446723173,0.13520167629667029,0.053764306663209485,0.20887447403680481,94,100,,,"empirical paired comparison, changing support; not exact permutation p"
mahler,FA50,bounce,D_obj,objective,x,True,published_input_causal_train_only;raw_preprocessing_fail,100,1000,fail,null_bias,1000,0.13686770680210528,0.085565704864438749,0.13912658650071341,-0.030350719614206233,0.30234703711485578,94,100,,,"empirical paired comparison, changing support; not exact permutation p"
mahler,FA50,bounce,D_obj,objective,x,True,published_input_causal_train_only;raw_preprocessing_fail,100,1000,fail,matched_amplitude_ratio,1000,0.92533495768509288,0.0094810646129270398,0.92510818390837002,0.90641692051145117,0.94466693079725506,94,100,,,"empirical paired comparison, changing support; not exact permutation p"
mahler,FA50,bounce,D_obj,objective,x,True,published_input_causal_train_only;raw_preprocessing_fail,100,1000,fail,null_amplitude_ratio,1000,0.93251131227306772,0.015619245556544566,0.93231109781813104,0.90200106976197802,0.9640078733546249,94,100,,,"empirical paired comparison, changing support; not exact permutation p"
mahler,FA50,bounce,D_obj,objective,y,True,published_input_causal_train_only;raw_preprocessing_fail,100,1000,fail,matched_r,1000,0.53076383751708323,0.019313588154833496,0.5306471234301432,0.49176417368160064,0.56740157212854991,94,100,,,"empirical paired comparison, changing support; not exact permutation p"
mahler,FA50,bounce,D_obj,objective,y,True,published_input_causal_train_only;raw_preprocessing_fail,100,1000,fail,null_r,1000,0.0061546957340606759,0.032760839536190405,0.0043349921051938269,-0.054652902819494746,0.068409871880082379,94,100,,,"empirical paired comparison, changing support; not exact permutation p"
mahler,FA50,bounce,D_obj,objective,y,True,published_input_causal_train_only;raw_preprocessing_fail,100,1000,fail,paired_r,1000,0.52460914178302254,0.037973511496171626,0.52673401088173,0.44838102946019803,0.59938460842657371,94,100,0,0,"empirical paired comparison, changing support; not exact permutation p"
mahler,FA50,bounce,D_obj,objective,y,True,published_input_causal_train_only;raw_preprocessing_fail,100,1000,fail,matched_RMSE,1000,5.8565674193436896,0.070204143465656579,5.8540584931517179,5.7217314178466117,5.990041509189548,94,100,,,"empirical paired comparison, changing support; not exact permutation p"
mahler,FA50,bounce,D_obj,objective,y,True,published_input_causal_train_only;raw_preprocessing_fail,100,1000,fail,null_RMSE,1000,7.7377555107689462,0.12475374367764568,7.742091100516352,7.4907086974461059,7.9771978953924796,94,100,,,"empirical paired comparison, changing support; not exact permutation p"
mahler,FA50,bounce,D_obj,objective,y,True,published_input_causal_train_only;raw_preprocessing_fail,100,1000,fail,paired_RMSE,1000,1.8811880914252557,0.14563420267012694,1.887931934940577,1.6005254759002883,2.1526387689107831,94,100,0,0,"empirical paired comparison, changing support; not exact permutation p"
mahler,FA50,bounce,D_obj,objective,y,True,published_input_causal_train_only;raw_preprocessing_fail,100,1000,fail,matched_bias,1000,-0.57993220712947546,0.24314102531005394,-0.58546506651743146,-1.0748866574591094,-0.11371080702165681,94,100,,,"empirical paired comparison, changing support; not exact permutation p"
mahler,FA50,bounce,D_obj,objective,y,True,published_input_causal_train_only;raw_preprocessing_fail,100,1000,fail,null_bias,1000,-0.56638809109996868,0.331767158279551,-0.58222558211134467,-1.2288821043870455,0.067525727250880019,94,100,,,"empirical paired comparison, changing support; not exact permutation p"
mahler,FA50,bounce,D_obj,objective,y,True,published_input_causal_train_only;raw_preprocessing_fail,100,1000,fail,matched_amplitude_ratio,1000,0.59648624931425254,0.035823837339475306,0.59395490530708051,0.53496131626875332,0.67630907878790791,94,100,,,"empirical paired comparison, changing support; not exact permutation p"
mahler,FA50,bounce,D_obj,objective,y,True,published_input_causal_train_only;raw_preprocessing_fail,100,1000,fail,null_amplitude_ratio,1000,0.61271178377418001,0.039029191031006299,0.61076199793459596,0.54241753796517611,0.69871005686666132,94,100,,,"empirical paired comparison, changing support; not exact permutation p"
mahler,FA50,bounce,D_obj,behavior,x,False,published_input_causal_train_only;raw_preprocessing_fail,100,1000,fail,matched_r,1000,0.93140532572686785,0.0025080951161050606,0.93156317159966884,0.92675522470011484,0.93612769328318668,94,100,,,"empirical paired comparison, changing support; not exact permutation p"
mahler,FA50,bounce,D_obj,behavior,x,False,published_input_causal_train_only;raw_preprocessing_fail,100,1000,fail,null_r,1000,0.82025647223780818,0.0086032587326366917,0.82082647390248975,0.80311026048258216,0.83638307250991439,94,100,,,"empirical paired comparison, changing support; not exact permutation p"
mahler,FA50,bounce,D_obj,behavior,x,False,published_input_causal_train_only;raw_preprocessing_fail,100,1000,fail,paired_r,1000,0.11114885348905972,0.0082534015586309233,0.11102573803267884,0.096201578134292781,0.12822674995763297,94,100,0,0,"empirical paired comparison, changing support; not exact permutation p"
mahler,FA50,bounce,D_obj,behavior,x,False,published_input_causal_train_only;raw_preprocessing_fail,100,1000,fail,matched_RMSE,1000,1.3575723178168673,0.027172268634509746,1.3575986607525852,1.3061317026569665,1.4096958038601433,94,100,,,"empirical paired comparison, changing support; not exact permutation p"
mahler,FA50,bounce,D_obj,behavior,x,False,published_input_causal_train_only;raw_preprocessing_fail,100,1000,fail,null_RMSE,1000,2.1625546761534267,0.046605887146547079,2.1608429035158139,2.0753740032087213,2.2565402896754128,94,100,,,"empirical paired comparison, changing support; not exact permutation p"
mahler,FA50,bounce,D_obj,behavior,x,False,published_input_causal_train_only;raw_preprocessing_fail,100,1000,fail,paired_RMSE,1000,0.80498235833655918,0.051717584714927489,0.80541042511849215,0.70755495472866836,0.90653480634505745,94,100,0,0,"empirical paired comparison, changing support; not exact permutation p"
mahler,FA50,bounce,D_obj,behavior,x,False,published_input_causal_train_only;raw_preprocessing_fail,100,1000,fail,matched_bias,1000,0.1336253241935059,0.039473145446723173,0.13520167629667029,0.053764306663209485,0.20887447403680481,94,100,,,"empirical paired comparison, changing support; not exact permutation p"
mahler,FA50,bounce,D_obj,behavior,x,False,published_input_causal_train_only;raw_preprocessing_fail,100,1000,fail,null_bias,1000,0.13686770680210528,0.085565704864438749,0.13912658650071341,-0.030350719614206233,0.30234703711485578,94,100,,,"empirical paired comparison, changing support; not exact permutation p"
mahler,FA50,bounce,D_obj,behavior,x,False,published_input_causal_train_only;raw_preprocessing_fail,100,1000,fail,matched_amplitude_ratio,1000,0.92533495768509288,0.0094810646129270398,0.92510818390837002,0.90641692051145117,0.94466693079725506,94,100,,,"empirical paired comparison, changing support; not exact permutation p"
mahler,FA50,bounce,D_obj,behavior,x,False,published_input_causal_train_only;raw_preprocessing_fail,100,1000,fail,null_amplitude_ratio,1000,0.93251131227306772,0.015619245556544566,0.93231109781813104,0.90200106976197802,0.9640078733546249,94,100,,,"empirical paired comparison, changing support; not exact permutation p"
mahler,FA50,bounce,D_obj,behavior,y,False,published_input_causal_train_only;raw_preprocessing_fail,100,1000,fail,matched_r,1000,0.53226167293385795,0.019180312820466047,0.53208566142951641,0.49412440916550937,0.56905846297949259,94,100,,,"empirical paired comparison, changing support; not exact permutation p"
mahler,FA50,bounce,D_obj,behavior,y,False,published_input_causal_train_only;raw_preprocessing_fail,100,1000,fail,null_r,1000,0.0075367747534357491,0.032881371399799991,0.0072028221701366871,-0.053326015736754953,0.070561889060290678,94,100,,,"empirical paired comparison, changing support; not exact permutation p"
mahler,FA50,bounce,D_obj,behavior,y,False,published_input_causal_train_only;raw_preprocessing_fail,100,1000,fail,paired_r,1000,0.52472489818042234,0.038014362519996958,0.52570105353600738,0.44625679222810222,0.59838665355111698,94,100,0,0,"empirical paired comparison, changing support; not exact permutation p"
mahler,FA50,bounce,D_obj,behavior,y,False,published_input_causal_train_only;raw_preprocessing_fail,100,1000,fail,matched_RMSE,1000,5.9187986405072373,0.067753340373054499,5.9166217053032089,5.7834810759468667,6.0452192619284935,94,100,,,"empirical paired comparison, changing support; not exact permutation p"
mahler,FA50,bounce,D_obj,behavior,y,False,published_input_causal_train_only;raw_preprocessing_fail,100,1000,fail,null_RMSE,1000,7.7993779223162001,0.12433221040491046,7.8018759267498794,7.5501416360603653,8.0416790909930587,94,100,,,"empirical paired comparison, changing support; not exact permutation p"
mahler,FA50,bounce,D_obj,behavior,y,False,published_input_causal_train_only;raw_preprocessing_fail,100,1000,fail,paired_RMSE,1000,1.8805792818089622,0.14352484955001671,1.887742740389486,1.5948748765234166,2.1491475553758472,94,100,0,0,"empirical paired comparison, changing support; not exact permutation p"
mahler,FA50,bounce,D_obj,behavior,y,False,published_input_causal_train_only;raw_preprocessing_fail,100,1000,fail,matched_bias,1000,-0.53170408642767275,0.24677637663379756,-0.5367428010641615,-1.034421087595556,-0.060722263198497009,94,100,,,"empirical paired comparison, changing support; not exact permutation p"
mahler,FA50,bounce,D_obj,behavior,y,False,published_input_causal_train_only;raw_preprocessing_fail,100,1000,fail,null_bias,1000,-0.51912756509708446,0.33636816827775085,-0.53212717118965702,-1.1904858498271997,0.13318768752520543,94,100,,,"empirical paired comparison, changing support; not exact permutation p"
mahler,FA50,bounce,D_obj,behavior,y,False,published_input_causal_train_only;raw_preprocessing_fail,100,1000,fail,matched_amplitude_ratio,1000,0.59428026916128529,0.035236237707371824,0.5917205230207756,0.53159766473989556,0.66997478793881027,94,100,,,"empirical paired comparison, changing support; not exact permutation p"
mahler,FA50,bounce,D_obj,behavior,y,False,published_input_causal_train_only;raw_preprocessing_fail,100,1000,fail,null_amplitude_ratio,1000,0.61089557736015176,0.038717077267566735,0.60909342224647123,0.54060634704380373,0.69250273787519567,94,100,,,"empirical paired comparison, changing support; not exact permutation p"
mahler,FA50,bounce,D_beh,objective,x,False,published_input_causal_train_only;raw_preprocessing_fail,100,1000,fail,matched_r,1000,0.93140532572686785,0.0025080951161050606,0.93156317159966884,0.92675522470011484,0.93612769328318668,94,100,,,"empirical paired comparison, changing support; not exact permutation p"
mahler,FA50,bounce,D_beh,objective,x,False,published_input_causal_train_only;raw_preprocessing_fail,100,1000,fail,null_r,1000,0.82025647223780818,0.0086032587326366917,0.82082647390248975,0.80311026048258216,0.83638307250991439,94,100,,,"empirical paired comparison, changing support; not exact permutation p"
mahler,FA50,bounce,D_beh,objective,x,False,published_input_causal_train_only;raw_preprocessing_fail,100,1000,fail,paired_r,1000,0.11114885348905972,0.0082534015586309233,0.11102573803267884,0.096201578134292781,0.12822674995763297,94,100,0,0,"empirical paired comparison, changing support; not exact permutation p"
mahler,FA50,bounce,D_beh,objective,x,False,published_input_causal_train_only;raw_preprocessing_fail,100,1000,fail,matched_RMSE,1000,1.3575723178168673,0.027172268634509746,1.3575986607525852,1.3061317026569665,1.4096958038601433,94,100,,,"empirical paired comparison, changing support; not exact permutation p"
mahler,FA50,bounce,D_beh,objective,x,False,published_input_causal_train_only;raw_preprocessing_fail,100,1000,fail,null_RMSE,1000,2.1625546761534267,0.046605887146547079,2.1608429035158139,2.0753740032087213,2.2565402896754128,94,100,,,"empirical paired comparison, changing support; not exact permutation p"
mahler,FA50,bounce,D_beh,objective,x,False,published_input_causal_train_only;raw_preprocessing_fail,100,1000,fail,paired_RMSE,1000,0.80498235833655918,0.051717584714927489,0.80541042511849215,0.70755495472866836,0.90653480634505745,94,100,0,0,"empirical paired comparison, changing support; not exact permutation p"
mahler,FA50,bounce,D_beh,objective,x,False,published_input_causal_train_only;raw_preprocessing_fail,100,1000,fail,matched_bias,1000,0.1336253241935059,0.039473145446723173,0.13520167629667029,0.053764306663209485,0.20887447403680481,94,100,,,"empirical paired comparison, changing support; not exact permutation p"
mahler,FA50,bounce,D_beh,objective,x,False,published_input_causal_train_only;raw_preprocessing_fail,100,1000,fail,null_bias,1000,0.13686770680210528,0.085565704864438749,0.13912658650071341,-0.030350719614206233,0.30234703711485578,94,100,,,"empirical paired comparison, changing support; not exact permutation p"
mahler,FA50,bounce,D_beh,objective,x,False,published_input_causal_train_only;raw_preprocessing_fail,100,1000,fail,matched_amplitude_ratio,1000,0.92533495768509288,0.0094810646129270398,0.92510818390837002,0.90641692051145117,0.94466693079725506,94,100,,,"empirical paired comparison, changing support; not exact permutation p"
mahler,FA50,bounce,D_beh,objective,x,False,published_input_causal_train_only;raw_preprocessing_fail,100,1000,fail,null_amplitude_ratio,1000,0.93251131227306772,0.015619245556544566,0.93231109781813104,0.90200106976197802,0.9640078733546249,94,100,,,"empirical paired comparison, changing support; not exact permutation p"
mahler,FA50,bounce,D_beh,objective,y,False,published_input_causal_train_only;raw_preprocessing_fail,100,1000,fail,matched_r,1000,0.5159476218564002,0.01955824953168836,0.51593345411248537,0.47638046623515407,0.55316209596635058,94,100,,,"empirical paired comparison, changing support; not exact permutation p"
mahler,FA50,bounce,D_beh,objective,y,False,published_input_causal_train_only;raw_preprocessing_fail,100,1000,fail,null_r,1000,0.0060619242558480994,0.032386024322831004,0.0042909900022529745,-0.053592250586589556,0.066310877895222248,94,100,,,"empirical paired comparison, changing support; not exact permutation p"
mahler,FA50,bounce,D_beh,objective,y,False,published_input_causal_train_only;raw_preprocessing_fail,100,1000,fail,paired_r,1000,0.50988569760055202,0.037613693680747212,0.51125045544600378,0.43386875021641297,0.58338429283352455,94,100,0,0,"empirical paired comparison, changing support; not exact permutation p"
mahler,FA50,bounce,D_beh,objective,y,False,published_input_causal_train_only;raw_preprocessing_fail,100,1000,fail,matched_RMSE,1000,5.9316882276642282,0.07114505334977167,5.9290091038442405,5.7905178501028409,6.064908211667654,94,100,,,"empirical paired comparison, changing support; not exact permutation p"
mahler,FA50,bounce,D_beh,objective,y,False,published_input_causal_train_only;raw_preprocessing_fail,100,1000,fail,null_RMSE,1000,7.7239177658672276,0.12175632990629431,7.7275439398400589,7.4783411236465307,7.9581788894408607,94,100,,,"empirical paired comparison, changing support; not exact permutation p"
mahler,FA50,bounce,D_beh,objective,y,False,published_input_causal_train_only;raw_preprocessing_fail,100,1000,fail,paired_RMSE,1000,1.7922295382030002,0.14350446307295367,1.79486883435927,1.5197845026298504,2.0630195151543336,94,100,0,0,"empirical paired comparison, changing support; not exact permutation p"
mahler,FA50,bounce,D_beh,objective,y,False,published_input_causal_train_only;raw_preprocessing_fail,100,1000,fail,matched_bias,1000,-0.61713109381929532,0.24683524008791463,-0.62079561458385046,-1.1238251047212693,-0.14093419220274819,94,100,,,"empirical paired comparison, changing support; not exact permutation p"
mahler,FA50,bounce,D_beh,objective,y,False,published_input_causal_train_only;raw_preprocessing_fail,100,1000,fail,null_bias,1000,-0.60358697778978831,0.33085868393007245,-0.61613126919537042,-1.2635465506383818,0.034075173759051364,94,100,,,"empirical paired comparison, changing support; not exact permutation p"
mahler,FA50,bounce,D_beh,objective,y,False,published_input_causal_train_only;raw_preprocessing_fail,100,1000,fail,matched_amplitude_ratio,1000,0.58811088217873064,0.035644403610069611,0.58529191332575703,0.52762218091593005,0.66812626576410161,94,100,,,"empirical paired comparison, changing support; not exact permutation p"
mahler,FA50,bounce,D_beh,objective,y,False,published_input_causal_train_only;raw_preprocessing_fail,100,1000,fail,null_amplitude_ratio,1000,0.60333348073098136,0.03842554155075896,0.60115613967768389,0.53429415233113631,0.68534447643731,94,100,,,"empirical paired comparison, changing support; not exact permutation p"
mahler,FA50,bounce,D_beh,behavior,x,True,published_input_causal_train_only;raw_preprocessing_fail,100,1000,fail,matched_r,1000,0.93140532572686785,0.0025080951161050606,0.93156317159966884,0.92675522470011484,0.93612769328318668,94,100,,,"empirical paired comparison, changing support; not exact permutation p"
mahler,FA50,bounce,D_beh,behavior,x,True,published_input_causal_train_only;raw_preprocessing_fail,100,1000,fail,null_r,1000,0.82025647223780818,0.0086032587326366917,0.82082647390248975,0.80311026048258216,0.83638307250991439,94,100,,,"empirical paired comparison, changing support; not exact permutation p"
mahler,FA50,bounce,D_beh,behavior,x,True,published_input_causal_train_only;raw_preprocessing_fail,100,1000,fail,paired_r,1000,0.11114885348905972,0.0082534015586309233,0.11102573803267884,0.096201578134292781,0.12822674995763297,94,100,0,0,"empirical paired comparison, changing support; not exact permutation p"
mahler,FA50,bounce,D_beh,behavior,x,True,published_input_causal_train_only;raw_preprocessing_fail,100,1000,fail,matched_RMSE,1000,1.3575723178168673,0.027172268634509746,1.3575986607525852,1.3061317026569665,1.4096958038601433,94,100,,,"empirical paired comparison, changing support; not exact permutation p"
mahler,FA50,bounce,D_beh,behavior,x,True,published_input_causal_train_only;raw_preprocessing_fail,100,1000,fail,null_RMSE,1000,2.1625546761534267,0.046605887146547079,2.1608429035158139,2.0753740032087213,2.2565402896754128,94,100,,,"empirical paired comparison, changing support; not exact permutation p"
mahler,FA50,bounce,D_beh,behavior,x,True,published_input_causal_train_only;raw_preprocessing_fail,100,1000,fail,paired_RMSE,1000,0.80498235833655918,0.051717584714927489,0.80541042511849215,0.70755495472866836,0.90653480634505745,94,100,0,0,"empirical paired comparison, changing support; not exact permutation p"
mahler,FA50,bounce,D_beh,behavior,x,True,published_input_causal_train_only;raw_preprocessing_fail,100,1000,fail,matched_bias,1000,0.1336253241935059,0.039473145446723173,0.13520167629667029,0.053764306663209485,0.20887447403680481,94,100,,,"empirical paired comparison, changing support; not exact permutation p"
mahler,FA50,bounce,D_beh,behavior,x,True,published_input_causal_train_only;raw_preprocessing_fail,100,1000,fail,null_bias,1000,0.13686770680210528,0.085565704864438749,0.13912658650071341,-0.030350719614206233,0.30234703711485578,94,100,,,"empirical paired comparison, changing support; not exact permutation p"
mahler,FA50,bounce,D_beh,behavior,x,True,published_input_causal_train_only;raw_preprocessing_fail,100,1000,fail,matched_amplitude_ratio,1000,0.92533495768509288,0.0094810646129270398,0.92510818390837002,0.90641692051145117,0.94466693079725506,94,100,,,"empirical paired comparison, changing support; not exact permutation p"
mahler,FA50,bounce,D_beh,behavior,x,True,published_input_causal_train_only;raw_preprocessing_fail,100,1000,fail,null_amplitude_ratio,1000,0.93251131227306772,0.015619245556544566,0.93231109781813104,0.90200106976197802,0.9640078733546249,94,100,,,"empirical paired comparison, changing support; not exact permutation p"
mahler,FA50,bounce,D_beh,behavior,y,True,published_input_causal_train_only;raw_preprocessing_fail,100,1000,fail,matched_r,1000,0.51743552733054343,0.019450229732533433,0.51732007232536659,0.47884047971246924,0.55454813918329116,94,100,,,"empirical paired comparison, changing support; not exact permutation p"
mahler,FA50,bounce,D_beh,behavior,y,True,published_input_causal_train_only;raw_preprocessing_fail,100,1000,fail,null_r,1000,0.0072819444783432082,0.03250817512523009,0.006136897375846849,-0.052632002562222641,0.068237957401280566,94,100,,,"empirical paired comparison, changing support; not exact permutation p"
mahler,FA50,bounce,D_beh,behavior,y,True,published_input_causal_train_only;raw_preprocessing_fail,100,1000,fail,paired_r,1000,0.51015358285220025,0.037660951666328046,0.51203477380342544,0.43306599267338963,0.5833945201004207,94,100,0,0,"empirical paired comparison, changing support; not exact permutation p"
mahler,FA50,bounce,D_beh,behavior,y,True,published_input_causal_train_only;raw_preprocessing_fail,100,1000,fail,matched_RMSE,1000,5.9946671633117656,0.068934890208195612,5.9929618850507662,5.8594055458557683,6.1272725603460989,94,100,,,"empirical paired comparison, changing support; not exact permutation p"
mahler,FA50,bounce,D_beh,behavior,y,True,published_input_causal_train_only;raw_preprocessing_fail,100,1000,fail,null_RMSE,1000,7.7862515810139215,0.12135778318393629,7.7901953744950596,7.5388786638710288,8.0214454272982341,94,100,,,"empirical paired comparison, changing support; not exact permutation p"
mahler,FA50,bounce,D_beh,behavior,y,True,published_input_causal_train_only;raw_preprocessing_fail,100,1000,fail,paired_RMSE,1000,1.7915844177021536,0.14137091709560121,1.7961414546443457,1.5146303429043506,2.0572184955485247,94,100,0,0,"empirical paired comparison, changing support; not exact permutation p"
mahler,FA50,bounce,D_beh,behavior,y,True,published_input_causal_train_only;raw_preprocessing_fail,100,1000,fail,matched_bias,1000,-0.56890297311749261,0.2505197827048215,-0.57358844989090607,-1.0767122019477813,-0.08523319199082223,94,100,,,"empirical paired comparison, changing support; not exact permutation p"
mahler,FA50,bounce,D_beh,behavior,y,True,published_input_causal_train_only;raw_preprocessing_fail,100,1000,fail,null_bias,1000,-0.55632645178690432,0.3354993638097894,-0.57036121741074619,-1.2290830045587071,0.09276813808460356,94,100,,,"empirical paired comparison, changing support; not exact permutation p"
mahler,FA50,bounce,D_beh,behavior,y,True,published_input_causal_train_only;raw_preprocessing_fail,100,1000,fail,matched_amplitude_ratio,1000,0.58594111884814493,0.035012907460027734,0.58381442842902165,0.52477982786363053,0.66221095253723439,94,100,,,"empirical paired comparison, changing support; not exact permutation p"
mahler,FA50,bounce,D_beh,behavior,y,True,published_input_causal_train_only;raw_preprocessing_fail,100,1000,fail,null_amplitude_ratio,1000,0.60153798862781971,0.038084050218066094,0.60033460855457454,0.53292330847353264,0.68237977218680568,94,100,,,"empirical paired comparison, changing support; not exact permutation p"
mahler,FA50,no_bounce,D_obj,objective,x,True,published_input_causal_train_only;raw_preprocessing_fail,100,1000,fail,matched_r,1000,0.92189559659158371,0.00084909876494259425,0.92190867521222564,0.92023056171026785,0.92356595347813841,100,100,,,"empirical paired comparison, changing support; not exact permutation p"
mahler,FA50,no_bounce,D_obj,objective,x,True,published_input_causal_train_only;raw_preprocessing_fail,100,1000,fail,null_r,1000,0.7094634915254151,0.0060035026292160976,0.70951205827708952,0.69821854786190674,0.72087857936355582,100,100,,,"empirical paired comparison, changing support; not exact permutation p"
mahler,FA50,no_bounce,D_obj,objective,x,True,published_input_causal_train_only;raw_preprocessing_fail,100,1000,fail,paired_r,1000,0.21243210506616886,0.0058730635462487654,0.21220506712742676,0.20128911756530785,0.22408629049077619,100,100,0,0,"empirical paired comparison, changing support; not exact permutation p"
mahler,FA50,no_bounce,D_obj,objective,x,True,published_input_causal_train_only;raw_preprocessing_fail,100,1000,fail,matched_RMSE,1000,1.3697851265682384,0.0086202088269400137,1.3697282780799029,1.3521971931354777,1.386192163369768,100,100,,,"empirical paired comparison, changing support; not exact permutation p"
mahler,FA50,no_bounce,D_obj,objective,x,True,published_input_causal_train_only;raw_preprocessing_fail,100,1000,fail,null_RMSE,1000,2.5726463586602133,0.026218552796191584,2.5724708141546175,2.5200358334898052,2.6205005021621686,100,100,,,"empirical paired comparison, changing support; not exact permutation p"
mahler,FA50,no_bounce,D_obj,objective,x,True,published_input_causal_train_only;raw_preprocessing_fail,100,1000,fail,paired_RMSE,1000,1.2028612320919752,0.026567084816421591,1.2023859117243312,1.1500445027732507,1.2561597978016081,100,100,0,0,"empirical paired comparison, changing support; not exact permutation p"
mahler,FA50,no_bounce,D_obj,objective,x,True,published_input_causal_train_only;raw_preprocessing_fail,100,1000,fail,matched_bias,1000,0.019405059204314862,0.013481993354124519,0.019438171563565778,-0.0062100879016946473,0.046784963194155545,100,100,,,"empirical paired comparison, changing support; not exact permutation p"
mahler,FA50,no_bounce,D_obj,objective,x,True,published_input_causal_train_only;raw_preprocessing_fail,100,1000,fail,null_bias,1000,0.019465253125956785,0.030824753031679888,0.020103358030256931,-0.041692411764567602,0.079270863769104638,100,100,,,"empirical paired comparison, changing support; not exact permutation p"
mahler,FA50,no_bounce,D_obj,objective,x,True,published_input_causal_train_only;raw_preprocessing_fail,100,1000,fail,matched_amplitude_ratio,1000,0.94255580191775401,0.0035267534147123522,0.94252095169876293,0.93574553779886793,0.94952537207132492,100,100,,,"empirical paired comparison, changing support; not exact permutation p"
mahler,FA50,no_bounce,D_obj,objective,x,True,published_input_causal_train_only;raw_preprocessing_fail,100,1000,fail,null_amplitude_ratio,1000,0.94279735075827142,0.0041695667592926422,0.94273244202238127,0.9343766563849758,0.95125533968884135,100,100,,,"empirical paired comparison, changing support; not exact permutation p"
mahler,FA50,no_bounce,D_obj,objective,y,True,published_input_causal_train_only;raw_preprocessing_fail,100,1000,fail,matched_r,1000,0.43280174831079771,0.0060161913863907316,0.43277297403886689,0.42123530823581962,0.44524261263161113,100,100,,,"empirical paired comparison, changing support; not exact permutation p"
mahler,FA50,no_bounce,D_obj,objective,y,True,published_input_causal_train_only;raw_preprocessing_fail,100,1000,fail,null_r,1000,0.0026469333609896758,0.013225953194645323,0.0021178661973906571,-0.022939488939946906,0.02849551316269067,100,100,,,"empirical paired comparison, changing support; not exact permutation p"
mahler,FA50,no_bounce,D_obj,objective,y,True,published_input_causal_train_only;raw_preprocessing_fail,100,1000,fail,paired_r,1000,0.43015481494980817,0.014410379318481345,0.43012076270572397,0.40165103618288056,0.45771302521680785,100,100,0,0,"empirical paired comparison, changing support; not exact permutation p"
mahler,FA50,no_bounce,D_obj,objective,y,True,published_input_causal_train_only;raw_preprocessing_fail,100,1000,fail,matched_RMSE,1000,3.6378704663773571,0.016866616059252309,3.6380804715276476,3.603464136253181,3.6718965198475106,100,100,,,"empirical paired comparison, changing support; not exact permutation p"
mahler,FA50,no_bounce,D_obj,objective,y,True,published_input_causal_train_only;raw_preprocessing_fail,100,1000,fail,null_RMSE,1000,4.723382906568129,0.035301578732898513,4.7220073457670484,4.6544486609976223,4.7935982143803324,100,100,,,"empirical paired comparison, changing support; not exact permutation p"
mahler,FA50,no_bounce,D_obj,objective,y,True,published_input_causal_train_only;raw_preprocessing_fail,100,1000,fail,paired_RMSE,1000,1.0855124401907723,0.039527125974127768,1.084659265025016,1.0111193121675457,1.1642672146708755,100,100,0,0,"empirical paired comparison, changing support; not exact permutation p"
mahler,FA50,no_bounce,D_obj,objective,y,True,published_input_causal_train_only;raw_preprocessing_fail,100,1000,fail,matched_bias,1000,0.31254518335240988,0.03598444886100631,0.31134561555268192,0.24637623377761397,0.38408915370551505,100,100,,,"empirical paired comparison, changing support; not exact permutation p"
mahler,FA50,no_bounce,D_obj,objective,y,True,published_input_causal_train_only;raw_preprocessing_fail,100,1000,fail,null_bias,1000,0.30998045131381446,0.051958039060417766,0.31232278285161186,0.20190456444747557,0.40940222809760951,100,100,,,"empirical paired comparison, changing support; not exact permutation p"
mahler,FA50,no_bounce,D_obj,objective,y,True,published_input_causal_train_only;raw_preprocessing_fail,100,1000,fail,matched_amplitude_ratio,1000,0.75261778247780553,0.0045398973306176229,0.75262864706974053,0.74380929528802242,0.76159586116376365,100,100,,,"empirical paired comparison, changing support; not exact permutation p"
mahler,FA50,no_bounce,D_obj,objective,y,True,published_input_causal_train_only;raw_preprocessing_fail,100,1000,fail,null_amplitude_ratio,1000,0.75321991922503895,0.0055423148481997661,0.75317854366065262,0.74190253562066155,0.76491069728655614,100,100,,,"empirical paired comparison, changing support; not exact permutation p"
mahler,FA50,no_bounce,D_obj,behavior,x,False,published_input_causal_train_only;raw_preprocessing_fail,100,1000,fail,matched_r,1000,0.92189559659158371,0.00084909876494259425,0.92190867521222564,0.92023056171026785,0.92356595347813841,100,100,,,"empirical paired comparison, changing support; not exact permutation p"
mahler,FA50,no_bounce,D_obj,behavior,x,False,published_input_causal_train_only;raw_preprocessing_fail,100,1000,fail,null_r,1000,0.7094634915254151,0.0060035026292160976,0.70951205827708952,0.69821854786190674,0.72087857936355582,100,100,,,"empirical paired comparison, changing support; not exact permutation p"
mahler,FA50,no_bounce,D_obj,behavior,x,False,published_input_causal_train_only;raw_preprocessing_fail,100,1000,fail,paired_r,1000,0.21243210506616886,0.0058730635462487654,0.21220506712742676,0.20128911756530785,0.22408629049077619,100,100,0,0,"empirical paired comparison, changing support; not exact permutation p"
mahler,FA50,no_bounce,D_obj,behavior,x,False,published_input_causal_train_only;raw_preprocessing_fail,100,1000,fail,matched_RMSE,1000,1.3697851265682384,0.0086202088269400137,1.3697282780799029,1.3521971931354777,1.386192163369768,100,100,,,"empirical paired comparison, changing support; not exact permutation p"
mahler,FA50,no_bounce,D_obj,behavior,x,False,published_input_causal_train_only;raw_preprocessing_fail,100,1000,fail,null_RMSE,1000,2.5726463586602133,0.026218552796191584,2.5724708141546175,2.5200358334898052,2.6205005021621686,100,100,,,"empirical paired comparison, changing support; not exact permutation p"
mahler,FA50,no_bounce,D_obj,behavior,x,False,published_input_causal_train_only;raw_preprocessing_fail,100,1000,fail,paired_RMSE,1000,1.2028612320919752,0.026567084816421591,1.2023859117243312,1.1500445027732507,1.2561597978016081,100,100,0,0,"empirical paired comparison, changing support; not exact permutation p"
mahler,FA50,no_bounce,D_obj,behavior,x,False,published_input_causal_train_only;raw_preprocessing_fail,100,1000,fail,matched_bias,1000,0.019405059204314862,0.013481993354124519,0.019438171563565778,-0.0062100879016946473,0.046784963194155545,100,100,,,"empirical paired comparison, changing support; not exact permutation p"
mahler,FA50,no_bounce,D_obj,behavior,x,False,published_input_causal_train_only;raw_preprocessing_fail,100,1000,fail,null_bias,1000,0.019465253125956785,0.030824753031679888,0.020103358030256931,-0.041692411764567602,0.079270863769104638,100,100,,,"empirical paired comparison, changing support; not exact permutation p"
mahler,FA50,no_bounce,D_obj,behavior,x,False,published_input_causal_train_only;raw_preprocessing_fail,100,1000,fail,matched_amplitude_ratio,1000,0.94255580191775401,0.0035267534147123522,0.94252095169876293,0.93574553779886793,0.94952537207132492,100,100,,,"empirical paired comparison, changing support; not exact permutation p"
mahler,FA50,no_bounce,D_obj,behavior,x,False,published_input_causal_train_only;raw_preprocessing_fail,100,1000,fail,null_amplitude_ratio,1000,0.94279735075827142,0.0041695667592926422,0.94273244202238127,0.9343766563849758,0.95125533968884135,100,100,,,"empirical paired comparison, changing support; not exact permutation p"
mahler,FA50,no_bounce,D_obj,behavior,y,False,published_input_causal_train_only;raw_preprocessing_fail,100,1000,fail,matched_r,1000,0.40970354328182823,0.0060865194543973395,0.40969625182666009,0.39794590625354076,0.42219101154543881,100,100,,,"empirical paired comparison, changing support; not exact permutation p"
mahler,FA50,no_bounce,D_obj,behavior,y,False,published_input_causal_train_only;raw_preprocessing_fail,100,1000,fail,null_r,1000,0.0022548867725004475,0.012683908169940094,0.0020970138892421439,-0.022368031648556341,0.026958490494510254,100,100,,,"empirical paired comparison, changing support; not exact permutation p"
mahler,FA50,no_bounce,D_obj,behavior,y,False,published_input_causal_train_only;raw_preprocessing_fail,100,1000,fail,paired_r,1000,0.40744865650932777,0.013872760419099127,0.40734584925098655,0.38069100715022736,0.43420792024781507,100,100,0,0,"empirical paired comparison, changing support; not exact permutation p"
mahler,FA50,no_bounce,D_obj,behavior,y,False,published_input_causal_train_only;raw_preprocessing_fail,100,1000,fail,matched_RMSE,1000,3.5413960620972356,0.016386808121849748,3.5412475078082579,3.5084385441668724,3.5741935075789844,100,100,,,"empirical paired comparison, changing support; not exact permutation p"
mahler,FA50,no_bounce,D_obj,behavior,y,False,published_input_causal_train_only;raw_preprocessing_fail,100,1000,fail,null_RMSE,1000,4.53599070670528,0.032584844278447274,4.534571818716123,4.473328490613631,4.6008638788135592,100,100,,,"empirical paired comparison, changing support; not exact permutation p"
mahler,FA50,no_bounce,D_obj,behavior,y,False,published_input_causal_train_only;raw_preprocessing_fail,100,1000,fail,paired_RMSE,1000,0.99459464460804448,0.03681666001099166,0.99319192587341276,0.92304472386591008,1.0683789973655451,100,100,0,0,"empirical paired comparison, changing support; not exact permutation p"
mahler,FA50,no_bounce,D_obj,behavior,y,False,published_input_causal_train_only;raw_preprocessing_fail,100,1000,fail,matched_bias,1000,0.38196227702235308,0.034213539254667663,0.38044093266333923,0.31797382658937212,0.45075411932641934,100,100,,,"empirical paired comparison, changing support; not exact permutation p"
mahler,FA50,no_bounce,D_obj,behavior,y,False,published_input_causal_train_only;raw_preprocessing_fail,100,1000,fail,null_bias,1000,0.37956264457155509,0.049051962749446704,0.38203718322185759,0.27809637752506178,0.4680922897518246,100,100,,,"empirical paired comparison, changing support; not exact permutation p"
mahler,FA50,no_bounce,D_obj,behavior,y,False,published_input_causal_train_only;raw_preprocessing_fail,100,1000,fail,matched_amplitude_ratio,1000,0.80506240497501591,0.004884327559638987,0.80508219514822454,0.79560942865422224,0.81473753342922617,100,100,,,"empirical paired comparison, changing support; not exact permutation p"
mahler,FA50,no_bounce,D_obj,behavior,y,False,published_input_causal_train_only;raw_preprocessing_fail,100,1000,fail,null_amplitude_ratio,1000,0.80548433112987827,0.0056918576241548951,0.80548004917638061,0.79465522825150448,0.81709426328379975,100,100,,,"empirical paired comparison, changing support; not exact permutation p"
mahler,FA50,no_bounce,D_beh,objective,x,False,published_input_causal_train_only;raw_preprocessing_fail,100,1000,fail,matched_r,1000,0.92189559659158371,0.00084909876494259425,0.92190867521222564,0.92023056171026785,0.92356595347813841,100,100,,,"empirical paired comparison, changing support; not exact permutation p"
mahler,FA50,no_bounce,D_beh,objective,x,False,published_input_causal_train_only;raw_preprocessing_fail,100,1000,fail,null_r,1000,0.7094634915254151,0.0060035026292160976,0.70951205827708952,0.69821854786190674,0.72087857936355582,100,100,,,"empirical paired comparison, changing support; not exact permutation p"
mahler,FA50,no_bounce,D_beh,objective,x,False,published_input_causal_train_only;raw_preprocessing_fail,100,1000,fail,paired_r,1000,0.21243210506616886,0.0058730635462487654,0.21220506712742676,0.20128911756530785,0.22408629049077619,100,100,0,0,"empirical paired comparison, changing support; not exact permutation p"
mahler,FA50,no_bounce,D_beh,objective,x,False,published_input_causal_train_only;raw_preprocessing_fail,100,1000,fail,matched_RMSE,1000,1.3697851265682384,0.0086202088269400137,1.3697282780799029,1.3521971931354777,1.386192163369768,100,100,,,"empirical paired comparison, changing support; not exact permutation p"
mahler,FA50,no_bounce,D_beh,objective,x,False,published_input_causal_train_only;raw_preprocessing_fail,100,1000,fail,null_RMSE,1000,2.5726463586602133,0.026218552796191584,2.5724708141546175,2.5200358334898052,2.6205005021621686,100,100,,,"empirical paired comparison, changing support; not exact permutation p"
mahler,FA50,no_bounce,D_beh,objective,x,False,published_input_causal_train_only;raw_preprocessing_fail,100,1000,fail,paired_RMSE,1000,1.2028612320919752,0.026567084816421591,1.2023859117243312,1.1500445027732507,1.2561597978016081,100,100,0,0,"empirical paired comparison, changing support; not exact permutation p"
mahler,FA50,no_bounce,D_beh,objective,x,False,published_input_causal_train_only;raw_preprocessing_fail,100,1000,fail,matched_bias,1000,0.019405059204314862,0.013481993354124519,0.019438171563565778,-0.0062100879016946473,0.046784963194155545,100,100,,,"empirical paired comparison, changing support; not exact permutation p"
mahler,FA50,no_bounce,D_beh,objective,x,False,published_input_causal_train_only;raw_preprocessing_fail,100,1000,fail,null_bias,1000,0.019465253125956785,0.030824753031679888,0.020103358030256931,-0.041692411764567602,0.079270863769104638,100,100,,,"empirical paired comparison, changing support; not exact permutation p"
mahler,FA50,no_bounce,D_beh,objective,x,False,published_input_causal_train_only;raw_preprocessing_fail,100,1000,fail,matched_amplitude_ratio,1000,0.94255580191775401,0.0035267534147123522,0.94252095169876293,0.93574553779886793,0.94952537207132492,100,100,,,"empirical paired comparison, changing support; not exact permutation p"
mahler,FA50,no_bounce,D_beh,objective,x,False,published_input_causal_train_only;raw_preprocessing_fail,100,1000,fail,null_amplitude_ratio,1000,0.94279735075827142,0.0041695667592926422,0.94273244202238127,0.9343766563849758,0.95125533968884135,100,100,,,"empirical paired comparison, changing support; not exact permutation p"
mahler,FA50,no_bounce,D_beh,objective,y,False,published_input_causal_train_only;raw_preprocessing_fail,100,1000,fail,matched_r,1000,0.42402173485880812,0.0061922413817822519,0.42405404671839098,0.41193961342573709,0.43667856362524349,100,100,,,"empirical paired comparison, changing support; not exact permutation p"
mahler,FA50,no_bounce,D_beh,objective,y,False,published_input_causal_train_only;raw_preprocessing_fail,100,1000,fail,null_r,1000,0.0023404415164079016,0.013103790609024033,0.0021269299021367495,-0.022026540995469069,0.027645463776846627,100,100,,,"empirical paired comparison, changing support; not exact permutation p"
mahler,FA50,no_bounce,D_beh,objective,y,False,published_input_causal_train_only;raw_preprocessing_fail,100,1000,fail,paired_r,1000,0.42168129334240018,0.014408867037465974,0.42158575500913448,0.39302458637004706,0.44952501975721865,100,100,0,0,"empirical paired comparison, changing support; not exact permutation p"
mahler,FA50,no_bounce,D_beh,objective,y,False,published_input_causal_train_only;raw_preprocessing_fail,100,1000,fail,matched_RMSE,1000,3.6401764212072885,0.017155924778360386,3.6407461082699455,3.6056684240499681,3.6740720978277257,100,100,,,"empirical paired comparison, changing support; not exact permutation p"
mahler,FA50,no_bounce,D_beh,objective,y,False,published_input_causal_train_only;raw_preprocessing_fail,100,1000,fail,null_RMSE,1000,4.69111588810794,0.034777234103969455,4.6900102768882217,4.623715350190797,4.7620660101204031,100,100,,,"empirical paired comparison, changing support; not exact permutation p"
mahler,FA50,no_bounce,D_beh,objective,y,False,published_input_causal_train_only;raw_preprocessing_fail,100,1000,fail,paired_RMSE,1000,1.0509394669006522,0.03932108687485323,1.0509281296650066,0.97703656236308201,1.129755016375789,100,100,0,0,"empirical paired comparison, changing support; not exact permutation p"
mahler,FA50,no_bounce,D_beh,objective,y,False,published_input_causal_train_only;raw_preprocessing_fail,100,1000,fail,matched_bias,1000,0.2236073850167884,0.036238823340305919,0.22213746442999985,0.15699608161602929,0.29500420171084818,100,100,,,"empirical paired comparison, changing support; not exact permutation p"
mahler,FA50,no_bounce,D_beh,objective,y,False,published_input_causal_train_only;raw_preprocessing_fail,100,1000,fail,null_bias,1000,0.22104265297819289,0.051764234889783871,0.22285505354141039,0.11580953411450132,0.32097567056178761,100,100,,,"empirical paired comparison, changing support; not exact permutation p"
mahler,FA50,no_bounce,D_beh,objective,y,False,published_input_causal_train_only;raw_preprocessing_fail,100,1000,fail,matched_amplitude_ratio,1000,0.7398103011815228,0.0044258019209307579,0.73988844863158887,0.73116944568320752,0.74869400347358539,100,100,,,"empirical paired comparison, changing support; not exact permutation p"
mahler,FA50,no_bounce,D_beh,objective,y,False,published_input_causal_train_only;raw_preprocessing_fail,100,1000,fail,null_amplitude_ratio,1000,0.74041284014832898,0.0054382984743153789,0.74042296905340155,0.729300278635447,0.75198879173733091,100,100,,,"empirical paired comparison, changing support; not exact permutation p"
mahler,FA50,no_bounce,D_beh,behavior,x,True,published_input_causal_train_only;raw_preprocessing_fail,100,1000,fail,matched_r,1000,0.92189559659158371,0.00084909876494259425,0.92190867521222564,0.92023056171026785,0.92356595347813841,100,100,,,"empirical paired comparison, changing support; not exact permutation p"
mahler,FA50,no_bounce,D_beh,behavior,x,True,published_input_causal_train_only;raw_preprocessing_fail,100,1000,fail,null_r,1000,0.7094634915254151,0.0060035026292160976,0.70951205827708952,0.69821854786190674,0.72087857936355582,100,100,,,"empirical paired comparison, changing support; not exact permutation p"
mahler,FA50,no_bounce,D_beh,behavior,x,True,published_input_causal_train_only;raw_preprocessing_fail,100,1000,fail,paired_r,1000,0.21243210506616886,0.0058730635462487654,0.21220506712742676,0.20128911756530785,0.22408629049077619,100,100,0,0,"empirical paired comparison, changing support; not exact permutation p"
mahler,FA50,no_bounce,D_beh,behavior,x,True,published_input_causal_train_only;raw_preprocessing_fail,100,1000,fail,matched_RMSE,1000,1.3697851265682384,0.0086202088269400137,1.3697282780799029,1.3521971931354777,1.386192163369768,100,100,,,"empirical paired comparison, changing support; not exact permutation p"
mahler,FA50,no_bounce,D_beh,behavior,x,True,published_input_causal_train_only;raw_preprocessing_fail,100,1000,fail,null_RMSE,1000,2.5726463586602133,0.026218552796191584,2.5724708141546175,2.5200358334898052,2.6205005021621686,100,100,,,"empirical paired comparison, changing support; not exact permutation p"
mahler,FA50,no_bounce,D_beh,behavior,x,True,published_input_causal_train_only;raw_preprocessing_fail,100,1000,fail,paired_RMSE,1000,1.2028612320919752,0.026567084816421591,1.2023859117243312,1.1500445027732507,1.2561597978016081,100,100,0,0,"empirical paired comparison, changing support; not exact permutation p"
mahler,FA50,no_bounce,D_beh,behavior,x,True,published_input_causal_train_only;raw_preprocessing_fail,100,1000,fail,matched_bias,1000,0.019405059204314862,0.013481993354124519,0.019438171563565778,-0.0062100879016946473,0.046784963194155545,100,100,,,"empirical paired comparison, changing support; not exact permutation p"
mahler,FA50,no_bounce,D_beh,behavior,x,True,published_input_causal_train_only;raw_preprocessing_fail,100,1000,fail,null_bias,1000,0.019465253125956785,0.030824753031679888,0.020103358030256931,-0.041692411764567602,0.079270863769104638,100,100,,,"empirical paired comparison, changing support; not exact permutation p"
mahler,FA50,no_bounce,D_beh,behavior,x,True,published_input_causal_train_only;raw_preprocessing_fail,100,1000,fail,matched_amplitude_ratio,1000,0.94255580191775401,0.0035267534147123522,0.94252095169876293,0.93574553779886793,0.94952537207132492,100,100,,,"empirical paired comparison, changing support; not exact permutation p"
mahler,FA50,no_bounce,D_beh,behavior,x,True,published_input_causal_train_only;raw_preprocessing_fail,100,1000,fail,null_amplitude_ratio,1000,0.94279735075827142,0.0041695667592926422,0.94273244202238127,0.9343766563849758,0.95125533968884135,100,100,,,"empirical paired comparison, changing support; not exact permutation p"
mahler,FA50,no_bounce,D_beh,behavior,y,True,published_input_causal_train_only;raw_preprocessing_fail,100,1000,fail,matched_r,1000,0.40197219206385743,0.0062457800830407481,0.40200761115930012,0.3897704683456516,0.41463940874977889,100,100,,,"empirical paired comparison, changing support; not exact permutation p"
mahler,FA50,no_bounce,D_beh,behavior,y,True,published_input_causal_train_only;raw_preprocessing_fail,100,1000,fail,null_r,1000,0.0019443660389731514,0.012571466369037759,0.001857143900676247,-0.022624919707346775,0.02663683346714046,100,100,,,"empirical paired comparison, changing support; not exact permutation p"
mahler,FA50,no_bounce,D_beh,behavior,y,True,published_input_causal_train_only;raw_preprocessing_fail,100,1000,fail,paired_r,1000,0.40002782602488429,0.013876674174485532,0.39973027370914072,0.37290089677597471,0.42657296055881061,100,100,0,0,"empirical paired comparison, changing support; not exact permutation p"
mahler,FA50,no_bounce,D_beh,behavior,y,True,published_input_causal_train_only;raw_preprocessing_fail,100,1000,fail,matched_RMSE,1000,3.5358251522656441,0.016602558854240348,3.5360249051694437,3.5021613307350075,3.5676646773462268,100,100,,,"empirical paired comparison, changing support; not exact permutation p"
mahler,FA50,no_bounce,D_beh,behavior,y,True,published_input_causal_train_only;raw_preprocessing_fail,100,1000,fail,null_RMSE,1000,4.5013998329214884,0.032038438238543153,4.5004223178284395,4.440031539641498,4.5670049439824005,100,100,,,"empirical paired comparison, changing support; not exact permutation p"
mahler,FA50,no_bounce,D_beh,behavior,y,True,published_input_causal_train_only;raw_preprocessing_fail,100,1000,fail,paired_RMSE,1000,0.9655746806558444,0.036572778189487204,0.96451279128672862,0.89566531185744991,1.0414934529849056,100,100,0,0,"empirical paired comparison, changing support; not exact permutation p"
mahler,FA50,no_bounce,D_beh,behavior,y,True,published_input_causal_train_only;raw_preprocessing_fail,100,1000,fail,matched_bias,1000,0.29302447868673154,0.034367365062835387,0.29218122420530346,0.22911670165817136,0.36251837301652279,100,100,,,"empirical paired comparison, changing support; not exact permutation p"
mahler,FA50,no_bounce,D_beh,behavior,y,True,published_input_causal_train_only;raw_preprocessing_fail,100,1000,fail,null_bias,1000,0.2906248462359336,0.048835775018017585,0.29221304105285162,0.1907403253664518,0.38050985190391023,100,100,,,"empirical paired comparison, changing support; not exact permutation p"
mahler,FA50,no_bounce,D_beh,behavior,y,True,published_input_causal_train_only;raw_preprocessing_fail,100,1000,fail,matched_amplitude_ratio,1000,0.79139438118497374,0.0047503484087830046,0.79136704867864283,0.78224298112630086,0.80080979301906163,100,100,,,"empirical paired comparison, changing support; not exact permutation p"
mahler,FA50,no_bounce,D_beh,behavior,y,True,published_input_causal_train_only;raw_preprocessing_fail,100,1000,fail,null_amplitude_ratio,1000,0.79182587010787464,0.0055794844024617081,0.79185800424827368,0.78082446488262325,0.80325583804245171,100,100,,,"empirical paired comparison, changing support; not exact permutation p"
mahler,FA50,post_bounce,D_obj,objective,x,True,published_input_causal_train_only;raw_preprocessing_fail,100,1000,fail,matched_r,1000,0.88187056348655235,0.012517606177288032,0.88295071861926555,0.85407526039062398,0.90355052322993956,92,100,,,"empirical paired comparison, changing support; not exact permutation p"
mahler,FA50,post_bounce,D_obj,objective,x,True,published_input_causal_train_only;raw_preprocessing_fail,100,1000,fail,null_r,1000,0.5272260531216173,0.034557194806208821,0.52834137532553194,0.45987820281296971,0.59151711175977673,92,100,,,"empirical paired comparison, changing support; not exact permutation p"
mahler,FA50,post_bounce,D_obj,objective,x,True,published_input_causal_train_only;raw_preprocessing_fail,100,1000,fail,paired_r,1000,0.35464451036493505,0.033817253661171741,0.35457780115809157,0.28905755896081836,0.42357581331714411,92,100,0,0,"empirical paired comparison, changing support; not exact permutation p"
mahler,FA50,post_bounce,D_obj,objective,x,True,published_input_causal_train_only;raw_preprocessing_fail,100,1000,fail,matched_RMSE,1000,1.0138457368870546,0.024999861861664394,1.0142860638092235,0.96446126609139304,1.0632465111080538,92,100,,,"empirical paired comparison, changing support; not exact permutation p"
mahler,FA50,post_bounce,D_obj,objective,x,True,published_input_causal_train_only;raw_preprocessing_fail,100,1000,fail,null_RMSE,1000,2.2406472734456822,0.073042280547276087,2.2393379958848412,2.0923968537006692,2.3836256266691853,92,100,,,"empirical paired comparison, changing support; not exact permutation p"
mahler,FA50,post_bounce,D_obj,objective,x,True,published_input_causal_train_only;raw_preprocessing_fail,100,1000,fail,paired_RMSE,1000,1.2268015365586276,0.075238466858275205,1.225975188766848,1.0761324697854353,1.3778289641884129,92,100,0,0,"empirical paired comparison, changing support; not exact permutation p"
mahler,FA50,post_bounce,D_obj,objective,x,True,published_input_causal_train_only;raw_preprocessing_fail,100,1000,fail,matched_bias,1000,-0.13639857800282307,0.037920080750322487,-0.13590299989394483,-0.21120743455463034,-0.066074205989874846,92,100,,,"empirical paired comparison, changing support; not exact permutation p"
mahler,FA50,post_bounce,D_obj,objective,x,True,published_input_causal_train_only;raw_preprocessing_fail,100,1000,fail,null_bias,1000,-0.136624065772082,0.12504058728102921,-0.13862825075488844,-0.3879564865189819,0.11226163978363844,92,100,,,"empirical paired comparison, changing support; not exact permutation p"
mahler,FA50,post_bounce,D_obj,objective,x,True,published_input_causal_train_only;raw_preprocessing_fail,100,1000,fail,matched_amplitude_ratio,1000,1.1435828782312845,0.038372108455450901,1.1366696615462732,1.0897308150154059,1.2283615491558224,92,100,,,"empirical paired comparison, changing support; not exact permutation p"
mahler,FA50,post_bounce,D_obj,objective,x,True,published_input_causal_train_only;raw_preprocessing_fail,100,1000,fail,null_amplitude_ratio,1000,1.1706720236394343,0.053029717159542925,1.161643287394527,1.087398663627519,1.2933838303323937,92,100,,,"empirical paired comparison, changing support; not exact permutation p"
mahler,FA50,post_bounce,D_obj,objective,y,True,published_input_causal_train_only;raw_preprocessing_fail,100,1000,fail,matched_r,1000,0.54761946463317035,0.027538181201567584,0.54825358067406349,0.48996371331048655,0.60060034751429747,92,100,,,"empirical paired comparison, changing support; not exact permutation p"
mahler,FA50,post_bounce,D_obj,objective,y,True,published_input_causal_train_only;raw_preprocessing_fail,100,1000,fail,null_r,1000,0.02387268756073601,0.04323401632094493,0.024653345666776058,-0.058433554700940832,0.10736967377862566,92,100,,,"empirical paired comparison, changing support; not exact permutation p"
mahler,FA50,post_bounce,D_obj,objective,y,True,published_input_causal_train_only;raw_preprocessing_fail,100,1000,fail,paired_r,1000,0.52374677707243411,0.051852057317630068,0.52383701161323537,0.42300596661482653,0.62522689748944837,92,100,0,0,"empirical paired comparison, changing support; not exact permutation p"
mahler,FA50,post_bounce,D_obj,objective,y,True,published_input_causal_train_only;raw_preprocessing_fail,100,1000,fail,matched_RMSE,1000,5.504780273113556,0.11773421856674622,5.5031423824518555,5.2786487875705213,5.7302770155285581,92,100,,,"empirical paired comparison, changing support; not exact permutation p"
mahler,FA50,post_bounce,D_obj,objective,y,True,published_input_causal_train_only;raw_preprocessing_fail,100,1000,fail,null_RMSE,1000,7.62649491605554,0.18210502737661141,7.6239165433093508,7.268835976961987,8.0013419223726405,92,100,,,"empirical paired comparison, changing support; not exact permutation p"
mahler,FA50,post_bounce,D_obj,objective,y,True,published_input_causal_train_only;raw_preprocessing_fail,100,1000,fail,paired_RMSE,1000,2.1217146429419844,0.22414584914578775,2.1211965656027081,1.6855882541690188,2.5846041955016124,92,100,0,0,"empirical paired comparison, changing support; not exact permutation p"
mahler,FA50,post_bounce,D_obj,objective,y,True,published_input_causal_train_only;raw_preprocessing_fail,100,1000,fail,matched_bias,1000,-0.81464609909445262,0.28822872704101865,-0.81704066081674387,-1.3867892372606949,-0.2566812896542236,92,100,,,"empirical paired comparison, changing support; not exact permutation p"
mahler,FA50,post_bounce,D_obj,objective,y,True,published_input_causal_train_only;raw_preprocessing_fail,100,1000,fail,null_bias,1000,-0.81142624391013563,0.41542319367170255,-0.81341056740828699,-1.5942399485128473,-0.014976946659409176,92,100,,,"empirical paired comparison, changing support; not exact permutation p"
mahler,FA50,post_bounce,D_obj,objective,y,True,published_input_causal_train_only;raw_preprocessing_fail,100,1000,fail,matched_amplitude_ratio,1000,0.85307803878604016,0.10965451788211017,0.83645263711377837,0.68933165802022933,1.1128648291626089,92,100,,,"empirical paired comparison, changing support; not exact permutation p"
mahler,FA50,post_bounce,D_obj,objective,y,True,published_input_causal_train_only;raw_preprocessing_fail,100,1000,fail,null_amplitude_ratio,1000,0.8965036314911079,0.11377099270566816,0.88135520074902218,0.71283681827743561,1.1539968869043087,92,100,,,"empirical paired comparison, changing support; not exact permutation p"
mahler,FA50,post_bounce,D_obj,behavior,x,False,published_input_causal_train_only;raw_preprocessing_fail,100,1000,fail,matched_r,1000,0.88187056348655235,0.012517606177288032,0.88295071861926555,0.85407526039062398,0.90355052322993956,92,100,,,"empirical paired comparison, changing support; not exact permutation p"
mahler,FA50,post_bounce,D_obj,behavior,x,False,published_input_causal_train_only;raw_preprocessing_fail,100,1000,fail,null_r,1000,0.5272260531216173,0.034557194806208821,0.52834137532553194,0.45987820281296971,0.59151711175977673,92,100,,,"empirical paired comparison, changing support; not exact permutation p"
mahler,FA50,post_bounce,D_obj,behavior,x,False,published_input_causal_train_only;raw_preprocessing_fail,100,1000,fail,paired_r,1000,0.35464451036493505,0.033817253661171741,0.35457780115809157,0.28905755896081836,0.42357581331714411,92,100,0,0,"empirical paired comparison, changing support; not exact permutation p"
mahler,FA50,post_bounce,D_obj,behavior,x,False,published_input_causal_train_only;raw_preprocessing_fail,100,1000,fail,matched_RMSE,1000,1.0138457368870546,0.024999861861664394,1.0142860638092235,0.96446126609139304,1.0632465111080538,92,100,,,"empirical paired comparison, changing support; not exact permutation p"
mahler,FA50,post_bounce,D_obj,behavior,x,False,published_input_causal_train_only;raw_preprocessing_fail,100,1000,fail,null_RMSE,1000,2.2406472734456822,0.073042280547276087,2.2393379958848412,2.0923968537006692,2.3836256266691853,92,100,,,"empirical paired comparison, changing support; not exact permutation p"
mahler,FA50,post_bounce,D_obj,behavior,x,False,published_input_causal_train_only;raw_preprocessing_fail,100,1000,fail,paired_RMSE,1000,1.2268015365586276,0.075238466858275205,1.225975188766848,1.0761324697854353,1.3778289641884129,92,100,0,0,"empirical paired comparison, changing support; not exact permutation p"
mahler,FA50,post_bounce,D_obj,behavior,x,False,published_input_causal_train_only;raw_preprocessing_fail,100,1000,fail,matched_bias,1000,-0.13639857800282307,0.037920080750322487,-0.13590299989394483,-0.21120743455463034,-0.066074205989874846,92,100,,,"empirical paired comparison, changing support; not exact permutation p"
mahler,FA50,post_bounce,D_obj,behavior,x,False,published_input_causal_train_only;raw_preprocessing_fail,100,1000,fail,null_bias,1000,-0.136624065772082,0.12504058728102921,-0.13862825075488844,-0.3879564865189819,0.11226163978363844,92,100,,,"empirical paired comparison, changing support; not exact permutation p"
mahler,FA50,post_bounce,D_obj,behavior,x,False,published_input_causal_train_only;raw_preprocessing_fail,100,1000,fail,matched_amplitude_ratio,1000,1.1435828782312845,0.038372108455450901,1.1366696615462732,1.0897308150154059,1.2283615491558224,92,100,,,"empirical paired comparison, changing support; not exact permutation p"
mahler,FA50,post_bounce,D_obj,behavior,x,False,published_input_causal_train_only;raw_preprocessing_fail,100,1000,fail,null_amplitude_ratio,1000,1.1706720236394343,0.053029717159542925,1.161643287394527,1.087398663627519,1.2933838303323937,92,100,,,"empirical paired comparison, changing support; not exact permutation p"
mahler,FA50,post_bounce,D_obj,behavior,y,False,published_input_causal_train_only;raw_preprocessing_fail,100,1000,fail,matched_r,1000,0.54677314545609257,0.027342224540726389,0.54764147999873103,0.49180725921305019,0.59895234516949547,92,100,,,"empirical paired comparison, changing support; not exact permutation p"
mahler,FA50,post_bounce,D_obj,behavior,y,False,published_input_causal_train_only;raw_preprocessing_fail,100,1000,fail,null_r,1000,0.024910681725560962,0.043629022142341968,0.025425488905689776,-0.05751838288971136,0.10647785583418679,92,100,,,"empirical paired comparison, changing support; not exact permutation p"
mahler,FA50,post_bounce,D_obj,behavior,y,False,published_input_causal_train_only;raw_preprocessing_fail,100,1000,fail,paired_r,1000,0.5218624637305318,0.052216813228162864,0.5208336360299689,0.42218194422020444,0.62557487365712239,92,100,0,0,"empirical paired comparison, changing support; not exact permutation p"
mahler,FA50,post_bounce,D_obj,behavior,y,False,published_input_causal_train_only;raw_preprocessing_fail,100,1000,fail,matched_RMSE,1000,5.681392368535219,0.11337388256036719,5.6838930918200461,5.4660968091624884,5.8970498517600189,92,100,,,"empirical paired comparison, changing support; not exact permutation p"
mahler,FA50,post_bounce,D_obj,behavior,y,False,published_input_causal_train_only;raw_preprocessing_fail,100,1000,fail,null_RMSE,1000,7.7896917186399532,0.18360436783619896,7.7877430944873023,7.4235781398001439,8.163527961897854,92,100,,,"empirical paired comparison, changing support; not exact permutation p"
mahler,FA50,post_bounce,D_obj,behavior,y,False,published_input_causal_train_only;raw_preprocessing_fail,100,1000,fail,paired_RMSE,1000,2.1082993501047342,0.22088947795507896,2.0993757370811719,1.6719253714637927,2.5510806626543601,92,100,0,0,"empirical paired comparison, changing support; not exact permutation p"
mahler,FA50,post_bounce,D_obj,behavior,y,False,published_input_causal_train_only;raw_preprocessing_fail,100,1000,fail,matched_bias,1000,-0.69456539558834107,0.30048163244075249,-0.69634803648606236,-1.2989895226121186,-0.12454845891647912,92,100,,,"empirical paired comparison, changing support; not exact permutation p"
mahler,FA50,post_bounce,D_obj,behavior,y,False,published_input_causal_train_only;raw_preprocessing_fail,100,1000,fail,null_bias,1000,-0.69496287611471863,0.42978992671288541,-0.69918290000569716,-1.520707554790214,0.16184925877470871,92,100,,,"empirical paired comparison, changing support; not exact permutation p"
mahler,FA50,post_bounce,D_obj,behavior,y,False,published_input_causal_train_only;raw_preprocessing_fail,100,1000,fail,matched_amplitude_ratio,1000,0.87417628805553904,0.11315036153304249,0.85595444562623557,0.69907636996740641,1.1471840206882395,92,100,,,"empirical paired comparison, changing support; not exact permutation p"
mahler,FA50,post_bounce,D_obj,behavior,y,False,published_input_causal_train_only;raw_preprocessing_fail,100,1000,fail,null_amplitude_ratio,1000,0.91600354641444182,0.11277049027604849,0.90593072256785612,0.73095915286332536,1.1579433354097524,92,100,,,"empirical paired comparison, changing support; not exact permutation p"
mahler,FA50,post_bounce,D_beh,objective,x,False,published_input_causal_train_only;raw_preprocessing_fail,100,1000,fail,matched_r,1000,0.88187056348655235,0.012517606177288032,0.88295071861926555,0.85407526039062398,0.90355052322993956,92,100,,,"empirical paired comparison, changing support; not exact permutation p"
mahler,FA50,post_bounce,D_beh,objective,x,False,published_input_causal_train_only;raw_preprocessing_fail,100,1000,fail,null_r,1000,0.5272260531216173,0.034557194806208821,0.52834137532553194,0.45987820281296971,0.59151711175977673,92,100,,,"empirical paired comparison, changing support; not exact permutation p"
mahler,FA50,post_bounce,D_beh,objective,x,False,published_input_causal_train_only;raw_preprocessing_fail,100,1000,fail,paired_r,1000,0.35464451036493505,0.033817253661171741,0.35457780115809157,0.28905755896081836,0.42357581331714411,92,100,0,0,"empirical paired comparison, changing support; not exact permutation p"
mahler,FA50,post_bounce,D_beh,objective,x,False,published_input_causal_train_only;raw_preprocessing_fail,100,1000,fail,matched_RMSE,1000,1.0138457368870546,0.024999861861664394,1.0142860638092235,0.96446126609139304,1.0632465111080538,92,100,,,"empirical paired comparison, changing support; not exact permutation p"
mahler,FA50,post_bounce,D_beh,objective,x,False,published_input_causal_train_only;raw_preprocessing_fail,100,1000,fail,null_RMSE,1000,2.2406472734456822,0.073042280547276087,2.2393379958848412,2.0923968537006692,2.3836256266691853,92,100,,,"empirical paired comparison, changing support; not exact permutation p"
mahler,FA50,post_bounce,D_beh,objective,x,False,published_input_causal_train_only;raw_preprocessing_fail,100,1000,fail,paired_RMSE,1000,1.2268015365586276,0.075238466858275205,1.225975188766848,1.0761324697854353,1.3778289641884129,92,100,0,0,"empirical paired comparison, changing support; not exact permutation p"
mahler,FA50,post_bounce,D_beh,objective,x,False,published_input_causal_train_only;raw_preprocessing_fail,100,1000,fail,matched_bias,1000,-0.13639857800282307,0.037920080750322487,-0.13590299989394483,-0.21120743455463034,-0.066074205989874846,92,100,,,"empirical paired comparison, changing support; not exact permutation p"
mahler,FA50,post_bounce,D_beh,objective,x,False,published_input_causal_train_only;raw_preprocessing_fail,100,1000,fail,null_bias,1000,-0.136624065772082,0.12504058728102921,-0.13862825075488844,-0.3879564865189819,0.11226163978363844,92,100,,,"empirical paired comparison, changing support; not exact permutation p"
mahler,FA50,post_bounce,D_beh,objective,x,False,published_input_causal_train_only;raw_preprocessing_fail,100,1000,fail,matched_amplitude_ratio,1000,1.1435828782312845,0.038372108455450901,1.1366696615462732,1.0897308150154059,1.2283615491558224,92,100,,,"empirical paired comparison, changing support; not exact permutation p"
mahler,FA50,post_bounce,D_beh,objective,x,False,published_input_causal_train_only;raw_preprocessing_fail,100,1000,fail,null_amplitude_ratio,1000,1.1706720236394343,0.053029717159542925,1.161643287394527,1.087398663627519,1.2933838303323937,92,100,,,"empirical paired comparison, changing support; not exact permutation p"
mahler,FA50,post_bounce,D_beh,objective,y,False,published_input_causal_train_only;raw_preprocessing_fail,100,1000,fail,matched_r,1000,0.53657031673166611,0.028162315129289489,0.53748386380076429,0.47826858640747594,0.59127520540094269,92,100,,,"empirical paired comparison, changing support; not exact permutation p"
mahler,FA50,post_bounce,D_beh,objective,y,False,published_input_causal_train_only;raw_preprocessing_fail,100,1000,fail,null_r,1000,0.023704209976820288,0.043025810824238571,0.023881208937278034,-0.058968860783921523,0.10688404887369646,92,100,,,"empirical paired comparison, changing support; not exact permutation p"
mahler,FA50,post_bounce,D_beh,objective,y,False,published_input_causal_train_only;raw_preprocessing_fail,100,1000,fail,paired_r,1000,0.51286610675484601,0.051824361883868984,0.51258927558931722,0.41203872020045967,0.61436622145198894,92,100,0,0,"empirical paired comparison, changing support; not exact permutation p"
mahler,FA50,post_bounce,D_beh,objective,y,False,published_input_causal_train_only;raw_preprocessing_fail,100,1000,fail,matched_RMSE,1000,5.5743587773149352,0.11979205431029225,5.5682163541388983,5.3430779239675612,5.8016420929667349,92,100,,,"empirical paired comparison, changing support; not exact permutation p"
mahler,FA50,post_bounce,D_beh,objective,y,False,published_input_causal_train_only;raw_preprocessing_fail,100,1000,fail,null_RMSE,1000,7.6223245759569744,0.18120881108224487,7.6193403086927969,7.2617793626140541,7.9962355664360745,92,100,,,"empirical paired comparison, changing support; not exact permutation p"
mahler,FA50,post_bounce,D_beh,objective,y,False,published_input_causal_train_only;raw_preprocessing_fail,100,1000,fail,paired_RMSE,1000,2.0479657986420392,0.22454158518578313,2.0480445725511727,1.6135745561878756,2.5043867771547559,92,100,0,0,"empirical paired comparison, changing support; not exact permutation p"
mahler,FA50,post_bounce,D_beh,objective,y,False,published_input_causal_train_only;raw_preprocessing_fail,100,1000,fail,matched_bias,1000,-0.88408371265856822,0.29188722537193779,-0.88501515353363513,-1.464859961402976,-0.32184169402978868,92,100,,,"empirical paired comparison, changing support; not exact permutation p"
mahler,FA50,post_bounce,D_beh,objective,y,False,published_input_causal_train_only;raw_preprocessing_fail,100,1000,fail,null_bias,1000,-0.88086385747425111,0.41491333526754964,-0.88496730044263017,-1.6514787005146243,-0.088704881960161575,92,100,,,"empirical paired comparison, changing support; not exact permutation p"
mahler,FA50,post_bounce,D_beh,objective,y,False,published_input_causal_train_only;raw_preprocessing_fail,100,1000,fail,matched_amplitude_ratio,1000,0.84280956617100034,0.10873570883973015,0.82655739570272568,0.68112044415592821,1.097173262983024,92,100,,,"empirical paired comparison, changing support; not exact permutation p"
mahler,FA50,post_bounce,D_beh,objective,y,False,published_input_causal_train_only;raw_preprocessing_fail,100,1000,fail,null_amplitude_ratio,1000,0.88473071335999687,0.11345538311135582,0.8672270020613988,0.70022874311818262,1.1484621431816144,92,100,,,"empirical paired comparison, changing support; not exact permutation p"
mahler,FA50,post_bounce,D_beh,behavior,x,True,published_input_causal_train_only;raw_preprocessing_fail,100,1000,fail,matched_r,1000,0.88187056348655235,0.012517606177288032,0.88295071861926555,0.85407526039062398,0.90355052322993956,92,100,,,"empirical paired comparison, changing support; not exact permutation p"
mahler,FA50,post_bounce,D_beh,behavior,x,True,published_input_causal_train_only;raw_preprocessing_fail,100,1000,fail,null_r,1000,0.5272260531216173,0.034557194806208821,0.52834137532553194,0.45987820281296971,0.59151711175977673,92,100,,,"empirical paired comparison, changing support; not exact permutation p"
mahler,FA50,post_bounce,D_beh,behavior,x,True,published_input_causal_train_only;raw_preprocessing_fail,100,1000,fail,paired_r,1000,0.35464451036493505,0.033817253661171741,0.35457780115809157,0.28905755896081836,0.42357581331714411,92,100,0,0,"empirical paired comparison, changing support; not exact permutation p"
mahler,FA50,post_bounce,D_beh,behavior,x,True,published_input_causal_train_only;raw_preprocessing_fail,100,1000,fail,matched_RMSE,1000,1.0138457368870546,0.024999861861664394,1.0142860638092235,0.96446126609139304,1.0632465111080538,92,100,,,"empirical paired comparison, changing support; not exact permutation p"
mahler,FA50,post_bounce,D_beh,behavior,x,True,published_input_causal_train_only;raw_preprocessing_fail,100,1000,fail,null_RMSE,1000,2.2406472734456822,0.073042280547276087,2.2393379958848412,2.0923968537006692,2.3836256266691853,92,100,,,"empirical paired comparison, changing support; not exact permutation p"
mahler,FA50,post_bounce,D_beh,behavior,x,True,published_input_causal_train_only;raw_preprocessing_fail,100,1000,fail,paired_RMSE,1000,1.2268015365586276,0.075238466858275205,1.225975188766848,1.0761324697854353,1.3778289641884129,92,100,0,0,"empirical paired comparison, changing support; not exact permutation p"
mahler,FA50,post_bounce,D_beh,behavior,x,True,published_input_causal_train_only;raw_preprocessing_fail,100,1000,fail,matched_bias,1000,-0.13639857800282307,0.037920080750322487,-0.13590299989394483,-0.21120743455463034,-0.066074205989874846,92,100,,,"empirical paired comparison, changing support; not exact permutation p"
mahler,FA50,post_bounce,D_beh,behavior,x,True,published_input_causal_train_only;raw_preprocessing_fail,100,1000,fail,null_bias,1000,-0.136624065772082,0.12504058728102921,-0.13862825075488844,-0.3879564865189819,0.11226163978363844,92,100,,,"empirical paired comparison, changing support; not exact permutation p"
mahler,FA50,post_bounce,D_beh,behavior,x,True,published_input_causal_train_only;raw_preprocessing_fail,100,1000,fail,matched_amplitude_ratio,1000,1.1435828782312845,0.038372108455450901,1.1366696615462732,1.0897308150154059,1.2283615491558224,92,100,,,"empirical paired comparison, changing support; not exact permutation p"
mahler,FA50,post_bounce,D_beh,behavior,x,True,published_input_causal_train_only;raw_preprocessing_fail,100,1000,fail,null_amplitude_ratio,1000,1.1706720236394343,0.053029717159542925,1.161643287394527,1.087398663627519,1.2933838303323937,92,100,,,"empirical paired comparison, changing support; not exact permutation p"
mahler,FA50,post_bounce,D_beh,behavior,y,True,published_input_causal_train_only;raw_preprocessing_fail,100,1000,fail,matched_r,1000,0.53534935757948454,0.0279827338301737,0.53629738177038555,0.47786433906812731,0.58869853022979601,92,100,,,"empirical paired comparison, changing support; not exact permutation p"
mahler,FA50,post_bounce,D_beh,behavior,y,True,published_input_causal_train_only;raw_preprocessing_fail,100,1000,fail,null_r,1000,0.024443790955874262,0.043417462396051459,0.025501935028668626,-0.059668826380360362,0.10619207142714697,92,100,,,"empirical paired comparison, changing support; not exact permutation p"
mahler,FA50,post_bounce,D_beh,behavior,y,True,published_input_causal_train_only;raw_preprocessing_fail,100,1000,fail,paired_r,1000,0.5109055666236102,0.052201428270395533,0.5104014728546209,0.40957487409436921,0.61472710146201692,92,100,0,0,"empirical paired comparison, changing support; not exact permutation p"
mahler,FA50,post_bounce,D_beh,behavior,y,True,published_input_causal_train_only;raw_preprocessing_fail,100,1000,fail,matched_RMSE,1000,5.7523399155657611,0.11608675224113367,5.7521270372370523,5.5315173791746686,5.9692994380351747,92,100,,,"empirical paired comparison, changing support; not exact permutation p"
mahler,FA50,post_bounce,D_beh,behavior,y,True,published_input_causal_train_only;raw_preprocessing_fail,100,1000,fail,null_RMSE,1000,7.7871878620942985,0.18282817659067327,7.7836002148263344,7.4241825265895374,8.1532821976398626,92,100,,,"empirical paired comparison, changing support; not exact permutation p"
mahler,FA50,post_bounce,D_beh,behavior,y,True,published_input_causal_train_only;raw_preprocessing_fail,100,1000,fail,paired_RMSE,1000,2.0348479465285383,0.22155484300895775,2.0277341101056807,1.5981697666263239,2.4783307769250498,92,100,0,0,"empirical paired comparison, changing support; not exact permutation p"
mahler,FA50,post_bounce,D_beh,behavior,y,True,published_input_causal_train_only;raw_preprocessing_fail,100,1000,fail,matched_bias,1000,-0.76400300915245656,0.30433204289480725,-0.76189981602247192,-1.388150333247091,-0.19090198964135452,92,100,,,"empirical paired comparison, changing support; not exact permutation p"
mahler,FA50,post_bounce,D_beh,behavior,y,True,published_input_causal_train_only;raw_preprocessing_fail,100,1000,fail,null_bias,1000,-0.76440048967883401,0.42938944375959592,-0.76830565990817667,-1.5795893911811347,0.092222218415866197,92,100,,,"empirical paired comparison, changing support; not exact permutation p"
mahler,FA50,post_bounce,D_beh,behavior,y,True,published_input_causal_train_only;raw_preprocessing_fail,100,1000,fail,matched_amplitude_ratio,1000,0.86308229656066171,0.11160518162463415,0.84752549607408068,0.68874122740513932,1.12386242593876,92,100,,,"empirical paired comparison, changing support; not exact permutation p"
mahler,FA50,post_bounce,D_beh,behavior,y,True,published_input_causal_train_only;raw_preprocessing_fail,100,1000,fail,null_amplitude_ratio,1000,0.90370246217399963,0.11160539376563196,0.89259765477962105,0.72051928506546326,1.1404934563551274,92,100,,,"empirical paired comparison, changing support; not exact permutation p"
mahler,GPFA50,full,D_obj,objective,x,True,published_input_causal_train_only;raw_preprocessing_fail,100,1000,fail,matched_r,1000,0.92681901794545452,0.00022112892076664597,0.92681837231644781,0.92638752674545011,0.92724263857863976,100,100,,,"empirical paired comparison, changing support; not exact permutation p"
mahler,GPFA50,full,D_obj,objective,x,True,published_input_causal_train_only;raw_preprocessing_fail,100,1000,fail,null_r,1000,0.72994376648179082,0.003290864720991586,0.73000465754077948,0.72369997685181187,0.73678245341659221,100,100,,,"empirical paired comparison, changing support; not exact permutation p"
mahler,GPFA50,full,D_obj,objective,x,True,published_input_causal_train_only;raw_preprocessing_fail,100,1000,fail,paired_r,1000,0.19687525146366375,0.0032402313718214401,0.19683763090859963,0.19025952333533999,0.20314219653973203,100,100,0,0,"empirical paired comparison, changing support; not exact permutation p"
mahler,GPFA50,full,D_obj,objective,x,True,published_input_causal_train_only;raw_preprocessing_fail,100,1000,fail,matched_RMSE,1000,1.3228390051413772,0.0015691275628450503,1.3228145225301635,1.3196045182752698,1.3258852135193526,100,100,,,"empirical paired comparison, changing support; not exact permutation p"
mahler,GPFA50,full,D_obj,objective,x,True,published_input_causal_train_only;raw_preprocessing_fail,100,1000,fail,null_RMSE,1000,2.470285603860618,0.014390704920093143,2.4701563712033936,2.4410794892532954,2.4982662789380599,100,100,,,"empirical paired comparison, changing support; not exact permutation p"
mahler,GPFA50,full,D_obj,objective,x,True,published_input_causal_train_only;raw_preprocessing_fail,100,1000,fail,paired_RMSE,1000,1.1474465987192406,0.014218174386474807,1.1473039617347864,1.1185071086699376,1.1753391896382299,100,100,0,0,"empirical paired comparison, changing support; not exact permutation p"
mahler,GPFA50,full,D_obj,objective,x,True,published_input_causal_train_only;raw_preprocessing_fail,100,1000,fail,matched_bias,1000,0.063285127923187134,0.0021870384390066896,0.063198492964041383,0.059161930002103548,0.067555461701764241,100,100,,,"empirical paired comparison, changing support; not exact permutation p"
mahler,GPFA50,full,D_obj,objective,x,True,published_input_causal_train_only;raw_preprocessing_fail,100,1000,fail,null_bias,1000,0.063154458006956668,0.0043711792497235511,0.063053084809365806,0.054731135873532628,0.071262812873390494,100,100,,,"empirical paired comparison, changing support; not exact permutation p"
mahler,GPFA50,full,D_obj,objective,x,True,published_input_causal_train_only;raw_preprocessing_fail,100,1000,fail,matched_amplitude_ratio,1000,0.93372986097976995,0.00069254152507614518,0.93370391994429847,0.93242743691227647,0.93507352517235387,100,100,,,"empirical paired comparison, changing support; not exact permutation p"
mahler,GPFA50,full,D_obj,objective,x,True,published_input_causal_train_only;raw_preprocessing_fail,100,1000,fail,null_amplitude_ratio,1000,0.93375963186593613,0.0013871209162484438,0.93375230505260509,0.93112886642182202,0.93638280518088945,100,100,,,"empirical paired comparison, changing support; not exact permutation p"
mahler,GPFA50,full,D_obj,objective,y,True,published_input_causal_train_only;raw_preprocessing_fail,100,1000,fail,matched_r,1000,0.54494583271722397,0.0013026429540087393,0.5449500522543399,0.54220018752078036,0.54745783484982735,100,100,,,"empirical paired comparison, changing support; not exact permutation p"
mahler,GPFA50,full,D_obj,objective,y,True,published_input_causal_train_only;raw_preprocessing_fail,100,1000,fail,null_r,1000,-0.00042389003443963393,0.011287910290756979,-0.00020342410737626089,-0.022715903517626208,0.021152701818326767,100,100,,,"empirical paired comparison, changing support; not exact permutation p"
mahler,GPFA50,full,D_obj,objective,y,True,published_input_causal_train_only;raw_preprocessing_fail,100,1000,fail,paired_r,1000,0.54536972275166362,0.011342973174003517,0.54524094761661135,0.52355803635329934,0.56828322093336781,100,100,0,0,"empirical paired comparison, changing support; not exact permutation p"
mahler,GPFA50,full,D_obj,objective,y,True,published_input_causal_train_only;raw_preprocessing_fail,100,1000,fail,matched_RMSE,1000,4.4147349392066078,0.0067023067597659219,4.4147501502138589,4.4012294032648729,4.4283532832588497,100,100,,,"empirical paired comparison, changing support; not exact permutation p"
mahler,GPFA50,full,D_obj,objective,y,True,published_input_causal_train_only;raw_preprocessing_fail,100,1000,fail,null_RMSE,1000,6.0841118902302158,0.030752008455774794,6.0831968145129416,6.0241539836013835,6.1457141467041341,100,100,,,"empirical paired comparison, changing support; not exact permutation p"
mahler,GPFA50,full,D_obj,objective,y,True,published_input_causal_train_only;raw_preprocessing_fail,100,1000,fail,paired_RMSE,1000,1.6693769510236078,0.031257050278032515,1.6698771749038739,1.6105683961008241,1.7331769760706897,100,100,0,0,"empirical paired comparison, changing support; not exact permutation p"
mahler,GPFA50,full,D_obj,objective,y,True,published_input_causal_train_only;raw_preprocessing_fail,100,1000,fail,matched_bias,1000,-0.0053935848691127053,0.0097332541582062782,-0.0050910583871469715,-0.025500138817294717,0.012792505009440736,100,100,,,"empirical paired comparison, changing support; not exact permutation p"
mahler,GPFA50,full,D_obj,objective,y,True,published_input_causal_train_only;raw_preprocessing_fail,100,1000,fail,null_bias,1000,-0.0062584471701742292,0.013577997203551477,-0.0063074957260497071,-0.03364986188053113,0.020226376123610168,100,100,,,"empirical paired comparison, changing support; not exact permutation p"
mahler,GPFA50,full,D_obj,objective,y,True,published_input_causal_train_only;raw_preprocessing_fail,100,1000,fail,matched_amplitude_ratio,1000,0.60790537908208386,0.0011574877211093201,0.60791952255035664,0.60563809679402714,0.61009743927236604,100,100,,,"empirical paired comparison, changing support; not exact permutation p"
mahler,GPFA50,full,D_obj,objective,y,True,published_input_causal_train_only;raw_preprocessing_fail,100,1000,fail,null_amplitude_ratio,1000,0.60790831436281068,0.0012966518754167374,0.60791314084145853,0.60547227624127298,0.61053862547499416,100,100,,,"empirical paired comparison, changing support; not exact permutation p"
mahler,GPFA50,full,D_obj,behavior,x,False,published_input_causal_train_only;raw_preprocessing_fail,100,1000,fail,matched_r,1000,0.92681901794545452,0.00022112892076664597,0.92681837231644781,0.92638752674545011,0.92724263857863976,100,100,,,"empirical paired comparison, changing support; not exact permutation p"
mahler,GPFA50,full,D_obj,behavior,x,False,published_input_causal_train_only;raw_preprocessing_fail,100,1000,fail,null_r,1000,0.72994376648179082,0.003290864720991586,0.73000465754077948,0.72369997685181187,0.73678245341659221,100,100,,,"empirical paired comparison, changing support; not exact permutation p"
mahler,GPFA50,full,D_obj,behavior,x,False,published_input_causal_train_only;raw_preprocessing_fail,100,1000,fail,paired_r,1000,0.19687525146366375,0.0032402313718214401,0.19683763090859963,0.19025952333533999,0.20314219653973203,100,100,0,0,"empirical paired comparison, changing support; not exact permutation p"
mahler,GPFA50,full,D_obj,behavior,x,False,published_input_causal_train_only;raw_preprocessing_fail,100,1000,fail,matched_RMSE,1000,1.3228390051413772,0.0015691275628450503,1.3228145225301635,1.3196045182752698,1.3258852135193526,100,100,,,"empirical paired comparison, changing support; not exact permutation p"
mahler,GPFA50,full,D_obj,behavior,x,False,published_input_causal_train_only;raw_preprocessing_fail,100,1000,fail,null_RMSE,1000,2.470285603860618,0.014390704920093143,2.4701563712033936,2.4410794892532954,2.4982662789380599,100,100,,,"empirical paired comparison, changing support; not exact permutation p"
mahler,GPFA50,full,D_obj,behavior,x,False,published_input_causal_train_only;raw_preprocessing_fail,100,1000,fail,paired_RMSE,1000,1.1474465987192406,0.014218174386474807,1.1473039617347864,1.1185071086699376,1.1753391896382299,100,100,0,0,"empirical paired comparison, changing support; not exact permutation p"
mahler,GPFA50,full,D_obj,behavior,x,False,published_input_causal_train_only;raw_preprocessing_fail,100,1000,fail,matched_bias,1000,0.063285127923187134,0.0021870384390066896,0.063198492964041383,0.059161930002103548,0.067555461701764241,100,100,,,"empirical paired comparison, changing support; not exact permutation p"
mahler,GPFA50,full,D_obj,behavior,x,False,published_input_causal_train_only;raw_preprocessing_fail,100,1000,fail,null_bias,1000,0.063154458006956668,0.0043711792497235511,0.063053084809365806,0.054731135873532628,0.071262812873390494,100,100,,,"empirical paired comparison, changing support; not exact permutation p"
mahler,GPFA50,full,D_obj,behavior,x,False,published_input_causal_train_only;raw_preprocessing_fail,100,1000,fail,matched_amplitude_ratio,1000,0.93372986097976995,0.00069254152507614518,0.93370391994429847,0.93242743691227647,0.93507352517235387,100,100,,,"empirical paired comparison, changing support; not exact permutation p"
mahler,GPFA50,full,D_obj,behavior,x,False,published_input_causal_train_only;raw_preprocessing_fail,100,1000,fail,null_amplitude_ratio,1000,0.93375963186593613,0.0013871209162484438,0.93375230505260509,0.93112886642182202,0.93638280518088945,100,100,,,"empirical paired comparison, changing support; not exact permutation p"
mahler,GPFA50,full,D_obj,behavior,y,False,published_input_causal_train_only;raw_preprocessing_fail,100,1000,fail,matched_r,1000,0.53201166860504134,0.0013736451196344176,0.53201265542646436,0.52927053001305513,0.5346507701073977,100,100,,,"empirical paired comparison, changing support; not exact permutation p"
mahler,GPFA50,full,D_obj,behavior,y,False,published_input_causal_train_only;raw_preprocessing_fail,100,1000,fail,null_r,1000,-3.728371230841132e-05,0.011291296158626674,1.2159067271547419e-05,-0.022626561139304169,0.020987614252845135,100,100,,,"empirical paired comparison, changing support; not exact permutation p"
mahler,GPFA50,full,D_obj,behavior,y,False,published_input_causal_train_only;raw_preprocessing_fail,100,1000,fail,paired_r,1000,0.53204895231734983,0.011354269225691715,0.53187231434361171,0.51072077144645023,0.55512101202437802,100,100,0,0,"empirical paired comparison, changing support; not exact permutation p"
mahler,GPFA50,full,D_obj,behavior,y,False,published_input_causal_train_only;raw_preprocessing_fail,100,1000,fail,matched_RMSE,1000,4.3938466296116241,0.0070671628308114605,4.3939795280511227,4.3798457759935783,4.4078801110460448,100,100,,,"empirical paired comparison, changing support; not exact permutation p"
mahler,GPFA50,full,D_obj,behavior,y,False,published_input_causal_train_only;raw_preprocessing_fail,100,1000,fail,null_RMSE,1000,6.009038526070146,0.030704424649296857,6.0083135158316443,5.950047273204631,6.0703865112345037,100,100,,,"empirical paired comparison, changing support; not exact permutation p"
mahler,GPFA50,full,D_obj,behavior,y,False,published_input_causal_train_only;raw_preprocessing_fail,100,1000,fail,paired_RMSE,1000,1.6151918964585221,0.031268354447587701,1.6159110470675537,1.5560437217716998,1.6771496828918817,100,100,0,0,"empirical paired comparison, changing support; not exact permutation p"
mahler,GPFA50,full,D_obj,behavior,y,False,published_input_causal_train_only;raw_preprocessing_fail,100,1000,fail,matched_bias,1000,0.056347101367146268,0.010042033499484539,0.056381803984466433,0.035820577876372238,0.07626134313051483,100,100,,,"empirical paired comparison, changing support; not exact permutation p"
mahler,GPFA50,full,D_obj,behavior,y,False,published_input_causal_train_only;raw_preprocessing_fail,100,1000,fail,null_bias,1000,0.055342577377567363,0.013800973400281661,0.055284345020399916,0.027779676183470194,0.082504329111437166,100,100,,,"empirical paired comparison, changing support; not exact permutation p"
mahler,GPFA50,full,D_obj,behavior,y,False,published_input_causal_train_only;raw_preprocessing_fail,100,1000,fail,matched_amplitude_ratio,1000,0.61862710898489592,0.0012238750066787625,0.61860725187819232,0.61619140450366727,0.62100846367815354,100,100,,,"empirical paired comparison, changing support; not exact permutation p"
mahler,GPFA50,full,D_obj,behavior,y,False,published_input_causal_train_only;raw_preprocessing_fail,100,1000,fail,null_amplitude_ratio,1000,0.61863702778097285,0.0013390208446836672,0.61865793023391358,0.61610686742298248,0.62131791977253692,100,100,,,"empirical paired comparison, changing support; not exact permutation p"
mahler,GPFA50,full,D_beh,objective,x,False,published_input_causal_train_only;raw_preprocessing_fail,100,1000,fail,matched_r,1000,0.92681901794545452,0.00022112892076664597,0.92681837231644781,0.92638752674545011,0.92724263857863976,100,100,,,"empirical paired comparison, changing support; not exact permutation p"
mahler,GPFA50,full,D_beh,objective,x,False,published_input_causal_train_only;raw_preprocessing_fail,100,1000,fail,null_r,1000,0.72994376648179082,0.003290864720991586,0.73000465754077948,0.72369997685181187,0.73678245341659221,100,100,,,"empirical paired comparison, changing support; not exact permutation p"
mahler,GPFA50,full,D_beh,objective,x,False,published_input_causal_train_only;raw_preprocessing_fail,100,1000,fail,paired_r,1000,0.19687525146366375,0.0032402313718214401,0.19683763090859963,0.19025952333533999,0.20314219653973203,100,100,0,0,"empirical paired comparison, changing support; not exact permutation p"
mahler,GPFA50,full,D_beh,objective,x,False,published_input_causal_train_only;raw_preprocessing_fail,100,1000,fail,matched_RMSE,1000,1.3228390051413772,0.0015691275628450503,1.3228145225301635,1.3196045182752698,1.3258852135193526,100,100,,,"empirical paired comparison, changing support; not exact permutation p"
mahler,GPFA50,full,D_beh,objective,x,False,published_input_causal_train_only;raw_preprocessing_fail,100,1000,fail,null_RMSE,1000,2.470285603860618,0.014390704920093143,2.4701563712033936,2.4410794892532954,2.4982662789380599,100,100,,,"empirical paired comparison, changing support; not exact permutation p"
mahler,GPFA50,full,D_beh,objective,x,False,published_input_causal_train_only;raw_preprocessing_fail,100,1000,fail,paired_RMSE,1000,1.1474465987192406,0.014218174386474807,1.1473039617347864,1.1185071086699376,1.1753391896382299,100,100,0,0,"empirical paired comparison, changing support; not exact permutation p"
mahler,GPFA50,full,D_beh,objective,x,False,published_input_causal_train_only;raw_preprocessing_fail,100,1000,fail,matched_bias,1000,0.063285127923187134,0.0021870384390066896,0.063198492964041383,0.059161930002103548,0.067555461701764241,100,100,,,"empirical paired comparison, changing support; not exact permutation p"
mahler,GPFA50,full,D_beh,objective,x,False,published_input_causal_train_only;raw_preprocessing_fail,100,1000,fail,null_bias,1000,0.063154458006956668,0.0043711792497235511,0.063053084809365806,0.054731135873532628,0.071262812873390494,100,100,,,"empirical paired comparison, changing support; not exact permutation p"
mahler,GPFA50,full,D_beh,objective,x,False,published_input_causal_train_only;raw_preprocessing_fail,100,1000,fail,matched_amplitude_ratio,1000,0.93372986097976995,0.00069254152507614518,0.93370391994429847,0.93242743691227647,0.93507352517235387,100,100,,,"empirical paired comparison, changing support; not exact permutation p"
mahler,GPFA50,full,D_beh,objective,x,False,published_input_causal_train_only;raw_preprocessing_fail,100,1000,fail,null_amplitude_ratio,1000,0.93375963186593613,0.0013871209162484438,0.93375230505260509,0.93112886642182202,0.93638280518088945,100,100,,,"empirical paired comparison, changing support; not exact permutation p"
mahler,GPFA50,full,D_beh,objective,y,False,published_input_causal_train_only;raw_preprocessing_fail,100,1000,fail,matched_r,1000,0.53260380038083743,0.001360852426698382,0.53259320989000813,0.52984050329039412,0.53525862810369396,100,100,,,"empirical paired comparison, changing support; not exact permutation p"
mahler,GPFA50,full,D_beh,objective,y,False,published_input_causal_train_only;raw_preprocessing_fail,100,1000,fail,null_r,1000,-0.00059620237448058033,0.011264761026624175,-0.00065315294769500011,-0.022911771180683865,0.021082792124256355,100,100,,,"empirical paired comparison, changing support; not exact permutation p"
mahler,GPFA50,full,D_beh,objective,y,False,published_input_causal_train_only;raw_preprocessing_fail,100,1000,fail,paired_r,1000,0.53320000275531809,0.011326099005527081,0.53308670459102259,0.51175434281276366,0.55609106839804656,100,100,0,0,"empirical paired comparison, changing support; not exact permutation p"
mahler,GPFA50,full,D_beh,objective,y,False,published_input_causal_train_only;raw_preprocessing_fail,100,1000,fail,matched_RMSE,1000,4.4539053016113952,0.0067809638939471881,4.4540589363553629,4.4404442891833771,4.4673823968255064,100,100,,,"empirical paired comparison, changing support; not exact permutation p"
mahler,GPFA50,full,D_beh,objective,y,False,published_input_causal_train_only;raw_preprocessing_fail,100,1000,fail,null_RMSE,1000,6.0446022401331287,0.030108523103920801,6.0442709204082714,5.9851731078156503,6.1070226433526518,100,100,,,"empirical paired comparison, changing support; not exact permutation p"
mahler,GPFA50,full,D_beh,objective,y,False,published_input_causal_train_only;raw_preprocessing_fail,100,1000,fail,paired_RMSE,1000,1.590696938521734,0.030655412995364381,1.5904456346445202,1.5333266066755304,1.6545247637954481,100,100,0,0,"empirical paired comparison, changing support; not exact permutation p"
mahler,GPFA50,full,D_beh,objective,y,False,published_input_causal_train_only;raw_preprocessing_fail,100,1000,fail,matched_bias,1000,-0.065783070130619625,0.0098256258744523449,-0.06572843057967695,-0.085528023693621627,-0.047298295125941393,100,100,,,"empirical paired comparison, changing support; not exact permutation p"
mahler,GPFA50,full,D_beh,objective,y,False,published_input_causal_train_only;raw_preprocessing_fail,100,1000,fail,null_bias,1000,-0.066647932431681156,0.01350879112552229,-0.066482781461990784,-0.093887164652973143,-0.040393537984022947,100,100,,,"empirical paired comparison, changing support; not exact permutation p"
mahler,GPFA50,full,D_beh,objective,y,False,published_input_causal_train_only;raw_preprocessing_fail,100,1000,fail,matched_amplitude_ratio,1000,0.59198750903164654,0.0011000537090635799,0.59199438345507849,0.58975115254820476,0.59407982826668093,100,100,,,"empirical paired comparison, changing support; not exact permutation p"
mahler,GPFA50,full,D_beh,objective,y,False,published_input_causal_train_only;raw_preprocessing_fail,100,1000,fail,null_amplitude_ratio,1000,0.59198795324380982,0.0012343653208692991,0.59201650736553446,0.58962314204397714,0.59441113434087889,100,100,,,"empirical paired comparison, changing support; not exact permutation p"
mahler,GPFA50,full,D_beh,behavior,x,True,published_input_causal_train_only;raw_preprocessing_fail,100,1000,fail,matched_r,1000,0.92681901794545452,0.00022112892076664597,0.92681837231644781,0.92638752674545011,0.92724263857863976,100,100,,,"empirical paired comparison, changing support; not exact permutation p"
mahler,GPFA50,full,D_beh,behavior,x,True,published_input_causal_train_only;raw_preprocessing_fail,100,1000,fail,null_r,1000,0.72994376648179082,0.003290864720991586,0.73000465754077948,0.72369997685181187,0.73678245341659221,100,100,,,"empirical paired comparison, changing support; not exact permutation p"
mahler,GPFA50,full,D_beh,behavior,x,True,published_input_causal_train_only;raw_preprocessing_fail,100,1000,fail,paired_r,1000,0.19687525146366375,0.0032402313718214401,0.19683763090859963,0.19025952333533999,0.20314219653973203,100,100,0,0,"empirical paired comparison, changing support; not exact permutation p"
mahler,GPFA50,full,D_beh,behavior,x,True,published_input_causal_train_only;raw_preprocessing_fail,100,1000,fail,matched_RMSE,1000,1.3228390051413772,0.0015691275628450503,1.3228145225301635,1.3196045182752698,1.3258852135193526,100,100,,,"empirical paired comparison, changing support; not exact permutation p"
mahler,GPFA50,full,D_beh,behavior,x,True,published_input_causal_train_only;raw_preprocessing_fail,100,1000,fail,null_RMSE,1000,2.470285603860618,0.014390704920093143,2.4701563712033936,2.4410794892532954,2.4982662789380599,100,100,,,"empirical paired comparison, changing support; not exact permutation p"
mahler,GPFA50,full,D_beh,behavior,x,True,published_input_causal_train_only;raw_preprocessing_fail,100,1000,fail,paired_RMSE,1000,1.1474465987192406,0.014218174386474807,1.1473039617347864,1.1185071086699376,1.1753391896382299,100,100,0,0,"empirical paired comparison, changing support; not exact permutation p"
mahler,GPFA50,full,D_beh,behavior,x,True,published_input_causal_train_only;raw_preprocessing_fail,100,1000,fail,matched_bias,1000,0.063285127923187134,0.0021870384390066896,0.063198492964041383,0.059161930002103548,0.067555461701764241,100,100,,,"empirical paired comparison, changing support; not exact permutation p"
mahler,GPFA50,full,D_beh,behavior,x,True,published_input_causal_train_only;raw_preprocessing_fail,100,1000,fail,null_bias,1000,0.063154458006956668,0.0043711792497235511,0.063053084809365806,0.054731135873532628,0.071262812873390494,100,100,,,"empirical paired comparison, changing support; not exact permutation p"
mahler,GPFA50,full,D_beh,behavior,x,True,published_input_causal_train_only;raw_preprocessing_fail,100,1000,fail,matched_amplitude_ratio,1000,0.93372986097976995,0.00069254152507614518,0.93370391994429847,0.93242743691227647,0.93507352517235387,100,100,,,"empirical paired comparison, changing support; not exact permutation p"
mahler,GPFA50,full,D_beh,behavior,x,True,published_input_causal_train_only;raw_preprocessing_fail,100,1000,fail,null_amplitude_ratio,1000,0.93375963186593613,0.0013871209162484438,0.93375230505260509,0.93112886642182202,0.93638280518088945,100,100,,,"empirical paired comparison, changing support; not exact permutation p"
mahler,GPFA50,full,D_beh,behavior,y,True,published_input_causal_train_only;raw_preprocessing_fail,100,1000,fail,matched_r,1000,0.52033481358532052,0.0014386672710585736,0.52031544988140443,0.517498376269661,0.52314737692477975,100,100,,,"empirical paired comparison, changing support; not exact permutation p"
mahler,GPFA50,full,D_beh,behavior,y,True,published_input_causal_train_only;raw_preprocessing_fail,100,1000,fail,null_r,1000,-0.00024382860229305646,0.011270079974498391,-0.00034535068583926973,-0.023114735025020434,0.021209951167112443,100,100,,,"empirical paired comparison, changing support; not exact permutation p"
mahler,GPFA50,full,D_beh,behavior,y,True,published_input_causal_train_only;raw_preprocessing_fail,100,1000,fail,paired_r,1000,0.52057864218761374,0.01134244741189841,0.52054521342069904,0.49958604369800502,0.54351798625685466,100,100,0,0,"empirical paired comparison, changing support; not exact permutation p"
mahler,GPFA50,full,D_beh,behavior,y,True,published_input_causal_train_only;raw_preprocessing_fail,100,1000,fail,matched_RMSE,1000,4.4277120478693472,0.0072223197589909886,4.4276589291611828,4.4127928833647152,4.4416316651346923,100,100,,,"empirical paired comparison, changing support; not exact permutation p"
mahler,GPFA50,full,D_beh,behavior,y,True,published_input_causal_train_only;raw_preprocessing_fail,100,1000,fail,null_RMSE,1000,5.9688115678763634,0.030085112992655448,5.9684104921227616,5.9111950843681766,6.0296282774829209,100,100,,,"empirical paired comparison, changing support; not exact permutation p"
mahler,GPFA50,full,D_beh,behavior,y,True,published_input_causal_train_only;raw_preprocessing_fail,100,1000,fail,paired_RMSE,1000,1.541099520007017,0.030712564287152438,1.5410716420668353,1.4837771705702512,1.602268384338164,100,100,0,0,"empirical paired comparison, changing support; not exact permutation p"
mahler,GPFA50,full,D_beh,behavior,y,True,published_input_causal_train_only;raw_preprocessing_fail,100,1000,fail,matched_bias,1000,-0.0040423838943606559,0.010132217305003044,-0.0039360272860669374,-0.024553064354216485,0.015802819713049643,100,100,,,"empirical paired comparison, changing support; not exact permutation p"
mahler,GPFA50,full,D_beh,behavior,y,True,published_input_causal_train_only;raw_preprocessing_fail,100,1000,fail,null_bias,1000,-0.0050469078839395533,0.013735990165499744,-0.004887837338177263,-0.032010380618290632,0.02163778813733034,100,100,,,"empirical paired comparison, changing support; not exact permutation p"
mahler,GPFA50,full,D_beh,behavior,y,True,published_input_causal_train_only;raw_preprocessing_fail,100,1000,fail,matched_amplitude_ratio,1000,0.60244639244076481,0.0011677395435097278,0.60245736274469464,0.60012633125683135,0.60475682738365588,100,100,,,"empirical paired comparison, changing support; not exact permutation p"
mahler,GPFA50,full,D_beh,behavior,y,True,published_input_causal_train_only;raw_preprocessing_fail,100,1000,fail,null_amplitude_ratio,1000,0.60245301408600382,0.0012745558097609704,0.60246089371339018,0.60001558439368308,0.60494125071880434,100,100,,,"empirical paired comparison, changing support; not exact permutation p"
mahler,GPFA50,visible,D_obj,objective,x,True,published_input_causal_train_only;raw_preprocessing_fail,100,1000,fail,matched_r,1000,0.77726937583842159,0.00064655468944134118,0.77726528190192434,0.77603219896379749,0.77847269702881183,100,100,,,"empirical paired comparison, changing support; not exact permutation p"
mahler,GPFA50,visible,D_obj,objective,x,True,published_input_causal_train_only;raw_preprocessing_fail,100,1000,fail,null_r,1000,0.54586874622865911,0.0045325598821997328,0.54573775854720452,0.5373718159804538,0.5548301876669699,100,100,,,"empirical paired comparison, changing support; not exact permutation p"
mahler,GPFA50,visible,D_obj,objective,x,True,published_input_causal_train_only;raw_preprocessing_fail,100,1000,fail,paired_r,1000,0.23140062960976251,0.0044642339252482953,0.23152862252157488,0.22225799980886141,0.23984113231438187,100,100,0,0,"empirical paired comparison, changing support; not exact permutation p"
mahler,GPFA50,visible,D_obj,objective,x,True,published_input_causal_train_only;raw_preprocessing_fail,100,1000,fail,matched_RMSE,1000,1.5308864274785758,0.0015746450737915117,1.5309170739681486,1.5280385554235068,1.5339809352433291,100,100,,,"empirical paired comparison, changing support; not exact permutation p"
mahler,GPFA50,visible,D_obj,objective,x,True,published_input_causal_train_only;raw_preprocessing_fail,100,1000,fail,null_RMSE,1000,2.0792832188852408,0.0097626147351257565,2.079614032458601,2.059271061539655,2.0976650697797177,100,100,,,"empirical paired comparison, changing support; not exact permutation p"
mahler,GPFA50,visible,D_obj,objective,x,True,published_input_causal_train_only;raw_preprocessing_fail,100,1000,fail,paired_RMSE,1000,0.5483967914066652,0.0093887130692200151,0.5488240135299054,0.52946300679038927,0.56556107849250425,100,100,0,0,"empirical paired comparison, changing support; not exact permutation p"
mahler,GPFA50,visible,D_obj,objective,x,True,published_input_causal_train_only;raw_preprocessing_fail,100,1000,fail,matched_bias,1000,0.1687566437678365,0.0030688758442758662,0.16872390375558638,0.16266910042574076,0.1748311356115288,100,100,,,"empirical paired comparison, changing support; not exact permutation p"
mahler,GPFA50,visible,D_obj,objective,x,True,published_input_causal_train_only;raw_preprocessing_fail,100,1000,fail,null_bias,1000,0.16874104714656232,0.0044403124204669946,0.16869331025046946,0.16028953999728984,0.17698386044194039,100,100,,,"empirical paired comparison, changing support; not exact permutation p"
mahler,GPFA50,visible,D_obj,objective,x,True,published_input_causal_train_only;raw_preprocessing_fail,100,1000,fail,matched_amplitude_ratio,1000,0.76597256384208889,0.0011499832354117123,0.76592021736703708,0.76374141423616171,0.76822448415450917,100,100,,,"empirical paired comparison, changing support; not exact permutation p"
mahler,GPFA50,visible,D_obj,objective,x,True,published_input_causal_train_only;raw_preprocessing_fail,100,1000,fail,null_amplitude_ratio,1000,0.76602775527469147,0.0015161381837603348,0.76606261701582024,0.76302470429361324,0.76898747698439862,100,100,,,"empirical paired comparison, changing support; not exact permutation p"
mahler,GPFA50,visible,D_obj,objective,y,True,published_input_causal_train_only;raw_preprocessing_fail,100,1000,fail,matched_r,1000,0.43174083914750605,0.0020309568251361669,0.43171765490245428,0.42776796097274244,0.43585910719939136,100,100,,,"empirical paired comparison, changing support; not exact permutation p"
mahler,GPFA50,visible,D_obj,objective,y,True,published_input_causal_train_only;raw_preprocessing_fail,100,1000,fail,null_r,1000,0.0014747064132178036,0.0120208855621821,0.0016222042071039919,-0.023093294539357961,0.024711107682964695,100,100,,,"empirical paired comparison, changing support; not exact permutation p"
mahler,GPFA50,visible,D_obj,objective,y,True,published_input_causal_train_only;raw_preprocessing_fail,100,1000,fail,paired_r,1000,0.43026613273428826,0.012218639614903864,0.43017585778759487,0.4072708782742594,0.45529847774607768,100,100,0,0,"empirical paired comparison, changing support; not exact permutation p"
mahler,GPFA50,visible,D_obj,objective,y,True,published_input_causal_train_only;raw_preprocessing_fail,100,1000,fail,matched_RMSE,1000,4.752499845210834,0.0074661263791588094,4.7525643382270317,4.7380202109618947,4.7670947214025059,100,100,,,"empirical paired comparison, changing support; not exact permutation p"
mahler,GPFA50,visible,D_obj,objective,y,True,published_input_causal_train_only;raw_preprocessing_fail,100,1000,fail,null_RMSE,1000,5.909826357955037,0.030843225000455814,5.9098410865432918,5.849022290661269,5.9706606031211829,100,100,,,"empirical paired comparison, changing support; not exact permutation p"
mahler,GPFA50,visible,D_obj,objective,y,True,published_input_causal_train_only;raw_preprocessing_fail,100,1000,fail,paired_RMSE,1000,1.1573265127442025,0.031953174844997108,1.1567924250078194,1.0950598763458292,1.2219181970736914,100,100,0,0,"empirical paired comparison, changing support; not exact permutation p"
mahler,GPFA50,visible,D_obj,objective,y,True,published_input_causal_train_only;raw_preprocessing_fail,100,1000,fail,matched_bias,1000,-0.034131105197259967,0.012424071357059391,-0.034099254161747874,-0.058574572832468912,-0.010861621572765037,100,100,,,"empirical paired comparison, changing support; not exact permutation p"
mahler,GPFA50,visible,D_obj,objective,y,True,published_input_causal_train_only;raw_preprocessing_fail,100,1000,fail,null_bias,1000,-0.034762763338783066,0.018374060823935841,-0.034408156386076041,-0.071268413070286959,0.0017107605485794288,100,100,,,"empirical paired comparison, changing support; not exact permutation p"
mahler,GPFA50,visible,D_obj,objective,y,True,published_input_causal_train_only;raw_preprocessing_fail,100,1000,fail,matched_amplitude_ratio,1000,0.54942380842667993,0.0013300530542345779,0.54941791955577668,0.54675348277322688,0.55182857454246548,100,100,,,"empirical paired comparison, changing support; not exact permutation p"
mahler,GPFA50,visible,D_obj,objective,y,True,published_input_causal_train_only;raw_preprocessing_fail,100,1000,fail,null_amplitude_ratio,1000,0.54944479625701248,0.0016167952333581849,0.54948310652138033,0.54630261780725164,0.55273026789404345,100,100,,,"empirical paired comparison, changing support; not exact permutation p"
mahler,GPFA50,visible,D_obj,behavior,x,False,published_input_causal_train_only;raw_preprocessing_fail,100,1000,fail,matched_r,1000,0.77726937583842159,0.00064655468944134118,0.77726528190192434,0.77603219896379749,0.77847269702881183,100,100,,,"empirical paired comparison, changing support; not exact permutation p"
mahler,GPFA50,visible,D_obj,behavior,x,False,published_input_causal_train_only;raw_preprocessing_fail,100,1000,fail,null_r,1000,0.54586874622865911,0.0045325598821997328,0.54573775854720452,0.5373718159804538,0.5548301876669699,100,100,,,"empirical paired comparison, changing support; not exact permutation p"
mahler,GPFA50,visible,D_obj,behavior,x,False,published_input_causal_train_only;raw_preprocessing_fail,100,1000,fail,paired_r,1000,0.23140062960976251,0.0044642339252482953,0.23152862252157488,0.22225799980886141,0.23984113231438187,100,100,0,0,"empirical paired comparison, changing support; not exact permutation p"
mahler,GPFA50,visible,D_obj,behavior,x,False,published_input_causal_train_only;raw_preprocessing_fail,100,1000,fail,matched_RMSE,1000,1.5308864274785758,0.0015746450737915117,1.5309170739681486,1.5280385554235068,1.5339809352433291,100,100,,,"empirical paired comparison, changing support; not exact permutation p"
mahler,GPFA50,visible,D_obj,behavior,x,False,published_input_causal_train_only;raw_preprocessing_fail,100,1000,fail,null_RMSE,1000,2.0792832188852408,0.0097626147351257565,2.079614032458601,2.059271061539655,2.0976650697797177,100,100,,,"empirical paired comparison, changing support; not exact permutation p"
mahler,GPFA50,visible,D_obj,behavior,x,False,published_input_causal_train_only;raw_preprocessing_fail,100,1000,fail,paired_RMSE,1000,0.5483967914066652,0.0093887130692200151,0.5488240135299054,0.52946300679038927,0.56556107849250425,100,100,0,0,"empirical paired comparison, changing support; not exact permutation p"
mahler,GPFA50,visible,D_obj,behavior,x,False,published_input_causal_train_only;raw_preprocessing_fail,100,1000,fail,matched_bias,1000,0.1687566437678365,0.0030688758442758662,0.16872390375558638,0.16266910042574076,0.1748311356115288,100,100,,,"empirical paired comparison, changing support; not exact permutation p"
mahler,GPFA50,visible,D_obj,behavior,x,False,published_input_causal_train_only;raw_preprocessing_fail,100,1000,fail,null_bias,1000,0.16874104714656232,0.0044403124204669946,0.16869331025046946,0.16028953999728984,0.17698386044194039,100,100,,,"empirical paired comparison, changing support; not exact permutation p"
mahler,GPFA50,visible,D_obj,behavior,x,False,published_input_causal_train_only;raw_preprocessing_fail,100,1000,fail,matched_amplitude_ratio,1000,0.76597256384208889,0.0011499832354117123,0.76592021736703708,0.76374141423616171,0.76822448415450917,100,100,,,"empirical paired comparison, changing support; not exact permutation p"
mahler,GPFA50,visible,D_obj,behavior,x,False,published_input_causal_train_only;raw_preprocessing_fail,100,1000,fail,null_amplitude_ratio,1000,0.76602775527469147,0.0015161381837603348,0.76606261701582024,0.76302470429361324,0.76898747698439862,100,100,,,"empirical paired comparison, changing support; not exact permutation p"
mahler,GPFA50,visible,D_obj,behavior,y,False,published_input_causal_train_only;raw_preprocessing_fail,100,1000,fail,matched_r,1000,0.4226349317750786,0.0020366751820089695,0.42261901518696754,0.4185818845298373,0.42675339026329789,100,100,,,"empirical paired comparison, changing support; not exact permutation p"
mahler,GPFA50,visible,D_obj,behavior,y,False,published_input_causal_train_only;raw_preprocessing_fail,100,1000,fail,null_r,1000,0.0017633955456093917,0.012008669843625704,0.0018580697772990228,-0.022530900668306753,0.024944160710730037,100,100,,,"empirical paired comparison, changing support; not exact permutation p"
mahler,GPFA50,visible,D_obj,behavior,y,False,published_input_causal_train_only;raw_preprocessing_fail,100,1000,fail,paired_r,1000,0.42087153622946927,0.012203005962194037,0.42071340823257775,0.39769436634602673,0.44525190666979753,100,100,0,0,"empirical paired comparison, changing support; not exact permutation p"
mahler,GPFA50,visible,D_obj,behavior,y,False,published_input_causal_train_only;raw_preprocessing_fail,100,1000,fail,matched_RMSE,1000,4.7521536404954308,0.0075627264271520426,4.7523591781738395,4.7374014792871719,4.7668741039045495,100,100,,,"empirical paired comparison, changing support; not exact permutation p"
mahler,GPFA50,visible,D_obj,behavior,y,False,published_input_causal_train_only;raw_preprocessing_fail,100,1000,fail,null_RMSE,1000,5.8799236078521266,0.030832969649947195,5.8794963395050939,5.8212805312809888,5.9409303467450556,100,100,,,"empirical paired comparison, changing support; not exact permutation p"
mahler,GPFA50,visible,D_obj,behavior,y,False,published_input_causal_train_only;raw_preprocessing_fail,100,1000,fail,paired_RMSE,1000,1.127769967356695,0.031958026352410573,1.1276182870440854,1.0661850068466452,1.1922397042755517,100,100,0,0,"empirical paired comparison, changing support; not exact permutation p"
mahler,GPFA50,visible,D_obj,behavior,y,False,published_input_causal_train_only;raw_preprocessing_fail,100,1000,fail,matched_bias,1000,0.0025738471896567848,0.012465264474091645,0.0024682053500630964,-0.022547950875720129,0.026278857582787807,100,100,,,"empirical paired comparison, changing support; not exact permutation p"
mahler,GPFA50,visible,D_obj,behavior,y,False,published_input_causal_train_only;raw_preprocessing_fail,100,1000,fail,null_bias,1000,0.0018965209265844956,0.018337044172374119,0.0022637286418289073,-0.034780066801663734,0.037428029127724742,100,100,,,"empirical paired comparison, changing support; not exact permutation p"
mahler,GPFA50,visible,D_obj,behavior,y,False,published_input_causal_train_only;raw_preprocessing_fail,100,1000,fail,matched_amplitude_ratio,1000,0.55308533133155036,0.0013766135643954627,0.55307809423669418,0.55034085060377813,0.55560167690625262,100,100,,,"empirical paired comparison, changing support; not exact permutation p"
mahler,GPFA50,visible,D_obj,behavior,y,False,published_input_causal_train_only;raw_preprocessing_fail,100,1000,fail,null_amplitude_ratio,1000,0.55310354139735685,0.0016324126506427976,0.55314494739291598,0.54991183729846826,0.55645425816572769,100,100,,,"empirical paired comparison, changing support; not exact permutation p"
mahler,GPFA50,visible,D_beh,objective,x,False,published_input_causal_train_only;raw_preprocessing_fail,100,1000,fail,matched_r,1000,0.77726937583842159,0.00064655468944134118,0.77726528190192434,0.77603219896379749,0.77847269702881183,100,100,,,"empirical paired comparison, changing support; not exact permutation p"
mahler,GPFA50,visible,D_beh,objective,x,False,published_input_causal_train_only;raw_preprocessing_fail,100,1000,fail,null_r,1000,0.54586874622865911,0.0045325598821997328,0.54573775854720452,0.5373718159804538,0.5548301876669699,100,100,,,"empirical paired comparison, changing support; not exact permutation p"
mahler,GPFA50,visible,D_beh,objective,x,False,published_input_causal_train_only;raw_preprocessing_fail,100,1000,fail,paired_r,1000,0.23140062960976251,0.0044642339252482953,0.23152862252157488,0.22225799980886141,0.23984113231438187,100,100,0,0,"empirical paired comparison, changing support; not exact permutation p"
mahler,GPFA50,visible,D_beh,objective,x,False,published_input_causal_train_only;raw_preprocessing_fail,100,1000,fail,matched_RMSE,1000,1.5308864274785758,0.0015746450737915117,1.5309170739681486,1.5280385554235068,1.5339809352433291,100,100,,,"empirical paired comparison, changing support; not exact permutation p"
mahler,GPFA50,visible,D_beh,objective,x,False,published_input_causal_train_only;raw_preprocessing_fail,100,1000,fail,null_RMSE,1000,2.0792832188852408,0.0097626147351257565,2.079614032458601,2.059271061539655,2.0976650697797177,100,100,,,"empirical paired comparison, changing support; not exact permutation p"
mahler,GPFA50,visible,D_beh,objective,x,False,published_input_causal_train_only;raw_preprocessing_fail,100,1000,fail,paired_RMSE,1000,0.5483967914066652,0.0093887130692200151,0.5488240135299054,0.52946300679038927,0.56556107849250425,100,100,0,0,"empirical paired comparison, changing support; not exact permutation p"
mahler,GPFA50,visible,D_beh,objective,x,False,published_input_causal_train_only;raw_preprocessing_fail,100,1000,fail,matched_bias,1000,0.1687566437678365,0.0030688758442758662,0.16872390375558638,0.16266910042574076,0.1748311356115288,100,100,,,"empirical paired comparison, changing support; not exact permutation p"
mahler,GPFA50,visible,D_beh,objective,x,False,published_input_causal_train_only;raw_preprocessing_fail,100,1000,fail,null_bias,1000,0.16874104714656232,0.0044403124204669946,0.16869331025046946,0.16028953999728984,0.17698386044194039,100,100,,,"empirical paired comparison, changing support; not exact permutation p"
mahler,GPFA50,visible,D_beh,objective,x,False,published_input_causal_train_only;raw_preprocessing_fail,100,1000,fail,matched_amplitude_ratio,1000,0.76597256384208889,0.0011499832354117123,0.76592021736703708,0.76374141423616171,0.76822448415450917,100,100,,,"empirical paired comparison, changing support; not exact permutation p"
mahler,GPFA50,visible,D_beh,objective,x,False,published_input_causal_train_only;raw_preprocessing_fail,100,1000,fail,null_amplitude_ratio,1000,0.76602775527469147,0.0015161381837603348,0.76606261701582024,0.76302470429361324,0.76898747698439862,100,100,,,"empirical paired comparison, changing support; not exact permutation p"
mahler,GPFA50,visible,D_beh,objective,y,False,published_input_causal_train_only;raw_preprocessing_fail,100,1000,fail,matched_r,1000,0.4204506799712231,0.0020831539244478693,0.42047714617706666,0.41648953737081112,0.42465959338102571,100,100,,,"empirical paired comparison, changing support; not exact permutation p"
mahler,GPFA50,visible,D_beh,objective,y,False,published_input_causal_train_only;raw_preprocessing_fail,100,1000,fail,null_r,1000,0.0014162416235832765,0.011962493461792879,0.0013941281659479868,-0.023700743689893559,0.024556237141600233,100,100,,,"empirical paired comparison, changing support; not exact permutation p"
mahler,GPFA50,visible,D_beh,objective,y,False,published_input_causal_train_only;raw_preprocessing_fail,100,1000,fail,paired_r,1000,0.41903443834763981,0.012162693354856204,0.41886331109466601,0.39599099030086177,0.44389626045581843,100,100,0,0,"empirical paired comparison, changing support; not exact permutation p"
mahler,GPFA50,visible,D_beh,objective,y,False,published_input_causal_train_only;raw_preprocessing_fail,100,1000,fail,matched_RMSE,1000,4.7813344641972542,0.0075691180191852095,4.7815208693574398,4.7666954060078686,4.7959413278470402,100,100,,,"empirical paired comparison, changing support; not exact permutation p"
mahler,GPFA50,visible,D_beh,objective,y,False,published_input_causal_train_only;raw_preprocessing_fail,100,1000,fail,null_RMSE,1000,5.8888328324588759,0.030332318259444761,5.8888715376001413,5.8291220719215255,5.9508629315523676,100,100,,,"empirical paired comparison, changing support; not exact permutation p"
mahler,GPFA50,visible,D_beh,objective,y,False,published_input_causal_train_only;raw_preprocessing_fail,100,1000,fail,paired_RMSE,1000,1.107498368261622,0.031498204182228713,1.1074649446268303,1.0463363167059019,1.1736974644013443,100,100,0,0,"empirical paired comparison, changing support; not exact permutation p"
mahler,GPFA50,visible,D_beh,objective,y,False,published_input_causal_train_only;raw_preprocessing_fail,100,1000,fail,matched_bias,1000,-0.068239294818846871,0.012632579777455209,-0.068119530312195392,-0.092427533744696574,-0.044332782466310186,100,100,,,"empirical paired comparison, changing support; not exact permutation p"
mahler,GPFA50,visible,D_beh,objective,y,False,published_input_causal_train_only;raw_preprocessing_fail,100,1000,fail,null_bias,1000,-0.068870952960369977,0.018267629382641749,-0.068649202747161492,-0.10562945402188061,-0.032915840128601437,100,100,,,"empirical paired comparison, changing support; not exact permutation p"
mahler,GPFA50,visible,D_beh,objective,y,False,published_input_causal_train_only;raw_preprocessing_fail,100,1000,fail,matched_amplitude_ratio,1000,0.53980061490447817,0.0012794229060246766,0.53978777341047568,0.53716365250353704,0.54216682216536805,100,100,,,"empirical paired comparison, changing support; not exact permutation p"
mahler,GPFA50,visible,D_beh,objective,y,False,published_input_causal_train_only;raw_preprocessing_fail,100,1000,fail,null_amplitude_ratio,1000,0.53982107800250223,0.0015640462247285968,0.53987537427779275,0.53684335059600985,0.54301400333573968,100,100,,,"empirical paired comparison, changing support; not exact permutation p"
mahler,GPFA50,visible,D_beh,behavior,x,True,published_input_causal_train_only;raw_preprocessing_fail,100,1000,fail,matched_r,1000,0.77726937583842159,0.00064655468944134118,0.77726528190192434,0.77603219896379749,0.77847269702881183,100,100,,,"empirical paired comparison, changing support; not exact permutation p"
mahler,GPFA50,visible,D_beh,behavior,x,True,published_input_causal_train_only;raw_preprocessing_fail,100,1000,fail,null_r,1000,0.54586874622865911,0.0045325598821997328,0.54573775854720452,0.5373718159804538,0.5548301876669699,100,100,,,"empirical paired comparison, changing support; not exact permutation p"
mahler,GPFA50,visible,D_beh,behavior,x,True,published_input_causal_train_only;raw_preprocessing_fail,100,1000,fail,paired_r,1000,0.23140062960976251,0.0044642339252482953,0.23152862252157488,0.22225799980886141,0.23984113231438187,100,100,0,0,"empirical paired comparison, changing support; not exact permutation p"
mahler,GPFA50,visible,D_beh,behavior,x,True,published_input_causal_train_only;raw_preprocessing_fail,100,1000,fail,matched_RMSE,1000,1.5308864274785758,0.0015746450737915117,1.5309170739681486,1.5280385554235068,1.5339809352433291,100,100,,,"empirical paired comparison, changing support; not exact permutation p"
mahler,GPFA50,visible,D_beh,behavior,x,True,published_input_causal_train_only;raw_preprocessing_fail,100,1000,fail,null_RMSE,1000,2.0792832188852408,0.0097626147351257565,2.079614032458601,2.059271061539655,2.0976650697797177,100,100,,,"empirical paired comparison, changing support; not exact permutation p"
mahler,GPFA50,visible,D_beh,behavior,x,True,published_input_causal_train_only;raw_preprocessing_fail,100,1000,fail,paired_RMSE,1000,0.5483967914066652,0.0093887130692200151,0.5488240135299054,0.52946300679038927,0.56556107849250425,100,100,0,0,"empirical paired comparison, changing support; not exact permutation p"
mahler,GPFA50,visible,D_beh,behavior,x,True,published_input_causal_train_only;raw_preprocessing_fail,100,1000,fail,matched_bias,1000,0.1687566437678365,0.0030688758442758662,0.16872390375558638,0.16266910042574076,0.1748311356115288,100,100,,,"empirical paired comparison, changing support; not exact permutation p"
mahler,GPFA50,visible,D_beh,behavior,x,True,published_input_causal_train_only;raw_preprocessing_fail,100,1000,fail,null_bias,1000,0.16874104714656232,0.0044403124204669946,0.16869331025046946,0.16028953999728984,0.17698386044194039,100,100,,,"empirical paired comparison, changing support; not exact permutation p"
mahler,GPFA50,visible,D_beh,behavior,x,True,published_input_causal_train_only;raw_preprocessing_fail,100,1000,fail,matched_amplitude_ratio,1000,0.76597256384208889,0.0011499832354117123,0.76592021736703708,0.76374141423616171,0.76822448415450917,100,100,,,"empirical paired comparison, changing support; not exact permutation p"
mahler,GPFA50,visible,D_beh,behavior,x,True,published_input_causal_train_only;raw_preprocessing_fail,100,1000,fail,null_amplitude_ratio,1000,0.76602775527469147,0.0015161381837603348,0.76606261701582024,0.76302470429361324,0.76898747698439862,100,100,,,"empirical paired comparison, changing support; not exact permutation p"
mahler,GPFA50,visible,D_beh,behavior,y,True,published_input_causal_train_only;raw_preprocessing_fail,100,1000,fail,matched_r,1000,0.41176186406584908,0.0020868007487102524,0.41177146802098213,0.40770590042109206,0.41599098893494846,100,100,,,"empirical paired comparison, changing support; not exact permutation p"
mahler,GPFA50,visible,D_beh,behavior,y,True,published_input_causal_train_only;raw_preprocessing_fail,100,1000,fail,null_r,1000,0.0017131912105557176,0.011950372569725682,0.0019080058922096,-0.023156938118071718,0.024898560020431657,100,100,,,"empirical paired comparison, changing support; not exact permutation p"
mahler,GPFA50,visible,D_beh,behavior,y,True,published_input_causal_train_only;raw_preprocessing_fail,100,1000,fail,paired_r,1000,0.41004867285529339,0.012149096497066917,0.4099055831876936,0.38709557961940982,0.43471588120264798,100,100,0,0,"empirical paired comparison, changing support; not exact permutation p"
mahler,GPFA50,visible,D_beh,behavior,y,True,published_input_causal_train_only;raw_preprocessing_fail,100,1000,fail,matched_RMSE,1000,4.7787978046414414,0.007663519797481734,4.7789959246651676,4.7639051477036007,4.7935706835492677,100,100,,,"empirical paired comparison, changing support; not exact permutation p"
mahler,GPFA50,visible,D_beh,behavior,y,True,published_input_causal_train_only;raw_preprocessing_fail,100,1000,fail,null_RMSE,1000,5.8586787010829156,0.030323679488345166,5.8586388850769815,5.8010465076047053,5.9210578502866973,100,100,,,"empirical paired comparison, changing support; not exact permutation p"
mahler,GPFA50,visible,D_beh,behavior,y,True,published_input_causal_train_only;raw_preprocessing_fail,100,1000,fail,paired_RMSE,1000,1.0798808964414739,0.031507015966833966,1.0800477330901082,1.0194778087120859,1.1457233276453824,100,100,0,0,"empirical paired comparison, changing support; not exact permutation p"
mahler,GPFA50,visible,D_beh,behavior,y,True,published_input_causal_train_only;raw_preprocessing_fail,100,1000,fail,matched_bias,1000,-0.031534342431930117,0.01265506512823499,-0.031487918174634311,-0.055640560686900348,-0.0082567692150244155,100,100,,,"empirical paired comparison, changing support; not exact permutation p"
mahler,GPFA50,visible,D_beh,behavior,y,True,published_input_causal_train_only;raw_preprocessing_fail,100,1000,fail,null_bias,1000,-0.032211668695002402,0.01822727770721851,-0.032023593749030257,-0.069237074231154577,0.0036125404721006854,100,100,,,"empirical paired comparison, changing support; not exact permutation p"
mahler,GPFA50,visible,D_beh,behavior,y,True,published_input_causal_train_only;raw_preprocessing_fail,100,1000,fail,matched_amplitude_ratio,1000,0.54340085721329257,0.0013231422551960115,0.54339030090214657,0.54075305260020945,0.54587147544532577,100,100,,,"empirical paired comparison, changing support; not exact permutation p"
mahler,GPFA50,visible,D_beh,behavior,y,True,published_input_causal_train_only;raw_preprocessing_fail,100,1000,fail,null_amplitude_ratio,1000,0.54341896590909322,0.001579428440853185,0.54346406052069729,0.54039499496506471,0.54659412482025471,100,100,,,"empirical paired comparison, changing support; not exact permutation p"
mahler,GPFA50,hidden,D_obj,objective,x,True,published_input_causal_train_only;raw_preprocessing_fail,100,1000,fail,matched_r,1000,0.80452028032285539,0.0036088628918509564,0.80432105532091014,0.79765409469798976,0.81190527540742197,100,100,,,"empirical paired comparison, changing support; not exact permutation p"
mahler,GPFA50,hidden,D_obj,objective,x,True,published_input_causal_train_only;raw_preprocessing_fail,100,1000,fail,null_r,1000,0.092165047394349164,0.012075270222556937,0.091991157459455242,0.068082326058336987,0.11763116413502066,100,100,,,"empirical paired comparison, changing support; not exact permutation p"
mahler,GPFA50,hidden,D_obj,objective,x,True,published_input_causal_train_only;raw_preprocessing_fail,100,1000,fail,paired_r,1000,0.71235523292850622,0.013623456959508826,0.71234813873397917,0.68393803255789443,0.73987124893762535,100,100,0,0,"empirical paired comparison, changing support; not exact permutation p"
mahler,GPFA50,hidden,D_obj,objective,x,True,published_input_causal_train_only;raw_preprocessing_fail,100,1000,fail,matched_RMSE,1000,0.96731516019952524,0.0087539333073107777,0.96740243445869711,0.94982415131381703,0.98351108326498882,100,100,,,"empirical paired comparison, changing support; not exact permutation p"
mahler,GPFA50,hidden,D_obj,objective,x,True,published_input_causal_train_only;raw_preprocessing_fail,100,1000,fail,null_RMSE,1000,1.9955410661409367,0.017309075160865873,1.995664740925972,1.9620432925117406,2.0312774925577015,100,100,,,"empirical paired comparison, changing support; not exact permutation p"
mahler,GPFA50,hidden,D_obj,objective,x,True,published_input_causal_train_only;raw_preprocessing_fail,100,1000,fail,paired_RMSE,1000,1.0282259059414114,0.01859604790423483,1.027796413811551,0.99041054574702969,1.0649731642527502,100,100,0,0,"empirical paired comparison, changing support; not exact permutation p"
mahler,GPFA50,hidden,D_obj,objective,x,True,published_input_causal_train_only;raw_preprocessing_fail,100,1000,fail,matched_bias,1000,-0.043531614679172444,0.0099360548005652579,-0.043848899442772593,-0.062209700397580857,-0.024768493929259085,100,100,,,"empirical paired comparison, changing support; not exact permutation p"
mahler,GPFA50,hidden,D_obj,objective,x,True,published_input_causal_train_only;raw_preprocessing_fail,100,1000,fail,null_bias,1000,-0.04440422341988557,0.023635964071653821,-0.044035663926439206,-0.089989812617385576,0.00032806965738434781,100,100,,,"empirical paired comparison, changing support; not exact permutation p"
mahler,GPFA50,hidden,D_obj,objective,x,True,published_input_causal_train_only;raw_preprocessing_fail,100,1000,fail,matched_amplitude_ratio,1000,1.2101435891732726,0.0054764475412109178,1.2102066389845576,1.1996671054430372,1.2207208313619855,100,100,,,"empirical paired comparison, changing support; not exact permutation p"
mahler,GPFA50,hidden,D_obj,objective,x,True,published_input_causal_train_only;raw_preprocessing_fail,100,1000,fail,null_amplitude_ratio,1000,1.2106032616905071,0.0063659707335733152,1.2103072055659658,1.1981367509100995,1.223362077120203,100,100,,,"empirical paired comparison, changing support; not exact permutation p"
mahler,GPFA50,hidden,D_obj,objective,y,True,published_input_causal_train_only;raw_preprocessing_fail,100,1000,fail,matched_r,1000,0.6601821426405271,0.0055674969129376438,0.66006784095687765,0.64904928534680539,0.67119578945830904,100,100,,,"empirical paired comparison, changing support; not exact permutation p"
mahler,GPFA50,hidden,D_obj,objective,y,True,published_input_causal_train_only;raw_preprocessing_fail,100,1000,fail,null_r,1000,0.0087373144466236889,0.016560567497460193,0.0090587595934053314,-0.022039073395926107,0.041760843725409662,100,100,,,"empirical paired comparison, changing support; not exact permutation p"
mahler,GPFA50,hidden,D_obj,objective,y,True,published_input_causal_train_only;raw_preprocessing_fail,100,1000,fail,paired_r,1000,0.65144482819390348,0.017296432922013039,0.651291191561571,0.61874160329448158,0.68417344348796771,100,100,0,0,"empirical paired comparison, changing support; not exact permutation p"
mahler,GPFA50,hidden,D_obj,objective,y,True,published_input_causal_train_only;raw_preprocessing_fail,100,1000,fail,matched_RMSE,1000,4.0403327749005502,0.033268800817241706,4.040886286488651,3.9794653702257636,4.1060594962142538,100,100,,,"empirical paired comparison, changing support; not exact permutation p"
mahler,GPFA50,hidden,D_obj,objective,y,True,published_input_causal_train_only;raw_preprocessing_fail,100,1000,fail,null_RMSE,1000,6.3509281620788673,0.055158962031312216,6.3510342871870087,6.2405515453306215,6.4552849277354838,100,100,,,"empirical paired comparison, changing support; not exact permutation p"
mahler,GPFA50,hidden,D_obj,objective,y,True,published_input_causal_train_only;raw_preprocessing_fail,100,1000,fail,paired_RMSE,1000,2.3105953871783176,0.064203168063740754,2.3106440704410725,2.185923062818877,2.432180632302265,100,100,0,0,"empirical paired comparison, changing support; not exact permutation p"
mahler,GPFA50,hidden,D_obj,objective,y,True,published_input_causal_train_only;raw_preprocessing_fail,100,1000,fail,matched_bias,1000,-0.10560260673051498,0.043287212985176356,-0.10696672979109081,-0.19062385969910781,-0.019807700032086553,100,100,,,"empirical paired comparison, changing support; not exact permutation p"
mahler,GPFA50,hidden,D_obj,objective,y,True,published_input_causal_train_only;raw_preprocessing_fail,100,1000,fail,null_bias,1000,-0.10817810746637301,0.063355167269336488,-0.10537354947467792,-0.24265060602492594,0.010898992311463346,100,100,,,"empirical paired comparison, changing support; not exact permutation p"
mahler,GPFA50,hidden,D_obj,objective,y,True,published_input_causal_train_only;raw_preprocessing_fail,100,1000,fail,matched_amplitude_ratio,1000,0.6755500423274331,0.0052455398308198856,0.67543366543339634,0.66537163175997105,0.6855329490240829,100,100,,,"empirical paired comparison, changing support; not exact permutation p"
mahler,GPFA50,hidden,D_obj,objective,y,True,published_input_causal_train_only;raw_preprocessing_fail,100,1000,fail,null_amplitude_ratio,1000,0.6759325789864189,0.0059092799338087308,0.67599721743050245,0.66427317997070989,0.68756331650367297,100,100,,,"empirical paired comparison, changing support; not exact permutation p"
mahler,GPFA50,hidden,D_obj,behavior,x,False,published_input_causal_train_only;raw_preprocessing_fail,100,1000,fail,matched_r,1000,0.80452028032285539,0.0036088628918509564,0.80432105532091014,0.79765409469798976,0.81190527540742197,100,100,,,"empirical paired comparison, changing support; not exact permutation p"
mahler,GPFA50,hidden,D_obj,behavior,x,False,published_input_causal_train_only;raw_preprocessing_fail,100,1000,fail,null_r,1000,0.092165047394349164,0.012075270222556937,0.091991157459455242,0.068082326058336987,0.11763116413502066,100,100,,,"empirical paired comparison, changing support; not exact permutation p"
mahler,GPFA50,hidden,D_obj,behavior,x,False,published_input_causal_train_only;raw_preprocessing_fail,100,1000,fail,paired_r,1000,0.71235523292850622,0.013623456959508826,0.71234813873397917,0.68393803255789443,0.73987124893762535,100,100,0,0,"empirical paired comparison, changing support; not exact permutation p"
mahler,GPFA50,hidden,D_obj,behavior,x,False,published_input_causal_train_only;raw_preprocessing_fail,100,1000,fail,matched_RMSE,1000,0.96731516019952524,0.0087539333073107777,0.96740243445869711,0.94982415131381703,0.98351108326498882,100,100,,,"empirical paired comparison, changing support; not exact permutation p"
mahler,GPFA50,hidden,D_obj,behavior,x,False,published_input_causal_train_only;raw_preprocessing_fail,100,1000,fail,null_RMSE,1000,1.9955410661409367,0.017309075160865873,1.995664740925972,1.9620432925117406,2.0312774925577015,100,100,,,"empirical paired comparison, changing support; not exact permutation p"
mahler,GPFA50,hidden,D_obj,behavior,x,False,published_input_causal_train_only;raw_preprocessing_fail,100,1000,fail,paired_RMSE,1000,1.0282259059414114,0.01859604790423483,1.027796413811551,0.99041054574702969,1.0649731642527502,100,100,0,0,"empirical paired comparison, changing support; not exact permutation p"
mahler,GPFA50,hidden,D_obj,behavior,x,False,published_input_causal_train_only;raw_preprocessing_fail,100,1000,fail,matched_bias,1000,-0.043531614679172444,0.0099360548005652579,-0.043848899442772593,-0.062209700397580857,-0.024768493929259085,100,100,,,"empirical paired comparison, changing support; not exact permutation p"
mahler,GPFA50,hidden,D_obj,behavior,x,False,published_input_causal_train_only;raw_preprocessing_fail,100,1000,fail,null_bias,1000,-0.04440422341988557,0.023635964071653821,-0.044035663926439206,-0.089989812617385576,0.00032806965738434781,100,100,,,"empirical paired comparison, changing support; not exact permutation p"
mahler,GPFA50,hidden,D_obj,behavior,x,False,published_input_causal_train_only;raw_preprocessing_fail,100,1000,fail,matched_amplitude_ratio,1000,1.2101435891732726,0.0054764475412109178,1.2102066389845576,1.1996671054430372,1.2207208313619855,100,100,,,"empirical paired comparison, changing support; not exact permutation p"
mahler,GPFA50,hidden,D_obj,behavior,x,False,published_input_causal_train_only;raw_preprocessing_fail,100,1000,fail,null_amplitude_ratio,1000,1.2106032616905071,0.0063659707335733152,1.2103072055659658,1.1981367509100995,1.223362077120203,100,100,,,"empirical paired comparison, changing support; not exact permutation p"
mahler,GPFA50,hidden,D_obj,behavior,y,False,published_input_causal_train_only;raw_preprocessing_fail,100,1000,fail,matched_r,1000,0.64734345357883571,0.0058930372375328608,0.6474180122687283,0.63563661401679405,0.65883983044392114,100,100,,,"empirical paired comparison, changing support; not exact permutation p"
mahler,GPFA50,hidden,D_obj,behavior,y,False,published_input_causal_train_only;raw_preprocessing_fail,100,1000,fail,null_r,1000,0.010842903554348858,0.016771838640086592,0.010730690638586244,-0.020932484394107713,0.044096686306736119,100,100,,,"empirical paired comparison, changing support; not exact permutation p"
mahler,GPFA50,hidden,D_obj,behavior,y,False,published_input_causal_train_only;raw_preprocessing_fail,100,1000,fail,paired_r,1000,0.63650055002448702,0.017599373692956978,0.6367407369410224,0.60260545221229822,0.67043043997481,100,100,0,0,"empirical paired comparison, changing support; not exact permutation p"
mahler,GPFA50,hidden,D_obj,behavior,y,False,published_input_causal_train_only;raw_preprocessing_fail,100,1000,fail,matched_RMSE,1000,3.984033328044271,0.034109181564918087,3.9827215485733456,3.919655788590942,4.0522934612880812,100,100,,,"empirical paired comparison, changing support; not exact permutation p"
mahler,GPFA50,hidden,D_obj,behavior,y,False,published_input_causal_train_only;raw_preprocessing_fail,100,1000,fail,null_RMSE,1000,6.2127913814425462,0.055377556707548854,6.2132279304516045,6.1002248183224062,6.3163200879270427,100,100,,,"empirical paired comparison, changing support; not exact permutation p"
mahler,GPFA50,hidden,D_obj,behavior,y,False,published_input_causal_train_only;raw_preprocessing_fail,100,1000,fail,paired_RMSE,1000,2.228758053398276,0.06453448341993312,2.2269886791738629,2.1091614884088696,2.3527366201645377,100,100,0,0,"empirical paired comparison, changing support; not exact permutation p"
mahler,GPFA50,hidden,D_obj,behavior,y,False,published_input_causal_train_only;raw_preprocessing_fail,100,1000,fail,matched_bias,1000,0.01484097722276276,0.044011044619539433,0.014059300464079258,-0.070066962824206575,0.10396593259509009,100,100,,,"empirical paired comparison, changing support; not exact permutation p"
mahler,GPFA50,hidden,D_obj,behavior,y,False,published_input_causal_train_only;raw_preprocessing_fail,100,1000,fail,null_bias,1000,0.011590706648170695,0.063004288097334785,0.01373175218032314,-0.12293781894883679,0.12928729676110737,100,100,,,"empirical paired comparison, changing support; not exact permutation p"
mahler,GPFA50,hidden,D_obj,behavior,y,False,published_input_causal_train_only;raw_preprocessing_fail,100,1000,fail,matched_amplitude_ratio,1000,0.69783179923800498,0.0056519700636153709,0.69761731449372699,0.68618444830952741,0.70863452696501683,100,100,,,"empirical paired comparison, changing support; not exact permutation p"
mahler,GPFA50,hidden,D_obj,behavior,y,False,published_input_causal_train_only;raw_preprocessing_fail,100,1000,fail,null_amplitude_ratio,1000,0.69830038180970477,0.0062992687636977251,0.69828285677673607,0.6861686902063312,0.71071658736176724,100,100,,,"empirical paired comparison, changing support; not exact permutation p"
mahler,GPFA50,hidden,D_beh,objective,x,False,published_input_causal_train_only;raw_preprocessing_fail,100,1000,fail,matched_r,1000,0.80452028032285539,0.0036088628918509564,0.80432105532091014,0.79765409469798976,0.81190527540742197,100,100,,,"empirical paired comparison, changing support; not exact permutation p"
mahler,GPFA50,hidden,D_beh,objective,x,False,published_input_causal_train_only;raw_preprocessing_fail,100,1000,fail,null_r,1000,0.092165047394349164,0.012075270222556937,0.091991157459455242,0.068082326058336987,0.11763116413502066,100,100,,,"empirical paired comparison, changing support; not exact permutation p"
mahler,GPFA50,hidden,D_beh,objective,x,False,published_input_causal_train_only;raw_preprocessing_fail,100,1000,fail,paired_r,1000,0.71235523292850622,0.013623456959508826,0.71234813873397917,0.68393803255789443,0.73987124893762535,100,100,0,0,"empirical paired comparison, changing support; not exact permutation p"
mahler,GPFA50,hidden,D_beh,objective,x,False,published_input_causal_train_only;raw_preprocessing_fail,100,1000,fail,matched_RMSE,1000,0.96731516019952524,0.0087539333073107777,0.96740243445869711,0.94982415131381703,0.98351108326498882,100,100,,,"empirical paired comparison, changing support; not exact permutation p"
mahler,GPFA50,hidden,D_beh,objective,x,False,published_input_causal_train_only;raw_preprocessing_fail,100,1000,fail,null_RMSE,1000,1.9955410661409367,0.017309075160865873,1.995664740925972,1.9620432925117406,2.0312774925577015,100,100,,,"empirical paired comparison, changing support; not exact permutation p"
mahler,GPFA50,hidden,D_beh,objective,x,False,published_input_causal_train_only;raw_preprocessing_fail,100,1000,fail,paired_RMSE,1000,1.0282259059414114,0.01859604790423483,1.027796413811551,0.99041054574702969,1.0649731642527502,100,100,0,0,"empirical paired comparison, changing support; not exact permutation p"
mahler,GPFA50,hidden,D_beh,objective,x,False,published_input_causal_train_only;raw_preprocessing_fail,100,1000,fail,matched_bias,1000,-0.043531614679172444,0.0099360548005652579,-0.043848899442772593,-0.062209700397580857,-0.024768493929259085,100,100,,,"empirical paired comparison, changing support; not exact permutation p"
mahler,GPFA50,hidden,D_beh,objective,x,False,published_input_causal_train_only;raw_preprocessing_fail,100,1000,fail,null_bias,1000,-0.04440422341988557,0.023635964071653821,-0.044035663926439206,-0.089989812617385576,0.00032806965738434781,100,100,,,"empirical paired comparison, changing support; not exact permutation p"
mahler,GPFA50,hidden,D_beh,objective,x,False,published_input_causal_train_only;raw_preprocessing_fail,100,1000,fail,matched_amplitude_ratio,1000,1.2101435891732726,0.0054764475412109178,1.2102066389845576,1.1996671054430372,1.2207208313619855,100,100,,,"empirical paired comparison, changing support; not exact permutation p"
mahler,GPFA50,hidden,D_beh,objective,x,False,published_input_causal_train_only;raw_preprocessing_fail,100,1000,fail,null_amplitude_ratio,1000,1.2106032616905071,0.0063659707335733152,1.2103072055659658,1.1981367509100995,1.223362077120203,100,100,,,"empirical paired comparison, changing support; not exact permutation p"
mahler,GPFA50,hidden,D_beh,objective,y,False,published_input_causal_train_only;raw_preprocessing_fail,100,1000,fail,matched_r,1000,0.64904203129893656,0.005810082229941148,0.64877658226446888,0.63742224447704998,0.66072649149501117,100,100,,,"empirical paired comparison, changing support; not exact permutation p"
mahler,GPFA50,hidden,D_beh,objective,y,False,published_input_causal_train_only;raw_preprocessing_fail,100,1000,fail,null_r,1000,0.0086383089692912991,0.016593534424497295,0.0086745074345471219,-0.022850550550332555,0.041361064854979861,100,100,,,"empirical paired comparison, changing support; not exact permutation p"
mahler,GPFA50,hidden,D_beh,objective,y,False,published_input_causal_train_only;raw_preprocessing_fail,100,1000,fail,paired_r,1000,0.64040372232964515,0.017429083162863145,0.64048106161605467,0.60617766078388147,0.67339200261974663,100,100,0,0,"empirical paired comparison, changing support; not exact permutation p"
mahler,GPFA50,hidden,D_beh,objective,y,False,published_input_causal_train_only;raw_preprocessing_fail,100,1000,fail,matched_RMSE,1000,4.0879515476971822,0.033451959264207402,4.0886012845891644,4.0275684203198736,4.153060117078299,100,100,,,"empirical paired comparison, changing support; not exact permutation p"
mahler,GPFA50,hidden,D_beh,objective,y,False,published_input_causal_train_only;raw_preprocessing_fail,100,1000,fail,null_RMSE,1000,6.2927227622228381,0.054144996970414125,6.2923247780686467,6.1826999745511406,6.3935108058823369,100,100,,,"empirical paired comparison, changing support; not exact permutation p"
mahler,GPFA50,hidden,D_beh,objective,y,False,published_input_causal_train_only;raw_preprocessing_fail,100,1000,fail,paired_RMSE,1000,2.2047712145256568,0.063623130392857483,2.2062667609390418,2.0819679553281327,2.3238033157085822,100,100,0,0,"empirical paired comparison, changing support; not exact permutation p"
mahler,GPFA50,hidden,D_beh,objective,y,False,published_input_causal_train_only;raw_preprocessing_fail,100,1000,fail,matched_bias,1000,-0.20540087148840797,0.043668005971340226,-0.20666557868304336,-0.29109737728389734,-0.12061443079677867,100,100,,,"empirical paired comparison, changing support; not exact permutation p"
mahler,GPFA50,hidden,D_beh,objective,y,False,published_input_causal_train_only;raw_preprocessing_fail,100,1000,fail,null_bias,1000,-0.20797637222426599,0.06272846130060053,-0.20494478543642894,-0.34067218767053031,-0.091755907735294517,100,100,,,"empirical paired comparison, changing support; not exact permutation p"
mahler,GPFA50,hidden,D_beh,objective,y,False,published_input_causal_train_only;raw_preprocessing_fail,100,1000,fail,matched_amplitude_ratio,1000,0.65391032412289885,0.0049919952476133057,0.65374034439625528,0.64407395217275698,0.66379660289644637,100,100,,,"empirical paired comparison, changing support; not exact permutation p"
mahler,GPFA50,hidden,D_beh,objective,y,False,published_input_causal_train_only;raw_preprocessing_fail,100,1000,fail,null_amplitude_ratio,1000,0.65426131826099188,0.0056684737680418214,0.65442340996905379,0.6431301949251893,0.66524679978533452,100,100,,,"empirical paired comparison, changing support; not exact permutation p"
mahler,GPFA50,hidden,D_beh,behavior,x,True,published_input_causal_train_only;raw_preprocessing_fail,100,1000,fail,matched_r,1000,0.80452028032285539,0.0036088628918509564,0.80432105532091014,0.79765409469798976,0.81190527540742197,100,100,,,"empirical paired comparison, changing support; not exact permutation p"
mahler,GPFA50,hidden,D_beh,behavior,x,True,published_input_causal_train_only;raw_preprocessing_fail,100,1000,fail,null_r,1000,0.092165047394349164,0.012075270222556937,0.091991157459455242,0.068082326058336987,0.11763116413502066,100,100,,,"empirical paired comparison, changing support; not exact permutation p"
mahler,GPFA50,hidden,D_beh,behavior,x,True,published_input_causal_train_only;raw_preprocessing_fail,100,1000,fail,paired_r,1000,0.71235523292850622,0.013623456959508826,0.71234813873397917,0.68393803255789443,0.73987124893762535,100,100,0,0,"empirical paired comparison, changing support; not exact permutation p"
mahler,GPFA50,hidden,D_beh,behavior,x,True,published_input_causal_train_only;raw_preprocessing_fail,100,1000,fail,matched_RMSE,1000,0.96731516019952524,0.0087539333073107777,0.96740243445869711,0.94982415131381703,0.98351108326498882,100,100,,,"empirical paired comparison, changing support; not exact permutation p"
mahler,GPFA50,hidden,D_beh,behavior,x,True,published_input_causal_train_only;raw_preprocessing_fail,100,1000,fail,null_RMSE,1000,1.9955410661409367,0.017309075160865873,1.995664740925972,1.9620432925117406,2.0312774925577015,100,100,,,"empirical paired comparison, changing support; not exact permutation p"
mahler,GPFA50,hidden,D_beh,behavior,x,True,published_input_causal_train_only;raw_preprocessing_fail,100,1000,fail,paired_RMSE,1000,1.0282259059414114,0.01859604790423483,1.027796413811551,0.99041054574702969,1.0649731642527502,100,100,0,0,"empirical paired comparison, changing support; not exact permutation p"
mahler,GPFA50,hidden,D_beh,behavior,x,True,published_input_causal_train_only;raw_preprocessing_fail,100,1000,fail,matched_bias,1000,-0.043531614679172444,0.0099360548005652579,-0.043848899442772593,-0.062209700397580857,-0.024768493929259085,100,100,,,"empirical paired comparison, changing support; not exact permutation p"
mahler,GPFA50,hidden,D_beh,behavior,x,True,published_input_causal_train_only;raw_preprocessing_fail,100,1000,fail,null_bias,1000,-0.04440422341988557,0.023635964071653821,-0.044035663926439206,-0.089989812617385576,0.00032806965738434781,100,100,,,"empirical paired comparison, changing support; not exact permutation p"
mahler,GPFA50,hidden,D_beh,behavior,x,True,published_input_causal_train_only;raw_preprocessing_fail,100,1000,fail,matched_amplitude_ratio,1000,1.2101435891732726,0.0054764475412109178,1.2102066389845576,1.1996671054430372,1.2207208313619855,100,100,,,"empirical paired comparison, changing support; not exact permutation p"
mahler,GPFA50,hidden,D_beh,behavior,x,True,published_input_causal_train_only;raw_preprocessing_fail,100,1000,fail,null_amplitude_ratio,1000,1.2106032616905071,0.0063659707335733152,1.2103072055659658,1.1981367509100995,1.223362077120203,100,100,,,"empirical paired comparison, changing support; not exact permutation p"
mahler,GPFA50,hidden,D_beh,behavior,y,True,published_input_causal_train_only;raw_preprocessing_fail,100,1000,fail,matched_r,1000,0.63672558272813018,0.006156346218244426,0.63654630146283242,0.62473339886063983,0.64882731780949909,100,100,,,"empirical paired comparison, changing support; not exact permutation p"
mahler,GPFA50,hidden,D_beh,behavior,y,True,published_input_causal_train_only;raw_preprocessing_fail,100,1000,fail,null_r,1000,0.010572632364306131,0.01682151463757044,0.01047035605318623,-0.02167729589619562,0.044373993370991724,100,100,,,"empirical paired comparison, changing support; not exact permutation p"
mahler,GPFA50,hidden,D_beh,behavior,y,True,published_input_causal_train_only;raw_preprocessing_fail,100,1000,fail,paired_r,1000,0.62615295036382401,0.017749984941642212,0.62621049915307281,0.59119977270572699,0.65976927791405504,100,100,0,0,"empirical paired comparison, changing support; not exact permutation p"
mahler,GPFA50,hidden,D_beh,behavior,y,True,published_input_causal_train_only;raw_preprocessing_fail,100,1000,fail,matched_RMSE,1000,4.0229279677046845,0.034619229098007714,4.0222879423268898,3.9587371096577106,4.0913738091691947,100,100,,,"empirical paired comparison, changing support; not exact permutation p"
mahler,GPFA50,hidden,D_beh,behavior,y,True,published_input_causal_train_only;raw_preprocessing_fail,100,1000,fail,null_RMSE,1000,6.153263267306877,0.054474275483525243,6.1539658041018637,6.042884584228128,6.2543120340714875,100,100,,,"empirical paired comparison, changing support; not exact permutation p"
mahler,GPFA50,hidden,D_beh,behavior,y,True,published_input_causal_train_only;raw_preprocessing_fail,100,1000,fail,paired_RMSE,1000,2.1303352996021929,0.064238543045901444,2.1290523790231859,2.0096033652187808,2.2561392530539006,100,100,0,0,"empirical paired comparison, changing support; not exact permutation p"
mahler,GPFA50,hidden,D_beh,behavior,y,True,published_input_causal_train_only;raw_preprocessing_fail,100,1000,fail,matched_bias,1000,-0.084957287535130224,0.044332415579931901,-0.085880190476630522,-0.17256280960577564,0.0055991789256836615,100,100,,,"empirical paired comparison, changing support; not exact permutation p"
mahler,GPFA50,hidden,D_beh,behavior,y,True,published_input_causal_train_only;raw_preprocessing_fail,100,1000,fail,null_bias,1000,-0.088207558109722278,0.062393109862336912,-0.086711268847336043,-0.22167949276471255,0.028785092042822959,100,100,,,"empirical paired comparison, changing support; not exact permutation p"
mahler,GPFA50,hidden,D_beh,behavior,y,True,published_input_causal_train_only;raw_preprocessing_fail,100,1000,fail,matched_amplitude_ratio,1000,0.67558437400138527,0.0053932805119211646,0.67547469439077745,0.66449764084009999,0.68620292118114246,100,100,,,"empirical paired comparison, changing support; not exact permutation p"
mahler,GPFA50,hidden,D_beh,behavior,y,True,published_input_causal_train_only;raw_preprocessing_fail,100,1000,fail,null_amplitude_ratio,1000,0.67600622328270621,0.0060425628841615934,0.67614462294421918,0.6642400858672155,0.68806699294755569,100,100,,,"empirical paired comparison, changing support; not exact permutation p"
mahler,GPFA50,bounce,D_obj,objective,x,True,published_input_causal_train_only;raw_preprocessing_fail,100,1000,fail,matched_r,1000,0.93819798733241144,0.0027573728911819205,0.93827808213031239,0.93252042634733201,0.94337676296077178,94,100,,,"empirical paired comparison, changing support; not exact permutation p"
mahler,GPFA50,bounce,D_obj,objective,x,True,published_input_causal_train_only;raw_preprocessing_fail,100,1000,fail,null_r,1000,0.82833319566030217,0.0087639708244222451,0.82875109971689764,0.81090633878084428,0.84495333755889623,94,100,,,"empirical paired comparison, changing support; not exact permutation p"
mahler,GPFA50,bounce,D_obj,objective,x,True,published_input_causal_train_only;raw_preprocessing_fail,100,1000,fail,paired_r,1000,0.1098647916721093,0.0085455714057388506,0.10979794316235862,0.09424007990446269,0.12740351001412967,94,100,0,0,"empirical paired comparison, changing support; not exact permutation p"
mahler,GPFA50,bounce,D_obj,objective,x,True,published_input_causal_train_only;raw_preprocessing_fail,100,1000,fail,matched_RMSE,1000,1.3109667616112202,0.030571510086446593,1.3111501015001075,1.2502650078323971,1.3705057100284768,94,100,,,"empirical paired comparison, changing support; not exact permutation p"
mahler,GPFA50,bounce,D_obj,objective,x,True,published_input_causal_train_only;raw_preprocessing_fail,100,1000,fail,null_RMSE,1000,2.1266480854001726,0.048493951187499919,2.1253905066078715,2.0347888579553204,2.2231854608513144,94,100,,,"empirical paired comparison, changing support; not exact permutation p"
mahler,GPFA50,bounce,D_obj,objective,x,True,published_input_causal_train_only;raw_preprocessing_fail,100,1000,fail,paired_RMSE,1000,0.81568132378895242,0.055629159749621793,0.81712669893375178,0.70643682266656216,0.92482702486754831,94,100,0,0,"empirical paired comparison, changing support; not exact permutation p"
mahler,GPFA50,bounce,D_obj,objective,x,True,published_input_causal_train_only;raw_preprocessing_fail,100,1000,fail,matched_bias,1000,0.17788932505892743,0.042035399566083119,0.17919025311465256,0.09342745966119359,0.2613158104700169,94,100,,,"empirical paired comparison, changing support; not exact permutation p"
mahler,GPFA50,bounce,D_obj,objective,x,True,published_input_causal_train_only;raw_preprocessing_fail,100,1000,fail,null_bias,1000,0.18113170766752681,0.086640315776133833,0.18442650111648404,0.015200156038706492,0.35149685539987463,94,100,,,"empirical paired comparison, changing support; not exact permutation p"
mahler,GPFA50,bounce,D_obj,objective,x,True,published_input_causal_train_only;raw_preprocessing_fail,100,1000,fail,matched_amplitude_ratio,1000,0.92299759515675128,0.0093303169484459606,0.92288046909827881,0.90447713307491517,0.94096772106535065,94,100,,,"empirical paired comparison, changing support; not exact permutation p"
mahler,GPFA50,bounce,D_obj,objective,x,True,published_input_causal_train_only;raw_preprocessing_fail,100,1000,fail,null_amplitude_ratio,1000,0.93024043606667861,0.015578443887302493,0.9300433521373227,0.90022116513628103,0.96175097830302014,94,100,,,"empirical paired comparison, changing support; not exact permutation p"
mahler,GPFA50,bounce,D_obj,objective,y,True,published_input_causal_train_only;raw_preprocessing_fail,100,1000,fail,matched_r,1000,0.5722523995593406,0.021302009446846796,0.5722124906479622,0.52986797968863886,0.61343896280386734,94,100,,,"empirical paired comparison, changing support; not exact permutation p"
mahler,GPFA50,bounce,D_obj,objective,y,True,published_input_causal_train_only;raw_preprocessing_fail,100,1000,fail,null_r,1000,0.0079612176608977181,0.036528728945304942,0.0076318824564915689,-0.061526708513742215,0.078867818434388198,94,100,,,"empirical paired comparison, changing support; not exact permutation p"
mahler,GPFA50,bounce,D_obj,objective,y,True,published_input_causal_train_only;raw_preprocessing_fail,100,1000,fail,paired_r,1000,0.56429118189844285,0.042205930417911028,0.56403876440684675,0.48125627613332161,0.64707284757424699,94,100,0,0,"empirical paired comparison, changing support; not exact permutation p"
mahler,GPFA50,bounce,D_obj,objective,y,True,published_input_causal_train_only;raw_preprocessing_fail,100,1000,fail,matched_RMSE,1000,5.6333410377161712,0.076219018341669095,5.633300372310841,5.4816427774210501,5.7779122624227286,94,100,,,"empirical paired comparison, changing support; not exact permutation p"
mahler,GPFA50,bounce,D_obj,objective,y,True,published_input_causal_train_only;raw_preprocessing_fail,100,1000,fail,null_RMSE,1000,7.8267335737763037,0.14875345788766869,7.8321913394274087,7.5417587852936121,8.1082253753109708,94,100,,,"empirical paired comparison, changing support; not exact permutation p"
mahler,GPFA50,bounce,D_obj,objective,y,True,published_input_causal_train_only;raw_preprocessing_fail,100,1000,fail,paired_RMSE,1000,2.193392536060133,0.16790476814030283,2.1938799409743295,1.8777277387195814,2.5119733883325397,94,100,0,0,"empirical paired comparison, changing support; not exact permutation p"
mahler,GPFA50,bounce,D_obj,objective,y,True,published_input_causal_train_only;raw_preprocessing_fail,100,1000,fail,matched_bias,1000,-0.65923154359623615,0.23346507959379498,-0.65950021037139384,-1.123218744872982,-0.21809802954057037,94,100,,,"empirical paired comparison, changing support; not exact permutation p"
mahler,GPFA50,bounce,D_obj,objective,y,True,published_input_causal_train_only;raw_preprocessing_fail,100,1000,fail,null_bias,1000,-0.64568742756672926,0.34053109947287263,-0.6603256040358858,-1.3306226948551783,0.020635080812434006,94,100,,,"empirical paired comparison, changing support; not exact permutation p"
mahler,GPFA50,bounce,D_obj,objective,y,True,published_input_causal_train_only;raw_preprocessing_fail,100,1000,fail,matched_amplitude_ratio,1000,0.625803610244139,0.035740921923669122,0.62356815373347585,0.56510832417161905,0.70490938499257694,94,100,,,"empirical paired comparison, changing support; not exact permutation p"
mahler,GPFA50,bounce,D_obj,objective,y,True,published_input_causal_train_only;raw_preprocessing_fail,100,1000,fail,null_amplitude_ratio,1000,0.64623523782627879,0.041589125145076976,0.64293107026334573,0.57066959577989362,0.73702208219716836,94,100,,,"empirical paired comparison, changing support; not exact permutation p"
mahler,GPFA50,bounce,D_obj,behavior,x,False,published_input_causal_train_only;raw_preprocessing_fail,100,1000,fail,matched_r,1000,0.93819798733241144,0.0027573728911819205,0.93827808213031239,0.93252042634733201,0.94337676296077178,94,100,,,"empirical paired comparison, changing support; not exact permutation p"
mahler,GPFA50,bounce,D_obj,behavior,x,False,published_input_causal_train_only;raw_preprocessing_fail,100,1000,fail,null_r,1000,0.82833319566030217,0.0087639708244222451,0.82875109971689764,0.81090633878084428,0.84495333755889623,94,100,,,"empirical paired comparison, changing support; not exact permutation p"
mahler,GPFA50,bounce,D_obj,behavior,x,False,published_input_causal_train_only;raw_preprocessing_fail,100,1000,fail,paired_r,1000,0.1098647916721093,0.0085455714057388506,0.10979794316235862,0.09424007990446269,0.12740351001412967,94,100,0,0,"empirical paired comparison, changing support; not exact permutation p"
mahler,GPFA50,bounce,D_obj,behavior,x,False,published_input_causal_train_only;raw_preprocessing_fail,100,1000,fail,matched_RMSE,1000,1.3109667616112202,0.030571510086446593,1.3111501015001075,1.2502650078323971,1.3705057100284768,94,100,,,"empirical paired comparison, changing support; not exact permutation p"
mahler,GPFA50,bounce,D_obj,behavior,x,False,published_input_causal_train_only;raw_preprocessing_fail,100,1000,fail,null_RMSE,1000,2.1266480854001726,0.048493951187499919,2.1253905066078715,2.0347888579553204,2.2231854608513144,94,100,,,"empirical paired comparison, changing support; not exact permutation p"
mahler,GPFA50,bounce,D_obj,behavior,x,False,published_input_causal_train_only;raw_preprocessing_fail,100,1000,fail,paired_RMSE,1000,0.81568132378895242,0.055629159749621793,0.81712669893375178,0.70643682266656216,0.92482702486754831,94,100,0,0,"empirical paired comparison, changing support; not exact permutation p"
mahler,GPFA50,bounce,D_obj,behavior,x,False,published_input_causal_train_only;raw_preprocessing_fail,100,1000,fail,matched_bias,1000,0.17788932505892743,0.042035399566083119,0.17919025311465256,0.09342745966119359,0.2613158104700169,94,100,,,"empirical paired comparison, changing support; not exact permutation p"
mahler,GPFA50,bounce,D_obj,behavior,x,False,published_input_causal_train_only;raw_preprocessing_fail,100,1000,fail,null_bias,1000,0.18113170766752681,0.086640315776133833,0.18442650111648404,0.015200156038706492,0.35149685539987463,94,100,,,"empirical paired comparison, changing support; not exact permutation p"
mahler,GPFA50,bounce,D_obj,behavior,x,False,published_input_causal_train_only;raw_preprocessing_fail,100,1000,fail,matched_amplitude_ratio,1000,0.92299759515675128,0.0093303169484459606,0.92288046909827881,0.90447713307491517,0.94096772106535065,94,100,,,"empirical paired comparison, changing support; not exact permutation p"
mahler,GPFA50,bounce,D_obj,behavior,x,False,published_input_causal_train_only;raw_preprocessing_fail,100,1000,fail,null_amplitude_ratio,1000,0.93024043606667861,0.015578443887302493,0.9300433521373227,0.90022116513628103,0.96175097830302014,94,100,,,"empirical paired comparison, changing support; not exact permutation p"
mahler,GPFA50,bounce,D_obj,behavior,y,False,published_input_causal_train_only;raw_preprocessing_fail,100,1000,fail,matched_r,1000,0.57399821995962541,0.021204353693237345,0.57390808806650417,0.53214095736664879,0.61492949681428677,94,100,,,"empirical paired comparison, changing support; not exact permutation p"
mahler,GPFA50,bounce,D_obj,behavior,y,False,published_input_causal_train_only;raw_preprocessing_fail,100,1000,fail,null_r,1000,0.0097647840896200894,0.036723411482935488,0.009606131218434899,-0.059604077678297902,0.081708201731106073,94,100,,,"empirical paired comparison, changing support; not exact permutation p"
mahler,GPFA50,bounce,D_obj,behavior,y,False,published_input_causal_train_only;raw_preprocessing_fail,100,1000,fail,paired_r,1000,0.5642334358700053,0.042361344727240971,0.56397264792060109,0.48041754684992172,0.64582626629500994,94,100,0,0,"empirical paired comparison, changing support; not exact permutation p"
mahler,GPFA50,bounce,D_obj,behavior,y,False,published_input_causal_train_only;raw_preprocessing_fail,100,1000,fail,matched_RMSE,1000,5.6940484237899094,0.07476454456805158,5.6933408035293374,5.5459489077959354,5.8340514336867928,94,100,,,"empirical paired comparison, changing support; not exact permutation p"
mahler,GPFA50,bounce,D_obj,behavior,y,False,published_input_causal_train_only;raw_preprocessing_fail,100,1000,fail,null_RMSE,1000,7.8856504001903183,0.14861245553278385,7.8856529379122717,7.6015760368908802,8.1663763391170985,94,100,,,"empirical paired comparison, changing support; not exact permutation p"
mahler,GPFA50,bounce,D_obj,behavior,y,False,published_input_causal_train_only;raw_preprocessing_fail,100,1000,fail,paired_RMSE,1000,2.1916019764004093,0.16650936863682311,2.1970372592731104,1.870094584664131,2.5058008716130802,94,100,0,0,"empirical paired comparison, changing support; not exact permutation p"
mahler,GPFA50,bounce,D_obj,behavior,y,False,published_input_causal_train_only;raw_preprocessing_fail,100,1000,fail,matched_bias,1000,-0.61100342289443355,0.23732173421419397,-0.6126277244988243,-1.0780667593900422,-0.15762398906751038,94,100,,,"empirical paired comparison, changing support; not exact permutation p"
mahler,GPFA50,bounce,D_obj,behavior,y,False,published_input_causal_train_only;raw_preprocessing_fail,100,1000,fail,null_bias,1000,-0.59842690156384526,0.34497953941343196,-0.61296194548262561,-1.2934924306081286,0.08430262695857961,94,100,,,"empirical paired comparison, changing support; not exact permutation p"
mahler,GPFA50,bounce,D_obj,behavior,y,False,published_input_causal_train_only;raw_preprocessing_fail,100,1000,fail,matched_amplitude_ratio,1000,0.62321224240347151,0.035118705906702262,0.62078407986095363,0.56079242371995841,0.69568186342210125,94,100,,,"empirical paired comparison, changing support; not exact permutation p"
mahler,GPFA50,bounce,D_obj,behavior,y,False,published_input_causal_train_only;raw_preprocessing_fail,100,1000,fail,null_amplitude_ratio,1000,0.64423278307148357,0.041508351551694779,0.64148659447681355,0.56976136052057769,0.72909251093984884,94,100,,,"empirical paired comparison, changing support; not exact permutation p"
mahler,GPFA50,bounce,D_beh,objective,x,False,published_input_causal_train_only;raw_preprocessing_fail,100,1000,fail,matched_r,1000,0.93819798733241144,0.0027573728911819205,0.93827808213031239,0.93252042634733201,0.94337676296077178,94,100,,,"empirical paired comparison, changing support; not exact permutation p"
mahler,GPFA50,bounce,D_beh,objective,x,False,published_input_causal_train_only;raw_preprocessing_fail,100,1000,fail,null_r,1000,0.82833319566030217,0.0087639708244222451,0.82875109971689764,0.81090633878084428,0.84495333755889623,94,100,,,"empirical paired comparison, changing support; not exact permutation p"
mahler,GPFA50,bounce,D_beh,objective,x,False,published_input_causal_train_only;raw_preprocessing_fail,100,1000,fail,paired_r,1000,0.1098647916721093,0.0085455714057388506,0.10979794316235862,0.09424007990446269,0.12740351001412967,94,100,0,0,"empirical paired comparison, changing support; not exact permutation p"
mahler,GPFA50,bounce,D_beh,objective,x,False,published_input_causal_train_only;raw_preprocessing_fail,100,1000,fail,matched_RMSE,1000,1.3109667616112202,0.030571510086446593,1.3111501015001075,1.2502650078323971,1.3705057100284768,94,100,,,"empirical paired comparison, changing support; not exact permutation p"
mahler,GPFA50,bounce,D_beh,objective,x,False,published_input_causal_train_only;raw_preprocessing_fail,100,1000,fail,null_RMSE,1000,2.1266480854001726,0.048493951187499919,2.1253905066078715,2.0347888579553204,2.2231854608513144,94,100,,,"empirical paired comparison, changing support; not exact permutation p"
mahler,GPFA50,bounce,D_beh,objective,x,False,published_input_causal_train_only;raw_preprocessing_fail,100,1000,fail,paired_RMSE,1000,0.81568132378895242,0.055629159749621793,0.81712669893375178,0.70643682266656216,0.92482702486754831,94,100,0,0,"empirical paired comparison, changing support; not exact permutation p"
mahler,GPFA50,bounce,D_beh,objective,x,False,published_input_causal_train_only;raw_preprocessing_fail,100,1000,fail,matched_bias,1000,0.17788932505892743,0.042035399566083119,0.17919025311465256,0.09342745966119359,0.2613158104700169,94,100,,,"empirical paired comparison, changing support; not exact permutation p"
mahler,GPFA50,bounce,D_beh,objective,x,False,published_input_causal_train_only;raw_preprocessing_fail,100,1000,fail,null_bias,1000,0.18113170766752681,0.086640315776133833,0.18442650111648404,0.015200156038706492,0.35149685539987463,94,100,,,"empirical paired comparison, changing support; not exact permutation p"
mahler,GPFA50,bounce,D_beh,objective,x,False,published_input_causal_train_only;raw_preprocessing_fail,100,1000,fail,matched_amplitude_ratio,1000,0.92299759515675128,0.0093303169484459606,0.92288046909827881,0.90447713307491517,0.94096772106535065,94,100,,,"empirical paired comparison, changing support; not exact permutation p"
mahler,GPFA50,bounce,D_beh,objective,x,False,published_input_causal_train_only;raw_preprocessing_fail,100,1000,fail,null_amplitude_ratio,1000,0.93024043606667861,0.015578443887302493,0.9300433521373227,0.90022116513628103,0.96175097830302014,94,100,,,"empirical paired comparison, changing support; not exact permutation p"
mahler,GPFA50,bounce,D_beh,objective,y,False,published_input_causal_train_only;raw_preprocessing_fail,100,1000,fail,matched_r,1000,0.55707576611534004,0.021643736004084882,0.55748562500438137,0.51403662374819881,0.59867869521922656,94,100,,,"empirical paired comparison, changing support; not exact permutation p"
mahler,GPFA50,bounce,D_beh,objective,y,False,published_input_causal_train_only;raw_preprocessing_fail,100,1000,fail,null_r,1000,0.0079416638957283698,0.036044139023007842,0.0079288787111470235,-0.059192970955720028,0.077809276016884019,94,100,,,"empirical paired comparison, changing support; not exact permutation p"
mahler,GPFA50,bounce,D_beh,objective,y,False,published_input_causal_train_only;raw_preprocessing_fail,100,1000,fail,paired_r,1000,0.54913410221961168,0.041744656815668878,0.54888352354198067,0.46677523067855009,0.63260070551843139,94,100,0,0,"empirical paired comparison, changing support; not exact permutation p"
mahler,GPFA50,bounce,D_beh,objective,y,False,published_input_causal_train_only;raw_preprocessing_fail,100,1000,fail,matched_RMSE,1000,5.7222507951859862,0.077041096131191256,5.7218502868548065,5.5735222632365531,5.8668793966358503,94,100,,,"empirical paired comparison, changing support; not exact permutation p"
mahler,GPFA50,bounce,D_beh,objective,y,False,published_input_causal_train_only;raw_preprocessing_fail,100,1000,fail,null_RMSE,1000,7.7948155234332681,0.14214055397511388,7.7971634974238446,7.5203145379688925,8.0626622073701206,94,100,,,"empirical paired comparison, changing support; not exact permutation p"
mahler,GPFA50,bounce,D_beh,objective,y,False,published_input_causal_train_only;raw_preprocessing_fail,100,1000,fail,paired_RMSE,1000,2.0725647282472828,0.16334089891575013,2.0748657361472209,1.7669266506446755,2.3807557943844211,94,100,0,0,"empirical paired comparison, changing support; not exact permutation p"
mahler,GPFA50,bounce,D_beh,objective,y,False,published_input_causal_train_only;raw_preprocessing_fail,100,1000,fail,matched_bias,1000,-0.64549222326522493,0.23856535885609145,-0.64372173512595032,-1.1126675092538081,-0.18790851159146257,94,100,,,"empirical paired comparison, changing support; not exact permutation p"
mahler,GPFA50,bounce,D_beh,objective,y,False,published_input_causal_train_only;raw_preprocessing_fail,100,1000,fail,null_bias,1000,-0.63194810723571804,0.33826471089158183,-0.64322696985156769,-1.3147633839918369,0.04192520249367436,94,100,,,"empirical paired comparison, changing support; not exact permutation p"
mahler,GPFA50,bounce,D_beh,objective,y,False,published_input_causal_train_only;raw_preprocessing_fail,100,1000,fail,matched_amplitude_ratio,1000,0.61189851926558958,0.035396250970579843,0.6090801581953158,0.55207231579273752,0.68980747072658266,94,100,,,"empirical paired comparison, changing support; not exact permutation p"
mahler,GPFA50,bounce,D_beh,objective,y,False,published_input_causal_train_only;raw_preprocessing_fail,100,1000,fail,null_amplitude_ratio,1000,0.63078311733493952,0.040510326474457327,0.62768110031582591,0.5583149218375274,0.71850674382156399,94,100,,,"empirical paired comparison, changing support; not exact permutation p"
mahler,GPFA50,bounce,D_beh,behavior,x,True,published_input_causal_train_only;raw_preprocessing_fail,100,1000,fail,matched_r,1000,0.93819798733241144,0.0027573728911819205,0.93827808213031239,0.93252042634733201,0.94337676296077178,94,100,,,"empirical paired comparison, changing support; not exact permutation p"
mahler,GPFA50,bounce,D_beh,behavior,x,True,published_input_causal_train_only;raw_preprocessing_fail,100,1000,fail,null_r,1000,0.82833319566030217,0.0087639708244222451,0.82875109971689764,0.81090633878084428,0.84495333755889623,94,100,,,"empirical paired comparison, changing support; not exact permutation p"
mahler,GPFA50,bounce,D_beh,behavior,x,True,published_input_causal_train_only;raw_preprocessing_fail,100,1000,fail,paired_r,1000,0.1098647916721093,0.0085455714057388506,0.10979794316235862,0.09424007990446269,0.12740351001412967,94,100,0,0,"empirical paired comparison, changing support; not exact permutation p"
mahler,GPFA50,bounce,D_beh,behavior,x,True,published_input_causal_train_only;raw_preprocessing_fail,100,1000,fail,matched_RMSE,1000,1.3109667616112202,0.030571510086446593,1.3111501015001075,1.2502650078323971,1.3705057100284768,94,100,,,"empirical paired comparison, changing support; not exact permutation p"
mahler,GPFA50,bounce,D_beh,behavior,x,True,published_input_causal_train_only;raw_preprocessing_fail,100,1000,fail,null_RMSE,1000,2.1266480854001726,0.048493951187499919,2.1253905066078715,2.0347888579553204,2.2231854608513144,94,100,,,"empirical paired comparison, changing support; not exact permutation p"
mahler,GPFA50,bounce,D_beh,behavior,x,True,published_input_causal_train_only;raw_preprocessing_fail,100,1000,fail,paired_RMSE,1000,0.81568132378895242,0.055629159749621793,0.81712669893375178,0.70643682266656216,0.92482702486754831,94,100,0,0,"empirical paired comparison, changing support; not exact permutation p"
mahler,GPFA50,bounce,D_beh,behavior,x,True,published_input_causal_train_only;raw_preprocessing_fail,100,1000,fail,matched_bias,1000,0.17788932505892743,0.042035399566083119,0.17919025311465256,0.09342745966119359,0.2613158104700169,94,100,,,"empirical paired comparison, changing support; not exact permutation p"
mahler,GPFA50,bounce,D_beh,behavior,x,True,published_input_causal_train_only;raw_preprocessing_fail,100,1000,fail,null_bias,1000,0.18113170766752681,0.086640315776133833,0.18442650111648404,0.015200156038706492,0.35149685539987463,94,100,,,"empirical paired comparison, changing support; not exact permutation p"
mahler,GPFA50,bounce,D_beh,behavior,x,True,published_input_causal_train_only;raw_preprocessing_fail,100,1000,fail,matched_amplitude_ratio,1000,0.92299759515675128,0.0093303169484459606,0.92288046909827881,0.90447713307491517,0.94096772106535065,94,100,,,"empirical paired comparison, changing support; not exact permutation p"
mahler,GPFA50,bounce,D_beh,behavior,x,True,published_input_causal_train_only;raw_preprocessing_fail,100,1000,fail,null_amplitude_ratio,1000,0.93024043606667861,0.015578443887302493,0.9300433521373227,0.90022116513628103,0.96175097830302014,94,100,,,"empirical paired comparison, changing support; not exact permutation p"
mahler,GPFA50,bounce,D_beh,behavior,y,True,published_input_causal_train_only;raw_preprocessing_fail,100,1000,fail,matched_r,1000,0.55917375885236809,0.021539375740435473,0.5592324589994051,0.515970715863451,0.60139192759785065,94,100,,,"empirical paired comparison, changing support; not exact permutation p"
mahler,GPFA50,bounce,D_beh,behavior,y,True,published_input_causal_train_only;raw_preprocessing_fail,100,1000,fail,null_r,1000,0.0095878314455812401,0.036250713591669315,0.0091125124153538656,-0.05750340125901645,0.079328525476642875,94,100,,,"empirical paired comparison, changing support; not exact permutation p"
mahler,GPFA50,bounce,D_beh,behavior,y,True,published_input_causal_train_only;raw_preprocessing_fail,100,1000,fail,paired_r,1000,0.54958592740678691,0.041886008755231567,0.54937208131166559,0.46751557976825303,0.63453576049313909,94,100,0,0,"empirical paired comparison, changing support; not exact permutation p"
mahler,GPFA50,bounce,D_beh,behavior,y,True,published_input_causal_train_only;raw_preprocessing_fail,100,1000,fail,matched_RMSE,1000,5.7830787273980899,0.075754765123693391,5.7819316299503853,5.638030034570213,5.9323583479372672,94,100,,,"empirical paired comparison, changing support; not exact permutation p"
mahler,GPFA50,bounce,D_beh,behavior,y,True,published_input_causal_train_only;raw_preprocessing_fail,100,1000,fail,null_RMSE,1000,7.854885472250408,0.14199038524976876,7.8571769391504951,7.580828710018463,8.1203425754850791,94,100,,,"empirical paired comparison, changing support; not exact permutation p"
mahler,GPFA50,bounce,D_beh,behavior,y,True,published_input_causal_train_only;raw_preprocessing_fail,100,1000,fail,paired_RMSE,1000,2.071806744852319,0.16185624341325355,2.0751138714261392,1.7623557207869414,2.3747758870690379,94,100,0,0,"empirical paired comparison, changing support; not exact permutation p"
mahler,GPFA50,bounce,D_beh,behavior,y,True,published_input_causal_train_only;raw_preprocessing_fail,100,1000,fail,matched_bias,1000,-0.59726410256342233,0.24240424581573966,-0.60106407468480061,-1.0712386476251572,-0.12776879346826531,94,100,,,"empirical paired comparison, changing support; not exact permutation p"
mahler,GPFA50,bounce,D_beh,behavior,y,True,published_input_causal_train_only;raw_preprocessing_fail,100,1000,fail,null_bias,1000,-0.58468758123283393,0.34280188321343247,-0.5943829822077793,-1.2739311762396734,0.085912201218657697,94,100,,,"empirical paired comparison, changing support; not exact permutation p"
mahler,GPFA50,bounce,D_beh,behavior,y,True,published_input_causal_train_only;raw_preprocessing_fail,100,1000,fail,matched_amplitude_ratio,1000,0.60935068310559448,0.03471616538743115,0.60667649738608442,0.54849324520199194,0.68193257597143964,94,100,,,"empirical paired comparison, changing support; not exact permutation p"
mahler,GPFA50,bounce,D_beh,behavior,y,True,published_input_causal_train_only;raw_preprocessing_fail,100,1000,fail,null_amplitude_ratio,1000,0.62879072496397903,0.040378351315560924,0.62673898511230419,0.55464226867051658,0.71304666603016187,94,100,,,"empirical paired comparison, changing support; not exact permutation p"
mahler,GPFA50,no_bounce,D_obj,objective,x,True,published_input_causal_train_only;raw_preprocessing_fail,100,1000,fail,matched_r,1000,0.93013047262288728,0.00081821809978101256,0.93015847062773027,0.92855948785884179,0.93166571855875013,100,100,,,"empirical paired comparison, changing support; not exact permutation p"
mahler,GPFA50,no_bounce,D_obj,objective,x,True,published_input_causal_train_only;raw_preprocessing_fail,100,1000,fail,null_r,1000,0.71818637284319209,0.0060006772748836396,0.71811679127343375,0.70738644169756526,0.72985735698510668,100,100,,,"empirical paired comparison, changing support; not exact permutation p"
mahler,GPFA50,no_bounce,D_obj,objective,x,True,published_input_causal_train_only;raw_preprocessing_fail,100,1000,fail,paired_r,1000,0.21194409977969519,0.0058718648582572648,0.21199166711283024,0.20054528629289967,0.22326178360620058,100,100,0,0,"empirical paired comparison, changing support; not exact permutation p"
mahler,GPFA50,no_bounce,D_obj,objective,x,True,published_input_causal_train_only;raw_preprocessing_fail,100,1000,fail,matched_RMSE,1000,1.3037062325544202,0.0085424627647716408,1.3035872251782834,1.2868745230978547,1.3198133965566592,100,100,,,"empirical paired comparison, changing support; not exact permutation p"
mahler,GPFA50,no_bounce,D_obj,objective,x,True,published_input_causal_train_only;raw_preprocessing_fail,100,1000,fail,null_RMSE,1000,2.5448037646048864,0.02675806323144115,2.5449165984901088,2.4908910754869011,2.5933673847003633,100,100,,,"empirical paired comparison, changing support; not exact permutation p"
mahler,GPFA50,no_bounce,D_obj,objective,x,True,published_input_causal_train_only;raw_preprocessing_fail,100,1000,fail,paired_RMSE,1000,1.2410975320504665,0.026934169262638037,1.2415975370408572,1.1879604856540451,1.2940513393990198,100,100,0,0,"empirical paired comparison, changing support; not exact permutation p"
mahler,GPFA50,no_bounce,D_obj,objective,x,True,published_input_causal_train_only;raw_preprocessing_fail,100,1000,fail,matched_bias,1000,-0.002722655187894104,0.013627440450868977,-0.0027494981341025394,-0.027912837952860915,0.025308385330781207,100,100,,,"empirical paired comparison, changing support; not exact permutation p"
mahler,GPFA50,no_bounce,D_obj,objective,x,True,published_input_causal_train_only;raw_preprocessing_fail,100,1000,fail,null_bias,1000,-0.0026624612662521805,0.030934433256935425,-0.0022364328804886022,-0.063404816583743251,0.056859247355295225,100,100,,,"empirical paired comparison, changing support; not exact permutation p"
mahler,GPFA50,no_bounce,D_obj,objective,x,True,published_input_causal_train_only;raw_preprocessing_fail,100,1000,fail,matched_amplitude_ratio,1000,0.95161278951105865,0.0036210270970068051,0.95158920070571518,0.94457281155166917,0.95873536161314032,100,100,,,"empirical paired comparison, changing support; not exact permutation p"
mahler,GPFA50,no_bounce,D_obj,objective,x,True,published_input_causal_train_only;raw_preprocessing_fail,100,1000,fail,null_amplitude_ratio,1000,0.95185992770337136,0.004273539675567436,0.95174695815115329,0.94348858602665497,0.96058353326233792,100,100,,,"empirical paired comparison, changing support; not exact permutation p"
mahler,GPFA50,no_bounce,D_obj,objective,y,True,published_input_causal_train_only;raw_preprocessing_fail,100,1000,fail,matched_r,1000,0.46958579313578391,0.0067302657767596627,0.46960906655496665,0.45630439426942959,0.48346087173001012,100,100,,,"empirical paired comparison, changing support; not exact permutation p"
mahler,GPFA50,no_bounce,D_obj,objective,y,True,published_input_causal_train_only;raw_preprocessing_fail,100,1000,fail,null_r,1000,0.0029064188055093849,0.014907486453561748,0.0023793910728505605,-0.026807174662307955,0.032202557329150013,100,100,,,"empirical paired comparison, changing support; not exact permutation p"
mahler,GPFA50,no_bounce,D_obj,objective,y,True,published_input_causal_train_only;raw_preprocessing_fail,100,1000,fail,paired_r,1000,0.46667937433027445,0.016206038386534467,0.46691622753894413,0.43457276880196283,0.49872342151249133,100,100,0,0,"empirical paired comparison, changing support; not exact permutation p"
mahler,GPFA50,no_bounce,D_obj,objective,y,True,published_input_causal_train_only;raw_preprocessing_fail,100,1000,fail,matched_RMSE,1000,3.542713317030437,0.018971648147137185,3.5426516004519373,3.504035644343384,3.5809184700054835,100,100,,,"empirical paired comparison, changing support; not exact permutation p"
mahler,GPFA50,no_bounce,D_obj,objective,y,True,published_input_causal_train_only;raw_preprocessing_fail,100,1000,fail,null_RMSE,1000,4.7433086228067873,0.039084463690720661,4.7415453492286073,4.6667290638130066,4.8230031537696174,100,100,,,"empirical paired comparison, changing support; not exact permutation p"
mahler,GPFA50,no_bounce,D_obj,objective,y,True,published_input_causal_train_only;raw_preprocessing_fail,100,1000,fail,paired_RMSE,1000,1.2005953057763508,0.043743259236707972,1.1985921576876173,1.1151215365447773,1.2847507000502334,100,100,0,0,"empirical paired comparison, changing support; not exact permutation p"
mahler,GPFA50,no_bounce,D_obj,objective,y,True,published_input_causal_train_only;raw_preprocessing_fail,100,1000,fail,matched_bias,1000,0.34100529417188014,0.036519578945543751,0.34011426616214679,0.27458031559213991,0.41243293207421838,100,100,,,"empirical paired comparison, changing support; not exact permutation p"
mahler,GPFA50,no_bounce,D_obj,objective,y,True,published_input_causal_train_only;raw_preprocessing_fail,100,1000,fail,null_bias,1000,0.33844056213328455,0.054156644735926157,0.33960021096734033,0.22451627478316338,0.44116914358309384,100,100,,,"empirical paired comparison, changing support; not exact permutation p"
mahler,GPFA50,no_bounce,D_obj,objective,y,True,published_input_causal_train_only;raw_preprocessing_fail,100,1000,fail,matched_amplitude_ratio,1000,0.7588935952224618,0.0051411160413548009,0.75895327616403696,0.74867082569470389,0.76891462535348454,100,100,,,"empirical paired comparison, changing support; not exact permutation p"
mahler,GPFA50,no_bounce,D_obj,objective,y,True,published_input_causal_train_only;raw_preprocessing_fail,100,1000,fail,null_amplitude_ratio,1000,0.75965261177710453,0.0062269791412353529,0.75979789725142566,0.74716639852884703,0.77247073892375073,100,100,,,"empirical paired comparison, changing support; not exact permutation p"
mahler,GPFA50,no_bounce,D_obj,behavior,x,False,published_input_causal_train_only;raw_preprocessing_fail,100,1000,fail,matched_r,1000,0.93013047262288728,0.00081821809978101256,0.93015847062773027,0.92855948785884179,0.93166571855875013,100,100,,,"empirical paired comparison, changing support; not exact permutation p"
mahler,GPFA50,no_bounce,D_obj,behavior,x,False,published_input_causal_train_only;raw_preprocessing_fail,100,1000,fail,null_r,1000,0.71818637284319209,0.0060006772748836396,0.71811679127343375,0.70738644169756526,0.72985735698510668,100,100,,,"empirical paired comparison, changing support; not exact permutation p"
mahler,GPFA50,no_bounce,D_obj,behavior,x,False,published_input_causal_train_only;raw_preprocessing_fail,100,1000,fail,paired_r,1000,0.21194409977969519,0.0058718648582572648,0.21199166711283024,0.20054528629289967,0.22326178360620058,100,100,0,0,"empirical paired comparison, changing support; not exact permutation p"
mahler,GPFA50,no_bounce,D_obj,behavior,x,False,published_input_causal_train_only;raw_preprocessing_fail,100,1000,fail,matched_RMSE,1000,1.3037062325544202,0.0085424627647716408,1.3035872251782834,1.2868745230978547,1.3198133965566592,100,100,,,"empirical paired comparison, changing support; not exact permutation p"
mahler,GPFA50,no_bounce,D_obj,behavior,x,False,published_input_causal_train_only;raw_preprocessing_fail,100,1000,fail,null_RMSE,1000,2.5448037646048864,0.02675806323144115,2.5449165984901088,2.4908910754869011,2.5933673847003633,100,100,,,"empirical paired comparison, changing support; not exact permutation p"
mahler,GPFA50,no_bounce,D_obj,behavior,x,False,published_input_causal_train_only;raw_preprocessing_fail,100,1000,fail,paired_RMSE,1000,1.2410975320504665,0.026934169262638037,1.2415975370408572,1.1879604856540451,1.2940513393990198,100,100,0,0,"empirical paired comparison, changing support; not exact permutation p"
mahler,GPFA50,no_bounce,D_obj,behavior,x,False,published_input_causal_train_only;raw_preprocessing_fail,100,1000,fail,matched_bias,1000,-0.002722655187894104,0.013627440450868977,-0.0027494981341025394,-0.027912837952860915,0.025308385330781207,100,100,,,"empirical paired comparison, changing support; not exact permutation p"
mahler,GPFA50,no_bounce,D_obj,behavior,x,False,published_input_causal_train_only;raw_preprocessing_fail,100,1000,fail,null_bias,1000,-0.0026624612662521805,0.030934433256935425,-0.0022364328804886022,-0.063404816583743251,0.056859247355295225,100,100,,,"empirical paired comparison, changing support; not exact permutation p"
mahler,GPFA50,no_bounce,D_obj,behavior,x,False,published_input_causal_train_only;raw_preprocessing_fail,100,1000,fail,matched_amplitude_ratio,1000,0.95161278951105865,0.0036210270970068051,0.95158920070571518,0.94457281155166917,0.95873536161314032,100,100,,,"empirical paired comparison, changing support; not exact permutation p"
mahler,GPFA50,no_bounce,D_obj,behavior,x,False,published_input_causal_train_only;raw_preprocessing_fail,100,1000,fail,null_amplitude_ratio,1000,0.95185992770337136,0.004273539675567436,0.95174695815115329,0.94348858602665497,0.96058353326233792,100,100,,,"empirical paired comparison, changing support; not exact permutation p"
mahler,GPFA50,no_bounce,D_obj,behavior,y,False,published_input_causal_train_only;raw_preprocessing_fail,100,1000,fail,matched_r,1000,0.44366037720046314,0.0068286999523666219,0.44361678106218871,0.43022560194427295,0.45704018685020636,100,100,,,"empirical paired comparison, changing support; not exact permutation p"
mahler,GPFA50,no_bounce,D_obj,behavior,y,False,published_input_causal_train_only;raw_preprocessing_fail,100,1000,fail,null_r,1000,0.0025457590726208905,0.014325105808419719,0.0021392446512768434,-0.025872592157474866,0.030604298204534856,100,100,,,"empirical paired comparison, changing support; not exact permutation p"
mahler,GPFA50,no_bounce,D_obj,behavior,y,False,published_input_causal_train_only;raw_preprocessing_fail,100,1000,fail,paired_r,1000,0.4411146181278422,0.015646788664253185,0.44151059735567733,0.41060658039498416,0.47143320352704021,100,100,0,0,"empirical paired comparison, changing support; not exact permutation p"
mahler,GPFA50,no_bounce,D_obj,behavior,y,False,published_input_causal_train_only;raw_preprocessing_fail,100,1000,fail,matched_RMSE,1000,3.4616544372480713,0.018615425671137036,3.4620072256032168,3.4249204646928249,3.4990236611578354,100,100,,,"empirical paired comparison, changing support; not exact permutation p"
mahler,GPFA50,no_bounce,D_obj,behavior,y,False,published_input_causal_train_only;raw_preprocessing_fail,100,1000,fail,null_RMSE,1000,4.5572974153604289,0.036260949521220623,4.556252483992524,4.4877083329731962,4.630133369827143,100,100,,,"empirical paired comparison, changing support; not exact permutation p"
mahler,GPFA50,no_bounce,D_obj,behavior,y,False,published_input_causal_train_only;raw_preprocessing_fail,100,1000,fail,paired_RMSE,1000,1.0956429781123584,0.040838836835924444,1.0951502858220099,1.0184100586617533,1.1753256655408479,100,100,0,0,"empirical paired comparison, changing support; not exact permutation p"
mahler,GPFA50,no_bounce,D_obj,behavior,y,False,published_input_causal_train_only;raw_preprocessing_fail,100,1000,fail,matched_bias,1000,0.41042238784182328,0.03517157837585503,0.40926582947187784,0.3441931470473566,0.48332742604246376,100,100,,,"empirical paired comparison, changing support; not exact permutation p"
mahler,GPFA50,no_bounce,D_obj,behavior,y,False,published_input_causal_train_only;raw_preprocessing_fail,100,1000,fail,null_bias,1000,0.40802275539102528,0.051405691131625471,0.40924759544963574,0.30056963012541105,0.50108633209971898,100,100,,,"empirical paired comparison, changing support; not exact permutation p"
mahler,GPFA50,no_bounce,D_obj,behavior,y,False,published_input_causal_train_only;raw_preprocessing_fail,100,1000,fail,matched_amplitude_ratio,1000,0.81192889814077462,0.0055894457067011336,0.8116980249420449,0.80136193732018701,0.82302874642261337,100,100,,,"empirical paired comparison, changing support; not exact permutation p"
mahler,GPFA50,no_bounce,D_obj,behavior,y,False,published_input_causal_train_only;raw_preprocessing_fail,100,1000,fail,null_amplitude_ratio,1000,0.81246961920716143,0.0064545450593632208,0.81260705464357674,0.79961040632869451,0.82542873500947056,100,100,,,"empirical paired comparison, changing support; not exact permutation p"
mahler,GPFA50,no_bounce,D_beh,objective,x,False,published_input_causal_train_only;raw_preprocessing_fail,100,1000,fail,matched_r,1000,0.93013047262288728,0.00081821809978101256,0.93015847062773027,0.92855948785884179,0.93166571855875013,100,100,,,"empirical paired comparison, changing support; not exact permutation p"
mahler,GPFA50,no_bounce,D_beh,objective,x,False,published_input_causal_train_only;raw_preprocessing_fail,100,1000,fail,null_r,1000,0.71818637284319209,0.0060006772748836396,0.71811679127343375,0.70738644169756526,0.72985735698510668,100,100,,,"empirical paired comparison, changing support; not exact permutation p"
mahler,GPFA50,no_bounce,D_beh,objective,x,False,published_input_causal_train_only;raw_preprocessing_fail,100,1000,fail,paired_r,1000,0.21194409977969519,0.0058718648582572648,0.21199166711283024,0.20054528629289967,0.22326178360620058,100,100,0,0,"empirical paired comparison, changing support; not exact permutation p"
mahler,GPFA50,no_bounce,D_beh,objective,x,False,published_input_causal_train_only;raw_preprocessing_fail,100,1000,fail,matched_RMSE,1000,1.3037062325544202,0.0085424627647716408,1.3035872251782834,1.2868745230978547,1.3198133965566592,100,100,,,"empirical paired comparison, changing support; not exact permutation p"
mahler,GPFA50,no_bounce,D_beh,objective,x,False,published_input_causal_train_only;raw_preprocessing_fail,100,1000,fail,null_RMSE,1000,2.5448037646048864,0.02675806323144115,2.5449165984901088,2.4908910754869011,2.5933673847003633,100,100,,,"empirical paired comparison, changing support; not exact permutation p"
mahler,GPFA50,no_bounce,D_beh,objective,x,False,published_input_causal_train_only;raw_preprocessing_fail,100,1000,fail,paired_RMSE,1000,1.2410975320504665,0.026934169262638037,1.2415975370408572,1.1879604856540451,1.2940513393990198,100,100,0,0,"empirical paired comparison, changing support; not exact permutation p"
mahler,GPFA50,no_bounce,D_beh,objective,x,False,published_input_causal_train_only;raw_preprocessing_fail,100,1000,fail,matched_bias,1000,-0.002722655187894104,0.013627440450868977,-0.0027494981341025394,-0.027912837952860915,0.025308385330781207,100,100,,,"empirical paired comparison, changing support; not exact permutation p"
mahler,GPFA50,no_bounce,D_beh,objective,x,False,published_input_causal_train_only;raw_preprocessing_fail,100,1000,fail,null_bias,1000,-0.0026624612662521805,0.030934433256935425,-0.0022364328804886022,-0.063404816583743251,0.056859247355295225,100,100,,,"empirical paired comparison, changing support; not exact permutation p"
mahler,GPFA50,no_bounce,D_beh,objective,x,False,published_input_causal_train_only;raw_preprocessing_fail,100,1000,fail,matched_amplitude_ratio,1000,0.95161278951105865,0.0036210270970068051,0.95158920070571518,0.94457281155166917,0.95873536161314032,100,100,,,"empirical paired comparison, changing support; not exact permutation p"
mahler,GPFA50,no_bounce,D_beh,objective,x,False,published_input_causal_train_only;raw_preprocessing_fail,100,1000,fail,null_amplitude_ratio,1000,0.95185992770337136,0.004273539675567436,0.95174695815115329,0.94348858602665497,0.96058353326233792,100,100,,,"empirical paired comparison, changing support; not exact permutation p"
mahler,GPFA50,no_bounce,D_beh,objective,y,False,published_input_causal_train_only;raw_preprocessing_fail,100,1000,fail,matched_r,1000,0.4590719206183293,0.006961090994998754,0.4591862321469411,0.4456064934351554,0.47315524038365658,100,100,,,"empirical paired comparison, changing support; not exact permutation p"
mahler,GPFA50,no_bounce,D_beh,objective,y,False,published_input_causal_train_only;raw_preprocessing_fail,100,1000,fail,null_r,1000,0.0022910728525945999,0.014844992581786721,0.0020697777168785228,-0.027076754041694795,0.032456985659692725,100,100,,,"empirical paired comparison, changing support; not exact permutation p"
mahler,GPFA50,no_bounce,D_beh,objective,y,False,published_input_causal_train_only;raw_preprocessing_fail,100,1000,fail,paired_r,1000,0.45678084776573474,0.016268602728245353,0.45668578841122998,0.42413151154729845,0.48872822670006438,100,100,0,0,"empirical paired comparison, changing support; not exact permutation p"
mahler,GPFA50,no_bounce,D_beh,objective,y,False,published_input_causal_train_only;raw_preprocessing_fail,100,1000,fail,matched_RMSE,1000,3.5443845027035197,0.019263757735334543,3.5447828340772225,3.5063201844671008,3.5820068073591078,100,100,,,"empirical paired comparison, changing support; not exact permutation p"
mahler,GPFA50,no_bounce,D_beh,objective,y,False,published_input_causal_train_only;raw_preprocessing_fail,100,1000,fail,null_RMSE,1000,4.6990496444595244,0.038532445034211223,4.6979207560557272,4.6225859272543302,4.7773764358147455,100,100,,,"empirical paired comparison, changing support; not exact permutation p"
mahler,GPFA50,no_bounce,D_beh,objective,y,False,published_input_causal_train_only;raw_preprocessing_fail,100,1000,fail,paired_RMSE,1000,1.1546651417560059,0.043534352373430313,1.1541309590572055,1.0690209612491495,1.2385408952162948,100,100,0,0,"empirical paired comparison, changing support; not exact permutation p"
mahler,GPFA50,no_bounce,D_beh,objective,y,False,published_input_causal_train_only;raw_preprocessing_fail,100,1000,fail,matched_bias,1000,0.2436700712710434,0.036773324458117221,0.24319597409787291,0.17773188296554018,0.31576777994925859,100,100,,,"empirical paired comparison, changing support; not exact permutation p"
mahler,GPFA50,no_bounce,D_beh,objective,y,False,published_input_causal_train_only;raw_preprocessing_fail,100,1000,fail,null_bias,1000,0.24110533923244795,0.05385246267297257,0.24218337539806262,0.12701935781732912,0.34263668446772938,100,100,,,"empirical paired comparison, changing support; not exact permutation p"
mahler,GPFA50,no_bounce,D_beh,objective,y,False,published_input_causal_train_only;raw_preprocessing_fail,100,1000,fail,matched_amplitude_ratio,1000,0.74098265909227323,0.0050505982165324663,0.74095345341641106,0.73106195660401874,0.75107956037731494,100,100,,,"empirical paired comparison, changing support; not exact permutation p"
mahler,GPFA50,no_bounce,D_beh,objective,y,False,published_input_causal_train_only;raw_preprocessing_fail,100,1000,fail,null_amplitude_ratio,1000,0.74173510719072955,0.0061315367051183985,0.74184764113817936,0.72967554239995025,0.75446938850023504,100,100,,,"empirical paired comparison, changing support; not exact permutation p"
mahler,GPFA50,no_bounce,D_beh,behavior,x,True,published_input_causal_train_only;raw_preprocessing_fail,100,1000,fail,matched_r,1000,0.93013047262288728,0.00081821809978101256,0.93015847062773027,0.92855948785884179,0.93166571855875013,100,100,,,"empirical paired comparison, changing support; not exact permutation p"
mahler,GPFA50,no_bounce,D_beh,behavior,x,True,published_input_causal_train_only;raw_preprocessing_fail,100,1000,fail,null_r,1000,0.71818637284319209,0.0060006772748836396,0.71811679127343375,0.70738644169756526,0.72985735698510668,100,100,,,"empirical paired comparison, changing support; not exact permutation p"
mahler,GPFA50,no_bounce,D_beh,behavior,x,True,published_input_causal_train_only;raw_preprocessing_fail,100,1000,fail,paired_r,1000,0.21194409977969519,0.0058718648582572648,0.21199166711283024,0.20054528629289967,0.22326178360620058,100,100,0,0,"empirical paired comparison, changing support; not exact permutation p"
mahler,GPFA50,no_bounce,D_beh,behavior,x,True,published_input_causal_train_only;raw_preprocessing_fail,100,1000,fail,matched_RMSE,1000,1.3037062325544202,0.0085424627647716408,1.3035872251782834,1.2868745230978547,1.3198133965566592,100,100,,,"empirical paired comparison, changing support; not exact permutation p"
mahler,GPFA50,no_bounce,D_beh,behavior,x,True,published_input_causal_train_only;raw_preprocessing_fail,100,1000,fail,null_RMSE,1000,2.5448037646048864,0.02675806323144115,2.5449165984901088,2.4908910754869011,2.5933673847003633,100,100,,,"empirical paired comparison, changing support; not exact permutation p"
mahler,GPFA50,no_bounce,D_beh,behavior,x,True,published_input_causal_train_only;raw_preprocessing_fail,100,1000,fail,paired_RMSE,1000,1.2410975320504665,0.026934169262638037,1.2415975370408572,1.1879604856540451,1.2940513393990198,100,100,0,0,"empirical paired comparison, changing support; not exact permutation p"
mahler,GPFA50,no_bounce,D_beh,behavior,x,True,published_input_causal_train_only;raw_preprocessing_fail,100,1000,fail,matched_bias,1000,-0.002722655187894104,0.013627440450868977,-0.0027494981341025394,-0.027912837952860915,0.025308385330781207,100,100,,,"empirical paired comparison, changing support; not exact permutation p"
mahler,GPFA50,no_bounce,D_beh,behavior,x,True,published_input_causal_train_only;raw_preprocessing_fail,100,1000,fail,null_bias,1000,-0.0026624612662521805,0.030934433256935425,-0.0022364328804886022,-0.063404816583743251,0.056859247355295225,100,100,,,"empirical paired comparison, changing support; not exact permutation p"
mahler,GPFA50,no_bounce,D_beh,behavior,x,True,published_input_causal_train_only;raw_preprocessing_fail,100,1000,fail,matched_amplitude_ratio,1000,0.95161278951105865,0.0036210270970068051,0.95158920070571518,0.94457281155166917,0.95873536161314032,100,100,,,"empirical paired comparison, changing support; not exact permutation p"
mahler,GPFA50,no_bounce,D_beh,behavior,x,True,published_input_causal_train_only;raw_preprocessing_fail,100,1000,fail,null_amplitude_ratio,1000,0.95185992770337136,0.004273539675567436,0.95174695815115329,0.94348858602665497,0.96058353326233792,100,100,,,"empirical paired comparison, changing support; not exact permutation p"
mahler,GPFA50,no_bounce,D_beh,behavior,y,True,published_input_causal_train_only;raw_preprocessing_fail,100,1000,fail,matched_r,1000,0.43473421116663413,0.0070390098603238952,0.43464622013431675,0.42102464988478372,0.44831093543023515,100,100,,,"empirical paired comparison, changing support; not exact permutation p"
mahler,GPFA50,no_bounce,D_beh,behavior,y,True,published_input_causal_train_only;raw_preprocessing_fail,100,1000,fail,null_r,1000,0.0019306517459579231,0.014271245679466247,0.0014283599688458271,-0.026123294972781288,0.029830927062150406,100,100,,,"empirical paired comparison, changing support; not exact permutation p"
mahler,GPFA50,no_bounce,D_beh,behavior,y,True,published_input_causal_train_only;raw_preprocessing_fail,100,1000,fail,paired_r,1000,0.43280355942067616,0.015715871809534387,0.43296626821999229,0.40207267701692379,0.46347304132911582,100,100,0,0,"empirical paired comparison, changing support; not exact permutation p"
mahler,GPFA50,no_bounce,D_beh,behavior,y,True,published_input_causal_train_only;raw_preprocessing_fail,100,1000,fail,matched_RMSE,1000,3.4517385584770568,0.018856293730213514,3.4518155319689154,3.4136453192708225,3.4890590120049598,100,100,,,"empirical paired comparison, changing support; not exact permutation p"
mahler,GPFA50,no_bounce,D_beh,behavior,y,True,published_input_causal_train_only;raw_preprocessing_fail,100,1000,fail,null_RMSE,1000,4.509971308420532,0.035676092669644152,4.5094838677919604,4.4399631018808741,4.5829229517213443,100,100,,,"empirical paired comparison, changing support; not exact permutation p"
mahler,GPFA50,no_bounce,D_beh,behavior,y,True,published_input_causal_train_only;raw_preprocessing_fail,100,1000,fail,paired_RMSE,1000,1.0582327499434749,0.040607426444129464,1.0577024794325696,0.979238993672086,1.1385236220460722,100,100,0,0,"empirical paired comparison, changing support; not exact permutation p"
mahler,GPFA50,no_bounce,D_beh,behavior,y,True,published_input_causal_train_only;raw_preprocessing_fail,100,1000,fail,matched_bias,1000,0.3130871649409866,0.035277212560797862,0.31229183114861503,0.24872299150432331,0.38404520715882379,100,100,,,"empirical paired comparison, changing support; not exact permutation p"
mahler,GPFA50,no_bounce,D_beh,behavior,y,True,published_input_causal_train_only;raw_preprocessing_fail,100,1000,fail,null_bias,1000,0.31068753249018866,0.051077393391257504,0.31081540783043804,0.20462479939591938,0.40592857819474842,100,100,,,"empirical paired comparison, changing support; not exact permutation p"
mahler,GPFA50,no_bounce,D_beh,behavior,y,True,published_input_causal_train_only;raw_preprocessing_fail,100,1000,fail,matched_amplitude_ratio,1000,0.79278406855064965,0.005474352304248328,0.79274006529985952,0.78229981980320884,0.80377792812889259,100,100,,,"empirical paired comparison, changing support; not exact permutation p"
mahler,GPFA50,no_bounce,D_beh,behavior,y,True,published_input_causal_train_only;raw_preprocessing_fail,100,1000,fail,null_amplitude_ratio,1000,0.79333099100882154,0.0063528267487004695,0.79349845608685954,0.78053918911137821,0.80618599069583186,100,100,,,"empirical paired comparison, changing support; not exact permutation p"
mahler,GPFA50,post_bounce,D_obj,objective,x,True,published_input_causal_train_only;raw_preprocessing_fail,100,1000,fail,matched_r,1000,0.89752531923289713,0.012059972553927618,0.89839378953836335,0.8694042506061842,0.91795666346856375,92,100,,,"empirical paired comparison, changing support; not exact permutation p"
mahler,GPFA50,post_bounce,D_obj,objective,x,True,published_input_causal_train_only;raw_preprocessing_fail,100,1000,fail,null_r,1000,0.53970361444029291,0.035468905429027149,0.54042986006356997,0.47047740890189271,0.60885653601291301,92,100,,,"empirical paired comparison, changing support; not exact permutation p"
mahler,GPFA50,post_bounce,D_obj,objective,x,True,published_input_causal_train_only;raw_preprocessing_fail,100,1000,fail,paired_r,1000,0.35782170479260422,0.034633593863525568,0.35839094035779562,0.29148935616181221,0.42881906577925855,92,100,0,0,"empirical paired comparison, changing support; not exact permutation p"
mahler,GPFA50,post_bounce,D_obj,objective,x,True,published_input_causal_train_only;raw_preprocessing_fail,100,1000,fail,matched_RMSE,1000,0.94940679099720815,0.028443905589601845,0.94910400209748169,0.89357311405525897,1.0078723080043384,92,100,,,"empirical paired comparison, changing support; not exact permutation p"
mahler,GPFA50,post_bounce,D_obj,objective,x,True,published_input_causal_train_only;raw_preprocessing_fail,100,1000,fail,null_RMSE,1000,2.1805064049363501,0.073909192530153101,2.1793928258258797,2.0276601201327464,2.3243148718855493,92,100,,,"empirical paired comparison, changing support; not exact permutation p"
mahler,GPFA50,post_bounce,D_obj,objective,x,True,published_input_causal_train_only;raw_preprocessing_fail,100,1000,fail,paired_RMSE,1000,1.2310996139391424,0.075936694101624749,1.2301638689008032,1.0798756993094563,1.3839020241705526,92,100,0,0,"empirical paired comparison, changing support; not exact permutation p"
mahler,GPFA50,post_bounce,D_obj,objective,x,True,published_input_causal_train_only;raw_preprocessing_fail,100,1000,fail,matched_bias,1000,-0.078412869859238635,0.040936052325005884,-0.075911903603461686,-0.1566140425543967,-0.00018642800842880869,92,100,,,"empirical paired comparison, changing support; not exact permutation p"
mahler,GPFA50,post_bounce,D_obj,objective,x,True,published_input_causal_train_only;raw_preprocessing_fail,100,1000,fail,null_bias,1000,-0.078638357628497565,0.12407898767554427,-0.079595650201174761,-0.32221806483595439,0.17021826114637187,92,100,,,"empirical paired comparison, changing support; not exact permutation p"
mahler,GPFA50,post_bounce,D_obj,objective,x,True,published_input_causal_train_only;raw_preprocessing_fail,100,1000,fail,matched_amplitude_ratio,1000,1.0825763560968682,0.026302964721235573,1.0802280467800525,1.037819080810729,1.1411871546756365,92,100,,,"empirical paired comparison, changing support; not exact permutation p"
mahler,GPFA50,post_bounce,D_obj,objective,x,True,published_input_causal_train_only;raw_preprocessing_fail,100,1000,fail,null_amplitude_ratio,1000,1.1109902539504619,0.042779101604227723,1.1065365567446246,1.0373192441740442,1.2086624304085984,92,100,,,"empirical paired comparison, changing support; not exact permutation p"
mahler,GPFA50,post_bounce,D_obj,objective,y,True,published_input_causal_train_only;raw_preprocessing_fail,100,1000,fail,matched_r,1000,0.60632122563268676,0.032609407624945699,0.60749496165416872,0.54112701472874636,0.66800670243958182,92,100,,,"empirical paired comparison, changing support; not exact permutation p"
mahler,GPFA50,post_bounce,D_obj,objective,y,True,published_input_causal_train_only;raw_preprocessing_fail,100,1000,fail,null_r,1000,0.027422946203517214,0.049734656194307655,0.028626193206241043,-0.067745497333464036,0.12326632866391612,92,100,,,"empirical paired comparison, changing support; not exact permutation p"
mahler,GPFA50,post_bounce,D_obj,objective,y,True,published_input_causal_train_only;raw_preprocessing_fail,100,1000,fail,paired_r,1000,0.57889827942916938,0.06042292856353304,0.5795890770397738,0.46023791515246709,0.69466962211291738,92,100,0,0,"empirical paired comparison, changing support; not exact permutation p"
mahler,GPFA50,post_bounce,D_obj,objective,y,True,published_input_causal_train_only;raw_preprocessing_fail,100,1000,fail,matched_RMSE,1000,5.1091622394760572,0.13137124307492004,5.110285559657072,4.8568811585372158,5.3659467614793206,92,100,,,"empirical paired comparison, changing support; not exact permutation p"
mahler,GPFA50,post_bounce,D_obj,objective,y,True,published_input_causal_train_only;raw_preprocessing_fail,100,1000,fail,null_RMSE,1000,7.693243783057091,0.21042382263469844,7.6934571828700644,7.2691514964396537,8.1187248157363179,92,100,,,"empirical paired comparison, changing support; not exact permutation p"
mahler,GPFA50,post_bounce,D_obj,objective,y,True,published_input_causal_train_only;raw_preprocessing_fail,100,1000,fail,paired_RMSE,1000,2.5840815435810343,0.25596137141669756,2.5774694456484206,2.0914036537085918,3.09247592069151,92,100,0,0,"empirical paired comparison, changing support; not exact permutation p"
mahler,GPFA50,post_bounce,D_obj,objective,y,True,published_input_causal_train_only;raw_preprocessing_fail,100,1000,fail,matched_bias,1000,-0.91987779384730239,0.27132429461692814,-0.92079192999276571,-1.4585288437306789,-0.40949095928627605,92,100,,,"empirical paired comparison, changing support; not exact permutation p"
mahler,GPFA50,post_bounce,D_obj,objective,y,True,published_input_causal_train_only;raw_preprocessing_fail,100,1000,fail,null_bias,1000,-0.91665793866298539,0.42824308612375367,-0.91475282812842529,-1.7311984314981668,-0.09319601671847931,92,100,,,"empirical paired comparison, changing support; not exact permutation p"
mahler,GPFA50,post_bounce,D_obj,objective,y,True,published_input_causal_train_only;raw_preprocessing_fail,100,1000,fail,matched_amplitude_ratio,1000,0.79476769089242316,0.074713717741290334,0.7841123535691189,0.67071552087842223,0.96465445247545434,92,100,,,"empirical paired comparison, changing support; not exact permutation p"
mahler,GPFA50,post_bounce,D_obj,objective,y,True,published_input_causal_train_only;raw_preprocessing_fail,100,1000,fail,null_amplitude_ratio,1000,0.85327445980839711,0.091382466029621426,0.84862353159676474,0.70831576704571497,1.0277650934608931,92,100,,,"empirical paired comparison, changing support; not exact permutation p"
mahler,GPFA50,post_bounce,D_obj,behavior,x,False,published_input_causal_train_only;raw_preprocessing_fail,100,1000,fail,matched_r,1000,0.89752531923289713,0.012059972553927618,0.89839378953836335,0.8694042506061842,0.91795666346856375,92,100,,,"empirical paired comparison, changing support; not exact permutation p"
mahler,GPFA50,post_bounce,D_obj,behavior,x,False,published_input_causal_train_only;raw_preprocessing_fail,100,1000,fail,null_r,1000,0.53970361444029291,0.035468905429027149,0.54042986006356997,0.47047740890189271,0.60885653601291301,92,100,,,"empirical paired comparison, changing support; not exact permutation p"
mahler,GPFA50,post_bounce,D_obj,behavior,x,False,published_input_causal_train_only;raw_preprocessing_fail,100,1000,fail,paired_r,1000,0.35782170479260422,0.034633593863525568,0.35839094035779562,0.29148935616181221,0.42881906577925855,92,100,0,0,"empirical paired comparison, changing support; not exact permutation p"
mahler,GPFA50,post_bounce,D_obj,behavior,x,False,published_input_causal_train_only;raw_preprocessing_fail,100,1000,fail,matched_RMSE,1000,0.94940679099720815,0.028443905589601845,0.94910400209748169,0.89357311405525897,1.0078723080043384,92,100,,,"empirical paired comparison, changing support; not exact permutation p"
mahler,GPFA50,post_bounce,D_obj,behavior,x,False,published_input_causal_train_only;raw_preprocessing_fail,100,1000,fail,null_RMSE,1000,2.1805064049363501,0.073909192530153101,2.1793928258258797,2.0276601201327464,2.3243148718855493,92,100,,,"empirical paired comparison, changing support; not exact permutation p"
mahler,GPFA50,post_bounce,D_obj,behavior,x,False,published_input_causal_train_only;raw_preprocessing_fail,100,1000,fail,paired_RMSE,1000,1.2310996139391424,0.075936694101624749,1.2301638689008032,1.0798756993094563,1.3839020241705526,92,100,0,0,"empirical paired comparison, changing support; not exact permutation p"
mahler,GPFA50,post_bounce,D_obj,behavior,x,False,published_input_causal_train_only;raw_preprocessing_fail,100,1000,fail,matched_bias,1000,-0.078412869859238635,0.040936052325005884,-0.075911903603461686,-0.1566140425543967,-0.00018642800842880869,92,100,,,"empirical paired comparison, changing support; not exact permutation p"
mahler,GPFA50,post_bounce,D_obj,behavior,x,False,published_input_causal_train_only;raw_preprocessing_fail,100,1000,fail,null_bias,1000,-0.078638357628497565,0.12407898767554427,-0.079595650201174761,-0.32221806483595439,0.17021826114637187,92,100,,,"empirical paired comparison, changing support; not exact permutation p"
mahler,GPFA50,post_bounce,D_obj,behavior,x,False,published_input_causal_train_only;raw_preprocessing_fail,100,1000,fail,matched_amplitude_ratio,1000,1.0825763560968682,0.026302964721235573,1.0802280467800525,1.037819080810729,1.1411871546756365,92,100,,,"empirical paired comparison, changing support; not exact permutation p"
mahler,GPFA50,post_bounce,D_obj,behavior,x,False,published_input_causal_train_only;raw_preprocessing_fail,100,1000,fail,null_amplitude_ratio,1000,1.1109902539504619,0.042779101604227723,1.1065365567446246,1.0373192441740442,1.2086624304085984,92,100,,,"empirical paired comparison, changing support; not exact permutation p"
mahler,GPFA50,post_bounce,D_obj,behavior,y,False,published_input_causal_train_only;raw_preprocessing_fail,100,1000,fail,matched_r,1000,0.60467172808486203,0.032334970702597977,0.60554017002144889,0.53861277831213072,0.6644066470574499,92,100,,,"empirical paired comparison, changing support; not exact permutation p"
mahler,GPFA50,post_bounce,D_obj,behavior,y,False,published_input_causal_train_only;raw_preprocessing_fail,100,1000,fail,null_r,1000,0.028826357823770039,0.050282122067050371,0.029573864146164759,-0.069168505369482783,0.12074366833193279,92,100,,,"empirical paired comparison, changing support; not exact permutation p"
mahler,GPFA50,post_bounce,D_obj,behavior,y,False,published_input_causal_train_only;raw_preprocessing_fail,100,1000,fail,paired_r,1000,0.57584537026109206,0.060934550017501622,0.57616906821873837,0.45886736804182376,0.69291306822790277,92,100,0,0,"empirical paired comparison, changing support; not exact permutation p"
mahler,GPFA50,post_bounce,D_obj,behavior,y,False,published_input_causal_train_only;raw_preprocessing_fail,100,1000,fail,matched_RMSE,1000,5.2835367846206216,0.12878482883427209,5.2871458367620825,5.0427774768179621,5.5386435492814305,92,100,,,"empirical paired comparison, changing support; not exact permutation p"
mahler,GPFA50,post_bounce,D_obj,behavior,y,False,published_input_causal_train_only;raw_preprocessing_fail,100,1000,fail,null_RMSE,1000,7.8491499389786821,0.21263525615584661,7.8475550153518157,7.4232866847498,8.2675035772198839,92,100,,,"empirical paired comparison, changing support; not exact permutation p"
mahler,GPFA50,post_bounce,D_obj,behavior,y,False,published_input_causal_train_only;raw_preprocessing_fail,100,1000,fail,paired_RMSE,1000,2.5656131543580596,0.2532596068144824,2.5623815208340783,2.0841002225234764,3.0643383483277873,92,100,0,0,"empirical paired comparison, changing support; not exact permutation p"
mahler,GPFA50,post_bounce,D_obj,behavior,y,False,published_input_causal_train_only;raw_preprocessing_fail,100,1000,fail,matched_bias,1000,-0.79979709034119084,0.28392205792878999,-0.79843951730728568,-1.382601655006404,-0.27149077992190962,92,100,,,"empirical paired comparison, changing support; not exact permutation p"
mahler,GPFA50,post_bounce,D_obj,behavior,y,False,published_input_causal_train_only;raw_preprocessing_fail,100,1000,fail,null_bias,1000,-0.8001945708675684,0.44224768351492311,-0.79176498158497211,-1.6523465847646668,0.058295888624294585,92,100,,,"empirical paired comparison, changing support; not exact permutation p"
mahler,GPFA50,post_bounce,D_obj,behavior,y,False,published_input_causal_train_only;raw_preprocessing_fail,100,1000,fail,matched_amplitude_ratio,1000,0.81766108561593953,0.081650929781199227,0.80749418664995654,0.68166123261794109,1.0036001183784957,92,100,,,"empirical paired comparison, changing support; not exact permutation p"
mahler,GPFA50,post_bounce,D_obj,behavior,y,False,published_input_causal_train_only;raw_preprocessing_fail,100,1000,fail,null_amplitude_ratio,1000,0.87685566865909592,0.091781091619324282,0.86883233483274158,0.72042187814487402,1.0617679691792634,92,100,,,"empirical paired comparison, changing support; not exact permutation p"
mahler,GPFA50,post_bounce,D_beh,objective,x,False,published_input_causal_train_only;raw_preprocessing_fail,100,1000,fail,matched_r,1000,0.89752531923289713,0.012059972553927618,0.89839378953836335,0.8694042506061842,0.91795666346856375,92,100,,,"empirical paired comparison, changing support; not exact permutation p"
mahler,GPFA50,post_bounce,D_beh,objective,x,False,published_input_causal_train_only;raw_preprocessing_fail,100,1000,fail,null_r,1000,0.53970361444029291,0.035468905429027149,0.54042986006356997,0.47047740890189271,0.60885653601291301,92,100,,,"empirical paired comparison, changing support; not exact permutation p"
mahler,GPFA50,post_bounce,D_beh,objective,x,False,published_input_causal_train_only;raw_preprocessing_fail,100,1000,fail,paired_r,1000,0.35782170479260422,0.034633593863525568,0.35839094035779562,0.29148935616181221,0.42881906577925855,92,100,0,0,"empirical paired comparison, changing support; not exact permutation p"
mahler,GPFA50,post_bounce,D_beh,objective,x,False,published_input_causal_train_only;raw_preprocessing_fail,100,1000,fail,matched_RMSE,1000,0.94940679099720815,0.028443905589601845,0.94910400209748169,0.89357311405525897,1.0078723080043384,92,100,,,"empirical paired comparison, changing support; not exact permutation p"
mahler,GPFA50,post_bounce,D_beh,objective,x,False,published_input_causal_train_only;raw_preprocessing_fail,100,1000,fail,null_RMSE,1000,2.1805064049363501,0.073909192530153101,2.1793928258258797,2.0276601201327464,2.3243148718855493,92,100,,,"empirical paired comparison, changing support; not exact permutation p"
mahler,GPFA50,post_bounce,D_beh,objective,x,False,published_input_causal_train_only;raw_preprocessing_fail,100,1000,fail,paired_RMSE,1000,1.2310996139391424,0.075936694101624749,1.2301638689008032,1.0798756993094563,1.3839020241705526,92,100,0,0,"empirical paired comparison, changing support; not exact permutation p"
mahler,GPFA50,post_bounce,D_beh,objective,x,False,published_input_causal_train_only;raw_preprocessing_fail,100,1000,fail,matched_bias,1000,-0.078412869859238635,0.040936052325005884,-0.075911903603461686,-0.1566140425543967,-0.00018642800842880869,92,100,,,"empirical paired comparison, changing support; not exact permutation p"
mahler,GPFA50,post_bounce,D_beh,objective,x,False,published_input_causal_train_only;raw_preprocessing_fail,100,1000,fail,null_bias,1000,-0.078638357628497565,0.12407898767554427,-0.079595650201174761,-0.32221806483595439,0.17021826114637187,92,100,,,"empirical paired comparison, changing support; not exact permutation p"
mahler,GPFA50,post_bounce,D_beh,objective,x,False,published_input_causal_train_only;raw_preprocessing_fail,100,1000,fail,matched_amplitude_ratio,1000,1.0825763560968682,0.026302964721235573,1.0802280467800525,1.037819080810729,1.1411871546756365,92,100,,,"empirical paired comparison, changing support; not exact permutation p"
mahler,GPFA50,post_bounce,D_beh,objective,x,False,published_input_causal_train_only;raw_preprocessing_fail,100,1000,fail,null_amplitude_ratio,1000,1.1109902539504619,0.042779101604227723,1.1065365567446246,1.0373192441740442,1.2086624304085984,92,100,,,"empirical paired comparison, changing support; not exact permutation p"
mahler,GPFA50,post_bounce,D_beh,objective,y,False,published_input_causal_train_only;raw_preprocessing_fail,100,1000,fail,matched_r,1000,0.5940070424102103,0.03351966854487292,0.59465986051664399,0.5264034184703501,0.65729516655439868,92,100,,,"empirical paired comparison, changing support; not exact permutation p"
mahler,GPFA50,post_bounce,D_beh,objective,y,False,published_input_causal_train_only;raw_preprocessing_fail,100,1000,fail,null_r,1000,0.027248447959710365,0.049685887406488605,0.028446407290547905,-0.067671428652849433,0.12037162188587554,92,100,,,"empirical paired comparison, changing support; not exact permutation p"
mahler,GPFA50,post_bounce,D_beh,objective,y,False,published_input_causal_train_only;raw_preprocessing_fail,100,1000,fail,paired_r,1000,0.56675859445049992,0.060661396253318831,0.56672044436779712,0.44586197845307679,0.68494595200449793,92,100,0,0,"empirical paired comparison, changing support; not exact permutation p"
mahler,GPFA50,post_bounce,D_beh,objective,y,False,published_input_causal_train_only;raw_preprocessing_fail,100,1000,fail,matched_RMSE,1000,5.1949993344300909,0.1327186471651563,5.1919788812601952,4.9388903696539517,5.4493324438944457,92,100,,,"empirical paired comparison, changing support; not exact permutation p"
mahler,GPFA50,post_bounce,D_beh,objective,y,False,published_input_causal_train_only;raw_preprocessing_fail,100,1000,fail,null_RMSE,1000,7.6691454795289342,0.20774878987587397,7.6700250952765092,7.2590510275492157,8.0840179653825892,92,100,,,"empirical paired comparison, changing support; not exact permutation p"
mahler,GPFA50,post_bounce,D_beh,objective,y,False,published_input_causal_train_only;raw_preprocessing_fail,100,1000,fail,paired_RMSE,1000,2.4741461450988438,0.25498918716763502,2.4644859655419369,1.9806361304707825,2.9855310048246304,92,100,0,0,"empirical paired comparison, changing support; not exact permutation p"
mahler,GPFA50,post_bounce,D_beh,objective,y,False,published_input_causal_train_only;raw_preprocessing_fail,100,1000,fail,matched_bias,1000,-0.94462840975134721,0.27649084455803546,-0.94356762477339329,-1.4965166475294118,-0.42745005025710781,92,100,,,"empirical paired comparison, changing support; not exact permutation p"
mahler,GPFA50,post_bounce,D_beh,objective,y,False,published_input_causal_train_only;raw_preprocessing_fail,100,1000,fail,null_bias,1000,-0.94140855456703021,0.42682714687805468,-0.93859996127675849,-1.7543374948613262,-0.11060134969722095,92,100,,,"empirical paired comparison, changing support; not exact permutation p"
mahler,GPFA50,post_bounce,D_beh,objective,y,False,published_input_causal_train_only;raw_preprocessing_fail,100,1000,fail,matched_amplitude_ratio,1000,0.77792717197110983,0.073274079317041704,0.76783800088215459,0.65748889445853331,0.94368007586709379,92,100,,,"empirical paired comparison, changing support; not exact permutation p"
mahler,GPFA50,post_bounce,D_beh,objective,y,False,published_input_causal_train_only;raw_preprocessing_fail,100,1000,fail,null_amplitude_ratio,1000,0.8341270005801521,0.08948002690347881,0.8278143225541903,0.68611372519604341,1.002725712264366,92,100,,,"empirical paired comparison, changing support; not exact permutation p"
mahler,GPFA50,post_bounce,D_beh,behavior,x,True,published_input_causal_train_only;raw_preprocessing_fail,100,1000,fail,matched_r,1000,0.89752531923289713,0.012059972553927618,0.89839378953836335,0.8694042506061842,0.91795666346856375,92,100,,,"empirical paired comparison, changing support; not exact permutation p"
mahler,GPFA50,post_bounce,D_beh,behavior,x,True,published_input_causal_train_only;raw_preprocessing_fail,100,1000,fail,null_r,1000,0.53970361444029291,0.035468905429027149,0.54042986006356997,0.47047740890189271,0.60885653601291301,92,100,,,"empirical paired comparison, changing support; not exact permutation p"
mahler,GPFA50,post_bounce,D_beh,behavior,x,True,published_input_causal_train_only;raw_preprocessing_fail,100,1000,fail,paired_r,1000,0.35782170479260422,0.034633593863525568,0.35839094035779562,0.29148935616181221,0.42881906577925855,92,100,0,0,"empirical paired comparison, changing support; not exact permutation p"
mahler,GPFA50,post_bounce,D_beh,behavior,x,True,published_input_causal_train_only;raw_preprocessing_fail,100,1000,fail,matched_RMSE,1000,0.94940679099720815,0.028443905589601845,0.94910400209748169,0.89357311405525897,1.0078723080043384,92,100,,,"empirical paired comparison, changing support; not exact permutation p"
mahler,GPFA50,post_bounce,D_beh,behavior,x,True,published_input_causal_train_only;raw_preprocessing_fail,100,1000,fail,null_RMSE,1000,2.1805064049363501,0.073909192530153101,2.1793928258258797,2.0276601201327464,2.3243148718855493,92,100,,,"empirical paired comparison, changing support; not exact permutation p"
mahler,GPFA50,post_bounce,D_beh,behavior,x,True,published_input_causal_train_only;raw_preprocessing_fail,100,1000,fail,paired_RMSE,1000,1.2310996139391424,0.075936694101624749,1.2301638689008032,1.0798756993094563,1.3839020241705526,92,100,0,0,"empirical paired comparison, changing support; not exact permutation p"
mahler,GPFA50,post_bounce,D_beh,behavior,x,True,published_input_causal_train_only;raw_preprocessing_fail,100,1000,fail,matched_bias,1000,-0.078412869859238635,0.040936052325005884,-0.075911903603461686,-0.1566140425543967,-0.00018642800842880869,92,100,,,"empirical paired comparison, changing support; not exact permutation p"
mahler,GPFA50,post_bounce,D_beh,behavior,x,True,published_input_causal_train_only;raw_preprocessing_fail,100,1000,fail,null_bias,1000,-0.078638357628497565,0.12407898767554427,-0.079595650201174761,-0.32221806483595439,0.17021826114637187,92,100,,,"empirical paired comparison, changing support; not exact permutation p"
mahler,GPFA50,post_bounce,D_beh,behavior,x,True,published_input_causal_train_only;raw_preprocessing_fail,100,1000,fail,matched_amplitude_ratio,1000,1.0825763560968682,0.026302964721235573,1.0802280467800525,1.037819080810729,1.1411871546756365,92,100,,,"empirical paired comparison, changing support; not exact permutation p"
mahler,GPFA50,post_bounce,D_beh,behavior,x,True,published_input_causal_train_only;raw_preprocessing_fail,100,1000,fail,null_amplitude_ratio,1000,1.1109902539504619,0.042779101604227723,1.1065365567446246,1.0373192441740442,1.2086624304085984,92,100,,,"empirical paired comparison, changing support; not exact permutation p"
mahler,GPFA50,post_bounce,D_beh,behavior,y,True,published_input_causal_train_only;raw_preprocessing_fail,100,1000,fail,matched_r,1000,0.59248005902828782,0.033258287780011553,0.5931715832732215,0.52561056060680478,0.65491181119832242,92,100,,,"empirical paired comparison, changing support; not exact permutation p"
mahler,GPFA50,post_bounce,D_beh,behavior,y,True,published_input_causal_train_only;raw_preprocessing_fail,100,1000,fail,null_r,1000,0.028338598097035001,0.050237640192540067,0.029288719021070789,-0.069187734150628913,0.12224786229804288,92,100,,,"empirical paired comparison, changing support; not exact permutation p"
mahler,GPFA50,post_bounce,D_beh,behavior,y,True,published_input_causal_train_only;raw_preprocessing_fail,100,1000,fail,paired_r,1000,0.56414146093125284,0.061176783979753964,0.56449434939199672,0.44762561495438441,0.6824646317058658,92,100,0,0,"empirical paired comparison, changing support; not exact permutation p"
mahler,GPFA50,post_bounce,D_beh,behavior,y,True,published_input_causal_train_only;raw_preprocessing_fail,100,1000,fail,matched_RMSE,1000,5.3697629322378075,0.13034291858002697,5.3725441771425171,5.1157192178864479,5.6337393055825391,92,100,,,"empirical paired comparison, changing support; not exact permutation p"
mahler,GPFA50,post_bounce,D_beh,behavior,y,True,published_input_causal_train_only;raw_preprocessing_fail,100,1000,fail,null_RMSE,1000,7.827943214542568,0.20986679827598581,7.8285920648137814,7.407026624877421,8.2367952648277196,92,100,,,"empirical paired comparison, changing support; not exact permutation p"
mahler,GPFA50,post_bounce,D_beh,behavior,y,True,published_input_causal_train_only;raw_preprocessing_fail,100,1000,fail,paired_RMSE,1000,2.45818028230476,0.25213520463196343,2.4499423263776388,1.9654019944198677,2.9654646415402923,92,100,0,0,"empirical paired comparison, changing support; not exact permutation p"
mahler,GPFA50,post_bounce,D_beh,behavior,y,True,published_input_causal_train_only;raw_preprocessing_fail,100,1000,fail,matched_bias,1000,-0.82454770624523566,0.28911430042595077,-0.81624109729980954,-1.4059026105891279,-0.2840424660995674,92,100,,,"empirical paired comparison, changing support; not exact permutation p"
mahler,GPFA50,post_bounce,D_beh,behavior,y,True,published_input_causal_train_only;raw_preprocessing_fail,100,1000,fail,null_bias,1000,-0.82494518677161321,0.44110213389117647,-0.81220758496409817,-1.676662511397133,0.047021946666367199,92,100,,,"empirical paired comparison, changing support; not exact permutation p"
mahler,GPFA50,post_bounce,D_beh,behavior,y,True,published_input_causal_train_only;raw_preprocessing_fail,100,1000,fail,matched_amplitude_ratio,1000,0.79982051982378988,0.080393514195540736,0.79056224870089442,0.66603340684745149,0.98161990341967997,92,100,,,"empirical paired comparison, changing support; not exact permutation p"
mahler,GPFA50,post_bounce,D_beh,behavior,y,True,published_input_causal_train_only;raw_preprocessing_fail,100,1000,fail,null_amplitude_ratio,1000,0.85730458787602493,0.09013274639915976,0.85062965573080196,0.7030282041672693,1.042801946457244,92,100,,,"empirical paired comparison, changing support; not exact permutation p"
perle,FA50,full,D_obj,objective,x,True,published_input_causal_train_only;raw_preprocessing_fail,100,1000,fail,matched_r,1000,0.94843344264988239,0.00014798973873686203,0.94843618477873182,0.94813556958957845,0.94872247549039546,100,100,,,"empirical paired comparison, changing support; not exact permutation p"
perle,FA50,full,D_obj,objective,x,True,published_input_causal_train_only;raw_preprocessing_fail,100,1000,fail,null_r,1000,0.73857640249143175,0.0032970680845817459,0.7384486958881018,0.73238058481118673,0.7449483063843293,100,100,,,"empirical paired comparison, changing support; not exact permutation p"
perle,FA50,full,D_obj,objective,x,True,published_input_causal_train_only;raw_preprocessing_fail,100,1000,fail,paired_r,1000,0.20985704015845069,0.0032533950842773864,0.20996295121458616,0.20362562561224332,0.21597544345004899,100,100,0,0,"empirical paired comparison, changing support; not exact permutation p"
perle,FA50,full,D_obj,objective,x,True,published_input_causal_train_only;raw_preprocessing_fail,100,1000,fail,matched_RMSE,1000,1.1219748992308396,0.0012182651797128874,1.1219671025298297,1.1196662371276835,1.1245104266886266,100,100,,,"empirical paired comparison, changing support; not exact permutation p"
perle,FA50,full,D_obj,objective,x,True,published_input_causal_train_only;raw_preprocessing_fail,100,1000,fail,null_RMSE,1000,2.4316897569003153,0.014766811375398994,2.4321184039168871,2.4019936964964019,2.4589598257668284,100,100,,,"empirical paired comparison, changing support; not exact permutation p"
perle,FA50,full,D_obj,objective,x,True,published_input_causal_train_only;raw_preprocessing_fail,100,1000,fail,paired_RMSE,1000,1.3097148576694757,0.01450400867067474,1.3104558372043655,1.2810328700387958,1.3371094258138398,100,100,0,0,"empirical paired comparison, changing support; not exact permutation p"
perle,FA50,full,D_obj,objective,x,True,published_input_causal_train_only;raw_preprocessing_fail,100,1000,fail,matched_bias,1000,0.051581014541419952,0.0017830056954901308,0.051540598204810995,0.048143543432776589,0.054866388319725561,100,100,,,"empirical paired comparison, changing support; not exact permutation p"
perle,FA50,full,D_obj,objective,x,True,published_input_causal_train_only;raw_preprocessing_fail,100,1000,fail,null_bias,1000,0.05173178708769393,0.0042284276970087492,0.051742878472659432,0.043393529853180485,0.060019365493392145,100,100,,,"empirical paired comparison, changing support; not exact permutation p"
perle,FA50,full,D_obj,objective,x,True,published_input_causal_train_only;raw_preprocessing_fail,100,1000,fail,matched_amplitude_ratio,1000,0.93673740549834883,0.00051227764019521585,0.9367372573380075,0.93573929521920118,0.9377374929841894,100,100,,,"empirical paired comparison, changing support; not exact permutation p"
perle,FA50,full,D_obj,objective,x,True,published_input_causal_train_only;raw_preprocessing_fail,100,1000,fail,null_amplitude_ratio,1000,0.93685677278866097,0.0013130427703647105,0.93683305549076179,0.9342286531160412,0.93944239761156745,100,100,,,"empirical paired comparison, changing support; not exact permutation p"
perle,FA50,full,D_obj,objective,y,True,published_input_causal_train_only;raw_preprocessing_fail,100,1000,fail,matched_r,1000,0.71106162352371483,0.00071904808980829472,0.71110114874238017,0.70962920052613676,0.71236711222882843,100,100,,,"empirical paired comparison, changing support; not exact permutation p"
perle,FA50,full,D_obj,objective,y,True,published_input_causal_train_only;raw_preprocessing_fail,100,1000,fail,null_r,1000,0.00046615991212207118,0.011664549909425968,0.00040137877706015128,-0.023836054696095867,0.022056465328339037,100,100,,,"empirical paired comparison, changing support; not exact permutation p"
perle,FA50,full,D_obj,objective,y,True,published_input_causal_train_only;raw_preprocessing_fail,100,1000,fail,paired_r,1000,0.71059546361159287,0.011665429625416286,0.71053816257319258,0.68946692530610687,0.73484770720301396,100,100,0,0,"empirical paired comparison, changing support; not exact permutation p"
perle,FA50,full,D_obj,objective,y,True,published_input_causal_train_only;raw_preprocessing_fail,100,1000,fail,matched_RMSE,1000,3.8137986162068511,0.0053612111212123677,3.8138802940459704,3.8031996237265444,3.8241628914245993,100,100,,,"empirical paired comparison, changing support; not exact permutation p"
perle,FA50,full,D_obj,objective,y,True,published_input_causal_train_only;raw_preprocessing_fail,100,1000,fail,null_RMSE,1000,5.8883886477393901,0.028836434916289705,5.888377501504257,5.8333455133098919,5.9443257884199543,100,100,,,"empirical paired comparison, changing support; not exact permutation p"
perle,FA50,full,D_obj,objective,y,True,published_input_causal_train_only;raw_preprocessing_fail,100,1000,fail,paired_RMSE,1000,2.0745900315325394,0.029297393628947867,2.0746909295687845,2.0196569865198812,2.1324094466804167,100,100,0,0,"empirical paired comparison, changing support; not exact permutation p"
perle,FA50,full,D_obj,objective,y,True,published_input_causal_train_only;raw_preprocessing_fail,100,1000,fail,matched_bias,1000,-0.033164994084655564,0.0091315632234828716,-0.033038397064520261,-0.051271158007452668,-0.015091371750379822,100,100,,,"empirical paired comparison, changing support; not exact permutation p"
perle,FA50,full,D_obj,objective,y,True,published_input_causal_train_only;raw_preprocessing_fail,100,1000,fail,null_bias,1000,-0.032153420438329111,0.013951525658321938,-0.032303699431262392,-0.059601000555798575,-0.0041742959208826338,100,100,,,"empirical paired comparison, changing support; not exact permutation p"
perle,FA50,full,D_obj,objective,y,True,published_input_causal_train_only;raw_preprocessing_fail,100,1000,fail,matched_amplitude_ratio,1000,0.53530028731796653,0.00068274771245529391,0.53532117493954656,0.5339368274728532,0.53662438317110384,100,100,,,"empirical paired comparison, changing support; not exact permutation p"
perle,FA50,full,D_obj,objective,y,True,published_input_causal_train_only;raw_preprocessing_fail,100,1000,fail,null_amplitude_ratio,1000,0.53533643313311452,0.00078512611321566344,0.53536646599979865,0.53367926493728302,0.53675184624814798,100,100,,,"empirical paired comparison, changing support; not exact permutation p"
perle,FA50,full,D_obj,behavior,x,False,published_input_causal_train_only;raw_preprocessing_fail,100,1000,fail,matched_r,1000,0.94843344264988239,0.00014798973873686203,0.94843618477873182,0.94813556958957845,0.94872247549039546,100,100,,,"empirical paired comparison, changing support; not exact permutation p"
perle,FA50,full,D_obj,behavior,x,False,published_input_causal_train_only;raw_preprocessing_fail,100,1000,fail,null_r,1000,0.73857640249143175,0.0032970680845817459,0.7384486958881018,0.73238058481118673,0.7449483063843293,100,100,,,"empirical paired comparison, changing support; not exact permutation p"
perle,FA50,full,D_obj,behavior,x,False,published_input_causal_train_only;raw_preprocessing_fail,100,1000,fail,paired_r,1000,0.20985704015845069,0.0032533950842773864,0.20996295121458616,0.20362562561224332,0.21597544345004899,100,100,0,0,"empirical paired comparison, changing support; not exact permutation p"
perle,FA50,full,D_obj,behavior,x,False,published_input_causal_train_only;raw_preprocessing_fail,100,1000,fail,matched_RMSE,1000,1.1219748992308396,0.0012182651797128874,1.1219671025298297,1.1196662371276835,1.1245104266886266,100,100,,,"empirical paired comparison, changing support; not exact permutation p"
perle,FA50,full,D_obj,behavior,x,False,published_input_causal_train_only;raw_preprocessing_fail,100,1000,fail,null_RMSE,1000,2.4316897569003153,0.014766811375398994,2.4321184039168871,2.4019936964964019,2.4589598257668284,100,100,,,"empirical paired comparison, changing support; not exact permutation p"
perle,FA50,full,D_obj,behavior,x,False,published_input_causal_train_only;raw_preprocessing_fail,100,1000,fail,paired_RMSE,1000,1.3097148576694757,0.01450400867067474,1.3104558372043655,1.2810328700387958,1.3371094258138398,100,100,0,0,"empirical paired comparison, changing support; not exact permutation p"
perle,FA50,full,D_obj,behavior,x,False,published_input_causal_train_only;raw_preprocessing_fail,100,1000,fail,matched_bias,1000,0.051581014541419952,0.0017830056954901308,0.051540598204810995,0.048143543432776589,0.054866388319725561,100,100,,,"empirical paired comparison, changing support; not exact permutation p"
perle,FA50,full,D_obj,behavior,x,False,published_input_causal_train_only;raw_preprocessing_fail,100,1000,fail,null_bias,1000,0.05173178708769393,0.0042284276970087492,0.051742878472659432,0.043393529853180485,0.060019365493392145,100,100,,,"empirical paired comparison, changing support; not exact permutation p"
perle,FA50,full,D_obj,behavior,x,False,published_input_causal_train_only;raw_preprocessing_fail,100,1000,fail,matched_amplitude_ratio,1000,0.93673740549834883,0.00051227764019521585,0.9367372573380075,0.93573929521920118,0.9377374929841894,100,100,,,"empirical paired comparison, changing support; not exact permutation p"
perle,FA50,full,D_obj,behavior,x,False,published_input_causal_train_only;raw_preprocessing_fail,100,1000,fail,null_amplitude_ratio,1000,0.93685677278866097,0.0013130427703647105,0.93683305549076179,0.9342286531160412,0.93944239761156745,100,100,,,"empirical paired comparison, changing support; not exact permutation p"
perle,FA50,full,D_obj,behavior,y,False,published_input_causal_train_only;raw_preprocessing_fail,100,1000,fail,matched_r,1000,0.70623362807615209,0.0007516466457415476,0.70629807363369501,0.70465771419497913,0.70763801461045894,100,100,,,"empirical paired comparison, changing support; not exact permutation p"
perle,FA50,full,D_obj,behavior,y,False,published_input_causal_train_only;raw_preprocessing_fail,100,1000,fail,null_r,1000,0.00093504765289964293,0.011695293787674791,0.0010490192960517855,-0.022808391351373993,0.022543781404565193,100,100,,,"empirical paired comparison, changing support; not exact permutation p"
perle,FA50,full,D_obj,behavior,y,False,published_input_causal_train_only;raw_preprocessing_fail,100,1000,fail,paired_r,1000,0.70529858042325244,0.011695527566204407,0.7050523314097934,0.68373152711233554,0.729335650501858,100,100,0,0,"empirical paired comparison, changing support; not exact permutation p"
perle,FA50,full,D_obj,behavior,y,False,published_input_causal_train_only;raw_preprocessing_fail,100,1000,fail,matched_RMSE,1000,3.8001669773051816,0.005839706619345012,3.7998216789844874,3.7891417155262634,3.8116757496881672,100,100,,,"empirical paired comparison, changing support; not exact permutation p"
perle,FA50,full,D_obj,behavior,y,False,published_input_causal_train_only;raw_preprocessing_fail,100,1000,fail,null_RMSE,1000,5.8539090061086769,0.02897545303122457,5.8534029839489028,5.7978792406978314,5.9110517935784097,100,100,,,"empirical paired comparison, changing support; not exact permutation p"
perle,FA50,full,D_obj,behavior,y,False,published_input_causal_train_only;raw_preprocessing_fail,100,1000,fail,paired_RMSE,1000,2.0537420288034953,0.029350544158775502,2.053268246786895,2.0007606188333287,2.1115933034299839,100,100,0,0,"empirical paired comparison, changing support; not exact permutation p"
perle,FA50,full,D_obj,behavior,y,False,published_input_causal_train_only;raw_preprocessing_fail,100,1000,fail,matched_bias,1000,-0.10570115846216954,0.0095192575711835533,-0.10572952580708611,-0.12442683910005702,-0.088197771196690269,100,100,,,"empirical paired comparison, changing support; not exact permutation p"
perle,FA50,full,D_obj,behavior,y,False,published_input_causal_train_only;raw_preprocessing_fail,100,1000,fail,null_bias,1000,-0.10479884223157779,0.014064014085359471,-0.10490393260804187,-0.13139170934867928,-0.077197683472650311,100,100,,,"empirical paired comparison, changing support; not exact permutation p"
perle,FA50,full,D_obj,behavior,y,False,published_input_causal_train_only;raw_preprocessing_fail,100,1000,fail,matched_amplitude_ratio,1000,0.53949721403851325,0.00074777550341547793,0.53949707388279444,0.53801894846142928,0.5409068981174322,100,100,,,"empirical paired comparison, changing support; not exact permutation p"
perle,FA50,full,D_obj,behavior,y,False,published_input_causal_train_only;raw_preprocessing_fail,100,1000,fail,null_amplitude_ratio,1000,0.53952018079148756,0.00083437370651250921,0.5395446728249369,0.53782729039548538,0.5410206539550565,100,100,,,"empirical paired comparison, changing support; not exact permutation p"
perle,FA50,full,D_beh,objective,x,False,published_input_causal_train_only;raw_preprocessing_fail,100,1000,fail,matched_r,1000,0.94843344264988239,0.00014798973873686203,0.94843618477873182,0.94813556958957845,0.94872247549039546,100,100,,,"empirical paired comparison, changing support; not exact permutation p"
perle,FA50,full,D_beh,objective,x,False,published_input_causal_train_only;raw_preprocessing_fail,100,1000,fail,null_r,1000,0.73857640249143175,0.0032970680845817459,0.7384486958881018,0.73238058481118673,0.7449483063843293,100,100,,,"empirical paired comparison, changing support; not exact permutation p"
perle,FA50,full,D_beh,objective,x,False,published_input_causal_train_only;raw_preprocessing_fail,100,1000,fail,paired_r,1000,0.20985704015845069,0.0032533950842773864,0.20996295121458616,0.20362562561224332,0.21597544345004899,100,100,0,0,"empirical paired comparison, changing support; not exact permutation p"
perle,FA50,full,D_beh,objective,x,False,published_input_causal_train_only;raw_preprocessing_fail,100,1000,fail,matched_RMSE,1000,1.1219748992308396,0.0012182651797128874,1.1219671025298297,1.1196662371276835,1.1245104266886266,100,100,,,"empirical paired comparison, changing support; not exact permutation p"
perle,FA50,full,D_beh,objective,x,False,published_input_causal_train_only;raw_preprocessing_fail,100,1000,fail,null_RMSE,1000,2.4316897569003153,0.014766811375398994,2.4321184039168871,2.4019936964964019,2.4589598257668284,100,100,,,"empirical paired comparison, changing support; not exact permutation p"
perle,FA50,full,D_beh,objective,x,False,published_input_causal_train_only;raw_preprocessing_fail,100,1000,fail,paired_RMSE,1000,1.3097148576694757,0.01450400867067474,1.3104558372043655,1.2810328700387958,1.3371094258138398,100,100,0,0,"empirical paired comparison, changing support; not exact permutation p"
perle,FA50,full,D_beh,objective,x,False,published_input_causal_train_only;raw_preprocessing_fail,100,1000,fail,matched_bias,1000,0.051581014541419952,0.0017830056954901308,0.051540598204810995,0.048143543432776589,0.054866388319725561,100,100,,,"empirical paired comparison, changing support; not exact permutation p"
perle,FA50,full,D_beh,objective,x,False,published_input_causal_train_only;raw_preprocessing_fail,100,1000,fail,null_bias,1000,0.05173178708769393,0.0042284276970087492,0.051742878472659432,0.043393529853180485,0.060019365493392145,100,100,,,"empirical paired comparison, changing support; not exact permutation p"
perle,FA50,full,D_beh,objective,x,False,published_input_causal_train_only;raw_preprocessing_fail,100,1000,fail,matched_amplitude_ratio,1000,0.93673740549834883,0.00051227764019521585,0.9367372573380075,0.93573929521920118,0.9377374929841894,100,100,,,"empirical paired comparison, changing support; not exact permutation p"
perle,FA50,full,D_beh,objective,x,False,published_input_causal_train_only;raw_preprocessing_fail,100,1000,fail,null_amplitude_ratio,1000,0.93685677278866097,0.0013130427703647105,0.93683305549076179,0.9342286531160412,0.93944239761156745,100,100,,,"empirical paired comparison, changing support; not exact permutation p"
perle,FA50,full,D_beh,objective,y,False,published_input_causal_train_only;raw_preprocessing_fail,100,1000,fail,matched_r,1000,0.70691333690880487,0.00076532090402621879,0.70695144153794831,0.70538871222984223,0.70837283372445381,100,100,,,"empirical paired comparison, changing support; not exact permutation p"
perle,FA50,full,D_beh,objective,y,False,published_input_causal_train_only;raw_preprocessing_fail,100,1000,fail,null_r,1000,0.00054935635034322825,0.011673267584975748,0.00044372313033399884,-0.023108154207568447,0.022200679830922356,100,100,,,"empirical paired comparison, changing support; not exact permutation p"
perle,FA50,full,D_beh,objective,y,False,published_input_causal_train_only;raw_preprocessing_fail,100,1000,fail,paired_r,1000,0.70636398055846161,0.011673687510290486,0.70640040835968332,0.68516529721001462,0.73005709087153225,100,100,0,0,"empirical paired comparison, changing support; not exact permutation p"
perle,FA50,full,D_beh,objective,y,False,published_input_causal_train_only;raw_preprocessing_fail,100,1000,fail,matched_RMSE,1000,3.8372104716855557,0.0054091181687687499,3.8370030057318329,3.8263251301330912,3.8477715873794831,100,100,,,"empirical paired comparison, changing support; not exact permutation p"
perle,FA50,full,D_beh,objective,y,False,published_input_causal_train_only;raw_preprocessing_fail,100,1000,fail,null_RMSE,1000,5.8758248882839252,0.02859391207521075,5.8760796178951606,5.8210638278165039,5.9320386275705488,100,100,,,"empirical paired comparison, changing support; not exact permutation p"
perle,FA50,full,D_beh,objective,y,False,published_input_causal_train_only;raw_preprocessing_fail,100,1000,fail,paired_RMSE,1000,2.0386144165983682,0.029063727412572588,2.0386770848761664,1.9842835125112772,2.0958954147036759,100,100,0,0,"empirical paired comparison, changing support; not exact permutation p"
perle,FA50,full,D_beh,objective,y,False,published_input_causal_train_only;raw_preprocessing_fail,100,1000,fail,matched_bias,1000,0.032487875265017334,0.009212658334259001,0.032548669849230438,0.014237777895561006,0.050950987519436823,100,100,,,"empirical paired comparison, changing support; not exact permutation p"
perle,FA50,full,D_beh,objective,y,False,published_input_causal_train_only;raw_preprocessing_fail,100,1000,fail,null_bias,1000,0.033499448911343786,0.013921894974974605,0.033434119196578335,0.0056451422570485089,0.061625200123305454,100,100,,,"empirical paired comparison, changing support; not exact permutation p"
perle,FA50,full,D_beh,objective,y,False,published_input_causal_train_only;raw_preprocessing_fail,100,1000,fail,matched_amplitude_ratio,1000,0.52968520271941777,0.00066893295139729147,0.52970409454469514,0.52837308031863828,0.53097146850819898,100,100,,,"empirical paired comparison, changing support; not exact permutation p"
perle,FA50,full,D_beh,objective,y,False,published_input_causal_train_only;raw_preprocessing_fail,100,1000,fail,null_amplitude_ratio,1000,0.52972211674282854,0.00077768384729728956,0.52973957847810293,0.5280883339871475,0.53111087653857625,100,100,,,"empirical paired comparison, changing support; not exact permutation p"
perle,FA50,full,D_beh,behavior,x,True,published_input_causal_train_only;raw_preprocessing_fail,100,1000,fail,matched_r,1000,0.94843344264988239,0.00014798973873686203,0.94843618477873182,0.94813556958957845,0.94872247549039546,100,100,,,"empirical paired comparison, changing support; not exact permutation p"
perle,FA50,full,D_beh,behavior,x,True,published_input_causal_train_only;raw_preprocessing_fail,100,1000,fail,null_r,1000,0.73857640249143175,0.0032970680845817459,0.7384486958881018,0.73238058481118673,0.7449483063843293,100,100,,,"empirical paired comparison, changing support; not exact permutation p"
perle,FA50,full,D_beh,behavior,x,True,published_input_causal_train_only;raw_preprocessing_fail,100,1000,fail,paired_r,1000,0.20985704015845069,0.0032533950842773864,0.20996295121458616,0.20362562561224332,0.21597544345004899,100,100,0,0,"empirical paired comparison, changing support; not exact permutation p"
perle,FA50,full,D_beh,behavior,x,True,published_input_causal_train_only;raw_preprocessing_fail,100,1000,fail,matched_RMSE,1000,1.1219748992308396,0.0012182651797128874,1.1219671025298297,1.1196662371276835,1.1245104266886266,100,100,,,"empirical paired comparison, changing support; not exact permutation p"
perle,FA50,full,D_beh,behavior,x,True,published_input_causal_train_only;raw_preprocessing_fail,100,1000,fail,null_RMSE,1000,2.4316897569003153,0.014766811375398994,2.4321184039168871,2.4019936964964019,2.4589598257668284,100,100,,,"empirical paired comparison, changing support; not exact permutation p"
perle,FA50,full,D_beh,behavior,x,True,published_input_causal_train_only;raw_preprocessing_fail,100,1000,fail,paired_RMSE,1000,1.3097148576694757,0.01450400867067474,1.3104558372043655,1.2810328700387958,1.3371094258138398,100,100,0,0,"empirical paired comparison, changing support; not exact permutation p"
perle,FA50,full,D_beh,behavior,x,True,published_input_causal_train_only;raw_preprocessing_fail,100,1000,fail,matched_bias,1000,0.051581014541419952,0.0017830056954901308,0.051540598204810995,0.048143543432776589,0.054866388319725561,100,100,,,"empirical paired comparison, changing support; not exact permutation p"
perle,FA50,full,D_beh,behavior,x,True,published_input_causal_train_only;raw_preprocessing_fail,100,1000,fail,null_bias,1000,0.05173178708769393,0.0042284276970087492,0.051742878472659432,0.043393529853180485,0.060019365493392145,100,100,,,"empirical paired comparison, changing support; not exact permutation p"
perle,FA50,full,D_beh,behavior,x,True,published_input_causal_train_only;raw_preprocessing_fail,100,1000,fail,matched_amplitude_ratio,1000,0.93673740549834883,0.00051227764019521585,0.9367372573380075,0.93573929521920118,0.9377374929841894,100,100,,,"empirical paired comparison, changing support; not exact permutation p"
perle,FA50,full,D_beh,behavior,x,True,published_input_causal_train_only;raw_preprocessing_fail,100,1000,fail,null_amplitude_ratio,1000,0.93685677278866097,0.0013130427703647105,0.93683305549076179,0.9342286531160412,0.93944239761156745,100,100,,,"empirical paired comparison, changing support; not exact permutation p"
perle,FA50,full,D_beh,behavior,y,True,published_input_causal_train_only;raw_preprocessing_fail,100,1000,fail,matched_r,1000,0.70279525539038334,0.00081345291862609879,0.70285395707638454,0.70112390559563831,0.70431363577871409,100,100,,,"empirical paired comparison, changing support; not exact permutation p"
perle,FA50,full,D_beh,behavior,y,True,published_input_causal_train_only;raw_preprocessing_fail,100,1000,fail,null_r,1000,0.0010702398281658002,0.011706799917672711,0.001121631742355798,-0.022700319964065286,0.02230237318681309,100,100,,,"empirical paired comparison, changing support; not exact permutation p"
perle,FA50,full,D_beh,behavior,y,True,published_input_causal_train_only;raw_preprocessing_fail,100,1000,fail,paired_r,1000,0.70172501556221756,0.01170751682329235,0.70159637957242027,0.68018827061570386,0.72584151545207176,100,100,0,0,"empirical paired comparison, changing support; not exact permutation p"
perle,FA50,full,D_beh,behavior,y,True,published_input_causal_train_only;raw_preprocessing_fail,100,1000,fail,matched_RMSE,1000,3.819564027383302,0.0059645341330011158,3.8194253124906909,3.8079926342186083,3.831039595392872,100,100,,,"empirical paired comparison, changing support; not exact permutation p"
perle,FA50,full,D_beh,behavior,y,True,published_input_causal_train_only;raw_preprocessing_fail,100,1000,fail,null_RMSE,1000,5.8404842215738153,0.028755217387408778,5.8402458304842826,5.7868118897636247,5.8974323916486533,100,100,,,"empirical paired comparison, changing support; not exact permutation p"
perle,FA50,full,D_beh,behavior,y,True,published_input_causal_train_only;raw_preprocessing_fail,100,1000,fail,paired_RMSE,1000,2.0209201941905137,0.029156231053711498,2.0206744892808235,1.9673607599535103,2.0789675520841251,100,100,0,0,"empirical paired comparison, changing support; not exact permutation p"
perle,FA50,full,D_beh,behavior,y,True,published_input_causal_train_only;raw_preprocessing_fail,100,1000,fail,matched_bias,1000,-0.040048289112496645,0.0096021055329865625,-0.039967882379925823,-0.059577182626309344,-0.021800817846333035,100,100,,,"empirical paired comparison, changing support; not exact permutation p"
perle,FA50,full,D_beh,behavior,y,True,published_input_causal_train_only;raw_preprocessing_fail,100,1000,fail,null_bias,1000,-0.039145972881904897,0.014035310656149698,-0.039394677080587116,-0.065845048916603477,-0.011987398287954061,100,100,,,"empirical paired comparison, changing support; not exact permutation p"
perle,FA50,full,D_beh,behavior,y,True,published_input_causal_train_only;raw_preprocessing_fail,100,1000,fail,matched_amplitude_ratio,1000,0.53385667525063585,0.00073280965163161646,0.53386595727892439,0.53237409047729034,0.53524960987865822,100,100,,,"empirical paired comparison, changing support; not exact permutation p"
perle,FA50,full,D_beh,behavior,y,True,published_input_causal_train_only;raw_preprocessing_fail,100,1000,fail,null_amplitude_ratio,1000,0.53388086406409707,0.00082561967947623752,0.53390614940413128,0.53223004608582936,0.53540476781094903,100,100,,,"empirical paired comparison, changing support; not exact permutation p"
perle,FA50,visible,D_obj,objective,x,True,published_input_causal_train_only;raw_preprocessing_fail,100,1000,fail,matched_r,1000,0.82842763608411496,0.0004389100256836222,0.82842351106576828,0.82755476414327012,0.82927345078510128,100,100,,,"empirical paired comparison, changing support; not exact permutation p"
perle,FA50,visible,D_obj,objective,x,True,published_input_causal_train_only;raw_preprocessing_fail,100,1000,fail,null_r,1000,0.54814298072746104,0.0047076259665918673,0.54816784709439681,0.53947514350264936,0.55746091399724507,100,100,,,"empirical paired comparison, changing support; not exact permutation p"
perle,FA50,visible,D_obj,objective,x,True,published_input_causal_train_only;raw_preprocessing_fail,100,1000,fail,paired_r,1000,0.28028465535665398,0.0046131659991102743,0.28041907989416465,0.27099490693912959,0.28892014317785136,100,100,0,0,"empirical paired comparison, changing support; not exact permutation p"
perle,FA50,visible,D_obj,objective,x,True,published_input_causal_train_only;raw_preprocessing_fail,100,1000,fail,matched_RMSE,1000,1.3667887984618068,0.0011937806712477468,1.366788434078938,1.3645454392572758,1.3692144358363503,100,100,,,"empirical paired comparison, changing support; not exact permutation p"
perle,FA50,visible,D_obj,objective,x,True,published_input_causal_train_only;raw_preprocessing_fail,100,1000,fail,null_RMSE,1000,2.1041937529528059,0.010662003196432219,2.1043862413649395,2.0823306679468541,2.1235715779862927,100,100,,,"empirical paired comparison, changing support; not exact permutation p"
perle,FA50,visible,D_obj,objective,x,True,published_input_causal_train_only;raw_preprocessing_fail,100,1000,fail,paired_RMSE,1000,0.73740495449099874,0.010220475619057846,0.7377432801481647,0.71620676299733221,0.75602533496595281,100,100,0,0,"empirical paired comparison, changing support; not exact permutation p"
perle,FA50,visible,D_obj,objective,x,True,published_input_causal_train_only;raw_preprocessing_fail,100,1000,fail,matched_bias,1000,0.13966176160079585,0.0025658860850386899,0.13959301928932621,0.13465833439277392,0.14463414876936345,100,100,,,"empirical paired comparison, changing support; not exact permutation p"
perle,FA50,visible,D_obj,objective,x,True,published_input_causal_train_only;raw_preprocessing_fail,100,1000,fail,null_bias,1000,0.13998277647103208,0.0044120500203069452,0.1402245680347525,0.13107214525371666,0.14808174907557586,100,100,,,"empirical paired comparison, changing support; not exact permutation p"
perle,FA50,visible,D_obj,objective,x,True,published_input_causal_train_only;raw_preprocessing_fail,100,1000,fail,matched_amplitude_ratio,1000,0.81770328372250922,0.00097586575456194062,0.81772994299361268,0.81576448453045391,0.81964806324225759,100,100,,,"empirical paired comparison, changing support; not exact permutation p"
perle,FA50,visible,D_obj,objective,x,True,published_input_causal_train_only;raw_preprocessing_fail,100,1000,fail,null_amplitude_ratio,1000,0.81785033783780781,0.0015060968877351124,0.81789736562211757,0.81492206753742158,0.82070457834928612,100,100,,,"empirical paired comparison, changing support; not exact permutation p"
perle,FA50,visible,D_obj,objective,y,True,published_input_causal_train_only;raw_preprocessing_fail,100,1000,fail,matched_r,1000,0.6592698954013495,0.0010664632848121575,0.65923925595751554,0.65722685980422046,0.661488620612669,100,100,,,"empirical paired comparison, changing support; not exact permutation p"
perle,FA50,visible,D_obj,objective,y,True,published_input_causal_train_only;raw_preprocessing_fail,100,1000,fail,null_r,1000,2.0784625070394441e-05,0.012488628555233075,5.3075949095104377e-05,-0.024339827200039323,0.023486323323030325,100,100,,,"empirical paired comparison, changing support; not exact permutation p"
perle,FA50,visible,D_obj,objective,y,True,published_input_causal_train_only;raw_preprocessing_fail,100,1000,fail,paired_r,1000,0.65924911077627901,0.012535711376973332,0.65918368523328907,0.63561805630968737,0.68363325681152265,100,100,0,0,"empirical paired comparison, changing support; not exact permutation p"
perle,FA50,visible,D_obj,objective,y,True,published_input_causal_train_only;raw_preprocessing_fail,100,1000,fail,matched_RMSE,1000,3.9953063846797936,0.007674848164718597,3.9954916318957645,3.9803141273014631,4.0095571004026054,100,100,,,"empirical paired comparison, changing support; not exact permutation p"
perle,FA50,visible,D_obj,objective,y,True,published_input_causal_train_only;raw_preprocessing_fail,100,1000,fail,null_RMSE,1000,5.8246346630500776,0.031060520440418855,5.8244424398413859,5.7665995175808735,5.883561962341175,100,100,,,"empirical paired comparison, changing support; not exact permutation p"
perle,FA50,visible,D_obj,objective,y,True,published_input_causal_train_only;raw_preprocessing_fail,100,1000,fail,paired_RMSE,1000,1.8293282783702829,0.032021387550315174,1.8290867716322712,1.7710513897603748,1.8903879868430908,100,100,0,0,"empirical paired comparison, changing support; not exact permutation p"
perle,FA50,visible,D_obj,objective,y,True,published_input_causal_train_only;raw_preprocessing_fail,100,1000,fail,matched_bias,1000,-0.082935179215862409,0.012149649405154476,-0.083083653101244992,-0.10855245732174432,-0.059056247022383983,100,100,,,"empirical paired comparison, changing support; not exact permutation p"
perle,FA50,visible,D_obj,objective,y,True,published_input_causal_train_only;raw_preprocessing_fail,100,1000,fail,null_bias,1000,-0.081731692228892053,0.018292526719007027,-0.081459816360518161,-0.1184194317564736,-0.046562389859255024,100,100,,,"empirical paired comparison, changing support; not exact permutation p"
perle,FA50,visible,D_obj,objective,y,True,published_input_causal_train_only;raw_preprocessing_fail,100,1000,fail,matched_amplitude_ratio,1000,0.52117292697379436,0.00088593389289278487,0.52118215322488104,0.51950750596313022,0.52293390336854917,100,100,,,"empirical paired comparison, changing support; not exact permutation p"
perle,FA50,visible,D_obj,objective,y,True,published_input_causal_train_only;raw_preprocessing_fail,100,1000,fail,null_amplitude_ratio,1000,0.52121660388101643,0.0011759512042147232,0.5211737045029583,0.51895131192516963,0.52351698560377913,100,100,,,"empirical paired comparison, changing support; not exact permutation p"
perle,FA50,visible,D_obj,behavior,x,False,published_input_causal_train_only;raw_preprocessing_fail,100,1000,fail,matched_r,1000,0.82842763608411496,0.0004389100256836222,0.82842351106576828,0.82755476414327012,0.82927345078510128,100,100,,,"empirical paired comparison, changing support; not exact permutation p"
perle,FA50,visible,D_obj,behavior,x,False,published_input_causal_train_only;raw_preprocessing_fail,100,1000,fail,null_r,1000,0.54814298072746104,0.0047076259665918673,0.54816784709439681,0.53947514350264936,0.55746091399724507,100,100,,,"empirical paired comparison, changing support; not exact permutation p"
perle,FA50,visible,D_obj,behavior,x,False,published_input_causal_train_only;raw_preprocessing_fail,100,1000,fail,paired_r,1000,0.28028465535665398,0.0046131659991102743,0.28041907989416465,0.27099490693912959,0.28892014317785136,100,100,0,0,"empirical paired comparison, changing support; not exact permutation p"
perle,FA50,visible,D_obj,behavior,x,False,published_input_causal_train_only;raw_preprocessing_fail,100,1000,fail,matched_RMSE,1000,1.3667887984618068,0.0011937806712477468,1.366788434078938,1.3645454392572758,1.3692144358363503,100,100,,,"empirical paired comparison, changing support; not exact permutation p"
perle,FA50,visible,D_obj,behavior,x,False,published_input_causal_train_only;raw_preprocessing_fail,100,1000,fail,null_RMSE,1000,2.1041937529528059,0.010662003196432219,2.1043862413649395,2.0823306679468541,2.1235715779862927,100,100,,,"empirical paired comparison, changing support; not exact permutation p"
perle,FA50,visible,D_obj,behavior,x,False,published_input_causal_train_only;raw_preprocessing_fail,100,1000,fail,paired_RMSE,1000,0.73740495449099874,0.010220475619057846,0.7377432801481647,0.71620676299733221,0.75602533496595281,100,100,0,0,"empirical paired comparison, changing support; not exact permutation p"
perle,FA50,visible,D_obj,behavior,x,False,published_input_causal_train_only;raw_preprocessing_fail,100,1000,fail,matched_bias,1000,0.13966176160079585,0.0025658860850386899,0.13959301928932621,0.13465833439277392,0.14463414876936345,100,100,,,"empirical paired comparison, changing support; not exact permutation p"
perle,FA50,visible,D_obj,behavior,x,False,published_input_causal_train_only;raw_preprocessing_fail,100,1000,fail,null_bias,1000,0.13998277647103208,0.0044120500203069452,0.1402245680347525,0.13107214525371666,0.14808174907557586,100,100,,,"empirical paired comparison, changing support; not exact permutation p"
perle,FA50,visible,D_obj,behavior,x,False,published_input_causal_train_only;raw_preprocessing_fail,100,1000,fail,matched_amplitude_ratio,1000,0.81770328372250922,0.00097586575456194062,0.81772994299361268,0.81576448453045391,0.81964806324225759,100,100,,,"empirical paired comparison, changing support; not exact permutation p"
perle,FA50,visible,D_obj,behavior,x,False,published_input_causal_train_only;raw_preprocessing_fail,100,1000,fail,null_amplitude_ratio,1000,0.81785033783780781,0.0015060968877351124,0.81789736562211757,0.81492206753742158,0.82070457834928612,100,100,,,"empirical paired comparison, changing support; not exact permutation p"
perle,FA50,visible,D_obj,behavior,y,False,published_input_causal_train_only;raw_preprocessing_fail,100,1000,fail,matched_r,1000,0.65963647471255071,0.0010765350311320917,0.65959132880845806,0.65755350002779889,0.66183029136966998,100,100,,,"empirical paired comparison, changing support; not exact permutation p"
perle,FA50,visible,D_obj,behavior,y,False,published_input_causal_train_only;raw_preprocessing_fail,100,1000,fail,null_r,1000,-9.1560074154470065e-05,0.012502600888116572,-7.5881122429519163e-06,-0.024473030824170752,0.023581471210204274,100,100,,,"empirical paired comparison, changing support; not exact permutation p"
perle,FA50,visible,D_obj,behavior,y,False,published_input_causal_train_only;raw_preprocessing_fail,100,1000,fail,paired_r,1000,0.65972803478670516,0.012551406395533026,0.65969176279841457,0.63597397167002701,0.68454506752889455,100,100,0,0,"empirical paired comparison, changing support; not exact permutation p"
perle,FA50,visible,D_obj,behavior,y,False,published_input_causal_train_only;raw_preprocessing_fail,100,1000,fail,matched_RMSE,1000,3.9864281032521776,0.0077029815411330622,3.9866918027121425,3.9711009559498733,4.0015850813186118,100,100,,,"empirical paired comparison, changing support; not exact permutation p"
perle,FA50,visible,D_obj,behavior,y,False,published_input_causal_train_only;raw_preprocessing_fail,100,1000,fail,null_RMSE,1000,5.8167694925444593,0.031075298145564874,5.8163406448441215,5.7581762982630025,5.8763789551942756,100,100,,,"empirical paired comparison, changing support; not exact permutation p"
perle,FA50,visible,D_obj,behavior,y,False,published_input_causal_train_only;raw_preprocessing_fail,100,1000,fail,paired_RMSE,1000,1.830341389292282,0.032022188119468407,1.8304254410083587,1.7726290812687169,1.8905479279863326,100,100,0,0,"empirical paired comparison, changing support; not exact permutation p"
perle,FA50,visible,D_obj,behavior,y,False,published_input_causal_train_only;raw_preprocessing_fail,100,1000,fail,matched_bias,1000,-0.11177462198123277,0.012145231927056133,-0.11180810868905493,-0.13784654447072181,-0.087521821757874624,100,100,,,"empirical paired comparison, changing support; not exact permutation p"
perle,FA50,visible,D_obj,behavior,y,False,published_input_causal_train_only;raw_preprocessing_fail,100,1000,fail,null_bias,1000,-0.1105924368892939,0.018253134930025783,-0.10998363589897923,-0.14779486941047848,-0.074938202592957651,100,100,,,"empirical paired comparison, changing support; not exact permutation p"
perle,FA50,visible,D_obj,behavior,y,False,published_input_causal_train_only;raw_preprocessing_fail,100,1000,fail,matched_amplitude_ratio,1000,0.52217413648684396,0.00089181024824133964,0.52216305628864546,0.52051809918054526,0.52392483977398174,100,100,,,"empirical paired comparison, changing support; not exact permutation p"
perle,FA50,visible,D_obj,behavior,y,False,published_input_causal_train_only;raw_preprocessing_fail,100,1000,fail,null_amplitude_ratio,1000,0.52221581166247211,0.0011851661459064721,0.52218365916102483,0.51985647470916452,0.52452136805910055,100,100,,,"empirical paired comparison, changing support; not exact permutation p"
perle,FA50,visible,D_beh,objective,x,False,published_input_causal_train_only;raw_preprocessing_fail,100,1000,fail,matched_r,1000,0.82842763608411496,0.0004389100256836222,0.82842351106576828,0.82755476414327012,0.82927345078510128,100,100,,,"empirical paired comparison, changing support; not exact permutation p"
perle,FA50,visible,D_beh,objective,x,False,published_input_causal_train_only;raw_preprocessing_fail,100,1000,fail,null_r,1000,0.54814298072746104,0.0047076259665918673,0.54816784709439681,0.53947514350264936,0.55746091399724507,100,100,,,"empirical paired comparison, changing support; not exact permutation p"
perle,FA50,visible,D_beh,objective,x,False,published_input_causal_train_only;raw_preprocessing_fail,100,1000,fail,paired_r,1000,0.28028465535665398,0.0046131659991102743,0.28041907989416465,0.27099490693912959,0.28892014317785136,100,100,0,0,"empirical paired comparison, changing support; not exact permutation p"
perle,FA50,visible,D_beh,objective,x,False,published_input_causal_train_only;raw_preprocessing_fail,100,1000,fail,matched_RMSE,1000,1.3667887984618068,0.0011937806712477468,1.366788434078938,1.3645454392572758,1.3692144358363503,100,100,,,"empirical paired comparison, changing support; not exact permutation p"
perle,FA50,visible,D_beh,objective,x,False,published_input_causal_train_only;raw_preprocessing_fail,100,1000,fail,null_RMSE,1000,2.1041937529528059,0.010662003196432219,2.1043862413649395,2.0823306679468541,2.1235715779862927,100,100,,,"empirical paired comparison, changing support; not exact permutation p"
perle,FA50,visible,D_beh,objective,x,False,published_input_causal_train_only;raw_preprocessing_fail,100,1000,fail,paired_RMSE,1000,0.73740495449099874,0.010220475619057846,0.7377432801481647,0.71620676299733221,0.75602533496595281,100,100,0,0,"empirical paired comparison, changing support; not exact permutation p"
perle,FA50,visible,D_beh,objective,x,False,published_input_causal_train_only;raw_preprocessing_fail,100,1000,fail,matched_bias,1000,0.13966176160079585,0.0025658860850386899,0.13959301928932621,0.13465833439277392,0.14463414876936345,100,100,,,"empirical paired comparison, changing support; not exact permutation p"
perle,FA50,visible,D_beh,objective,x,False,published_input_causal_train_only;raw_preprocessing_fail,100,1000,fail,null_bias,1000,0.13998277647103208,0.0044120500203069452,0.1402245680347525,0.13107214525371666,0.14808174907557586,100,100,,,"empirical paired comparison, changing support; not exact permutation p"
perle,FA50,visible,D_beh,objective,x,False,published_input_causal_train_only;raw_preprocessing_fail,100,1000,fail,matched_amplitude_ratio,1000,0.81770328372250922,0.00097586575456194062,0.81772994299361268,0.81576448453045391,0.81964806324225759,100,100,,,"empirical paired comparison, changing support; not exact permutation p"
perle,FA50,visible,D_beh,objective,x,False,published_input_causal_train_only;raw_preprocessing_fail,100,1000,fail,null_amplitude_ratio,1000,0.81785033783780781,0.0015060968877351124,0.81789736562211757,0.81492206753742158,0.82070457834928612,100,100,,,"empirical paired comparison, changing support; not exact permutation p"
perle,FA50,visible,D_beh,objective,y,False,published_input_causal_train_only;raw_preprocessing_fail,100,1000,fail,matched_r,1000,0.65450375529431148,0.0010724263383549172,0.65448848822159367,0.65243677264792244,0.65675907144547485,100,100,,,"empirical paired comparison, changing support; not exact permutation p"
perle,FA50,visible,D_beh,objective,y,False,published_input_causal_train_only;raw_preprocessing_fail,100,1000,fail,null_r,1000,-4.5671335448199961e-06,0.012501058471858451,0.0001793531727250382,-0.024298099380617135,0.023757648489407823,100,100,,,"empirical paired comparison, changing support; not exact permutation p"
perle,FA50,visible,D_beh,objective,y,False,published_input_causal_train_only;raw_preprocessing_fail,100,1000,fail,paired_r,1000,0.65450832242785639,0.012542313212021127,0.65452020643940756,0.63072166389162099,0.67902680595820186,100,100,0,0,"empirical paired comparison, changing support; not exact permutation p"
perle,FA50,visible,D_beh,objective,y,False,published_input_causal_train_only;raw_preprocessing_fail,100,1000,fail,matched_RMSE,1000,4.0152236736306692,0.0077228277499005937,4.0153984460496837,3.9999798308190737,4.0297638387436567,100,100,,,"empirical paired comparison, changing support; not exact permutation p"
perle,FA50,visible,D_beh,objective,y,False,published_input_causal_train_only;raw_preprocessing_fail,100,1000,fail,null_RMSE,1000,5.8179150796267471,0.030914210899061757,5.817749440728238,5.7611943015018383,5.8774904118848612,100,100,,,"empirical paired comparison, changing support; not exact permutation p"
perle,FA50,visible,D_beh,objective,y,False,published_input_causal_train_only;raw_preprocessing_fail,100,1000,fail,paired_RMSE,1000,1.8026914059960786,0.031873480946084422,1.8027327907334867,1.7450697271673354,1.8632501619624122,100,100,0,0,"empirical paired comparison, changing support; not exact permutation p"
perle,FA50,visible,D_beh,objective,y,False,published_input_causal_train_only;raw_preprocessing_fail,100,1000,fail,matched_bias,1000,-0.057554204987161704,0.012275021188705134,-0.057679147747075957,-0.0832051813631869,-0.033720303007958315,100,100,,,"empirical paired comparison, changing support; not exact permutation p"
perle,FA50,visible,D_beh,objective,y,False,published_input_causal_train_only;raw_preprocessing_fail,100,1000,fail,null_bias,1000,-0.056350718000191341,0.018226333941828935,-0.056047063032235882,-0.092716001296778067,-0.021131649793019076,100,100,,,"empirical paired comparison, changing support; not exact permutation p"
perle,FA50,visible,D_beh,objective,y,False,published_input_causal_train_only;raw_preprocessing_fail,100,1000,fail,matched_amplitude_ratio,1000,0.51788364357655314,0.0008798308500564656,0.51788928254554412,0.51624447548202046,0.51962222107414813,100,100,,,"empirical paired comparison, changing support; not exact permutation p"
perle,FA50,visible,D_beh,objective,y,False,published_input_causal_train_only;raw_preprocessing_fail,100,1000,fail,null_amplitude_ratio,1000,0.5179258418471685,0.0011625331064157752,0.51788379622114422,0.51566690374801039,0.52017712659985216,100,100,,,"empirical paired comparison, changing support; not exact permutation p"
perle,FA50,visible,D_beh,behavior,x,True,published_input_causal_train_only;raw_preprocessing_fail,100,1000,fail,matched_r,1000,0.82842763608411496,0.0004389100256836222,0.82842351106576828,0.82755476414327012,0.82927345078510128,100,100,,,"empirical paired comparison, changing support; not exact permutation p"
perle,FA50,visible,D_beh,behavior,x,True,published_input_causal_train_only;raw_preprocessing_fail,100,1000,fail,null_r,1000,0.54814298072746104,0.0047076259665918673,0.54816784709439681,0.53947514350264936,0.55746091399724507,100,100,,,"empirical paired comparison, changing support; not exact permutation p"
perle,FA50,visible,D_beh,behavior,x,True,published_input_causal_train_only;raw_preprocessing_fail,100,1000,fail,paired_r,1000,0.28028465535665398,0.0046131659991102743,0.28041907989416465,0.27099490693912959,0.28892014317785136,100,100,0,0,"empirical paired comparison, changing support; not exact permutation p"
perle,FA50,visible,D_beh,behavior,x,True,published_input_causal_train_only;raw_preprocessing_fail,100,1000,fail,matched_RMSE,1000,1.3667887984618068,0.0011937806712477468,1.366788434078938,1.3645454392572758,1.3692144358363503,100,100,,,"empirical paired comparison, changing support; not exact permutation p"
perle,FA50,visible,D_beh,behavior,x,True,published_input_causal_train_only;raw_preprocessing_fail,100,1000,fail,null_RMSE,1000,2.1041937529528059,0.010662003196432219,2.1043862413649395,2.0823306679468541,2.1235715779862927,100,100,,,"empirical paired comparison, changing support; not exact permutation p"
perle,FA50,visible,D_beh,behavior,x,True,published_input_causal_train_only;raw_preprocessing_fail,100,1000,fail,paired_RMSE,1000,0.73740495449099874,0.010220475619057846,0.7377432801481647,0.71620676299733221,0.75602533496595281,100,100,0,0,"empirical paired comparison, changing support; not exact permutation p"
perle,FA50,visible,D_beh,behavior,x,True,published_input_causal_train_only;raw_preprocessing_fail,100,1000,fail,matched_bias,1000,0.13966176160079585,0.0025658860850386899,0.13959301928932621,0.13465833439277392,0.14463414876936345,100,100,,,"empirical paired comparison, changing support; not exact permutation p"
perle,FA50,visible,D_beh,behavior,x,True,published_input_causal_train_only;raw_preprocessing_fail,100,1000,fail,null_bias,1000,0.13998277647103208,0.0044120500203069452,0.1402245680347525,0.13107214525371666,0.14808174907557586,100,100,,,"empirical paired comparison, changing support; not exact permutation p"
perle,FA50,visible,D_beh,behavior,x,True,published_input_causal_train_only;raw_preprocessing_fail,100,1000,fail,matched_amplitude_ratio,1000,0.81770328372250922,0.00097586575456194062,0.81772994299361268,0.81576448453045391,0.81964806324225759,100,100,,,"empirical paired comparison, changing support; not exact permutation p"
perle,FA50,visible,D_beh,behavior,x,True,published_input_causal_train_only;raw_preprocessing_fail,100,1000,fail,null_amplitude_ratio,1000,0.81785033783780781,0.0015060968877351124,0.81789736562211757,0.81492206753742158,0.82070457834928612,100,100,,,"empirical paired comparison, changing support; not exact permutation p"
perle,FA50,visible,D_beh,behavior,y,True,published_input_causal_train_only;raw_preprocessing_fail,100,1000,fail,matched_r,1000,0.6551449641105308,0.0010811088279121979,0.65511863120294189,0.65307844518494496,0.65739229897540663,100,100,,,"empirical paired comparison, changing support; not exact permutation p"
perle,FA50,visible,D_beh,behavior,y,True,published_input_causal_train_only;raw_preprocessing_fail,100,1000,fail,null_r,1000,-0.00010591273882469032,0.012515991519283688,0.00011948691589888942,-0.024536678462869745,0.023588695486842698,100,100,,,"empirical paired comparison, changing support; not exact permutation p"
perle,FA50,visible,D_beh,behavior,y,True,published_input_causal_train_only;raw_preprocessing_fail,100,1000,fail,paired_r,1000,0.65525087684935557,0.012558502738601471,0.65519962120000153,0.6315319450042387,0.68009871942163891,100,100,0,0,"empirical paired comparison, changing support; not exact permutation p"
perle,FA50,visible,D_beh,behavior,y,True,published_input_causal_train_only;raw_preprocessing_fail,100,1000,fail,matched_RMSE,1000,4.005277482313863,0.0077485843854425453,4.0054612395212565,3.9897595573108604,4.0203326100371877,100,100,,,"empirical paired comparison, changing support; not exact permutation p"
perle,FA50,visible,D_beh,behavior,y,True,published_input_causal_train_only;raw_preprocessing_fail,100,1000,fail,null_RMSE,1000,5.8099165162523239,0.030933201488047204,5.8097144005519006,5.7525364251653013,5.8688699310921519,100,100,,,"empirical paired comparison, changing support; not exact permutation p"
perle,FA50,visible,D_beh,behavior,y,True,published_input_causal_train_only;raw_preprocessing_fail,100,1000,fail,paired_RMSE,1000,1.804639033938461,0.031876082514710323,1.8048791058922682,1.7479382491492712,1.8649141386659318,100,100,0,0,"empirical paired comparison, changing support; not exact permutation p"
perle,FA50,visible,D_beh,behavior,y,True,published_input_causal_train_only;raw_preprocessing_fail,100,1000,fail,matched_bias,1000,-0.086393647752532082,0.012261477859029179,-0.086514828104810537,-0.11257863162172428,-0.06193970197968731,100,100,,,"empirical paired comparison, changing support; not exact permutation p"
perle,FA50,visible,D_beh,behavior,y,True,published_input_causal_train_only;raw_preprocessing_fail,100,1000,fail,null_bias,1000,-0.085211462660593193,0.018185817997803031,-0.08461223962066694,-0.12252805091044879,-0.049885331202483792,100,100,,,"empirical paired comparison, changing support; not exact permutation p"
perle,FA50,visible,D_beh,behavior,y,True,published_input_causal_train_only;raw_preprocessing_fail,100,1000,fail,matched_amplitude_ratio,1000,0.5188805346951979,0.00088486422524014995,0.51888446930716958,0.51719940450981583,0.52062487966439341,100,100,,,"empirical paired comparison, changing support; not exact permutation p"
perle,FA50,visible,D_beh,behavior,y,True,published_input_causal_train_only;raw_preprocessing_fail,100,1000,fail,null_amplitude_ratio,1000,0.51892089127820551,0.0011717149366981705,0.51889323274591759,0.51657516536135972,0.52119204392670282,100,100,,,"empirical paired comparison, changing support; not exact permutation p"
perle,FA50,hidden,D_obj,objective,x,True,published_input_causal_train_only;raw_preprocessing_fail,100,1000,fail,matched_r,1000,0.91415590447515549,0.0024289029983874978,0.91424430729243844,0.90920598350677428,0.91876214725060901,100,100,,,"empirical paired comparison, changing support; not exact permutation p"
perle,FA50,hidden,D_obj,objective,x,True,published_input_causal_train_only;raw_preprocessing_fail,100,1000,fail,null_r,1000,0.11370150323632967,0.012770363088251292,0.11403091391278666,0.08882917884273632,0.13881905583262555,100,100,,,"empirical paired comparison, changing support; not exact permutation p"
perle,FA50,hidden,D_obj,objective,x,True,published_input_causal_train_only;raw_preprocessing_fail,100,1000,fail,paired_r,1000,0.80045440123882583,0.013556409975267173,0.80039666621765737,0.77497182976257417,0.82684523166550916,100,100,0,0,"empirical paired comparison, changing support; not exact permutation p"
perle,FA50,hidden,D_obj,objective,x,True,published_input_causal_train_only;raw_preprocessing_fail,100,1000,fail,matched_RMSE,1000,0.64187756303621213,0.0076332211778244625,0.6416915437031363,0.62701491089179817,0.65768915984824294,100,100,,,"empirical paired comparison, changing support; not exact permutation p"
perle,FA50,hidden,D_obj,objective,x,True,published_input_causal_train_only;raw_preprocessing_fail,100,1000,fail,null_RMSE,1000,1.9125290407819122,0.017629250305932802,1.9125442726028372,1.8782445724659342,1.9490705265855051,100,100,,,"empirical paired comparison, changing support; not exact permutation p"
perle,FA50,hidden,D_obj,objective,x,True,published_input_causal_train_only;raw_preprocessing_fail,100,1000,fail,paired_RMSE,1000,1.2706514777457001,0.019164117737916077,1.2701956648221118,1.2354742264622389,1.3091546929370681,100,100,0,0,"empirical paired comparison, changing support; not exact permutation p"
perle,FA50,hidden,D_obj,objective,x,True,published_input_causal_train_only;raw_preprocessing_fail,100,1000,fail,matched_bias,1000,-0.12285929336990332,0.0068278911943466239,-0.12291565027793595,-0.1363950192273799,-0.10980411235276727,100,100,,,"empirical paired comparison, changing support; not exact permutation p"
perle,FA50,hidden,D_obj,objective,x,True,published_input_causal_train_only;raw_preprocessing_fail,100,1000,fail,null_bias,1000,-0.1220536245109541,0.023325004959079673,-0.12229176964436811,-0.1682217027788688,-0.076786547701282362,100,100,,,"empirical paired comparison, changing support; not exact permutation p"
perle,FA50,hidden,D_obj,objective,x,True,published_input_causal_train_only;raw_preprocessing_fail,100,1000,fail,matched_amplitude_ratio,1000,1.1482125260529281,0.0033845131531362615,1.1481851744664124,1.1414711002801459,1.1550127392387466,100,100,,,"empirical paired comparison, changing support; not exact permutation p"
perle,FA50,hidden,D_obj,objective,x,True,published_input_causal_train_only;raw_preprocessing_fail,100,1000,fail,null_amplitude_ratio,1000,1.1486759543327598,0.0047862746968013918,1.1486420533944663,1.1391405149215945,1.1580098416531537,100,100,,,"empirical paired comparison, changing support; not exact permutation p"
perle,FA50,hidden,D_obj,objective,y,True,published_input_causal_train_only;raw_preprocessing_fail,100,1000,fail,matched_r,1000,0.76872808670874593,0.0031591284437903822,0.76872667231435809,0.76223165762468104,0.77457038576597881,100,100,,,"empirical paired comparison, changing support; not exact permutation p"
perle,FA50,hidden,D_obj,objective,y,True,published_input_causal_train_only;raw_preprocessing_fail,100,1000,fail,null_r,1000,0.0043064873511611578,0.017979174778125558,0.0040429084916933315,-0.031628042982619183,0.04045216772272086,100,100,,,"empirical paired comparison, changing support; not exact permutation p"
perle,FA50,hidden,D_obj,objective,y,True,published_input_causal_train_only;raw_preprocessing_fail,100,1000,fail,paired_r,1000,0.7644215993575848,0.018069768802854352,0.76448840045835054,0.72984694035770836,0.79899704440319486,100,100,0,0,"empirical paired comparison, changing support; not exact permutation p"
perle,FA50,hidden,D_obj,objective,y,True,published_input_causal_train_only;raw_preprocessing_fail,100,1000,fail,matched_RMSE,1000,3.6383802595017278,0.024689785558157287,3.6379696322067718,3.5892352866179604,3.6860874442878422,100,100,,,"empirical paired comparison, changing support; not exact permutation p"
perle,FA50,hidden,D_obj,objective,y,True,published_input_causal_train_only;raw_preprocessing_fail,100,1000,fail,null_RMSE,1000,6.0237833991577148,0.051315706808525749,6.0236171354784176,5.9170166089468488,6.1240065485032211,100,100,,,"empirical paired comparison, changing support; not exact permutation p"
perle,FA50,hidden,D_obj,objective,y,True,published_input_causal_train_only;raw_preprocessing_fail,100,1000,fail,paired_RMSE,1000,2.3854031396559865,0.057558838642898055,2.3860853540890887,2.2721313660392961,2.4966112751036,100,100,0,0,"empirical paired comparison, changing support; not exact permutation p"
perle,FA50,hidden,D_obj,objective,y,True,published_input_causal_train_only;raw_preprocessing_fail,100,1000,fail,matched_bias,1000,-0.087689027715094112,0.03998962513737192,-0.089101414810188212,-0.1666358075376409,-0.0092647530105354654,100,100,,,"empirical paired comparison, changing support; not exact permutation p"
perle,FA50,hidden,D_obj,objective,y,True,published_input_causal_train_only;raw_preprocessing_fail,100,1000,fail,null_bias,1000,-0.083154432622585886,0.061651110057304975,-0.083383754120258141,-0.20826174245392531,0.034904876479319412,100,100,,,"empirical paired comparison, changing support; not exact permutation p"
perle,FA50,hidden,D_obj,objective,y,True,published_input_causal_train_only;raw_preprocessing_fail,100,1000,fail,matched_amplitude_ratio,1000,0.55325641803201542,0.0033130100687219907,0.55321195968926817,0.54734916164935932,0.55972579321721827,100,100,,,"empirical paired comparison, changing support; not exact permutation p"
perle,FA50,hidden,D_obj,objective,y,True,published_input_causal_train_only;raw_preprocessing_fail,100,1000,fail,null_amplitude_ratio,1000,0.55377167034024932,0.0040679158658253594,0.55380206997510917,0.54579847693450767,0.56160931888347854,100,100,,,"empirical paired comparison, changing support; not exact permutation p"
perle,FA50,hidden,D_obj,behavior,x,False,published_input_causal_train_only;raw_preprocessing_fail,100,1000,fail,matched_r,1000,0.91415590447515549,0.0024289029983874978,0.91424430729243844,0.90920598350677428,0.91876214725060901,100,100,,,"empirical paired comparison, changing support; not exact permutation p"
perle,FA50,hidden,D_obj,behavior,x,False,published_input_causal_train_only;raw_preprocessing_fail,100,1000,fail,null_r,1000,0.11370150323632967,0.012770363088251292,0.11403091391278666,0.08882917884273632,0.13881905583262555,100,100,,,"empirical paired comparison, changing support; not exact permutation p"
perle,FA50,hidden,D_obj,behavior,x,False,published_input_causal_train_only;raw_preprocessing_fail,100,1000,fail,paired_r,1000,0.80045440123882583,0.013556409975267173,0.80039666621765737,0.77497182976257417,0.82684523166550916,100,100,0,0,"empirical paired comparison, changing support; not exact permutation p"
perle,FA50,hidden,D_obj,behavior,x,False,published_input_causal_train_only;raw_preprocessing_fail,100,1000,fail,matched_RMSE,1000,0.64187756303621213,0.0076332211778244625,0.6416915437031363,0.62701491089179817,0.65768915984824294,100,100,,,"empirical paired comparison, changing support; not exact permutation p"
perle,FA50,hidden,D_obj,behavior,x,False,published_input_causal_train_only;raw_preprocessing_fail,100,1000,fail,null_RMSE,1000,1.9125290407819122,0.017629250305932802,1.9125442726028372,1.8782445724659342,1.9490705265855051,100,100,,,"empirical paired comparison, changing support; not exact permutation p"
perle,FA50,hidden,D_obj,behavior,x,False,published_input_causal_train_only;raw_preprocessing_fail,100,1000,fail,paired_RMSE,1000,1.2706514777457001,0.019164117737916077,1.2701956648221118,1.2354742264622389,1.3091546929370681,100,100,0,0,"empirical paired comparison, changing support; not exact permutation p"
perle,FA50,hidden,D_obj,behavior,x,False,published_input_causal_train_only;raw_preprocessing_fail,100,1000,fail,matched_bias,1000,-0.12285929336990332,0.0068278911943466239,-0.12291565027793595,-0.1363950192273799,-0.10980411235276727,100,100,,,"empirical paired comparison, changing support; not exact permutation p"
perle,FA50,hidden,D_obj,behavior,x,False,published_input_causal_train_only;raw_preprocessing_fail,100,1000,fail,null_bias,1000,-0.1220536245109541,0.023325004959079673,-0.12229176964436811,-0.1682217027788688,-0.076786547701282362,100,100,,,"empirical paired comparison, changing support; not exact permutation p"
perle,FA50,hidden,D_obj,behavior,x,False,published_input_causal_train_only;raw_preprocessing_fail,100,1000,fail,matched_amplitude_ratio,1000,1.1482125260529281,0.0033845131531362615,1.1481851744664124,1.1414711002801459,1.1550127392387466,100,100,,,"empirical paired comparison, changing support; not exact permutation p"
perle,FA50,hidden,D_obj,behavior,x,False,published_input_causal_train_only;raw_preprocessing_fail,100,1000,fail,null_amplitude_ratio,1000,1.1486759543327598,0.0047862746968013918,1.1486420533944663,1.1391405149215945,1.1580098416531537,100,100,,,"empirical paired comparison, changing support; not exact permutation p"
perle,FA50,hidden,D_obj,behavior,y,False,published_input_causal_train_only;raw_preprocessing_fail,100,1000,fail,matched_r,1000,0.75649252468011652,0.0033785705601314113,0.75663825610141089,0.74949152671323915,0.76300244613157975,100,100,,,"empirical paired comparison, changing support; not exact permutation p"
perle,FA50,hidden,D_obj,behavior,y,False,published_input_causal_train_only;raw_preprocessing_fail,100,1000,fail,null_r,1000,0.0043828412828006407,0.01803952370589049,0.0044023851274873895,-0.031237831068491505,0.039598708557656952,100,100,,,"empirical paired comparison, changing support; not exact permutation p"
perle,FA50,hidden,D_obj,behavior,y,False,published_input_causal_train_only;raw_preprocessing_fail,100,1000,fail,paired_r,1000,0.75210968339731599,0.018112813636259949,0.75187772851095935,0.71745911764757475,0.78692187488610743,100,100,0,0,"empirical paired comparison, changing support; not exact permutation p"
perle,FA50,hidden,D_obj,behavior,y,False,published_input_causal_train_only;raw_preprocessing_fail,100,1000,fail,matched_RMSE,1000,3.6166484117509934,0.026263232697280862,3.6167256263086993,3.5639676473907071,3.6671463585966269,100,100,,,"empirical paired comparison, changing support; not exact permutation p"
perle,FA50,hidden,D_obj,behavior,y,False,published_input_causal_train_only;raw_preprocessing_fail,100,1000,fail,null_RMSE,1000,5.9441188904058233,0.051820617361995398,5.9435254614977007,5.8378284973435886,6.0436748583292363,100,100,,,"empirical paired comparison, changing support; not exact permutation p"
perle,FA50,hidden,D_obj,behavior,y,False,published_input_causal_train_only;raw_preprocessing_fail,100,1000,fail,paired_RMSE,1000,2.3274704786548304,0.057996027124691048,2.327680982708773,2.2113791746493239,2.4368776758350292,100,100,0,0,"empirical paired comparison, changing support; not exact permutation p"
perle,FA50,hidden,D_obj,behavior,y,False,published_input_causal_train_only;raw_preprocessing_fail,100,1000,fail,matched_bias,1000,-0.23714196825667916,0.040891565995766051,-0.23893338618954946,-0.31644251524249034,-0.15832612593832632,100,100,,,"empirical paired comparison, changing support; not exact permutation p"
perle,FA50,hidden,D_obj,behavior,y,False,published_input_causal_train_only;raw_preprocessing_fail,100,1000,fail,null_bias,1000,-0.23300719833077485,0.062079165044230493,-0.23422323239030898,-0.35644110124968792,-0.11461959524766248,100,100,,,"empirical paired comparison, changing support; not exact permutation p"
perle,FA50,hidden,D_obj,behavior,y,False,published_input_causal_train_only;raw_preprocessing_fail,100,1000,fail,matched_amplitude_ratio,1000,0.56430709252108568,0.0035902307603416545,0.5641787735098005,0.55766668587939083,0.57133223503622588,100,100,,,"empirical paired comparison, changing support; not exact permutation p"
perle,FA50,hidden,D_obj,behavior,y,False,published_input_causal_train_only;raw_preprocessing_fail,100,1000,fail,null_amplitude_ratio,1000,0.56482245360019601,0.0043393737179133786,0.5646867310363155,0.55651954556764827,0.57326176824708752,100,100,,,"empirical paired comparison, changing support; not exact permutation p"
perle,FA50,hidden,D_beh,objective,x,False,published_input_causal_train_only;raw_preprocessing_fail,100,1000,fail,matched_r,1000,0.91415590447515549,0.0024289029983874978,0.91424430729243844,0.90920598350677428,0.91876214725060901,100,100,,,"empirical paired comparison, changing support; not exact permutation p"
perle,FA50,hidden,D_beh,objective,x,False,published_input_causal_train_only;raw_preprocessing_fail,100,1000,fail,null_r,1000,0.11370150323632967,0.012770363088251292,0.11403091391278666,0.08882917884273632,0.13881905583262555,100,100,,,"empirical paired comparison, changing support; not exact permutation p"
perle,FA50,hidden,D_beh,objective,x,False,published_input_causal_train_only;raw_preprocessing_fail,100,1000,fail,paired_r,1000,0.80045440123882583,0.013556409975267173,0.80039666621765737,0.77497182976257417,0.82684523166550916,100,100,0,0,"empirical paired comparison, changing support; not exact permutation p"
perle,FA50,hidden,D_beh,objective,x,False,published_input_causal_train_only;raw_preprocessing_fail,100,1000,fail,matched_RMSE,1000,0.64187756303621213,0.0076332211778244625,0.6416915437031363,0.62701491089179817,0.65768915984824294,100,100,,,"empirical paired comparison, changing support; not exact permutation p"
perle,FA50,hidden,D_beh,objective,x,False,published_input_causal_train_only;raw_preprocessing_fail,100,1000,fail,null_RMSE,1000,1.9125290407819122,0.017629250305932802,1.9125442726028372,1.8782445724659342,1.9490705265855051,100,100,,,"empirical paired comparison, changing support; not exact permutation p"
perle,FA50,hidden,D_beh,objective,x,False,published_input_causal_train_only;raw_preprocessing_fail,100,1000,fail,paired_RMSE,1000,1.2706514777457001,0.019164117737916077,1.2701956648221118,1.2354742264622389,1.3091546929370681,100,100,0,0,"empirical paired comparison, changing support; not exact permutation p"
perle,FA50,hidden,D_beh,objective,x,False,published_input_causal_train_only;raw_preprocessing_fail,100,1000,fail,matched_bias,1000,-0.12285929336990332,0.0068278911943466239,-0.12291565027793595,-0.1363950192273799,-0.10980411235276727,100,100,,,"empirical paired comparison, changing support; not exact permutation p"
perle,FA50,hidden,D_beh,objective,x,False,published_input_causal_train_only;raw_preprocessing_fail,100,1000,fail,null_bias,1000,-0.1220536245109541,0.023325004959079673,-0.12229176964436811,-0.1682217027788688,-0.076786547701282362,100,100,,,"empirical paired comparison, changing support; not exact permutation p"
perle,FA50,hidden,D_beh,objective,x,False,published_input_causal_train_only;raw_preprocessing_fail,100,1000,fail,matched_amplitude_ratio,1000,1.1482125260529281,0.0033845131531362615,1.1481851744664124,1.1414711002801459,1.1550127392387466,100,100,,,"empirical paired comparison, changing support; not exact permutation p"
perle,FA50,hidden,D_beh,objective,x,False,published_input_causal_train_only;raw_preprocessing_fail,100,1000,fail,null_amplitude_ratio,1000,1.1486759543327598,0.0047862746968013918,1.1486420533944663,1.1391405149215945,1.1580098416531537,100,100,,,"empirical paired comparison, changing support; not exact permutation p"
perle,FA50,hidden,D_beh,objective,y,False,published_input_causal_train_only;raw_preprocessing_fail,100,1000,fail,matched_r,1000,0.76714761448080504,0.0033339831835201058,0.7672802300832382,0.76038006654425772,0.77333823289485071,100,100,,,"empirical paired comparison, changing support; not exact permutation p"
perle,FA50,hidden,D_beh,objective,y,False,published_input_causal_train_only;raw_preprocessing_fail,100,1000,fail,null_r,1000,0.0042103335757355358,0.017997534080575327,0.004173039283910664,-0.030907661418828249,0.040370811735956927,100,100,,,"empirical paired comparison, changing support; not exact permutation p"
perle,FA50,hidden,D_beh,objective,y,False,published_input_causal_train_only;raw_preprocessing_fail,100,1000,fail,paired_r,1000,0.7629372809050694,0.018090471887209688,0.76301007175030788,0.72853939773340404,0.79718132278253695,100,100,0,0,"empirical paired comparison, changing support; not exact permutation p"
perle,FA50,hidden,D_beh,objective,y,False,published_input_causal_train_only;raw_preprocessing_fail,100,1000,fail,matched_RMSE,1000,3.6604132951855122,0.024870612046704876,3.6603260140632004,3.6104231049594753,3.7091012998157087,100,100,,,"empirical paired comparison, changing support; not exact permutation p"
perle,FA50,hidden,D_beh,objective,y,False,published_input_causal_train_only;raw_preprocessing_fail,100,1000,fail,null_RMSE,1000,6.0033958121109752,0.050679490415475377,6.0032103478101497,5.9001792299558602,6.1019812626494181,100,100,,,"empirical paired comparison, changing support; not exact permutation p"
perle,FA50,hidden,D_beh,objective,y,False,published_input_causal_train_only;raw_preprocessing_fail,100,1000,fail,paired_RMSE,1000,2.342982516925463,0.057055350901594241,2.3435592447262223,2.2303478815169466,2.4519865981592535,100,100,0,0,"empirical paired comparison, changing support; not exact permutation p"
perle,FA50,hidden,D_beh,objective,y,False,published_input_causal_train_only;raw_preprocessing_fail,100,1000,fail,matched_bias,1000,0.0543976555436088,0.040382615912575144,0.053517289155755349,-0.025653443136795431,0.13375422207130128,100,100,,,"empirical paired comparison, changing support; not exact permutation p"
perle,FA50,hidden,D_beh,objective,y,False,published_input_causal_train_only;raw_preprocessing_fail,100,1000,fail,null_bias,1000,0.058932250636117019,0.061452075689974815,0.059196860062274259,-0.067130285709338697,0.17632843175834848,100,100,,,"empirical paired comparison, changing support; not exact permutation p"
perle,FA50,hidden,D_beh,objective,y,False,published_input_causal_train_only;raw_preprocessing_fail,100,1000,fail,matched_amplitude_ratio,1000,0.54444065397812147,0.0032377329669331946,0.54432955084221524,0.53848693887570553,0.55082180266076597,100,100,,,"empirical paired comparison, changing support; not exact permutation p"
perle,FA50,hidden,D_beh,objective,y,False,published_input_causal_train_only;raw_preprocessing_fail,100,1000,fail,null_amplitude_ratio,1000,0.54496051856188898,0.0039922647276999408,0.54488621268295789,0.53718276983253421,0.5528551607019716,100,100,,,"empirical paired comparison, changing support; not exact permutation p"
perle,FA50,hidden,D_beh,behavior,x,True,published_input_causal_train_only;raw_preprocessing_fail,100,1000,fail,matched_r,1000,0.91415590447515549,0.0024289029983874978,0.91424430729243844,0.90920598350677428,0.91876214725060901,100,100,,,"empirical paired comparison, changing support; not exact permutation p"
perle,FA50,hidden,D_beh,behavior,x,True,published_input_causal_train_only;raw_preprocessing_fail,100,1000,fail,null_r,1000,0.11370150323632967,0.012770363088251292,0.11403091391278666,0.08882917884273632,0.13881905583262555,100,100,,,"empirical paired comparison, changing support; not exact permutation p"
perle,FA50,hidden,D_beh,behavior,x,True,published_input_causal_train_only;raw_preprocessing_fail,100,1000,fail,paired_r,1000,0.80045440123882583,0.013556409975267173,0.80039666621765737,0.77497182976257417,0.82684523166550916,100,100,0,0,"empirical paired comparison, changing support; not exact permutation p"
perle,FA50,hidden,D_beh,behavior,x,True,published_input_causal_train_only;raw_preprocessing_fail,100,1000,fail,matched_RMSE,1000,0.64187756303621213,0.0076332211778244625,0.6416915437031363,0.62701491089179817,0.65768915984824294,100,100,,,"empirical paired comparison, changing support; not exact permutation p"
perle,FA50,hidden,D_beh,behavior,x,True,published_input_causal_train_only;raw_preprocessing_fail,100,1000,fail,null_RMSE,1000,1.9125290407819122,0.017629250305932802,1.9125442726028372,1.8782445724659342,1.9490705265855051,100,100,,,"empirical paired comparison, changing support; not exact permutation p"
perle,FA50,hidden,D_beh,behavior,x,True,published_input_causal_train_only;raw_preprocessing_fail,100,1000,fail,paired_RMSE,1000,1.2706514777457001,0.019164117737916077,1.2701956648221118,1.2354742264622389,1.3091546929370681,100,100,0,0,"empirical paired comparison, changing support; not exact permutation p"
perle,FA50,hidden,D_beh,behavior,x,True,published_input_causal_train_only;raw_preprocessing_fail,100,1000,fail,matched_bias,1000,-0.12285929336990332,0.0068278911943466239,-0.12291565027793595,-0.1363950192273799,-0.10980411235276727,100,100,,,"empirical paired comparison, changing support; not exact permutation p"
perle,FA50,hidden,D_beh,behavior,x,True,published_input_causal_train_only;raw_preprocessing_fail,100,1000,fail,null_bias,1000,-0.1220536245109541,0.023325004959079673,-0.12229176964436811,-0.1682217027788688,-0.076786547701282362,100,100,,,"empirical paired comparison, changing support; not exact permutation p"
perle,FA50,hidden,D_beh,behavior,x,True,published_input_causal_train_only;raw_preprocessing_fail,100,1000,fail,matched_amplitude_ratio,1000,1.1482125260529281,0.0033845131531362615,1.1481851744664124,1.1414711002801459,1.1550127392387466,100,100,,,"empirical paired comparison, changing support; not exact permutation p"
perle,FA50,hidden,D_beh,behavior,x,True,published_input_causal_train_only;raw_preprocessing_fail,100,1000,fail,null_amplitude_ratio,1000,1.1486759543327598,0.0047862746968013918,1.1486420533944663,1.1391405149215945,1.1580098416531537,100,100,,,"empirical paired comparison, changing support; not exact permutation p"
perle,FA50,hidden,D_beh,behavior,y,True,published_input_causal_train_only;raw_preprocessing_fail,100,1000,fail,matched_r,1000,0.7555461557298474,0.0035966738602346781,0.75567787688465837,0.74811150758712675,0.76229905996273195,100,100,,,"empirical paired comparison, changing support; not exact permutation p"
perle,FA50,hidden,D_beh,behavior,y,True,published_input_causal_train_only;raw_preprocessing_fail,100,1000,fail,null_r,1000,0.0043278187281277731,0.018068466043573601,0.0041396019967737474,-0.031523256525151616,0.04017666492155051,100,100,,,"empirical paired comparison, changing support; not exact permutation p"
perle,FA50,hidden,D_beh,behavior,y,True,published_input_causal_train_only;raw_preprocessing_fail,100,1000,fail,paired_r,1000,0.75121833700171969,0.018147207569408023,0.75124106449585737,0.7161608178261375,0.78615974844963454,100,100,0,0,"empirical paired comparison, changing support; not exact permutation p"
perle,FA50,hidden,D_beh,behavior,y,True,published_input_causal_train_only;raw_preprocessing_fail,100,1000,fail,matched_RMSE,1000,3.6297220168899114,0.02671717040884862,3.6300436142668975,3.5756382843282624,3.681910601681035,100,100,,,"empirical paired comparison, changing support; not exact permutation p"
perle,FA50,hidden,D_beh,behavior,y,True,published_input_causal_train_only;raw_preprocessing_fail,100,1000,fail,null_RMSE,1000,5.9205498254981972,0.051216855758393035,5.9198508419656726,5.8167036629373596,6.0188447355681358,100,100,,,"empirical paired comparison, changing support; not exact permutation p"
perle,FA50,hidden,D_beh,behavior,y,True,published_input_causal_train_only;raw_preprocessing_fail,100,1000,fail,paired_RMSE,1000,2.2908278086082872,0.057649874045907996,2.2915354749544585,2.1724144948758242,2.3958803138029929,100,100,0,0,"empirical paired comparison, changing support; not exact permutation p"
perle,FA50,hidden,D_beh,behavior,y,True,published_input_causal_train_only;raw_preprocessing_fail,100,1000,fail,matched_bias,1000,-0.095055284997976261,0.041235427923720973,-0.096467742701168646,-0.17392295112121356,-0.016300163109447707,100,100,,,"empirical paired comparison, changing support; not exact permutation p"
perle,FA50,hidden,D_beh,behavior,y,True,published_input_causal_train_only;raw_preprocessing_fail,100,1000,fail,null_bias,1000,-0.090920515072071939,0.061871528304122944,-0.091792324786245744,-0.21617326608400855,0.026675863179962064,100,100,,,"empirical paired comparison, changing support; not exact permutation p"
perle,FA50,hidden,D_beh,behavior,y,True,published_input_causal_train_only;raw_preprocessing_fail,100,1000,fail,matched_amplitude_ratio,1000,0.55542197462428977,0.0035057174766309177,0.5553512299527994,0.54898536609285642,0.56210978942343981,100,100,,,"empirical paired comparison, changing support; not exact permutation p"
perle,FA50,hidden,D_beh,behavior,y,True,published_input_causal_train_only;raw_preprocessing_fail,100,1000,fail,null_amplitude_ratio,1000,0.55594605647913553,0.0042598054024214106,0.555776722227598,0.54782060236109886,0.56450086598245297,100,100,,,"empirical paired comparison, changing support; not exact permutation p"
perle,FA50,bounce,D_obj,objective,x,True,published_input_causal_train_only;raw_preprocessing_fail,100,1000,fail,matched_r,1000,0.95933029939231418,0.0019149256592652622,0.95930768228253949,0.95527617245592877,0.96286663762403424,95,100,,,"empirical paired comparison, changing support; not exact permutation p"
perle,FA50,bounce,D_obj,objective,x,True,published_input_causal_train_only;raw_preprocessing_fail,100,1000,fail,null_r,1000,0.83945039956352008,0.0096055549961936906,0.83943599304472771,0.82014256960221221,0.85713149953829826,95,100,,,"empirical paired comparison, changing support; not exact permutation p"
perle,FA50,bounce,D_obj,objective,x,True,published_input_causal_train_only;raw_preprocessing_fail,100,1000,fail,paired_r,1000,0.11987989982879403,0.0094744901380513884,0.11984495406344237,0.10210334704135486,0.13881651481276347,95,100,0,0,"empirical paired comparison, changing support; not exact permutation p"
perle,FA50,bounce,D_obj,objective,x,True,published_input_causal_train_only;raw_preprocessing_fail,100,1000,fail,matched_RMSE,1000,1.0983774715209544,0.028609244092725673,1.0989980608161454,1.0462861164811574,1.1533785454349015,95,100,,,"empirical paired comparison, changing support; not exact permutation p"
perle,FA50,bounce,D_obj,objective,x,True,published_input_causal_train_only;raw_preprocessing_fail,100,1000,fail,null_RMSE,1000,2.0620987437525535,0.05610306467629167,2.0604172293555258,1.9605555021344547,2.1745780449709464,95,100,,,"empirical paired comparison, changing support; not exact permutation p"
perle,FA50,bounce,D_obj,objective,x,True,published_input_causal_train_only;raw_preprocessing_fail,100,1000,fail,paired_RMSE,1000,0.96372127223159898,0.062773442911462876,0.96073136871108722,0.84553753319442515,1.0907265390190193,95,100,0,0,"empirical paired comparison, changing support; not exact permutation p"
perle,FA50,bounce,D_obj,objective,x,True,published_input_causal_train_only;raw_preprocessing_fail,100,1000,fail,matched_bias,1000,0.079492263182590367,0.03995506707880854,0.077258994748953869,0.0064989826721347649,0.16080215904673698,95,100,,,"empirical paired comparison, changing support; not exact permutation p"
perle,FA50,bounce,D_obj,objective,x,True,published_input_causal_train_only;raw_preprocessing_fail,100,1000,fail,null_bias,1000,0.08184174299488628,0.086725628905331836,0.080891471372609464,-0.086303142281288908,0.25588985662034652,95,100,,,"empirical paired comparison, changing support; not exact permutation p"
perle,FA50,bounce,D_obj,objective,x,True,published_input_causal_train_only;raw_preprocessing_fail,100,1000,fail,matched_amplitude_ratio,1000,0.9360554672155279,0.0085671327474512206,0.93610112233924148,0.91890780976660125,0.95233411826905112,95,100,,,"empirical paired comparison, changing support; not exact permutation p"
perle,FA50,bounce,D_obj,objective,x,True,published_input_causal_train_only;raw_preprocessing_fail,100,1000,fail,null_amplitude_ratio,1000,0.94322219685297093,0.015272159433828796,0.94278199173822019,0.91488638949716483,0.97427162598584571,95,100,,,"empirical paired comparison, changing support; not exact permutation p"
perle,FA50,bounce,D_obj,objective,y,True,published_input_causal_train_only;raw_preprocessing_fail,100,1000,fail,matched_r,1000,0.74298892937863281,0.015218274533783511,0.74375816049920651,0.71335302860790384,0.77194875190231682,95,100,,,"empirical paired comparison, changing support; not exact permutation p"
perle,FA50,bounce,D_obj,objective,y,True,published_input_causal_train_only;raw_preprocessing_fail,100,1000,fail,null_r,1000,0.0050964853395539297,0.041288721536855311,0.0053161553882980477,-0.075630175353626844,0.08685630282918505,95,100,,,"empirical paired comparison, changing support; not exact permutation p"
perle,FA50,bounce,D_obj,objective,y,True,published_input_causal_train_only;raw_preprocessing_fail,100,1000,fail,paired_r,1000,0.73789244403907905,0.044602582086202214,0.7377506090605277,0.64798516611734114,0.8259315867746726,95,100,0,0,"empirical paired comparison, changing support; not exact permutation p"
perle,FA50,bounce,D_obj,objective,y,True,published_input_causal_train_only;raw_preprocessing_fail,100,1000,fail,matched_RMSE,1000,5.0774919848513997,0.064163506825279534,5.0762642622413789,4.9505060230050661,5.2073779520889509,95,100,,,"empirical paired comparison, changing support; not exact permutation p"
perle,FA50,bounce,D_obj,objective,y,True,published_input_causal_train_only;raw_preprocessing_fail,100,1000,fail,null_RMSE,1000,7.6012400558609752,0.1418163270336775,7.605689990585887,7.316337662900545,7.8788649879199859,95,100,,,"empirical paired comparison, changing support; not exact permutation p"
perle,FA50,bounce,D_obj,objective,y,True,published_input_causal_train_only;raw_preprocessing_fail,100,1000,fail,paired_RMSE,1000,2.5237480710095759,0.16158991137573525,2.5192585532974729,2.2165629979194819,2.8394137435508169,95,100,0,0,"empirical paired comparison, changing support; not exact permutation p"
perle,FA50,bounce,D_obj,objective,y,True,published_input_causal_train_only;raw_preprocessing_fail,100,1000,fail,matched_bias,1000,-0.43457430977208111,0.21850479574361034,-0.4237734675185012,-0.85568052245973991,-0.0058965390916395242,95,100,,,"empirical paired comparison, changing support; not exact permutation p"
perle,FA50,bounce,D_obj,objective,y,True,published_input_causal_train_only;raw_preprocessing_fail,100,1000,fail,null_bias,1000,-0.4312035565833004,0.3451342242596856,-0.45075794222080356,-1.1040319744430331,0.23682293658448048,95,100,,,"empirical paired comparison, changing support; not exact permutation p"
perle,FA50,bounce,D_obj,objective,y,True,published_input_causal_train_only;raw_preprocessing_fail,100,1000,fail,matched_amplitude_ratio,1000,0.51438458341954119,0.02448137445830334,0.51312189786714324,0.47130431839339793,0.56288189295772029,95,100,,,"empirical paired comparison, changing support; not exact permutation p"
perle,FA50,bounce,D_obj,objective,y,True,published_input_causal_train_only;raw_preprocessing_fail,100,1000,fail,null_amplitude_ratio,1000,0.54190849669941998,0.033949084815223872,0.54092895369312743,0.47998864505719901,0.61447272732603542,95,100,,,"empirical paired comparison, changing support; not exact permutation p"
perle,FA50,bounce,D_obj,behavior,x,False,published_input_causal_train_only;raw_preprocessing_fail,100,1000,fail,matched_r,1000,0.95933029939231418,0.0019149256592652622,0.95930768228253949,0.95527617245592877,0.96286663762403424,95,100,,,"empirical paired comparison, changing support; not exact permutation p"
perle,FA50,bounce,D_obj,behavior,x,False,published_input_causal_train_only;raw_preprocessing_fail,100,1000,fail,null_r,1000,0.83945039956352008,0.0096055549961936906,0.83943599304472771,0.82014256960221221,0.85713149953829826,95,100,,,"empirical paired comparison, changing support; not exact permutation p"
perle,FA50,bounce,D_obj,behavior,x,False,published_input_causal_train_only;raw_preprocessing_fail,100,1000,fail,paired_r,1000,0.11987989982879403,0.0094744901380513884,0.11984495406344237,0.10210334704135486,0.13881651481276347,95,100,0,0,"empirical paired comparison, changing support; not exact permutation p"
perle,FA50,bounce,D_obj,behavior,x,False,published_input_causal_train_only;raw_preprocessing_fail,100,1000,fail,matched_RMSE,1000,1.0983774715209544,0.028609244092725673,1.0989980608161454,1.0462861164811574,1.1533785454349015,95,100,,,"empirical paired comparison, changing support; not exact permutation p"
perle,FA50,bounce,D_obj,behavior,x,False,published_input_causal_train_only;raw_preprocessing_fail,100,1000,fail,null_RMSE,1000,2.0620987437525535,0.05610306467629167,2.0604172293555258,1.9605555021344547,2.1745780449709464,95,100,,,"empirical paired comparison, changing support; not exact permutation p"
perle,FA50,bounce,D_obj,behavior,x,False,published_input_causal_train_only;raw_preprocessing_fail,100,1000,fail,paired_RMSE,1000,0.96372127223159898,0.062773442911462876,0.96073136871108722,0.84553753319442515,1.0907265390190193,95,100,0,0,"empirical paired comparison, changing support; not exact permutation p"
perle,FA50,bounce,D_obj,behavior,x,False,published_input_causal_train_only;raw_preprocessing_fail,100,1000,fail,matched_bias,1000,0.079492263182590367,0.03995506707880854,0.077258994748953869,0.0064989826721347649,0.16080215904673698,95,100,,,"empirical paired comparison, changing support; not exact permutation p"
perle,FA50,bounce,D_obj,behavior,x,False,published_input_causal_train_only;raw_preprocessing_fail,100,1000,fail,null_bias,1000,0.08184174299488628,0.086725628905331836,0.080891471372609464,-0.086303142281288908,0.25588985662034652,95,100,,,"empirical paired comparison, changing support; not exact permutation p"
perle,FA50,bounce,D_obj,behavior,x,False,published_input_causal_train_only;raw_preprocessing_fail,100,1000,fail,matched_amplitude_ratio,1000,0.9360554672155279,0.0085671327474512206,0.93610112233924148,0.91890780976660125,0.95233411826905112,95,100,,,"empirical paired comparison, changing support; not exact permutation p"
perle,FA50,bounce,D_obj,behavior,x,False,published_input_causal_train_only;raw_preprocessing_fail,100,1000,fail,null_amplitude_ratio,1000,0.94322219685297093,0.015272159433828796,0.94278199173822019,0.91488638949716483,0.97427162598584571,95,100,,,"empirical paired comparison, changing support; not exact permutation p"
perle,FA50,bounce,D_obj,behavior,y,False,published_input_causal_train_only;raw_preprocessing_fail,100,1000,fail,matched_r,1000,0.74468330180560993,0.014926158108023752,0.74527001895400691,0.71495191750981391,0.77246705693302331,95,100,,,"empirical paired comparison, changing support; not exact permutation p"
perle,FA50,bounce,D_obj,behavior,y,False,published_input_causal_train_only;raw_preprocessing_fail,100,1000,fail,null_r,1000,0.005807832435395943,0.041142513462048051,0.0050438322003908027,-0.07563203670762414,0.087806811542934765,95,100,,,"empirical paired comparison, changing support; not exact permutation p"
perle,FA50,bounce,D_obj,behavior,y,False,published_input_causal_train_only;raw_preprocessing_fail,100,1000,fail,paired_r,1000,0.73887546937021409,0.044297932230837098,0.73810367841822244,0.64980029798356931,0.82944132246826074,95,100,0,0,"empirical paired comparison, changing support; not exact permutation p"
perle,FA50,bounce,D_obj,behavior,y,False,published_input_causal_train_only;raw_preprocessing_fail,100,1000,fail,matched_RMSE,1000,5.1294976554288381,0.063542965978436172,5.1283253090166259,5.0028444976851452,5.2571541343258925,95,100,,,"empirical paired comparison, changing support; not exact permutation p"
perle,FA50,bounce,D_obj,behavior,y,False,published_input_causal_train_only;raw_preprocessing_fail,100,1000,fail,null_RMSE,1000,7.6536234265870089,0.14191330795411028,7.6567875743514255,7.3725402247931244,7.934012973361976,95,100,,,"empirical paired comparison, changing support; not exact permutation p"
perle,FA50,bounce,D_obj,behavior,y,False,published_input_causal_train_only;raw_preprocessing_fail,100,1000,fail,paired_RMSE,1000,2.5241257711581713,0.16120610125019733,2.5212711244686394,2.2137102211816,2.8351333465888442,95,100,0,0,"empirical paired comparison, changing support; not exact permutation p"
perle,FA50,bounce,D_obj,behavior,y,False,published_input_causal_train_only;raw_preprocessing_fail,100,1000,fail,matched_bias,1000,-0.52232141806844534,0.2208856344830471,-0.50733828894795607,-0.95581998470046214,-0.091488150194720244,95,100,,,"empirical paired comparison, changing support; not exact permutation p"
perle,FA50,bounce,D_obj,behavior,y,False,published_input_causal_train_only;raw_preprocessing_fail,100,1000,fail,null_bias,1000,-0.51899121063602205,0.34777166893761563,-0.53889647345839631,-1.1861857194304362,0.16994957247028655,95,100,,,"empirical paired comparison, changing support; not exact permutation p"
perle,FA50,bounce,D_obj,behavior,y,False,published_input_causal_train_only;raw_preprocessing_fail,100,1000,fail,matched_amplitude_ratio,1000,0.51563192680569325,0.025852692523412355,0.51408456009106729,0.47073025257056672,0.56864552602412932,95,100,,,"empirical paired comparison, changing support; not exact permutation p"
perle,FA50,bounce,D_obj,behavior,y,False,published_input_causal_train_only;raw_preprocessing_fail,100,1000,fail,null_amplitude_ratio,1000,0.54289701327377138,0.035002403410593304,0.54207115907274606,0.47870613173965859,0.61327320572284005,95,100,,,"empirical paired comparison, changing support; not exact permutation p"
perle,FA50,bounce,D_beh,objective,x,False,published_input_causal_train_only;raw_preprocessing_fail,100,1000,fail,matched_r,1000,0.95933029939231418,0.0019149256592652622,0.95930768228253949,0.95527617245592877,0.96286663762403424,95,100,,,"empirical paired comparison, changing support; not exact permutation p"
perle,FA50,bounce,D_beh,objective,x,False,published_input_causal_train_only;raw_preprocessing_fail,100,1000,fail,null_r,1000,0.83945039956352008,0.0096055549961936906,0.83943599304472771,0.82014256960221221,0.85713149953829826,95,100,,,"empirical paired comparison, changing support; not exact permutation p"
perle,FA50,bounce,D_beh,objective,x,False,published_input_causal_train_only;raw_preprocessing_fail,100,1000,fail,paired_r,1000,0.11987989982879403,0.0094744901380513884,0.11984495406344237,0.10210334704135486,0.13881651481276347,95,100,0,0,"empirical paired comparison, changing support; not exact permutation p"
perle,FA50,bounce,D_beh,objective,x,False,published_input_causal_train_only;raw_preprocessing_fail,100,1000,fail,matched_RMSE,1000,1.0983774715209544,0.028609244092725673,1.0989980608161454,1.0462861164811574,1.1533785454349015,95,100,,,"empirical paired comparison, changing support; not exact permutation p"
perle,FA50,bounce,D_beh,objective,x,False,published_input_causal_train_only;raw_preprocessing_fail,100,1000,fail,null_RMSE,1000,2.0620987437525535,0.05610306467629167,2.0604172293555258,1.9605555021344547,2.1745780449709464,95,100,,,"empirical paired comparison, changing support; not exact permutation p"
perle,FA50,bounce,D_beh,objective,x,False,published_input_causal_train_only;raw_preprocessing_fail,100,1000,fail,paired_RMSE,1000,0.96372127223159898,0.062773442911462876,0.96073136871108722,0.84553753319442515,1.0907265390190193,95,100,0,0,"empirical paired comparison, changing support; not exact permutation p"
perle,FA50,bounce,D_beh,objective,x,False,published_input_causal_train_only;raw_preprocessing_fail,100,1000,fail,matched_bias,1000,0.079492263182590367,0.03995506707880854,0.077258994748953869,0.0064989826721347649,0.16080215904673698,95,100,,,"empirical paired comparison, changing support; not exact permutation p"
perle,FA50,bounce,D_beh,objective,x,False,published_input_causal_train_only;raw_preprocessing_fail,100,1000,fail,null_bias,1000,0.08184174299488628,0.086725628905331836,0.080891471372609464,-0.086303142281288908,0.25588985662034652,95,100,,,"empirical paired comparison, changing support; not exact permutation p"
perle,FA50,bounce,D_beh,objective,x,False,published_input_causal_train_only;raw_preprocessing_fail,100,1000,fail,matched_amplitude_ratio,1000,0.9360554672155279,0.0085671327474512206,0.93610112233924148,0.91890780976660125,0.95233411826905112,95,100,,,"empirical paired comparison, changing support; not exact permutation p"
perle,FA50,bounce,D_beh,objective,x,False,published_input_causal_train_only;raw_preprocessing_fail,100,1000,fail,null_amplitude_ratio,1000,0.94322219685297093,0.015272159433828796,0.94278199173822019,0.91488638949716483,0.97427162598584571,95,100,,,"empirical paired comparison, changing support; not exact permutation p"
perle,FA50,bounce,D_beh,objective,y,False,published_input_causal_train_only;raw_preprocessing_fail,100,1000,fail,matched_r,1000,0.73763780005707735,0.015306640699193673,0.73845862961980457,0.70727181563559172,0.76650195013513733,95,100,,,"empirical paired comparison, changing support; not exact permutation p"
perle,FA50,bounce,D_beh,objective,y,False,published_input_causal_train_only;raw_preprocessing_fail,100,1000,fail,null_r,1000,0.0045398959535618323,0.041151026307963343,0.0049858154404136996,-0.076382946097026588,0.087026803425143753,95,100,,,"empirical paired comparison, changing support; not exact permutation p"
perle,FA50,bounce,D_beh,objective,y,False,published_input_causal_train_only;raw_preprocessing_fail,100,1000,fail,paired_r,1000,0.7330979041035155,0.044544344955346933,0.73223327156885154,0.64395198616978799,0.82181561832654226,95,100,0,0,"empirical paired comparison, changing support; not exact permutation p"
perle,FA50,bounce,D_beh,objective,y,False,published_input_causal_train_only;raw_preprocessing_fail,100,1000,fail,matched_RMSE,1000,5.113934132958323,0.063400336567132801,5.11206752293426,4.985934922861091,5.2432255844868054,95,100,,,"empirical paired comparison, changing support; not exact permutation p"
perle,FA50,bounce,D_beh,objective,y,False,published_input_causal_train_only;raw_preprocessing_fail,100,1000,fail,null_RMSE,1000,7.5947945626298203,0.14016182506465577,7.5987393586140675,7.3156786098149622,7.8687412058228343,95,100,,,"empirical paired comparison, changing support; not exact permutation p"
perle,FA50,bounce,D_beh,objective,y,False,published_input_causal_train_only;raw_preprocessing_fail,100,1000,fail,paired_RMSE,1000,2.4808604296714969,0.15957693757616392,2.4777389405842003,2.1785717860058056,2.7928549834705705,95,100,0,0,"empirical paired comparison, changing support; not exact permutation p"
perle,FA50,bounce,D_beh,objective,y,False,published_input_causal_train_only;raw_preprocessing_fail,100,1000,fail,matched_bias,1000,-0.37494669036458761,0.21993460043313001,-0.36462054260833016,-0.79961760632569812,0.062999960769532251,95,100,,,"empirical paired comparison, changing support; not exact permutation p"
perle,FA50,bounce,D_beh,objective,y,False,published_input_causal_train_only;raw_preprocessing_fail,100,1000,fail,null_bias,1000,-0.37157593717580684,0.34478661962178309,-0.39410107979493281,-1.0435677702737618,0.29588858524162948,95,100,,,"empirical paired comparison, changing support; not exact permutation p"
perle,FA50,bounce,D_beh,objective,y,False,published_input_causal_train_only;raw_preprocessing_fail,100,1000,fail,matched_amplitude_ratio,1000,0.51045687766079073,0.024672920825189355,0.50918117157854503,0.46746654472480187,0.56000011467749966,95,100,,,"empirical paired comparison, changing support; not exact permutation p"
perle,FA50,bounce,D_beh,objective,y,False,published_input_causal_train_only;raw_preprocessing_fail,100,1000,fail,null_amplitude_ratio,1000,0.53722197740682442,0.033744865639162215,0.53605976588864512,0.47535312310224886,0.60997008912138206,95,100,,,"empirical paired comparison, changing support; not exact permutation p"
perle,FA50,bounce,D_beh,behavior,x,True,published_input_causal_train_only;raw_preprocessing_fail,100,1000,fail,matched_r,1000,0.95933029939231418,0.0019149256592652622,0.95930768228253949,0.95527617245592877,0.96286663762403424,95,100,,,"empirical paired comparison, changing support; not exact permutation p"
perle,FA50,bounce,D_beh,behavior,x,True,published_input_causal_train_only;raw_preprocessing_fail,100,1000,fail,null_r,1000,0.83945039956352008,0.0096055549961936906,0.83943599304472771,0.82014256960221221,0.85713149953829826,95,100,,,"empirical paired comparison, changing support; not exact permutation p"
perle,FA50,bounce,D_beh,behavior,x,True,published_input_causal_train_only;raw_preprocessing_fail,100,1000,fail,paired_r,1000,0.11987989982879403,0.0094744901380513884,0.11984495406344237,0.10210334704135486,0.13881651481276347,95,100,0,0,"empirical paired comparison, changing support; not exact permutation p"
perle,FA50,bounce,D_beh,behavior,x,True,published_input_causal_train_only;raw_preprocessing_fail,100,1000,fail,matched_RMSE,1000,1.0983774715209544,0.028609244092725673,1.0989980608161454,1.0462861164811574,1.1533785454349015,95,100,,,"empirical paired comparison, changing support; not exact permutation p"
perle,FA50,bounce,D_beh,behavior,x,True,published_input_causal_train_only;raw_preprocessing_fail,100,1000,fail,null_RMSE,1000,2.0620987437525535,0.05610306467629167,2.0604172293555258,1.9605555021344547,2.1745780449709464,95,100,,,"empirical paired comparison, changing support; not exact permutation p"
perle,FA50,bounce,D_beh,behavior,x,True,published_input_causal_train_only;raw_preprocessing_fail,100,1000,fail,paired_RMSE,1000,0.96372127223159898,0.062773442911462876,0.96073136871108722,0.84553753319442515,1.0907265390190193,95,100,0,0,"empirical paired comparison, changing support; not exact permutation p"
perle,FA50,bounce,D_beh,behavior,x,True,published_input_causal_train_only;raw_preprocessing_fail,100,1000,fail,matched_bias,1000,0.079492263182590367,0.03995506707880854,0.077258994748953869,0.0064989826721347649,0.16080215904673698,95,100,,,"empirical paired comparison, changing support; not exact permutation p"
perle,FA50,bounce,D_beh,behavior,x,True,published_input_causal_train_only;raw_preprocessing_fail,100,1000,fail,null_bias,1000,0.08184174299488628,0.086725628905331836,0.080891471372609464,-0.086303142281288908,0.25588985662034652,95,100,,,"empirical paired comparison, changing support; not exact permutation p"
perle,FA50,bounce,D_beh,behavior,x,True,published_input_causal_train_only;raw_preprocessing_fail,100,1000,fail,matched_amplitude_ratio,1000,0.9360554672155279,0.0085671327474512206,0.93610112233924148,0.91890780976660125,0.95233411826905112,95,100,,,"empirical paired comparison, changing support; not exact permutation p"
perle,FA50,bounce,D_beh,behavior,x,True,published_input_causal_train_only;raw_preprocessing_fail,100,1000,fail,null_amplitude_ratio,1000,0.94322219685297093,0.015272159433828796,0.94278199173822019,0.91488638949716483,0.97427162598584571,95,100,,,"empirical paired comparison, changing support; not exact permutation p"
perle,FA50,bounce,D_beh,behavior,y,True,published_input_causal_train_only;raw_preprocessing_fail,100,1000,fail,matched_r,1000,0.73933395671597757,0.015045912651101851,0.73997506488332232,0.70941116278205074,0.76775635023973055,95,100,,,"empirical paired comparison, changing support; not exact permutation p"
perle,FA50,bounce,D_beh,behavior,y,True,published_input_causal_train_only;raw_preprocessing_fail,100,1000,fail,null_r,1000,0.0051303522977030778,0.040994717550725361,0.0049928062965247568,-0.076652463414178335,0.086548228335606783,95,100,,,"empirical paired comparison, changing support; not exact permutation p"
perle,FA50,bounce,D_beh,behavior,y,True,published_input_causal_train_only;raw_preprocessing_fail,100,1000,fail,paired_r,1000,0.73420360441827459,0.044239330791625828,0.73362413342637245,0.64572813651430139,0.82441415086375724,95,100,0,0,"empirical paired comparison, changing support; not exact permutation p"
perle,FA50,bounce,D_beh,behavior,y,True,published_input_causal_train_only;raw_preprocessing_fail,100,1000,fail,matched_RMSE,1000,5.1652271641713527,0.062783710044939448,5.1639061491413809,5.0394651451240149,5.2901733989635336,95,100,,,"empirical paired comparison, changing support; not exact permutation p"
perle,FA50,bounce,D_beh,behavior,y,True,published_input_causal_train_only;raw_preprocessing_fail,100,1000,fail,null_RMSE,1000,7.647149831608532,0.14018946886106065,7.6506673269114316,7.3701089507593798,7.9217460211956672,95,100,,,"empirical paired comparison, changing support; not exact permutation p"
perle,FA50,bounce,D_beh,behavior,y,True,published_input_causal_train_only;raw_preprocessing_fail,100,1000,fail,paired_RMSE,1000,2.4819226674371802,0.15913902870137839,2.4770845078468247,2.1754256336583842,2.7949955618779119,95,100,0,0,"empirical paired comparison, changing support; not exact permutation p"
perle,FA50,bounce,D_beh,behavior,y,True,published_input_causal_train_only;raw_preprocessing_fail,100,1000,fail,matched_bias,1000,-0.46269379866095189,0.22234271922970603,-0.44464220727836723,-0.89863407307093102,-0.030359346580792361,95,100,,,"empirical paired comparison, changing support; not exact permutation p"
perle,FA50,bounce,D_beh,behavior,y,True,published_input_causal_train_only;raw_preprocessing_fail,100,1000,fail,null_bias,1000,-0.45936359122852854,0.34744158394329949,-0.48115293711330087,-1.1304935237943592,0.2297770023957047,95,100,,,"empirical paired comparison, changing support; not exact permutation p"
perle,FA50,bounce,D_beh,behavior,y,True,published_input_causal_train_only;raw_preprocessing_fail,100,1000,fail,matched_amplitude_ratio,1000,0.51172463968367476,0.026030044754266006,0.51050698185885501,0.4666749320706961,0.5653638775837988,95,100,,,"empirical paired comparison, changing support; not exact permutation p"
perle,FA50,bounce,D_beh,behavior,y,True,published_input_causal_train_only;raw_preprocessing_fail,100,1000,fail,null_amplitude_ratio,1000,0.53820849740900301,0.034800206894936715,0.53724636964682315,0.47357449757282094,0.60846626843596041,95,100,,,"empirical paired comparison, changing support; not exact permutation p"
perle,FA50,no_bounce,D_obj,objective,x,True,published_input_causal_train_only;raw_preprocessing_fail,100,1000,fail,matched_r,1000,0.95044291157592364,0.00070699660962662174,0.9504087784144104,0.94913308841869648,0.95183121962541017,100,100,,,"empirical paired comparison, changing support; not exact permutation p"
perle,FA50,no_bounce,D_obj,objective,x,True,published_input_causal_train_only;raw_preprocessing_fail,100,1000,fail,null_r,1000,0.72785261874493512,0.0057794112293785213,0.72768002782854313,0.71675147932058492,0.73878111729630824,100,100,,,"empirical paired comparison, changing support; not exact permutation p"
perle,FA50,no_bounce,D_obj,objective,x,True,published_input_causal_train_only;raw_preprocessing_fail,100,1000,fail,paired_r,1000,0.22259029283098847,0.0056922365184289923,0.22254890247823148,0.21178961063413704,0.23377702048110807,100,100,0,0,"empirical paired comparison, changing support; not exact permutation p"
perle,FA50,no_bounce,D_obj,objective,x,True,published_input_causal_train_only;raw_preprocessing_fail,100,1000,fail,matched_RMSE,1000,1.1067818648265388,0.0090597066778098558,1.1071669589735587,1.0888692103615465,1.1237265019399547,100,100,,,"empirical paired comparison, changing support; not exact permutation p"
perle,FA50,no_bounce,D_obj,objective,x,True,published_input_causal_train_only;raw_preprocessing_fail,100,1000,fail,null_RMSE,1000,2.4972189371767186,0.026834977451093121,2.4977789502316314,2.4464700752800055,2.548430633094497,100,100,,,"empirical paired comparison, changing support; not exact permutation p"
perle,FA50,no_bounce,D_obj,objective,x,True,published_input_causal_train_only;raw_preprocessing_fail,100,1000,fail,paired_RMSE,1000,1.3904370723501798,0.027144719915632217,1.390916624299654,1.3366465526703473,1.4431729722132103,100,100,0,0,"empirical paired comparison, changing support; not exact permutation p"
perle,FA50,no_bounce,D_obj,objective,x,True,published_input_causal_train_only;raw_preprocessing_fail,100,1000,fail,matched_bias,1000,0.035159342631965601,0.011828416836603356,0.035670090442090727,0.012760963814986823,0.057494277828747553,100,100,,,"empirical paired comparison, changing support; not exact permutation p"
perle,FA50,no_bounce,D_obj,objective,x,True,published_input_causal_train_only;raw_preprocessing_fail,100,1000,fail,null_bias,1000,0.035111765585852009,0.031843924489098195,0.036157147267405189,-0.029160175877424536,0.095950990911130754,100,100,,,"empirical paired comparison, changing support; not exact permutation p"
perle,FA50,no_bounce,D_obj,objective,x,True,published_input_causal_train_only;raw_preprocessing_fail,100,1000,fail,matched_amplitude_ratio,1000,0.94986277673775776,0.003214119345261798,0.94988351445937547,0.94379080318974662,0.95659561126605486,100,100,,,"empirical paired comparison, changing support; not exact permutation p"
perle,FA50,no_bounce,D_obj,objective,x,True,published_input_causal_train_only;raw_preprocessing_fail,100,1000,fail,null_amplitude_ratio,1000,0.9501644660117935,0.0040913353800331557,0.95012269364947699,0.94168844772965066,0.95743401033101694,100,100,,,"empirical paired comparison, changing support; not exact permutation p"
perle,FA50,no_bounce,D_obj,objective,y,True,published_input_causal_train_only;raw_preprocessing_fail,100,1000,fail,matched_r,1000,0.65183185163025559,0.0038184921234149694,0.6518793763527696,0.64430261459984717,0.65905844215000919,100,100,,,"empirical paired comparison, changing support; not exact permutation p"
perle,FA50,no_bounce,D_obj,objective,y,True,published_input_causal_train_only;raw_preprocessing_fail,100,1000,fail,null_r,1000,0.0070982858937093706,0.014662406996189073,0.0075038419688951176,-0.023681182113582947,0.034376726372827605,100,100,,,"empirical paired comparison, changing support; not exact permutation p"
perle,FA50,no_bounce,D_obj,objective,y,True,published_input_causal_train_only;raw_preprocessing_fail,100,1000,fail,paired_r,1000,0.64473356573654628,0.015172896119322961,0.64496312331187844,0.61486527745812358,0.67597882449157509,100,100,0,0,"empirical paired comparison, changing support; not exact permutation p"
perle,FA50,no_bounce,D_obj,objective,y,True,published_input_causal_train_only;raw_preprocessing_fail,100,1000,fail,matched_RMSE,1000,2.89323268244231,0.015924793804331781,2.893765442914952,2.8614891922944721,2.9243541662782837,100,100,,,"empirical paired comparison, changing support; not exact permutation p"
perle,FA50,no_bounce,D_obj,objective,y,True,published_input_causal_train_only;raw_preprocessing_fail,100,1000,fail,null_RMSE,1000,4.5673731213158737,0.035759476632421197,4.5668817676283666,4.499399829893183,4.6382336498164705,100,100,,,"empirical paired comparison, changing support; not exact permutation p"
perle,FA50,no_bounce,D_obj,objective,y,True,published_input_causal_train_only;raw_preprocessing_fail,100,1000,fail,paired_RMSE,1000,1.6741404388735643,0.039579844862615295,1.6751567231704281,1.5961707535819019,1.7505519273917811,100,100,0,0,"empirical paired comparison, changing support; not exact permutation p"
perle,FA50,no_bounce,D_obj,objective,y,True,published_input_causal_train_only;raw_preprocessing_fail,100,1000,fail,matched_bias,1000,0.18998506980763774,0.030538046561484622,0.1903870183290351,0.12863466198505846,0.24677633083083525,100,100,,,"empirical paired comparison, changing support; not exact permutation p"
perle,FA50,no_bounce,D_obj,objective,y,True,published_input_causal_train_only;raw_preprocessing_fail,100,1000,fail,null_bias,1000,0.18724552129390784,0.04979784890800449,0.18996893551473848,0.088618854893030008,0.28362907514361069,100,100,,,"empirical paired comparison, changing support; not exact permutation p"
perle,FA50,no_bounce,D_obj,objective,y,True,published_input_causal_train_only;raw_preprocessing_fail,100,1000,fail,matched_amplitude_ratio,1000,0.69429539345339797,0.0039914274603569996,0.69431147222971201,0.68675467131683965,0.70218969107077944,100,100,,,"empirical paired comparison, changing support; not exact permutation p"
perle,FA50,no_bounce,D_obj,objective,y,True,published_input_causal_train_only;raw_preprocessing_fail,100,1000,fail,null_amplitude_ratio,1000,0.69469177073519561,0.004907431150887767,0.69475555635594888,0.68467386003148822,0.70439872666022518,100,100,,,"empirical paired comparison, changing support; not exact permutation p"
perle,FA50,no_bounce,D_obj,behavior,x,False,published_input_causal_train_only;raw_preprocessing_fail,100,1000,fail,matched_r,1000,0.95044291157592364,0.00070699660962662174,0.9504087784144104,0.94913308841869648,0.95183121962541017,100,100,,,"empirical paired comparison, changing support; not exact permutation p"
perle,FA50,no_bounce,D_obj,behavior,x,False,published_input_causal_train_only;raw_preprocessing_fail,100,1000,fail,null_r,1000,0.72785261874493512,0.0057794112293785213,0.72768002782854313,0.71675147932058492,0.73878111729630824,100,100,,,"empirical paired comparison, changing support; not exact permutation p"
perle,FA50,no_bounce,D_obj,behavior,x,False,published_input_causal_train_only;raw_preprocessing_fail,100,1000,fail,paired_r,1000,0.22259029283098847,0.0056922365184289923,0.22254890247823148,0.21178961063413704,0.23377702048110807,100,100,0,0,"empirical paired comparison, changing support; not exact permutation p"
perle,FA50,no_bounce,D_obj,behavior,x,False,published_input_causal_train_only;raw_preprocessing_fail,100,1000,fail,matched_RMSE,1000,1.1067818648265388,0.0090597066778098558,1.1071669589735587,1.0888692103615465,1.1237265019399547,100,100,,,"empirical paired comparison, changing support; not exact permutation p"
perle,FA50,no_bounce,D_obj,behavior,x,False,published_input_causal_train_only;raw_preprocessing_fail,100,1000,fail,null_RMSE,1000,2.4972189371767186,0.026834977451093121,2.4977789502316314,2.4464700752800055,2.548430633094497,100,100,,,"empirical paired comparison, changing support; not exact permutation p"
perle,FA50,no_bounce,D_obj,behavior,x,False,published_input_causal_train_only;raw_preprocessing_fail,100,1000,fail,paired_RMSE,1000,1.3904370723501798,0.027144719915632217,1.390916624299654,1.3366465526703473,1.4431729722132103,100,100,0,0,"empirical paired comparison, changing support; not exact permutation p"
perle,FA50,no_bounce,D_obj,behavior,x,False,published_input_causal_train_only;raw_preprocessing_fail,100,1000,fail,matched_bias,1000,0.035159342631965601,0.011828416836603356,0.035670090442090727,0.012760963814986823,0.057494277828747553,100,100,,,"empirical paired comparison, changing support; not exact permutation p"
perle,FA50,no_bounce,D_obj,behavior,x,False,published_input_causal_train_only;raw_preprocessing_fail,100,1000,fail,null_bias,1000,0.035111765585852009,0.031843924489098195,0.036157147267405189,-0.029160175877424536,0.095950990911130754,100,100,,,"empirical paired comparison, changing support; not exact permutation p"
perle,FA50,no_bounce,D_obj,behavior,x,False,published_input_causal_train_only;raw_preprocessing_fail,100,1000,fail,matched_amplitude_ratio,1000,0.94986277673775776,0.003214119345261798,0.94988351445937547,0.94379080318974662,0.95659561126605486,100,100,,,"empirical paired comparison, changing support; not exact permutation p"
perle,FA50,no_bounce,D_obj,behavior,x,False,published_input_causal_train_only;raw_preprocessing_fail,100,1000,fail,null_amplitude_ratio,1000,0.9501644660117935,0.0040913353800331557,0.95012269364947699,0.94168844772965066,0.95743401033101694,100,100,,,"empirical paired comparison, changing support; not exact permutation p"
perle,FA50,no_bounce,D_obj,behavior,y,False,published_input_causal_train_only;raw_preprocessing_fail,100,1000,fail,matched_r,1000,0.6448774719003878,0.0039098644588805897,0.64488305473763863,0.63724910507803123,0.65228700087485392,100,100,,,"empirical paired comparison, changing support; not exact permutation p"
perle,FA50,no_bounce,D_obj,behavior,y,False,published_input_causal_train_only;raw_preprocessing_fail,100,1000,fail,null_r,1000,0.0076504000721470842,0.014632390928493487,0.0076741251489067172,-0.022282408831384822,0.035259474426542189,100,100,,,"empirical paired comparison, changing support; not exact permutation p"
perle,FA50,no_bounce,D_obj,behavior,y,False,published_input_causal_train_only;raw_preprocessing_fail,100,1000,fail,paired_r,1000,0.63722707182824068,0.015153843231499802,0.63732576920039363,0.60741798455848861,0.66663268563803735,100,100,0,0,"empirical paired comparison, changing support; not exact permutation p"
perle,FA50,no_bounce,D_obj,behavior,y,False,published_input_causal_train_only;raw_preprocessing_fail,100,1000,fail,matched_RMSE,1000,2.8255015127046259,0.016250168917327772,2.8260142718398775,2.7936362269431143,2.8571510061741452,100,100,,,"empirical paired comparison, changing support; not exact permutation p"
perle,FA50,no_bounce,D_obj,behavior,y,False,published_input_causal_train_only;raw_preprocessing_fail,100,1000,fail,null_RMSE,1000,4.4633687443422021,0.034514278609987674,4.4633412776308656,4.3994673515035112,4.5311803967097788,100,100,,,"empirical paired comparison, changing support; not exact permutation p"
perle,FA50,no_bounce,D_obj,behavior,y,False,published_input_causal_train_only;raw_preprocessing_fail,100,1000,fail,paired_RMSE,1000,1.6378672316375769,0.038700804650824587,1.6386734069254949,1.5610929354205716,1.7140713414101296,100,100,0,0,"empirical paired comparison, changing support; not exact permutation p"
perle,FA50,no_bounce,D_obj,behavior,y,False,published_input_causal_train_only;raw_preprocessing_fail,100,1000,fail,matched_bias,1000,0.11977307131406874,0.029867020255184836,0.12004757153608613,0.059854751718189617,0.17564736645373474,100,100,,,"empirical paired comparison, changing support; not exact permutation p"
perle,FA50,no_bounce,D_obj,behavior,y,False,published_input_causal_train_only;raw_preprocessing_fail,100,1000,fail,null_bias,1000,0.11684524869349185,0.048584724758129583,0.11995554296053626,0.01996413935737747,0.21029413488263538,100,100,,,"empirical paired comparison, changing support; not exact permutation p"
perle,FA50,no_bounce,D_obj,behavior,y,False,published_input_causal_train_only;raw_preprocessing_fail,100,1000,fail,matched_amplitude_ratio,1000,0.71776128548117724,0.0040983719084881293,0.71779139436993999,0.70999192800702438,0.72627354568363589,100,100,,,"empirical paired comparison, changing support; not exact permutation p"
perle,FA50,no_bounce,D_obj,behavior,y,False,published_input_causal_train_only;raw_preprocessing_fail,100,1000,fail,null_amplitude_ratio,1000,0.71810794507126996,0.0049514883299196658,0.71814450385611961,0.70808634261229109,0.7280348983423981,100,100,,,"empirical paired comparison, changing support; not exact permutation p"
perle,FA50,no_bounce,D_beh,objective,x,False,published_input_causal_train_only;raw_preprocessing_fail,100,1000,fail,matched_r,1000,0.95044291157592364,0.00070699660962662174,0.9504087784144104,0.94913308841869648,0.95183121962541017,100,100,,,"empirical paired comparison, changing support; not exact permutation p"
perle,FA50,no_bounce,D_beh,objective,x,False,published_input_causal_train_only;raw_preprocessing_fail,100,1000,fail,null_r,1000,0.72785261874493512,0.0057794112293785213,0.72768002782854313,0.71675147932058492,0.73878111729630824,100,100,,,"empirical paired comparison, changing support; not exact permutation p"
perle,FA50,no_bounce,D_beh,objective,x,False,published_input_causal_train_only;raw_preprocessing_fail,100,1000,fail,paired_r,1000,0.22259029283098847,0.0056922365184289923,0.22254890247823148,0.21178961063413704,0.23377702048110807,100,100,0,0,"empirical paired comparison, changing support; not exact permutation p"
perle,FA50,no_bounce,D_beh,objective,x,False,published_input_causal_train_only;raw_preprocessing_fail,100,1000,fail,matched_RMSE,1000,1.1067818648265388,0.0090597066778098558,1.1071669589735587,1.0888692103615465,1.1237265019399547,100,100,,,"empirical paired comparison, changing support; not exact permutation p"
perle,FA50,no_bounce,D_beh,objective,x,False,published_input_causal_train_only;raw_preprocessing_fail,100,1000,fail,null_RMSE,1000,2.4972189371767186,0.026834977451093121,2.4977789502316314,2.4464700752800055,2.548430633094497,100,100,,,"empirical paired comparison, changing support; not exact permutation p"
perle,FA50,no_bounce,D_beh,objective,x,False,published_input_causal_train_only;raw_preprocessing_fail,100,1000,fail,paired_RMSE,1000,1.3904370723501798,0.027144719915632217,1.390916624299654,1.3366465526703473,1.4431729722132103,100,100,0,0,"empirical paired comparison, changing support; not exact permutation p"
perle,FA50,no_bounce,D_beh,objective,x,False,published_input_causal_train_only;raw_preprocessing_fail,100,1000,fail,matched_bias,1000,0.035159342631965601,0.011828416836603356,0.035670090442090727,0.012760963814986823,0.057494277828747553,100,100,,,"empirical paired comparison, changing support; not exact permutation p"
perle,FA50,no_bounce,D_beh,objective,x,False,published_input_causal_train_only;raw_preprocessing_fail,100,1000,fail,null_bias,1000,0.035111765585852009,0.031843924489098195,0.036157147267405189,-0.029160175877424536,0.095950990911130754,100,100,,,"empirical paired comparison, changing support; not exact permutation p"
perle,FA50,no_bounce,D_beh,objective,x,False,published_input_causal_train_only;raw_preprocessing_fail,100,1000,fail,matched_amplitude_ratio,1000,0.94986277673775776,0.003214119345261798,0.94988351445937547,0.94379080318974662,0.95659561126605486,100,100,,,"empirical paired comparison, changing support; not exact permutation p"
perle,FA50,no_bounce,D_beh,objective,x,False,published_input_causal_train_only;raw_preprocessing_fail,100,1000,fail,null_amplitude_ratio,1000,0.9501644660117935,0.0040913353800331557,0.95012269364947699,0.94168844772965066,0.95743401033101694,100,100,,,"empirical paired comparison, changing support; not exact permutation p"
perle,FA50,no_bounce,D_beh,objective,y,False,published_input_causal_train_only;raw_preprocessing_fail,100,1000,fail,matched_r,1000,0.64888614141469181,0.0038131891975225142,0.64893845390871974,0.64119729493282818,0.65629897461785758,100,100,,,"empirical paired comparison, changing support; not exact permutation p"
perle,FA50,no_bounce,D_beh,objective,y,False,published_input_causal_train_only;raw_preprocessing_fail,100,1000,fail,null_r,1000,0.0079565424634952201,0.014650946689370793,0.0084411965869651065,-0.022733025933100965,0.03572028121832007,100,100,,,"empirical paired comparison, changing support; not exact permutation p"
perle,FA50,no_bounce,D_beh,objective,y,False,published_input_causal_train_only;raw_preprocessing_fail,100,1000,fail,paired_r,1000,0.64092959895119661,0.015179788039024601,0.64102467231366445,0.61099919964955918,0.67221418829725132,100,100,0,0,"empirical paired comparison, changing support; not exact permutation p"
perle,FA50,no_bounce,D_beh,objective,y,False,published_input_causal_train_only;raw_preprocessing_fail,100,1000,fail,matched_RMSE,1000,2.9065099316069736,0.015647054091543398,2.9071587099067542,2.8758831578819173,2.9366882789467308,100,100,,,"empirical paired comparison, changing support; not exact permutation p"
perle,FA50,no_bounce,D_beh,objective,y,False,published_input_causal_train_only;raw_preprocessing_fail,100,1000,fail,null_RMSE,1000,4.5535659508219561,0.035581321398186094,4.5535191782604425,4.4864072558482517,4.623284395882254,100,100,,,"empirical paired comparison, changing support; not exact permutation p"
perle,FA50,no_bounce,D_beh,objective,y,False,published_input_causal_train_only;raw_preprocessing_fail,100,1000,fail,paired_RMSE,1000,1.6470560192149823,0.039282760687222723,1.6488948157285988,1.5693307706431008,1.7246045129405263,100,100,0,0,"empirical paired comparison, changing support; not exact permutation p"
perle,FA50,no_bounce,D_beh,objective,y,False,published_input_causal_train_only;raw_preprocessing_fail,100,1000,fail,matched_bias,1000,0.25944244250709914,0.030561200054665567,0.25952267696854175,0.19769257746534089,0.31733165050807438,100,100,,,"empirical paired comparison, changing support; not exact permutation p"
perle,FA50,no_bounce,D_beh,objective,y,False,published_input_causal_train_only;raw_preprocessing_fail,100,1000,fail,null_bias,1000,0.25670289399336932,0.04971144738438564,0.25901934256370884,0.15703163659669447,0.35206280351952229,100,100,,,"empirical paired comparison, changing support; not exact permutation p"
perle,FA50,no_bounce,D_beh,objective,y,False,published_input_causal_train_only;raw_preprocessing_fail,100,1000,fail,matched_amplitude_ratio,1000,0.68671174387800349,0.0039279274635476598,0.68680900361911557,0.67930351882309847,0.69453707492242756,100,100,,,"empirical paired comparison, changing support; not exact permutation p"
perle,FA50,no_bounce,D_beh,objective,y,False,published_input_causal_train_only;raw_preprocessing_fail,100,1000,fail,null_amplitude_ratio,1000,0.68711821872658274,0.0048301146205812729,0.68716517182934256,0.67741539264291972,0.69667704913236705,100,100,,,"empirical paired comparison, changing support; not exact permutation p"
perle,FA50,no_bounce,D_beh,behavior,x,True,published_input_causal_train_only;raw_preprocessing_fail,100,1000,fail,matched_r,1000,0.95044291157592364,0.00070699660962662174,0.9504087784144104,0.94913308841869648,0.95183121962541017,100,100,,,"empirical paired comparison, changing support; not exact permutation p"
perle,FA50,no_bounce,D_beh,behavior,x,True,published_input_causal_train_only;raw_preprocessing_fail,100,1000,fail,null_r,1000,0.72785261874493512,0.0057794112293785213,0.72768002782854313,0.71675147932058492,0.73878111729630824,100,100,,,"empirical paired comparison, changing support; not exact permutation p"
perle,FA50,no_bounce,D_beh,behavior,x,True,published_input_causal_train_only;raw_preprocessing_fail,100,1000,fail,paired_r,1000,0.22259029283098847,0.0056922365184289923,0.22254890247823148,0.21178961063413704,0.23377702048110807,100,100,0,0,"empirical paired comparison, changing support; not exact permutation p"
perle,FA50,no_bounce,D_beh,behavior,x,True,published_input_causal_train_only;raw_preprocessing_fail,100,1000,fail,matched_RMSE,1000,1.1067818648265388,0.0090597066778098558,1.1071669589735587,1.0888692103615465,1.1237265019399547,100,100,,,"empirical paired comparison, changing support; not exact permutation p"
perle,FA50,no_bounce,D_beh,behavior,x,True,published_input_causal_train_only;raw_preprocessing_fail,100,1000,fail,null_RMSE,1000,2.4972189371767186,0.026834977451093121,2.4977789502316314,2.4464700752800055,2.548430633094497,100,100,,,"empirical paired comparison, changing support; not exact permutation p"
perle,FA50,no_bounce,D_beh,behavior,x,True,published_input_causal_train_only;raw_preprocessing_fail,100,1000,fail,paired_RMSE,1000,1.3904370723501798,0.027144719915632217,1.390916624299654,1.3366465526703473,1.4431729722132103,100,100,0,0,"empirical paired comparison, changing support; not exact permutation p"
perle,FA50,no_bounce,D_beh,behavior,x,True,published_input_causal_train_only;raw_preprocessing_fail,100,1000,fail,matched_bias,1000,0.035159342631965601,0.011828416836603356,0.035670090442090727,0.012760963814986823,0.057494277828747553,100,100,,,"empirical paired comparison, changing support; not exact permutation p"
perle,FA50,no_bounce,D_beh,behavior,x,True,published_input_causal_train_only;raw_preprocessing_fail,100,1000,fail,null_bias,1000,0.035111765585852009,0.031843924489098195,0.036157147267405189,-0.029160175877424536,0.095950990911130754,100,100,,,"empirical paired comparison, changing support; not exact permutation p"
perle,FA50,no_bounce,D_beh,behavior,x,True,published_input_causal_train_only;raw_preprocessing_fail,100,1000,fail,matched_amplitude_ratio,1000,0.94986277673775776,0.003214119345261798,0.94988351445937547,0.94379080318974662,0.95659561126605486,100,100,,,"empirical paired comparison, changing support; not exact permutation p"
perle,FA50,no_bounce,D_beh,behavior,x,True,published_input_causal_train_only;raw_preprocessing_fail,100,1000,fail,null_amplitude_ratio,1000,0.9501644660117935,0.0040913353800331557,0.95012269364947699,0.94168844772965066,0.95743401033101694,100,100,,,"empirical paired comparison, changing support; not exact permutation p"
perle,FA50,no_bounce,D_beh,behavior,y,True,published_input_causal_train_only;raw_preprocessing_fail,100,1000,fail,matched_r,1000,0.64349008421026765,0.0038749573671676405,0.64354251518955596,0.6359758559877926,0.65090334370572556,100,100,,,"empirical paired comparison, changing support; not exact permutation p"
perle,FA50,no_bounce,D_beh,behavior,y,True,published_input_causal_train_only;raw_preprocessing_fail,100,1000,fail,null_r,1000,0.0086931539451538756,0.014641651303897949,0.008836546449961586,-0.020922934865646781,0.036219482225575216,100,100,,,"empirical paired comparison, changing support; not exact permutation p"
perle,FA50,no_bounce,D_beh,behavior,y,True,published_input_causal_train_only;raw_preprocessing_fail,100,1000,fail,paired_r,1000,0.63479693026511386,0.015170715592790396,0.63481745482904972,0.60486545364493804,0.6648806999313579,100,100,0,0,"empirical paired comparison, changing support; not exact permutation p"
perle,FA50,no_bounce,D_beh,behavior,y,True,published_input_causal_train_only;raw_preprocessing_fail,100,1000,fail,matched_RMSE,1000,2.8313621800194095,0.015846665246725247,2.8318033351198522,2.7994802832929966,2.8625458318780828,100,100,,,"empirical paired comparison, changing support; not exact permutation p"
perle,FA50,no_bounce,D_beh,behavior,y,True,published_input_causal_train_only;raw_preprocessing_fail,100,1000,fail,null_RMSE,1000,4.4479822416320332,0.034378330023361006,4.4479560358748644,4.3844812563670619,4.515673429917122,100,100,,,"empirical paired comparison, changing support; not exact permutation p"
perle,FA50,no_bounce,D_beh,behavior,y,True,published_input_causal_train_only;raw_preprocessing_fail,100,1000,fail,paired_RMSE,1000,1.6166200616126232,0.038372607287004069,1.6174213793321042,1.5409775879490502,1.6936944668161611,100,100,0,0,"empirical paired comparison, changing support; not exact permutation p"
perle,FA50,no_bounce,D_beh,behavior,y,True,published_input_causal_train_only;raw_preprocessing_fail,100,1000,fail,matched_bias,1000,0.18923044401353023,0.02978127876186917,0.18963453216489257,0.12845725544669306,0.24666839190689269,100,100,,,"empirical paired comparison, changing support; not exact permutation p"
perle,FA50,no_bounce,D_beh,behavior,y,True,published_input_causal_train_only;raw_preprocessing_fail,100,1000,fail,null_bias,1000,0.18630262139295331,0.048492890828099343,0.18933429055565643,0.091251457669002667,0.27990979564375912,100,100,,,"empirical paired comparison, changing support; not exact permutation p"
perle,FA50,no_bounce,D_beh,behavior,y,True,published_input_causal_train_only;raw_preprocessing_fail,100,1000,fail,matched_amplitude_ratio,1000,0.7099454759466538,0.0040137179420767968,0.70999893868940567,0.70248577943007984,0.71811994562753045,100,100,,,"empirical paired comparison, changing support; not exact permutation p"
perle,FA50,no_bounce,D_beh,behavior,y,True,published_input_causal_train_only;raw_preprocessing_fail,100,1000,fail,null_amplitude_ratio,1000,0.71031251032473341,0.0048750713692175748,0.71033710987922982,0.70046935407421196,0.71992764346861227,100,100,,,"empirical paired comparison, changing support; not exact permutation p"
perle,FA50,post_bounce,D_obj,objective,x,True,published_input_causal_train_only;raw_preprocessing_fail,100,1000,fail,matched_r,1000,0.94081806201719886,0.010132139231769267,0.942439839211066,0.91752429698850946,0.95635967043819636,92,100,,,"empirical paired comparison, changing support; not exact permutation p"
perle,FA50,post_bounce,D_obj,objective,x,True,published_input_causal_train_only;raw_preprocessing_fail,100,1000,fail,null_r,1000,0.55678798252090056,0.036710517514691773,0.5585169697730108,0.48315317625392634,0.62383919351788519,92,100,,,"empirical paired comparison, changing support; not exact permutation p"
perle,FA50,post_bounce,D_obj,objective,x,True,published_input_causal_train_only;raw_preprocessing_fail,100,1000,fail,paired_r,1000,0.38403007949629825,0.036271689000662778,0.38430781736262865,0.31987710375132844,0.4586829874684496,92,100,0,0,"empirical paired comparison, changing support; not exact permutation p"
perle,FA50,post_bounce,D_obj,objective,x,True,published_input_causal_train_only;raw_preprocessing_fail,100,1000,fail,matched_RMSE,1000,0.72664184954563193,0.028619874543163993,0.72585401023636176,0.67236127747394181,0.7877676140532347,93,100,,,"empirical paired comparison, changing support; not exact permutation p"
perle,FA50,post_bounce,D_obj,objective,x,True,published_input_causal_train_only;raw_preprocessing_fail,100,1000,fail,null_RMSE,1000,2.1029322117268259,0.080712173705181398,2.1040815760938925,1.9445992932811775,2.261970031683997,93,100,,,"empirical paired comparison, changing support; not exact permutation p"
perle,FA50,post_bounce,D_obj,objective,x,True,published_input_causal_train_only;raw_preprocessing_fail,100,1000,fail,paired_RMSE,1000,1.3762903621811937,0.084138012571893156,1.3772076128024775,1.2172624342151785,1.542717996899968,93,100,0,0,"empirical paired comparison, changing support; not exact permutation p"
perle,FA50,post_bounce,D_obj,objective,x,True,published_input_causal_train_only;raw_preprocessing_fail,100,1000,fail,matched_bias,1000,-0.0247629731283175,0.037358801824589012,-0.024419159164469448,-0.10014101349946895,0.045786917820221124,93,100,,,"empirical paired comparison, changing support; not exact permutation p"
perle,FA50,post_bounce,D_obj,objective,x,True,published_input_causal_train_only;raw_preprocessing_fail,100,1000,fail,null_bias,1000,-0.020432226060174082,0.12810146798864991,-0.024213488397890323,-0.26605023107654618,0.2363662738980129,93,100,,,"empirical paired comparison, changing support; not exact permutation p"
perle,FA50,post_bounce,D_obj,objective,x,True,published_input_causal_train_only;raw_preprocessing_fail,100,1000,fail,matched_amplitude_ratio,1000,1.0288857860860399,0.024631954450632199,1.0252397132253221,0.99053281090786238,1.0858589381425261,93,100,,,"empirical paired comparison, changing support; not exact permutation p"
perle,FA50,post_bounce,D_obj,objective,x,True,published_input_causal_train_only;raw_preprocessing_fail,100,1000,fail,null_amplitude_ratio,1000,1.0506064294115249,0.037282790119640946,1.0467406704653883,0.99045308931155251,1.1455788211414291,93,100,,,"empirical paired comparison, changing support; not exact permutation p"
perle,FA50,post_bounce,D_obj,objective,y,True,published_input_causal_train_only;raw_preprocessing_fail,100,1000,fail,matched_r,1000,0.74611049840549371,0.024764755256336403,0.74733511076640391,0.69224565406736716,0.79199308333903273,92,100,,,"empirical paired comparison, changing support; not exact permutation p"
perle,FA50,post_bounce,D_obj,objective,y,True,published_input_causal_train_only;raw_preprocessing_fail,100,1000,fail,null_r,1000,0.02839899089143191,0.054997472141384375,0.02781422478552098,-0.085612807336958002,0.13713836374901983,92,100,,,"empirical paired comparison, changing support; not exact permutation p"
perle,FA50,post_bounce,D_obj,objective,y,True,published_input_causal_train_only;raw_preprocessing_fail,100,1000,fail,paired_r,1000,0.71771150751406176,0.060469184462012542,0.71576821052956341,0.60237025075438633,0.84353121193211722,92,100,0,0,"empirical paired comparison, changing support; not exact permutation p"
perle,FA50,post_bounce,D_obj,objective,y,True,published_input_causal_train_only;raw_preprocessing_fail,100,1000,fail,matched_RMSE,1000,4.8711406523345264,0.1011444178297068,4.8679930695982687,4.6835538832630359,5.0726447480483081,93,100,,,"empirical paired comparison, changing support; not exact permutation p"
perle,FA50,post_bounce,D_obj,objective,y,True,published_input_causal_train_only;raw_preprocessing_fail,100,1000,fail,null_RMSE,1000,7.3895467522366003,0.19313356337602214,7.3895890024306716,6.9998910560565584,7.7723564264381304,93,100,,,"empirical paired comparison, changing support; not exact permutation p"
perle,FA50,post_bounce,D_obj,objective,y,True,published_input_causal_train_only;raw_preprocessing_fail,100,1000,fail,paired_RMSE,1000,2.5184060999020739,0.23604339838374763,2.5200654115332735,2.0694245794269981,2.9690240708210216,93,100,0,0,"empirical paired comparison, changing support; not exact permutation p"
perle,FA50,post_bounce,D_obj,objective,y,True,published_input_causal_train_only;raw_preprocessing_fail,100,1000,fail,matched_bias,1000,-0.29167456990528956,0.27354587182624351,-0.2871510752878671,-0.80820486260110591,0.2671348977984066,93,100,,,"empirical paired comparison, changing support; not exact permutation p"
perle,FA50,post_bounce,D_obj,objective,y,True,published_input_causal_train_only;raw_preprocessing_fail,100,1000,fail,null_bias,1000,-0.27737758037756649,0.44480027016940649,-0.29762244140885996,-1.1477674349724944,0.60456875948554967,93,100,,,"empirical paired comparison, changing support; not exact permutation p"
perle,FA50,post_bounce,D_obj,objective,y,True,published_input_causal_train_only;raw_preprocessing_fail,100,1000,fail,matched_amplitude_ratio,1000,0.59838075429449711,0.053839843367685193,0.59094423394827333,0.5145114809346949,0.72911655767462846,93,100,,,"empirical paired comparison, changing support; not exact permutation p"
perle,FA50,post_bounce,D_obj,objective,y,True,published_input_causal_train_only;raw_preprocessing_fail,100,1000,fail,null_amplitude_ratio,1000,0.66283983261426105,0.071721671236525883,0.65396933194356288,0.54312762950991988,0.83003787545343521,93,100,,,"empirical paired comparison, changing support; not exact permutation p"
perle,FA50,post_bounce,D_obj,behavior,x,False,published_input_causal_train_only;raw_preprocessing_fail,100,1000,fail,matched_r,1000,0.94081806201719886,0.010132139231769267,0.942439839211066,0.91752429698850946,0.95635967043819636,92,100,,,"empirical paired comparison, changing support; not exact permutation p"
perle,FA50,post_bounce,D_obj,behavior,x,False,published_input_causal_train_only;raw_preprocessing_fail,100,1000,fail,null_r,1000,0.55678798252090056,0.036710517514691773,0.5585169697730108,0.48315317625392634,0.62383919351788519,92,100,,,"empirical paired comparison, changing support; not exact permutation p"
perle,FA50,post_bounce,D_obj,behavior,x,False,published_input_causal_train_only;raw_preprocessing_fail,100,1000,fail,paired_r,1000,0.38403007949629825,0.036271689000662778,0.38430781736262865,0.31987710375132844,0.4586829874684496,92,100,0,0,"empirical paired comparison, changing support; not exact permutation p"
perle,FA50,post_bounce,D_obj,behavior,x,False,published_input_causal_train_only;raw_preprocessing_fail,100,1000,fail,matched_RMSE,1000,0.72664184954563193,0.028619874543163993,0.72585401023636176,0.67236127747394181,0.7877676140532347,93,100,,,"empirical paired comparison, changing support; not exact permutation p"
perle,FA50,post_bounce,D_obj,behavior,x,False,published_input_causal_train_only;raw_preprocessing_fail,100,1000,fail,null_RMSE,1000,2.1029322117268259,0.080712173705181398,2.1040815760938925,1.9445992932811775,2.261970031683997,93,100,,,"empirical paired comparison, changing support; not exact permutation p"
perle,FA50,post_bounce,D_obj,behavior,x,False,published_input_causal_train_only;raw_preprocessing_fail,100,1000,fail,paired_RMSE,1000,1.3762903621811937,0.084138012571893156,1.3772076128024775,1.2172624342151785,1.542717996899968,93,100,0,0,"empirical paired comparison, changing support; not exact permutation p"
perle,FA50,post_bounce,D_obj,behavior,x,False,published_input_causal_train_only;raw_preprocessing_fail,100,1000,fail,matched_bias,1000,-0.0247629731283175,0.037358801824589012,-0.024419159164469448,-0.10014101349946895,0.045786917820221124,93,100,,,"empirical paired comparison, changing support; not exact permutation p"
perle,FA50,post_bounce,D_obj,behavior,x,False,published_input_causal_train_only;raw_preprocessing_fail,100,1000,fail,null_bias,1000,-0.020432226060174082,0.12810146798864991,-0.024213488397890323,-0.26605023107654618,0.2363662738980129,93,100,,,"empirical paired comparison, changing support; not exact permutation p"
perle,FA50,post_bounce,D_obj,behavior,x,False,published_input_causal_train_only;raw_preprocessing_fail,100,1000,fail,matched_amplitude_ratio,1000,1.0288857860860399,0.024631954450632199,1.0252397132253221,0.99053281090786238,1.0858589381425261,93,100,,,"empirical paired comparison, changing support; not exact permutation p"
perle,FA50,post_bounce,D_obj,behavior,x,False,published_input_causal_train_only;raw_preprocessing_fail,100,1000,fail,null_amplitude_ratio,1000,1.0506064294115249,0.037282790119640946,1.0467406704653883,0.99045308931155251,1.1455788211414291,93,100,,,"empirical paired comparison, changing support; not exact permutation p"
perle,FA50,post_bounce,D_obj,behavior,y,False,published_input_causal_train_only;raw_preprocessing_fail,100,1000,fail,matched_r,1000,0.74730501783806247,0.024472688871827301,0.74878963931887155,0.69585230655953312,0.79225126434899318,92,100,,,"empirical paired comparison, changing support; not exact permutation p"
perle,FA50,post_bounce,D_obj,behavior,y,False,published_input_causal_train_only;raw_preprocessing_fail,100,1000,fail,null_r,1000,0.027213640873769384,0.05471250956842974,0.027342886483103089,-0.085591110925189617,0.13122087252003176,92,100,,,"empirical paired comparison, changing support; not exact permutation p"
perle,FA50,post_bounce,D_obj,behavior,y,False,published_input_causal_train_only;raw_preprocessing_fail,100,1000,fail,paired_r,1000,0.72009137696429315,0.059906932098953494,0.71793984311134951,0.60550537462830134,0.84461411855129009,92,100,0,0,"empirical paired comparison, changing support; not exact permutation p"
perle,FA50,post_bounce,D_obj,behavior,y,False,published_input_causal_train_only;raw_preprocessing_fail,100,1000,fail,matched_RMSE,1000,5.0049375647183334,0.099927971829558579,5.0026439946103274,4.8159387984392801,5.1991215812513838,93,100,,,"empirical paired comparison, changing support; not exact permutation p"
perle,FA50,post_bounce,D_obj,behavior,y,False,published_input_causal_train_only;raw_preprocessing_fail,100,1000,fail,null_RMSE,1000,7.5210960060578689,0.19309025195094806,7.5202078350631476,7.1422045476321312,7.9027052502660222,93,100,,,"empirical paired comparison, changing support; not exact permutation p"
perle,FA50,post_bounce,D_obj,behavior,y,False,published_input_causal_train_only;raw_preprocessing_fail,100,1000,fail,paired_RMSE,1000,2.516158441339535,0.23549781319555893,2.5133090484509886,2.0516356209482387,2.9948723583853938,93,100,0,0,"empirical paired comparison, changing support; not exact permutation p"
perle,FA50,post_bounce,D_obj,behavior,y,False,published_input_causal_train_only;raw_preprocessing_fail,100,1000,fail,matched_bias,1000,-0.4955470994930346,0.28209359093780728,-0.49688201653907238,-1.0319935480119968,0.077257617226912073,93,100,,,"empirical paired comparison, changing support; not exact permutation p"
perle,FA50,post_bounce,D_obj,behavior,y,False,published_input_causal_train_only;raw_preprocessing_fail,100,1000,fail,null_bias,1000,-0.47899147260571712,0.45315037221364118,-0.4963268723687253,-1.3639506515542394,0.42199666801463304,93,100,,,"empirical paired comparison, changing support; not exact permutation p"
perle,FA50,post_bounce,D_obj,behavior,y,False,published_input_causal_train_only;raw_preprocessing_fail,100,1000,fail,matched_amplitude_ratio,1000,0.60815218626140699,0.057258188572754665,0.59738631152681188,0.52090874236914397,0.74784644041609771,93,100,,,"empirical paired comparison, changing support; not exact permutation p"
perle,FA50,post_bounce,D_obj,behavior,y,False,published_input_causal_train_only;raw_preprocessing_fail,100,1000,fail,null_amplitude_ratio,1000,0.67354386888794493,0.070678298659753544,0.66540044825389022,0.55774480728329434,0.82901592234792021,93,100,,,"empirical paired comparison, changing support; not exact permutation p"
perle,FA50,post_bounce,D_beh,objective,x,False,published_input_causal_train_only;raw_preprocessing_fail,100,1000,fail,matched_r,1000,0.94081806201719886,0.010132139231769267,0.942439839211066,0.91752429698850946,0.95635967043819636,92,100,,,"empirical paired comparison, changing support; not exact permutation p"
perle,FA50,post_bounce,D_beh,objective,x,False,published_input_causal_train_only;raw_preprocessing_fail,100,1000,fail,null_r,1000,0.55678798252090056,0.036710517514691773,0.5585169697730108,0.48315317625392634,0.62383919351788519,92,100,,,"empirical paired comparison, changing support; not exact permutation p"
perle,FA50,post_bounce,D_beh,objective,x,False,published_input_causal_train_only;raw_preprocessing_fail,100,1000,fail,paired_r,1000,0.38403007949629825,0.036271689000662778,0.38430781736262865,0.31987710375132844,0.4586829874684496,92,100,0,0,"empirical paired comparison, changing support; not exact permutation p"
perle,FA50,post_bounce,D_beh,objective,x,False,published_input_causal_train_only;raw_preprocessing_fail,100,1000,fail,matched_RMSE,1000,0.72664184954563193,0.028619874543163993,0.72585401023636176,0.67236127747394181,0.7877676140532347,93,100,,,"empirical paired comparison, changing support; not exact permutation p"
perle,FA50,post_bounce,D_beh,objective,x,False,published_input_causal_train_only;raw_preprocessing_fail,100,1000,fail,null_RMSE,1000,2.1029322117268259,0.080712173705181398,2.1040815760938925,1.9445992932811775,2.261970031683997,93,100,,,"empirical paired comparison, changing support; not exact permutation p"
perle,FA50,post_bounce,D_beh,objective,x,False,published_input_causal_train_only;raw_preprocessing_fail,100,1000,fail,paired_RMSE,1000,1.3762903621811937,0.084138012571893156,1.3772076128024775,1.2172624342151785,1.542717996899968,93,100,0,0,"empirical paired comparison, changing support; not exact permutation p"
perle,FA50,post_bounce,D_beh,objective,x,False,published_input_causal_train_only;raw_preprocessing_fail,100,1000,fail,matched_bias,1000,-0.0247629731283175,0.037358801824589012,-0.024419159164469448,-0.10014101349946895,0.045786917820221124,93,100,,,"empirical paired comparison, changing support; not exact permutation p"
perle,FA50,post_bounce,D_beh,objective,x,False,published_input_causal_train_only;raw_preprocessing_fail,100,1000,fail,null_bias,1000,-0.020432226060174082,0.12810146798864991,-0.024213488397890323,-0.26605023107654618,0.2363662738980129,93,100,,,"empirical paired comparison, changing support; not exact permutation p"
perle,FA50,post_bounce,D_beh,objective,x,False,published_input_causal_train_only;raw_preprocessing_fail,100,1000,fail,matched_amplitude_ratio,1000,1.0288857860860399,0.024631954450632199,1.0252397132253221,0.99053281090786238,1.0858589381425261,93,100,,,"empirical paired comparison, changing support; not exact permutation p"
perle,FA50,post_bounce,D_beh,objective,x,False,published_input_causal_train_only;raw_preprocessing_fail,100,1000,fail,null_amplitude_ratio,1000,1.0506064294115249,0.037282790119640946,1.0467406704653883,0.99045308931155251,1.1455788211414291,93,100,,,"empirical paired comparison, changing support; not exact permutation p"
perle,FA50,post_bounce,D_beh,objective,y,False,published_input_causal_train_only;raw_preprocessing_fail,100,1000,fail,matched_r,1000,0.7440953201472964,0.025071278681910697,0.74472524830181208,0.68959391118039559,0.79036716876411794,92,100,,,"empirical paired comparison, changing support; not exact permutation p"
perle,FA50,post_bounce,D_beh,objective,y,False,published_input_causal_train_only;raw_preprocessing_fail,100,1000,fail,null_r,1000,0.028524920185801952,0.054952261261213969,0.027154823809040159,-0.083111283024925237,0.13776758198706862,92,100,,,"empirical paired comparison, changing support; not exact permutation p"
perle,FA50,post_bounce,D_beh,objective,y,False,published_input_causal_train_only;raw_preprocessing_fail,100,1000,fail,paired_r,1000,0.71557039996149452,0.060529219344255883,0.71553184074975906,0.60061851192919113,0.84368595135333468,92,100,0,0,"empirical paired comparison, changing support; not exact permutation p"
perle,FA50,post_bounce,D_beh,objective,y,False,published_input_causal_train_only;raw_preprocessing_fail,100,1000,fail,matched_RMSE,1000,4.8846328713568532,0.10112289752495029,4.8810863301983662,4.6970647421228255,5.0881934065706096,93,100,,,"empirical paired comparison, changing support; not exact permutation p"
perle,FA50,post_bounce,D_beh,objective,y,False,published_input_causal_train_only;raw_preprocessing_fail,100,1000,fail,null_RMSE,1000,7.389264321687655,0.19203603108897643,7.389162114296175,7.0026302768074018,7.7657270741987281,93,100,,,"empirical paired comparison, changing support; not exact permutation p"
perle,FA50,post_bounce,D_beh,objective,y,False,published_input_causal_train_only;raw_preprocessing_fail,100,1000,fail,paired_RMSE,1000,2.5046314503308023,0.2352825946714984,2.5035722880002629,2.0559140887505034,2.9654155879855773,93,100,0,0,"empirical paired comparison, changing support; not exact permutation p"
perle,FA50,post_bounce,D_beh,objective,y,False,published_input_causal_train_only;raw_preprocessing_fail,100,1000,fail,matched_bias,1000,-0.20231937550267981,0.27389156423597577,-0.19813386173657926,-0.7156275182269638,0.36460737180821851,93,100,,,"empirical paired comparison, changing support; not exact permutation p"
perle,FA50,post_bounce,D_beh,objective,y,False,published_input_causal_train_only;raw_preprocessing_fail,100,1000,fail,null_bias,1000,-0.1880223859749568,0.44489944201316106,-0.20387894769808557,-1.0548739392549649,0.69627570973532138,93,100,,,"empirical paired comparison, changing support; not exact permutation p"
perle,FA50,post_bounce,D_beh,objective,y,False,published_input_causal_train_only;raw_preprocessing_fail,100,1000,fail,matched_amplitude_ratio,1000,0.59411576359951868,0.053402873004377037,0.58666454293497416,0.51174702006613693,0.72383663552550337,93,100,,,"empirical paired comparison, changing support; not exact permutation p"
perle,FA50,post_bounce,D_beh,objective,y,False,published_input_causal_train_only;raw_preprocessing_fail,100,1000,fail,null_amplitude_ratio,1000,0.65859659309603702,0.071630313158996595,0.65022493885502797,0.54309710413218004,0.82795136894299604,93,100,,,"empirical paired comparison, changing support; not exact permutation p"
perle,FA50,post_bounce,D_beh,behavior,x,True,published_input_causal_train_only;raw_preprocessing_fail,100,1000,fail,matched_r,1000,0.94081806201719886,0.010132139231769267,0.942439839211066,0.91752429698850946,0.95635967043819636,92,100,,,"empirical paired comparison, changing support; not exact permutation p"
perle,FA50,post_bounce,D_beh,behavior,x,True,published_input_causal_train_only;raw_preprocessing_fail,100,1000,fail,null_r,1000,0.55678798252090056,0.036710517514691773,0.5585169697730108,0.48315317625392634,0.62383919351788519,92,100,,,"empirical paired comparison, changing support; not exact permutation p"
perle,FA50,post_bounce,D_beh,behavior,x,True,published_input_causal_train_only;raw_preprocessing_fail,100,1000,fail,paired_r,1000,0.38403007949629825,0.036271689000662778,0.38430781736262865,0.31987710375132844,0.4586829874684496,92,100,0,0,"empirical paired comparison, changing support; not exact permutation p"
perle,FA50,post_bounce,D_beh,behavior,x,True,published_input_causal_train_only;raw_preprocessing_fail,100,1000,fail,matched_RMSE,1000,0.72664184954563193,0.028619874543163993,0.72585401023636176,0.67236127747394181,0.7877676140532347,93,100,,,"empirical paired comparison, changing support; not exact permutation p"
perle,FA50,post_bounce,D_beh,behavior,x,True,published_input_causal_train_only;raw_preprocessing_fail,100,1000,fail,null_RMSE,1000,2.1029322117268259,0.080712173705181398,2.1040815760938925,1.9445992932811775,2.261970031683997,93,100,,,"empirical paired comparison, changing support; not exact permutation p"
perle,FA50,post_bounce,D_beh,behavior,x,True,published_input_causal_train_only;raw_preprocessing_fail,100,1000,fail,paired_RMSE,1000,1.3762903621811937,0.084138012571893156,1.3772076128024775,1.2172624342151785,1.542717996899968,93,100,0,0,"empirical paired comparison, changing support; not exact permutation p"
perle,FA50,post_bounce,D_beh,behavior,x,True,published_input_causal_train_only;raw_preprocessing_fail,100,1000,fail,matched_bias,1000,-0.0247629731283175,0.037358801824589012,-0.024419159164469448,-0.10014101349946895,0.045786917820221124,93,100,,,"empirical paired comparison, changing support; not exact permutation p"
perle,FA50,post_bounce,D_beh,behavior,x,True,published_input_causal_train_only;raw_preprocessing_fail,100,1000,fail,null_bias,1000,-0.020432226060174082,0.12810146798864991,-0.024213488397890323,-0.26605023107654618,0.2363662738980129,93,100,,,"empirical paired comparison, changing support; not exact permutation p"
perle,FA50,post_bounce,D_beh,behavior,x,True,published_input_causal_train_only;raw_preprocessing_fail,100,1000,fail,matched_amplitude_ratio,1000,1.0288857860860399,0.024631954450632199,1.0252397132253221,0.99053281090786238,1.0858589381425261,93,100,,,"empirical paired comparison, changing support; not exact permutation p"
perle,FA50,post_bounce,D_beh,behavior,x,True,published_input_causal_train_only;raw_preprocessing_fail,100,1000,fail,null_amplitude_ratio,1000,1.0506064294115249,0.037282790119640946,1.0467406704653883,0.99045308931155251,1.1455788211414291,93,100,,,"empirical paired comparison, changing support; not exact permutation p"
perle,FA50,post_bounce,D_beh,behavior,y,True,published_input_causal_train_only;raw_preprocessing_fail,100,1000,fail,matched_r,1000,0.74475140914247551,0.024881571327560421,0.74590232118407962,0.69158575739257855,0.79050409710561687,92,100,,,"empirical paired comparison, changing support; not exact permutation p"
perle,FA50,post_bounce,D_beh,behavior,y,True,published_input_causal_train_only;raw_preprocessing_fail,100,1000,fail,null_r,1000,0.027060219583450736,0.05464113962196477,0.027131021248593484,-0.085684201011913527,0.13259109358543786,92,100,,,"empirical paired comparison, changing support; not exact permutation p"
perle,FA50,post_bounce,D_beh,behavior,y,True,published_input_causal_train_only;raw_preprocessing_fail,100,1000,fail,paired_r,1000,0.71769118955902489,0.060024028296395852,0.716029369171858,0.60173957932298883,0.84201029353803192,92,100,0,0,"empirical paired comparison, changing support; not exact permutation p"
perle,FA50,post_bounce,D_beh,behavior,y,True,published_input_causal_train_only;raw_preprocessing_fail,100,1000,fail,matched_RMSE,1000,5.0170903596763692,0.10020415620385717,5.0148865187573861,4.8258095531215046,5.2097429342742414,93,100,,,"empirical paired comparison, changing support; not exact permutation p"
perle,FA50,post_bounce,D_beh,behavior,y,True,published_input_causal_train_only;raw_preprocessing_fail,100,1000,fail,null_RMSE,1000,7.5207176074421174,0.19183589822584002,7.521300403200474,7.1454756211341026,7.9009245735473845,93,100,,,"empirical paired comparison, changing support; not exact permutation p"
perle,FA50,post_bounce,D_beh,behavior,y,True,published_input_causal_train_only;raw_preprocessing_fail,100,1000,fail,paired_RMSE,1000,2.5036272477657495,0.23481706672325539,2.5017107052559373,2.0417768465730517,2.9937728969923576,93,100,0,0,"empirical paired comparison, changing support; not exact permutation p"
perle,FA50,post_bounce,D_beh,behavior,y,True,published_input_causal_train_only;raw_preprocessing_fail,100,1000,fail,matched_bias,1000,-0.40619190509042497,0.28266287694073672,-0.41034067777379124,-0.94563057013699703,0.16553270944637005,93,100,,,"empirical paired comparison, changing support; not exact permutation p"
perle,FA50,post_bounce,D_beh,behavior,y,True,published_input_causal_train_only;raw_preprocessing_fail,100,1000,fail,null_bias,1000,-0.38963627820310753,0.4533137091222324,-0.41117007733166588,-1.2833996328505874,0.50823657026544922,93,100,,,"empirical paired comparison, changing support; not exact permutation p"
perle,FA50,post_bounce,D_beh,behavior,y,True,published_input_causal_train_only;raw_preprocessing_fail,100,1000,fail,matched_amplitude_ratio,1000,0.60448161311225812,0.057285679172775349,0.59472568565352057,0.51958370019747169,0.7476194913721167,93,100,,,"empirical paired comparison, changing support; not exact permutation p"
perle,FA50,post_bounce,D_beh,behavior,y,True,published_input_causal_train_only;raw_preprocessing_fail,100,1000,fail,null_amplitude_ratio,1000,0.66896585656790808,0.070109378919458509,0.66052242059566824,0.55518340132256805,0.82982493830841675,93,100,,,"empirical paired comparison, changing support; not exact permutation p"
perle,GPFA50,full,D_obj,objective,x,True,published_input_causal_train_only;raw_preprocessing_fail,100,1000,fail,matched_r,1000,0.9501281520775553,0.00014500734252108786,0.95013109616449953,0.94984161001853773,0.95041153305439008,100,100,,,"empirical paired comparison, changing support; not exact permutation p"
perle,GPFA50,full,D_obj,objective,x,True,published_input_causal_train_only;raw_preprocessing_fail,100,1000,fail,null_r,1000,0.74168396013430793,0.0032724208104839255,0.7415458273508857,0.7356381324993293,0.74803883119881176,100,100,,,"empirical paired comparison, changing support; not exact permutation p"
perle,GPFA50,full,D_obj,objective,x,True,published_input_causal_train_only;raw_preprocessing_fail,100,1000,fail,paired_r,1000,0.20844419194324751,0.0032284829016950298,0.20858361959287539,0.20222154496887182,0.21448474301540726,100,100,0,0,"empirical paired comparison, changing support; not exact permutation p"
perle,GPFA50,full,D_obj,objective,x,True,published_input_causal_train_only;raw_preprocessing_fail,100,1000,fail,matched_RMSE,1000,1.1049175870992629,0.001235127638991293,1.1048991251650691,1.1026178844718344,1.1074837054108673,100,100,,,"empirical paired comparison, changing support; not exact permutation p"
perle,GPFA50,full,D_obj,objective,x,True,published_input_causal_train_only;raw_preprocessing_fail,100,1000,fail,null_RMSE,1000,2.4176496545825761,0.014743894007254978,2.418153829932769,2.3880591886936076,2.4447293869815576,100,100,,,"empirical paired comparison, changing support; not exact permutation p"
perle,GPFA50,full,D_obj,objective,x,True,published_input_causal_train_only;raw_preprocessing_fail,100,1000,fail,paired_RMSE,1000,1.3127320674833134,0.01446965085307067,1.3134080480825312,1.2841236305448172,1.3412424433817718,100,100,0,0,"empirical paired comparison, changing support; not exact permutation p"
perle,GPFA50,full,D_obj,objective,x,True,published_input_causal_train_only;raw_preprocessing_fail,100,1000,fail,matched_bias,1000,0.056469179483227099,0.0017744849912604613,0.056444652260119348,0.052989173009987678,0.059737869335167358,100,100,,,"empirical paired comparison, changing support; not exact permutation p"
perle,GPFA50,full,D_obj,objective,x,True,published_input_causal_train_only;raw_preprocessing_fail,100,1000,fail,null_bias,1000,0.056619952029501076,0.0042161762409072059,0.056656530637771332,0.048238897933464121,0.064746228170774717,100,100,,,"empirical paired comparison, changing support; not exact permutation p"
perle,GPFA50,full,D_obj,objective,x,True,published_input_causal_train_only;raw_preprocessing_fail,100,1000,fail,matched_amplitude_ratio,1000,0.93695535445848355,0.00051725052427347969,0.93694751288108225,0.93597120561191927,0.93796200031226595,100,100,,,"empirical paired comparison, changing support; not exact permutation p"
perle,GPFA50,full,D_obj,objective,x,True,published_input_causal_train_only;raw_preprocessing_fail,100,1000,fail,null_amplitude_ratio,1000,0.93707480497286111,0.0013138363809756793,0.93706385676389581,0.93443974462614365,0.93965104441190972,100,100,,,"empirical paired comparison, changing support; not exact permutation p"
perle,GPFA50,full,D_obj,objective,y,True,published_input_causal_train_only;raw_preprocessing_fail,100,1000,fail,matched_r,1000,0.72695257960479953,0.00071459539245176103,0.72700896454208497,0.7255420740423637,0.72826766066177129,100,100,,,"empirical paired comparison, changing support; not exact permutation p"
perle,GPFA50,full,D_obj,objective,y,True,published_input_causal_train_only;raw_preprocessing_fail,100,1000,fail,null_r,1000,0.00050739581233005197,0.012018683323308493,0.00049133346291914848,-0.024093157139216226,0.022970896203065055,100,100,,,"empirical paired comparison, changing support; not exact permutation p"
perle,GPFA50,full,D_obj,objective,y,True,published_input_causal_train_only;raw_preprocessing_fail,100,1000,fail,paired_r,1000,0.72644518379246958,0.012024070967250867,0.72642353475329902,0.70416551812298378,0.75086858509498,100,100,0,0,"empirical paired comparison, changing support; not exact permutation p"
perle,GPFA50,full,D_obj,objective,y,True,published_input_causal_train_only;raw_preprocessing_fail,100,1000,fail,matched_RMSE,1000,3.7649550113253816,0.005332316500979122,3.7651081053514943,3.7542032161497212,3.7752562086423813,100,100,,,"empirical paired comparison, changing support; not exact permutation p"
perle,GPFA50,full,D_obj,objective,y,True,published_input_causal_train_only;raw_preprocessing_fail,100,1000,fail,null_RMSE,1000,5.8738404164096103,0.029409761588203485,5.8741621355374392,5.8174514285692798,5.9323614081808698,100,100,,,"empirical paired comparison, changing support; not exact permutation p"
perle,GPFA50,full,D_obj,objective,y,True,published_input_causal_train_only;raw_preprocessing_fail,100,1000,fail,paired_RMSE,1000,2.1088854050842283,0.029882590685700348,2.1089006797944654,2.0531863630301346,2.1675088729576819,100,100,0,0,"empirical paired comparison, changing support; not exact permutation p"
perle,GPFA50,full,D_obj,objective,y,True,published_input_causal_train_only;raw_preprocessing_fail,100,1000,fail,matched_bias,1000,-0.046884686621130899,0.0089505878362040291,-0.046850780958768004,-0.064641399837913116,-0.02904042738782155,100,100,,,"empirical paired comparison, changing support; not exact permutation p"
perle,GPFA50,full,D_obj,objective,y,True,published_input_causal_train_only;raw_preprocessing_fail,100,1000,fail,null_bias,1000,-0.04587311297480446,0.014080563062968539,-0.045787425361906303,-0.07364910490813506,-0.017725373776878554,100,100,,,"empirical paired comparison, changing support; not exact permutation p"
perle,GPFA50,full,D_obj,objective,y,True,published_input_causal_train_only;raw_preprocessing_fail,100,1000,fail,matched_amplitude_ratio,1000,0.52864031283413471,0.00070273414353147848,0.52865603377095804,0.52720157252204647,0.52998669827666567,100,100,,,"empirical paired comparison, changing support; not exact permutation p"
perle,GPFA50,full,D_obj,objective,y,True,published_input_causal_train_only;raw_preprocessing_fail,100,1000,fail,null_amplitude_ratio,1000,0.52867797261914629,0.00081393480409102379,0.52869003927731262,0.52696737718483444,0.53016832314691442,100,100,,,"empirical paired comparison, changing support; not exact permutation p"
perle,GPFA50,full,D_obj,behavior,x,False,published_input_causal_train_only;raw_preprocessing_fail,100,1000,fail,matched_r,1000,0.9501281520775553,0.00014500734252108786,0.95013109616449953,0.94984161001853773,0.95041153305439008,100,100,,,"empirical paired comparison, changing support; not exact permutation p"
perle,GPFA50,full,D_obj,behavior,x,False,published_input_causal_train_only;raw_preprocessing_fail,100,1000,fail,null_r,1000,0.74168396013430793,0.0032724208104839255,0.7415458273508857,0.7356381324993293,0.74803883119881176,100,100,,,"empirical paired comparison, changing support; not exact permutation p"
perle,GPFA50,full,D_obj,behavior,x,False,published_input_causal_train_only;raw_preprocessing_fail,100,1000,fail,paired_r,1000,0.20844419194324751,0.0032284829016950298,0.20858361959287539,0.20222154496887182,0.21448474301540726,100,100,0,0,"empirical paired comparison, changing support; not exact permutation p"
perle,GPFA50,full,D_obj,behavior,x,False,published_input_causal_train_only;raw_preprocessing_fail,100,1000,fail,matched_RMSE,1000,1.1049175870992629,0.001235127638991293,1.1048991251650691,1.1026178844718344,1.1074837054108673,100,100,,,"empirical paired comparison, changing support; not exact permutation p"
perle,GPFA50,full,D_obj,behavior,x,False,published_input_causal_train_only;raw_preprocessing_fail,100,1000,fail,null_RMSE,1000,2.4176496545825761,0.014743894007254978,2.418153829932769,2.3880591886936076,2.4447293869815576,100,100,,,"empirical paired comparison, changing support; not exact permutation p"
perle,GPFA50,full,D_obj,behavior,x,False,published_input_causal_train_only;raw_preprocessing_fail,100,1000,fail,paired_RMSE,1000,1.3127320674833134,0.01446965085307067,1.3134080480825312,1.2841236305448172,1.3412424433817718,100,100,0,0,"empirical paired comparison, changing support; not exact permutation p"
perle,GPFA50,full,D_obj,behavior,x,False,published_input_causal_train_only;raw_preprocessing_fail,100,1000,fail,matched_bias,1000,0.056469179483227099,0.0017744849912604613,0.056444652260119348,0.052989173009987678,0.059737869335167358,100,100,,,"empirical paired comparison, changing support; not exact permutation p"
perle,GPFA50,full,D_obj,behavior,x,False,published_input_causal_train_only;raw_preprocessing_fail,100,1000,fail,null_bias,1000,0.056619952029501076,0.0042161762409072059,0.056656530637771332,0.048238897933464121,0.064746228170774717,100,100,,,"empirical paired comparison, changing support; not exact permutation p"
perle,GPFA50,full,D_obj,behavior,x,False,published_input_causal_train_only;raw_preprocessing_fail,100,1000,fail,matched_amplitude_ratio,1000,0.93695535445848355,0.00051725052427347969,0.93694751288108225,0.93597120561191927,0.93796200031226595,100,100,,,"empirical paired comparison, changing support; not exact permutation p"
perle,GPFA50,full,D_obj,behavior,x,False,published_input_causal_train_only;raw_preprocessing_fail,100,1000,fail,null_amplitude_ratio,1000,0.93707480497286111,0.0013138363809756793,0.93706385676389581,0.93443974462614365,0.93965104441190972,100,100,,,"empirical paired comparison, changing support; not exact permutation p"
perle,GPFA50,full,D_obj,behavior,y,False,published_input_causal_train_only;raw_preprocessing_fail,100,1000,fail,matched_r,1000,0.72182773109493492,0.00075379614323612494,0.72186674588954403,0.72025129170506652,0.72319351243340591,100,100,,,"empirical paired comparison, changing support; not exact permutation p"
perle,GPFA50,full,D_obj,behavior,y,False,published_input_causal_train_only;raw_preprocessing_fail,100,1000,fail,null_r,1000,0.0009532602856020864,0.012051083393106499,0.0010839295390854731,-0.023152668142622214,0.023420415294574382,100,100,,,"empirical paired comparison, changing support; not exact permutation p"
perle,GPFA50,full,D_obj,behavior,y,False,published_input_causal_train_only;raw_preprocessing_fail,100,1000,fail,paired_r,1000,0.72087447080933298,0.012056255652732894,0.72069568515656657,0.69847638021213465,0.74529012637609371,100,100,0,0,"empirical paired comparison, changing support; not exact permutation p"
perle,GPFA50,full,D_obj,behavior,y,False,published_input_causal_train_only;raw_preprocessing_fail,100,1000,fail,matched_RMSE,1000,3.7524351677437719,0.0058211002499979018,3.7522092408751928,3.7415624844925808,3.7639996969217888,100,100,,,"empirical paired comparison, changing support; not exact permutation p"
perle,GPFA50,full,D_obj,behavior,y,False,published_input_causal_train_only;raw_preprocessing_fail,100,1000,fail,null_RMSE,1000,5.8395002927989177,0.029552965638455261,5.8392791659360803,5.7828087794443332,5.8980382232090909,100,100,,,"empirical paired comparison, changing support; not exact permutation p"
perle,GPFA50,full,D_obj,behavior,y,False,published_input_causal_train_only;raw_preprocessing_fail,100,1000,fail,paired_RMSE,1000,2.0870651250551462,0.029940007325928365,2.0867222074034215,2.0328368913060375,2.1465428680387189,100,100,0,0,"empirical paired comparison, changing support; not exact permutation p"
perle,GPFA50,full,D_obj,behavior,y,False,published_input_causal_train_only;raw_preprocessing_fail,100,1000,fail,matched_bias,1000,-0.11942085099864488,0.0093554318968351556,-0.11931993079802841,-0.13793248384444709,-0.10214186028579909,100,100,,,"empirical paired comparison, changing support; not exact permutation p"
perle,GPFA50,full,D_obj,behavior,y,False,published_input_causal_train_only;raw_preprocessing_fail,100,1000,fail,null_bias,1000,-0.11851853476805313,0.014194543411232111,-0.11876175691592553,-0.14513941431611516,-0.090445375066700043,100,100,,,"empirical paired comparison, changing support; not exact permutation p"
perle,GPFA50,full,D_obj,behavior,y,False,published_input_causal_train_only;raw_preprocessing_fail,100,1000,fail,matched_amplitude_ratio,1000,0.53278281647150472,0.0007676390699433819,0.53280270721308165,0.53128781241028911,0.53421377171108586,100,100,,,"empirical paired comparison, changing support; not exact permutation p"
perle,GPFA50,full,D_obj,behavior,y,False,published_input_causal_train_only;raw_preprocessing_fail,100,1000,fail,null_amplitude_ratio,1000,0.53280705277949336,0.00086114698334127313,0.53284143912032444,0.53105519741942231,0.53436931169176827,100,100,,,"empirical paired comparison, changing support; not exact permutation p"
perle,GPFA50,full,D_beh,objective,x,False,published_input_causal_train_only;raw_preprocessing_fail,100,1000,fail,matched_r,1000,0.9501281520775553,0.00014500734252108786,0.95013109616449953,0.94984161001853773,0.95041153305439008,100,100,,,"empirical paired comparison, changing support; not exact permutation p"
perle,GPFA50,full,D_beh,objective,x,False,published_input_causal_train_only;raw_preprocessing_fail,100,1000,fail,null_r,1000,0.74168396013430793,0.0032724208104839255,0.7415458273508857,0.7356381324993293,0.74803883119881176,100,100,,,"empirical paired comparison, changing support; not exact permutation p"
perle,GPFA50,full,D_beh,objective,x,False,published_input_causal_train_only;raw_preprocessing_fail,100,1000,fail,paired_r,1000,0.20844419194324751,0.0032284829016950298,0.20858361959287539,0.20222154496887182,0.21448474301540726,100,100,0,0,"empirical paired comparison, changing support; not exact permutation p"
perle,GPFA50,full,D_beh,objective,x,False,published_input_causal_train_only;raw_preprocessing_fail,100,1000,fail,matched_RMSE,1000,1.1049175870992629,0.001235127638991293,1.1048991251650691,1.1026178844718344,1.1074837054108673,100,100,,,"empirical paired comparison, changing support; not exact permutation p"
perle,GPFA50,full,D_beh,objective,x,False,published_input_causal_train_only;raw_preprocessing_fail,100,1000,fail,null_RMSE,1000,2.4176496545825761,0.014743894007254978,2.418153829932769,2.3880591886936076,2.4447293869815576,100,100,,,"empirical paired comparison, changing support; not exact permutation p"
perle,GPFA50,full,D_beh,objective,x,False,published_input_causal_train_only;raw_preprocessing_fail,100,1000,fail,paired_RMSE,1000,1.3127320674833134,0.01446965085307067,1.3134080480825312,1.2841236305448172,1.3412424433817718,100,100,0,0,"empirical paired comparison, changing support; not exact permutation p"
perle,GPFA50,full,D_beh,objective,x,False,published_input_causal_train_only;raw_preprocessing_fail,100,1000,fail,matched_bias,1000,0.056469179483227099,0.0017744849912604613,0.056444652260119348,0.052989173009987678,0.059737869335167358,100,100,,,"empirical paired comparison, changing support; not exact permutation p"
perle,GPFA50,full,D_beh,objective,x,False,published_input_causal_train_only;raw_preprocessing_fail,100,1000,fail,null_bias,1000,0.056619952029501076,0.0042161762409072059,0.056656530637771332,0.048238897933464121,0.064746228170774717,100,100,,,"empirical paired comparison, changing support; not exact permutation p"
perle,GPFA50,full,D_beh,objective,x,False,published_input_causal_train_only;raw_preprocessing_fail,100,1000,fail,matched_amplitude_ratio,1000,0.93695535445848355,0.00051725052427347969,0.93694751288108225,0.93597120561191927,0.93796200031226595,100,100,,,"empirical paired comparison, changing support; not exact permutation p"
perle,GPFA50,full,D_beh,objective,x,False,published_input_causal_train_only;raw_preprocessing_fail,100,1000,fail,null_amplitude_ratio,1000,0.93707480497286111,0.0013138363809756793,0.93706385676389581,0.93443974462614365,0.93965104441190972,100,100,,,"empirical paired comparison, changing support; not exact permutation p"
perle,GPFA50,full,D_beh,objective,y,False,published_input_causal_train_only;raw_preprocessing_fail,100,1000,fail,matched_r,1000,0.72298900874748706,0.00076161969082085175,0.72304450261683573,0.72148820577730977,0.72445436220284176,100,100,,,"empirical paired comparison, changing support; not exact permutation p"
perle,GPFA50,full,D_beh,objective,y,False,published_input_causal_train_only;raw_preprocessing_fail,100,1000,fail,null_r,1000,0.00059533186075054869,0.01204052811302599,0.00065346364098938913,-0.023993829869728808,0.023149389657798339,100,100,,,"empirical paired comparison, changing support; not exact permutation p"
perle,GPFA50,full,D_beh,objective,y,False,published_input_causal_train_only;raw_preprocessing_fail,100,1000,fail,paired_r,1000,0.7223936768867365,0.012045649020843877,0.7223191539711189,0.70039123449760843,0.74680280093278195,100,100,0,0,"empirical paired comparison, changing support; not exact permutation p"
perle,GPFA50,full,D_beh,objective,y,False,published_input_causal_train_only;raw_preprocessing_fail,100,1000,fail,matched_RMSE,1000,3.7887796472991235,0.0053868139947588437,3.7886751570140769,3.7779046785478259,3.7992496572718166,100,100,,,"empirical paired comparison, changing support; not exact permutation p"
perle,GPFA50,full,D_beh,objective,y,False,published_input_causal_train_only;raw_preprocessing_fail,100,1000,fail,null_RMSE,1000,5.8599250141155519,0.029165655299229102,5.8602906492577027,5.8053094857134893,5.9189376501819737,100,100,,,"empirical paired comparison, changing support; not exact permutation p"
perle,GPFA50,full,D_beh,objective,y,False,published_input_causal_train_only;raw_preprocessing_fail,100,1000,fail,paired_RMSE,1000,2.0711453668164279,0.029648303938082946,2.0713669326115456,2.0160129851470661,2.1296610129912525,100,100,0,0,"empirical paired comparison, changing support; not exact permutation p"
perle,GPFA50,full,D_beh,objective,y,False,published_input_causal_train_only;raw_preprocessing_fail,100,1000,fail,matched_bias,1000,0.011349259219072238,0.0090296327749112421,0.011309821072278684,-0.0064900192919867998,0.029418376494507952,100,100,,,"empirical paired comparison, changing support; not exact permutation p"
perle,GPFA50,full,D_beh,objective,y,False,published_input_causal_train_only;raw_preprocessing_fail,100,1000,fail,null_bias,1000,0.012360832865398684,0.014051040120282694,0.012413326089230981,-0.015791855295410762,0.040664857709305072,100,100,,,"empirical paired comparison, changing support; not exact permutation p"
perle,GPFA50,full,D_beh,objective,y,False,published_input_causal_train_only;raw_preprocessing_fail,100,1000,fail,matched_amplitude_ratio,1000,0.52256533270519212,0.00069089623260269739,0.52258455312750129,0.52116090789962299,0.5238733821326409,100,100,,,"empirical paired comparison, changing support; not exact permutation p"
perle,GPFA50,full,D_beh,objective,y,False,published_input_causal_train_only;raw_preprocessing_fail,100,1000,fail,null_amplitude_ratio,1000,0.52260368560709003,0.00080778217049949001,0.52261040320789365,0.52095404868937323,0.52406449439091563,100,100,,,"empirical paired comparison, changing support; not exact permutation p"
perle,GPFA50,full,D_beh,behavior,x,True,published_input_causal_train_only;raw_preprocessing_fail,100,1000,fail,matched_r,1000,0.9501281520775553,0.00014500734252108786,0.95013109616449953,0.94984161001853773,0.95041153305439008,100,100,,,"empirical paired comparison, changing support; not exact permutation p"
perle,GPFA50,full,D_beh,behavior,x,True,published_input_causal_train_only;raw_preprocessing_fail,100,1000,fail,null_r,1000,0.74168396013430793,0.0032724208104839255,0.7415458273508857,0.7356381324993293,0.74803883119881176,100,100,,,"empirical paired comparison, changing support; not exact permutation p"
perle,GPFA50,full,D_beh,behavior,x,True,published_input_causal_train_only;raw_preprocessing_fail,100,1000,fail,paired_r,1000,0.20844419194324751,0.0032284829016950298,0.20858361959287539,0.20222154496887182,0.21448474301540726,100,100,0,0,"empirical paired comparison, changing support; not exact permutation p"
perle,GPFA50,full,D_beh,behavior,x,True,published_input_causal_train_only;raw_preprocessing_fail,100,1000,fail,matched_RMSE,1000,1.1049175870992629,0.001235127638991293,1.1048991251650691,1.1026178844718344,1.1074837054108673,100,100,,,"empirical paired comparison, changing support; not exact permutation p"
perle,GPFA50,full,D_beh,behavior,x,True,published_input_causal_train_only;raw_preprocessing_fail,100,1000,fail,null_RMSE,1000,2.4176496545825761,0.014743894007254978,2.418153829932769,2.3880591886936076,2.4447293869815576,100,100,,,"empirical paired comparison, changing support; not exact permutation p"
perle,GPFA50,full,D_beh,behavior,x,True,published_input_causal_train_only;raw_preprocessing_fail,100,1000,fail,paired_RMSE,1000,1.3127320674833134,0.01446965085307067,1.3134080480825312,1.2841236305448172,1.3412424433817718,100,100,0,0,"empirical paired comparison, changing support; not exact permutation p"
perle,GPFA50,full,D_beh,behavior,x,True,published_input_causal_train_only;raw_preprocessing_fail,100,1000,fail,matched_bias,1000,0.056469179483227099,0.0017744849912604613,0.056444652260119348,0.052989173009987678,0.059737869335167358,100,100,,,"empirical paired comparison, changing support; not exact permutation p"
perle,GPFA50,full,D_beh,behavior,x,True,published_input_causal_train_only;raw_preprocessing_fail,100,1000,fail,null_bias,1000,0.056619952029501076,0.0042161762409072059,0.056656530637771332,0.048238897933464121,0.064746228170774717,100,100,,,"empirical paired comparison, changing support; not exact permutation p"
perle,GPFA50,full,D_beh,behavior,x,True,published_input_causal_train_only;raw_preprocessing_fail,100,1000,fail,matched_amplitude_ratio,1000,0.93695535445848355,0.00051725052427347969,0.93694751288108225,0.93597120561191927,0.93796200031226595,100,100,,,"empirical paired comparison, changing support; not exact permutation p"
perle,GPFA50,full,D_beh,behavior,x,True,published_input_causal_train_only;raw_preprocessing_fail,100,1000,fail,null_amplitude_ratio,1000,0.93707480497286111,0.0013138363809756793,0.93706385676389581,0.93443974462614365,0.93965104441190972,100,100,,,"empirical paired comparison, changing support; not exact permutation p"
perle,GPFA50,full,D_beh,behavior,y,True,published_input_causal_train_only;raw_preprocessing_fail,100,1000,fail,matched_r,1000,0.7185199564843695,0.00081607177553532501,0.71858517228676611,0.71681945831310789,0.72005422235987671,100,100,,,"empirical paired comparison, changing support; not exact permutation p"
perle,GPFA50,full,D_beh,behavior,y,True,published_input_causal_train_only;raw_preprocessing_fail,100,1000,fail,null_r,1000,0.0010948692752382016,0.012075945873416,0.0010871777283175629,-0.023343968739999076,0.023170354336491204,100,100,,,"empirical paired comparison, changing support; not exact permutation p"
perle,GPFA50,full,D_beh,behavior,y,True,published_input_causal_train_only;raw_preprocessing_fail,100,1000,fail,paired_r,1000,0.71742508720913123,0.012081957365829061,0.71729204121820134,0.69504682634966375,0.74162074814885193,100,100,0,0,"empirical paired comparison, changing support; not exact permutation p"
perle,GPFA50,full,D_beh,behavior,y,True,published_input_causal_train_only;raw_preprocessing_fail,100,1000,fail,matched_RMSE,1000,3.7724906810313206,0.0059518453718911506,3.7724796327069288,3.7608133184794261,3.7840807914207688,100,100,,,"empirical paired comparison, changing support; not exact permutation p"
perle,GPFA50,full,D_beh,behavior,y,True,published_input_causal_train_only;raw_preprocessing_fail,100,1000,fail,null_RMSE,1000,5.8247892376912409,0.029330736330269065,5.8245184515868464,5.7696788329293778,5.8829303308140872,100,100,,,"empirical paired comparison, changing support; not exact permutation p"
perle,GPFA50,full,D_beh,behavior,y,True,published_input_causal_train_only;raw_preprocessing_fail,100,1000,fail,paired_RMSE,1000,2.0522985566599199,0.029746809414509655,2.0523298672261916,1.9978464643142098,2.1121806371334784,100,100,0,0,"empirical paired comparison, changing support; not exact permutation p"
perle,GPFA50,full,D_beh,behavior,y,True,published_input_causal_train_only;raw_preprocessing_fail,100,1000,fail,matched_bias,1000,-0.061186905158441746,0.0094359186172772846,-0.061018415691389341,-0.080348858458538494,-0.04348290825980719,100,100,,,"empirical paired comparison, changing support; not exact permutation p"
perle,GPFA50,full,D_beh,behavior,y,True,published_input_causal_train_only;raw_preprocessing_fail,100,1000,fail,null_bias,1000,-0.060284588927849998,0.014165398719750498,-0.060640911854187643,-0.087091266022902014,-0.03272300778171168,100,100,,,"empirical paired comparison, changing support; not exact permutation p"
perle,GPFA50,full,D_beh,behavior,y,True,published_input_causal_train_only;raw_preprocessing_fail,100,1000,fail,matched_amplitude_ratio,1000,0.52667756620257156,0.00075465613637018048,0.5266901518120426,0.52519800666843452,0.52808745718496364,100,100,,,"empirical paired comparison, changing support; not exact permutation p"
perle,GPFA50,full,D_beh,behavior,y,True,published_input_causal_train_only;raw_preprocessing_fail,100,1000,fail,null_amplitude_ratio,1000,0.52670297674213973,0.00085377216995315814,0.52672780626126381,0.52505035453552396,0.52826571844234449,100,100,,,"empirical paired comparison, changing support; not exact permutation p"
perle,GPFA50,visible,D_obj,objective,x,True,published_input_causal_train_only;raw_preprocessing_fail,100,1000,fail,matched_r,1000,0.83144776835527168,0.00044065471793017751,0.8314531197078523,0.83056378221550931,0.83229414987368888,100,100,,,"empirical paired comparison, changing support; not exact permutation p"
perle,GPFA50,visible,D_obj,objective,x,True,published_input_causal_train_only;raw_preprocessing_fail,100,1000,fail,null_r,1000,0.55330298789844412,0.0046638629765127356,0.55331646401696832,0.54459045225646441,0.56243351452980495,100,100,,,"empirical paired comparison, changing support; not exact permutation p"
perle,GPFA50,visible,D_obj,objective,x,True,published_input_causal_train_only;raw_preprocessing_fail,100,1000,fail,paired_r,1000,0.2781447804568275,0.0045638722644061429,0.27824874476962447,0.26901302728132387,0.2865275704062557,100,100,0,0,"empirical paired comparison, changing support; not exact permutation p"
perle,GPFA50,visible,D_obj,objective,x,True,published_input_causal_train_only;raw_preprocessing_fail,100,1000,fail,matched_RMSE,1000,1.356271560612524,0.0012141570472679068,1.3562872384594593,1.3539739185364739,1.3588308087664962,100,100,,,"empirical paired comparison, changing support; not exact permutation p"
perle,GPFA50,visible,D_obj,objective,x,True,published_input_causal_train_only;raw_preprocessing_fail,100,1000,fail,null_RMSE,1000,2.0908089854038892,0.01059006985411042,2.091102546942059,2.0695223199701438,2.1100625042850871,100,100,,,"empirical paired comparison, changing support; not exact permutation p"
perle,GPFA50,visible,D_obj,objective,x,True,published_input_causal_train_only;raw_preprocessing_fail,100,1000,fail,paired_RMSE,1000,0.73453742479136497,0.010121573124105113,0.73489783141882192,0.71358867944904691,0.75277427949559073,100,100,0,0,"empirical paired comparison, changing support; not exact permutation p"
perle,GPFA50,visible,D_obj,objective,x,True,published_input_causal_train_only;raw_preprocessing_fail,100,1000,fail,matched_bias,1000,0.13715745201366655,0.0025379806695864679,0.13709755217699862,0.13222082931111387,0.14207738712609205,100,100,,,"empirical paired comparison, changing support; not exact permutation p"
perle,GPFA50,visible,D_obj,objective,x,True,published_input_causal_train_only;raw_preprocessing_fail,100,1000,fail,null_bias,1000,0.13747846688390283,0.0044207989315250672,0.13772079529077905,0.12853270896098748,0.14555344670617362,100,100,,,"empirical paired comparison, changing support; not exact permutation p"
perle,GPFA50,visible,D_obj,objective,x,True,published_input_causal_train_only;raw_preprocessing_fail,100,1000,fail,matched_amplitude_ratio,1000,0.81511194645017959,0.00099523676883871474,0.81514468001031415,0.81316447321696206,0.81706226882054567,100,100,,,"empirical paired comparison, changing support; not exact permutation p"
perle,GPFA50,visible,D_obj,objective,x,True,published_input_causal_train_only;raw_preprocessing_fail,100,1000,fail,null_amplitude_ratio,1000,0.81526122018774305,0.0015298018527965403,0.81530258834558256,0.81223275327531463,0.81817964551467626,100,100,,,"empirical paired comparison, changing support; not exact permutation p"
perle,GPFA50,visible,D_obj,objective,y,True,published_input_causal_train_only;raw_preprocessing_fail,100,1000,fail,matched_r,1000,0.66432416153572105,0.0011017865131210806,0.66431423930528299,0.66228664303954277,0.66651806076951436,100,100,,,"empirical paired comparison, changing support; not exact permutation p"
perle,GPFA50,visible,D_obj,objective,y,True,published_input_causal_train_only;raw_preprocessing_fail,100,1000,fail,null_r,1000,-0.00018640862729501023,0.012811086106844526,-0.0001283330710078211,-0.025376186317446505,0.024207952340922569,100,100,,,"empirical paired comparison, changing support; not exact permutation p"
perle,GPFA50,visible,D_obj,objective,y,True,published_input_causal_train_only;raw_preprocessing_fail,100,1000,fail,paired_r,1000,0.66451057016301618,0.012863509494383378,0.66459947330831537,0.64046908739583197,0.68987303117986232,100,100,0,0,"empirical paired comparison, changing support; not exact permutation p"
perle,GPFA50,visible,D_obj,objective,y,True,published_input_causal_train_only;raw_preprocessing_fail,100,1000,fail,matched_RMSE,1000,3.9945878164900059,0.0077249072947713189,3.994731093133562,3.9792666019055769,4.0091147184185019,100,100,,,"empirical paired comparison, changing support; not exact permutation p"
perle,GPFA50,visible,D_obj,objective,y,True,published_input_causal_train_only;raw_preprocessing_fail,100,1000,fail,null_RMSE,1000,5.7956455318084288,0.031206118062831984,5.7957375736310111,5.7380058710523691,5.8549400128995677,100,100,,,"empirical paired comparison, changing support; not exact permutation p"
perle,GPFA50,visible,D_obj,objective,y,True,published_input_causal_train_only;raw_preprocessing_fail,100,1000,fail,paired_RMSE,1000,1.8010577153184231,0.032184122604743244,1.8007318284036526,1.7426393372196154,1.8632726272558722,100,100,0,0,"empirical paired comparison, changing support; not exact permutation p"
perle,GPFA50,visible,D_obj,objective,y,True,published_input_causal_train_only;raw_preprocessing_fail,100,1000,fail,matched_bias,1000,-0.089437537452635635,0.012158587074221098,-0.089449500254680459,-0.11462437173079307,-0.065324808877190249,100,100,,,"empirical paired comparison, changing support; not exact permutation p"
perle,GPFA50,visible,D_obj,objective,y,True,published_input_causal_train_only;raw_preprocessing_fail,100,1000,fail,null_bias,1000,-0.088234050465665279,0.018350144858351427,-0.087799417735890062,-0.12530626772613229,-0.052432116336233819,100,100,,,"empirical paired comparison, changing support; not exact permutation p"
perle,GPFA50,visible,D_obj,objective,y,True,published_input_causal_train_only;raw_preprocessing_fail,100,1000,fail,matched_amplitude_ratio,1000,0.50726730239371842,0.00088349001140132196,0.50726133339373236,0.50566242220040003,0.50901279737779814,100,100,,,"empirical paired comparison, changing support; not exact permutation p"
perle,GPFA50,visible,D_obj,objective,y,True,published_input_causal_train_only;raw_preprocessing_fail,100,1000,fail,null_amplitude_ratio,1000,0.50731336686116113,0.0011737169766873859,0.50728361927393595,0.50503796208812235,0.5096536544279322,100,100,,,"empirical paired comparison, changing support; not exact permutation p"
perle,GPFA50,visible,D_obj,behavior,x,False,published_input_causal_train_only;raw_preprocessing_fail,100,1000,fail,matched_r,1000,0.83144776835527168,0.00044065471793017751,0.8314531197078523,0.83056378221550931,0.83229414987368888,100,100,,,"empirical paired comparison, changing support; not exact permutation p"
perle,GPFA50,visible,D_obj,behavior,x,False,published_input_causal_train_only;raw_preprocessing_fail,100,1000,fail,null_r,1000,0.55330298789844412,0.0046638629765127356,0.55331646401696832,0.54459045225646441,0.56243351452980495,100,100,,,"empirical paired comparison, changing support; not exact permutation p"
perle,GPFA50,visible,D_obj,behavior,x,False,published_input_causal_train_only;raw_preprocessing_fail,100,1000,fail,paired_r,1000,0.2781447804568275,0.0045638722644061429,0.27824874476962447,0.26901302728132387,0.2865275704062557,100,100,0,0,"empirical paired comparison, changing support; not exact permutation p"
perle,GPFA50,visible,D_obj,behavior,x,False,published_input_causal_train_only;raw_preprocessing_fail,100,1000,fail,matched_RMSE,1000,1.356271560612524,0.0012141570472679068,1.3562872384594593,1.3539739185364739,1.3588308087664962,100,100,,,"empirical paired comparison, changing support; not exact permutation p"
perle,GPFA50,visible,D_obj,behavior,x,False,published_input_causal_train_only;raw_preprocessing_fail,100,1000,fail,null_RMSE,1000,2.0908089854038892,0.01059006985411042,2.091102546942059,2.0695223199701438,2.1100625042850871,100,100,,,"empirical paired comparison, changing support; not exact permutation p"
perle,GPFA50,visible,D_obj,behavior,x,False,published_input_causal_train_only;raw_preprocessing_fail,100,1000,fail,paired_RMSE,1000,0.73453742479136497,0.010121573124105113,0.73489783141882192,0.71358867944904691,0.75277427949559073,100,100,0,0,"empirical paired comparison, changing support; not exact permutation p"
perle,GPFA50,visible,D_obj,behavior,x,False,published_input_causal_train_only;raw_preprocessing_fail,100,1000,fail,matched_bias,1000,0.13715745201366655,0.0025379806695864679,0.13709755217699862,0.13222082931111387,0.14207738712609205,100,100,,,"empirical paired comparison, changing support; not exact permutation p"
perle,GPFA50,visible,D_obj,behavior,x,False,published_input_causal_train_only;raw_preprocessing_fail,100,1000,fail,null_bias,1000,0.13747846688390283,0.0044207989315250672,0.13772079529077905,0.12853270896098748,0.14555344670617362,100,100,,,"empirical paired comparison, changing support; not exact permutation p"
perle,GPFA50,visible,D_obj,behavior,x,False,published_input_causal_train_only;raw_preprocessing_fail,100,1000,fail,matched_amplitude_ratio,1000,0.81511194645017959,0.00099523676883871474,0.81514468001031415,0.81316447321696206,0.81706226882054567,100,100,,,"empirical paired comparison, changing support; not exact permutation p"
perle,GPFA50,visible,D_obj,behavior,x,False,published_input_causal_train_only;raw_preprocessing_fail,100,1000,fail,null_amplitude_ratio,1000,0.81526122018774305,0.0015298018527965403,0.81530258834558256,0.81223275327531463,0.81817964551467626,100,100,,,"empirical paired comparison, changing support; not exact permutation p"
perle,GPFA50,visible,D_obj,behavior,y,False,published_input_causal_train_only;raw_preprocessing_fail,100,1000,fail,matched_r,1000,0.66475083456068962,0.0011109655062260845,0.66473547668836219,0.66273618854619298,0.66699941680004982,100,100,,,"empirical paired comparison, changing support; not exact permutation p"
perle,GPFA50,visible,D_obj,behavior,y,False,published_input_causal_train_only;raw_preprocessing_fail,100,1000,fail,null_r,1000,-0.00029070608987197526,0.012825245451811495,-0.00019180177666620437,-0.025716205976658541,0.023917712606335229,100,100,,,"empirical paired comparison, changing support; not exact permutation p"
perle,GPFA50,visible,D_obj,behavior,y,False,published_input_causal_train_only;raw_preprocessing_fail,100,1000,fail,paired_r,1000,0.66504154065056176,0.012880071326493592,0.6650172472313578,0.64096349292532095,0.6909015458098422,100,100,0,0,"empirical paired comparison, changing support; not exact permutation p"
perle,GPFA50,visible,D_obj,behavior,y,False,published_input_causal_train_only;raw_preprocessing_fail,100,1000,fail,matched_RMSE,1000,3.9854905773607125,0.0077589146534019172,3.9855146123637586,3.970093687053716,4.0004304628091605,100,100,,,"empirical paired comparison, changing support; not exact permutation p"
perle,GPFA50,visible,D_obj,behavior,y,False,published_input_causal_train_only;raw_preprocessing_fail,100,1000,fail,null_RMSE,1000,5.7877302284249419,0.031221038232575743,5.7873140574387509,5.729511741190807,5.8472346256534955,100,100,,,"empirical paired comparison, changing support; not exact permutation p"
perle,GPFA50,visible,D_obj,behavior,y,False,published_input_causal_train_only;raw_preprocessing_fail,100,1000,fail,paired_RMSE,1000,1.80223965106423,0.032185830288600635,1.8021670938876391,1.7440639209089224,1.8643625741687602,100,100,0,0,"empirical paired comparison, changing support; not exact permutation p"
perle,GPFA50,visible,D_obj,behavior,y,False,published_input_causal_train_only;raw_preprocessing_fail,100,1000,fail,matched_bias,1000,-0.11827698021800601,0.012151887190618134,-0.1183868633621644,-0.14385083598942405,-0.093955757818316651,100,100,,,"empirical paired comparison, changing support; not exact permutation p"
perle,GPFA50,visible,D_obj,behavior,y,False,published_input_causal_train_only;raw_preprocessing_fail,100,1000,fail,null_bias,1000,-0.11709479512606714,0.01830964837927207,-0.11670750281988455,-0.15446796952181352,-0.080831590741161793,100,100,,,"empirical paired comparison, changing support; not exact permutation p"
perle,GPFA50,visible,D_obj,behavior,y,False,published_input_causal_train_only;raw_preprocessing_fail,100,1000,fail,matched_amplitude_ratio,1000,0.5082431303384356,0.00088884126126637932,0.50824035668508194,0.50659653852048747,0.50995368314998968,100,100,,,"empirical paired comparison, changing support; not exact permutation p"
perle,GPFA50,visible,D_obj,behavior,y,False,published_input_causal_train_only;raw_preprocessing_fail,100,1000,fail,null_amplitude_ratio,1000,0.50828726587649176,0.0011823222166945549,0.5082293368507691,0.50601478662249622,0.51060723781222883,100,100,,,"empirical paired comparison, changing support; not exact permutation p"
perle,GPFA50,visible,D_beh,objective,x,False,published_input_causal_train_only;raw_preprocessing_fail,100,1000,fail,matched_r,1000,0.83144776835527168,0.00044065471793017751,0.8314531197078523,0.83056378221550931,0.83229414987368888,100,100,,,"empirical paired comparison, changing support; not exact permutation p"
perle,GPFA50,visible,D_beh,objective,x,False,published_input_causal_train_only;raw_preprocessing_fail,100,1000,fail,null_r,1000,0.55330298789844412,0.0046638629765127356,0.55331646401696832,0.54459045225646441,0.56243351452980495,100,100,,,"empirical paired comparison, changing support; not exact permutation p"
perle,GPFA50,visible,D_beh,objective,x,False,published_input_causal_train_only;raw_preprocessing_fail,100,1000,fail,paired_r,1000,0.2781447804568275,0.0045638722644061429,0.27824874476962447,0.26901302728132387,0.2865275704062557,100,100,0,0,"empirical paired comparison, changing support; not exact permutation p"
perle,GPFA50,visible,D_beh,objective,x,False,published_input_causal_train_only;raw_preprocessing_fail,100,1000,fail,matched_RMSE,1000,1.356271560612524,0.0012141570472679068,1.3562872384594593,1.3539739185364739,1.3588308087664962,100,100,,,"empirical paired comparison, changing support; not exact permutation p"
perle,GPFA50,visible,D_beh,objective,x,False,published_input_causal_train_only;raw_preprocessing_fail,100,1000,fail,null_RMSE,1000,2.0908089854038892,0.01059006985411042,2.091102546942059,2.0695223199701438,2.1100625042850871,100,100,,,"empirical paired comparison, changing support; not exact permutation p"
perle,GPFA50,visible,D_beh,objective,x,False,published_input_causal_train_only;raw_preprocessing_fail,100,1000,fail,paired_RMSE,1000,0.73453742479136497,0.010121573124105113,0.73489783141882192,0.71358867944904691,0.75277427949559073,100,100,0,0,"empirical paired comparison, changing support; not exact permutation p"
perle,GPFA50,visible,D_beh,objective,x,False,published_input_causal_train_only;raw_preprocessing_fail,100,1000,fail,matched_bias,1000,0.13715745201366655,0.0025379806695864679,0.13709755217699862,0.13222082931111387,0.14207738712609205,100,100,,,"empirical paired comparison, changing support; not exact permutation p"
perle,GPFA50,visible,D_beh,objective,x,False,published_input_causal_train_only;raw_preprocessing_fail,100,1000,fail,null_bias,1000,0.13747846688390283,0.0044207989315250672,0.13772079529077905,0.12853270896098748,0.14555344670617362,100,100,,,"empirical paired comparison, changing support; not exact permutation p"
perle,GPFA50,visible,D_beh,objective,x,False,published_input_causal_train_only;raw_preprocessing_fail,100,1000,fail,matched_amplitude_ratio,1000,0.81511194645017959,0.00099523676883871474,0.81514468001031415,0.81316447321696206,0.81706226882054567,100,100,,,"empirical paired comparison, changing support; not exact permutation p"
perle,GPFA50,visible,D_beh,objective,x,False,published_input_causal_train_only;raw_preprocessing_fail,100,1000,fail,null_amplitude_ratio,1000,0.81526122018774305,0.0015298018527965403,0.81530258834558256,0.81223275327531463,0.81817964551467626,100,100,,,"empirical paired comparison, changing support; not exact permutation p"
perle,GPFA50,visible,D_beh,objective,y,False,published_input_causal_train_only;raw_preprocessing_fail,100,1000,fail,matched_r,1000,0.65946137113741243,0.0011105586704862737,0.65945969290327722,0.65737479968262325,0.66169256716703628,100,100,,,"empirical paired comparison, changing support; not exact permutation p"
perle,GPFA50,visible,D_beh,objective,y,False,published_input_causal_train_only;raw_preprocessing_fail,100,1000,fail,null_r,1000,-0.00018245202949668208,0.012832672679252158,-2.8539722904260269e-05,-0.025762963776212136,0.023935582175688353,100,100,,,"empirical paired comparison, changing support; not exact permutation p"
perle,GPFA50,visible,D_beh,objective,y,False,published_input_causal_train_only;raw_preprocessing_fail,100,1000,fail,paired_r,1000,0.65964382316690906,0.012879416769244865,0.65960245077170376,0.63590986983452635,0.68517014627807837,100,100,0,0,"empirical paired comparison, changing support; not exact permutation p"
perle,GPFA50,visible,D_beh,objective,y,False,published_input_causal_train_only;raw_preprocessing_fail,100,1000,fail,matched_RMSE,1000,4.0155720731838533,0.0077775106100192474,4.0156816617239528,4.0001038334975911,4.0301099853084974,100,100,,,"empirical paired comparison, changing support; not exact permutation p"
perle,GPFA50,visible,D_beh,objective,y,False,published_input_causal_train_only;raw_preprocessing_fail,100,1000,fail,null_RMSE,1000,5.7868693321602773,0.031037225282981612,5.7861077638897704,5.7311984257978272,5.8468529108244942,100,100,,,"empirical paired comparison, changing support; not exact permutation p"
perle,GPFA50,visible,D_beh,objective,y,False,published_input_causal_train_only;raw_preprocessing_fail,100,1000,fail,paired_RMSE,1000,1.7712972589764244,0.032009339954534574,1.7710785368897946,1.7135471004965486,1.8329614416542925,100,100,0,0,"empirical paired comparison, changing support; not exact permutation p"
perle,GPFA50,visible,D_beh,objective,y,False,published_input_causal_train_only;raw_preprocessing_fail,100,1000,fail,matched_bias,1000,-0.072019698141092339,0.012295783809758249,-0.072122408469455446,-0.097402225728430047,-0.048111502787334441,100,100,,,"empirical paired comparison, changing support; not exact permutation p"
perle,GPFA50,visible,D_beh,objective,y,False,published_input_causal_train_only;raw_preprocessing_fail,100,1000,fail,null_bias,1000,-0.070816211154121969,0.018277187626997274,-0.070374137765149447,-0.10793039816059602,-0.035278610738914883,100,100,,,"empirical paired comparison, changing support; not exact permutation p"
perle,GPFA50,visible,D_beh,objective,y,False,published_input_causal_train_only;raw_preprocessing_fail,100,1000,fail,matched_amplitude_ratio,1000,0.50305612113160147,0.00087628455552226216,0.50306837518919179,0.50146410208661207,0.5047691380020034,100,100,,,"empirical paired comparison, changing support; not exact permutation p"
perle,GPFA50,visible,D_beh,objective,y,False,published_input_causal_train_only;raw_preprocessing_fail,100,1000,fail,null_amplitude_ratio,1000,0.50310028154125641,0.0011576272619151123,0.50308350519718115,0.5008385055196849,0.505358523339142,100,100,,,"empirical paired comparison, changing support; not exact permutation p"
perle,GPFA50,visible,D_beh,behavior,x,True,published_input_causal_train_only;raw_preprocessing_fail,100,1000,fail,matched_r,1000,0.83144776835527168,0.00044065471793017751,0.8314531197078523,0.83056378221550931,0.83229414987368888,100,100,,,"empirical paired comparison, changing support; not exact permutation p"
perle,GPFA50,visible,D_beh,behavior,x,True,published_input_causal_train_only;raw_preprocessing_fail,100,1000,fail,null_r,1000,0.55330298789844412,0.0046638629765127356,0.55331646401696832,0.54459045225646441,0.56243351452980495,100,100,,,"empirical paired comparison, changing support; not exact permutation p"
perle,GPFA50,visible,D_beh,behavior,x,True,published_input_causal_train_only;raw_preprocessing_fail,100,1000,fail,paired_r,1000,0.2781447804568275,0.0045638722644061429,0.27824874476962447,0.26901302728132387,0.2865275704062557,100,100,0,0,"empirical paired comparison, changing support; not exact permutation p"
perle,GPFA50,visible,D_beh,behavior,x,True,published_input_causal_train_only;raw_preprocessing_fail,100,1000,fail,matched_RMSE,1000,1.356271560612524,0.0012141570472679068,1.3562872384594593,1.3539739185364739,1.3588308087664962,100,100,,,"empirical paired comparison, changing support; not exact permutation p"
perle,GPFA50,visible,D_beh,behavior,x,True,published_input_causal_train_only;raw_preprocessing_fail,100,1000,fail,null_RMSE,1000,2.0908089854038892,0.01059006985411042,2.091102546942059,2.0695223199701438,2.1100625042850871,100,100,,,"empirical paired comparison, changing support; not exact permutation p"
perle,GPFA50,visible,D_beh,behavior,x,True,published_input_causal_train_only;raw_preprocessing_fail,100,1000,fail,paired_RMSE,1000,0.73453742479136497,0.010121573124105113,0.73489783141882192,0.71358867944904691,0.75277427949559073,100,100,0,0,"empirical paired comparison, changing support; not exact permutation p"
perle,GPFA50,visible,D_beh,behavior,x,True,published_input_causal_train_only;raw_preprocessing_fail,100,1000,fail,matched_bias,1000,0.13715745201366655,0.0025379806695864679,0.13709755217699862,0.13222082931111387,0.14207738712609205,100,100,,,"empirical paired comparison, changing support; not exact permutation p"
perle,GPFA50,visible,D_beh,behavior,x,True,published_input_causal_train_only;raw_preprocessing_fail,100,1000,fail,null_bias,1000,0.13747846688390283,0.0044207989315250672,0.13772079529077905,0.12853270896098748,0.14555344670617362,100,100,,,"empirical paired comparison, changing support; not exact permutation p"
perle,GPFA50,visible,D_beh,behavior,x,True,published_input_causal_train_only;raw_preprocessing_fail,100,1000,fail,matched_amplitude_ratio,1000,0.81511194645017959,0.00099523676883871474,0.81514468001031415,0.81316447321696206,0.81706226882054567,100,100,,,"empirical paired comparison, changing support; not exact permutation p"
perle,GPFA50,visible,D_beh,behavior,x,True,published_input_causal_train_only;raw_preprocessing_fail,100,1000,fail,null_amplitude_ratio,1000,0.81526122018774305,0.0015298018527965403,0.81530258834558256,0.81223275327531463,0.81817964551467626,100,100,,,"empirical paired comparison, changing support; not exact permutation p"
perle,GPFA50,visible,D_beh,behavior,y,True,published_input_causal_train_only;raw_preprocessing_fail,100,1000,fail,matched_r,1000,0.66011297452135664,0.0011182169739630237,0.6601047518647345,0.65802141111095203,0.66237400838834248,100,100,,,"empirical paired comparison, changing support; not exact permutation p"
perle,GPFA50,visible,D_beh,behavior,y,True,published_input_causal_train_only;raw_preprocessing_fail,100,1000,fail,null_r,1000,-0.00027888804501293894,0.012847928455093327,8.3134751028936802e-05,-0.025801978476111573,0.023962378519479195,100,100,,,"empirical paired comparison, changing support; not exact permutation p"
perle,GPFA50,visible,D_beh,behavior,y,True,published_input_causal_train_only;raw_preprocessing_fail,100,1000,fail,paired_r,1000,0.66039186256636961,0.012896677074126546,0.66037062130333302,0.63652096226166333,0.68623695664239837,100,100,0,0,"empirical paired comparison, changing support; not exact permutation p"
perle,GPFA50,visible,D_beh,behavior,y,True,published_input_causal_train_only;raw_preprocessing_fail,100,1000,fail,matched_RMSE,1000,4.0056418966226408,0.0078088795377696529,4.0058104357939435,3.9899242244248767,4.0206629352378052,100,100,,,"empirical paired comparison, changing support; not exact permutation p"
perle,GPFA50,visible,D_beh,behavior,y,True,published_input_causal_train_only;raw_preprocessing_fail,100,1000,fail,null_RMSE,1000,5.7788619385175606,0.031056366179133064,5.7778926405976971,5.7222561036907438,5.8384546707999947,100,100,,,"empirical paired comparison, changing support; not exact permutation p"
perle,GPFA50,visible,D_beh,behavior,y,True,published_input_causal_train_only;raw_preprocessing_fail,100,1000,fail,paired_RMSE,1000,1.7732200418949204,0.032013076025777396,1.7731695402153278,1.7153432019522916,1.8348332702013841,100,100,0,0,"empirical paired comparison, changing support; not exact permutation p"
perle,GPFA50,visible,D_beh,behavior,y,True,published_input_causal_train_only;raw_preprocessing_fail,100,1000,fail,matched_bias,1000,-0.10085914090646271,0.012280944416458817,-0.10107623295770818,-0.12662858565445223,-0.076493732877730147,100,100,,,"empirical paired comparison, changing support; not exact permutation p"
perle,GPFA50,visible,D_beh,behavior,y,True,published_input_causal_train_only;raw_preprocessing_fail,100,1000,fail,null_bias,1000,-0.099676955814523835,0.018235535143177543,-0.099165484597039,-0.13725753586798342,-0.063814919976450751,100,100,,,"empirical paired comparison, changing support; not exact permutation p"
perle,GPFA50,visible,D_beh,behavior,y,True,published_input_causal_train_only;raw_preprocessing_fail,100,1000,fail,matched_amplitude_ratio,1000,0.50402529179229649,0.00088080706270299281,0.50402604412498619,0.50237982755102828,0.50572097261142579,100,100,,,"empirical paired comparison, changing support; not exact permutation p"
perle,GPFA50,visible,D_beh,behavior,y,True,published_input_causal_train_only;raw_preprocessing_fail,100,1000,fail,null_amplitude_ratio,1000,0.50406768102719612,0.0011661500794832779,0.50402896393123409,0.50180402218179265,0.50634625820010615,100,100,,,"empirical paired comparison, changing support; not exact permutation p"
perle,GPFA50,hidden,D_obj,objective,x,True,published_input_causal_train_only;raw_preprocessing_fail,100,1000,fail,matched_r,1000,0.92280417795744718,0.0024794950122812376,0.92289583528040997,0.91761858793699436,0.92760157305748203,100,100,,,"empirical paired comparison, changing support; not exact permutation p"
perle,GPFA50,hidden,D_obj,objective,x,True,published_input_causal_train_only;raw_preprocessing_fail,100,1000,fail,null_r,1000,0.11527603128505452,0.012893806391420549,0.11579695516223383,0.089114702482623168,0.14096844627595714,100,100,,,"empirical paired comparison, changing support; not exact permutation p"
perle,GPFA50,hidden,D_obj,objective,x,True,published_input_causal_train_only;raw_preprocessing_fail,100,1000,fail,paired_r,1000,0.8075281466723927,0.013676348688751843,0.80717989769696163,0.78132255534287998,0.83442718316448994,100,100,0,0,"empirical paired comparison, changing support; not exact permutation p"
perle,GPFA50,hidden,D_obj,objective,x,True,published_input_causal_train_only;raw_preprocessing_fail,100,1000,fail,matched_RMSE,1000,0.60088524496788109,0.0079345854788628947,0.60060660266172905,0.58557433239851342,0.61709137538152103,100,100,,,"empirical paired comparison, changing support; not exact permutation p"
perle,GPFA50,hidden,D_obj,objective,x,True,published_input_causal_train_only;raw_preprocessing_fail,100,1000,fail,null_RMSE,1000,1.8949675824295249,0.017632288493266039,1.8948917492702666,1.859500482787283,1.9315254227180232,100,100,,,"empirical paired comparison, changing support; not exact permutation p"
perle,GPFA50,hidden,D_obj,objective,x,True,published_input_causal_train_only;raw_preprocessing_fail,100,1000,fail,paired_RMSE,1000,1.2940823374616439,0.019452970644928146,1.2938243276083554,1.2581833073384781,1.333616774783849,100,100,0,0,"empirical paired comparison, changing support; not exact permutation p"
perle,GPFA50,hidden,D_obj,objective,x,True,published_input_causal_train_only;raw_preprocessing_fail,100,1000,fail,matched_bias,1000,-0.10613537667216057,0.0068446895151112698,-0.1061523495626097,-0.11942479222852088,-0.093089136371009365,100,100,,,"empirical paired comparison, changing support; not exact permutation p"
perle,GPFA50,hidden,D_obj,objective,x,True,published_input_causal_train_only;raw_preprocessing_fail,100,1000,fail,null_bias,1000,-0.10532970781321134,0.02326659996864136,-0.10560007796110317,-0.15097460179605188,-0.060043249217516775,100,100,,,"empirical paired comparison, changing support; not exact permutation p"
perle,GPFA50,hidden,D_obj,objective,x,True,published_input_causal_train_only;raw_preprocessing_fail,100,1000,fail,matched_amplitude_ratio,1000,1.1322833142025668,0.00338876680723441,1.1323035169265223,1.1254954637774053,1.1392740028844968,100,100,,,"empirical paired comparison, changing support; not exact permutation p"
perle,GPFA50,hidden,D_obj,objective,x,True,published_input_causal_train_only;raw_preprocessing_fail,100,1000,fail,null_amplitude_ratio,1000,1.132736365855435,0.0047327070505706129,1.1326156065342241,1.1232834517789592,1.1420515595534773,100,100,,,"empirical paired comparison, changing support; not exact permutation p"
perle,GPFA50,hidden,D_obj,objective,y,True,published_input_causal_train_only;raw_preprocessing_fail,100,1000,fail,matched_r,1000,0.79762502536057589,0.0030588314234515222,0.79763295475421869,0.79135342378776918,0.80329072563557136,100,100,,,"empirical paired comparison, changing support; not exact permutation p"
perle,GPFA50,hidden,D_obj,objective,y,True,published_input_causal_train_only;raw_preprocessing_fail,100,1000,fail,null_r,1000,0.0047434986833023544,0.01856144969905793,0.0047308122116316523,-0.031823935333670138,0.041376753625205792,100,100,,,"empirical paired comparison, changing support; not exact permutation p"
perle,GPFA50,hidden,D_obj,objective,y,True,published_input_causal_train_only;raw_preprocessing_fail,100,1000,fail,paired_r,1000,0.79288152667727352,0.018652763189246403,0.79275309129068772,0.7562677842655241,0.82877250196953656,100,100,0,0,"empirical paired comparison, changing support; not exact permutation p"
perle,GPFA50,hidden,D_obj,objective,y,True,published_input_causal_train_only;raw_preprocessing_fail,100,1000,fail,matched_RMSE,1000,3.5032156966105203,0.02505242935224131,3.5032605195295758,3.4536966118779864,3.5511319119238118,100,100,,,"empirical paired comparison, changing support; not exact permutation p"
perle,GPFA50,hidden,D_obj,objective,y,True,published_input_causal_train_only;raw_preprocessing_fail,100,1000,fail,null_RMSE,1000,6.0380315535275848,0.053115896476793351,6.0378475228878585,5.9292837476110671,6.1405104783896656,100,100,,,"empirical paired comparison, changing support; not exact permutation p"
perle,GPFA50,hidden,D_obj,objective,y,True,published_input_causal_train_only;raw_preprocessing_fail,100,1000,fail,paired_RMSE,1000,2.534815856917064,0.059449398825868603,2.5341837700557694,2.4166863281678008,2.650703406584078,100,100,0,0,"empirical paired comparison, changing support; not exact permutation p"
perle,GPFA50,hidden,D_obj,objective,y,True,published_input_causal_train_only;raw_preprocessing_fail,100,1000,fail,matched_bias,1000,-0.1119164069032126,0.039144976969943811,-0.11327393016311048,-0.18887114567308011,-0.035535878257598463,100,100,,,"empirical paired comparison, changing support; not exact permutation p"
perle,GPFA50,hidden,D_obj,objective,y,True,published_input_causal_train_only;raw_preprocessing_fail,100,1000,fail,null_bias,1000,-0.10738181181070437,0.062413130851066298,-0.10756078082597965,-0.23558473744605007,0.013462413436445442,100,100,,,"empirical paired comparison, changing support; not exact permutation p"
perle,GPFA50,hidden,D_obj,objective,y,True,published_input_causal_train_only;raw_preprocessing_fail,100,1000,fail,matched_amplitude_ratio,1000,0.55978174779486434,0.0034101537998717825,0.55972923924040419,0.55346345517257856,0.56662079988180725,100,100,,,"empirical paired comparison, changing support; not exact permutation p"
perle,GPFA50,hidden,D_obj,objective,y,True,published_input_causal_train_only;raw_preprocessing_fail,100,1000,fail,null_amplitude_ratio,1000,0.56034894787735434,0.0042440485381551396,0.56037052703995571,0.55188415139323899,0.56806665886238805,100,100,,,"empirical paired comparison, changing support; not exact permutation p"
perle,GPFA50,hidden,D_obj,behavior,x,False,published_input_causal_train_only;raw_preprocessing_fail,100,1000,fail,matched_r,1000,0.92280417795744718,0.0024794950122812376,0.92289583528040997,0.91761858793699436,0.92760157305748203,100,100,,,"empirical paired comparison, changing support; not exact permutation p"
perle,GPFA50,hidden,D_obj,behavior,x,False,published_input_causal_train_only;raw_preprocessing_fail,100,1000,fail,null_r,1000,0.11527603128505452,0.012893806391420549,0.11579695516223383,0.089114702482623168,0.14096844627595714,100,100,,,"empirical paired comparison, changing support; not exact permutation p"
perle,GPFA50,hidden,D_obj,behavior,x,False,published_input_causal_train_only;raw_preprocessing_fail,100,1000,fail,paired_r,1000,0.8075281466723927,0.013676348688751843,0.80717989769696163,0.78132255534287998,0.83442718316448994,100,100,0,0,"empirical paired comparison, changing support; not exact permutation p"
perle,GPFA50,hidden,D_obj,behavior,x,False,published_input_causal_train_only;raw_preprocessing_fail,100,1000,fail,matched_RMSE,1000,0.60088524496788109,0.0079345854788628947,0.60060660266172905,0.58557433239851342,0.61709137538152103,100,100,,,"empirical paired comparison, changing support; not exact permutation p"
perle,GPFA50,hidden,D_obj,behavior,x,False,published_input_causal_train_only;raw_preprocessing_fail,100,1000,fail,null_RMSE,1000,1.8949675824295249,0.017632288493266039,1.8948917492702666,1.859500482787283,1.9315254227180232,100,100,,,"empirical paired comparison, changing support; not exact permutation p"
perle,GPFA50,hidden,D_obj,behavior,x,False,published_input_causal_train_only;raw_preprocessing_fail,100,1000,fail,paired_RMSE,1000,1.2940823374616439,0.019452970644928146,1.2938243276083554,1.2581833073384781,1.333616774783849,100,100,0,0,"empirical paired comparison, changing support; not exact permutation p"
perle,GPFA50,hidden,D_obj,behavior,x,False,published_input_causal_train_only;raw_preprocessing_fail,100,1000,fail,matched_bias,1000,-0.10613537667216057,0.0068446895151112698,-0.1061523495626097,-0.11942479222852088,-0.093089136371009365,100,100,,,"empirical paired comparison, changing support; not exact permutation p"
perle,GPFA50,hidden,D_obj,behavior,x,False,published_input_causal_train_only;raw_preprocessing_fail,100,1000,fail,null_bias,1000,-0.10532970781321134,0.02326659996864136,-0.10560007796110317,-0.15097460179605188,-0.060043249217516775,100,100,,,"empirical paired comparison, changing support; not exact permutation p"
perle,GPFA50,hidden,D_obj,behavior,x,False,published_input_causal_train_only;raw_preprocessing_fail,100,1000,fail,matched_amplitude_ratio,1000,1.1322833142025668,0.00338876680723441,1.1323035169265223,1.1254954637774053,1.1392740028844968,100,100,,,"empirical paired comparison, changing support; not exact permutation p"
perle,GPFA50,hidden,D_obj,behavior,x,False,published_input_causal_train_only;raw_preprocessing_fail,100,1000,fail,null_amplitude_ratio,1000,1.132736365855435,0.0047327070505706129,1.1326156065342241,1.1232834517789592,1.1420515595534773,100,100,,,"empirical paired comparison, changing support; not exact permutation p"
perle,GPFA50,hidden,D_obj,behavior,y,False,published_input_causal_train_only;raw_preprocessing_fail,100,1000,fail,matched_r,1000,0.78506722416312269,0.0033190664048778646,0.78512108894111532,0.77805033424016967,0.79146020978924547,100,100,,,"empirical paired comparison, changing support; not exact permutation p"
perle,GPFA50,hidden,D_obj,behavior,y,False,published_input_causal_train_only;raw_preprocessing_fail,100,1000,fail,null_r,1000,0.0047987362424530833,0.018624388518732198,0.0049644009326666599,-0.032025018919833476,0.041432812575010664,100,100,,,"empirical paired comparison, changing support; not exact permutation p"
perle,GPFA50,hidden,D_obj,behavior,y,False,published_input_causal_train_only;raw_preprocessing_fail,100,1000,fail,paired_r,1000,0.78026848792066972,0.018706584486975573,0.78010101807018661,0.74412295068538026,0.81639016769284267,100,100,0,0,"empirical paired comparison, changing support; not exact permutation p"
perle,GPFA50,hidden,D_obj,behavior,y,False,published_input_causal_train_only;raw_preprocessing_fail,100,1000,fail,matched_RMSE,1000,3.48662909226256,0.026760230766291766,3.4870010745826541,3.4327205781243419,3.5385656533828311,100,100,,,"empirical paired comparison, changing support; not exact permutation p"
perle,GPFA50,hidden,D_obj,behavior,y,False,published_input_causal_train_only;raw_preprocessing_fail,100,1000,fail,null_RMSE,1000,5.9592478189968778,0.053603310950248222,5.9589668290466502,5.8483935488887386,6.0599169821435375,100,100,,,"empirical paired comparison, changing support; not exact permutation p"
perle,GPFA50,hidden,D_obj,behavior,y,False,published_input_causal_train_only;raw_preprocessing_fail,100,1000,fail,paired_RMSE,1000,2.4726187267343178,0.059908885048949014,2.4725506444423146,2.353597292459217,2.5835964713592663,100,100,0,0,"empirical paired comparison, changing support; not exact permutation p"
perle,GPFA50,hidden,D_obj,behavior,y,False,published_input_causal_train_only;raw_preprocessing_fail,100,1000,fail,matched_bias,1000,-0.26136934744479767,0.040138960578024907,-0.26294918549450258,-0.34197931721745989,-0.18378117773990679,100,100,,,"empirical paired comparison, changing support; not exact permutation p"
perle,GPFA50,hidden,D_obj,behavior,y,False,published_input_causal_train_only;raw_preprocessing_fail,100,1000,fail,null_bias,1000,-0.25723457751889339,0.062846174608041705,-0.25779336679892983,-0.38443652280123913,-0.13532401837342142,100,100,,,"empirical paired comparison, changing support; not exact permutation p"
perle,GPFA50,hidden,D_obj,behavior,y,False,published_input_causal_train_only;raw_preprocessing_fail,100,1000,fail,matched_amplitude_ratio,1000,0.57095619432197897,0.0036974153979325588,0.57089933198417753,0.56421216686463793,0.57818061225557416,100,100,,,"empirical paired comparison, changing support; not exact permutation p"
perle,GPFA50,hidden,D_obj,behavior,y,False,published_input_causal_train_only;raw_preprocessing_fail,100,1000,fail,null_amplitude_ratio,1000,0.57151855019219733,0.0045194466338705662,0.57151104542000897,0.56284300477087545,0.58005319666934518,100,100,,,"empirical paired comparison, changing support; not exact permutation p"
perle,GPFA50,hidden,D_beh,objective,x,False,published_input_causal_train_only;raw_preprocessing_fail,100,1000,fail,matched_r,1000,0.92280417795744718,0.0024794950122812376,0.92289583528040997,0.91761858793699436,0.92760157305748203,100,100,,,"empirical paired comparison, changing support; not exact permutation p"
perle,GPFA50,hidden,D_beh,objective,x,False,published_input_causal_train_only;raw_preprocessing_fail,100,1000,fail,null_r,1000,0.11527603128505452,0.012893806391420549,0.11579695516223383,0.089114702482623168,0.14096844627595714,100,100,,,"empirical paired comparison, changing support; not exact permutation p"
perle,GPFA50,hidden,D_beh,objective,x,False,published_input_causal_train_only;raw_preprocessing_fail,100,1000,fail,paired_r,1000,0.8075281466723927,0.013676348688751843,0.80717989769696163,0.78132255534287998,0.83442718316448994,100,100,0,0,"empirical paired comparison, changing support; not exact permutation p"
perle,GPFA50,hidden,D_beh,objective,x,False,published_input_causal_train_only;raw_preprocessing_fail,100,1000,fail,matched_RMSE,1000,0.60088524496788109,0.0079345854788628947,0.60060660266172905,0.58557433239851342,0.61709137538152103,100,100,,,"empirical paired comparison, changing support; not exact permutation p"
perle,GPFA50,hidden,D_beh,objective,x,False,published_input_causal_train_only;raw_preprocessing_fail,100,1000,fail,null_RMSE,1000,1.8949675824295249,0.017632288493266039,1.8948917492702666,1.859500482787283,1.9315254227180232,100,100,,,"empirical paired comparison, changing support; not exact permutation p"
perle,GPFA50,hidden,D_beh,objective,x,False,published_input_causal_train_only;raw_preprocessing_fail,100,1000,fail,paired_RMSE,1000,1.2940823374616439,0.019452970644928146,1.2938243276083554,1.2581833073384781,1.333616774783849,100,100,0,0,"empirical paired comparison, changing support; not exact permutation p"
perle,GPFA50,hidden,D_beh,objective,x,False,published_input_causal_train_only;raw_preprocessing_fail,100,1000,fail,matched_bias,1000,-0.10613537667216057,0.0068446895151112698,-0.1061523495626097,-0.11942479222852088,-0.093089136371009365,100,100,,,"empirical paired comparison, changing support; not exact permutation p"
perle,GPFA50,hidden,D_beh,objective,x,False,published_input_causal_train_only;raw_preprocessing_fail,100,1000,fail,null_bias,1000,-0.10532970781321134,0.02326659996864136,-0.10560007796110317,-0.15097460179605188,-0.060043249217516775,100,100,,,"empirical paired comparison, changing support; not exact permutation p"
perle,GPFA50,hidden,D_beh,objective,x,False,published_input_causal_train_only;raw_preprocessing_fail,100,1000,fail,matched_amplitude_ratio,1000,1.1322833142025668,0.00338876680723441,1.1323035169265223,1.1254954637774053,1.1392740028844968,100,100,,,"empirical paired comparison, changing support; not exact permutation p"
perle,GPFA50,hidden,D_beh,objective,x,False,published_input_causal_train_only;raw_preprocessing_fail,100,1000,fail,null_amplitude_ratio,1000,1.132736365855435,0.0047327070505706129,1.1326156065342241,1.1232834517789592,1.1420515595534773,100,100,,,"empirical paired comparison, changing support; not exact permutation p"
perle,GPFA50,hidden,D_beh,objective,y,False,published_input_causal_train_only;raw_preprocessing_fail,100,1000,fail,matched_r,1000,0.79674732057939035,0.0032294391274579012,0.79680741296215918,0.78999743800417832,0.80282732747125818,100,100,,,"empirical paired comparison, changing support; not exact permutation p"
perle,GPFA50,hidden,D_beh,objective,y,False,published_input_causal_train_only;raw_preprocessing_fail,100,1000,fail,null_r,1000,0.0046274319092970669,0.018596062747256205,0.004652834050288112,-0.032052204398324513,0.041458224042938016,100,100,,,"empirical paired comparison, changing support; not exact permutation p"
perle,GPFA50,hidden,D_beh,objective,y,False,published_input_causal_train_only;raw_preprocessing_fail,100,1000,fail,paired_r,1000,0.79211988867009331,0.018692102613898524,0.79230921930790343,0.75554826676296705,0.8280623187620938,100,100,0,0,"empirical paired comparison, changing support; not exact permutation p"
perle,GPFA50,hidden,D_beh,objective,y,False,published_input_causal_train_only;raw_preprocessing_fail,100,1000,fail,matched_RMSE,1000,3.522877013239909,0.025290582710332979,3.5229550031978323,3.4734702881523614,3.571183441702225,100,100,,,"empirical paired comparison, changing support; not exact permutation p"
perle,GPFA50,hidden,D_beh,objective,y,False,published_input_causal_train_only;raw_preprocessing_fail,100,1000,fail,null_RMSE,1000,6.0175547052534588,0.052506150601580689,6.017179659562002,5.9097088496145762,6.1188696435416503,100,100,,,"empirical paired comparison, changing support; not exact permutation p"
perle,GPFA50,hidden,D_beh,objective,y,False,published_input_causal_train_only;raw_preprocessing_fail,100,1000,fail,paired_RMSE,1000,2.4946776920135498,0.059000867689662208,2.4937359897131941,2.3768142028293244,2.6072173701939163,100,100,0,0,"empirical paired comparison, changing support; not exact permutation p"
perle,GPFA50,hidden,D_beh,objective,y,False,published_input_causal_train_only;raw_preprocessing_fail,100,1000,fail,matched_bias,1000,0.024491857107437377,0.039523526322135696,0.023533558893687967,-0.05343921114002205,0.10062919473645345,100,100,,,"empirical paired comparison, changing support; not exact permutation p"
perle,GPFA50,hidden,D_beh,objective,y,False,published_input_causal_train_only;raw_preprocessing_fail,100,1000,fail,null_bias,1000,0.029026452199945596,0.06219635573557545,0.029357621294295547,-0.098288577533457461,0.14738387456628077,100,100,,,"empirical paired comparison, changing support; not exact permutation p"
perle,GPFA50,hidden,D_beh,objective,y,False,published_input_causal_train_only;raw_preprocessing_fail,100,1000,fail,matched_amplitude_ratio,1000,0.55135781139926021,0.0033471217130525278,0.55125414166442277,0.54532481302128699,0.55804214475566061,100,100,,,"empirical paired comparison, changing support; not exact permutation p"
perle,GPFA50,hidden,D_beh,objective,y,False,published_input_causal_train_only;raw_preprocessing_fail,100,1000,fail,null_amplitude_ratio,1000,0.55192699125908407,0.0041761834320747726,0.55187629129218418,0.54374679853173336,0.55971078729847912,100,100,,,"empirical paired comparison, changing support; not exact permutation p"
perle,GPFA50,hidden,D_beh,behavior,x,True,published_input_causal_train_only;raw_preprocessing_fail,100,1000,fail,matched_r,1000,0.92280417795744718,0.0024794950122812376,0.92289583528040997,0.91761858793699436,0.92760157305748203,100,100,,,"empirical paired comparison, changing support; not exact permutation p"
perle,GPFA50,hidden,D_beh,behavior,x,True,published_input_causal_train_only;raw_preprocessing_fail,100,1000,fail,null_r,1000,0.11527603128505452,0.012893806391420549,0.11579695516223383,0.089114702482623168,0.14096844627595714,100,100,,,"empirical paired comparison, changing support; not exact permutation p"
perle,GPFA50,hidden,D_beh,behavior,x,True,published_input_causal_train_only;raw_preprocessing_fail,100,1000,fail,paired_r,1000,0.8075281466723927,0.013676348688751843,0.80717989769696163,0.78132255534287998,0.83442718316448994,100,100,0,0,"empirical paired comparison, changing support; not exact permutation p"
perle,GPFA50,hidden,D_beh,behavior,x,True,published_input_causal_train_only;raw_preprocessing_fail,100,1000,fail,matched_RMSE,1000,0.60088524496788109,0.0079345854788628947,0.60060660266172905,0.58557433239851342,0.61709137538152103,100,100,,,"empirical paired comparison, changing support; not exact permutation p"
perle,GPFA50,hidden,D_beh,behavior,x,True,published_input_causal_train_only;raw_preprocessing_fail,100,1000,fail,null_RMSE,1000,1.8949675824295249,0.017632288493266039,1.8948917492702666,1.859500482787283,1.9315254227180232,100,100,,,"empirical paired comparison, changing support; not exact permutation p"
perle,GPFA50,hidden,D_beh,behavior,x,True,published_input_causal_train_only;raw_preprocessing_fail,100,1000,fail,paired_RMSE,1000,1.2940823374616439,0.019452970644928146,1.2938243276083554,1.2581833073384781,1.333616774783849,100,100,0,0,"empirical paired comparison, changing support; not exact permutation p"
perle,GPFA50,hidden,D_beh,behavior,x,True,published_input_causal_train_only;raw_preprocessing_fail,100,1000,fail,matched_bias,1000,-0.10613537667216057,0.0068446895151112698,-0.1061523495626097,-0.11942479222852088,-0.093089136371009365,100,100,,,"empirical paired comparison, changing support; not exact permutation p"
perle,GPFA50,hidden,D_beh,behavior,x,True,published_input_causal_train_only;raw_preprocessing_fail,100,1000,fail,null_bias,1000,-0.10532970781321134,0.02326659996864136,-0.10560007796110317,-0.15097460179605188,-0.060043249217516775,100,100,,,"empirical paired comparison, changing support; not exact permutation p"
perle,GPFA50,hidden,D_beh,behavior,x,True,published_input_causal_train_only;raw_preprocessing_fail,100,1000,fail,matched_amplitude_ratio,1000,1.1322833142025668,0.00338876680723441,1.1323035169265223,1.1254954637774053,1.1392740028844968,100,100,,,"empirical paired comparison, changing support; not exact permutation p"
perle,GPFA50,hidden,D_beh,behavior,x,True,published_input_causal_train_only;raw_preprocessing_fail,100,1000,fail,null_amplitude_ratio,1000,1.132736365855435,0.0047327070505706129,1.1326156065342241,1.1232834517789592,1.1420515595534773,100,100,,,"empirical paired comparison, changing support; not exact permutation p"
perle,GPFA50,hidden,D_beh,behavior,y,True,published_input_causal_train_only;raw_preprocessing_fail,100,1000,fail,matched_r,1000,0.78484112668351735,0.0035307544552088551,0.78494479016140706,0.77742818698086325,0.79148458532528965,100,100,,,"empirical paired comparison, changing support; not exact permutation p"
perle,GPFA50,hidden,D_beh,behavior,y,True,published_input_causal_train_only;raw_preprocessing_fail,100,1000,fail,null_r,1000,0.0047159466835779837,0.018670844687582202,0.0049502757485992551,-0.032234698598842204,0.042226385094426257,100,100,,,"empirical paired comparison, changing support; not exact permutation p"
perle,GPFA50,hidden,D_beh,behavior,y,True,published_input_causal_train_only;raw_preprocessing_fail,100,1000,fail,paired_r,1000,0.78012517999993924,0.018759952117381747,0.77984216295030251,0.74395054408705974,0.8162901453022825,100,100,0,0,"empirical paired comparison, changing support; not exact permutation p"
perle,GPFA50,hidden,D_beh,behavior,y,True,published_input_causal_train_only;raw_preprocessing_fail,100,1000,fail,matched_RMSE,1000,3.4970938741918154,0.027279935587344435,3.4971542023363984,3.4421269761263504,3.55056547237609,100,100,,,"empirical paired comparison, changing support; not exact permutation p"
perle,GPFA50,hidden,D_beh,behavior,y,True,published_input_causal_train_only;raw_preprocessing_fail,100,1000,fail,null_RMSE,1000,5.9357322722357546,0.053024394306206167,5.9350615396591042,5.8289595883051986,6.0382333566068507,100,100,,,"empirical paired comparison, changing support; not exact permutation p"
perle,GPFA50,hidden,D_beh,behavior,y,True,published_input_causal_train_only;raw_preprocessing_fail,100,1000,fail,paired_RMSE,1000,2.4386383980439388,0.05963263849356347,2.4385459270932772,2.3179247732832877,2.547809126384545,100,100,0,0,"empirical paired comparison, changing support; not exact permutation p"
perle,GPFA50,hidden,D_beh,behavior,y,True,published_input_causal_train_only;raw_preprocessing_fail,100,1000,fail,matched_bias,1000,-0.12496108343414769,0.040465075812570118,-0.12634576423431765,-0.20310163709808524,-0.04818030674329804,100,100,,,"empirical paired comparison, changing support; not exact permutation p"
perle,GPFA50,hidden,D_beh,behavior,y,True,published_input_causal_train_only;raw_preprocessing_fail,100,1000,fail,null_bias,1000,-0.12082631350824335,0.062620179774353191,-0.12134030141952501,-0.24821978790282376,0.00120571950765736,100,100,,,"empirical paired comparison, changing support; not exact permutation p"
perle,GPFA50,hidden,D_beh,behavior,y,True,published_input_causal_train_only;raw_preprocessing_fail,100,1000,fail,matched_amplitude_ratio,1000,0.56247717005195497,0.003625296935432106,0.56242660553892687,0.55582364763228387,0.56957972467707718,100,100,,,"empirical paired comparison, changing support; not exact permutation p"
perle,GPFA50,hidden,D_beh,behavior,y,True,published_input_causal_train_only;raw_preprocessing_fail,100,1000,fail,null_amplitude_ratio,1000,0.56304581179455204,0.0044479142904103458,0.56304547744747568,0.55464503510825991,0.57165886932705434,100,100,,,"empirical paired comparison, changing support; not exact permutation p"
perle,GPFA50,bounce,D_obj,objective,x,True,published_input_causal_train_only;raw_preprocessing_fail,100,1000,fail,matched_r,1000,0.96131461650327643,0.0019098346815694099,0.96129957212542094,0.95742547892617713,0.96477112873459536,95,100,,,"empirical paired comparison, changing support; not exact permutation p"
perle,GPFA50,bounce,D_obj,objective,x,True,published_input_causal_train_only;raw_preprocessing_fail,100,1000,fail,null_r,1000,0.84211448782525211,0.0095531299048673447,0.84213670650422534,0.82283329218386914,0.85941369357702968,95,100,,,"empirical paired comparison, changing support; not exact permutation p"
perle,GPFA50,bounce,D_obj,objective,x,True,published_input_causal_train_only;raw_preprocessing_fail,100,1000,fail,paired_r,1000,0.11920012867802414,0.0094243202123247046,0.11930081882408207,0.10139278141933371,0.13801569536386393,95,100,0,0,"empirical paired comparison, changing support; not exact permutation p"
perle,GPFA50,bounce,D_obj,objective,x,True,published_input_causal_train_only;raw_preprocessing_fail,100,1000,fail,matched_RMSE,1000,1.0774634707432278,0.029300699238638858,1.0776793438953729,1.0238327378339371,1.1338251530216874,95,100,,,"empirical paired comparison, changing support; not exact permutation p"
perle,GPFA50,bounce,D_obj,objective,x,True,published_input_causal_train_only;raw_preprocessing_fail,100,1000,fail,null_RMSE,1000,2.0477685512898001,0.056326579177522228,2.0458887572541622,1.9458970910076667,2.1609488934882513,95,100,,,"empirical paired comparison, changing support; not exact permutation p"
perle,GPFA50,bounce,D_obj,objective,x,True,published_input_causal_train_only;raw_preprocessing_fail,100,1000,fail,paired_RMSE,1000,0.97030508054657205,0.063374796576224482,0.96781506437704912,0.85050734187252175,1.098639635398224,95,100,0,0,"empirical paired comparison, changing support; not exact permutation p"
perle,GPFA50,bounce,D_obj,objective,x,True,published_input_causal_train_only;raw_preprocessing_fail,100,1000,fail,matched_bias,1000,0.092606101633287433,0.040074389521269134,0.090559878576196767,0.018028803457008708,0.17398988889928757,95,100,,,"empirical paired comparison, changing support; not exact permutation p"
perle,GPFA50,bounce,D_obj,objective,x,True,published_input_causal_train_only;raw_preprocessing_fail,100,1000,fail,null_bias,1000,0.094955581445583331,0.086417601569913655,0.094209612109631066,-0.074644939478722971,0.26823712355138518,95,100,,,"empirical paired comparison, changing support; not exact permutation p"
perle,GPFA50,bounce,D_obj,objective,x,True,published_input_causal_train_only;raw_preprocessing_fail,100,1000,fail,matched_amplitude_ratio,1000,0.93698611660546216,0.0085630037661301138,0.93696229591958169,0.92004636285270025,0.95337143070543451,95,100,,,"empirical paired comparison, changing support; not exact permutation p"
perle,GPFA50,bounce,D_obj,objective,x,True,published_input_causal_train_only;raw_preprocessing_fail,100,1000,fail,null_amplitude_ratio,1000,0.94422431078834757,0.015323914829373139,0.9439729478320863,0.91562532895719217,0.97536490580684676,95,100,,,"empirical paired comparison, changing support; not exact permutation p"
perle,GPFA50,bounce,D_obj,objective,y,True,published_input_causal_train_only;raw_preprocessing_fail,100,1000,fail,matched_r,1000,0.76114369997157427,0.015374331859604694,0.762066808059219,0.73053231574645527,0.78932930171581861,95,100,,,"empirical paired comparison, changing support; not exact permutation p"
perle,GPFA50,bounce,D_obj,objective,y,True,published_input_causal_train_only;raw_preprocessing_fail,100,1000,fail,null_r,1000,0.0053375972084650407,0.042572425255780415,0.0056287630349244906,-0.076907308302959762,0.089220441379953719,95,100,,,"empirical paired comparison, changing support; not exact permutation p"
perle,GPFA50,bounce,D_obj,objective,y,True,published_input_causal_train_only;raw_preprocessing_fail,100,1000,fail,paired_r,1000,0.75580610276310922,0.045841070407708864,0.75517144580927553,0.66342367535644942,0.84606492189985072,95,100,0,0,"empirical paired comparison, changing support; not exact permutation p"
perle,GPFA50,bounce,D_obj,objective,y,True,published_input_causal_train_only;raw_preprocessing_fail,100,1000,fail,matched_RMSE,1000,5.0330516846179982,0.065720351234774724,5.0324637628178444,4.9048677288946152,5.1661628698358877,95,100,,,"empirical paired comparison, changing support; not exact permutation p"
perle,GPFA50,bounce,D_obj,objective,y,True,published_input_causal_train_only;raw_preprocessing_fail,100,1000,fail,null_RMSE,1000,7.5889086745850003,0.14377174548075883,7.5935889895771131,7.3032305030851923,7.8704359850439074,95,100,,,"empirical paired comparison, changing support; not exact permutation p"
perle,GPFA50,bounce,D_obj,objective,y,True,published_input_causal_train_only;raw_preprocessing_fail,100,1000,fail,paired_RMSE,1000,2.5558569899670012,0.16392969042176198,2.5518329071957107,2.2403503518031198,2.8816784327598786,95,100,0,0,"empirical paired comparison, changing support; not exact permutation p"
perle,GPFA50,bounce,D_obj,objective,y,True,published_input_causal_train_only;raw_preprocessing_fail,100,1000,fail,matched_bias,1000,-0.43374103614308851,0.21766187004438334,-0.4228725519893618,-0.84952139068456989,-0.0048840898980016378,95,100,,,"empirical paired comparison, changing support; not exact permutation p"
perle,GPFA50,bounce,D_obj,objective,y,True,published_input_causal_train_only;raw_preprocessing_fail,100,1000,fail,null_bias,1000,-0.43037028295430779,0.34554857388380356,-0.44802432834991407,-1.1040900624571663,0.23857528950911494,95,100,,,"empirical paired comparison, changing support; not exact permutation p"
perle,GPFA50,bounce,D_obj,objective,y,True,published_input_causal_train_only;raw_preprocessing_fail,100,1000,fail,matched_amplitude_ratio,1000,0.504704536896316,0.024104191706826081,0.50269367192562653,0.46276516874745677,0.55311132823730058,95,100,,,"empirical paired comparison, changing support; not exact permutation p"
perle,GPFA50,bounce,D_obj,objective,y,True,published_input_causal_train_only;raw_preprocessing_fail,100,1000,fail,null_amplitude_ratio,1000,0.53260046099861713,0.03345785348785775,0.53119324584303595,0.47108716339757861,0.60199126070587083,95,100,,,"empirical paired comparison, changing support; not exact permutation p"
perle,GPFA50,bounce,D_obj,behavior,x,False,published_input_causal_train_only;raw_preprocessing_fail,100,1000,fail,matched_r,1000,0.96131461650327643,0.0019098346815694099,0.96129957212542094,0.95742547892617713,0.96477112873459536,95,100,,,"empirical paired comparison, changing support; not exact permutation p"
perle,GPFA50,bounce,D_obj,behavior,x,False,published_input_causal_train_only;raw_preprocessing_fail,100,1000,fail,null_r,1000,0.84211448782525211,0.0095531299048673447,0.84213670650422534,0.82283329218386914,0.85941369357702968,95,100,,,"empirical paired comparison, changing support; not exact permutation p"
perle,GPFA50,bounce,D_obj,behavior,x,False,published_input_causal_train_only;raw_preprocessing_fail,100,1000,fail,paired_r,1000,0.11920012867802414,0.0094243202123247046,0.11930081882408207,0.10139278141933371,0.13801569536386393,95,100,0,0,"empirical paired comparison, changing support; not exact permutation p"
perle,GPFA50,bounce,D_obj,behavior,x,False,published_input_causal_train_only;raw_preprocessing_fail,100,1000,fail,matched_RMSE,1000,1.0774634707432278,0.029300699238638858,1.0776793438953729,1.0238327378339371,1.1338251530216874,95,100,,,"empirical paired comparison, changing support; not exact permutation p"
perle,GPFA50,bounce,D_obj,behavior,x,False,published_input_causal_train_only;raw_preprocessing_fail,100,1000,fail,null_RMSE,1000,2.0477685512898001,0.056326579177522228,2.0458887572541622,1.9458970910076667,2.1609488934882513,95,100,,,"empirical paired comparison, changing support; not exact permutation p"
perle,GPFA50,bounce,D_obj,behavior,x,False,published_input_causal_train_only;raw_preprocessing_fail,100,1000,fail,paired_RMSE,1000,0.97030508054657205,0.063374796576224482,0.96781506437704912,0.85050734187252175,1.098639635398224,95,100,0,0,"empirical paired comparison, changing support; not exact permutation p"
perle,GPFA50,bounce,D_obj,behavior,x,False,published_input_causal_train_only;raw_preprocessing_fail,100,1000,fail,matched_bias,1000,0.092606101633287433,0.040074389521269134,0.090559878576196767,0.018028803457008708,0.17398988889928757,95,100,,,"empirical paired comparison, changing support; not exact permutation p"
perle,GPFA50,bounce,D_obj,behavior,x,False,published_input_causal_train_only;raw_preprocessing_fail,100,1000,fail,null_bias,1000,0.094955581445583331,0.086417601569913655,0.094209612109631066,-0.074644939478722971,0.26823712355138518,95,100,,,"empirical paired comparison, changing support; not exact permutation p"
perle,GPFA50,bounce,D_obj,behavior,x,False,published_input_causal_train_only;raw_preprocessing_fail,100,1000,fail,matched_amplitude_ratio,1000,0.93698611660546216,0.0085630037661301138,0.93696229591958169,0.92004636285270025,0.95337143070543451,95,100,,,"empirical paired comparison, changing support; not exact permutation p"
perle,GPFA50,bounce,D_obj,behavior,x,False,published_input_causal_train_only;raw_preprocessing_fail,100,1000,fail,null_amplitude_ratio,1000,0.94422431078834757,0.015323914829373139,0.9439729478320863,0.91562532895719217,0.97536490580684676,95,100,,,"empirical paired comparison, changing support; not exact permutation p"
perle,GPFA50,bounce,D_obj,behavior,y,False,published_input_causal_train_only;raw_preprocessing_fail,100,1000,fail,matched_r,1000,0.76328487660146005,0.015055123922111571,0.76388793284238488,0.73232788249882563,0.79052201973224379,95,100,,,"empirical paired comparison, changing support; not exact permutation p"
perle,GPFA50,bounce,D_obj,behavior,y,False,published_input_causal_train_only;raw_preprocessing_fail,100,1000,fail,null_r,1000,0.0061426712008153996,0.042421465004765173,0.006117617283457717,-0.076468730370916518,0.088395302796563963,95,100,,,"empirical paired comparison, changing support; not exact permutation p"
perle,GPFA50,bounce,D_obj,behavior,y,False,published_input_causal_train_only;raw_preprocessing_fail,100,1000,fail,paired_r,1000,0.7571422054006447,0.045531597133059848,0.75681578008585171,0.66722495340000165,0.8467696710162943,95,100,0,0,"empirical paired comparison, changing support; not exact permutation p"
perle,GPFA50,bounce,D_obj,behavior,y,False,published_input_causal_train_only;raw_preprocessing_fail,100,1000,fail,matched_RMSE,1000,5.0844127488752981,0.065208452653893287,5.0841283527086931,4.9584579813792136,5.2149100941200643,95,100,,,"empirical paired comparison, changing support; not exact permutation p"
perle,GPFA50,bounce,D_obj,behavior,y,False,published_input_causal_train_only;raw_preprocessing_fail,100,1000,fail,null_RMSE,1000,7.6412605567251468,0.14386340780195758,7.6445073649474367,7.3551765666166897,7.9226273255220621,95,100,,,"empirical paired comparison, changing support; not exact permutation p"
perle,GPFA50,bounce,D_obj,behavior,y,False,published_input_causal_train_only;raw_preprocessing_fail,100,1000,fail,paired_RMSE,1000,2.5568478078498487,0.16357521685674209,2.5536026387564936,2.2402900635098466,2.8799106458625676,95,100,0,0,"empirical paired comparison, changing support; not exact permutation p"
perle,GPFA50,bounce,D_obj,behavior,y,False,published_input_causal_train_only;raw_preprocessing_fail,100,1000,fail,matched_bias,1000,-0.52148814443945291,0.22004708784237051,-0.50666883890163195,-0.95326023488849188,-0.095324435968297566,95,100,,,"empirical paired comparison, changing support; not exact permutation p"
perle,GPFA50,bounce,D_obj,behavior,y,False,published_input_causal_train_only;raw_preprocessing_fail,100,1000,fail,null_bias,1000,-0.51815793700702939,0.34819236855405267,-0.53772656421409748,-1.1841689859665048,0.1659699269470824,95,100,,,"empirical paired comparison, changing support; not exact permutation p"
perle,GPFA50,bounce,D_obj,behavior,y,False,published_input_causal_train_only;raw_preprocessing_fail,100,1000,fail,matched_amplitude_ratio,1000,0.50587601167456797,0.025387815293518363,0.50425027924234445,0.46303366158791204,0.55701511417814831,95,100,,,"empirical paired comparison, changing support; not exact permutation p"
perle,GPFA50,bounce,D_obj,behavior,y,False,published_input_causal_train_only;raw_preprocessing_fail,100,1000,fail,null_amplitude_ratio,1000,0.53354766352072824,0.034500745723434659,0.5328735641256066,0.46926270721704305,0.60221749361643395,95,100,,,"empirical paired comparison, changing support; not exact permutation p"
perle,GPFA50,bounce,D_beh,objective,x,False,published_input_causal_train_only;raw_preprocessing_fail,100,1000,fail,matched_r,1000,0.96131461650327643,0.0019098346815694099,0.96129957212542094,0.95742547892617713,0.96477112873459536,95,100,,,"empirical paired comparison, changing support; not exact permutation p"
perle,GPFA50,bounce,D_beh,objective,x,False,published_input_causal_train_only;raw_preprocessing_fail,100,1000,fail,null_r,1000,0.84211448782525211,0.0095531299048673447,0.84213670650422534,0.82283329218386914,0.85941369357702968,95,100,,,"empirical paired comparison, changing support; not exact permutation p"
perle,GPFA50,bounce,D_beh,objective,x,False,published_input_causal_train_only;raw_preprocessing_fail,100,1000,fail,paired_r,1000,0.11920012867802414,0.0094243202123247046,0.11930081882408207,0.10139278141933371,0.13801569536386393,95,100,0,0,"empirical paired comparison, changing support; not exact permutation p"
perle,GPFA50,bounce,D_beh,objective,x,False,published_input_causal_train_only;raw_preprocessing_fail,100,1000,fail,matched_RMSE,1000,1.0774634707432278,0.029300699238638858,1.0776793438953729,1.0238327378339371,1.1338251530216874,95,100,,,"empirical paired comparison, changing support; not exact permutation p"
perle,GPFA50,bounce,D_beh,objective,x,False,published_input_causal_train_only;raw_preprocessing_fail,100,1000,fail,null_RMSE,1000,2.0477685512898001,0.056326579177522228,2.0458887572541622,1.9458970910076667,2.1609488934882513,95,100,,,"empirical paired comparison, changing support; not exact permutation p"
perle,GPFA50,bounce,D_beh,objective,x,False,published_input_causal_train_only;raw_preprocessing_fail,100,1000,fail,paired_RMSE,1000,0.97030508054657205,0.063374796576224482,0.96781506437704912,0.85050734187252175,1.098639635398224,95,100,0,0,"empirical paired comparison, changing support; not exact permutation p"
perle,GPFA50,bounce,D_beh,objective,x,False,published_input_causal_train_only;raw_preprocessing_fail,100,1000,fail,matched_bias,1000,0.092606101633287433,0.040074389521269134,0.090559878576196767,0.018028803457008708,0.17398988889928757,95,100,,,"empirical paired comparison, changing support; not exact permutation p"
perle,GPFA50,bounce,D_beh,objective,x,False,published_input_causal_train_only;raw_preprocessing_fail,100,1000,fail,null_bias,1000,0.094955581445583331,0.086417601569913655,0.094209612109631066,-0.074644939478722971,0.26823712355138518,95,100,,,"empirical paired comparison, changing support; not exact permutation p"
perle,GPFA50,bounce,D_beh,objective,x,False,published_input_causal_train_only;raw_preprocessing_fail,100,1000,fail,matched_amplitude_ratio,1000,0.93698611660546216,0.0085630037661301138,0.93696229591958169,0.92004636285270025,0.95337143070543451,95,100,,,"empirical paired comparison, changing support; not exact permutation p"
perle,GPFA50,bounce,D_beh,objective,x,False,published_input_causal_train_only;raw_preprocessing_fail,100,1000,fail,null_amplitude_ratio,1000,0.94422431078834757,0.015323914829373139,0.9439729478320863,0.91562532895719217,0.97536490580684676,95,100,,,"empirical paired comparison, changing support; not exact permutation p"
perle,GPFA50,bounce,D_beh,objective,y,False,published_input_causal_train_only;raw_preprocessing_fail,100,1000,fail,matched_r,1000,0.75546434682872265,0.015539469112323559,0.75634846478037532,0.72481017678449522,0.78378857192015894,95,100,,,"empirical paired comparison, changing support; not exact permutation p"
perle,GPFA50,bounce,D_beh,objective,y,False,published_input_causal_train_only;raw_preprocessing_fail,100,1000,fail,null_r,1000,0.0047696195896729373,0.042432351370121385,0.0052355115259026096,-0.078972389642703797,0.089041912988296251,95,100,,,"empirical paired comparison, changing support; not exact permutation p"
perle,GPFA50,bounce,D_beh,objective,y,False,published_input_causal_train_only;raw_preprocessing_fail,100,1000,fail,paired_r,1000,0.75069472723904984,0.045801734855053941,0.75034391866054084,0.65874744877728297,0.84039737009432236,95,100,0,0,"empirical paired comparison, changing support; not exact permutation p"
perle,GPFA50,bounce,D_beh,objective,y,False,published_input_causal_train_only;raw_preprocessing_fail,100,1000,fail,matched_RMSE,1000,5.0730999963617576,0.065073699632285625,5.0731716117940042,4.9449951664643734,5.2032027147442292,95,100,,,"empirical paired comparison, changing support; not exact permutation p"
perle,GPFA50,bounce,D_beh,objective,y,False,published_input_causal_train_only;raw_preprocessing_fail,100,1000,fail,null_RMSE,1000,7.5812524985735941,0.14195536746636173,7.5853421303884012,7.3017992345913143,7.8586251820917665,95,100,,,"empirical paired comparison, changing support; not exact permutation p"
perle,GPFA50,bounce,D_beh,objective,y,False,published_input_causal_train_only;raw_preprocessing_fail,100,1000,fail,paired_RMSE,1000,2.5081525022118365,0.16184032010170096,2.5057036300463067,2.1986368309721596,2.8312394037268072,95,100,0,0,"empirical paired comparison, changing support; not exact permutation p"
perle,GPFA50,bounce,D_beh,objective,y,False,published_input_causal_train_only;raw_preprocessing_fail,100,1000,fail,matched_bias,1000,-0.3792263976977594,0.21926777974316911,-0.36750667746161514,-0.79742120437925001,0.055934238113346683,95,100,,,"empirical paired comparison, changing support; not exact permutation p"
perle,GPFA50,bounce,D_beh,objective,y,False,published_input_causal_train_only;raw_preprocessing_fail,100,1000,fail,null_bias,1000,-0.37585564450897863,0.3451781936078176,-0.3954098862959281,-1.0506984299091462,0.29358149379631299,95,100,,,"empirical paired comparison, changing support; not exact permutation p"
perle,GPFA50,bounce,D_beh,objective,y,False,published_input_causal_train_only;raw_preprocessing_fail,100,1000,fail,matched_amplitude_ratio,1000,0.50012553504932544,0.024340631294885021,0.49818231881644409,0.45835529675524156,0.55109961100916904,95,100,,,"empirical paired comparison, changing support; not exact permutation p"
perle,GPFA50,bounce,D_beh,objective,y,False,published_input_causal_train_only;raw_preprocessing_fail,100,1000,fail,null_amplitude_ratio,1000,0.52713509763493427,0.033208214402021874,0.52546797313506555,0.46586292907567439,0.59622392760822951,95,100,,,"empirical paired comparison, changing support; not exact permutation p"
perle,GPFA50,bounce,D_beh,behavior,x,True,published_input_causal_train_only;raw_preprocessing_fail,100,1000,fail,matched_r,1000,0.96131461650327643,0.0019098346815694099,0.96129957212542094,0.95742547892617713,0.96477112873459536,95,100,,,"empirical paired comparison, changing support; not exact permutation p"
perle,GPFA50,bounce,D_beh,behavior,x,True,published_input_causal_train_only;raw_preprocessing_fail,100,1000,fail,null_r,1000,0.84211448782525211,0.0095531299048673447,0.84213670650422534,0.82283329218386914,0.85941369357702968,95,100,,,"empirical paired comparison, changing support; not exact permutation p"
perle,GPFA50,bounce,D_beh,behavior,x,True,published_input_causal_train_only;raw_preprocessing_fail,100,1000,fail,paired_r,1000,0.11920012867802414,0.0094243202123247046,0.11930081882408207,0.10139278141933371,0.13801569536386393,95,100,0,0,"empirical paired comparison, changing support; not exact permutation p"
perle,GPFA50,bounce,D_beh,behavior,x,True,published_input_causal_train_only;raw_preprocessing_fail,100,1000,fail,matched_RMSE,1000,1.0774634707432278,0.029300699238638858,1.0776793438953729,1.0238327378339371,1.1338251530216874,95,100,,,"empirical paired comparison, changing support; not exact permutation p"
perle,GPFA50,bounce,D_beh,behavior,x,True,published_input_causal_train_only;raw_preprocessing_fail,100,1000,fail,null_RMSE,1000,2.0477685512898001,0.056326579177522228,2.0458887572541622,1.9458970910076667,2.1609488934882513,95,100,,,"empirical paired comparison, changing support; not exact permutation p"
perle,GPFA50,bounce,D_beh,behavior,x,True,published_input_causal_train_only;raw_preprocessing_fail,100,1000,fail,paired_RMSE,1000,0.97030508054657205,0.063374796576224482,0.96781506437704912,0.85050734187252175,1.098639635398224,95,100,0,0,"empirical paired comparison, changing support; not exact permutation p"
perle,GPFA50,bounce,D_beh,behavior,x,True,published_input_causal_train_only;raw_preprocessing_fail,100,1000,fail,matched_bias,1000,0.092606101633287433,0.040074389521269134,0.090559878576196767,0.018028803457008708,0.17398988889928757,95,100,,,"empirical paired comparison, changing support; not exact permutation p"
perle,GPFA50,bounce,D_beh,behavior,x,True,published_input_causal_train_only;raw_preprocessing_fail,100,1000,fail,null_bias,1000,0.094955581445583331,0.086417601569913655,0.094209612109631066,-0.074644939478722971,0.26823712355138518,95,100,,,"empirical paired comparison, changing support; not exact permutation p"
perle,GPFA50,bounce,D_beh,behavior,x,True,published_input_causal_train_only;raw_preprocessing_fail,100,1000,fail,matched_amplitude_ratio,1000,0.93698611660546216,0.0085630037661301138,0.93696229591958169,0.92004636285270025,0.95337143070543451,95,100,,,"empirical paired comparison, changing support; not exact permutation p"
perle,GPFA50,bounce,D_beh,behavior,x,True,published_input_causal_train_only;raw_preprocessing_fail,100,1000,fail,null_amplitude_ratio,1000,0.94422431078834757,0.015323914829373139,0.9439729478320863,0.91562532895719217,0.97536490580684676,95,100,,,"empirical paired comparison, changing support; not exact permutation p"
perle,GPFA50,bounce,D_beh,behavior,y,True,published_input_causal_train_only;raw_preprocessing_fail,100,1000,fail,matched_r,1000,0.75768412906007543,0.015240523115237622,0.75829745386613689,0.72680266377215108,0.78583493279114258,95,100,,,"empirical paired comparison, changing support; not exact permutation p"
perle,GPFA50,bounce,D_beh,behavior,y,True,published_input_causal_train_only;raw_preprocessing_fail,100,1000,fail,null_r,1000,0.0054437557675149238,0.042271989231826984,0.0056351105635306419,-0.078176241403557473,0.087509696929557221,95,100,,,"empirical paired comparison, changing support; not exact permutation p"
perle,GPFA50,bounce,D_beh,behavior,y,True,published_input_causal_train_only;raw_preprocessing_fail,100,1000,fail,paired_r,1000,0.75224037329256044,0.045491291654065194,0.7516435725950541,0.66188122236190905,0.84449229031325157,95,100,0,0,"empirical paired comparison, changing support; not exact permutation p"
perle,GPFA50,bounce,D_beh,behavior,y,True,published_input_causal_train_only;raw_preprocessing_fail,100,1000,fail,matched_RMSE,1000,5.1235069702716212,0.064579152360597677,5.1237996375326382,5.0015993194864219,5.2527222298488265,95,100,,,"empirical paired comparison, changing support; not exact permutation p"
perle,GPFA50,bounce,D_beh,behavior,y,True,published_input_causal_train_only;raw_preprocessing_fail,100,1000,fail,null_RMSE,1000,7.6336070522602171,0.1419787033216941,7.6354101934978882,7.3489470381525175,7.9096342591565874,95,100,,,"empirical paired comparison, changing support; not exact permutation p"
perle,GPFA50,bounce,D_beh,behavior,y,True,published_input_causal_train_only;raw_preprocessing_fail,100,1000,fail,paired_RMSE,1000,2.5101000819885964,0.16144837218090918,2.5046652449129745,2.1974571577796853,2.8332835592242507,95,100,0,0,"empirical paired comparison, changing support; not exact permutation p"
perle,GPFA50,bounce,D_beh,behavior,y,True,published_input_causal_train_only;raw_preprocessing_fail,100,1000,fail,matched_bias,1000,-0.46697350599412368,0.22165749438245988,-0.4502192993393116,-0.90591259345941799,-0.036306203057443594,95,100,,,"empirical paired comparison, changing support; not exact permutation p"
perle,GPFA50,bounce,D_beh,behavior,y,True,published_input_causal_train_only;raw_preprocessing_fail,100,1000,fail,null_bias,1000,-0.46364329856170039,0.34783859103044962,-0.48103800271904945,-1.1306664161839128,0.22484103396929234,95,100,,,"empirical paired comparison, changing support; not exact permutation p"
perle,GPFA50,bounce,D_beh,behavior,y,True,published_input_causal_train_only;raw_preprocessing_fail,100,1000,fail,matched_amplitude_ratio,1000,0.50133025853352231,0.025612310299533335,0.4998354089871298,0.4576471085440188,0.55365649735365308,95,100,,,"empirical paired comparison, changing support; not exact permutation p"
perle,GPFA50,bounce,D_beh,behavior,y,True,published_input_causal_train_only;raw_preprocessing_fail,100,1000,fail,null_amplitude_ratio,1000,0.52807950576130902,0.034256028109192635,0.52736812251922738,0.4643656795936606,0.59664227026475303,95,100,,,"empirical paired comparison, changing support; not exact permutation p"
perle,GPFA50,no_bounce,D_obj,objective,x,True,published_input_causal_train_only;raw_preprocessing_fail,100,1000,fail,matched_r,1000,0.9520564528558878,0.00070845892912001988,0.95201560248866923,0.95074005378843651,0.95343609337318214,100,100,,,"empirical paired comparison, changing support; not exact permutation p"
perle,GPFA50,no_bounce,D_obj,objective,x,True,published_input_causal_train_only;raw_preprocessing_fail,100,1000,fail,null_r,1000,0.73092074498558046,0.0057424852317280823,0.73069622330640605,0.7199928509991399,0.74183326365657232,100,100,,,"empirical paired comparison, changing support; not exact permutation p"
perle,GPFA50,no_bounce,D_obj,objective,x,True,published_input_causal_train_only;raw_preprocessing_fail,100,1000,fail,paired_r,1000,0.22113570787030729,0.0056582077038925859,0.22108166177558602,0.21037895467832127,0.23228247285528622,100,100,0,0,"empirical paired comparison, changing support; not exact permutation p"
perle,GPFA50,no_bounce,D_obj,objective,x,True,published_input_causal_train_only;raw_preprocessing_fail,100,1000,fail,matched_RMSE,1000,1.0902224860039587,0.0092541971385331143,1.0906142842733553,1.0718653451892313,1.1075742100217818,100,100,,,"empirical paired comparison, changing support; not exact permutation p"
perle,GPFA50,no_bounce,D_obj,objective,x,True,published_input_causal_train_only;raw_preprocessing_fail,100,1000,fail,null_RMSE,1000,2.4833059759039435,0.026818139731667572,2.4837726126754873,2.4324622664574798,2.534365437434738,100,100,,,"empirical paired comparison, changing support; not exact permutation p"
perle,GPFA50,no_bounce,D_obj,objective,x,True,published_input_causal_train_only;raw_preprocessing_fail,100,1000,fail,paired_RMSE,1000,1.3930834898999847,0.027190614254385154,1.3937939172475129,1.3387541465538229,1.4465790606944904,100,100,0,0,"empirical paired comparison, changing support; not exact permutation p"
perle,GPFA50,no_bounce,D_obj,objective,x,True,published_input_causal_train_only;raw_preprocessing_fail,100,1000,fail,matched_bias,1000,0.03552005571738575,0.011805601868558731,0.036175229369033196,0.012889747750607949,0.057942598151001092,100,100,,,"empirical paired comparison, changing support; not exact permutation p"
perle,GPFA50,no_bounce,D_obj,objective,x,True,published_input_causal_train_only;raw_preprocessing_fail,100,1000,fail,null_bias,1000,0.035472478671272172,0.031755711116708878,0.036922854389514537,-0.028568090962236191,0.096151847416536276,100,100,,,"empirical paired comparison, changing support; not exact permutation p"
perle,GPFA50,no_bounce,D_obj,objective,x,True,published_input_causal_train_only;raw_preprocessing_fail,100,1000,fail,matched_amplitude_ratio,1000,0.94980534095279834,0.0032273458458212476,0.94982626247932411,0.94367132134355425,0.95655210186194672,100,100,,,"empirical paired comparison, changing support; not exact permutation p"
perle,GPFA50,no_bounce,D_obj,objective,x,True,published_input_causal_train_only;raw_preprocessing_fail,100,1000,fail,null_amplitude_ratio,1000,0.95010887987237691,0.0041042667247514399,0.9500092143728045,0.94158553688714386,0.95763802637664208,100,100,,,"empirical paired comparison, changing support; not exact permutation p"
perle,GPFA50,no_bounce,D_obj,objective,y,True,published_input_causal_train_only;raw_preprocessing_fail,100,1000,fail,matched_r,1000,0.66995620742170914,0.0039347300424907436,0.67000491156358088,0.66229184160955012,0.67742002477751406,100,100,,,"empirical paired comparison, changing support; not exact permutation p"
perle,GPFA50,no_bounce,D_obj,objective,y,True,published_input_causal_train_only;raw_preprocessing_fail,100,1000,fail,null_r,1000,0.0071049809961634108,0.015185654699607729,0.0073966405414673808,-0.024230474956433264,0.034931107283416585,100,100,,,"empirical paired comparison, changing support; not exact permutation p"
perle,GPFA50,no_bounce,D_obj,objective,y,True,published_input_causal_train_only;raw_preprocessing_fail,100,1000,fail,paired_r,1000,0.66285122642554573,0.015692953268464861,0.66313527221731317,0.63188738673900458,0.69519714237647412,100,100,0,0,"empirical paired comparison, changing support; not exact permutation p"
perle,GPFA50,no_bounce,D_obj,objective,y,True,published_input_causal_train_only;raw_preprocessing_fail,100,1000,fail,matched_RMSE,1000,2.8323293626674872,0.016822660618416415,2.8330907764901809,2.7984300784791607,2.8646878865329857,100,100,,,"empirical paired comparison, changing support; not exact permutation p"
perle,GPFA50,no_bounce,D_obj,objective,y,True,published_input_causal_train_only;raw_preprocessing_fail,100,1000,fail,null_RMSE,1000,4.5437767437829226,0.03651829193833217,4.5433666362333041,4.47466394190951,4.6141208682274693,100,100,,,"empirical paired comparison, changing support; not exact permutation p"
perle,GPFA50,no_bounce,D_obj,objective,y,True,published_input_causal_train_only;raw_preprocessing_fail,100,1000,fail,paired_RMSE,1000,1.7114473811154354,0.040694968160001586,1.7134022257872861,1.630535084954666,1.7895711070221259,100,100,0,0,"empirical paired comparison, changing support; not exact permutation p"
perle,GPFA50,no_bounce,D_obj,objective,y,True,published_input_causal_train_only;raw_preprocessing_fail,100,1000,fail,matched_bias,1000,0.16930418656962179,0.030684795927780884,0.16989332900581011,0.10777467339296248,0.22645586023001099,100,100,,,"empirical paired comparison, changing support; not exact permutation p"
perle,GPFA50,no_bounce,D_obj,objective,y,True,published_input_causal_train_only;raw_preprocessing_fail,100,1000,fail,null_bias,1000,0.16656463805589197,0.050159532957000243,0.16855475587451391,0.068798775292282607,0.26358164785639876,100,100,,,"empirical paired comparison, changing support; not exact permutation p"
perle,GPFA50,no_bounce,D_obj,objective,y,True,published_input_causal_train_only;raw_preprocessing_fail,100,1000,fail,matched_amplitude_ratio,1000,0.68219081033053297,0.0040701611971396857,0.6822183292909062,0.67460838235894494,0.69029854213802033,100,100,,,"empirical paired comparison, changing support; not exact permutation p"
perle,GPFA50,no_bounce,D_obj,objective,y,True,published_input_causal_train_only;raw_preprocessing_fail,100,1000,fail,null_amplitude_ratio,1000,0.68263369880196167,0.0050120005813785781,0.6826335105575364,0.67260900069239993,0.69259767931551963,100,100,,,"empirical paired comparison, changing support; not exact permutation p"
perle,GPFA50,no_bounce,D_obj,behavior,x,False,published_input_causal_train_only;raw_preprocessing_fail,100,1000,fail,matched_r,1000,0.9520564528558878,0.00070845892912001988,0.95201560248866923,0.95074005378843651,0.95343609337318214,100,100,,,"empirical paired comparison, changing support; not exact permutation p"
perle,GPFA50,no_bounce,D_obj,behavior,x,False,published_input_causal_train_only;raw_preprocessing_fail,100,1000,fail,null_r,1000,0.73092074498558046,0.0057424852317280823,0.73069622330640605,0.7199928509991399,0.74183326365657232,100,100,,,"empirical paired comparison, changing support; not exact permutation p"
perle,GPFA50,no_bounce,D_obj,behavior,x,False,published_input_causal_train_only;raw_preprocessing_fail,100,1000,fail,paired_r,1000,0.22113570787030729,0.0056582077038925859,0.22108166177558602,0.21037895467832127,0.23228247285528622,100,100,0,0,"empirical paired comparison, changing support; not exact permutation p"
perle,GPFA50,no_bounce,D_obj,behavior,x,False,published_input_causal_train_only;raw_preprocessing_fail,100,1000,fail,matched_RMSE,1000,1.0902224860039587,0.0092541971385331143,1.0906142842733553,1.0718653451892313,1.1075742100217818,100,100,,,"empirical paired comparison, changing support; not exact permutation p"
perle,GPFA50,no_bounce,D_obj,behavior,x,False,published_input_causal_train_only;raw_preprocessing_fail,100,1000,fail,null_RMSE,1000,2.4833059759039435,0.026818139731667572,2.4837726126754873,2.4324622664574798,2.534365437434738,100,100,,,"empirical paired comparison, changing support; not exact permutation p"
perle,GPFA50,no_bounce,D_obj,behavior,x,False,published_input_causal_train_only;raw_preprocessing_fail,100,1000,fail,paired_RMSE,1000,1.3930834898999847,0.027190614254385154,1.3937939172475129,1.3387541465538229,1.4465790606944904,100,100,0,0,"empirical paired comparison, changing support; not exact permutation p"
perle,GPFA50,no_bounce,D_obj,behavior,x,False,published_input_causal_train_only;raw_preprocessing_fail,100,1000,fail,matched_bias,1000,0.03552005571738575,0.011805601868558731,0.036175229369033196,0.012889747750607949,0.057942598151001092,100,100,,,"empirical paired comparison, changing support; not exact permutation p"
perle,GPFA50,no_bounce,D_obj,behavior,x,False,published_input_causal_train_only;raw_preprocessing_fail,100,1000,fail,null_bias,1000,0.035472478671272172,0.031755711116708878,0.036922854389514537,-0.028568090962236191,0.096151847416536276,100,100,,,"empirical paired comparison, changing support; not exact permutation p"
perle,GPFA50,no_bounce,D_obj,behavior,x,False,published_input_causal_train_only;raw_preprocessing_fail,100,1000,fail,matched_amplitude_ratio,1000,0.94980534095279834,0.0032273458458212476,0.94982626247932411,0.94367132134355425,0.95655210186194672,100,100,,,"empirical paired comparison, changing support; not exact permutation p"
perle,GPFA50,no_bounce,D_obj,behavior,x,False,published_input_causal_train_only;raw_preprocessing_fail,100,1000,fail,null_amplitude_ratio,1000,0.95010887987237691,0.0041042667247514399,0.9500092143728045,0.94158553688714386,0.95763802637664208,100,100,,,"empirical paired comparison, changing support; not exact permutation p"
perle,GPFA50,no_bounce,D_obj,behavior,y,False,published_input_causal_train_only;raw_preprocessing_fail,100,1000,fail,matched_r,1000,0.66225213367092817,0.0040370534403916447,0.66225409980641303,0.65418312686619084,0.66988893776906699,100,100,,,"empirical paired comparison, changing support; not exact permutation p"
perle,GPFA50,no_bounce,D_obj,behavior,y,False,published_input_causal_train_only;raw_preprocessing_fail,100,1000,fail,null_r,1000,0.0076290974398828338,0.015139893363618437,0.0077608838387399704,-0.023185670396563451,0.035520129620255428,100,100,,,"empirical paired comparison, changing support; not exact permutation p"
perle,GPFA50,no_bounce,D_obj,behavior,y,False,published_input_causal_train_only;raw_preprocessing_fail,100,1000,fail,paired_r,1000,0.65462303623104523,0.01566489106208345,0.65474610182334214,0.6239709553202325,0.68526311661944173,100,100,0,0,"empirical paired comparison, changing support; not exact permutation p"
perle,GPFA50,no_bounce,D_obj,behavior,y,False,published_input_causal_train_only;raw_preprocessing_fail,100,1000,fail,matched_RMSE,1000,2.7663756820347616,0.017192952498144898,2.7667241402909752,2.7324533453800375,2.7995909829755385,100,100,,,"empirical paired comparison, changing support; not exact permutation p"
perle,GPFA50,no_bounce,D_obj,behavior,y,False,published_input_causal_train_only;raw_preprocessing_fail,100,1000,fail,null_RMSE,1000,4.4396187533597828,0.035256784449762608,4.4394821068737436,4.3741881560227824,4.5074280048681254,100,100,,,"empirical paired comparison, changing support; not exact permutation p"
perle,GPFA50,no_bounce,D_obj,behavior,y,False,published_input_causal_train_only;raw_preprocessing_fail,100,1000,fail,paired_RMSE,1000,1.6732430713250213,0.039849115646796225,1.6747666489762381,1.5936703695626906,1.7531013538012132,100,100,0,0,"empirical paired comparison, changing support; not exact permutation p"
perle,GPFA50,no_bounce,D_obj,behavior,y,False,published_input_causal_train_only;raw_preprocessing_fail,100,1000,fail,matched_bias,1000,0.099092188076052856,0.03008562457338701,0.099156484950397666,0.038315644537242524,0.15530144529301004,100,100,,,"empirical paired comparison, changing support; not exact permutation p"
perle,GPFA50,no_bounce,D_obj,behavior,y,False,published_input_causal_train_only;raw_preprocessing_fail,100,1000,fail,null_bias,1000,0.096164365455475936,0.048949202733736472,0.09848670607256943,0.00058619159753649707,0.18973196267662024,100,100,,,"empirical paired comparison, changing support; not exact permutation p"
perle,GPFA50,no_bounce,D_obj,behavior,y,False,published_input_causal_train_only;raw_preprocessing_fail,100,1000,fail,matched_amplitude_ratio,1000,0.70526325004467261,0.0041967921210489716,0.70515893675686692,0.69750355312633427,0.71369310079032178,100,100,,,"empirical paired comparison, changing support; not exact permutation p"
perle,GPFA50,no_bounce,D_obj,behavior,y,False,published_input_causal_train_only;raw_preprocessing_fail,100,1000,fail,null_amplitude_ratio,1000,0.70564726965792535,0.0050630597064093103,0.70568496517371115,0.69542000298071516,0.71576955852067137,100,100,,,"empirical paired comparison, changing support; not exact permutation p"
perle,GPFA50,no_bounce,D_beh,objective,x,False,published_input_causal_train_only;raw_preprocessing_fail,100,1000,fail,matched_r,1000,0.9520564528558878,0.00070845892912001988,0.95201560248866923,0.95074005378843651,0.95343609337318214,100,100,,,"empirical paired comparison, changing support; not exact permutation p"
perle,GPFA50,no_bounce,D_beh,objective,x,False,published_input_causal_train_only;raw_preprocessing_fail,100,1000,fail,null_r,1000,0.73092074498558046,0.0057424852317280823,0.73069622330640605,0.7199928509991399,0.74183326365657232,100,100,,,"empirical paired comparison, changing support; not exact permutation p"
perle,GPFA50,no_bounce,D_beh,objective,x,False,published_input_causal_train_only;raw_preprocessing_fail,100,1000,fail,paired_r,1000,0.22113570787030729,0.0056582077038925859,0.22108166177558602,0.21037895467832127,0.23228247285528622,100,100,0,0,"empirical paired comparison, changing support; not exact permutation p"
perle,GPFA50,no_bounce,D_beh,objective,x,False,published_input_causal_train_only;raw_preprocessing_fail,100,1000,fail,matched_RMSE,1000,1.0902224860039587,0.0092541971385331143,1.0906142842733553,1.0718653451892313,1.1075742100217818,100,100,,,"empirical paired comparison, changing support; not exact permutation p"
perle,GPFA50,no_bounce,D_beh,objective,x,False,published_input_causal_train_only;raw_preprocessing_fail,100,1000,fail,null_RMSE,1000,2.4833059759039435,0.026818139731667572,2.4837726126754873,2.4324622664574798,2.534365437434738,100,100,,,"empirical paired comparison, changing support; not exact permutation p"
perle,GPFA50,no_bounce,D_beh,objective,x,False,published_input_causal_train_only;raw_preprocessing_fail,100,1000,fail,paired_RMSE,1000,1.3930834898999847,0.027190614254385154,1.3937939172475129,1.3387541465538229,1.4465790606944904,100,100,0,0,"empirical paired comparison, changing support; not exact permutation p"
perle,GPFA50,no_bounce,D_beh,objective,x,False,published_input_causal_train_only;raw_preprocessing_fail,100,1000,fail,matched_bias,1000,0.03552005571738575,0.011805601868558731,0.036175229369033196,0.012889747750607949,0.057942598151001092,100,100,,,"empirical paired comparison, changing support; not exact permutation p"
perle,GPFA50,no_bounce,D_beh,objective,x,False,published_input_causal_train_only;raw_preprocessing_fail,100,1000,fail,null_bias,1000,0.035472478671272172,0.031755711116708878,0.036922854389514537,-0.028568090962236191,0.096151847416536276,100,100,,,"empirical paired comparison, changing support; not exact permutation p"
perle,GPFA50,no_bounce,D_beh,objective,x,False,published_input_causal_train_only;raw_preprocessing_fail,100,1000,fail,matched_amplitude_ratio,1000,0.94980534095279834,0.0032273458458212476,0.94982626247932411,0.94367132134355425,0.95655210186194672,100,100,,,"empirical paired comparison, changing support; not exact permutation p"
perle,GPFA50,no_bounce,D_beh,objective,x,False,published_input_causal_train_only;raw_preprocessing_fail,100,1000,fail,null_amplitude_ratio,1000,0.95010887987237691,0.0041042667247514399,0.9500092143728045,0.94158553688714386,0.95763802637664208,100,100,,,"empirical paired comparison, changing support; not exact permutation p"
perle,GPFA50,no_bounce,D_beh,objective,y,False,published_input_causal_train_only;raw_preprocessing_fail,100,1000,fail,matched_r,1000,0.66775871646465434,0.003933992183319213,0.66771407008915218,0.66011528915049755,0.67518832235310799,100,100,,,"empirical paired comparison, changing support; not exact permutation p"
perle,GPFA50,no_bounce,D_beh,objective,y,False,published_input_causal_train_only;raw_preprocessing_fail,100,1000,fail,null_r,1000,0.00799327011730302,0.01518060246974489,0.008429602758399754,-0.023714069933782458,0.036442341177277827,100,100,,,"empirical paired comparison, changing support; not exact permutation p"
perle,GPFA50,no_bounce,D_beh,objective,y,False,published_input_causal_train_only;raw_preprocessing_fail,100,1000,fail,paired_r,1000,0.65976544634735124,0.015706948751072525,0.6600359944494818,0.62904817484315745,0.69193747609831935,100,100,0,0,"empirical paired comparison, changing support; not exact permutation p"
perle,GPFA50,no_bounce,D_beh,objective,y,False,published_input_causal_train_only;raw_preprocessing_fail,100,1000,fail,matched_RMSE,1000,2.8429305305335637,0.016560421580423746,2.8436069135923066,2.8101204750146387,2.8751756823090528,100,100,,,"empirical paired comparison, changing support; not exact permutation p"
perle,GPFA50,no_bounce,D_beh,objective,y,False,published_input_causal_train_only;raw_preprocessing_fail,100,1000,fail,null_RMSE,1000,4.5283210757268932,0.036343787270072724,4.5287143993709531,4.459723922538589,4.6001520063361729,100,100,,,"empirical paired comparison, changing support; not exact permutation p"
perle,GPFA50,no_bounce,D_beh,objective,y,False,published_input_causal_train_only;raw_preprocessing_fail,100,1000,fail,paired_RMSE,1000,1.6853905451933291,0.040389950274519526,1.6874484009628929,1.60585870621142,1.7647806328752702,100,100,0,0,"empirical paired comparison, changing support; not exact permutation p"
perle,GPFA50,no_bounce,D_beh,objective,y,False,published_input_causal_train_only;raw_preprocessing_fail,100,1000,fail,matched_bias,1000,0.23016223477687089,0.030673575696985676,0.2302113687652948,0.16796898309075331,0.28790213524493352,100,100,,,"empirical paired comparison, changing support; not exact permutation p"
perle,GPFA50,no_bounce,D_beh,objective,y,False,published_input_causal_train_only;raw_preprocessing_fail,100,1000,fail,null_bias,1000,0.22742268626314102,0.050056745778999323,0.22965885739020542,0.12831963411174935,0.32604343712515788,100,100,,,"empirical paired comparison, changing support; not exact permutation p"
perle,GPFA50,no_bounce,D_beh,objective,y,False,published_input_causal_train_only;raw_preprocessing_fail,100,1000,fail,matched_amplitude_ratio,1000,0.67411948074510641,0.0039883854359724644,0.67421597771137676,0.66664880983995434,0.6821820885468487,100,100,,,"empirical paired comparison, changing support; not exact permutation p"
perle,GPFA50,no_bounce,D_beh,objective,y,False,published_input_causal_train_only;raw_preprocessing_fail,100,1000,fail,null_amplitude_ratio,1000,0.67457826638278973,0.0049224195779794897,0.67457776979169592,0.66463300268458714,0.68437578530508303,100,100,,,"empirical paired comparison, changing support; not exact permutation p"
perle,GPFA50,no_bounce,D_beh,behavior,x,True,published_input_causal_train_only;raw_preprocessing_fail,100,1000,fail,matched_r,1000,0.9520564528558878,0.00070845892912001988,0.95201560248866923,0.95074005378843651,0.95343609337318214,100,100,,,"empirical paired comparison, changing support; not exact permutation p"
perle,GPFA50,no_bounce,D_beh,behavior,x,True,published_input_causal_train_only;raw_preprocessing_fail,100,1000,fail,null_r,1000,0.73092074498558046,0.0057424852317280823,0.73069622330640605,0.7199928509991399,0.74183326365657232,100,100,,,"empirical paired comparison, changing support; not exact permutation p"
perle,GPFA50,no_bounce,D_beh,behavior,x,True,published_input_causal_train_only;raw_preprocessing_fail,100,1000,fail,paired_r,1000,0.22113570787030729,0.0056582077038925859,0.22108166177558602,0.21037895467832127,0.23228247285528622,100,100,0,0,"empirical paired comparison, changing support; not exact permutation p"
perle,GPFA50,no_bounce,D_beh,behavior,x,True,published_input_causal_train_only;raw_preprocessing_fail,100,1000,fail,matched_RMSE,1000,1.0902224860039587,0.0092541971385331143,1.0906142842733553,1.0718653451892313,1.1075742100217818,100,100,,,"empirical paired comparison, changing support; not exact permutation p"
perle,GPFA50,no_bounce,D_beh,behavior,x,True,published_input_causal_train_only;raw_preprocessing_fail,100,1000,fail,null_RMSE,1000,2.4833059759039435,0.026818139731667572,2.4837726126754873,2.4324622664574798,2.534365437434738,100,100,,,"empirical paired comparison, changing support; not exact permutation p"
perle,GPFA50,no_bounce,D_beh,behavior,x,True,published_input_causal_train_only;raw_preprocessing_fail,100,1000,fail,paired_RMSE,1000,1.3930834898999847,0.027190614254385154,1.3937939172475129,1.3387541465538229,1.4465790606944904,100,100,0,0,"empirical paired comparison, changing support; not exact permutation p"
perle,GPFA50,no_bounce,D_beh,behavior,x,True,published_input_causal_train_only;raw_preprocessing_fail,100,1000,fail,matched_bias,1000,0.03552005571738575,0.011805601868558731,0.036175229369033196,0.012889747750607949,0.057942598151001092,100,100,,,"empirical paired comparison, changing support; not exact permutation p"
perle,GPFA50,no_bounce,D_beh,behavior,x,True,published_input_causal_train_only;raw_preprocessing_fail,100,1000,fail,null_bias,1000,0.035472478671272172,0.031755711116708878,0.036922854389514537,-0.028568090962236191,0.096151847416536276,100,100,,,"empirical paired comparison, changing support; not exact permutation p"
perle,GPFA50,no_bounce,D_beh,behavior,x,True,published_input_causal_train_only;raw_preprocessing_fail,100,1000,fail,matched_amplitude_ratio,1000,0.94980534095279834,0.0032273458458212476,0.94982626247932411,0.94367132134355425,0.95655210186194672,100,100,,,"empirical paired comparison, changing support; not exact permutation p"
perle,GPFA50,no_bounce,D_beh,behavior,x,True,published_input_causal_train_only;raw_preprocessing_fail,100,1000,fail,null_amplitude_ratio,1000,0.95010887987237691,0.0041042667247514399,0.9500092143728045,0.94158553688714386,0.95763802637664208,100,100,,,"empirical paired comparison, changing support; not exact permutation p"
perle,GPFA50,no_bounce,D_beh,behavior,y,True,published_input_causal_train_only;raw_preprocessing_fail,100,1000,fail,matched_r,1000,0.66145794505869238,0.004010215557197409,0.66151760614208288,0.65351456319580803,0.66901073021349,100,100,,,"empirical paired comparison, changing support; not exact permutation p"
perle,GPFA50,no_bounce,D_beh,behavior,y,True,published_input_causal_train_only;raw_preprocessing_fail,100,1000,fail,null_r,1000,0.008702863070462705,0.01515343783299419,0.0089386346180023446,-0.022209820377023126,0.037483100862227142,100,100,,,"empirical paired comparison, changing support; not exact permutation p"
perle,GPFA50,no_bounce,D_beh,behavior,y,True,published_input_causal_train_only;raw_preprocessing_fail,100,1000,fail,paired_r,1000,0.65275508198822962,0.015688428027579023,0.65267431013673227,0.62213607503152268,0.68364254268369595,100,100,0,0,"empirical paired comparison, changing support; not exact permutation p"
perle,GPFA50,no_bounce,D_beh,behavior,y,True,published_input_causal_train_only;raw_preprocessing_fail,100,1000,fail,matched_RMSE,1000,2.7701266861663028,0.016823390786941575,2.7704897890595808,2.7364777043933413,2.802751763466151,100,100,,,"empirical paired comparison, changing support; not exact permutation p"
perle,GPFA50,no_bounce,D_beh,behavior,y,True,published_input_causal_train_only;raw_preprocessing_fail,100,1000,fail,null_RMSE,1000,4.4226699806866181,0.035120596679021086,4.4230561228243888,4.3565914817290308,4.4911415298892825,100,100,,,"empirical paired comparison, changing support; not exact permutation p"
perle,GPFA50,no_bounce,D_beh,behavior,y,True,published_input_causal_train_only;raw_preprocessing_fail,100,1000,fail,paired_RMSE,1000,1.6525432945203153,0.039518421670435774,1.6538184541479164,1.5741449481203094,1.7328142495387562,100,100,0,0,"empirical paired comparison, changing support; not exact permutation p"
perle,GPFA50,no_bounce,D_beh,behavior,y,True,published_input_causal_train_only;raw_preprocessing_fail,100,1000,fail,matched_bias,1000,0.15995023628330193,0.029973247010588271,0.16059892048012731,0.098886096411801724,0.21732800404674241,100,100,,,"empirical paired comparison, changing support; not exact permutation p"
perle,GPFA50,no_bounce,D_beh,behavior,y,True,published_input_causal_train_only;raw_preprocessing_fail,100,1000,fail,null_bias,1000,0.15702241366272501,0.048841000474638879,0.15955429270944771,0.061238658357028686,0.25095439374023221,100,100,,,"empirical paired comparison, changing support; not exact permutation p"
perle,GPFA50,no_bounce,D_beh,behavior,y,True,published_input_causal_train_only;raw_preprocessing_fail,100,1000,fail,matched_amplitude_ratio,1000,0.69694298174317193,0.0040957645722543012,0.69696700694620217,0.68947803130149943,0.70499381067501121,100,100,,,"empirical paired comparison, changing support; not exact permutation p"
perle,GPFA50,no_bounce,D_beh,behavior,y,True,published_input_causal_train_only;raw_preprocessing_fail,100,1000,fail,null_amplitude_ratio,1000,0.69735255900188053,0.0049741913962882377,0.69741085217815435,0.68735672987341467,0.70714234310877189,100,100,,,"empirical paired comparison, changing support; not exact permutation p"
perle,GPFA50,post_bounce,D_obj,objective,x,True,published_input_causal_train_only;raw_preprocessing_fail,100,1000,fail,matched_r,1000,0.94676976299275462,0.010509595552468089,0.94880752813100133,0.92114221814809094,0.96177850930354891,92,100,,,"empirical paired comparison, changing support; not exact permutation p"
perle,GPFA50,post_bounce,D_obj,objective,x,True,published_input_causal_train_only;raw_preprocessing_fail,100,1000,fail,null_r,1000,0.5612858518696241,0.037267856178912678,0.56352588238658141,0.48565613440097805,0.62730524935047338,92,100,,,"empirical paired comparison, changing support; not exact permutation p"
perle,GPFA50,post_bounce,D_obj,objective,x,True,published_input_causal_train_only;raw_preprocessing_fail,100,1000,fail,paired_r,1000,0.38548391112313052,0.036587322438416371,0.38579834705738603,0.32023596642217322,0.460822241225114,92,100,0,0,"empirical paired comparison, changing support; not exact permutation p"
perle,GPFA50,post_bounce,D_obj,objective,x,True,published_input_causal_train_only;raw_preprocessing_fail,100,1000,fail,matched_RMSE,1000,0.69606023975775233,0.029521170094906103,0.69450928151462543,0.63980242376248386,0.75877207301174299,93,100,,,"empirical paired comparison, changing support; not exact permutation p"
perle,GPFA50,post_bounce,D_obj,objective,x,True,published_input_causal_train_only;raw_preprocessing_fail,100,1000,fail,null_RMSE,1000,2.085260396265936,0.081048708224691735,2.0866383103761343,1.9260712110385008,2.2449827708153816,93,100,,,"empirical paired comparison, changing support; not exact permutation p"
perle,GPFA50,post_bounce,D_obj,objective,x,True,published_input_causal_train_only;raw_preprocessing_fail,100,1000,fail,paired_RMSE,1000,1.389200156508184,0.084900779165006601,1.3902207634378039,1.2293525918439627,1.5560486723255105,93,100,0,0,"empirical paired comparison, changing support; not exact permutation p"
perle,GPFA50,post_bounce,D_obj,objective,x,True,published_input_causal_train_only;raw_preprocessing_fail,100,1000,fail,matched_bias,1000,-0.0030289970001859939,0.037507817749678991,-0.0024128589931479878,-0.080193680946842372,0.068736330744554652,93,100,,,"empirical paired comparison, changing support; not exact permutation p"
perle,GPFA50,post_bounce,D_obj,objective,x,True,published_input_causal_train_only;raw_preprocessing_fail,100,1000,fail,null_bias,1000,0.0013017500679574215,0.12774177887894014,-0.0018547060385910507,-0.24283009077395351,0.25869072022615103,93,100,,,"empirical paired comparison, changing support; not exact permutation p"
perle,GPFA50,post_bounce,D_obj,objective,x,True,published_input_causal_train_only;raw_preprocessing_fail,100,1000,fail,matched_amplitude_ratio,1000,1.0104754932029743,0.019398934929512297,1.0085690548546762,0.97722980653130365,1.0532252789416285,93,100,,,"empirical paired comparison, changing support; not exact permutation p"
perle,GPFA50,post_bounce,D_obj,objective,x,True,published_input_causal_train_only;raw_preprocessing_fail,100,1000,fail,null_amplitude_ratio,1000,1.0333872745344255,0.035720317439905593,1.0299003365443105,0.97838785714035847,1.1218581597938067,93,100,,,"empirical paired comparison, changing support; not exact permutation p"
perle,GPFA50,post_bounce,D_obj,objective,y,True,published_input_causal_train_only;raw_preprocessing_fail,100,1000,fail,matched_r,1000,0.78191547289236452,0.026620058526966792,0.7835122792644138,0.72664867529355048,0.82853048977917243,92,100,,,"empirical paired comparison, changing support; not exact permutation p"
perle,GPFA50,post_bounce,D_obj,objective,y,True,published_input_causal_train_only;raw_preprocessing_fail,100,1000,fail,null_r,1000,0.030808581264593595,0.058288280566292698,0.027917509491785984,-0.085984501351276443,0.14857381016296983,92,100,,,"empirical paired comparison, changing support; not exact permutation p"
perle,GPFA50,post_bounce,D_obj,objective,y,True,published_input_causal_train_only;raw_preprocessing_fail,100,1000,fail,paired_r,1000,0.75110689162777089,0.063960487154007928,0.75125079204968204,0.62715327128010434,0.88334233252316474,92,100,0,0,"empirical paired comparison, changing support; not exact permutation p"
perle,GPFA50,post_bounce,D_obj,objective,y,True,published_input_causal_train_only;raw_preprocessing_fail,100,1000,fail,matched_RMSE,1000,4.7590550063688735,0.10309936978475405,4.7551609656395133,4.5676235042161331,4.9634893598547896,93,100,,,"empirical paired comparison, changing support; not exact permutation p"
perle,GPFA50,post_bounce,D_obj,objective,y,True,published_input_causal_train_only;raw_preprocessing_fail,100,1000,fail,null_RMSE,1000,7.3758822147629832,0.19842457789415355,7.3742197502406119,6.9825894660653161,7.7730490810504342,93,100,,,"empirical paired comparison, changing support; not exact permutation p"
perle,GPFA50,post_bounce,D_obj,objective,y,True,published_input_causal_train_only;raw_preprocessing_fail,100,1000,fail,paired_RMSE,1000,2.6168272083941102,0.24190569343538262,2.6168474113178304,2.1511463870707428,3.0814495056018876,93,100,0,0,"empirical paired comparison, changing support; not exact permutation p"
perle,GPFA50,post_bounce,D_obj,objective,y,True,published_input_causal_train_only;raw_preprocessing_fail,100,1000,fail,matched_bias,1000,-0.27511580724467943,0.26988816759742218,-0.27201323660693399,-0.79385166309806521,0.28430253065967787,93,100,,,"empirical paired comparison, changing support; not exact permutation p"
perle,GPFA50,post_bounce,D_obj,objective,y,True,published_input_causal_train_only;raw_preprocessing_fail,100,1000,fail,null_bias,1000,-0.26081881771695647,0.44661948830007986,-0.28237534279793997,-1.1273494162532733,0.62773821151311338,93,100,,,"empirical paired comparison, changing support; not exact permutation p"
perle,GPFA50,post_bounce,D_obj,objective,y,True,published_input_causal_train_only;raw_preprocessing_fail,100,1000,fail,matched_amplitude_ratio,1000,0.5491310236738981,0.037309348707755395,0.54660356439231039,0.486544387530778,0.63700439142049514,93,100,,,"empirical paired comparison, changing support; not exact permutation p"
perle,GPFA50,post_bounce,D_obj,objective,y,True,published_input_causal_train_only;raw_preprocessing_fail,100,1000,fail,null_amplitude_ratio,1000,0.6178499359968449,0.057839743438286483,0.61251935286933601,0.51873064782529554,0.7501665223813424,93,100,,,"empirical paired comparison, changing support; not exact permutation p"
perle,GPFA50,post_bounce,D_obj,behavior,x,False,published_input_causal_train_only;raw_preprocessing_fail,100,1000,fail,matched_r,1000,0.94676976299275462,0.010509595552468089,0.94880752813100133,0.92114221814809094,0.96177850930354891,92,100,,,"empirical paired comparison, changing support; not exact permutation p"
perle,GPFA50,post_bounce,D_obj,behavior,x,False,published_input_causal_train_only;raw_preprocessing_fail,100,1000,fail,null_r,1000,0.5612858518696241,0.037267856178912678,0.56352588238658141,0.48565613440097805,0.62730524935047338,92,100,,,"empirical paired comparison, changing support; not exact permutation p"
perle,GPFA50,post_bounce,D_obj,behavior,x,False,published_input_causal_train_only;raw_preprocessing_fail,100,1000,fail,paired_r,1000,0.38548391112313052,0.036587322438416371,0.38579834705738603,0.32023596642217322,0.460822241225114,92,100,0,0,"empirical paired comparison, changing support; not exact permutation p"
perle,GPFA50,post_bounce,D_obj,behavior,x,False,published_input_causal_train_only;raw_preprocessing_fail,100,1000,fail,matched_RMSE,1000,0.69606023975775233,0.029521170094906103,0.69450928151462543,0.63980242376248386,0.75877207301174299,93,100,,,"empirical paired comparison, changing support; not exact permutation p"
perle,GPFA50,post_bounce,D_obj,behavior,x,False,published_input_causal_train_only;raw_preprocessing_fail,100,1000,fail,null_RMSE,1000,2.085260396265936,0.081048708224691735,2.0866383103761343,1.9260712110385008,2.2449827708153816,93,100,,,"empirical paired comparison, changing support; not exact permutation p"
perle,GPFA50,post_bounce,D_obj,behavior,x,False,published_input_causal_train_only;raw_preprocessing_fail,100,1000,fail,paired_RMSE,1000,1.389200156508184,0.084900779165006601,1.3902207634378039,1.2293525918439627,1.5560486723255105,93,100,0,0,"empirical paired comparison, changing support; not exact permutation p"
perle,GPFA50,post_bounce,D_obj,behavior,x,False,published_input_causal_train_only;raw_preprocessing_fail,100,1000,fail,matched_bias,1000,-0.0030289970001859939,0.037507817749678991,-0.0024128589931479878,-0.080193680946842372,0.068736330744554652,93,100,,,"empirical paired comparison, changing support; not exact permutation p"
perle,GPFA50,post_bounce,D_obj,behavior,x,False,published_input_causal_train_only;raw_preprocessing_fail,100,1000,fail,null_bias,1000,0.0013017500679574215,0.12774177887894014,-0.0018547060385910507,-0.24283009077395351,0.25869072022615103,93,100,,,"empirical paired comparison, changing support; not exact permutation p"
perle,GPFA50,post_bounce,D_obj,behavior,x,False,published_input_causal_train_only;raw_preprocessing_fail,100,1000,fail,matched_amplitude_ratio,1000,1.0104754932029743,0.019398934929512297,1.0085690548546762,0.97722980653130365,1.0532252789416285,93,100,,,"empirical paired comparison, changing support; not exact permutation p"
perle,GPFA50,post_bounce,D_obj,behavior,x,False,published_input_causal_train_only;raw_preprocessing_fail,100,1000,fail,null_amplitude_ratio,1000,1.0333872745344255,0.035720317439905593,1.0299003365443105,0.97838785714035847,1.1218581597938067,93,100,,,"empirical paired comparison, changing support; not exact permutation p"
perle,GPFA50,post_bounce,D_obj,behavior,y,False,published_input_causal_train_only;raw_preprocessing_fail,100,1000,fail,matched_r,1000,0.78374924988838013,0.026251801071064878,0.78556913322938049,0.72854514626397471,0.8298133158040224,92,100,,,"empirical paired comparison, changing support; not exact permutation p"
perle,GPFA50,post_bounce,D_obj,behavior,y,False,published_input_causal_train_only;raw_preprocessing_fail,100,1000,fail,null_r,1000,0.029648324927316273,0.057955342145297184,0.028789787212367409,-0.087055298988507251,0.14142790950503506,92,100,,,"empirical paired comparison, changing support; not exact permutation p"
perle,GPFA50,post_bounce,D_obj,behavior,y,False,published_input_causal_train_only;raw_preprocessing_fail,100,1000,fail,paired_r,1000,0.75410092496106385,0.063292002865011576,0.75225709458784407,0.63315790235817815,0.88108456506225308,92,100,0,0,"empirical paired comparison, changing support; not exact permutation p"
perle,GPFA50,post_bounce,D_obj,behavior,y,False,published_input_causal_train_only;raw_preprocessing_fail,100,1000,fail,matched_RMSE,1000,4.8933444134691539,0.10216795877695427,4.8928293101591525,4.6967779094955722,5.0937356135737577,93,100,,,"empirical paired comparison, changing support; not exact permutation p"
perle,GPFA50,post_bounce,D_obj,behavior,y,False,published_input_causal_train_only;raw_preprocessing_fail,100,1000,fail,null_RMSE,1000,7.5074875335020916,0.19828440677053596,7.5062637216833847,7.1228225172375383,7.9012816814916436,93,100,,,"empirical paired comparison, changing support; not exact permutation p"
perle,GPFA50,post_bounce,D_obj,behavior,y,False,published_input_causal_train_only;raw_preprocessing_fail,100,1000,fail,paired_RMSE,1000,2.6141431200329381,0.24125690718801965,2.6084494477459836,2.1386211871488028,3.094588414965104,93,100,0,0,"empirical paired comparison, changing support; not exact permutation p"
perle,GPFA50,post_bounce,D_obj,behavior,y,False,published_input_causal_train_only;raw_preprocessing_fail,100,1000,fail,matched_bias,1000,-0.47898833683242459,0.27851829312488791,-0.47787973360309705,-1.0009140963931829,0.099704232974433774,93,100,,,"empirical paired comparison, changing support; not exact permutation p"
perle,GPFA50,post_bounce,D_obj,behavior,y,False,published_input_causal_train_only;raw_preprocessing_fail,100,1000,fail,null_bias,1000,-0.4624327099451071,0.45499937322337847,-0.48086839045329377,-1.3545969912033877,0.44920064114699443,93,100,,,"empirical paired comparison, changing support; not exact permutation p"
perle,GPFA50,post_bounce,D_obj,behavior,y,False,published_input_causal_train_only;raw_preprocessing_fail,100,1000,fail,matched_amplitude_ratio,1000,0.55639652650325999,0.037941624215177709,0.55400728529876975,0.48987319170557286,0.63855343755816973,93,100,,,"empirical paired comparison, changing support; not exact permutation p"
perle,GPFA50,post_bounce,D_obj,behavior,y,False,published_input_causal_train_only;raw_preprocessing_fail,100,1000,fail,null_amplitude_ratio,1000,0.63012484875705588,0.059118043828688273,0.62484528917452864,0.52574329955279586,0.75910623332343485,93,100,,,"empirical paired comparison, changing support; not exact permutation p"
perle,GPFA50,post_bounce,D_beh,objective,x,False,published_input_causal_train_only;raw_preprocessing_fail,100,1000,fail,matched_r,1000,0.94676976299275462,0.010509595552468089,0.94880752813100133,0.92114221814809094,0.96177850930354891,92,100,,,"empirical paired comparison, changing support; not exact permutation p"
perle,GPFA50,post_bounce,D_beh,objective,x,False,published_input_causal_train_only;raw_preprocessing_fail,100,1000,fail,null_r,1000,0.5612858518696241,0.037267856178912678,0.56352588238658141,0.48565613440097805,0.62730524935047338,92,100,,,"empirical paired comparison, changing support; not exact permutation p"
perle,GPFA50,post_bounce,D_beh,objective,x,False,published_input_causal_train_only;raw_preprocessing_fail,100,1000,fail,paired_r,1000,0.38548391112313052,0.036587322438416371,0.38579834705738603,0.32023596642217322,0.460822241225114,92,100,0,0,"empirical paired comparison, changing support; not exact permutation p"
perle,GPFA50,post_bounce,D_beh,objective,x,False,published_input_causal_train_only;raw_preprocessing_fail,100,1000,fail,matched_RMSE,1000,0.69606023975775233,0.029521170094906103,0.69450928151462543,0.63980242376248386,0.75877207301174299,93,100,,,"empirical paired comparison, changing support; not exact permutation p"
perle,GPFA50,post_bounce,D_beh,objective,x,False,published_input_causal_train_only;raw_preprocessing_fail,100,1000,fail,null_RMSE,1000,2.085260396265936,0.081048708224691735,2.0866383103761343,1.9260712110385008,2.2449827708153816,93,100,,,"empirical paired comparison, changing support; not exact permutation p"
perle,GPFA50,post_bounce,D_beh,objective,x,False,published_input_causal_train_only;raw_preprocessing_fail,100,1000,fail,paired_RMSE,1000,1.389200156508184,0.084900779165006601,1.3902207634378039,1.2293525918439627,1.5560486723255105,93,100,0,0,"empirical paired comparison, changing support; not exact permutation p"
perle,GPFA50,post_bounce,D_beh,objective,x,False,published_input_causal_train_only;raw_preprocessing_fail,100,1000,fail,matched_bias,1000,-0.0030289970001859939,0.037507817749678991,-0.0024128589931479878,-0.080193680946842372,0.068736330744554652,93,100,,,"empirical paired comparison, changing support; not exact permutation p"
perle,GPFA50,post_bounce,D_beh,objective,x,False,published_input_causal_train_only;raw_preprocessing_fail,100,1000,fail,null_bias,1000,0.0013017500679574215,0.12774177887894014,-0.0018547060385910507,-0.24283009077395351,0.25869072022615103,93,100,,,"empirical paired comparison, changing support; not exact permutation p"
perle,GPFA50,post_bounce,D_beh,objective,x,False,published_input_causal_train_only;raw_preprocessing_fail,100,1000,fail,matched_amplitude_ratio,1000,1.0104754932029743,0.019398934929512297,1.0085690548546762,0.97722980653130365,1.0532252789416285,93,100,,,"empirical paired comparison, changing support; not exact permutation p"
perle,GPFA50,post_bounce,D_beh,objective,x,False,published_input_causal_train_only;raw_preprocessing_fail,100,1000,fail,null_amplitude_ratio,1000,1.0333872745344255,0.035720317439905593,1.0299003365443105,0.97838785714035847,1.1218581597938067,93,100,,,"empirical paired comparison, changing support; not exact permutation p"
perle,GPFA50,post_bounce,D_beh,objective,y,False,published_input_causal_train_only;raw_preprocessing_fail,100,1000,fail,matched_r,1000,0.77931977548293729,0.027068502914683355,0.78033136833436423,0.72213138981331348,0.82746907989805207,92,100,,,"empirical paired comparison, changing support; not exact permutation p"
perle,GPFA50,post_bounce,D_beh,objective,y,False,published_input_causal_train_only;raw_preprocessing_fail,100,1000,fail,null_r,1000,0.03064973014226717,0.058301398159388319,0.027811391591513066,-0.087529258506660768,0.1501004185222129,92,100,,,"empirical paired comparison, changing support; not exact permutation p"
perle,GPFA50,post_bounce,D_beh,objective,y,False,published_input_causal_train_only;raw_preprocessing_fail,100,1000,fail,paired_r,1000,0.74867004534067016,0.06410229814401075,0.74899034107455442,0.62447561541357532,0.88099095036496755,92,100,0,0,"empirical paired comparison, changing support; not exact permutation p"
perle,GPFA50,post_bounce,D_beh,objective,y,False,published_input_causal_train_only;raw_preprocessing_fail,100,1000,fail,matched_RMSE,1000,4.7767656894053285,0.10310566815287578,4.7728275272215939,4.5866429657547485,4.9775833007769688,93,100,,,"empirical paired comparison, changing support; not exact permutation p"
perle,GPFA50,post_bounce,D_beh,objective,y,False,published_input_causal_train_only;raw_preprocessing_fail,100,1000,fail,null_RMSE,1000,7.3747051109557908,0.1971237162626005,7.3735558749951782,6.9786027352381188,7.765154386757974,93,100,,,"empirical paired comparison, changing support; not exact permutation p"
perle,GPFA50,post_bounce,D_beh,objective,y,False,published_input_causal_train_only;raw_preprocessing_fail,100,1000,fail,paired_RMSE,1000,2.5979394215504628,0.24103441901010828,2.5970717531363867,2.1356882349966084,3.0690456098256802,93,100,0,0,"empirical paired comparison, changing support; not exact permutation p"
perle,GPFA50,post_bounce,D_beh,objective,y,False,published_input_causal_train_only;raw_preprocessing_fail,100,1000,fail,matched_bias,1000,-0.18969084527151414,0.27037436155492023,-0.1855691256839069,-0.69534273671921676,0.37475209829350303,93,100,,,"empirical paired comparison, changing support; not exact permutation p"
perle,GPFA50,post_bounce,D_beh,objective,y,False,published_input_causal_train_only;raw_preprocessing_fail,100,1000,fail,null_bias,1000,-0.17539385574379115,0.44677752179433955,-0.19418474644761224,-1.0343257160648336,0.70053381440822426,93,100,,,"empirical paired comparison, changing support; not exact permutation p"
perle,GPFA50,post_bounce,D_beh,objective,y,False,published_input_causal_train_only;raw_preprocessing_fail,100,1000,fail,matched_amplitude_ratio,1000,0.54368606087487203,0.03665335202072291,0.54094066413136377,0.48249537439117646,0.62884397493698352,93,100,,,"empirical paired comparison, changing support; not exact permutation p"
perle,GPFA50,post_bounce,D_beh,objective,y,False,published_input_causal_train_only;raw_preprocessing_fail,100,1000,fail,null_amplitude_ratio,1000,0.61231574911706221,0.057532171382243223,0.60713541431313245,0.5144683519897999,0.73780610195851204,93,100,,,"empirical paired comparison, changing support; not exact permutation p"
perle,GPFA50,post_bounce,D_beh,behavior,x,True,published_input_causal_train_only;raw_preprocessing_fail,100,1000,fail,matched_r,1000,0.94676976299275462,0.010509595552468089,0.94880752813100133,0.92114221814809094,0.96177850930354891,92,100,,,"empirical paired comparison, changing support; not exact permutation p"
perle,GPFA50,post_bounce,D_beh,behavior,x,True,published_input_causal_train_only;raw_preprocessing_fail,100,1000,fail,null_r,1000,0.5612858518696241,0.037267856178912678,0.56352588238658141,0.48565613440097805,0.62730524935047338,92,100,,,"empirical paired comparison, changing support; not exact permutation p"
perle,GPFA50,post_bounce,D_beh,behavior,x,True,published_input_causal_train_only;raw_preprocessing_fail,100,1000,fail,paired_r,1000,0.38548391112313052,0.036587322438416371,0.38579834705738603,0.32023596642217322,0.460822241225114,92,100,0,0,"empirical paired comparison, changing support; not exact permutation p"
perle,GPFA50,post_bounce,D_beh,behavior,x,True,published_input_causal_train_only;raw_preprocessing_fail,100,1000,fail,matched_RMSE,1000,0.69606023975775233,0.029521170094906103,0.69450928151462543,0.63980242376248386,0.75877207301174299,93,100,,,"empirical paired comparison, changing support; not exact permutation p"
perle,GPFA50,post_bounce,D_beh,behavior,x,True,published_input_causal_train_only;raw_preprocessing_fail,100,1000,fail,null_RMSE,1000,2.085260396265936,0.081048708224691735,2.0866383103761343,1.9260712110385008,2.2449827708153816,93,100,,,"empirical paired comparison, changing support; not exact permutation p"
perle,GPFA50,post_bounce,D_beh,behavior,x,True,published_input_causal_train_only;raw_preprocessing_fail,100,1000,fail,paired_RMSE,1000,1.389200156508184,0.084900779165006601,1.3902207634378039,1.2293525918439627,1.5560486723255105,93,100,0,0,"empirical paired comparison, changing support; not exact permutation p"
perle,GPFA50,post_bounce,D_beh,behavior,x,True,published_input_causal_train_only;raw_preprocessing_fail,100,1000,fail,matched_bias,1000,-0.0030289970001859939,0.037507817749678991,-0.0024128589931479878,-0.080193680946842372,0.068736330744554652,93,100,,,"empirical paired comparison, changing support; not exact permutation p"
perle,GPFA50,post_bounce,D_beh,behavior,x,True,published_input_causal_train_only;raw_preprocessing_fail,100,1000,fail,null_bias,1000,0.0013017500679574215,0.12774177887894014,-0.0018547060385910507,-0.24283009077395351,0.25869072022615103,93,100,,,"empirical paired comparison, changing support; not exact permutation p"
perle,GPFA50,post_bounce,D_beh,behavior,x,True,published_input_causal_train_only;raw_preprocessing_fail,100,1000,fail,matched_amplitude_ratio,1000,1.0104754932029743,0.019398934929512297,1.0085690548546762,0.97722980653130365,1.0532252789416285,93,100,,,"empirical paired comparison, changing support; not exact permutation p"
perle,GPFA50,post_bounce,D_beh,behavior,x,True,published_input_causal_train_only;raw_preprocessing_fail,100,1000,fail,null_amplitude_ratio,1000,1.0333872745344255,0.035720317439905593,1.0299003365443105,0.97838785714035847,1.1218581597938067,93,100,,,"empirical paired comparison, changing support; not exact permutation p"
perle,GPFA50,post_bounce,D_beh,behavior,y,True,published_input_causal_train_only;raw_preprocessing_fail,100,1000,fail,matched_r,1000,0.78081703755270992,0.026770052426975974,0.78221820628983973,0.72313473704613007,0.82859474902344887,92,100,,,"empirical paired comparison, changing support; not exact permutation p"
perle,GPFA50,post_bounce,D_beh,behavior,y,True,published_input_causal_train_only;raw_preprocessing_fail,100,1000,fail,null_r,1000,0.029221883507543893,0.057925289126705991,0.027690264279828257,-0.086808236164706232,0.14324476924768695,92,100,,,"empirical paired comparison, changing support; not exact permutation p"
perle,GPFA50,post_bounce,D_beh,behavior,y,True,published_input_causal_train_only;raw_preprocessing_fail,100,1000,fail,paired_r,1000,0.75159515404516597,0.063483444010678652,0.75123019929774726,0.62999298618659461,0.87954507582821262,92,100,0,0,"empirical paired comparison, changing support; not exact permutation p"
perle,GPFA50,post_bounce,D_beh,behavior,y,True,published_input_causal_train_only;raw_preprocessing_fail,100,1000,fail,matched_RMSE,1000,4.9090750618717633,0.10247223616964733,4.9072444866682279,4.7092370588734376,5.105957570966317,93,100,,,"empirical paired comparison, changing support; not exact permutation p"
perle,GPFA50,post_bounce,D_beh,behavior,y,True,published_input_causal_train_only;raw_preprocessing_fail,100,1000,fail,null_RMSE,1000,7.5062502280948538,0.19684677618377305,7.508781384626829,7.1223200188801226,7.8997923166282176,93,100,,,"empirical paired comparison, changing support; not exact permutation p"
perle,GPFA50,post_bounce,D_beh,behavior,y,True,published_input_causal_train_only;raw_preprocessing_fail,100,1000,fail,paired_RMSE,1000,2.5971751662230917,0.24047957408453274,2.5952771114540338,2.12025886250844,3.0958928168335547,93,100,0,0,"empirical paired comparison, changing support; not exact permutation p"
perle,GPFA50,post_bounce,D_beh,behavior,y,True,published_input_causal_train_only;raw_preprocessing_fail,100,1000,fail,matched_bias,1000,-0.3935633748592593,0.27916371970793702,-0.39288542869130927,-0.91991653129790618,0.18271918034215651,93,100,,,"empirical paired comparison, changing support; not exact permutation p"
perle,GPFA50,post_bounce,D_beh,behavior,y,True,published_input_causal_train_only;raw_preprocessing_fail,100,1000,fail,null_bias,1000,-0.37700774797194181,0.45521437789735558,-0.39963248535996787,-1.2711300672056798,0.52808269632142701,93,100,,,"empirical paired comparison, changing support; not exact permutation p"
perle,GPFA50,post_bounce,D_beh,behavior,y,True,published_input_causal_train_only;raw_preprocessing_fail,100,1000,fail,matched_amplitude_ratio,1000,0.5512663351064877,0.037630813739260041,0.54931131031244607,0.48642558463561675,0.63149563521607144,93,100,,,"empirical paired comparison, changing support; not exact permutation p"
perle,GPFA50,post_bounce,D_beh,behavior,y,True,published_input_causal_train_only;raw_preprocessing_fail,100,1000,fail,null_amplitude_ratio,1000,0.62439714270933133,0.058684001696142331,0.61901588802074015,0.52247695532354177,0.75048441006515143,93,100,,,"empirical paired comparison, changing support; not exact permutation p"
