animal,condition_id,condition_index,time_index,time_ms,unique_neural_input_id,n_behavior_trials_in_mean,x_obj,y_obj,x_beh,y_beh,full,visible,hidden,bounce,no_bounce,post_bounce
mahler,29337,0,6,350,6,109,-6.5493721400246931,-8.5745667999837032,-6.5493721400246931,-8.5879422624825335,True,True,False,False,True,False
mahler,29337,0,7,400,7,109,-6.2139988542238127,-8.4067913941595549,-6.2139988542238127,-8.4301213496463152,True,True,False,False,True,False
mahler,29337,0,8,450,8,109,-5.8786255684229323,-8.2390159883354066,-5.8786255684229323,-8.2723004368100987,True,True,False,False,True,False
mahler,29337,0,9,500,9,109,-5.5432522826220518,-8.0712405825112601,-5.5432522826220518,-8.1144795239738841,True,True,False,False,True,False
mahler,29337,0,10,550,10,109,-5.2078789968211714,-7.9034651766871118,-5.2078789968211714,-7.9566586111376658,True,True,False,False,True,False
mahler,29337,0,11,600,11,109,-4.872505711020291,-7.7356897708629635,-4.872505711020291,-7.7988376983014485,True,True,False,False,True,False
mahler,29337,0,12,650,12,109,-4.5371324252194105,-7.5679143650388161,-4.5371324252194105,-7.6410167854652338,True,True,False,False,True,False
mahler,29337,0,13,700,13,109,-4.2017591394185292,-7.4001389592146678,-4.2017591394185292,-7.4831958726290146,True,True,False,False,True,False
mahler,29337,0,14,750,14,109,-3.8663858536176487,-7.2323635533905204,-3.8663858536176487,-7.3253749597927973,True,True,False,False,True,False
mahler,29337,0,15,800,15,109,-3.5310125678167683,-7.0645881475663721,-3.5310125678167683,-7.1675540469565826,True,True,False,False,True,False
mahler,29337,0,16,850,16,109,-3.1956392820158879,-6.8968127417422247,-3.1956392820158879,-7.0097331341203644,True,True,False,False,True,False
mahler,29337,0,17,900,17,109,-2.8602659962150074,-6.7290373359180764,-2.8602659962150074,-6.8519122212841443,True,True,False,False,True,False
mahler,29337,0,18,950,18,109,-2.524892710414127,-6.561261930093929,-2.524892710414127,-6.6940913084479305,True,True,False,False,True,False
mahler,29337,0,19,1000,19,109,-2.1895194246132466,-6.3934865242697807,-2.1895194246132466,-6.536270395611715,True,True,False,False,True,False
mahler,29337,0,20,1050,20,109,-1.8541461388123661,-6.2257111184456333,-1.8541461388123661,-6.3784494827754949,True,True,False,False,True,False
mahler,29337,0,21,1100,21,109,-1.5187728530114857,-6.0579357126214859,-1.5187728530114857,-6.2206285699392803,True,True,False,False,True,False
mahler,29337,0,22,1150,22,109,-1.1833995672106044,-5.8901603067973376,-1.1833995672106044,-6.0628076571030629,True,True,False,False,True,False
mahler,29337,0,23,1200,23,109,-0.8480262814097248,-5.7223849009731902,-0.8480262814097248,-5.9049867442668447,True,True,False,False,True,False
mahler,29337,0,24,1250,24,109,-0.51265299560884436,-5.5546094951490419,-0.51265299560884436,-5.74716583143063,True,True,False,False,True,False
mahler,29337,0,25,1300,25,109,-0.17727970980796393,-5.3868340893248945,-0.17727970980796393,-5.5893449185944126,True,True,False,False,True,False
mahler,29337,0,26,1350,26,109,0.15809357599291829,-5.2190586835007453,0.15809357599291829,-5.4315240057581926,True,True,False,False,True,False
mahler,29337,0,27,1400,27,109,0.49346686179379873,-5.0512832776765979,0.49346686179379873,-5.2737030929219797,True,True,False,False,True,False
mahler,29337,0,28,1450,28,109,0.82884014759467917,-4.8835078718524496,0.82884014759467917,-5.1158821800857606,True,True,False,False,True,False
mahler,29337,0,29,1500,29,109,1.1642134333955596,-4.7157324660283022,1.1642134333955596,-4.9580612672495423,True,True,False,False,True,False
mahler,29337,0,30,1550,30,109,1.49958671919644,-4.5479570602041539,1.49958671919644,-4.8002403544133276,True,True,False,False,True,False
mahler,29337,0,31,1600,31,109,1.8349600049973205,-4.3801816543800065,1.8349600049973205,-4.6424194415771094,True,True,False,False,True,False
mahler,29337,0,32,1650,32,109,2.1703332907982009,-4.2124062485558582,2.1703332907982009,-4.4845985287408938,True,True,False,False,True,False
mahler,29337,0,33,1700,33,109,2.5057065765990814,-4.0446308427317108,2.5057065765990814,-4.3267776159046774,True,True,False,False,True,False
mahler,29337,0,34,1750,34,109,2.8410798623999618,-3.876855436907563,2.8410798623999618,-4.16895670306846,True,True,False,False,True,False
mahler,29337,0,35,1800,35,109,3.1764531482008422,-3.7090800310834151,3.1764531482008422,-4.0111357902322444,True,True,False,False,True,False
mahler,29337,0,36,1850,36,109,3.5118264340017227,-3.5413046252592677,3.5118264340017227,-3.853314877396028,True,True,False,False,True,False
mahler,29337,0,37,1900,37,109,3.8471997198026031,-3.3735292194351194,3.8471997198026031,-3.6954939645598088,True,True,False,False,True,False
mahler,29337,0,38,1950,38,109,4.1825730056034836,-3.205753813610972,4.1825730056034836,-3.5376730517235933,True,True,False,False,True,False
mahler,29337,0,39,2000,39,109,4.517946291404364,-3.0379784077868242,4.517946291404364,-3.3798521388873763,True,True,False,False,True,False
mahler,29337,0,40,2050,40,109,4.8533195772052444,-2.8702030019626763,4.8533195772052444,-3.222031226051159,True,True,False,False,True,False
mahler,29337,0,41,2100,41,109,5.1886928630061249,-2.7024275961385285,5.1886928630061249,-3.0642103132149421,True,False,False,False,True,False
mahler,29337,0,42,2150,42,109,5.5240661488070053,-2.5346521903143806,5.5240661488070053,-2.9063894003787261,True,False,True,False,True,False
mahler,29337,0,43,2200,43,109,5.8594394346078857,-2.3668767844902328,5.8594394346078857,-2.7485684875425087,True,False,True,False,True,False
mahler,29337,0,44,2250,44,109,6.194812720408768,-2.199101378666084,6.194812720408768,-2.5907475747062918,True,False,True,False,True,False
mahler,29337,0,45,2300,45,109,6.5301860062096484,-2.0313259728419362,6.5301860062096484,-2.4329266618700758,True,False,True,False,True,False
mahler,29337,0,46,2350,46,109,6.8655592920105288,-1.8635505670177883,6.8655592920105288,-2.2751057490338575,True,False,True,False,True,False
mahler,29337,0,47,2400,47,109,7.2009325778114075,-1.6957751611936414,7.2009325778114075,-2.117284836197642,True,False,True,False,True,False
mahler,29337,0,48,2450,48,109,7.5363058636122879,-1.527999755369494,7.5363058636122879,-1.9594639233614255,True,False,True,False,True,False
mahler,29337,0,49,2500,49,109,7.8716791494131684,-1.3602243495453461,7.8716791494131684,-1.8016430105252086,True,False,True,False,True,False
mahler,29337,0,50,2550,50,109,8.2070524352140488,-1.1924489437211978,8.2070524352140488,-1.643822097688991,True,False,True,False,True,False
mahler,29337,0,51,2600,51,109,8.5424257210149293,-1.0246735378970504,8.5424257210149293,-1.4860011848527752,True,False,True,False,True,False
mahler,29337,0,52,2650,52,109,8.8777990068158132,-0.85689813207290033,8.8777990068158132,-1.3281802720165556,True,False,True,False,True,False
mahler,29337,0,53,2700,53,109,9.2131722926166937,-0.68912272624875293,9.2131722926166937,-1.1703593591803394,True,False,True,False,True,False
mahler,29337,0,54,2750,54,109,9.5485455784175741,-0.52134732042460552,9.5485455784175741,-1.0125384463441225,True,False,True,False,True,False
mahler,29337,0,55,2800,55,109,9.8839188642184546,-0.35357191460045723,9.8839188642184546,-0.8547175335079058,True,False,True,False,True,False
mahler,55062,1,6,350,106,102,-5.7817309046447578,-4.6651943598462697,-5.7817309046447578,-4.6651943598462697,True,True,False,True,False,False
mahler,55062,1,7,400,107,102,-5.4644334985107736,-4.8663697811105511,-5.4644334985107736,-4.8663697811105511,True,True,False,True,False,False
mahler,55062,1,8,450,108,102,-5.1471360923767886,-5.0675452023748324,-5.1471360923767886,-5.0675452023748315,True,True,False,True,False,False
mahler,55062,1,9,500,109,102,-4.8298386862428044,-5.2687206236391138,-4.8298386862428044,-5.2687206236391102,True,True,False,True,False,False
mahler,55062,1,10,550,110,102,-4.5125412801088203,-5.4698960449033951,-4.5125412801088203,-5.4698960449033951,True,True,False,True,False,False
mahler,55062,1,11,600,111,102,-4.1952438739748352,-5.6710714661676782,-4.1952438739748352,-5.6710714661676747,True,True,False,True,False,False
mahler,55062,1,12,650,112,102,-3.8779464678408511,-5.8722468874319595,-3.8779464678408511,-5.8722468874319587,True,True,False,True,False,False
mahler,55062,1,13,700,113,102,-3.5606490617068669,-6.0734223086962409,-3.5606490617068669,-6.0734223086962373,True,True,False,True,False,False
mahler,55062,1,14,750,114,102,-3.2433516555728827,-6.2745977299605222,-3.2433516555728827,-6.2745977299605213,True,True,False,True,False,False
mahler,55062,1,15,800,115,102,-2.9260542494388986,-6.4757731512248027,-2.9260542494388986,-6.4757731512247982,True,True,False,True,False,False
mahler,55062,1,16,850,116,102,-2.6087568433049135,-6.6769485724890849,-2.6087568433049135,-6.6769485724890831,True,True,False,True,False,False
mahler,55062,1,17,900,117,102,-2.2914594371709294,-6.8781239937533662,-2.2914594371709294,-6.8781239937533609,True,True,False,True,False,False
mahler,55062,1,18,950,118,102,-1.9741620310369452,-7.0792994150176476,-1.9741620310369452,-7.0792994150176458,True,True,False,True,False,False
mahler,55062,1,19,1000,119,102,-1.6568646249029602,-7.2804748362819289,-1.6568646249029602,-7.2804748362819236,True,True,False,True,False,False
mahler,55062,1,20,1050,120,102,-1.339567218768976,-7.4816502575462103,-1.339567218768976,-7.4816502575462085,True,True,False,True,False,False
mahler,55062,1,21,1100,121,102,-1.0222698126349918,-7.6828256788104916,-1.0222698126349918,-7.6828256788104863,True,True,False,True,False,False
mahler,55062,1,22,1150,122,102,-0.70497240650100768,-7.8840011000747738,-0.70497240650100768,-7.8840011000747738,True,True,False,True,False,False
mahler,55062,1,23,1200,123,102,-0.38767500036702263,-8.0851765213390561,-0.38767500036702263,-8.0851765213390507,True,True,False,True,False,False
mahler,55062,1,24,1250,124,102,-0.070377594233038465,-8.2863519426033374,-0.070377594233038465,-8.2863519426033356,True,True,False,True,False,False
mahler,55062,1,25,1300,125,102,0.24691981190094658,-8.4875273638676187,0.24691981190094658,-8.4875273638676134,True,True,False,True,False,False
mahler,55062,1,26,1350,126,102,0.56421721803492986,-8.6887027851319001,0.56421721803492986,-8.6887027851318983,True,True,False,True,False,False
mahler,55062,1,27,1400,127,102,0.88151462416891491,-8.8898782063961814,0.88151462416891491,-8.8898782063961761,True,True,False,True,False,False
mahler,55062,1,28,1450,128,102,1.1988120303029,-9.0910536276604628,1.1988120303029,-9.091053627660461,True,True,False,True,False,False
mahler,55062,1,29,1500,129,102,1.5161094364368832,-9.2922290489247441,1.5161094364368832,-9.2922290489247388,True,True,False,True,False,False
mahler,55062,1,30,1550,130,102,1.8334068425708683,-9.4934044701890254,1.8334068425708683,-9.4934044701890237,True,True,False,True,False,False
mahler,55062,1,31,1600,131,102,2.1507042487048516,-9.6945798914533068,2.1507042487048516,-9.6945798914533015,True,True,False,True,False,False
mahler,55062,1,32,1650,132,102,2.4680016548388366,-9.748598131887622,2.4680016548388366,-9.7310169589115016,True,True,False,True,False,True
mahler,55062,1,33,1700,133,102,2.7852990609728216,-9.5503287175555833,2.7852990609728216,-9.4850250433095376,True,True,False,True,False,True
mahler,55062,1,34,1750,134,102,3.1025964671068049,-9.3520593032235464,3.1025964671068049,-9.2390331277075752,True,True,False,True,False,True
mahler,55062,1,35,1800,135,102,3.41989387324079,-9.1537898888915095,3.41989387324079,-8.9930412121056111,True,True,False,True,False,True
mahler,55062,1,36,1850,136,102,3.737191279374775,-8.9555204745594708,3.737191279374775,-8.7470492965036488,True,True,False,True,False,True
mahler,55062,1,37,1900,137,102,4.0544886855087583,-8.7572510602274338,4.0544886855087583,-8.5010573809016847,True,True,False,True,False,True
mahler,55062,1,38,1950,138,102,4.3717860916427433,-8.5589816458953969,4.3717860916427433,-8.2550654652997224,True,True,False,True,False,True
mahler,55062,1,39,2000,139,102,4.6890834977767284,-8.3607122315633582,4.6890834977767284,-8.0090735496977601,True,True,False,True,False,True
mahler,55062,1,40,2050,140,102,5.0063809039107117,-8.1624428172313213,5.0063809039107117,-7.763081634095796,True,True,False,True,False,True
mahler,55062,1,41,2100,141,102,5.3236783100446967,-7.9641734028992843,5.3236783100446967,-7.517089718493831,True,False,False,True,False,True
mahler,55062,1,42,2150,142,102,5.64097571617868,-7.7659039885672474,5.64097571617868,-7.2710978028918687,True,False,True,True,False,True
mahler,55062,1,43,2200,143,102,5.958273122312665,-7.5676345742352087,5.958273122312665,-7.0251058872899064,True,False,True,True,False,True
mahler,55062,1,44,2250,144,102,6.2755705284466501,-7.3693651599031718,6.2755705284466501,-6.7791139716879441,True,False,True,True,False,True
mahler,55062,1,45,2300,145,102,6.5928679345806334,-7.1710957455711348,6.5928679345806334,-6.5331220560859817,True,False,True,True,False,True
mahler,55062,1,46,2350,146,102,6.9101653407146184,-6.972826331239097,6.9101653407146184,-6.2871301404840185,True,False,True,True,False,True
mahler,55062,1,47,2400,147,102,7.2274627468486035,-6.7745569169070592,7.2274627468486035,-6.0411382248820553,True,False,True,True,False,True
mahler,55062,1,48,2450,148,102,7.5447601529825867,-6.5762875025750223,7.5447601529825867,-5.7951463092800921,True,False,True,True,False,True
mahler,55062,1,49,2500,149,102,7.8620575591165718,-6.3780180882429844,7.8620575591165718,-5.5491543936781298,True,False,True,True,False,True
mahler,55062,1,50,2550,150,102,8.1793549652505568,-6.1797486739109466,8.1793549652505568,-5.3031624780761657,True,False,True,True,False,True
mahler,55062,1,51,2600,151,102,8.4966523713845419,-5.9814792595789088,8.4966523713845419,-5.0571705624742025,True,False,True,True,False,True
mahler,55062,1,52,2650,152,102,8.8139497775185234,-5.7832098452468728,8.8139497775185234,-4.8111786468722411,True,False,True,True,False,True
mahler,55062,1,53,2700,153,102,9.1312471836525084,-5.5849404309148349,9.1312471836525084,-4.5651867312702779,True,False,True,True,False,True
mahler,55062,1,54,2750,154,102,9.4485445897864935,-5.3866710165827971,9.4485445897864935,-4.3191948156683146,True,False,True,True,False,True
mahler,55062,1,55,2800,155,102,9.7658419959204785,-5.1884016022507593,9.7658419959204785,-4.0732029000663514,True,False,True,True,False,True
mahler,58244,2,6,350,206,96,-5.7749047448042905,3.9304777272543769,-5.7749047448042905,3.9418841946798771,True,True,False,False,True,False
mahler,58244,2,7,400,207,96,-5.4581970130749236,3.7296761796107347,-5.4581970130749236,3.7495807750879542,True,True,False,False,True,False
mahler,58244,2,8,450,208,96,-5.1414892813455566,3.5288746319670925,-5.1414892813455566,3.5572773554960313,True,True,False,False,True,False
mahler,58244,2,9,500,209,96,-4.8247815496161905,3.3280730843234503,-4.8247815496161905,3.3649739359041089,True,True,False,False,True,False
mahler,58244,2,10,550,210,96,-4.5080738178868227,3.1272715366798076,-4.5080738178868227,3.1726705163121856,True,True,False,False,True,False
mahler,58244,2,11,600,211,96,-4.1913660861574566,2.9264699890361658,-4.1913660861574566,2.9803670967202627,True,True,False,False,True,False
mahler,58244,2,12,650,212,96,-3.8746583544280897,2.7256684413925232,-3.8746583544280897,2.7880636771283402,True,True,False,False,True,False
mahler,58244,2,13,700,213,96,-3.5579506226987228,2.524866893748881,-3.5579506226987228,2.5957602575364174,True,True,False,False,True,False
mahler,58244,2,14,750,214,96,-3.2412428909693567,2.3240653461052392,-3.2412428909693567,2.4034568379444945,True,True,False,False,True,False
mahler,58244,2,15,800,215,96,-2.9245351592399897,2.123263798461597,-2.9245351592399897,2.2111534183525716,True,True,False,False,True,False
mahler,58244,2,16,850,216,96,-2.6078274275106228,1.9224622508179545,-2.6078274275106228,2.0188499987606487,True,True,False,False,True,False
mahler,58244,2,17,900,217,96,-2.2911196957812558,1.7216607031743121,-2.2911196957812558,1.8265465791687259,True,True,False,False,True,False
mahler,58244,2,18,950,218,96,-1.9744119640518889,1.5208591555306696,-1.9744119640518889,1.634243159576803,True,True,False,False,True,False
mahler,58244,2,19,1000,219,96,-1.6577042323225228,1.3200576078870279,-1.6577042323225228,1.4419397399848803,True,True,False,False,True,False
mahler,58244,2,20,1050,220,96,-1.3409965005931559,1.1192560602433854,-1.3409965005931559,1.249636320392957,True,True,False,False,True,False
mahler,58244,2,21,1100,221,96,-1.0242887688637889,0.91845451259974298,-1.0242887688637889,1.0573329008010346,True,True,False,False,True,False
mahler,58244,2,22,1150,222,96,-0.707581037134422,0.71765296495610054,-0.707581037134422,0.86502948120911138,True,True,False,False,True,False
mahler,58244,2,23,1200,223,96,-0.39087330540505594,0.51685141731245876,-0.39087330540505594,0.67272606161718917,True,True,False,False,True,False
mahler,58244,2,24,1250,224,96,-0.074165573675688989,0.31604986966881632,-0.074165573675688989,0.48042264202526602,True,True,False,False,True,False
mahler,58244,2,25,1300,225,96,0.24254215805367796,0.11524832202517393,0.24254215805367796,0.28811922243334331,True,True,False,False,True,False
mahler,58244,2,26,1350,226,96,0.55924988978304402,-0.085553225618467899,0.55924988978304402,0.095815802841420675,True,True,False,False,True,False
mahler,58244,2,27,1400,227,96,0.87595762151241185,-0.28635477326211084,0.87595762151241185,-0.096487616750502547,True,True,False,False,True,False
mahler,58244,2,28,1450,228,96,1.1926653532417779,-0.48715632090575273,1.1926653532417779,-0.28879103634242542,True,True,False,False,True,False
mahler,58244,2,29,1500,229,96,1.509373084971144,-0.68795786854939456,1.509373084971144,-0.48109445593434791,True,True,False,False,True,False
mahler,58244,2,30,1550,230,96,1.8260808167005118,-0.88875941619303744,1.8260808167005118,-0.67339787552627106,True,True,False,False,True,False
mahler,58244,2,31,1600,231,96,2.1427885484298779,-1.0895609638366792,2.1427885484298779,-0.86570129511819383,True,True,False,False,True,False
mahler,58244,2,32,1650,232,96,2.4594962801592457,-1.2903625114803223,2.4594962801592457,-1.058004714710117,True,True,False,False,True,False
mahler,58244,2,33,1700,233,96,2.7762040118886118,-1.4911640591239641,2.7762040118886118,-1.2503081343020392,True,True,False,False,True,False
mahler,58244,2,34,1750,234,96,3.0929117436179778,-1.6919656067676059,3.0929117436179778,-1.4426115538939623,True,True,False,False,True,False
mahler,58244,2,35,1800,235,96,3.4096194753473457,-1.892767154411249,3.4096194753473457,-1.6349149734858857,True,True,False,False,True,False
mahler,58244,2,36,1850,236,96,3.7263272070767117,-2.093568702054891,3.7263272070767117,-1.8272183930778076,True,True,False,False,True,False
mahler,58244,2,37,1900,237,96,4.0430349388060796,-2.2943702496985341,4.0430349388060796,-2.0195218126697307,True,True,False,False,True,False
mahler,58244,2,38,1950,238,96,4.3597426705354456,-2.4951717973421759,4.3597426705354456,-2.2118252322616541,True,True,False,False,True,False
mahler,58244,2,39,2000,239,96,4.6764504022648117,-2.6959733449858176,4.6764504022648117,-2.404128651853576,True,True,False,False,True,False
mahler,58244,2,40,2050,240,96,4.9931581339941795,-2.8967748926294608,4.9931581339941795,-2.5964320714454989,True,True,False,False,True,False
mahler,58244,2,41,2100,241,96,5.3098658657235456,-3.0975764402731025,5.3098658657235456,-2.7887354910374227,True,False,False,False,True,False
mahler,58244,2,42,2150,242,96,5.6265735974529116,-3.2983779879167443,5.6265735974529116,-2.9810389106293442,True,False,True,False,True,False
mahler,58244,2,43,2200,243,96,5.9432813291822795,-3.4991795355603874,5.9432813291822795,-3.1733423302212675,True,False,True,False,True,False
mahler,58244,2,44,2250,244,96,6.2599890609116455,-3.6999810832040292,6.2599890609116455,-3.36564574981319,True,False,True,False,True,False
mahler,58244,2,45,2300,245,96,6.5766967926410134,-3.9007826308476723,6.5766967926410134,-3.5579491694051146,True,False,True,False,True,False
mahler,58244,2,46,2350,246,96,6.8934045243703794,-4.1015841784913141,6.8934045243703794,-3.7502525889970371,True,False,True,False,True,False
mahler,58244,2,47,2400,247,96,7.2101122560997455,-4.3023857261349558,7.2101122560997455,-3.9425560085889586,True,False,True,False,True,False
mahler,58244,2,48,2450,248,96,7.5268199878291133,-4.5031872737785985,7.5268199878291133,-4.1348594281808824,True,False,True,False,True,False
mahler,58244,2,49,2500,249,96,7.8435277195584794,-4.7039888214222403,7.8435277195584794,-4.3271628477728044,True,False,True,False,True,False
mahler,58244,2,50,2550,250,96,8.1602354512878463,-4.9047903690658829,8.1602354512878463,-4.5194662673647272,True,False,True,False,True,False
mahler,58244,2,51,2600,251,96,8.4769431830172124,-5.1055919167095247,8.4769431830172124,-4.7117696869566492,True,False,True,False,True,False
mahler,58244,2,52,2650,252,96,8.7936509147465785,-5.3063934643531665,8.7936509147465785,-4.904073106548573,True,False,True,False,True,False
mahler,58244,2,53,2700,253,96,9.1103586464759445,-5.5071950119968083,9.1103586464759445,-5.096376526140495,True,False,True,False,True,False
mahler,58244,2,54,2750,254,96,9.4270663782053141,-5.7079965596404527,9.4270663782053141,-5.2886799457324178,True,False,True,False,True,False
mahler,58244,2,55,2800,255,96,9.7437741099346802,-5.9087981072840945,9.7437741099346802,-5.4809833653243407,True,False,True,False,True,False
mahler,68220,4,6,350,406,104,-5.3988811922130147,-6.0954454073972757,-5.3988811922130147,-6.1028591353586235,True,True,False,False,True,False
mahler,68220,4,7,400,407,104,-5.1002143466174594,-5.8686787551018895,-5.1002143466174594,-5.8816126542235274,True,True,False,False,True,False
mahler,68220,4,8,450,408,104,-4.8015475010219042,-5.6419121028065042,-4.8015475010219042,-5.6603661730884323,True,True,False,False,True,False
mahler,68220,4,9,500,409,104,-4.502880655426349,-5.415145450511119,-4.502880655426349,-5.4391196919533362,True,True,False,False,True,False
mahler,68220,4,10,550,410,104,-4.2042138098307928,-5.1883787982157337,-4.2042138098307928,-5.2178732108182393,True,True,False,False,True,False
mahler,68220,4,11,600,411,104,-3.9055469642352376,-4.9616121459203484,-3.9055469642352376,-4.9966267296831433,True,True,False,False,True,False
mahler,68220,4,12,650,412,104,-3.6068801186396824,-4.7348454936249631,-3.6068801186396824,-4.7753802485480472,True,True,False,False,True,False
mahler,68220,4,13,700,413,104,-3.3082132730441272,-4.5080788413295778,-3.3082132730441272,-4.5541337674129512,True,True,False,False,True,False
mahler,68220,4,14,750,414,104,-3.0095464274485719,-4.2813121890341916,-3.0095464274485719,-4.332887286277856,True,True,False,False,True,False
mahler,68220,4,15,800,415,104,-2.7108795818530158,-4.0545455367388055,-2.7108795818530158,-4.11164080514276,True,True,False,False,True,False
mahler,68220,4,16,850,416,104,-2.4122127362574606,-3.8277788844434202,-2.4122127362574606,-3.8903943240076631,True,True,False,False,True,False
mahler,68220,4,17,900,417,104,-2.1135458906619053,-3.6010122321480349,-2.1135458906619053,-3.6691478428725683,True,True,False,False,True,False
mahler,68220,4,18,950,418,104,-1.8148790450663501,-3.3742455798526496,-1.8148790450663501,-3.4479013617374723,True,True,False,False,True,False
mahler,68220,4,19,1000,419,104,-1.5162121994707949,-3.1474789275572643,-1.5162121994707949,-3.2266548806023758,True,True,False,False,True,False
mahler,68220,4,20,1050,420,104,-1.2175453538752397,-2.920712275261879,-1.2175453538752397,-3.0054083994672802,True,True,False,False,True,False
mahler,68220,4,21,1100,421,104,-0.91887850827968354,-2.6939456229664929,-0.91887850827968354,-2.7841619183321833,True,True,False,False,True,False
mahler,68220,4,22,1150,422,104,-0.62021166268412831,-2.4671789706711076,-0.62021166268412831,-2.5629154371970873,True,True,False,False,True,False
mahler,68220,4,23,1200,423,104,-0.32154481708857308,-2.2404123183757223,-0.32154481708857308,-2.3416689560619925,True,True,False,False,True,False
mahler,68220,4,24,1250,424,104,-0.022877971493017846,-2.0136456660803366,-0.022877971493017846,-2.1204224749268965,True,True,False,False,True,False
mahler,68220,4,25,1300,425,104,0.27578887410253738,-1.7868790137849513,0.27578887410253738,-1.8991759937918005,True,True,False,False,True,False
mahler,68220,4,26,1350,426,104,0.57445571969809262,-1.560112361489566,0.57445571969809262,-1.6779295126567046,True,True,False,False,True,False
mahler,68220,4,27,1400,427,104,0.87312256529364785,-1.3333457091941807,0.87312256529364785,-1.4566830315216086,True,True,False,False,True,False
mahler,68220,4,28,1450,428,104,1.1717894108892031,-1.1065790568987952,1.1717894108892031,-1.2354365503865128,True,True,False,False,True,False
mahler,68220,4,29,1500,429,104,1.4704562564847583,-0.87981240460340993,1.4704562564847583,-1.0141900692514165,True,True,False,False,True,False
mahler,68220,4,30,1550,430,104,1.7691231020803153,-0.65304575230802309,1.7691231020803153,-0.79294358811632004,True,True,False,False,True,False
mahler,68220,4,31,1600,431,104,2.0677899476758705,-0.4262791000126378,2.0677899476758705,-0.57169710698122411,True,True,False,False,True,False
mahler,68220,4,32,1650,432,104,2.3664567932714258,-0.19951244771725229,2.3664567932714258,-0.35045062584612813,True,True,False,False,True,False
mahler,68220,4,33,1700,433,104,2.665123638866981,0.027254204578133212,2.665123638866981,-0.1292041447110322,True,True,False,False,True,False
mahler,68220,4,34,1750,434,104,2.9637904844625362,0.2540208568735185,2.9637904844625362,0.092042336424063828,True,True,False,False,True,False
mahler,68220,4,35,1800,435,104,3.2624573300580915,0.48078750916890378,3.2624573300580915,0.31328881755915983,True,True,False,False,True,False
mahler,68220,4,36,1850,436,104,3.5611241756536467,0.70755416146428907,3.5611241756536467,0.53453529869425576,True,True,False,False,True,False
mahler,68220,4,37,1900,437,104,3.8597910212492019,0.93432081375967435,3.8597910212492019,0.75578177982935157,True,True,False,False,True,False
mahler,68220,4,38,1950,438,104,4.1584578668447572,1.1610874660550601,4.1584578668447572,0.97702826096444761,True,True,False,False,True,False
mahler,68220,4,39,2000,439,104,4.4571247124403124,1.3878541183504454,4.4571247124403124,1.1982747420995434,True,True,False,False,True,False
mahler,68220,4,40,2050,440,104,4.7557915580358676,1.6146207706458306,4.7557915580358676,1.4195212232346393,True,True,False,False,True,False
mahler,68220,4,41,2100,441,104,5.0544584036314228,1.8413874229412159,5.0544584036314228,1.640767704369734,True,True,False,False,True,False
mahler,68220,4,42,2150,442,104,5.3531252492269781,2.0681540752366017,5.3531252492269781,1.8620141855048298,True,False,False,False,True,False
mahler,68220,4,43,2200,443,104,5.6517920948225351,2.2949207275319878,5.6517920948225351,2.0832606666399274,True,False,True,False,True,False
mahler,68220,4,44,2250,444,104,5.9504589404180903,2.5216873798273731,5.9504589404180903,2.304507147775023,True,False,True,False,True,False
mahler,68220,4,45,2300,445,104,6.2491257860136455,2.7484540321227593,6.2491257860136455,2.5257536289101186,True,False,True,False,True,False
mahler,68220,4,46,2350,446,104,6.5477926316092008,2.9752206844181446,6.5477926316092008,2.7470001100452155,True,False,True,False,True,False
mahler,68220,4,47,2400,447,104,6.846459477204756,3.2019873367135299,6.846459477204756,2.9682465911803111,True,False,True,False,True,False
mahler,68220,4,48,2450,448,104,7.1451263228003112,3.4287539890089151,7.1451263228003112,3.1894930723154071,True,False,True,False,True,False
mahler,68220,4,49,2500,449,104,7.4437931683958665,3.6555206413043004,7.4437931683958665,3.4107395534505036,True,False,True,False,True,False
mahler,68220,4,50,2550,450,104,7.7424600139914217,3.8822872935996857,7.7424600139914217,3.6319860345855988,True,False,True,False,True,False
mahler,68220,4,51,2600,451,104,8.0411268595869778,4.1090539458950719,8.0411268595869778,3.8532325157206966,True,False,True,False,True,False
mahler,68220,4,52,2650,452,104,8.339793705182533,4.3358205981904572,8.339793705182533,4.0744789968557926,True,False,True,False,True,False
mahler,68220,4,53,2700,453,104,8.6384605507780883,4.5625872504858425,8.6384605507780883,4.2957254779908887,True,False,True,False,True,False
mahler,68220,4,54,2750,454,104,8.9371273963736435,4.7893539027812277,8.9371273963736435,4.5169719591259838,True,False,True,False,True,False
mahler,68220,4,55,2800,455,104,9.2357942419691987,5.016120555076613,9.2357942419691987,4.738218440261079,True,False,True,False,True,False
mahler,68220,4,56,2850,456,104,9.534461087564754,5.2428872073719983,9.534461087564754,4.9594649213961741,True,False,True,False,True,False
mahler,68220,4,57,2900,457,104,9.8331279331603092,5.4696538596673836,9.8331279331603092,5.180711402531271,True,False,True,False,True,False
mahler,72780,5,6,350,506,98,-5.3823557747963742,5.264798079578755,-5.3823557747963742,5.2647980795787541,True,True,False,True,False,False
mahler,72780,5,7,400,507,98,-5.0649595272513066,5.4660361670419837,-5.0649595272513066,5.4660361670419846,True,True,False,True,False,False
mahler,72780,5,8,450,508,98,-4.7475632797062399,5.6672742545052115,-4.7475632797062399,5.6672742545052088,True,True,False,True,False,False
mahler,72780,5,9,500,509,98,-4.4301670321611724,5.8685123419684402,-4.4301670321611724,5.8685123419684402,True,True,False,True,False,False
mahler,72780,5,10,550,510,98,-4.1127707846161048,6.069750429431668,-4.1127707846161048,6.0697504294316671,True,True,False,True,False,False
mahler,72780,5,11,600,511,98,-3.7953745370710381,6.2709885168948967,-3.7953745370710381,6.2709885168948976,True,True,False,True,False,False
mahler,72780,5,12,650,512,98,-3.4779782895259705,6.4722266043581254,-3.4779782895259705,6.4722266043581245,True,True,False,True,False,False
mahler,72780,5,13,700,513,98,-3.1605820419809039,6.6734646918213532,-3.1605820419809039,6.6734646918213523,True,True,False,True,False,False
mahler,72780,5,14,750,514,98,-2.8431857944358363,6.874702779284581,-2.8431857944358363,6.8747027792845801,True,True,False,True,False,False
mahler,72780,5,15,800,515,98,-2.5257895468907687,7.0759408667478096,-2.5257895468907687,7.0759408667478096,True,True,False,True,False,False
mahler,72780,5,16,850,516,98,-2.2083932993457021,7.2771789542110374,-2.2083932993457021,7.2771789542110383,True,True,False,True,False,False
mahler,72780,5,17,900,517,98,-1.8909970518006345,7.4784170416742661,-1.8909970518006345,7.4784170416742626,True,True,False,True,False,False
mahler,72780,5,18,950,518,98,-1.5736008042555678,7.6796551291374939,-1.5736008042555678,7.6796551291374957,True,True,False,True,False,False
mahler,72780,5,19,1000,519,98,-1.2562045567105002,7.8808932166007226,-1.2562045567105002,7.8808932166007244,True,True,False,True,False,False
mahler,72780,5,20,1050,520,98,-0.93880830916543268,8.0821313040639513,-0.93880830916543268,8.0821313040639513,True,True,False,True,False,False
mahler,72780,5,21,1100,521,98,-0.621412061620366,8.2833693915271791,-0.621412061620366,8.2833693915271791,True,True,False,True,False,False
mahler,72780,5,22,1150,522,98,-0.30401581407529843,8.4846074789904069,-0.30401581407529843,8.4846074789904087,True,True,False,True,False,False
mahler,72780,5,23,1200,523,98,0.013380433469768249,8.6858455664536347,0.013380433469768249,8.6858455664536347,True,True,False,True,False,False
mahler,72780,5,24,1250,524,98,0.33077668101483582,8.8870836539168643,0.33077668101483582,8.8870836539168625,True,True,False,True,False,False
mahler,72780,5,25,1300,525,98,0.64817292855990338,9.0883217413800921,0.64817292855990338,9.0883217413800956,True,True,False,True,False,False
mahler,72780,5,26,1350,526,98,0.96556917610497095,9.2895598288433199,0.96556917610497095,9.2895598288433217,True,True,False,True,False,False
mahler,72780,5,27,1400,527,98,1.2829654236500367,9.4907979163065477,1.2829654236500367,9.4907979163065477,True,True,False,True,False,False
mahler,72780,5,28,1450,528,98,1.6003616711951043,9.6920360037697773,1.6003616711951043,9.6920360037697755,True,True,False,True,False,False
mahler,72780,5,29,1500,529,98,1.9177579187401719,9.7462665463461313,1.9177579187401719,9.7478462696760406,True,True,False,True,False,True
mahler,72780,5,30,1550,530,98,2.2351541662852394,9.5479353485686964,2.2351541662852394,9.5538087897638739,True,True,False,True,False,True
mahler,72780,5,31,1600,531,98,2.552550413830307,9.3496041507912597,2.552550413830307,9.3597713098517055,True,True,False,True,False,True
mahler,72780,5,32,1650,532,98,2.8699466613753728,9.1512729530138248,2.8699466613753728,9.1657338299395352,True,True,False,True,False,True
mahler,72780,5,33,1700,533,98,3.1873429089204404,8.9529417552363899,3.1873429089204404,8.9716963500273685,True,True,False,True,False,True
mahler,72780,5,34,1750,534,98,3.5047391564655079,8.7546105574589532,3.5047391564655079,8.7776588701151983,True,True,False,True,False,True
mahler,72780,5,35,1800,535,98,3.8221354040105755,8.5562793596815183,3.8221354040105755,8.5836213902030316,True,True,False,True,False,True
mahler,72780,5,36,1850,536,98,4.1395316515556431,8.3579481619040816,4.1395316515556431,8.3895839102908614,True,True,False,True,False,True
mahler,72780,5,37,1900,537,98,4.4569278991007089,8.1596169641266467,4.4569278991007089,8.1955464303786947,True,True,False,True,False,True
mahler,72780,5,38,1950,538,98,4.7743241466457764,7.9612857663492118,4.7743241466457764,8.0015089504665244,True,True,False,True,False,True
mahler,72780,5,39,2000,539,98,5.091720394190844,7.7629545685717751,5.091720394190844,7.8074714705543569,True,False,False,True,False,True
mahler,72780,5,40,2050,540,98,5.4091166417359116,7.5646233707943402,5.4091166417359116,7.6134339906421884,True,False,True,True,False,True
mahler,72780,5,41,2100,541,98,5.7265128892809791,7.3662921730169035,5.7265128892809791,7.4193965107300199,True,False,True,True,False,True
mahler,72780,5,42,2150,542,98,6.0439091368260449,7.1679609752394686,6.0439091368260449,7.2253590308178515,True,False,True,True,False,True
mahler,72780,5,43,2200,543,98,6.3613053843711125,6.9696297774620337,6.3613053843711125,7.0313215509056848,True,False,True,True,False,True
mahler,72780,5,44,2250,544,98,6.67870163191618,6.771298579684597,6.67870163191618,6.8372840709935145,True,False,True,True,False,True
mahler,72780,5,45,2300,545,98,6.9960978794612476,6.5729673819071612,6.9960978794612476,6.6432465910813461,True,False,True,True,False,True
mahler,72780,5,46,2350,546,98,7.3134941270063152,6.3746361841297254,7.3134941270063152,6.4492091111691776,True,False,True,True,False,True
mahler,72780,5,47,2400,547,98,7.630890374551381,6.1763049863522905,7.630890374551381,6.2551716312570091,True,False,True,True,False,True
mahler,72780,5,48,2450,548,98,7.9482866220964485,5.9779737885748547,7.9482866220964485,6.0611341513448416,True,False,True,True,False,True
mahler,72780,5,49,2500,549,98,8.2656828696415161,5.7796425907974189,8.2656828696415161,5.8670966714326722,True,False,True,True,False,True
mahler,72780,5,50,2550,550,98,8.5830791171865819,5.5813113930199849,8.5830791171865819,5.6730591915205038,True,False,True,True,False,True
mahler,72780,5,51,2600,551,98,8.9004753647316512,5.3829801952425473,8.9004753647316512,5.4790217116083344,True,False,True,True,False,True
mahler,72780,5,52,2650,552,98,9.217871612276717,5.1846489974651124,9.217871612276717,5.2849842316961677,True,False,True,True,False,True
mahler,72780,5,53,2700,553,98,9.5352678598217864,4.9863177996876757,9.5352678598217864,5.0909467517839984,True,False,True,True,False,True
mahler,72780,5,54,2750,554,98,9.8526641073668522,4.7879866019102408,9.8526641073668522,4.8969092718718299,True,False,True,True,False,True
mahler,77046,6,6,350,606,97,-5.1660794114074875,-2.5449829060388862,-5.1660794114074875,-2.5621236551275222,True,True,False,False,True,False
mahler,77046,6,7,400,607,97,-4.8427791383868168,-2.354977819345264,-4.8427791383868168,-2.3848896421209353,True,True,False,False,True,False
mahler,77046,6,8,450,608,97,-4.5194788653661444,-2.1649727326516408,-4.5194788653661444,-2.2076556291143481,True,True,False,False,True,False
mahler,77046,6,9,500,609,97,-4.1961785923454729,-1.9749676459580177,-4.1961785923454729,-2.03042161610776,True,True,False,False,True,False
mahler,77046,6,10,550,610,97,-3.8728783193248013,-1.784962559264395,-3.8728783193248013,-1.8531876031011727,True,True,False,False,True,False
mahler,77046,6,11,600,611,97,-3.5495780463041298,-1.5949574725707718,-3.5495780463041298,-1.6759535900945854,True,True,False,False,True,False
mahler,77046,6,12,650,612,97,-3.2262777732834582,-1.4049523858771491,-3.2262777732834582,-1.4987195770879984,True,True,False,False,True,False
mahler,77046,6,13,700,613,97,-2.9029775002627867,-1.2149472991835264,-2.9029775002627867,-1.3214855640814112,True,True,False,False,True,False
mahler,77046,6,14,750,614,97,-2.5796772272421151,-1.0249422124899032,-2.5796772272421151,-1.1442515510748237,True,True,False,False,True,False
mahler,77046,6,15,800,615,97,-2.2563769542214436,-0.83493712579628065,-2.2563769542214436,-0.96701753806823665,True,True,False,False,True,False
mahler,77046,6,16,850,616,97,-1.9330766812007711,-0.64493203910265706,-1.9330766812007711,-0.78978352506164873,True,True,False,False,True,False
mahler,77046,6,17,900,617,97,-1.6097764081800996,-0.45492695240903425,-1.6097764081800996,-0.61254951205506192,True,True,False,False,True,False
mahler,77046,6,18,950,618,97,-1.286476135159428,-0.26492186571541143,-1.286476135159428,-0.4353154990484745,True,True,False,False,True,False
mahler,77046,6,19,1000,619,97,-0.9631758621387565,-0.074916779021788504,-0.9631758621387565,-0.25808148604188708,True,True,False,False,True,False
mahler,77046,6,20,1050,620,97,-0.63987558911808495,0.11508830767183437,-0.63987558911808495,-0.08084747303530021,True,True,False,False,True,False
mahler,77046,6,21,1100,621,97,-0.31657531609741341,0.30509339436545724,-0.31657531609741341,0.096386539971287169,True,True,False,False,True,False
mahler,77046,6,22,1150,622,97,0.0067249569232581408,0.49509848105908011,0.0067249569232581408,0.27362055297787463,True,True,False,False,True,False
mahler,77046,6,23,1200,623,97,0.33002522994392969,0.68510356775270298,0.33002522994392969,0.45085456598446144,True,True,False,False,True,False
mahler,77046,6,24,1250,624,97,0.65332550296460212,0.87510865444632646,0.65332550296460212,0.62808857899104931,True,True,False,False,True,False
mahler,77046,6,25,1300,625,97,0.97662577598527278,1.0651137411399487,0.97662577598527278,0.80532259199763623,True,True,False,False,True,False
mahler,77046,6,26,1350,626,97,1.2999260490059452,1.2551188278335723,1.2999260490059452,0.98255660500422404,True,True,False,False,True,False
mahler,77046,6,27,1400,627,97,1.6232263220266159,1.4451239145271946,1.6232263220266159,1.1597906180108106,True,True,False,False,True,False
mahler,77046,6,28,1450,628,97,1.9465265950472883,1.6351290012208177,1.9465265950472883,1.3370246310173983,True,True,False,False,True,False
mahler,77046,6,29,1500,629,97,2.269826868067959,1.8251340879144404,2.269826868067959,1.5142586440239851,True,True,False,False,True,False
mahler,77046,6,30,1550,630,97,2.5931271410886314,2.0151391746080636,2.5931271410886314,1.6914926570305728,True,True,False,False,True,False
mahler,77046,6,31,1600,631,97,2.9164274141093021,2.2051442613016858,2.9164274141093021,1.8687266700371592,True,True,False,False,True,False
mahler,77046,6,32,1650,632,97,3.2397276871299745,2.3951493479953094,3.2397276871299745,2.0459606830437469,True,True,False,False,True,False
mahler,77046,6,33,1700,633,97,3.5630279601506469,2.585154434688933,3.5630279601506469,2.223194696050335,True,True,False,False,True,False
mahler,77046,6,34,1750,634,97,3.8863282331713176,2.7751595213825553,3.8863282331713176,2.4004287090569218,True,True,False,False,True,False
mahler,77046,6,35,1800,635,97,4.20962850619199,2.9651646080761789,4.20962850619199,2.57766272206351,True,True,False,False,True,False
mahler,77046,6,36,1850,636,97,4.5329287792126607,3.1551696947698011,4.5329287792126607,2.7548967350700968,True,True,False,False,True,False
mahler,77046,6,37,1900,637,97,4.8562290522333331,3.3451747814634243,4.8562290522333331,2.9321307480766832,True,True,False,False,True,False
mahler,77046,6,38,1950,638,97,5.1795293252540038,3.535179868157047,5.1795293252540038,3.1093647610832709,True,False,False,False,True,False
mahler,77046,6,39,2000,639,97,5.5028295982746762,3.7251849548506701,5.5028295982746762,3.2865987740898586,True,False,True,False,True,False
mahler,77046,6,40,2050,640,97,5.8261298712953469,3.9151900415442924,5.8261298712953469,3.4638327870964458,True,False,True,False,True,False
mahler,77046,6,41,2100,641,97,6.1494301443160193,4.1051951282379155,6.1494301443160193,3.6410668001030331,True,False,True,False,True,False
mahler,77046,6,42,2150,642,97,6.47273041733669,4.2952002149315378,6.47273041733669,3.8183008131096199,True,False,True,False,True,False
mahler,77046,6,43,2200,643,97,6.7960306903573624,4.4852053016251618,6.7960306903573624,3.9955348261162076,True,False,True,False,True,False
mahler,77046,6,44,2250,644,97,7.1193309633780348,4.675210388318785,7.1193309633780348,4.1727688391227948,True,False,True,False,True,False
mahler,77046,6,45,2300,645,97,7.4426312363987055,4.8652154750124073,7.4426312363987055,4.3500028521293821,True,False,True,False,True,False
mahler,77046,6,46,2350,646,97,7.7659315094193779,5.0552205617060313,7.7659315094193779,4.5272368651359702,True,False,True,False,True,False
mahler,77046,6,47,2400,647,97,8.0892317824400486,5.2452256483996536,8.0892317824400486,4.7044708781425575,True,False,True,False,True,False
mahler,77046,6,48,2450,648,97,8.412532055460721,5.4352307350932767,8.412532055460721,4.8817048911491439,True,False,True,False,True,False
mahler,77046,6,49,2500,649,97,8.7358323284813935,5.6252358217868998,8.7358323284813935,5.0589389041557329,True,False,True,False,True,False
mahler,77046,6,50,2550,650,97,9.0591326015020641,5.8152409084805221,9.0591326015020641,5.2361729171623184,True,False,True,False,True,False
mahler,77046,6,51,2600,651,97,9.3824328745227348,6.0052459951741444,9.3824328745227348,5.4134069301689038,True,False,True,False,True,False
mahler,77046,6,52,2650,652,97,9.7057331475434054,6.1952510818677675,9.7057331475434054,5.5906409431754911,True,False,True,False,True,False
mahler,77944,7,6,350,706,96,-5.1496374700410756,-0.37469948757468563,-5.1496374700410756,-0.39541524255050869,True,True,False,False,True,False
mahler,77944,7,7,400,707,96,-4.8142627836560576,-0.2069233883051953,-4.8142627836560576,-0.24306564793606475,True,True,False,False,True,False
mahler,77944,7,8,450,708,96,-4.4788880972710396,-0.039147289035704524,-4.4788880972710396,-0.090716053321620624,True,True,False,False,True,False
mahler,77944,7,9,500,709,96,-4.1435134108860225,0.12862881023378536,-4.1435134108860225,0.061633541292823078,True,True,False,False,True,False
mahler,77944,7,10,550,710,96,-3.8081387245010041,0.29640490950327636,-3.8081387245010041,0.21398313590726739,True,True,False,False,True,False
mahler,77944,7,11,600,711,96,-3.4727640381159866,0.46418100877276669,-3.4727640381159866,0.36633273052171128,True,True,False,False,True,False
mahler,77944,7,12,650,712,96,-3.1373893517309686,0.63195710804225724,-3.1373893517309686,0.51868232513615542,True,True,False,False,True,False
mahler,77944,7,13,700,713,96,-2.8020146653459506,0.7997332073117478,-2.8020146653459506,0.67103191975059939,True,True,False,False,True,False
mahler,77944,7,14,750,714,96,-2.4666399789609326,0.96750930658123835,-2.4666399789609326,0.8233815143650437,True,True,False,False,True,False
mahler,77944,7,15,800,715,96,-2.1312652925759146,1.1352854058507289,-2.1312652925759146,0.97573110897948767,True,True,False,False,True,False
mahler,77944,7,16,850,716,96,-1.7958906061908966,1.3030615051202195,-1.7958906061908966,1.1280807035939318,True,True,False,False,True,False
mahler,77944,7,17,900,717,96,-1.4605159198058786,1.4708376043897102,-1.4605159198058786,1.2804302982083759,True,True,False,False,True,False
mahler,77944,7,18,950,718,96,-1.1251412334208606,1.6386137036592006,-1.1251412334208606,1.4327798928228201,True,True,False,False,True,False
mahler,77944,7,19,1000,719,96,-0.78976654703584348,1.8063898029286909,-0.78976654703584348,1.5851294874372639,True,True,False,False,True,False
mahler,77944,7,20,1050,720,96,-0.45439186065082549,1.9741659021981814,-0.45439186065082549,1.7374790820517081,True,True,False,False,True,False
mahler,77944,7,21,1100,721,96,-0.11901717426580749,2.141942001467672,-0.11901717426580749,1.8898286766661521,True,True,False,False,True,False
mahler,77944,7,22,1150,722,96,0.2163575121192105,2.3097181007371628,0.2163575121192105,2.042178271280596,True,True,False,False,True,False
mahler,77944,7,23,1200,723,96,0.55173219850422761,2.4774942000066527,0.55173219850422761,2.19452786589504,True,True,False,False,True,False
mahler,77944,7,24,1250,724,96,0.88710688488924561,2.6452702992761434,0.88710688488924561,2.3468774605094835,True,True,False,False,True,False
mahler,77944,7,25,1300,725,96,1.2224815712742636,2.8130463985456338,1.2224815712742636,2.499227055123928,True,True,False,False,True,False
mahler,77944,7,26,1350,726,96,1.5578562576592816,2.9808224978151245,1.5578562576592816,2.6515766497383719,True,True,False,False,True,False
mahler,77944,7,27,1400,727,96,1.8932309440442996,3.1485985970846153,1.8932309440442996,2.8039262443528163,True,True,False,False,True,False
mahler,77944,7,28,1450,728,96,2.2286056304293176,3.3163746963541056,2.2286056304293176,2.9562758389672612,True,True,False,False,True,False
mahler,77944,7,29,1500,729,96,2.5639803168143356,3.484150795623596,2.5639803168143356,3.1086254335817052,True,True,False,False,True,False
mahler,77944,7,30,1550,730,96,2.8993550031993536,3.6519268948930868,2.8993550031993536,3.2609750281961483,True,True,False,False,True,False
mahler,77944,7,31,1600,731,96,3.2347296895843716,3.8197029941625775,3.2347296895843716,3.4133246228105931,True,True,False,False,True,False
mahler,77944,7,32,1650,732,96,3.5701043759693896,3.9874790934320679,3.5701043759693896,3.5656742174250375,True,True,False,False,True,False
mahler,77944,7,33,1700,733,96,3.9054790623544076,4.1552551927015582,3.9054790623544076,3.7180238120394811,True,True,False,False,True,False
mahler,77944,7,34,1750,734,96,4.2408537487394256,4.3230312919710485,4.2408537487394256,3.870373406653925,True,True,False,False,True,False
mahler,77944,7,35,1800,735,96,4.5762284351244435,4.4908073912405397,4.5762284351244435,4.0227230012683695,True,True,False,False,True,False
mahler,77944,7,36,1850,736,96,4.9116031215094615,4.658583490510031,4.9116031215094615,4.1750725958828134,True,True,False,False,True,False
mahler,77944,7,37,1900,737,96,5.2469778078944795,4.8263595897795213,5.2469778078944795,4.3274221904972583,True,False,False,False,True,False
mahler,77944,7,38,1950,738,96,5.5823524942794958,4.9941356890490107,5.5823524942794958,4.4797717851117005,True,False,True,False,True,False
mahler,77944,7,39,2000,739,96,5.9177271806645138,5.1619117883185011,5.9177271806645138,4.6321213797261445,True,False,True,False,True,False
mahler,77944,7,40,2050,740,96,6.2531018670495317,5.3296878875879923,6.2531018670495317,4.7844709743405884,True,False,True,False,True,False
mahler,77944,7,41,2100,741,96,6.5884765534345497,5.4974639868574826,6.5884765534345497,4.9368205689550324,True,False,True,False,True,False
mahler,77944,7,42,2150,742,96,6.9238512398195677,5.6652400861269729,6.9238512398195677,5.0891701635694773,True,False,True,False,True,False
mahler,77944,7,43,2200,743,96,7.2592259262045857,5.8330161853964633,7.2592259262045857,5.2415197581839221,True,False,True,False,True,False
mahler,77944,7,44,2250,744,96,7.5946006125896037,6.0007922846659536,7.5946006125896037,5.3938693527983652,True,False,True,False,True,False
mahler,77944,7,45,2300,745,96,7.9299752989746217,6.1685683839354448,7.9299752989746217,5.5462189474128083,True,False,True,False,True,False
mahler,77944,7,46,2350,746,96,8.2653499853596397,6.3363444832049352,8.2653499853596397,5.6985685420272532,True,False,True,False,True,False
mahler,77944,7,47,2400,747,96,8.6007246717446559,6.5041205824744246,8.6007246717446559,5.850918136641698,True,False,True,False,True,False
mahler,77944,7,48,2450,748,96,8.9360993581296757,6.6718966817439167,8.9360993581296757,6.003267731256142,True,False,True,False,True,False
mahler,77944,7,49,2500,749,96,9.2714740445146919,6.8396727810134061,9.2714740445146919,6.1556173258705842,True,False,True,False,True,False
mahler,77944,7,50,2550,750,96,9.6068487308997117,7.0074488802828974,9.6068487308997117,6.3079669204850299,True,False,True,False,True,False
mahler,90751,8,6,350,806,94,-4.8201279532393837,-6.268921976700117,-4.8201279532393837,-6.2995081303119758,True,True,False,False,True,False
mahler,90751,8,7,400,807,94,-4.5374290956874841,-6.0225353805916475,-4.5374290956874841,-6.0758835993973026,True,True,False,False,True,False
mahler,90751,8,8,450,808,94,-4.2547302381355863,-5.7761487844831798,-4.2547302381355863,-5.8522590684826312,True,True,False,False,True,False
mahler,90751,8,9,500,809,94,-3.9720313805836871,-5.5297621883747095,-3.9720313805836871,-5.628634537567959,True,True,False,False,True,False
mahler,90751,8,10,550,810,94,-3.6893325230317888,-5.2833755922662409,-3.6893325230317888,-5.4050100066532885,True,True,False,False,True,False
mahler,90751,8,11,600,811,94,-3.4066336654798901,-5.0369889961577723,-3.4066336654798901,-5.181385475738618,True,True,False,False,True,False
mahler,90751,8,12,650,812,94,-3.1239348079279914,-4.7906024000493037,-3.1239348079279914,-4.9577609448239466,True,True,False,False,True,False
mahler,90751,8,13,700,813,94,-2.8412359503760927,-4.5442158039408342,-2.8412359503760927,-4.7341364139092734,True,True,False,False,True,False
mahler,90751,8,14,750,814,94,-2.5585370928241939,-4.2978292078323657,-2.5585370928241939,-4.5105118829946029,True,True,False,False,True,False
mahler,90751,8,15,800,815,94,-2.2758382352722952,-4.0514426117238962,-2.2758382352722952,-4.2868873520799324,True,True,False,False,True,False
mahler,90751,8,16,850,816,94,-1.9931393777203965,-3.8050560156154276,-1.9931393777203965,-4.0632628211652602,True,True,False,False,True,False
mahler,90751,8,17,900,817,94,-1.7104405201684978,-3.5586694195069586,-1.7104405201684978,-3.8396382902505892,True,True,False,False,True,False
mahler,90751,8,18,950,818,94,-1.4277416626165991,-3.3122828233984896,-1.4277416626165991,-3.6160137593359174,True,True,False,False,True,False
mahler,90751,8,19,1000,819,94,-1.1450428050647004,-3.0658962272900205,-1.1450428050647004,-3.3923892284212465,True,True,False,False,True,False
mahler,90751,8,20,1050,820,94,-0.86234394751280252,-2.8195096311815524,-0.86234394751280252,-3.1687646975065755,True,True,False,False,True,False
mahler,90751,8,21,1100,821,94,-0.5796450899609038,-2.5731230350730838,-0.5796450899609038,-2.9451401665919046,True,True,False,False,True,False
mahler,90751,8,22,1150,822,94,-0.29694623240900508,-2.3267364389646144,-0.29694623240900508,-2.7215156356772332,True,True,False,False,True,False
mahler,90751,8,23,1200,823,94,-0.014247374857106365,-2.0803498428561458,-0.014247374857106365,-2.4978911047625614,True,True,False,False,True,False
mahler,90751,8,24,1250,824,94,0.26845148269479235,-1.8339632467476767,0.26845148269479235,-2.2742665738478909,True,True,False,False,True,False
mahler,90751,8,25,1300,825,94,0.55115034024669107,-1.5875766506392077,0.55115034024669107,-2.0506420429332191,True,True,False,False,True,False
mahler,90751,8,26,1350,826,94,0.83384919779858979,-1.3411900545307387,0.83384919779858979,-1.8270175120185477,True,True,False,False,True,False
mahler,90751,8,27,1400,827,94,1.1165480553504885,-1.0948034584222697,1.1165480553504885,-1.6033929811038767,True,True,False,False,True,False
mahler,90751,8,28,1450,828,94,1.3992469129023863,-0.84841686231380153,1.3992469129023863,-1.3797684501892054,True,True,False,False,True,False
mahler,90751,8,29,1500,829,94,1.6819457704542859,-0.60203026620533184,1.6819457704542859,-1.1561439192745335,True,True,False,False,True,False
mahler,90751,8,30,1550,830,94,1.9646446280061838,-0.35564367009686371,1.9646446280061838,-0.93251938835986259,True,True,False,False,True,False
mahler,90751,8,31,1600,831,94,2.2473434855580834,-0.10925707398839402,2.2473434855580834,-0.70889485744519043,True,True,False,False,True,False
mahler,90751,8,32,1650,832,94,2.5300423431099812,0.13712952212007412,2.5300423431099812,-0.48527032653051955,True,True,False,False,True,False
mahler,90751,8,33,1700,833,94,2.8127412006618808,0.38351611822854403,2.8127412006618808,-0.26164579561584733,True,True,False,False,True,False
mahler,90751,8,34,1750,834,94,3.0954400582137787,0.62990271433701217,3.0954400582137787,-0.038021264701176644,True,True,False,False,True,False
mahler,90751,8,35,1800,835,94,3.3781389157656783,0.87628931044548208,3.3781389157656783,0.18560326621349554,True,True,False,False,True,False
mahler,90751,8,36,1850,836,94,3.6608377733175761,1.1226759065539502,3.6608377733175761,0.40922779712816498,True,True,False,False,True,False
mahler,90751,8,37,1900,837,94,3.9435366308694757,1.3690625026624197,3.9435366308694757,0.63285232804283698,True,True,False,False,True,False
mahler,90751,8,38,1950,838,94,4.2262354884213735,1.6154490987708878,4.2262354884213735,0.85647685895750802,True,True,False,False,True,False
mahler,90751,8,39,2000,839,94,4.5089343459732731,1.8618356948793577,4.5089343459732731,1.0801013898721799,True,True,False,False,True,False
mahler,90751,8,40,2050,840,94,4.791633203525171,2.1082222909878259,4.791633203525171,1.3037259207868508,True,True,False,False,True,False
mahler,90751,8,41,2100,841,94,5.0743320610770688,2.3546088870962945,5.0743320610770688,1.5273504517015217,True,True,False,False,True,False
mahler,90751,8,42,2150,842,94,5.3570309186289684,2.6009954832047639,5.3570309186289684,1.7509749826161938,True,False,False,False,True,False
mahler,90751,8,43,2200,843,94,5.6397297761808662,2.8473820793132316,5.6397297761808662,1.9745995135308643,True,False,True,False,True,False
mahler,90751,8,44,2250,844,94,5.9224286337327658,3.093768675421702,5.9224286337327658,2.1982240444455368,True,False,True,False,True,False
mahler,90751,8,45,2300,845,94,6.2051274912846637,3.3401552715301697,6.2051274912846637,2.4218485753602077,True,False,True,False,True,False
mahler,90751,8,46,2350,846,94,6.4878263488365633,3.58654186763864,6.4878263488365633,2.64547310627488,True,False,True,False,True,False
mahler,90751,8,47,2400,847,94,6.7705252063884611,3.8329284637471077,6.7705252063884611,2.86909763718955,True,False,True,False,True,False
mahler,90751,8,48,2450,848,94,7.0532240639403607,4.0793150598555776,7.0532240639403607,3.0927221681042223,True,False,True,False,True,False
mahler,90751,8,49,2500,849,94,7.3359229214922586,4.3257016559640462,7.3359229214922586,3.3163466990188915,True,False,True,False,True,False
mahler,90751,8,50,2550,850,94,7.6186217790441582,4.5720882520725148,7.6186217790441582,3.5399712299335642,True,False,True,False,True,False
mahler,90751,8,51,2600,851,94,7.901320636596056,4.8184748481809834,7.901320636596056,3.7635957608482347,True,False,True,False,True,False
mahler,90751,8,52,2650,852,94,8.1840194941479556,5.0648614442894537,8.1840194941479556,3.9872202917629074,True,False,True,False,True,False
mahler,90751,8,53,2700,853,94,8.4667183516998534,5.3112480403979223,8.4667183516998534,4.2108448226775774,True,False,True,False,True,False
mahler,90751,8,54,2750,854,94,8.7494172092517513,5.5576346365063891,8.7494172092517513,4.4344693535922488,True,False,True,False,True,False
mahler,90751,8,55,2800,855,94,9.0321160668036509,5.8040212326148595,9.0321160668036509,4.6580938845069211,True,False,True,False,True,False
mahler,90751,8,56,2850,856,94,9.3148149243555505,6.0504078287233281,9.3148149243555505,4.8817184154215933,True,False,True,False,True,False
mahler,90751,8,57,2900,857,94,9.5975137819074465,6.2967944248317949,9.5975137819074465,5.1053429463362638,True,False,True,False,True,False
mahler,90751,8,58,2950,858,94,9.8802126394593461,6.5431810209402652,9.8802126394593461,5.3289674772509343,True,False,True,False,True,False
mahler,93053,9,6,350,906,84,-4.8002872283874858,-1.5034871430109562,-4.8002872283874858,-1.503487143010956,True,True,False,True,False,False
mahler,93053,9,7,400,907,84,-4.501495655649677,-1.7303484899702015,-4.501495655649677,-1.7303484899702009,True,True,False,True,False,False
mahler,93053,9,8,450,908,84,-4.2027040829118691,-1.9572098369294468,-4.2027040829118691,-1.9572098369294471,True,True,False,True,False,False
mahler,93053,9,9,500,909,84,-3.9039125101740608,-2.1840711838886921,-3.9039125101740608,-2.1840711838886926,True,True,False,True,False,False
mahler,93053,9,10,550,910,84,-3.6051209374362521,-2.4109325308479379,-3.6051209374362521,-2.410932530847937,True,True,False,True,False,False
mahler,93053,9,11,600,911,84,-3.3063293646984437,-2.6377938778071832,-3.3063293646984437,-2.6377938778071832,True,True,False,True,False,False
mahler,93053,9,12,650,912,84,-3.0075377919606354,-2.8646552247664285,-3.0075377919606354,-2.8646552247664294,True,True,False,True,False,False
mahler,93053,9,13,700,913,84,-2.7087462192228271,-3.0915165717256738,-2.7087462192228271,-3.0915165717256734,True,True,False,True,False,False
mahler,93053,9,14,750,914,84,-2.4099546464850183,-3.3183779186849196,-2.4099546464850183,-3.3183779186849192,True,True,False,True,False,False
mahler,93053,9,15,800,915,84,-2.1111630737472105,-3.5452392656441645,-2.1111630737472105,-3.545239265644164,True,True,False,True,False,False
mahler,93053,9,16,850,916,84,-1.8123715010094017,-3.7721006126034102,-1.8123715010094017,-3.7721006126034111,True,True,False,True,False,False
mahler,93053,9,17,900,917,84,-1.5135799282715938,-3.9989619595626555,-1.5135799282715938,-3.9989619595626569,True,True,False,True,False,False
mahler,93053,9,18,950,918,84,-1.2147883555337851,-4.2258233065219013,-1.2147883555337851,-4.2258233065219013,True,True,False,True,False,False
mahler,93053,9,19,1000,919,84,-0.91599678279597718,-4.4526846534811462,-0.91599678279597718,-4.4526846534811444,True,True,False,True,False,False
mahler,93053,9,20,1050,920,84,-0.61720521005816842,-4.6795460004403919,-0.61720521005816842,-4.679546000440391,True,True,False,True,False,False
mahler,93053,9,21,1100,921,84,-0.31841363732035965,-4.9064073473996377,-0.31841363732035965,-4.9064073473996368,True,True,False,True,False,False
mahler,93053,9,22,1150,922,84,-0.019622064582551779,-5.1332686943588826,-0.019622064582551779,-5.1332686943588826,True,True,False,True,False,False
mahler,93053,9,23,1200,923,84,0.27916950815525698,-5.3601300413181283,0.27916950815525698,-5.3601300413181292,True,True,False,True,False,False
mahler,93053,9,24,1250,924,84,0.57796108089306486,-5.5869913882773732,0.57796108089306486,-5.5869913882773758,True,True,False,True,False,False
mahler,93053,9,25,1300,925,84,0.87675265363087362,-5.8138527352366189,0.87675265363087362,-5.8138527352366181,True,True,False,True,False,False
mahler,93053,9,26,1350,926,84,1.1755442263686815,-6.0407140821958638,1.1755442263686815,-6.040714082195862,True,True,False,True,False,False
mahler,93053,9,27,1400,927,84,1.4743357991064903,-6.2675754291551096,1.4743357991064903,-6.2675754291551113,True,True,False,True,False,False
mahler,93053,9,28,1450,928,84,1.773127371844299,-6.4944367761143553,1.773127371844299,-6.4944367761143527,True,True,False,True,False,False
mahler,93053,9,29,1500,929,84,2.0719189445821078,-6.7212981230736011,2.0719189445821078,-6.7212981230735984,True,True,False,True,False,False
mahler,93053,9,30,1550,930,84,2.3707105173199148,-6.9481594700328451,2.3707105173199148,-6.9481594700328451,True,True,False,True,False,False
mahler,93053,9,31,1600,931,84,2.6695020900577235,-7.1750208169920908,2.6695020900577235,-7.1750208169920882,True,True,False,True,False,False
mahler,93053,9,32,1650,932,84,2.9682936627955323,-7.4018821639513366,2.9682936627955323,-7.4018821639513348,True,True,False,True,False,False
mahler,93053,9,33,1700,933,84,3.2670852355333411,-7.6287435109105823,3.2670852355333411,-7.6287435109105823,True,True,False,True,False,False
mahler,93053,9,34,1750,934,84,3.5658768082711481,-7.8556048578698263,3.5658768082711481,-7.8556048578698263,True,True,False,True,False,False
mahler,93053,9,35,1800,935,84,3.8646683810089568,-8.082466204829073,3.8646683810089568,-8.082466204829073,True,True,False,True,False,False
mahler,93053,9,36,1850,936,84,4.1634599537467656,-8.3093275517883178,4.1634599537467656,-8.3093275517883161,True,True,False,True,False,False
mahler,93053,9,37,1900,937,84,4.4622515264845743,-8.5361888987475645,4.4622515264845743,-8.536188898747568,True,True,False,True,False,False
mahler,93053,9,38,1950,938,84,4.7610430992223831,-8.7630502457068093,4.7610430992223831,-8.7630502457068111,True,True,False,True,False,False
mahler,93053,9,39,2000,939,84,5.0598346719601901,-8.9899115926660542,5.0598346719601901,-8.9899115926660578,True,False,False,True,False,False
mahler,93053,9,40,2050,940,84,5.3586262446979989,-9.2167729396252991,5.3586262446979989,-9.2167729396253009,True,False,True,True,False,False
mahler,93053,9,41,2100,941,84,5.6574178174358076,-9.443634286584544,5.6574178174358076,-9.443634286584544,True,False,True,True,False,False
mahler,93053,9,42,2150,942,84,5.9562093901736164,-9.6704956335437906,5.9562093901736164,-9.6704956335437906,True,False,True,True,False,False
mahler,93053,9,43,2200,943,84,6.2550009629114252,-9.7375155714421879,6.2550009629114252,-9.7357358446068538,True,False,True,True,False,True
mahler,93053,9,44,2250,944,84,6.5537925356492321,-9.5123599798072718,6.5537925356492321,-9.5055473476668144,True,False,True,True,False,True
mahler,93053,9,45,2300,945,84,6.8525841083870409,-9.2872043881723556,6.8525841083870409,-9.2753588507267732,True,False,True,True,False,True
mahler,93053,9,46,2350,946,84,7.1513756811248497,-9.0620487965374394,7.1513756811248497,-9.0451703537867303,True,False,True,True,False,True
mahler,93053,9,47,2400,947,84,7.4501672538626584,-8.8368932049025215,7.4501672538626584,-8.8149818568466909,True,False,True,True,False,True
mahler,93053,9,48,2450,948,84,7.7489588266004654,-8.6117376132676071,7.7489588266004654,-8.5847933599066479,True,False,True,True,False,True
mahler,93053,9,49,2500,949,84,8.0477503993382733,-8.386582021632691,8.0477503993382733,-8.3546048629666085,True,False,True,True,False,True
mahler,93053,9,50,2550,950,84,8.3465419720760821,-8.161426429997773,8.3465419720760821,-8.1244163660265638,True,False,True,True,False,True
mahler,93053,9,51,2600,951,84,8.6453335448138908,-7.9362708383628568,8.6453335448138908,-7.8942278690865253,True,False,True,True,False,True
mahler,93053,9,52,2650,952,84,8.9441251175516996,-7.7111152467279398,8.9441251175516996,-7.6640393721464841,True,False,True,True,False,True
mahler,93053,9,53,2700,953,84,9.2429166902895084,-7.4859596550930227,9.2429166902895084,-7.4338508752064429,True,False,True,True,False,True
mahler,93053,9,54,2750,954,84,9.5417082630273171,-7.2608040634581057,9.5417082630273171,-7.2036623782664018,True,False,True,True,False,True
mahler,93053,9,55,2800,955,84,9.8404998357651259,-7.0356484718231886,9.8404998357651259,-6.9734738813263606,True,False,True,True,False,True
mahler,99902,10,6,350,1006,98,-4.5983977830308396,-4.294376411846768,-4.5983977830308396,-4.2943764118467689,True,True,False,True,False,False
mahler,99902,10,7,400,1007,98,-4.2955254031038361,-4.516383462831314,-4.2955254031038361,-4.516383462831314,True,True,False,True,False,False
mahler,99902,10,8,450,1008,98,-3.992653023176834,-4.7383905138158582,-3.992653023176834,-4.7383905138158573,True,True,False,True,False,False
mahler,99902,10,9,500,1009,98,-3.6897806432498315,-4.9603975648004042,-3.6897806432498315,-4.9603975648004033,True,True,False,True,False,False
mahler,99902,10,10,550,1010,98,-3.3869082633228285,-5.1824046157849502,-3.3869082633228285,-5.1824046157849493,True,True,False,True,False,False
mahler,99902,10,11,600,1011,98,-3.0840358833958259,-5.4044116667694944,-3.0840358833958259,-5.4044116667694944,True,True,False,True,False,False
mahler,99902,10,12,650,1012,98,-2.7811635034688234,-5.6264187177540403,-2.7811635034688234,-5.6264187177540412,True,True,False,True,False,False
mahler,99902,10,13,700,1013,98,-2.4782911235418208,-5.8484257687385854,-2.4782911235418208,-5.8484257687385854,True,True,False,True,False,False
mahler,99902,10,14,750,1014,98,-2.1754187436148182,-6.0704328197231305,-2.1754187436148182,-6.0704328197231305,True,True,False,True,False,False
mahler,99902,10,15,800,1015,98,-1.8725463636878148,-6.2924398707076765,-1.8725463636878148,-6.2924398707076756,True,True,False,True,False,False
mahler,99902,10,16,850,1016,98,-1.5696739837608122,-6.5144469216922216,-1.5696739837608122,-6.5144469216922207,True,True,False,True,False,False
mahler,99902,10,17,900,1017,98,-1.2668016038338097,-6.7364539726767667,-1.2668016038338097,-6.7364539726767676,True,True,False,True,False,False
mahler,99902,10,18,950,1018,98,-0.96392922390680713,-6.9584610236613127,-0.96392922390680713,-6.9584610236613145,True,True,False,True,False,False
mahler,99902,10,19,1000,1019,98,-0.66105684397980458,-7.1804680746458578,-0.66105684397980458,-7.1804680746458578,True,True,False,True,False,False
mahler,99902,10,20,1050,1020,98,-0.35818446405280202,-7.4024751256304029,-0.35818446405280202,-7.4024751256304029,True,True,False,True,False,False
mahler,99902,10,21,1100,1021,98,-0.055312084125798577,-7.6244821766149489,-0.055312084125798577,-7.624482176614948,True,True,False,True,False,False
mahler,99902,10,22,1150,1022,98,0.24756029580120398,-7.846489227599494,0.24756029580120398,-7.8464892275994922,True,True,False,True,False,False
mahler,99902,10,23,1200,1023,98,0.55043267572820653,-8.0684962785840391,0.55043267572820653,-8.0684962785840355,True,True,False,True,False,False
mahler,99902,10,24,1250,1024,98,0.85330505565520909,-8.290503329568585,0.85330505565520909,-8.2905033295685815,True,True,False,True,False,False
mahler,99902,10,25,1300,1025,98,1.1561774355822116,-8.5125103805531293,1.1561774355822116,-8.5125103805531293,True,True,False,True,False,False
mahler,99902,10,26,1350,1026,98,1.4590498155092142,-8.7345174315376752,1.4590498155092142,-8.7345174315376788,True,True,False,True,False,False
mahler,99902,10,27,1400,1027,98,1.7619221954362168,-8.9565244825222212,1.7619221954362168,-8.956524482522223,True,True,False,True,False,False
mahler,99902,10,28,1450,1028,98,2.0647945753632193,-9.1785315335067654,2.0647945753632193,-9.1785315335067672,True,True,False,True,False,False
mahler,99902,10,29,1500,1029,98,2.3676669552902219,-9.4005385844913114,2.3676669552902219,-9.4005385844913132,True,True,False,True,False,False
mahler,99902,10,30,1550,1030,98,2.6705393352172262,-9.6225456354758574,2.6705393352172262,-9.6225456354758574,True,True,False,True,False,False
mahler,99902,10,31,1600,1031,98,2.9734117151442288,-9.8315362453533837,2.9734117151442288,-9.8315238376487937,True,True,False,True,False,True
mahler,99902,10,32,1650,1032,98,3.2762840950712313,-9.6114865829181735,3.2762840950712313,-9.6110527920515239,True,True,False,True,False,True
mahler,99902,10,33,1700,1033,98,3.5791564749982339,-9.3914369204829615,3.5791564749982339,-9.390581746454254,True,True,False,True,False,True
mahler,99902,10,34,1750,1034,98,3.8820288549252364,-9.1713872580477513,3.8820288549252364,-9.1701107008569842,True,True,False,True,False,True
mahler,99902,10,35,1800,1035,98,4.184901234852239,-8.9513375956125394,4.184901234852239,-8.9496396552597126,True,True,False,True,False,True
mahler,99902,10,36,1850,1036,98,4.4877736147792415,-8.7312879331773292,4.4877736147792415,-8.7291686096624428,True,True,False,True,False,True
mahler,99902,10,37,1900,1037,98,4.7906459947062441,-8.5112382707421173,4.7906459947062441,-8.508697564065173,True,True,False,True,False,True
mahler,99902,10,38,1950,1038,98,5.0935183746332466,-8.2911886083069071,5.0935183746332466,-8.2882265184679014,True,False,False,True,False,True
mahler,99902,10,39,2000,1039,98,5.3963907545602492,-8.0711389458716951,5.3963907545602492,-8.0677554728706298,True,False,True,True,False,True
mahler,99902,10,40,2050,1040,98,5.6992631344872517,-7.8510892834364849,5.6992631344872517,-7.8472844272733608,True,False,True,True,False,True
mahler,99902,10,41,2100,1041,98,6.0021355144142543,-7.6310396210012739,6.0021355144142543,-7.6268133816760901,True,False,True,True,False,True
mahler,99902,10,42,2150,1042,98,6.3050078943412569,-7.4109899585660628,6.3050078943412569,-7.4063423360788203,True,False,True,True,False,True
mahler,99902,10,43,2200,1043,98,6.6078802742682612,-7.19094029613085,6.6078802742682612,-7.1858712904815496,True,False,True,True,False,True
mahler,99902,10,44,2250,1044,98,6.9107526541952637,-6.9708906336956389,6.9107526541952637,-6.9654002448842789,True,False,True,True,False,True
mahler,99902,10,45,2300,1045,98,7.2136250341222663,-6.7508409712604278,7.2136250341222663,-6.7449291992870064,True,False,True,True,False,True
mahler,99902,10,46,2350,1046,98,7.5164974140492689,-6.5307913088252167,7.5164974140492689,-6.5244581536897375,True,False,True,True,False,True
mahler,99902,10,47,2400,1047,98,7.8193697939762714,-6.3107416463900057,7.8193697939762714,-6.3039871080924668,True,False,True,True,False,True
mahler,99902,10,48,2450,1048,98,8.122242173903274,-6.0906919839547946,8.122242173903274,-6.0835160624951952,True,False,True,True,False,True
mahler,99902,10,49,2500,1049,98,8.4251145538302765,-5.8706423215195835,8.4251145538302765,-5.8630450168979253,True,False,True,True,False,True
mahler,99902,10,50,2550,1050,98,8.7279869337572791,-5.6505926590843725,8.7279869337572791,-5.6425739713006564,True,False,True,True,False,True
mahler,99902,10,51,2600,1051,98,9.0308593136842816,-5.4305429966491614,9.0308593136842816,-5.4221029257033857,True,False,True,True,False,True
mahler,99902,10,52,2650,1052,98,9.3337316936112842,-5.2104933342139503,9.3337316936112842,-5.2016318801061132,True,False,True,True,False,True
mahler,99902,10,53,2700,1053,98,9.6366040735382867,-4.9904436717787393,9.6366040735382867,-4.9811608345088443,True,False,True,True,False,True
mahler,99902,10,54,2750,1054,98,9.9394764534652893,-4.7703940093435282,9.9394764534652893,-4.7606897889115727,True,False,True,True,False,True
mahler,105802,11,6,350,1106,97,-4.3814531305421864,-9.2753759723049214,-4.3814531305421864,-9.2753759723049196,True,True,False,True,False,False
mahler,105802,11,7,400,1107,97,-4.0669737412287379,-9.4822826142145704,-4.0669737412287379,-9.4822826142145704,True,True,False,True,False,False
mahler,105802,11,8,450,1108,97,-3.7524943519152889,-9.6891892561242177,-3.7524943519152889,-9.6891892561242194,True,True,False,True,False,False
mahler,105802,11,9,500,1109,97,-3.4380149626018404,-9.7537493086934468,-3.4380149626018404,-9.7602572365224916,True,True,False,True,False,True
mahler,105802,11,10,550,1110,97,-3.1235355732883914,-9.54952400358669,-3.1235355732883914,-9.5748284270100079,True,True,False,True,False,True
mahler,105802,11,11,600,1111,97,-2.8090561839749428,-9.3452986984799331,-2.8090561839749428,-9.3893996174975243,True,True,False,True,False,True
mahler,105802,11,12,650,1112,97,-2.4945767946614943,-9.141073393373178,-2.4945767946614943,-9.2039708079850424,True,True,False,True,False,True
mahler,105802,11,13,700,1113,97,-2.1800974053480449,-8.9368480882664194,-2.1800974053480449,-9.0185419984725588,True,True,False,True,False,True
mahler,105802,11,14,750,1114,97,-1.8656180160345963,-8.7326227831596643,-1.8656180160345963,-8.8331131889600769,True,True,False,True,False,True
mahler,105802,11,15,800,1115,97,-1.5511386267211478,-8.5283974780529075,-1.5511386267211478,-8.6476843794475933,True,True,False,True,False,True
mahler,105802,11,16,850,1116,97,-1.2366592374076992,-8.3241721729461506,-1.2366592374076992,-8.4622555699351096,True,True,False,True,False,True
mahler,105802,11,17,900,1117,97,-0.9221798480942498,-8.1199468678393938,-0.9221798480942498,-8.276826760422626,True,True,False,True,False,True
mahler,105802,11,18,950,1118,97,-0.60770045878080126,-7.9157215627326369,-0.60770045878080126,-8.0913979509101424,True,True,False,True,False,True
mahler,105802,11,19,1000,1119,97,-0.29322106946735271,-7.711496257625881,-0.29322106946735271,-7.9059691413976587,True,True,False,True,False,True
mahler,105802,11,20,1050,1120,97,0.02125831984609583,-7.5072709525191241,0.02125831984609583,-7.7205403318851777,True,True,False,True,False,True
mahler,105802,11,21,1100,1121,97,0.33573770915954526,-7.3030456474123673,0.33573770915954526,-7.5351115223726932,True,True,False,True,False,True
mahler,105802,11,22,1150,1122,97,0.6502170984729938,-7.0988203423056104,0.6502170984729938,-7.3496827128602096,True,True,False,True,False,True
mahler,105802,11,23,1200,1123,97,0.96469648778644235,-6.8945950371988536,0.96469648778644235,-7.1642539033477277,True,True,False,True,False,True
mahler,105802,11,24,1250,1124,97,1.2791758770998909,-6.6903697320920976,1.2791758770998909,-6.9788250938352441,True,True,False,True,False,True
mahler,105802,11,25,1300,1125,97,1.5936552664133394,-6.4861444269853408,1.5936552664133394,-6.7933962843227613,True,True,False,True,False,True
mahler,105802,11,26,1350,1126,97,1.9081346557267889,-6.2819191218785839,1.9081346557267889,-6.6079674748102777,True,True,False,True,False,True
mahler,105802,11,27,1400,1127,97,2.2226140450402383,-6.0776938167718271,2.2226140450402383,-6.422538665297794,True,True,False,True,False,True
mahler,105802,11,28,1450,1128,97,2.537093434353686,-5.8734685116650702,2.537093434353686,-6.2371098557853122,True,True,False,True,False,True
mahler,105802,11,29,1500,1129,97,2.8515728236671354,-5.6692432065583134,2.8515728236671354,-6.0516810462728285,True,True,False,True,False,True
mahler,105802,11,30,1550,1130,97,3.166052212980583,-5.4650179014515574,3.166052212980583,-5.8662522367603449,True,True,False,True,False,True
mahler,105802,11,31,1600,1131,97,3.4805316022940325,-5.2607925963448006,3.4805316022940325,-5.6808234272478622,True,True,False,True,False,True
mahler,105802,11,32,1650,1132,97,3.7950109916074819,-5.0565672912380428,3.7950109916074819,-5.4953946177353794,True,True,False,True,False,True
mahler,105802,11,33,1700,1133,97,4.1094903809209296,-4.8523419861312878,4.1094903809209296,-5.3099658082228975,True,True,False,True,False,True
mahler,105802,11,34,1750,1134,97,4.423969770234379,-4.6481166810245309,4.423969770234379,-5.1245369987104139,True,True,False,True,False,True
mahler,105802,11,35,1800,1135,97,4.7384491595478284,-4.4438913759177732,4.7384491595478284,-4.9391081891979294,True,True,False,True,False,True
mahler,105802,11,36,1850,1136,97,5.0529285488612761,-4.2396660708110172,5.0529285488612761,-4.7536793796854475,True,True,False,True,False,True
mahler,105802,11,37,1900,1137,97,5.3674079381747255,-4.0354407657042604,5.3674079381747255,-4.5682505701729639,True,False,False,True,False,True
mahler,105802,11,38,1950,1138,97,5.6818873274881732,-3.831215460597504,5.6818873274881732,-4.3828217606604811,True,False,True,True,False,True
mahler,105802,11,39,2000,1139,97,5.9963667168016226,-3.6269901554907471,5.9963667168016226,-4.1973929511479975,True,False,True,True,False,True
mahler,105802,11,40,2050,1140,97,6.310846106115072,-3.4227648503839898,6.310846106115072,-4.0119641416355147,True,False,True,True,False,True
mahler,105802,11,41,2100,1141,97,6.6253254954285197,-3.2185395452772338,6.6253254954285197,-3.8265353321230315,True,False,True,True,False,True
mahler,105802,11,42,2150,1142,97,6.9398048847419691,-3.014314240170477,6.9398048847419691,-3.6411065226105483,True,False,True,True,False,True
mahler,105802,11,43,2200,1143,97,7.2542842740554185,-2.8100889350637202,7.2542842740554185,-3.4556777130980638,True,False,True,True,False,True
mahler,105802,11,44,2250,1144,97,7.5687636633688662,-2.6058636299569642,7.5687636633688662,-3.2702489035855815,True,False,True,True,False,True
mahler,105802,11,45,2300,1145,97,7.8832430526823156,-2.4016383248502065,7.8832430526823156,-3.0848200940730979,True,False,True,True,False,True
mahler,105802,11,46,2350,1146,97,8.1977224419957651,-2.1974130197434496,8.1977224419957651,-2.8993912845606142,True,False,True,True,False,True
mahler,105802,11,47,2400,1147,97,8.5122018313092127,-1.9931877146366936,8.5122018313092127,-2.7139624750481319,True,False,True,True,False,True
mahler,105802,11,48,2450,1148,97,8.8266812206226621,-1.7889624095299368,8.8266812206226621,-2.5285336655356487,True,False,True,True,False,True
mahler,105802,11,49,2500,1149,97,9.1411606099361098,-1.5847371044231808,9.1411606099361098,-2.3431048560231664,True,False,True,True,False,True
mahler,105802,11,50,2550,1150,97,9.4556399992495592,-1.3805117993164231,9.4556399992495592,-2.1576760465106823,True,False,True,True,False,True
mahler,105802,11,51,2600,1151,97,9.7701193885630069,-1.1762864942096671,9.7701193885630069,-1.9722472369982003,True,False,True,True,False,True
mahler,118879,12,6,350,1206,92,-4.1460106800249443,1.017619793618167,-4.1460106800249443,0.97806710343631753,True,True,False,False,True,False
mahler,118879,12,7,400,1207,92,-3.8078538580835453,1.1797153325694199,-3.8078538580835453,1.1107015138529395,True,True,False,False,True,False
mahler,118879,12,8,450,1208,92,-3.4696970361421458,1.3418108715206727,-3.4696970361421458,1.2433359242695616,True,True,False,False,True,False
mahler,118879,12,9,500,1209,92,-3.1315402142007467,1.5039064104719255,-3.1315402142007467,1.3759703346861836,True,True,False,False,True,False
mahler,118879,12,10,550,1210,92,-2.7933833922593476,1.6660019494231784,-2.7933833922593476,1.5086047451028055,True,True,False,False,True,False
mahler,118879,12,11,600,1211,92,-2.4552265703179481,1.8280974883744312,-2.4552265703179481,1.6412391555194281,True,True,False,False,True,False
mahler,118879,12,12,650,1212,92,-2.117069748376549,1.990193027325684,-2.117069748376549,1.7738735659360492,True,True,False,False,True,False
mahler,118879,12,13,700,1213,92,-1.77891292643515,2.1522885662769369,-1.77891292643515,1.9065079763526713,True,True,False,False,True,False
mahler,118879,12,14,750,1214,92,-1.4407561044937509,2.3143841052281897,-1.4407561044937509,2.0391423867692926,True,True,False,False,True,False
mahler,118879,12,15,800,1215,92,-1.1025992825523518,2.4764796441794426,-1.1025992825523518,2.1717767971859145,True,True,False,False,True,False
mahler,118879,12,16,850,1216,92,-0.76444246061095278,2.6385751831306949,-0.76444246061095278,2.3044112076025369,True,True,False,False,True,False
mahler,118879,12,17,900,1217,92,-0.42628563866955282,2.8006707220819482,-0.42628563866955282,2.4370456180191593,True,True,False,False,True,False
mahler,118879,12,18,950,1218,92,-0.088128816728153758,2.9627662610332011,-0.088128816728153758,2.5696800284357812,True,True,False,False,True,False
mahler,118879,12,19,1000,1219,92,0.25002800521324531,3.1248617999844539,0.25002800521324531,2.7023144388524032,True,True,False,False,True,False
mahler,118879,12,20,1050,1220,92,0.58818482715464437,3.2869573389357067,0.58818482715464437,2.8349488492690256,True,True,False,False,True,False
mahler,118879,12,21,1100,1221,92,0.92634164909604344,3.4490528778869596,0.92634164909604344,2.9675832596856471,True,True,False,False,True,False
mahler,118879,12,22,1150,1222,92,1.2644984710374425,3.6111484168382124,1.2644984710374425,3.100217670102269,True,True,False,False,True,False
mahler,118879,12,23,1200,1223,92,1.6026552929788425,3.7732439557894653,1.6026552929788425,3.2328520805188909,True,True,False,False,True,False
mahler,118879,12,24,1250,1224,92,1.9408121149202406,3.9353394947407176,1.9408121149202406,3.3654864909355129,True,True,False,False,True,False
mahler,118879,12,25,1300,1225,92,2.2789689368616406,4.0974350336919709,2.2789689368616406,3.4981209013521348,True,True,False,False,True,False
mahler,118879,12,26,1350,1226,92,2.6171257588030388,4.2595305726432233,2.6171257588030388,3.6307553117687563,True,True,False,False,True,False
mahler,118879,12,27,1400,1227,92,2.9552825807444387,4.4216261115944766,2.9552825807444387,3.7633897221853774,True,True,False,False,True,False
mahler,118879,12,28,1450,1228,92,3.2934394026858387,4.5837216505457299,3.2934394026858387,3.8960241326020002,True,True,False,False,True,False
mahler,118879,12,29,1500,1229,92,3.6315962246272369,4.7458171894969823,3.6315962246272369,4.0286585430186213,True,True,False,False,True,False
mahler,118879,12,30,1550,1230,92,3.9697530465686368,4.9079127284482356,3.9697530465686368,4.1612929534352441,True,True,False,False,True,False
mahler,118879,12,31,1600,1231,92,4.307909868510035,5.0700082673994871,4.307909868510035,4.293927363851866,True,True,False,False,True,False
mahler,118879,12,32,1650,1232,92,4.6460666904514349,5.2321038063507412,4.6460666904514349,4.4265617742684897,True,True,False,False,True,False
mahler,118879,12,33,1700,1233,92,4.9842235123928331,5.3941993453019936,4.9842235123928331,4.5591961846851108,True,True,False,False,True,False
mahler,118879,12,34,1750,1234,92,5.3223803343342331,5.556294884253246,5.3223803343342331,4.6918305951017327,True,False,False,False,True,False
mahler,118879,12,35,1800,1235,92,5.660537156275633,5.7183904232045002,5.660537156275633,4.8244650055183538,True,False,True,False,True,False
mahler,118879,12,36,1850,1236,92,5.9986939782170312,5.8804859621557526,5.9986939782170312,4.9570994159349757,True,False,True,False,True,False
mahler,118879,12,37,1900,1237,92,6.3368508001584312,6.042581501107005,6.3368508001584312,5.0897338263515985,True,False,True,False,True,False
mahler,118879,12,38,1950,1238,92,6.6750076220998293,6.2046770400582574,6.6750076220998293,5.2223682367682196,True,False,True,False,True,False
mahler,118879,12,39,2000,1239,92,7.0131644440412293,6.3667725790095107,7.0131644440412293,5.3550026471848415,True,False,True,False,True,False
mahler,118879,12,40,2050,1240,92,7.3513212659826275,6.5288681179607631,7.3513212659826275,5.4876370576014635,True,False,True,False,True,False
mahler,118879,12,41,2100,1241,92,7.6894780879240274,6.6909636569120163,7.6894780879240274,5.6202714680180863,True,False,True,False,True,False
mahler,118879,12,42,2150,1242,92,8.0276349098654265,6.8530591958632687,8.0276349098654265,5.7529058784347074,True,False,True,False,True,False
mahler,118879,12,43,2200,1243,92,8.3657917318068264,7.0151547348145229,8.3657917318068264,5.8855402888513302,True,False,True,False,True,False
mahler,118879,12,44,2250,1244,92,8.7039485537482264,7.1772502737657753,8.7039485537482264,6.0181746992679539,True,False,True,False,True,False
mahler,118879,12,45,2300,1245,92,9.0421053756896228,7.3393458127170277,9.0421053756896228,6.1508091096845723,True,False,True,False,True,False
mahler,118879,12,46,2350,1246,92,9.3802621976310228,7.5014413516682801,9.3802621976310228,6.283443520101196,True,False,True,False,True,False
mahler,118879,12,47,2400,1247,92,9.7184190195724227,7.6635368906195325,9.7184190195724227,6.4160779305178179,True,False,True,False,True,False
mahler,122957,13,6,350,1306,99,-3.9364349412532951,-8.377789947135394,-3.9364349412532951,-8.3670956275762283,True,True,False,False,True,False
mahler,122957,13,7,400,1307,99,-3.5982781179015921,-8.2156944137625665,-3.5982781179015921,-8.1971988650021146,True,True,False,False,True,False
mahler,122957,13,8,450,1308,99,-3.2601212945498892,-8.0535988803897407,-3.2601212945498892,-8.0273021024280009,True,True,False,False,True,False
mahler,122957,13,9,500,1309,99,-2.9219644711981863,-7.8915033470169149,-2.9219644711981863,-7.8574053398538863,True,True,False,False,True,False
mahler,122957,13,10,550,1310,99,-2.5838076478464838,-7.7294078136440882,-2.5838076478464838,-7.6875085772797727,True,True,False,False,True,False
mahler,122957,13,11,600,1311,99,-2.2456508244947804,-7.5673122802712616,-2.2456508244947804,-7.5176118147056572,True,True,False,False,True,False
mahler,122957,13,12,650,1312,99,-1.9074940011430783,-7.4052167468984358,-1.9074940011430783,-7.3477150521315444,True,True,False,False,True,False
mahler,122957,13,13,700,1313,99,-1.5693371777913754,-7.24312121352561,-1.5693371777913754,-7.1778182895574307,True,True,False,False,True,False
mahler,122957,13,14,750,1314,99,-1.2311803544396724,-7.0810256801527833,-1.2311803544396724,-7.0079215269833153,True,True,False,False,True,False
mahler,122957,13,15,800,1315,99,-0.8930235310879695,-6.9189301467799575,-0.8930235310879695,-6.8380247644092016,True,True,False,False,True,False
mahler,122957,13,16,850,1316,99,-0.55486670773626656,-6.7568346134071309,-0.55486670773626656,-6.6681280018350861,True,True,False,False,True,False
mahler,122957,13,17,900,1317,99,-0.21670988438456362,-6.5947390800343051,-0.21670988438456362,-6.4982312392609725,True,True,False,False,True,False
mahler,122957,13,18,950,1318,99,0.12144693896713932,-6.4326435466614784,0.12144693896713932,-6.3283344766868579,True,True,False,False,True,False
mahler,122957,13,19,1000,1319,99,0.45960376231884226,-6.2705480132886526,0.45960376231884226,-6.1584377141127442,True,True,False,False,True,False
mahler,122957,13,20,1050,1320,99,0.7977605856705452,-6.108452479915826,0.7977605856705452,-5.9885409515386296,True,True,False,False,True,False
mahler,122957,13,21,1100,1321,99,1.1359174090222472,-5.9463569465430002,1.1359174090222472,-5.818644188964516,True,True,False,False,True,False
mahler,122957,13,22,1150,1322,99,1.4740742323739502,-5.7842614131701744,1.4740742323739502,-5.6487474263904032,True,True,False,False,True,False
mahler,122957,13,23,1200,1323,99,1.812231055725654,-5.6221658797973477,1.812231055725654,-5.4788506638162859,True,True,False,False,True,False
mahler,122957,13,24,1250,1324,99,2.150387879077357,-5.460070346424521,2.150387879077357,-5.3089539012421731,True,True,False,False,True,False
mahler,122957,13,25,1300,1325,99,2.4885447024290581,-5.2979748130516962,2.4885447024290581,-5.1390571386680604,True,True,False,False,True,False
mahler,122957,13,26,1350,1326,99,2.8267015257807611,-5.1358792796788695,2.8267015257807611,-4.9691603760939458,True,True,False,False,True,False
mahler,122957,13,27,1400,1327,99,3.164858349132464,-4.9737837463060437,3.164858349132464,-4.7992636135198312,True,True,False,False,True,False
mahler,122957,13,28,1450,1328,99,3.5030151724841669,-4.8116882129332179,3.5030151724841669,-4.6293668509457175,True,True,False,False,True,False
mahler,122957,13,29,1500,1329,99,3.8411719958358699,-4.6495926795603912,3.8411719958358699,-4.459470088371603,True,True,False,False,True,False
mahler,122957,13,30,1550,1330,99,4.1793288191875728,-4.4874971461875646,4.1793288191875728,-4.2895733257974884,True,True,False,False,True,False
mahler,122957,13,31,1600,1331,99,4.5174856425392758,-4.3254016128147388,4.5174856425392758,-4.1196765632233747,True,True,False,False,True,False
mahler,122957,13,32,1650,1332,99,4.8556424658909787,-4.163306079441913,4.8556424658909787,-3.9497798006492602,True,True,False,False,True,False
mahler,122957,13,33,1700,1333,99,5.1937992892426816,-4.0012105460690863,5.1937992892426816,-3.779883038075146,True,False,False,False,True,False
mahler,122957,13,34,1750,1334,99,5.5319561125943846,-3.8391150126962601,5.5319561125943846,-3.6099862755010319,True,False,True,False,True,False
mahler,122957,13,35,1800,1335,99,5.8701129359460875,-3.6770194793234339,5.8701129359460875,-3.4400895129269173,True,False,True,False,True,False
mahler,122957,13,36,1850,1336,99,6.2082697592977905,-3.5149239459506076,6.2082697592977905,-3.2701927503528028,True,False,True,False,True,False
mahler,122957,13,37,1900,1337,99,6.5464265826494934,-3.3528284125777814,6.5464265826494934,-3.1002959877786891,True,False,True,False,True,False
mahler,122957,13,38,1950,1338,99,6.8845834060011963,-3.1907328792049552,6.8845834060011963,-2.9303992252045745,True,False,True,False,True,False
mahler,122957,13,39,2000,1339,99,7.2227402293528993,-3.028637345832129,7.2227402293528993,-2.7605024626304604,True,False,True,False,True,False
mahler,122957,13,40,2050,1340,99,7.5608970527046022,-2.8665418124593027,7.5608970527046022,-2.5906057000563463,True,False,True,False,True,False
mahler,122957,13,41,2100,1341,99,7.8990538760563052,-2.7044462790864765,7.8990538760563052,-2.4207089374822321,True,False,True,False,True,False
mahler,122957,13,42,2150,1342,99,8.2372106994080063,-2.5423507457136512,8.2372106994080063,-2.2508121749081189,True,False,True,False,True,False
mahler,122957,13,43,2200,1343,99,8.5753675227597093,-2.3802552123408249,8.5753675227597093,-2.0809154123340048,True,False,True,False,True,False
mahler,122957,13,44,2250,1344,99,8.9135243461114122,-2.2181596789679983,8.9135243461114122,-1.9110186497598916,True,False,True,False,True,False
mahler,122957,13,45,2300,1345,99,9.2516811694631151,-2.0560641455951725,9.2516811694631151,-1.741121887185777,True,False,True,False,True,False
mahler,122957,13,46,2350,1346,99,9.5898379928148181,-1.8939686122223458,9.5898379928148181,-1.5712251246116626,True,False,True,False,True,False
mahler,122957,13,47,2400,1347,99,9.9279948161665228,-1.7318730788495191,9.9279948161665228,-1.4013283620375467,True,False,True,False,True,False
mahler,126479,14,6,350,1406,88,-3.9655175816376289,-1.4553472839257084,-3.9655175816376289,-1.3804480365845413,True,True,False,False,True,False
mahler,126479,14,7,400,1407,88,-3.6422173096937764,-1.6453523722150352,-3.6422173096937764,-1.5147202115540248,True,True,False,False,True,False
mahler,126479,14,8,450,1408,88,-3.3189170377499244,-1.8353574605043614,-3.3189170377499244,-1.6489923865235092,True,True,False,False,True,False
mahler,126479,14,9,500,1409,88,-2.9956167658060724,-2.0253625487936882,-2.9956167658060724,-1.7832645614929925,True,True,False,False,True,False
mahler,126479,14,10,550,1410,88,-2.6723164938622199,-2.2153676370830144,-2.6723164938622199,-1.9175367364624767,True,True,False,False,True,False
mahler,126479,14,11,600,1411,88,-2.3490162219183679,-2.4053727253723407,-2.3490162219183679,-2.0518089114319604,True,True,False,False,True,False
mahler,126479,14,12,650,1412,88,-2.0257159499745159,-2.595377813661667,-2.0257159499745159,-2.1860810864014444,True,True,False,False,True,False
mahler,126479,14,13,700,1413,88,-1.7024156780306638,-2.7853829019509937,-1.7024156780306638,-2.3203532613709283,True,True,False,False,True,False
mahler,126479,14,14,750,1414,88,-1.3791154060868109,-2.9753879902403204,-1.3791154060868109,-2.4546254363404123,True,True,False,False,True,False
mahler,126479,14,15,800,1415,88,-1.0558151341429589,-3.1653930785296467,-1.0558151341429589,-2.5888976113098963,True,True,False,False,True,False
mahler,126479,14,16,850,1416,88,-0.73251486219910689,-3.3553981668189734,-0.73251486219910689,-2.7231697862793798,True,True,False,False,True,False
mahler,126479,14,17,900,1417,88,-0.40921459025525486,-3.5454032551082997,-0.40921459025525486,-2.8574419612488637,True,True,False,False,True,False
mahler,126479,14,18,950,1418,88,-0.085914318311402837,-3.735408343397626,-0.085914318311402837,-2.9917141362183473,True,True,False,False,True,False
mahler,126479,14,19,1000,1419,88,0.23738595363244919,-3.9254134316869527,0.23738595363244919,-3.1259863111878317,True,True,False,False,True,False
mahler,126479,14,20,1050,1420,88,0.5606862255763021,-4.1154185199762789,0.5606862255763021,-3.2602584861573161,True,True,False,False,True,False
mahler,126479,14,21,1100,1421,88,0.88398649752015412,-4.3054236082656061,0.88398649752015412,-3.3945306611267991,True,True,False,False,True,False
mahler,126479,14,22,1150,1422,88,1.2072867694640061,-4.4954286965549324,1.2072867694640061,-3.5288028360962831,True,True,False,False,True,False
mahler,126479,14,23,1200,1423,88,1.5305870414078582,-4.6854337848442587,1.5305870414078582,-3.6630750110657671,True,True,False,False,True,False
mahler,126479,14,24,1250,1424,88,1.8538873133517102,-4.8754388731335849,1.8538873133517102,-3.7973471860352506,True,True,False,False,True,False
mahler,126479,14,25,1300,1425,88,2.1771875852955622,-5.0654439614229112,2.1771875852955622,-3.931619361004735,True,True,False,False,True,False
mahler,126479,14,26,1350,1426,88,2.5004878572394142,-5.2554490497122375,2.5004878572394142,-4.0658915359742176,True,True,False,False,True,False
mahler,126479,14,27,1400,1427,88,2.8237881291832663,-5.4454541380015637,2.8237881291832663,-4.200163710943702,True,True,False,False,True,False
mahler,126479,14,28,1450,1428,88,3.1470884011271201,-5.6354592262908909,3.1470884011271201,-4.3344358859131873,True,True,False,False,True,False
mahler,126479,14,29,1500,1429,88,3.4703886730709721,-5.8254643145802181,3.4703886730709721,-4.4687080608826699,True,True,False,False,True,False
mahler,126479,14,30,1550,1430,88,3.7936889450148241,-6.0154694028695443,3.7936889450148241,-4.6029802358521543,True,True,False,False,True,False
mahler,126479,14,31,1600,1431,88,4.1169892169586761,-6.2054744911588706,4.1169892169586761,-4.7372524108216378,True,True,False,False,True,False
mahler,126479,14,32,1650,1432,88,4.4402894889025282,-6.3954795794481969,4.4402894889025282,-4.8715245857911214,True,True,False,False,True,False
mahler,126479,14,33,1700,1433,88,4.7635897608463802,-6.5854846677375232,4.7635897608463802,-5.0057967607606058,True,True,False,False,True,False
mahler,126479,14,34,1750,1434,88,5.0868900327902322,-6.7754897560268503,5.0868900327902322,-5.1400689357300902,True,False,False,False,True,False
mahler,126479,14,35,1800,1435,88,5.4101903047340842,-6.9654948443161757,5.4101903047340842,-5.2743411106995737,True,False,True,False,True,False
mahler,126479,14,36,1850,1436,88,5.7334905766779363,-7.1554999326055029,5.7334905766779363,-5.4086132856690572,True,False,True,False,True,False
mahler,126479,14,37,1900,1437,88,6.0567908486217883,-7.3455050208948283,6.0567908486217883,-5.5428854606385407,True,False,True,False,True,False
mahler,126479,14,38,1950,1438,88,6.3800911205656403,-7.5355101091841554,6.3800911205656403,-5.6771576356080251,True,False,True,False,True,False
mahler,126479,14,39,2000,1439,88,6.7033913925094923,-7.7255151974734817,6.7033913925094923,-5.8114298105775086,True,False,True,False,True,False
mahler,126479,14,40,2050,1440,88,7.0266916644533461,-7.9155202857628097,7.0266916644533461,-5.945701985546993,True,False,True,False,True,False
mahler,126479,14,41,2100,1441,88,7.3499919363971982,-8.1055253740521351,7.3499919363971982,-6.0799741605164765,True,False,True,False,True,False
mahler,126479,14,42,2150,1442,88,7.6732922083410502,-8.2955304623414623,7.6732922083410502,-6.2142463354859609,True,False,True,False,True,False
mahler,126479,14,43,2200,1443,88,7.9965924802849022,-8.4855355506307877,7.9965924802849022,-6.3485185104554436,True,False,True,False,True,False
mahler,126479,14,44,2250,1444,88,8.3198927522287534,-8.6755406389201148,8.3198927522287534,-6.482790685424928,True,False,True,False,True,False
mahler,126479,14,45,2300,1445,88,8.6431930241726072,-8.865545727209442,8.6431930241726072,-6.6170628603944124,True,False,True,False,True,False
mahler,126479,14,46,2350,1446,88,8.9664932961164574,-9.0555508154987674,8.9664932961164574,-6.7513350353638941,True,False,True,False,True,False
mahler,126479,14,47,2400,1447,88,9.2897935680603112,-9.2455559037880946,9.2897935680603112,-6.8856072103333794,True,False,True,False,True,False
mahler,126479,14,48,2450,1448,88,9.6130938400041614,-9.4355609920774199,9.6130938400041614,-7.0198793853028629,True,False,True,False,True,False
mahler,126479,14,49,2500,1449,88,9.9363941119480153,-9.6255660803667471,9.9363941119480153,-7.1541515602723473,True,False,True,False,True,False
mahler,158705,15,6,350,1506,92,-3.4213430374975546,8.930019160165342,-3.4213430374975546,8.930019160165342,True,True,False,True,False,False
mahler,158705,15,7,400,1507,92,-3.1383358720570249,9.1766743836864393,-3.1383358720570249,9.1766743836864411,True,True,False,True,False,False
mahler,158705,15,8,450,1508,92,-2.8553287066164947,9.4233296072075383,-2.8553287066164947,9.4233296072075348,True,True,False,True,False,False
mahler,158705,15,9,500,1509,92,-2.5723215411759646,9.6699848307286373,-2.5723215411759646,9.6699848307286356,True,True,False,True,False,False
mahler,158705,15,10,550,1510,92,-2.2893143757354344,9.74744329810256,-2.2893143757354344,9.7454607805383233,True,True,False,True,False,True
mahler,158705,15,11,600,1511,92,-2.0063072102949047,9.5014289232646618,-2.0063072102949047,9.4936736819535046,True,True,False,True,False,True
mahler,158705,15,12,650,1512,92,-1.7233000448543745,9.2554145484267636,-1.7233000448543745,9.2418865833686841,True,True,False,True,False,True
mahler,158705,15,13,700,1513,92,-1.4402928794138443,9.0094001735888654,-1.4402928794138443,8.9900994847838636,True,True,False,True,False,True
mahler,158705,15,14,750,1514,92,-1.1572857139733141,8.7633857987509653,-1.1572857139733141,8.7383123861990448,True,True,False,True,False,True
mahler,158705,15,15,800,1515,92,-0.87427854853278486,8.5173714239130671,-0.87427854853278486,8.4865252876142261,True,True,False,True,False,True
mahler,158705,15,16,850,1516,92,-0.59127138309225469,8.2713570490751689,-0.59127138309225469,8.2347381890294056,True,True,False,True,False,True
mahler,158705,15,17,900,1517,92,-0.30826421765172451,8.0253426742372707,-0.30826421765172451,7.982951090444586,True,True,False,True,False,True
mahler,158705,15,18,950,1518,92,-0.025257052211194342,7.7793282993993715,-0.025257052211194342,7.7311639918597646,True,True,False,True,False,True
mahler,158705,15,19,1000,1519,92,0.25775011322933583,7.5333139245614724,0.25775011322933583,7.4793768932749449,True,True,False,True,False,True
mahler,158705,15,20,1050,1520,92,0.540757278669866,7.2872995497235733,0.540757278669866,7.2275897946901244,True,True,False,True,False,True
mahler,158705,15,21,1100,1521,92,0.82376444411039618,7.0412851748856742,0.82376444411039618,6.9758026961053066,True,True,False,True,False,True
mahler,158705,15,22,1150,1522,92,1.1067716095509255,6.7952708000477768,1.1067716095509255,6.7240155975204861,True,True,False,True,False,True
mahler,158705,15,23,1200,1523,92,1.3897787749914556,6.5492564252098777,1.3897787749914556,6.4722284989356664,True,True,False,True,False,True
mahler,158705,15,24,1250,1524,92,1.6727859404319858,6.3032420503719786,1.6727859404319858,6.2204414003508486,True,True,False,True,False,True
mahler,158705,15,25,1300,1525,92,1.955793105872516,6.0572276755340804,1.955793105872516,5.9686543017660272,True,True,False,True,False,True
mahler,158705,15,26,1350,1526,92,2.2388002713130462,5.8112133006961812,2.2388002713130462,5.7168672031812058,True,True,False,True,False,True
mahler,158705,15,27,1400,1527,92,2.5218074367535763,5.565198925858283,2.5218074367535763,5.4650801045963879,True,True,False,True,False,True
mahler,158705,15,28,1450,1528,92,2.8048146021941065,5.319184551020383,2.8048146021941065,5.2132930060115674,True,True,False,True,False,True
mahler,158705,15,29,1500,1529,92,3.0878217676346367,5.0731701761824848,3.0878217676346367,4.9615059074267478,True,True,False,True,False,True
mahler,158705,15,30,1550,1530,92,3.3708289330751668,4.8271558013445857,3.3708289330751668,4.7097188088419282,True,True,False,True,False,True
mahler,158705,15,31,1600,1531,92,3.6538360985156952,4.5811414265066883,3.6538360985156952,4.4579317102571103,True,True,False,True,False,True
mahler,158705,15,32,1650,1532,92,3.9368432639562254,4.3351270516687901,3.9368432639562254,4.2061446116722889,True,True,False,True,False,True
mahler,158705,15,33,1700,1533,92,4.2198504293967556,4.089112676830891,4.2198504293967556,3.9543575130874697,True,True,False,True,False,True
mahler,158705,15,34,1750,1534,92,4.5028575948372858,3.8430983019929918,4.5028575948372858,3.7025704145026515,True,True,False,True,False,True
mahler,158705,15,35,1800,1535,92,4.7858647602778159,3.5970839271550927,4.7858647602778159,3.4507833159178301,True,True,False,True,False,True
mahler,158705,15,36,1850,1536,92,5.0688719257183461,3.3510695523171945,5.0688719257183461,3.19899621733301,True,True,False,True,False,True
mahler,158705,15,37,1900,1537,92,5.3518790911588763,3.1050551774792954,5.3518790911588763,2.9472091187481908,True,False,False,True,False,True
mahler,158705,15,38,1950,1538,92,5.6348862565994065,2.8590408026413963,5.6348862565994065,2.6954220201633698,True,False,True,True,False,True
mahler,158705,15,39,2000,1539,92,5.9178934220399366,2.613026427803498,5.9178934220399366,2.4436349215785493,True,False,True,True,False,True
mahler,158705,15,40,2050,1540,92,6.2009005874804668,2.3670120529655989,6.2009005874804668,2.1918478229937297,True,False,True,True,False,True
mahler,158705,15,41,2100,1541,92,6.483907752920997,2.1209976781276998,6.483907752920997,1.940060724408911,True,False,True,True,False,True
mahler,158705,15,42,2150,1542,92,6.7669149183615271,1.8749833032898016,6.7669149183615271,1.6882736258240896,True,False,True,True,False,True
mahler,158705,15,43,2200,1543,92,7.0499220838020573,1.6289689284519024,7.0499220838020573,1.43648652723927,True,False,True,True,False,True
mahler,158705,15,44,2250,1544,92,7.3329292492425857,1.3829545536140051,7.3329292492425857,1.184699428654453,True,False,True,True,False,True
mahler,158705,15,45,2300,1545,92,7.6159364146831159,1.136940178776106,7.6159364146831159,0.93291233006963337,True,False,True,True,False,True
mahler,158705,15,46,2350,1546,92,7.8989435801236461,0.89092580393820775,7.8989435801236461,0.68112523148481408,True,False,True,True,False,True
mahler,158705,15,47,2400,1547,92,8.1819507455641762,0.64491142910030863,8.1819507455641762,0.42933813289999301,True,False,True,True,False,True
mahler,158705,15,48,2450,1548,92,8.4649579110047064,0.39889705426240951,8.4649579110047064,0.17755103431517366,True,False,True,True,False,True
mahler,158705,15,49,2500,1549,92,8.7479650764452366,0.15288267942451128,8.7479650764452366,-0.074236064269645755,True,False,True,True,False,True
mahler,158705,15,50,2550,1550,92,9.0309722418857667,-0.093131695413387838,9.0309722418857667,-0.3260231628544652,True,False,True,True,False,True
mahler,158705,15,51,2600,1551,92,9.3139794073262969,-0.33914607025128696,9.3139794073262969,-0.57781026143928582,True,False,True,True,False,True
mahler,158705,15,52,2650,1552,92,9.5969865727668271,-0.58516044508918519,9.5969865727668271,-0.82959736002410556,True,False,True,True,False,True
mahler,158705,15,53,2700,1553,92,9.8799937382073573,-0.8311748199270852,9.8799937382073573,-1.081384458608925,True,False,True,True,False,True
mahler,159613,16,6,350,1606,101,-3.2375013600040368,-7.2502671975266821,-3.2375013600040368,-7.2619388775226934,True,True,False,False,True,False
mahler,159613,16,7,400,1607,101,-2.9676269102432058,-6.9898967290007832,-2.9676269102432058,-7.0102577693808596,True,True,False,False,True,False
mahler,159613,16,8,450,1608,101,-2.6977524604823748,-6.729526260474886,-2.6977524604823748,-6.7585766612390241,True,True,False,False,True,False
mahler,159613,16,9,500,1609,101,-2.4278780107215439,-6.4691557919489879,-2.4278780107215439,-6.5068955530971886,True,True,False,False,True,False
mahler,159613,16,10,550,1610,101,-2.1580035609607133,-6.2087853234230899,-2.1580035609607133,-6.2552144449553539,True,True,False,False,True,False
mahler,159613,16,11,600,1611,101,-1.8881291111998824,-5.9484148548971927,-1.8881291111998824,-6.0035333368135193,True,True,False,False,True,False
mahler,159613,16,12,650,1612,101,-1.6182546614390514,-5.6880443863712946,-1.6182546614390514,-5.7518522286716864,True,True,False,False,True,False
mahler,159613,16,13,700,1613,101,-1.3483802116782204,-5.4276739178453965,-1.3483802116782204,-5.5001711205298491,True,True,False,False,True,False
mahler,159613,16,14,750,1614,101,-1.0785057619173894,-5.1673034493194985,-1.0785057619173894,-5.2484900123880145,True,True,False,False,True,False
mahler,159613,16,15,800,1615,101,-0.80863131215655848,-4.9069329807936004,-0.80863131215655848,-4.9968089042461798,True,True,False,False,True,False
mahler,159613,16,16,850,1616,101,-0.53875686239572751,-4.6465625122677032,-0.53875686239572751,-4.7451277961043443,True,True,False,False,True,False
mahler,159613,16,17,900,1617,101,-0.26888241263489654,-4.3861920437418052,-0.26888241263489654,-4.4934466879625097,True,True,False,False,True,False
mahler,159613,16,18,950,1618,101,0.00099203712593443072,-4.1258215752159071,0.00099203712593443072,-4.241765579820675,True,True,False,False,True,False
mahler,159613,16,19,1000,1619,101,0.2708664868867654,-3.865451106690009,0.2708664868867654,-3.99008447167884,True,True,False,False,True,False
mahler,159613,16,20,1050,1620,101,0.54074093664759548,-3.6050806381641118,0.54074093664759548,-3.7384033635370049,True,True,False,False,True,False
mahler,159613,16,21,1100,1621,101,0.81061538640842645,-3.3447101696382138,0.81061538640842645,-3.4867222553951702,True,True,False,False,True,False
mahler,159613,16,22,1150,1622,101,1.0804898361692574,-3.0843397011123157,1.0804898361692574,-3.235041147253336,True,True,False,False,True,False
mahler,159613,16,23,1200,1623,101,1.3503642859300884,-2.8239692325864181,1.3503642859300884,-2.9833600391115014,True,True,False,False,True,False
mahler,159613,16,24,1250,1624,101,1.6202387356909194,-2.56359876406052,1.6202387356909194,-2.7316789309696663,True,True,False,False,True,False
mahler,159613,16,25,1300,1625,101,1.8901131854517503,-2.3032282955346224,1.8901131854517503,-2.4799978228278317,True,True,False,False,True,False
mahler,159613,16,26,1350,1626,101,2.1599876352125813,-2.0428578270087243,2.1599876352125813,-2.2283167146859966,True,True,False,False,True,False
mahler,159613,16,27,1400,1627,101,2.4298620849734123,-1.7824873584828262,2.4298620849734123,-1.976635606544161,True,True,False,False,True,False
mahler,159613,16,28,1450,1628,101,2.6997365347342432,-1.5221168899569282,2.6997365347342432,-1.7249544984023262,True,True,False,False,True,False
mahler,159613,16,29,1500,1629,101,2.9696109844950742,-1.2617464214310306,2.9696109844950742,-1.4732733902604913,True,True,False,False,True,False
mahler,159613,16,30,1550,1630,101,3.2394854342559052,-1.0013759529051325,3.2394854342559052,-1.221592282118656,True,True,False,False,True,False
mahler,159613,16,31,1600,1631,101,3.5093598840167362,-0.74100548437923441,3.5093598840167362,-0.9699111739768207,True,True,False,False,True,False
mahler,159613,16,32,1650,1632,101,3.7792343337775671,-0.48063501585333634,3.7792343337775671,-0.71823006583498683,True,True,False,False,True,False
mahler,159613,16,33,1700,1633,101,4.0491087835383981,-0.22026454732743872,4.0491087835383981,-0.46654895769315158,True,True,False,False,True,False
mahler,159613,16,34,1750,1634,101,4.3189832332992291,0.040105921198459349,4.3189832332992291,-0.21486784955131641,True,True,False,False,True,False
mahler,159613,16,35,1800,1635,101,4.58885768306006,0.30047638972435742,4.58885768306006,0.036813258590518844,True,True,False,False,True,False
mahler,159613,16,36,1850,1636,101,4.858732132820891,0.56084685825025549,4.858732132820891,0.28849436673235274,True,True,False,False,True,False
mahler,159613,16,37,1900,1637,101,5.128606582581722,0.82121732677615356,5.128606582581722,0.54017547487418782,True,False,False,False,True,False
mahler,159613,16,38,1950,1638,101,5.3984810323425529,1.0815877953020507,5.3984810323425529,0.79185658301602335,True,False,True,False,True,False
mahler,159613,16,39,2000,1639,101,5.6683554821033839,1.3419582638279488,5.6683554821033839,1.0435376911578582,True,False,True,False,True,False
mahler,159613,16,40,2050,1640,101,5.9382299318642131,1.6023287323538451,5.9382299318642131,1.2952187992996911,True,False,True,False,True,False
mahler,159613,16,41,2100,1641,101,6.2081043816250441,1.8626992008797432,6.2081043816250441,1.5468999074415262,True,False,True,False,True,False
mahler,159613,16,42,2150,1642,101,6.477978831385875,2.1230696694056412,6.477978831385875,1.7985810155833613,True,False,True,False,True,False
mahler,159613,16,43,2200,1643,101,6.747853281146706,2.3834401379315393,6.747853281146706,2.0502621237251968,True,False,True,False,True,False
mahler,159613,16,44,2250,1644,101,7.017727730907537,2.6438106064574374,7.017727730907537,2.3019432318670319,True,False,True,False,True,False
mahler,159613,16,45,2300,1645,101,7.287602180668368,2.9041810749833354,7.287602180668368,2.5536243400088652,True,False,True,False,True,False
mahler,159613,16,46,2350,1646,101,7.5574766304291989,3.1645515435092326,7.5574766304291989,2.8053054481507012,True,False,True,False,True,False
mahler,159613,16,47,2400,1647,101,7.8273510801900299,3.4249220120351307,7.8273510801900299,3.0569865562925358,True,False,True,False,True,False
mahler,159613,16,48,2450,1648,101,8.0972255299508618,3.6852924805610296,8.0972255299508618,3.3086676644343722,True,False,True,False,True,False
mahler,159613,16,49,2500,1649,101,8.3670999797116927,3.9456629490869277,8.3670999797116927,3.5603487725762051,True,False,True,False,True,False
mahler,159613,16,50,2550,1650,101,8.6369744294725237,4.2060334176128249,8.6369744294725237,3.8120298807180406,True,False,True,False,True,False
mahler,159613,16,51,2600,1651,101,8.9068488792333547,4.4664038861387239,8.9068488792333547,4.0637109888598753,True,False,True,False,True,False
mahler,159613,16,52,2650,1652,101,9.1767233289941856,4.726774354664621,9.1767233289941856,4.3153920970017117,True,False,True,False,True,False
mahler,159613,16,53,2700,1653,101,9.4465977787550166,4.98714482319052,9.4465977787550166,4.5670732051435454,True,False,True,False,True,False
mahler,159613,16,54,2750,1654,101,9.7164722285158476,5.2475152917164172,9.7164722285158476,4.8187543132853818,True,False,True,False,True,False
mahler,159613,16,55,2800,1655,101,9.9863466782766785,5.5078857602423161,9.9863466782766785,5.0704354214272156,True,False,True,False,True,False
mahler,163248,17,6,350,1706,98,-3.0983000300126053,-0.64665428782446921,-3.0983000300126053,-0.67731027898860197,True,True,False,False,True,False
mahler,163248,17,7,400,1707,98,-2.7249371802150457,-0.68139372724557612,-2.7249371802150457,-0.73484423914123009,True,True,False,False,True,False
mahler,163248,17,8,450,1708,98,-2.3515743304174861,-0.71613316666668303,-2.3515743304174861,-0.79237819929385833,True,True,False,False,True,False
mahler,163248,17,9,500,1709,98,-1.9782114806199265,-0.75087260608778983,-1.9782114806199265,-0.84991215944648657,True,True,False,False,True,False
mahler,163248,17,10,550,1710,98,-1.6048486308223673,-0.78561204550889663,-1.6048486308223673,-0.9074461195991147,True,True,False,False,True,False
mahler,163248,17,11,600,1711,98,-1.2314857810248068,-0.82035148493000365,-1.2314857810248068,-0.96498007975174294,True,True,False,False,True,False
mahler,163248,17,12,650,1712,98,-0.85812293122724714,-0.85509092435111056,-0.85812293122724714,-1.0225140399043708,True,True,False,False,True,False
mahler,163248,17,13,700,1713,98,-0.48476008142968752,-0.88983036377221736,-0.48476008142968752,-1.0800480000569994,True,True,False,False,True,False
mahler,163248,17,14,750,1714,98,-0.11139723163212789,-0.92456980319332427,-0.11139723163212789,-1.1375819602096275,True,True,False,False,True,False
mahler,163248,17,15,800,1715,98,0.26196561816543174,-0.95930924261443118,0.26196561816543174,-1.1951159203622559,True,True,False,False,True,False
mahler,163248,17,16,850,1716,98,0.63532846796299136,-0.99404868203553798,0.63532846796299136,-1.252649880514884,True,True,False,False,True,False
mahler,163248,17,17,900,1717,98,1.008691317760551,-1.0287881214566448,1.008691317760551,-1.3101838406675121,True,True,False,False,True,False
mahler,163248,17,18,950,1718,98,1.3820541675581106,-1.0635275608777517,1.3820541675581106,-1.3677178008201405,True,True,False,False,True,False
mahler,163248,17,19,1000,1719,98,1.7554170173556702,-1.0982670002988586,1.7554170173556702,-1.4252517609727682,True,True,False,False,True,False
mahler,163248,17,20,1050,1720,98,2.1287798671532299,-1.1330064397199655,2.1287798671532299,-1.4827857211253967,True,True,False,False,True,False
mahler,163248,17,21,1100,1721,98,2.5021427169507886,-1.1677458791410722,2.5021427169507886,-1.5403196812780247,True,True,False,False,True,False
mahler,163248,17,22,1150,1722,98,2.8755055667483491,-1.2024853185621791,2.8755055667483491,-1.597853641430653,True,True,False,False,True,False
mahler,163248,17,23,1200,1723,98,3.2488684165459096,-1.2372247579832862,3.2488684165459096,-1.6553876015832811,True,True,False,False,True,False
mahler,163248,17,24,1250,1724,98,3.6222312663434684,-1.2719641974043929,3.6222312663434684,-1.712921561735909,True,True,False,False,True,False
mahler,163248,17,25,1300,1725,98,3.9955941161410289,-1.3067036368255001,3.9955941161410289,-1.7704555218885378,True,True,False,False,True,False
mahler,163248,17,26,1350,1726,98,4.3689569659385876,-1.3414430762466067,4.3689569659385876,-1.827989482041166,True,True,False,False,True,False
mahler,163248,17,27,1400,1727,98,4.7423198157361481,-1.3761825156677137,4.7423198157361481,-1.8855234421937939,True,True,False,False,True,False
mahler,163248,17,28,1450,1728,98,5.1156826655337069,-1.4109219550888206,5.1156826655337069,-1.943057402346422,True,False,False,False,True,False
mahler,163248,17,29,1500,1729,98,5.4890455153312674,-1.4456613945099275,5.4890455153312674,-2.0005913624990499,True,False,True,False,True,False
mahler,163248,17,30,1550,1730,98,5.8624083651288261,-1.4804008339310344,5.8624083651288261,-2.0581253226516787,True,False,True,False,True,False
mahler,163248,17,31,1600,1731,98,6.2357712149263866,-1.5151402733521411,6.2357712149263866,-2.1156592828043066,True,False,True,False,True,False
mahler,163248,17,32,1650,1732,98,6.6091340647239454,-1.549879712773248,6.6091340647239454,-2.1731932429569349,True,False,True,False,True,False
mahler,163248,17,33,1700,1733,98,6.9824969145215059,-1.5846191521943549,6.9824969145215059,-2.2307272031095629,True,False,True,False,True,False
mahler,163248,17,34,1750,1734,98,7.3558597643190646,-1.6193585916154616,7.3558597643190646,-2.2882611632621921,True,False,True,False,True,False
mahler,163248,17,35,1800,1735,98,7.7292226141166251,-1.6540980310365687,7.7292226141166251,-2.34579512341482,True,False,True,False,True,False
mahler,163248,17,36,1850,1736,98,8.1025854639141848,-1.6888374704576754,8.1025854639141848,-2.4033290835674475,True,False,True,False,True,False
mahler,163248,17,37,1900,1737,98,8.4759483137117435,-1.7235769098787823,8.4759483137117435,-2.4608630437200758,True,False,True,False,True,False
mahler,163248,17,38,1950,1738,98,8.8493111635093022,-1.7583163492998892,8.8493111635093022,-2.5183970038727037,True,False,True,False,True,False
mahler,163248,17,39,2000,1739,98,9.2226740133068645,-1.7930557887209964,9.2226740133068645,-2.5759309640253325,True,False,True,False,True,False
mahler,163248,17,40,2050,1740,98,9.5960368631044233,-1.827795228142103,9.5960368631044233,-2.6334649241779604,True,False,True,False,True,False
mahler,163248,17,41,2100,1741,98,9.969399712901982,-1.8625346675632097,9.969399712901982,-2.6909988843305888,True,False,True,False,True,False
mahler,167848,18,6,350,1806,90,-3.1882382778841101,7.9088877915068707,-3.1882382778841101,7.8972878529176844,True,True,False,False,True,False
mahler,167848,18,7,400,1807,90,-2.8821115111662148,7.6923249622871968,-2.8821115111662148,7.6722346586665155,True,True,False,False,True,False
mahler,167848,18,8,450,1808,90,-2.5759847444483199,7.4757621330675237,-2.5759847444483199,7.4471814644153449,True,True,False,False,True,False
mahler,167848,18,9,500,1809,90,-2.2698579777304251,7.2591993038478506,-2.2698579777304251,7.222128270164176,True,True,False,False,True,False
mahler,167848,18,10,550,1810,90,-1.9637312110125298,7.0426364746281767,-1.9637312110125298,6.9970750759130071,True,True,False,False,True,False
mahler,167848,18,11,600,1811,90,-1.6576044442946349,6.8260736454085045,-1.6576044442946349,6.7720218816618383,True,True,False,False,True,False
mahler,167848,18,12,650,1812,90,-1.3514776775767401,6.6095108161888305,-1.3514776775767401,6.5469686874106694,True,True,False,False,True,False
mahler,167848,18,13,700,1813,90,-1.0453509108588452,6.3929479869691574,-1.0453509108588452,6.3219154931594996,True,True,False,False,True,False
mahler,167848,18,14,750,1814,90,-0.73922414414094995,6.1763851577494844,-0.73922414414094995,6.0968622989083325,True,True,False,False,True,False
mahler,167848,18,15,800,1815,90,-0.43309737742305465,5.9598223285298104,-0.43309737742305465,5.8718091046571637,True,True,False,False,True,False
mahler,167848,18,16,850,1816,90,-0.12697061070516025,5.7432594993101374,-0.12697061070516025,5.6467559104059948,True,True,False,False,True,False
mahler,167848,18,17,900,1817,90,0.17915615601273505,5.5266966700904643,0.17915615601273505,5.421702716154825,True,True,False,False,True,False
mahler,167848,18,18,950,1818,90,0.48528292273063034,5.3101338408707903,0.48528292273063034,5.1966495219036553,True,True,False,False,True,False
mahler,167848,18,19,1000,1819,90,0.79140968944852474,5.0935710116511173,0.79140968944852474,4.9715963276524882,True,True,False,False,True,False
mahler,167848,18,20,1050,1820,90,1.09753645616642,4.8770081824314442,1.09753645616642,4.7465431334013175,True,True,False,False,True,False
mahler,167848,18,21,1100,1821,90,1.4036632228843153,4.6604453532117702,1.4036632228843153,4.5214899391501486,True,True,False,False,True,False
mahler,167848,18,22,1150,1822,90,1.7097899896022097,4.4438825239920972,1.7097899896022097,4.2964367448989798,True,True,False,False,True,False
mahler,167848,18,23,1200,1823,90,2.015916756320105,4.2273196947724241,2.015916756320105,4.0713835506478109,True,True,False,False,True,False
mahler,167848,18,24,1250,1824,90,2.3220435230380003,4.0107568655527501,2.3220435230380003,3.846330356396642,True,True,False,False,True,False
mahler,167848,18,25,1300,1825,90,2.6281702897558947,3.7941940363330771,2.6281702897558947,3.6212771621454736,True,True,False,False,True,False
mahler,167848,18,26,1350,1826,90,2.9342970564737909,3.5776312071134031,2.9342970564737909,3.3962239678943029,True,True,False,False,True,False
mahler,167848,18,27,1400,1827,90,3.2404238231916844,3.3610683778937309,3.2404238231916844,3.1711707736431354,True,True,False,False,True,False
mahler,167848,18,28,1450,1828,90,3.5465505899095797,3.1445055486740574,3.5465505899095797,2.9461175793919665,True,True,False,False,True,False
mahler,167848,18,29,1500,1829,90,3.852677356627475,2.9279427194543839,3.852677356627475,2.7210643851407967,True,True,False,False,True,False
mahler,167848,18,30,1550,1830,90,4.1588041233453703,2.7113798902347104,4.1588041233453703,2.4960111908896279,True,True,False,False,True,False
mahler,167848,18,31,1600,1831,90,4.4649308900632656,2.4948170610150364,4.4649308900632656,2.270957996638459,True,True,False,False,True,False
mahler,167848,18,32,1650,1832,90,4.7710576567811609,2.2782542317953629,4.7710576567811609,2.0459048023872901,True,True,False,False,True,False
mahler,167848,18,33,1700,1833,90,5.0771844234990544,2.0616914025756907,5.0771844234990544,1.8208516081361223,True,False,False,False,True,False
mahler,167848,18,34,1750,1834,90,5.3833111902169497,1.8451285733560172,5.3833111902169497,1.5957984138849532,True,False,True,False,True,False
mahler,167848,18,35,1800,1835,90,5.689437956934845,1.6285657441363437,5.689437956934845,1.370745219633783,True,False,True,False,True,False
mahler,167848,18,36,1850,1836,90,5.9955647236527403,1.4120029149166697,5.9955647236527403,1.1456920253826144,True,False,True,False,True,False
mahler,167848,18,37,1900,1837,90,6.3016914903706356,1.1954400856969967,6.3016914903706356,0.9206388311314454,True,False,True,False,True,False
mahler,167848,18,38,1950,1838,90,6.6078182570885309,0.97887725647732271,6.6078182570885309,0.69558563688027641,True,False,True,False,True,False
mahler,167848,18,39,2000,1839,90,6.9139450238064244,0.76231442725765053,6.9139450238064244,0.47053244262910859,True,False,True,False,True,False
mahler,167848,18,40,2050,1840,90,7.2200717905243197,0.54575159803797746,7.2200717905243197,0.24547924837793975,True,False,True,False,True,False
mahler,167848,18,41,2100,1841,90,7.526198557242215,0.3291887688183035,7.526198557242215,0.020426054126769552,True,False,True,False,True,False
mahler,167848,18,42,2150,1842,90,7.8323253239601103,0.11262593959863043,7.8323253239601103,-0.20462714012439917,True,False,True,False,True,False
mahler,167848,18,43,2200,1843,90,8.1384520906780047,-0.10393688962104264,8.1384520906780047,-0.4296803343755673,True,False,True,False,True,False
mahler,167848,18,44,2250,1844,90,8.4445788573959,-0.3204997188407166,8.4445788573959,-0.65473352862673617,True,False,True,False,True,False
mahler,167848,18,45,2300,1845,90,8.7507056241137953,-0.53706254806038967,8.7507056241137953,-0.87978672287790494,True,False,True,False,True,False
mahler,167848,18,46,2350,1846,90,9.0568323908316906,-0.75362537728006362,9.0568323908316906,-1.104839917129075,True,False,True,False,True,False
mahler,167848,18,47,2400,1847,90,9.3629591575495859,-0.97018820649973758,9.3629591575495859,-1.3298931113802437,True,False,True,False,True,False
mahler,167848,18,48,2450,1848,90,9.6690859242674811,-1.1867510357194107,9.6690859242674811,-1.554946305631413,True,False,True,False,True,False
mahler,167848,18,49,2500,1849,90,9.9752126909853764,-1.4033138649390846,9.9752126909853764,-1.7799994998825819,True,False,True,False,True,False
mahler,179553,19,6,350,1906,95,-2.749690189930174,-5.574725829805864,-2.749690189930174,-5.600793569347581,True,True,False,False,True,False
mahler,179553,19,7,400,1907,95,-2.414315503370851,-5.4069497285445776,-2.414315503370851,-5.4524317243540246,True,True,False,False,True,False
mahler,179553,19,8,450,1908,95,-2.0789408168115284,-5.2391736272832912,-2.0789408168115284,-5.304069879360469,True,True,False,False,True,False
mahler,179553,19,9,500,1909,95,-1.7435661302522059,-5.0713975260220039,-1.7435661302522059,-5.1557080343669126,True,True,False,False,True,False
mahler,179553,19,10,550,1910,95,-1.4081914436928828,-4.9036214247607175,-1.4081914436928828,-5.0073461893733571,True,True,False,False,True,False
mahler,179553,19,11,600,1911,95,-1.0728167571335598,-4.7358453234994311,-1.0728167571335598,-4.8589843443798015,True,True,False,False,True,False
mahler,179553,19,12,650,1912,95,-0.73744207057423772,-4.5680692222381447,-0.73744207057423772,-4.710622499386246,True,True,False,False,True,False
mahler,179553,19,13,700,1913,95,-0.40206738401491471,-4.4002931209768574,-0.40206738401491471,-4.5622606543926896,True,True,False,False,True,False
mahler,179553,19,14,750,1914,95,-0.066692697455591698,-4.232517019715571,-0.066692697455591698,-4.4138988093991349,True,True,False,False,True,False
mahler,179553,19,15,800,1915,95,0.26868198910373131,-4.0647409184542846,0.26868198910373131,-4.2655369644055785,True,True,False,False,True,False
mahler,179553,19,16,850,1916,95,0.60405667566305343,-3.8969648171929978,0.60405667566305343,-4.1171751194120247,True,True,False,False,True,False
mahler,179553,19,17,900,1917,95,0.93943136222237644,-3.7291887159317114,0.93943136222237644,-3.9688132744184683,True,True,False,False,True,False
mahler,179553,19,18,950,1918,95,1.2748060487816995,-3.5614126146704246,1.2748060487816995,-3.8204514294249119,True,True,False,False,True,False
mahler,179553,19,19,1000,1919,95,1.6101807353410216,-3.3936365134091382,1.6101807353410216,-3.6720895844313555,True,True,False,False,True,False
mahler,179553,19,20,1050,1920,95,1.9455554219003446,-3.2258604121478514,1.9455554219003446,-3.5237277394378008,True,True,False,False,True,False
mahler,179553,19,21,1100,1921,95,2.2809301084596676,-3.0580843108865645,2.2809301084596676,-3.3753658944442453,True,True,False,False,True,False
mahler,179553,19,22,1150,1922,95,2.6163047950189906,-2.8903082096252781,2.6163047950189906,-3.2270040494506911,True,True,False,False,True,False
mahler,179553,19,23,1200,1923,95,2.9516794815783136,-2.7225321083639913,2.9516794815783136,-3.0786422044571338,True,True,False,False,True,False
mahler,179553,19,24,1250,1924,95,3.2870541681376366,-2.5547560071027045,3.2870541681376366,-2.9302803594635791,True,True,False,False,True,False
mahler,179553,19,25,1300,1925,95,3.6224288546969579,-2.3869799058414189,3.6224288546969579,-2.7819185144700231,True,True,False,False,True,False
mahler,179553,19,26,1350,1926,95,3.9578035412562809,-2.2192038045801317,3.9578035412562809,-2.6335566694764672,True,True,False,False,True,False
mahler,179553,19,27,1400,1927,95,4.2931782278156039,-2.0514277033188453,4.2931782278156039,-2.4851948244829121,True,True,False,False,True,False
mahler,179553,19,28,1450,1928,95,4.6285529143749269,-1.8836516020575584,4.6285529143749269,-2.3368329794893561,True,True,False,False,True,False
mahler,179553,19,29,1500,1929,95,4.9639276009342499,-1.7158755007962716,4.9639276009342499,-2.188471134495801,True,True,False,False,True,False
mahler,179553,19,30,1550,1930,95,5.2993022874935729,-1.5480993995349852,5.2993022874935729,-2.0401092895022446,True,False,False,False,True,False
mahler,179553,19,31,1600,1931,95,5.6346769740528959,-1.3803232982736984,5.6346769740528959,-1.8917474445086893,True,False,True,False,True,False
mahler,179553,19,32,1650,1932,95,5.9700516606122171,-1.2125471970124124,5.9700516606122171,-1.7433855995151344,True,False,True,False,True,False
mahler,179553,19,33,1700,1933,95,6.3054263471715402,-1.0447710957511256,6.3054263471715402,-1.5950237545215786,True,False,True,False,True,False
mahler,179553,19,34,1750,1934,95,6.6408010337308632,-0.8769949944898392,6.6408010337308632,-1.4466619095280229,True,False,True,False,True,False
mahler,179553,19,35,1800,1935,95,6.9761757202901862,-0.70921889322855236,6.9761757202901862,-1.2983000645344673,True,False,True,False,True,False
mahler,179553,19,36,1850,1936,95,7.3115504068495092,-0.54144279196726552,7.3115504068495092,-1.1499382195409116,True,False,True,False,True,False
mahler,179553,19,37,1900,1937,95,7.6469250934088322,-0.37366669070597869,7.6469250934088322,-1.0015763745473558,True,False,True,False,True,False
mahler,179553,19,38,1950,1938,95,7.9822997799681552,-0.20589058944469185,7.9822997799681552,-0.85321452955379984,True,False,True,False,True,False
mahler,179553,19,39,2000,1939,95,8.3176744665274764,-0.038114488183405903,8.3176744665274764,-0.70485268456024541,True,False,True,False,True,False
mahler,179553,19,40,2050,1940,95,8.6530491530867994,0.12966161307788049,8.6530491530867994,-0.55649083956668954,True,False,True,False,True,False
mahler,179553,19,41,2100,1941,95,8.9884238396461225,0.29743771433916688,8.9884238396461225,-0.40812899457313351,True,False,True,False,True,False
mahler,179553,19,42,2150,1942,95,9.3237985262054455,0.46521381560045416,9.3237985262054455,-0.25976714957957836,True,False,True,False,True,False
mahler,179553,19,43,2200,1943,95,9.6591732127647685,0.63298991686174055,9.6591732127647685,-0.11140530458602269,True,False,True,False,True,False
mahler,179553,19,44,2250,1944,95,9.9945478993240915,0.80076601812302783,9.9945478993240915,0.036956540407533545,True,False,True,False,True,False
mahler,182748,20,6,350,2006,82,-2.853178013536243,0.34609149772555492,-2.853178013536243,0.34609149772555498,True,True,False,True,False,False
mahler,182748,20,7,400,2007,82,-2.5870525165727853,0.61165647151749925,-2.5870525165727853,0.61165647151749913,True,True,False,True,False,False
mahler,182748,20,8,450,2008,82,-2.3209270196093281,0.87722144530944313,-2.3209270196093281,0.87722144530944313,True,True,False,True,False,False
mahler,182748,20,9,500,2009,82,-2.0548015226458709,1.142786419101387,-2.0548015226458709,1.1427864191013872,True,True,False,True,False,False
mahler,182748,20,10,550,2010,82,-1.7886760256824137,1.4083513928933309,-1.7886760256824137,1.4083513928933309,True,True,False,True,False,False
mahler,182748,20,11,600,2011,82,-1.522550528718956,1.6739163666852752,-1.522550528718956,1.6739163666852754,True,True,False,True,False,False
mahler,182748,20,12,650,2012,82,-1.2564250317554988,1.9394813404772191,-1.2564250317554988,1.9394813404772189,True,True,False,True,False,False
mahler,182748,20,13,700,2013,82,-0.99029953479204158,2.205046314269163,-0.99029953479204158,2.205046314269163,True,True,False,True,False,False
mahler,182748,20,14,750,2014,82,-0.72417403782858436,2.4706112880611069,-0.72417403782858436,2.4706112880611064,True,True,False,True,False,False
mahler,182748,20,15,800,2015,82,-0.4580485408651267,2.7361762618530512,-0.4580485408651267,2.7361762618530503,True,True,False,True,False,False
mahler,182748,20,16,850,2016,82,-0.19192304390166992,3.0017412356449946,-0.19192304390166992,3.0017412356449955,True,True,False,True,False,False
mahler,182748,20,17,900,2017,82,0.074202453061787743,3.2673062094369389,0.074202453061787743,3.2673062094369389,True,True,False,True,False,False
mahler,182748,20,18,950,2018,82,0.34032795002524541,3.5328711832288833,0.34032795002524541,3.5328711832288846,True,True,False,True,False,False
mahler,182748,20,19,1000,2019,82,0.60645344698870218,3.7984361570208263,0.60645344698870218,3.7984361570208267,True,True,False,True,False,False
mahler,182748,20,20,1050,2020,82,0.87257894395215985,4.0640011308127706,0.87257894395215985,4.0640011308127697,True,True,False,True,False,False
mahler,182748,20,21,1100,2021,82,1.1387044409156166,4.329566104604714,1.1387044409156166,4.3295661046047158,True,True,False,True,False,False
mahler,182748,20,22,1150,2022,82,1.4048299378790743,4.5951310783966584,1.4048299378790743,4.5951310783966592,True,True,False,True,False,False
mahler,182748,20,23,1200,2023,82,1.670955434842532,4.8606960521886027,1.670955434842532,4.8606960521886009,True,True,False,True,False,False
mahler,182748,20,24,1250,2024,82,1.9370809318059887,5.1262610259805461,1.9370809318059887,5.126261025980547,True,True,False,True,False,False
mahler,182748,20,25,1300,2025,82,2.2032064287694464,5.3918259997724904,2.2032064287694464,5.3918259997724913,True,True,False,True,False,False
mahler,182748,20,26,1350,2026,82,2.4693319257329041,5.6573909735644348,2.4693319257329041,5.657390973564433,True,True,False,True,False,False
mahler,182748,20,27,1400,2027,82,2.7354574226963608,5.9229559473563782,2.7354574226963608,5.9229559473563791,True,True,False,True,False,False
mahler,182748,20,28,1450,2028,82,3.0015829196598185,6.1885209211483225,3.0015829196598185,6.1885209211483234,True,True,False,True,False,False
mahler,182748,20,29,1500,2029,82,3.2677084166232753,6.454085894940266,3.2677084166232753,6.4540858949402642,True,True,False,True,False,False
mahler,182748,20,30,1550,2030,82,3.5338339135867329,6.7196508687322103,3.5338339135867329,6.7196508687322103,True,True,False,True,False,False
mahler,182748,20,31,1600,2031,82,3.7999594105501906,6.9852158425241546,3.7999594105501906,6.9852158425241528,True,True,False,True,False,False
mahler,182748,20,32,1650,2032,82,4.0660849075136483,7.2507808163160998,4.0660849075136483,7.2507808163161007,True,True,False,True,False,False
mahler,182748,20,33,1700,2033,82,4.3322104044771041,7.5163457901080406,4.3322104044771041,7.5163457901080397,True,True,False,True,False,False
mahler,182748,20,34,1750,2034,82,4.5983359014405618,7.7819107638999849,4.5983359014405618,7.7819107638999849,True,True,False,True,False,False
mahler,182748,20,35,1800,2035,82,4.8644613984040195,8.0474757376919293,4.8644613984040195,8.0474757376919275,True,True,False,True,False,False
mahler,182748,20,36,1850,2036,82,5.1305868953674771,8.3130407114838736,5.1305868953674771,8.3130407114838736,True,True,False,True,False,False
mahler,182748,20,37,1900,2037,82,5.3967123923309348,8.5786056852758179,5.3967123923309348,8.5786056852758161,True,False,False,True,False,False
mahler,182748,20,38,1950,2038,82,5.6628378892943907,8.8441706590677605,5.6628378892943907,8.8441706590677587,True,False,True,True,False,False
mahler,182748,20,39,2000,2039,82,5.9289633862578484,9.1097356328597048,5.9289633862578484,9.1097356328597066,True,False,True,True,False,False
mahler,182748,20,40,2050,2040,82,6.195088883221306,9.3753006066516491,6.195088883221306,9.3753006066516491,True,False,True,True,False,False
mahler,182748,20,41,2100,2041,82,6.4612143801847637,9.6408655804435934,6.4612143801847637,9.6408655804435917,True,False,True,True,False,False
mahler,182748,20,42,2150,2042,82,6.7273398771482213,9.6984888187236713,6.7273398771482213,9.7094266267189013,True,False,True,True,False,True
mahler,182748,20,43,2200,2043,82,6.9934653741116772,9.4414944624031314,6.9934653741116772,9.479919073876351,True,False,True,True,False,True
mahler,182748,20,44,2250,2044,82,7.2595908710751349,9.1845001060825879,7.2595908710751349,9.2504115210337954,True,False,True,True,False,True
mahler,182748,20,45,2300,2045,82,7.5257163680385926,8.9275057497620462,7.5257163680385926,9.0209039681912415,True,False,True,True,False,True
mahler,182748,20,46,2350,2046,82,7.7918418650020502,8.6705113934415046,7.7918418650020502,8.7913964153486877,True,False,True,True,False,True
mahler,182748,20,47,2400,2047,82,8.0579673619655079,8.4135170371209611,8.0579673619655079,8.561888862506132,True,False,True,True,False,True
mahler,182748,20,48,2450,2048,82,8.3240928589289656,8.1565226808004194,8.3240928589289656,8.3323813096635782,True,False,True,True,False,True
mahler,182748,20,49,2500,2049,82,8.5902183558924214,7.8995283244798777,8.5902183558924214,8.1028737568210243,True,False,True,True,False,True
mahler,182748,20,50,2550,2050,82,8.8563438528558791,7.6425339681593361,8.8563438528558791,7.8733662039784713,True,False,True,True,False,True
mahler,182748,20,51,2600,2051,82,9.1224693498193368,7.3855396118387926,9.1224693498193368,7.6438586511359166,True,False,True,True,False,True
mahler,182748,20,52,2650,2052,82,9.3885948467827944,7.1285452555182509,9.3885948467827944,7.4143510982933609,True,False,True,True,False,True
mahler,182748,20,53,2700,2053,82,9.6547203437462521,6.8715508991977092,9.6547203437462521,7.1848435454508053,True,False,True,True,False,True
mahler,182748,20,54,2750,2054,82,9.920845840709708,6.6145565428771675,9.920845840709708,6.9553359926082559,True,False,True,True,False,True
mahler,183171,21,6,350,2106,99,-2.7569717255272796,1.0406455515504074,-2.7569717255272796,0.99636241724621033,True,True,False,False,True,False
mahler,183171,21,7,400,2107,99,-2.4274467550553926,1.2196379872779199,-2.4274467550553926,1.1424170225010475,True,True,False,False,True,False
mahler,183171,21,8,450,2108,99,-2.0979217845835056,1.3986304230054327,-2.0979217845835056,1.2884716277558848,True,True,False,False,True,False
mahler,183171,21,9,500,2109,99,-1.7683968141116191,1.5776228587329453,-1.7683968141116191,1.4345262330107227,True,True,False,False,True,False
mahler,183171,21,10,550,2110,99,-1.4388718436397321,1.7566152944604581,-1.4388718436397321,1.5805808382655597,True,True,False,False,True,False
mahler,183171,21,11,600,2111,99,-1.1093468731678451,1.9356077301879708,-1.1093468731678451,1.7266354435203972,True,True,False,False,True,False
mahler,183171,21,12,650,2112,99,-0.77982190269595808,2.1146001659154834,-0.77982190269595808,1.8726900487752347,True,True,False,False,True,False
mahler,183171,21,13,700,2113,99,-0.45029693222407197,2.2935926016429957,-0.45029693222407197,2.0187446540300718,True,True,False,False,True,False
mahler,183171,21,14,750,2114,99,-0.12077196175218496,2.4725850373705085,-0.12077196175218496,2.1647992592849095,True,True,False,False,True,False
mahler,183171,21,15,800,2115,99,0.20875300871970204,2.6515774730980213,0.20875300871970204,2.3108538645397463,True,True,False,False,True,False
mahler,183171,21,16,850,2116,99,0.53827797919158904,2.8305699088255341,0.53827797919158904,2.456908469794584,True,True,False,False,True,False
mahler,183171,21,17,900,2117,99,0.86780294966347604,3.0095623445530468,0.86780294966347604,2.6029630750494213,True,True,False,False,True,False
mahler,183171,21,18,950,2118,99,1.197327920135363,3.1885547802805596,1.197327920135363,2.7490176803042585,True,True,False,False,True,False
mahler,183171,21,19,1000,2119,99,1.5268528906072492,3.3675472160080719,1.5268528906072492,2.8950722855590945,True,True,False,False,True,False
mahler,183171,21,20,1050,2120,99,1.8563778610791362,3.5465396517355847,1.8563778610791362,3.0411268908139331,True,True,False,False,True,False
mahler,183171,21,21,1100,2121,99,2.1859028315510232,3.7255320874630975,2.1859028315510232,3.1871814960687703,True,True,False,False,True,False
mahler,183171,21,22,1150,2122,99,2.5154278020229102,3.9045245231906103,2.5154278020229102,3.3332361013236071,True,True,False,False,True,False
mahler,183171,21,23,1200,2123,99,2.8449527724947972,4.0835169589181231,2.8449527724947972,3.4792907065784453,True,True,False,False,True,False
mahler,183171,21,24,1250,2124,99,3.1744777429666842,4.2625093946456349,3.1744777429666842,3.6253453118332821,True,True,False,False,True,False
mahler,183171,21,25,1300,2125,99,3.5040027134385712,4.4415018303731486,3.5040027134385712,3.7713999170881198,True,True,False,False,True,False
mahler,183171,21,26,1350,2126,99,3.8335276839104582,4.6204942661006605,3.8335276839104582,3.9174545223429575,True,True,False,False,True,False
mahler,183171,21,27,1400,2127,99,4.1630526543823434,4.7994867018281724,4.1630526543823434,4.0635091275977944,True,True,False,False,True,False
mahler,183171,21,28,1450,2128,99,4.4925776248542304,4.9784791375556861,4.4925776248542304,4.2095637328526312,True,True,False,False,True,False
mahler,183171,21,29,1500,2129,99,4.8221025953261174,5.1574715732831979,4.8221025953261174,4.3556183381074689,True,True,False,False,True,False
mahler,183171,21,30,1550,2130,99,5.1516275657980044,5.3364640090107116,5.1516275657980044,4.5016729433623066,True,False,False,False,True,False
mahler,183171,21,31,1600,2131,99,5.4811525362698914,5.5154564447382235,5.4811525362698914,4.6477275486171434,True,False,True,False,True,False
mahler,183171,21,32,1650,2132,99,5.8106775067417784,5.6944488804657363,5.8106775067417784,4.7937821538719811,True,False,True,False,True,False
mahler,183171,21,33,1700,2133,99,6.1402024772136654,5.8734413161932491,6.1402024772136654,4.9398367591268189,True,False,True,False,True,False
mahler,183171,21,34,1750,2134,99,6.4697274476855524,6.0524337519207618,6.4697274476855524,5.0858913643816575,True,False,True,False,True,False
mahler,183171,21,35,1800,2135,99,6.7992524181574394,6.2314261876482746,6.7992524181574394,5.2319459696364934,True,False,True,False,True,False
mahler,183171,21,36,1850,2136,99,7.1287773886293264,6.4104186233757874,7.1287773886293264,5.3780005748913302,True,False,True,False,True,False
mahler,183171,21,37,1900,2137,99,7.4583023591012134,6.5894110591033002,7.4583023591012134,5.5240551801461679,True,False,True,False,True,False
mahler,183171,21,38,1950,2138,99,7.7878273295730986,6.7684034948308121,7.7878273295730986,5.6701097854010039,True,False,True,False,True,False
mahler,183171,21,39,2000,2139,99,8.1173523000449848,6.9473959305583239,8.1173523000449848,5.8161643906558433,True,False,True,False,True,False
mahler,183171,21,40,2050,2140,99,8.4468772705168718,7.1263883662858367,8.4468772705168718,5.9622189959106784,True,False,True,False,True,False
mahler,183171,21,41,2100,2141,99,8.7764022409887588,7.3053808020133495,8.7764022409887588,6.1082736011655179,True,False,True,False,True,False
mahler,183171,21,42,2150,2142,99,9.1059272114606458,7.4843732377408623,9.1059272114606458,6.2543282064203538,True,False,True,False,True,False
mahler,183171,21,43,2200,2143,99,9.4354521819325328,7.663365673468375,9.4354521819325328,6.4003828116751915,True,False,True,False,True,False
mahler,183171,21,44,2250,2144,99,9.7649771524044198,7.8423581091958878,9.7649771524044198,6.5464374169300283,True,False,True,False,True,False
mahler,184642,22,6,350,2206,86,-2.8041951288899791,3.2888173759844377,-2.8041951288899791,3.2987043504924158,True,True,False,False,True,False
mahler,184642,22,7,400,2207,86,-2.5093955982136276,3.0570454294561298,-2.5093955982136276,3.0742962581398237,True,True,False,False,True,False
mahler,184642,22,8,450,2208,86,-2.214596067537276,2.8252734829278214,-2.214596067537276,2.8498881657872324,True,True,False,False,True,False
mahler,184642,22,9,500,2209,86,-1.9197965368609244,2.5935015363995135,-1.9197965368609244,2.6254800734346402,True,True,False,False,True,False
mahler,184642,22,10,550,2210,86,-1.6249970061845729,2.3617295898712056,-1.6249970061845729,2.4010719810820476,True,True,False,False,True,False
mahler,184642,22,11,600,2211,86,-1.3301974755082213,2.1299576433428973,-1.3301974755082213,2.1766638887294563,True,True,False,False,True,False
mahler,184642,22,12,650,2212,86,-1.0353979448318698,1.8981856968145894,-1.0353979448318698,1.9522557963768639,True,True,False,False,True,False
mahler,184642,22,13,700,2213,86,-0.74059841415551819,1.6664137502862812,-0.74059841415551819,1.7278477040242719,True,True,False,False,True,False
mahler,184642,22,14,750,2214,86,-0.44579888347916619,1.4346418037579729,-0.44579888347916619,1.5034396116716793,True,True,False,False,True,False
mahler,184642,22,15,800,2215,86,-0.15099935280281507,1.2028698572296652,-0.15099935280281507,1.2790315193190878,True,True,False,False,True,False
mahler,184642,22,16,850,2216,86,0.14380017787353694,0.97109791070135687,0.14380017787353694,1.0546234269664949,True,True,False,False,True,False
mahler,184642,22,17,900,2217,86,0.43859970854988806,0.73932596417304919,0.43859970854988806,0.83021533461390362,True,True,False,False,True,False
mahler,184642,22,18,950,2218,86,0.73339923922624006,0.50755401764474073,0.73339923922624006,0.60580724226131122,True,True,False,False,True,False
mahler,184642,22,19,1000,2219,86,1.0281987699025912,0.27578207111643305,1.0281987699025912,0.38139914990871959,True,True,False,False,True,False
mahler,184642,22,20,1050,2220,86,1.3229983005789432,0.044010124588124588,1.3229983005789432,0.1569910575561273,True,True,False,False,True,False
mahler,184642,22,21,1100,2221,86,1.6177978312552943,-0.18776182194018309,1.6177978312552943,-0.067417034796464478,True,True,False,False,True,False
mahler,184642,22,22,1150,2222,86,1.9125973619316463,-0.41953376846849144,1.9125973619316463,-0.29182512714905678,True,True,False,False,True,False
mahler,184642,22,23,1200,2223,86,2.2073968926079974,-0.65130571499679912,2.2073968926079974,-0.51623321950164847,True,True,False,False,True,False
mahler,184642,22,24,1250,2224,86,2.5021964232843494,-0.88307766152510747,2.5021964232843494,-0.74064131185424076,True,True,False,False,True,False
mahler,184642,22,25,1300,2225,86,2.7969959539607006,-1.1148496080534152,2.7969959539607006,-0.96504940420683238,True,True,False,False,True,False
mahler,184642,22,26,1350,2226,86,3.0917954846370526,-1.3466215545817235,3.0917954846370526,-1.1894574965594253,True,True,False,False,True,False
mahler,184642,22,27,1400,2227,86,3.3865950153134037,-1.5783935011100314,3.3865950153134037,-1.4138655889120171,True,True,False,False,True,False
mahler,184642,22,28,1450,2228,86,3.6813945459897557,-1.8101654476383398,3.6813945459897557,-1.6382736812646095,True,True,False,False,True,False
mahler,184642,22,29,1500,2229,86,3.9761940766661077,-2.0419373941666481,3.9761940766661077,-1.8626817736172006,True,True,False,False,True,False
mahler,184642,22,30,1550,2230,86,4.2709936073424579,-2.2737093406949551,4.2709936073424579,-2.087089865969793,True,True,False,False,True,False
mahler,184642,22,31,1600,2231,86,4.5657931380188099,-2.5054812872232635,4.5657931380188099,-2.3114979583223847,True,True,False,False,True,False
mahler,184642,22,32,1650,2232,86,4.8605926686951619,-2.7372532337515718,4.8605926686951619,-2.5359060506749773,True,True,False,False,True,False
mahler,184642,22,33,1700,2233,86,5.1553921993715139,-2.9690251802798802,5.1553921993715139,-2.7603141430275708,True,False,False,False,True,False
mahler,184642,22,34,1750,2234,86,5.4501917300478659,-3.2007971268081885,5.4501917300478659,-2.9847222353801617,True,False,True,False,True,False
mahler,184642,22,35,1800,2235,86,5.7449912607242162,-3.432569073336496,5.7449912607242162,-3.2091303277327548,True,False,True,False,True,False
mahler,184642,22,36,1850,2236,86,6.0397907914005682,-3.6643410198648043,6.0397907914005682,-3.4335384200853452,True,False,True,False,True,False
mahler,184642,22,37,1900,2237,86,6.3345903220769202,-3.8961129663931127,6.3345903220769202,-3.6579465124379382,True,False,True,False,True,False
mahler,184642,22,38,1950,2238,86,6.6293898527532722,-4.127884912921421,6.6293898527532722,-3.8823546047905295,True,False,True,False,True,False
mahler,184642,22,39,2000,2239,86,6.9241893834296224,-4.3596568594497276,6.9241893834296224,-4.1067626971431217,True,False,True,False,True,False
mahler,184642,22,40,2050,2240,86,7.2189889141059744,-4.5914288059780359,7.2189889141059744,-4.3311707894957134,True,False,True,False,True,False
mahler,184642,22,41,2100,2241,86,7.5137884447823264,-4.8232007525063443,7.5137884447823264,-4.5555788818483061,True,False,True,False,True,False
mahler,184642,22,42,2150,2242,86,7.8085879754586784,-5.0549726990346526,7.8085879754586784,-4.7799869742008978,True,False,True,False,True,False
mahler,184642,22,43,2200,2243,86,8.1033875061350287,-5.2867446455629601,8.1033875061350287,-5.0043950665534895,True,False,True,False,True,False
mahler,184642,22,44,2250,2244,86,8.3981870368113807,-5.5185165920912684,8.3981870368113807,-5.2288031589060804,True,False,True,False,True,False
mahler,184642,22,45,2300,2245,86,8.6929865674877327,-5.7502885386195768,8.6929865674877327,-5.4532112512586748,True,False,True,False,True,False
mahler,184642,22,46,2350,2246,86,8.9877860981640847,-5.9820604851478851,8.9877860981640847,-5.6776193436112674,True,False,True,False,True,False
mahler,184642,22,47,2400,2247,86,9.2825856288404349,-6.2138324316761917,9.2825856288404349,-5.9020274359638565,True,False,True,False,True,False
mahler,184642,22,48,2450,2248,86,9.5773851595167869,-6.4456043782045001,9.5773851595167869,-6.12643552831645,True,False,True,False,True,False
mahler,184642,22,49,2500,2249,86,9.8721846901931389,-6.6773763247328084,9.8721846901931389,-6.3508436206690417,True,False,True,False,True,False
mahler,187617,23,6,350,2306,90,-2.5623515459675019,-9.0377233674332444,-2.5623515459675019,-9.0377233674332444,True,True,False,True,False,False
mahler,187617,23,7,400,2307,90,-2.2313267141369515,-9.2175306317734691,-2.2313267141369515,-9.2175306317734691,True,True,False,True,False,False
mahler,187617,23,8,450,2308,90,-1.9003018823064015,-9.397337896113692,-1.9003018823064015,-9.397337896113692,True,True,False,True,False,False
mahler,187617,23,9,500,2309,90,-1.5692770504758515,-9.5771451604539166,-1.5692770504758515,-9.5771451604539148,True,True,False,True,False,False
mahler,187617,23,10,550,2310,90,-1.2382522186453011,-9.7569524247941413,-1.2382522186453011,-9.7569524247941395,True,True,False,True,False,False
mahler,187617,23,11,600,2311,90,-0.90722738681475112,-9.6944085656291712,-0.90722738681475112,-9.6751272565021793,True,True,False,True,False,True
mahler,187617,23,12,650,2312,90,-0.57620255498420114,-9.5183995363642389,-0.57620255498420114,-9.4708096976534168,True,True,False,True,False,True
mahler,187617,23,13,700,2313,90,-0.24517772315365072,-9.3423905070993065,-0.24517772315365072,-9.2664921388046508,True,True,False,True,False,True
mahler,187617,23,14,750,2314,90,0.085847108676899708,-9.1663814778343742,0.085847108676899708,-9.0621745799558902,True,True,False,True,False,True
mahler,187617,23,15,800,2315,90,0.41687194050745013,-8.9903724485694418,0.41687194050745013,-8.8578570211071241,True,True,False,True,False,True
mahler,187617,23,16,850,2316,90,0.74789677233799967,-8.8143634193045095,0.74789677233799967,-8.6535394622583599,True,True,False,True,False,True
mahler,187617,23,17,900,2317,90,1.0789216041685501,-8.6383543900395772,1.0789216041685501,-8.4492219034095992,True,True,False,True,False,True
mahler,187617,23,18,950,2318,90,1.4099464359991005,-8.4623453607746448,1.4099464359991005,-8.244904344560835,True,True,False,True,False,True
mahler,187617,23,19,1000,2319,90,1.7409712678296501,-8.2863363315097125,1.7409712678296501,-8.0405867857120725,True,True,False,True,False,True
mahler,187617,23,20,1050,2320,90,2.0719960996602005,-8.1103273022447802,2.0719960996602005,-7.8362692268633056,True,True,False,True,False,True
mahler,187617,23,21,1100,2321,90,2.4030209314907509,-7.9343182729798487,2.4030209314907509,-7.6319516680145432,True,True,False,True,False,True
mahler,187617,23,22,1150,2322,90,2.7340457633213013,-7.7583092437149164,2.7340457633213013,-7.4276341091657807,True,True,False,True,False,True
mahler,187617,23,23,1200,2323,90,3.0650705951518509,-7.5823002144499849,3.0650705951518509,-7.2233165503170182,True,True,False,True,False,True
mahler,187617,23,24,1250,2324,90,3.3960954269824004,-7.4062911851850526,3.3960954269824004,-7.0189989914682558,True,True,False,True,False,True
mahler,187617,23,25,1300,2325,90,3.7271202588129508,-7.2302821559201202,3.7271202588129508,-6.8146814326194924,True,True,False,True,False,True
mahler,187617,23,26,1350,2326,90,4.0581450906435013,-7.0542731266551879,4.0581450906435013,-6.6103638737707282,True,True,False,True,False,True
mahler,187617,23,27,1400,2327,90,4.3891699224740517,-6.8782640973902556,4.3891699224740517,-6.4060463149219649,True,True,False,True,False,True
mahler,187617,23,28,1450,2328,90,4.7201947543046021,-6.7022550681253232,4.7201947543046021,-6.2017287560732006,True,True,False,True,False,True
mahler,187617,23,29,1500,2329,90,5.0512195861351525,-6.5262460388603909,5.0512195861351525,-5.9974111972244373,True,True,False,True,False,True
mahler,187617,23,30,1550,2330,90,5.382244417965703,-6.3502370095954586,5.382244417965703,-5.7930936383756739,True,False,False,True,False,True
mahler,187617,23,31,1600,2331,90,5.7132692497962534,-6.1742279803305271,5.7132692497962534,-5.5887760795269097,True,False,True,True,False,True
mahler,187617,23,32,1650,2332,90,6.044294081626802,-5.9982189510655957,6.044294081626802,-5.3844585206781472,True,False,True,True,False,True
mahler,187617,23,33,1700,2333,90,6.3753189134573525,-5.8222099218006633,6.3753189134573525,-5.180140961829383,True,False,True,True,False,True
mahler,187617,23,34,1750,2334,90,6.7063437452879029,-5.646200892535731,6.7063437452879029,-4.9758234029806205,True,False,True,True,False,True
mahler,187617,23,35,1800,2335,90,7.0373685771184533,-5.4701918632707986,7.0373685771184533,-4.7715058441318554,True,False,True,True,False,True
mahler,187617,23,36,1850,2336,90,7.3683934089490037,-5.2941828340058663,7.3683934089490037,-4.5671882852830921,True,False,True,True,False,True
mahler,187617,23,37,1900,2337,90,7.6994182407795542,-5.118173804740934,7.6994182407795542,-4.3628707264343287,True,False,True,True,False,True
mahler,187617,23,38,1950,2338,90,8.0304430726101046,-4.9421647754760016,8.0304430726101046,-4.1585531675855654,True,False,True,True,False,True
mahler,187617,23,39,2000,2339,90,8.3614679044406532,-4.7661557462110702,8.3614679044406532,-3.9542356087368034,True,False,True,True,False,True
mahler,187617,23,40,2050,2340,90,8.6924927362712037,-4.5901467169461379,8.6924927362712037,-3.7499180498880396,True,False,True,True,False,True
mahler,187617,23,41,2100,2341,90,9.0235175681017541,-4.4141376876812064,9.0235175681017541,-3.5456004910392753,True,False,True,True,False,True
mahler,187617,23,42,2150,2342,90,9.3545423999323045,-4.2381286584162741,9.3545423999323045,-3.341282932190512,True,False,True,True,False,True
mahler,187617,23,43,2200,2343,90,9.6855672317628549,-4.0621196291513417,9.6855672317628549,-3.1369653733417477,True,False,True,True,False,True
mahler,197632,24,6,350,2406,95,-2.4434814044264557,-8.2442322452384609,-2.4434814044264557,-8.2503127229107172,True,True,False,False,True,False
mahler,197632,24,7,400,2407,95,-2.178036964463963,-7.9793468960125775,-2.178036964463963,-7.9899545127600051,True,True,False,False,True,False
mahler,197632,24,8,450,2408,95,-1.9125925245014708,-7.714461546786695,-1.9125925245014708,-7.7295963026092993,True,True,False,False,True,False
mahler,197632,24,9,500,2409,95,-1.6471480845389781,-7.4495761975608117,-1.6471480845389781,-7.4692380924585855,True,True,False,False,True,False
mahler,197632,24,10,550,2410,95,-1.3817036445764859,-7.1846908483349292,-1.3817036445764859,-7.2088798823078752,True,True,False,False,True,False
mahler,197632,24,11,600,2411,95,-1.1162592046139932,-6.9198054991090459,-1.1162592046139932,-6.9485216721571632,True,True,False,False,True,False
mahler,197632,24,12,650,2412,95,-0.85081476465150052,-6.6549201498831625,-0.85081476465150052,-6.6881634620064512,True,True,False,False,True,False
mahler,197632,24,13,700,2413,95,-0.58537032468900829,-6.3900348006572791,-0.58537032468900829,-6.4278052518557427,True,True,False,False,True,False
mahler,197632,24,14,750,2414,95,-0.31992588472651562,-6.1251494514313967,-0.31992588472651562,-6.1674470417050307,True,True,False,False,True,False
mahler,197632,24,15,800,2415,95,-0.054481444764022946,-5.8602641022055133,-0.054481444764022946,-5.9070888315543195,True,True,False,False,True,False
mahler,197632,24,16,850,2416,95,0.21096299519846884,-5.5953787529796308,0.21096299519846884,-5.6467306214036066,True,True,False,False,True,False
mahler,197632,24,17,900,2417,95,0.47640743516096151,-5.3304934037537475,0.47640743516096151,-5.3863724112528963,True,True,False,False,True,False
mahler,197632,24,18,950,2418,95,0.74185187512345419,-5.0656080545278641,0.74185187512345419,-5.1260142011021843,True,True,False,False,True,False
mahler,197632,24,19,1000,2419,95,1.0072963150859469,-4.8007227053019808,1.0072963150859469,-4.8656559909514741,True,True,False,False,True,False
mahler,197632,24,20,1050,2420,95,1.2727407550484395,-4.5358373560760974,1.2727407550484395,-4.605297780800762,True,True,False,False,True,False
mahler,197632,24,21,1100,2421,95,1.5381851950109313,-4.2709520068502158,1.5381851950109313,-4.3449395706500518,True,True,False,False,True,False
mahler,197632,24,22,1150,2422,95,1.803629634973424,-4.0060666576243324,1.803629634973424,-4.0845813604993406,True,True,False,False,True,False
mahler,197632,24,23,1200,2423,95,2.0690740749359167,-3.7411813083984491,2.0690740749359167,-3.8242231503486295,True,True,False,False,True,False
mahler,197632,24,24,1250,2424,95,2.3345185148984093,-3.4762959591725657,2.3345185148984093,-3.5638649401979179,True,True,False,False,True,False
mahler,197632,24,25,1300,2425,95,2.599962954860902,-3.2114106099466828,2.599962954860902,-3.3035067300472063,True,True,False,False,True,False
mahler,197632,24,26,1350,2426,95,2.8654073948233938,-2.9465252607208003,2.8654073948233938,-3.0431485198964974,True,True,False,False,True,False
mahler,197632,24,27,1400,2427,95,3.1308518347858865,-2.681639911494917,3.1308518347858865,-2.7827903097457849,True,True,False,False,True,False
mahler,197632,24,28,1450,2428,95,3.3962962747483791,-2.4167545622690341,3.3962962747483791,-2.5224320995950733,True,True,False,False,True,False
mahler,197632,24,29,1500,2429,95,3.6617407147108718,-2.1518692130431507,3.6617407147108718,-2.2620738894443622,True,True,False,False,True,False
mahler,197632,24,30,1550,2430,95,3.9271851546733636,-1.8869838638172682,3.9271851546733636,-2.0017156792936519,True,True,False,False,True,False
mahler,197632,24,31,1600,2431,95,4.1926295946358572,-1.622098514591384,4.1926295946358572,-1.7413574691429397,True,True,False,False,True,False
mahler,197632,24,32,1650,2432,95,4.4580740345983489,-1.3572131653655015,4.4580740345983489,-1.480999258992229,True,True,False,False,True,False
mahler,197632,24,33,1700,2433,95,4.7235184745608407,-1.0923278161396199,4.7235184745608407,-1.220641048841518,True,True,False,False,True,False
mahler,197632,24,34,1750,2434,95,4.9889629145233343,-0.82744246691373569,4.9889629145233343,-0.96028283869080588,True,True,False,False,True,False
mahler,197632,24,35,1800,2435,95,5.2544073544858261,-0.56255711768785321,5.2544073544858261,-0.69992462854009607,True,False,False,False,True,False
mahler,197632,24,36,1850,2436,95,5.5198517944483196,-0.29767176846196897,5.5198517944483196,-0.43956641838938409,True,False,True,False,True,False
mahler,197632,24,37,1900,2437,95,5.7852962344108114,-0.032786419236086495,5.7852962344108114,-0.17920820823867326,True,False,True,False,True,False
mahler,197632,24,38,1950,2438,95,6.0507406743733032,0.23209892998979598,6.0507406743733032,0.081150001912037514,True,False,True,False,True,False
mahler,197632,24,39,2000,2439,95,6.3161851143357968,0.49698427921567934,6.3161851143357968,0.34150821206274989,True,False,True,False,True,False
mahler,197632,24,40,2050,2440,95,6.5816295542982886,0.76186962844156181,6.5816295542982886,0.60186642221346054,True,False,True,False,True,False
mahler,197632,24,41,2100,2441,95,6.8470739942607821,1.0267549776674461,6.8470739942607821,0.86222463236417246,True,False,True,False,True,False
mahler,197632,24,42,2150,2442,95,7.1125184342232739,1.2916403268933285,7.1125184342232739,1.1225828425148836,True,False,True,False,True,False
mahler,197632,24,43,2200,2443,95,7.3779628741857657,1.556525676119211,7.3779628741857657,1.3829410526655932,True,False,True,False,True,False
mahler,197632,24,44,2250,2444,95,7.6434073141482592,1.8214110253450952,7.6434073141482592,1.643299262816305,True,False,True,False,True,False
mahler,197632,24,45,2300,2445,95,7.908851754110751,2.0862963745709768,7.908851754110751,1.9036574729670162,True,False,True,False,True,False
mahler,197632,24,46,2350,2446,95,8.1742961940732446,2.351181723796862,8.1742961940732446,2.1640156831177277,True,False,True,False,True,False
mahler,197632,24,47,2400,2447,95,8.4397406340357364,2.6160670730227435,8.4397406340357364,2.4243738932684389,True,False,True,False,True,False
mahler,197632,24,48,2450,2448,95,8.7051850739982282,2.8809524222486269,8.7051850739982282,2.68473210341915,True,False,True,False,True,False
mahler,197632,24,49,2500,2449,95,8.9706295139607217,3.1458377714745103,8.9706295139607217,2.9450903135698612,True,False,True,False,True,False
mahler,197632,24,50,2550,2450,95,9.2360739539232135,3.4107231207003919,9.2360739539232135,3.2054485237205719,True,False,True,False,True,False
mahler,197632,24,51,2600,2451,95,9.5015183938857071,3.675608469926277,9.5015183938857071,3.4658067338712835,True,False,True,False,True,False
mahler,197632,24,52,2650,2452,95,9.7669628338481989,3.9404938191521586,9.7669628338481989,3.7261649440219946,True,False,True,False,True,False
mahler,199564,25,6,350,2506,97,-2.3989927213512749,-4.6955300838181646,-2.3989927213512749,-4.6972517777166916,True,True,False,False,True,False
mahler,199564,25,7,400,2507,97,-2.1003258762410009,-4.4687634291588028,-2.1003258762410009,-4.4717674505573672,True,True,False,False,True,False
mahler,199564,25,8,450,2508,97,-1.8016590311307268,-4.2419967744994409,-1.8016590311307268,-4.246283123398042,True,True,False,False,True,False
mahler,199564,25,9,500,2509,97,-1.5029921860204527,-4.0152301198400799,-1.5029921860204527,-4.0207987962387177,True,True,False,False,True,False
mahler,199564,25,10,550,2510,97,-1.2043253409101786,-3.7884634651807181,-1.2043253409101786,-3.7953144690793925,True,True,False,False,True,False
mahler,199564,25,11,600,2511,97,-0.90565849579990454,-3.5616968105213562,-0.90565849579990454,-3.5698301419200682,True,True,False,False,True,False
mahler,199564,25,12,650,2512,97,-0.6069916506896309,-3.3349301558619948,-0.6069916506896309,-3.3443458147607434,True,True,False,False,True,False
mahler,199564,25,13,700,2513,97,-0.30832480557935682,-3.1081635012026334,-0.30832480557935682,-3.1188614876014196,True,True,False,False,True,False
mahler,199564,25,14,750,2514,97,-0.0096579604690827381,-2.8813968465432716,-0.0096579604690827381,-2.8933771604420939,True,True,False,False,True,False
mahler,199564,25,15,800,2515,97,0.28900888464119134,-2.6546301918839101,0.28900888464119134,-2.6678928332827696,True,True,False,False,True,False
mahler,199564,25,16,850,2516,97,0.58767572975146543,-2.4278635372245483,0.58767572975146543,-2.4424085061234453,True,True,False,False,True,False
mahler,199564,25,17,900,2517,97,0.88634257486173951,-2.2010968825651864,0.88634257486173951,-2.2169241789641201,True,True,False,False,True,False
mahler,199564,25,18,950,2518,97,1.1850094199720136,-1.974330227905825,1.1850094199720136,-1.9914398518047955,True,True,False,False,True,False
mahler,199564,25,19,1000,2519,97,1.4836762650822877,-1.7475635732464632,1.4836762650822877,-1.7659555246454708,True,True,False,False,True,False
mahler,199564,25,20,1050,2520,97,1.7823431101925618,-1.5207969185871015,1.7823431101925618,-1.5404711974861454,True,True,False,False,True,False
mahler,199564,25,21,1100,2521,97,2.0810099553028358,-1.2940302639277399,2.0810099553028358,-1.3149868703268213,True,True,False,False,True,False
mahler,199564,25,22,1150,2522,97,2.3796768004131099,-1.0672636092683783,2.3796768004131099,-1.0895025431674961,True,True,False,False,True,False
mahler,199564,25,23,1200,2523,97,2.678343645523384,-0.84049695460901663,2.678343645523384,-0.86401821600817186,True,True,False,False,True,False
mahler,199564,25,24,1250,2524,97,2.9770104906336572,-0.61373029994965567,2.9770104906336572,-0.63853388884884799,True,True,False,False,True,False
mahler,199564,25,25,1300,2525,97,3.2756773357439313,-0.38696364529029381,3.2756773357439313,-0.413049561689523,True,True,False,False,True,False
mahler,199564,25,26,1350,2526,97,3.5743441808542054,-0.16019699063093196,3.5743441808542054,-0.18756523453019858,True,True,False,False,True,False
mahler,199564,25,27,1400,2527,97,3.8730110259644794,0.066569664028429454,3.8730110259644794,0.037919092629126544,True,True,False,False,True,False
mahler,199564,25,28,1450,2528,97,4.1716778710747535,0.29333631868779131,4.1716778710747535,0.2634034197884515,True,True,False,False,True,False
mahler,199564,25,29,1500,2529,97,4.4703447161850276,0.52010297334715272,4.4703447161850276,0.48888774694777648,True,True,False,False,True,False
mahler,199564,25,30,1550,2530,97,4.7690115612953017,0.74686962800651457,4.7690115612953017,0.71437207410710046,True,True,False,False,True,False
mahler,199564,25,31,1600,2531,97,5.0676784064055758,0.97363628266587643,5.0676784064055758,0.93985640126642533,True,True,False,False,True,False
mahler,199564,25,32,1650,2532,97,5.3663452515158498,1.2004029373252378,5.3663452515158498,1.1653407284257504,True,False,False,False,True,False
mahler,199564,25,33,1700,2533,97,5.6650120966261239,1.4271695919845997,5.6650120966261239,1.3908250555850739,True,False,True,False,True,False
mahler,199564,25,34,1750,2534,97,5.963678941736398,1.6539362466439615,5.963678941736398,1.6163093827444002,True,False,True,False,True,False
mahler,199564,25,35,1800,2535,97,6.2623457868466721,1.8807029013033234,6.2623457868466721,1.841793709903724,True,False,True,False,True,False
mahler,199564,25,36,1850,2536,97,6.5610126319569462,2.1074695559626844,6.5610126319569462,2.0672780370630504,True,False,True,False,True,False
mahler,199564,25,37,1900,2537,97,6.8596794770672203,2.3342362106220462,6.8596794770672203,2.2927623642223733,True,False,True,False,True,False
mahler,199564,25,38,1950,2538,97,7.1583463221774943,2.5610028652814081,7.1583463221774943,2.518246691381699,True,False,True,False,True,False
mahler,199564,25,39,2000,2539,97,7.4570131672877684,2.7877695199407699,7.4570131672877684,2.7437310185410229,True,False,True,False,True,False
mahler,199564,25,40,2050,2540,97,7.7556800123980425,3.0145361746001318,7.7556800123980425,2.969215345700349,True,False,True,False,True,False
mahler,199564,25,41,2100,2541,97,8.0543468575083175,3.2413028292594936,8.0543468575083175,3.1946996728596728,True,False,True,False,True,False
mahler,199564,25,42,2150,2542,97,8.3530137026185898,3.4680694839188537,8.3530137026185898,3.4201840000189971,True,False,True,False,True,False
mahler,199564,25,43,2200,2543,97,8.6516805477288656,3.6948361385782174,8.6516805477288656,3.6456683271783228,True,False,True,False,True,False
mahler,199564,25,44,2250,2544,97,8.9503473928391379,3.9216027932375774,8.9503473928391379,3.8711526543376453,True,False,True,False,True,False
mahler,199564,25,45,2300,2545,97,9.2490142379494138,4.1483694478969397,9.2490142379494138,4.096636981496971,True,False,True,False,True,False
mahler,199564,25,46,2350,2546,97,9.5476810830596861,4.3751361025563007,9.5476810830596861,4.3221213086562953,True,False,True,False,True,False
mahler,199564,25,47,2400,2547,97,9.846347928169962,4.6019027572156634,9.846347928169962,4.5476056358156223,True,False,True,False,True,False
mahler,204372,26,6,350,2606,97,-2.4257663683682322,3.2625619534711454,-2.4257663683682322,3.3021864674048973,True,True,False,False,True,False
mahler,204372,26,7,400,2607,97,-2.1472634817505458,3.0114421782982381,-2.1472634817505458,3.0805550545896017,True,True,False,False,True,False
mahler,204372,26,8,450,2608,97,-1.8687605951328594,2.7603224031253313,-1.8687605951328594,2.858923641774306,True,True,False,False,True,False
mahler,204372,26,9,500,2609,97,-1.590257708515173,2.5092026279524244,-1.590257708515173,2.6372922289590099,True,True,False,False,True,False
mahler,204372,26,10,550,2610,97,-1.3117548218974866,2.2580828527795171,-1.3117548218974866,2.4156608161437139,True,True,False,False,True,False
mahler,204372,26,11,600,2611,97,-1.0332519352798002,2.0069630776066099,-1.0332519352798002,2.1940294033284187,True,True,False,False,True,False
mahler,204372,26,12,650,2612,97,-0.75474904866211423,1.7558433024337035,-0.75474904866211423,1.9723979905131226,True,True,False,False,True,False
mahler,204372,26,13,700,2613,97,-0.47624616204442782,1.5047235272607964,-0.47624616204442782,1.750766577697827,True,True,False,False,True,False
mahler,204372,26,14,750,2614,97,-0.19774327542674097,1.2536037520878889,-0.19774327542674097,1.5291351648825307,True,True,False,False,True,False
mahler,204372,26,15,800,2615,97,0.080759611190945435,1.0024839769149818,0.080759611190945435,1.3075037520672346,True,True,False,False,True,False
mahler,204372,26,16,850,2616,97,0.35926249780863184,0.75136420174207474,0.35926249780863184,1.0858723392519389,True,True,False,False,True,False
mahler,204372,26,17,900,2617,97,0.63776538442631825,0.50024442656916779,0.63776538442631825,0.8642409264366433,True,True,False,False,True,False
mahler,204372,26,18,950,2618,97,0.91626827104400466,0.24912465139626072,0.91626827104400466,0.64260951362134755,True,True,False,False,True,False
mahler,204372,26,19,1000,2619,97,1.1947711576616911,-0.0019951237766462349,1.1947711576616911,0.42097810080605158,True,True,False,False,True,False
mahler,204372,26,20,1050,2620,97,1.4732740442793775,-0.2531148989495533,1.4732740442793775,0.19934668799075564,True,True,False,False,True,False
mahler,204372,26,21,1100,2621,97,1.7517769308970639,-0.50423467412246037,1.7517769308970639,-0.022284724824540334,True,True,False,False,True,False
mahler,204372,26,22,1150,2622,97,2.0302798175147503,-0.75535444929536744,2.0302798175147503,-0.24391613763983569,True,True,False,False,True,False
mahler,204372,26,23,1200,2623,97,2.3087827041324367,-1.0064742244682743,2.3087827041324367,-0.46554755045513169,True,True,False,False,True,False
mahler,204372,26,24,1250,2624,97,2.5872855907501231,-1.2575939996411816,2.5872855907501231,-0.6871789632704276,True,True,False,False,True,False
mahler,204372,26,25,1300,2625,97,2.8657884773678086,-1.508713774814088,2.8657884773678086,-0.90881037608572235,True,True,False,False,True,False
mahler,204372,26,26,1350,2626,97,3.144291363985495,-1.7598335499869948,3.144291363985495,-1.1304417889010183,True,True,False,False,True,False
mahler,204372,26,27,1400,2627,97,3.4227942506031814,-2.0109533251599014,3.4227942506031814,-1.3520732017163142,True,True,False,False,True,False
mahler,204372,26,28,1450,2628,97,3.7012971372208678,-2.2620731003328087,3.7012971372208678,-1.5737046145316096,True,True,False,False,True,False
mahler,204372,26,29,1500,2629,97,3.9798000238385551,-2.5131928755057169,3.9798000238385551,-1.7953360273469061,True,True,False,False,True,False
mahler,204372,26,30,1550,2630,97,4.2583029104562407,-2.7643126506786233,4.2583029104562407,-2.0169674401622015,True,True,False,False,True,False
mahler,204372,26,31,1600,2631,97,4.5368057970739279,-3.0154324258515315,4.5368057970739279,-2.2385988529774985,True,True,False,False,True,False
mahler,204372,26,32,1650,2632,97,4.8153086836916135,-3.266552201024437,4.8153086836916135,-2.4602302657927932,True,True,False,False,True,False
mahler,204372,26,33,1700,2633,97,5.0938115703093008,-3.5176719761973452,5.0938115703093008,-2.6818616786080902,True,False,False,False,True,False
mahler,204372,26,34,1750,2634,97,5.3723144569269863,-3.7687917513702516,5.3723144569269863,-2.903493091423385,True,False,True,False,True,False
mahler,204372,26,35,1800,2635,97,5.6508173435446736,-4.0199115265431589,5.6508173435446736,-3.1251245042386824,True,False,True,False,True,False
mahler,204372,26,36,1850,2636,97,5.9293202301623591,-4.2710313017160653,5.9293202301623591,-3.3467559170539771,True,False,True,False,True,False
mahler,204372,26,37,1900,2637,97,6.2078231167800464,-4.5221510768889734,6.2078231167800464,-3.5683873298692741,True,False,True,False,True,False
mahler,204372,26,38,1950,2638,97,6.4863260033977319,-4.7732708520618798,6.4863260033977319,-3.7900187426845675,True,False,True,False,True,False
mahler,204372,26,39,2000,2639,97,6.7648288900154192,-5.0243906272347871,6.7648288900154192,-4.0116501554998649,True,False,True,False,True,False
mahler,204372,26,40,2050,2640,97,7.0433317766331047,-5.2755104024076935,7.0433317766331047,-4.2332815683151601,True,False,True,False,True,False
mahler,204372,26,41,2100,2641,97,7.321834663250792,-5.5266301775806017,7.321834663250792,-4.4549129811304571,True,False,True,False,True,False
mahler,204372,26,42,2150,2642,97,7.6003375498684775,-5.7777499527535081,7.6003375498684775,-4.6765443939457514,True,False,True,False,True,False
mahler,204372,26,43,2200,2643,97,7.8788404364861648,-6.0288697279264154,7.8788404364861648,-4.8981758067610484,True,False,True,False,True,False
mahler,204372,26,44,2250,2644,97,8.1573433231038504,-6.2799895030993218,8.1573433231038504,-5.1198072195763444,True,False,True,False,True,False
mahler,204372,26,45,2300,2645,97,8.4358462097215376,-6.53110927827223,8.4358462097215376,-5.3414386323916405,True,False,True,False,True,False
mahler,204372,26,46,2350,2646,97,8.7143490963392232,-6.7822290534451364,8.7143490963392232,-5.5630700452069339,True,False,True,False,True,False
mahler,204372,26,47,2400,2647,97,8.9928519829569105,-7.0333488286180446,8.9928519829569105,-5.78470145802223,True,False,True,False,True,False
mahler,204372,26,48,2450,2648,97,9.271354869574596,-7.2844686037909492,9.271354869574596,-6.006332870837527,True,False,True,False,True,False
mahler,204372,26,49,2500,2649,97,9.5498577561922833,-7.5355883789638574,9.5498577561922833,-6.227964283652824,True,False,True,False,True,False
mahler,204372,26,50,2550,2650,97,9.8283606428099688,-7.7867081541367638,9.8283606428099688,-6.4495956964681191,True,False,True,False,True,False
mahler,204678,27,6,350,2706,91,-2.3818640243381761,4.2751059866578478,-2.3818640243381761,4.2751059866578469,True,True,False,True,False,False
mahler,204678,27,7,400,2707,91,-2.0683311082657765,4.481389983166939,-2.0683311082657765,4.4813899831669399,True,True,False,True,False,False
mahler,204678,27,8,450,2708,91,-1.7547981921933768,4.6876739796760303,-1.7547981921933768,4.6876739796760303,True,True,False,True,False,False
mahler,204678,27,9,500,2709,91,-1.4412652761209772,4.8939579761851215,-1.4412652761209772,4.8939579761851206,True,True,False,True,False,False
mahler,204678,27,10,550,2710,91,-1.1277323600485776,5.1002419726942119,-1.1277323600485776,5.1002419726942136,True,True,False,True,False,False
mahler,204678,27,11,600,2711,91,-0.81419944397617838,5.3065259692033031,-0.81419944397617838,5.3065259692033031,True,True,False,True,False,False
mahler,204678,27,12,650,2712,91,-0.5006665279037783,5.5128099657123943,-0.5006665279037783,5.5128099657123935,True,True,False,True,False,False
mahler,204678,27,13,700,2713,91,-0.18713361183137955,5.7190939622214847,-0.18713361183137955,5.7190939622214847,True,True,False,True,False,False
mahler,204678,27,14,750,2714,91,0.12639930424102008,5.9253779587305759,0.12639930424102008,5.9253779587305768,True,True,False,True,False,False
mahler,204678,27,15,800,2715,91,0.43993222031341972,6.1316619552396672,0.43993222031341972,6.1316619552396663,True,True,False,True,False,False
mahler,204678,27,16,850,2716,91,0.75346513638581936,6.3379459517487575,0.75346513638581936,6.3379459517487584,True,True,False,True,False,False
mahler,204678,27,17,900,2717,91,1.066998052458219,6.5442299482578488,1.066998052458219,6.544229948257847,True,True,False,True,False,False
mahler,204678,27,18,950,2718,91,1.3805309685306186,6.75051394476694,1.3805309685306186,6.7505139447669364,True,True,False,True,False,False
mahler,204678,27,19,1000,2719,91,1.6940638846030183,6.9567979412760312,1.6940638846030183,6.9567979412760312,True,True,False,True,False,False
mahler,204678,27,20,1050,2720,91,2.0075968006754179,7.1630819377851225,2.0075968006754179,7.1630819377851234,True,True,False,True,False,False
mahler,204678,27,21,1100,2721,91,2.3211297167478175,7.3693659342942128,2.3211297167478175,7.3693659342942137,True,True,False,True,False,False
mahler,204678,27,22,1150,2722,91,2.6346626328202163,7.5756499308033032,2.6346626328202163,7.5756499308033014,True,True,False,True,False,False
mahler,204678,27,23,1200,2723,91,2.9481955488926159,7.7819339273123944,2.9481955488926159,7.7819339273123935,True,True,False,True,False,False
mahler,204678,27,24,1250,2724,91,3.2617284649650156,7.9882179238214857,3.2617284649650156,7.9882179238214857,True,True,False,True,False,False
mahler,204678,27,25,1300,2725,91,3.5752613810374161,8.1945019203305769,3.5752613810374161,8.1945019203305804,True,True,False,True,False,False
mahler,204678,27,26,1350,2726,91,3.8887942971098148,8.4007859168396681,3.8887942971098148,8.4007859168396681,True,True,False,True,False,False
mahler,204678,27,27,1400,2727,91,4.2023272131822136,8.6070699133487576,4.2023272131822136,8.607069913348754,True,True,False,True,False,False
mahler,204678,27,28,1450,2728,91,4.5158601292546141,8.8133539098578488,4.5158601292546141,8.8133539098578506,True,True,False,True,False,False
mahler,204678,27,29,1500,2729,91,4.8293930453270129,9.0196379063669401,4.8293930453270129,9.0196379063669401,True,True,False,True,False,False
mahler,204678,27,30,1550,2730,91,5.1429259613994134,9.2259219028760313,5.1429259613994134,9.2259219028760295,True,False,False,True,False,False
mahler,204678,27,31,1600,2731,91,5.4564588774718121,9.4322058993851225,5.4564588774718121,9.4322058993851243,True,False,True,True,False,False
mahler,204678,27,32,1650,2732,91,5.7699917935442127,9.6384898958942138,5.7699917935442127,9.6384898958942102,True,False,True,True,False,False
mahler,204678,27,33,1700,2733,91,6.0835247096166114,9.8354677479408217,6.0835247096166114,9.8347528411496938,True,False,True,True,False,True
mahler,204678,27,34,1750,2734,91,6.3970576256890119,9.6317913125538652,6.3970576256890119,9.5995828588876844,True,False,True,True,False,True
mahler,204678,27,35,1800,2735,91,6.7105905417614107,9.4281148771669088,6.7105905417614107,9.3644128766256749,True,False,True,True,False,True
mahler,204678,27,36,1850,2736,91,7.0241234578338094,9.2244384417799541,7.0241234578338094,9.1292428943636654,True,False,True,True,False,True
mahler,204678,27,37,1900,2737,91,7.33765637390621,9.0207620063929976,7.33765637390621,8.894072912101656,True,False,True,True,False,True
mahler,204678,27,38,1950,2738,91,7.6511892899786087,8.817085571006043,7.6511892899786087,8.6589029298396483,True,False,True,True,False,True
mahler,204678,27,39,2000,2739,91,7.9647222060510092,8.6134091356190865,7.9647222060510092,8.423732947577637,True,False,True,True,False,True
mahler,204678,27,40,2050,2740,91,8.278255122123408,8.4097327002321318,8.278255122123408,8.1885629653156293,True,False,True,True,False,True
mahler,204678,27,41,2100,2741,91,8.5917880381958085,8.2060562648451754,8.5917880381958085,7.953392983053619,True,False,True,True,False,True
mahler,204678,27,42,2150,2742,91,8.9053209542682072,8.0023798294582207,8.9053209542682072,7.7182230007916113,True,False,True,True,False,True
mahler,204678,27,43,2200,2743,91,9.2188538703406078,7.7987033940712642,9.2188538703406078,7.4830530185296009,True,False,True,True,False,True
mahler,204678,27,44,2250,2744,91,9.5323867864130065,7.5950269586843087,9.5323867864130065,7.2478830362675923,True,False,True,True,False,True
mahler,204678,27,45,2300,2745,91,9.8459197024854053,7.391350523297354,9.8459197024854053,7.0127130540055829,True,False,True,True,False,True
mahler,206128,28,6,350,2806,91,-2.3027494276822682,6.231887751687422,-2.3027494276822682,6.2734130099885297,True,True,False,False,True,False
mahler,206128,28,7,400,2807,91,-1.9322762648227951,5.8086196482017094,-1.9322762648227951,5.8810829483037601,True,True,False,False,True,False
mahler,206128,28,8,450,2808,91,-1.5618031019633216,5.3853515447159976,-1.5618031019633216,5.4887528866189923,True,True,False,False,True,False
mahler,206128,28,9,500,2809,91,-1.1913299391038481,4.9620834412302859,-1.1913299391038481,5.0964228249342236,True,True,False,False,True,False
mahler,206128,28,10,550,2810,91,-0.82085677624437459,4.5388153377445741,-0.82085677624437459,4.7040927632494558,True,True,False,False,True,False
mahler,206128,28,11,600,2811,91,-0.45038361338490152,4.1155472342588624,-0.45038361338490152,4.311762701564688,True,True,False,False,True,False
mahler,206128,28,12,650,2812,91,-0.079910450525428445,3.6922791307731511,-0.079910450525428445,3.9194326398799206,True,True,False,False,True,False
mahler,206128,28,13,700,2813,91,0.29056271233404551,3.2690110272874384,0.29056271233404551,3.5271025781951524,True,True,False,False,True,False
mahler,206128,28,14,750,2814,91,0.66103587519351859,2.8457429238017271,0.66103587519351859,3.1347725165103846,True,True,False,False,True,False
mahler,206128,28,15,800,2815,91,1.0315090380529917,2.4224748203160154,1.0315090380529917,2.7424424548256172,True,True,False,False,True,False
mahler,206128,28,16,850,2816,91,1.4019822009124656,1.9992067168303029,1.4019822009124656,2.350112393140849,True,True,False,False,True,False
mahler,206128,28,17,900,2817,91,1.7724553637719387,1.5759386133445914,1.7724553637719387,1.9577823314560807,True,True,False,False,True,False
mahler,206128,28,18,950,2818,91,2.1429285266314118,1.1526705098588796,2.1429285266314118,1.5654522697713131,True,True,False,False,True,False
mahler,206128,28,19,1000,2819,91,2.5134016894908857,0.72940240637316744,2.5134016894908857,1.1731222080865444,True,True,False,False,True,False
mahler,206128,28,20,1050,2820,91,2.8838748523503588,0.30613430288745569,2.8838748523503588,0.78079214640177674,True,True,False,False,True,False
mahler,206128,28,21,1100,2821,91,3.2543480152098327,-0.11713380059825651,3.2543480152098327,0.38846208471700872,True,True,False,False,True,False
mahler,206128,28,22,1150,2822,91,3.6248211780693049,-0.54040190408396738,3.6248211780693049,-0.0038679769677579081,True,True,False,False,True,False
mahler,206128,28,23,1200,2823,91,3.9952943409287789,-0.96367000756968002,3.9952943409287789,-0.39619803865252695,True,True,False,False,True,False
mahler,206128,28,24,1250,2824,91,4.3657675037882528,-1.3869381110553918,4.3657675037882528,-0.7885281003372957,True,True,False,False,True,False
mahler,206128,28,25,1300,2825,91,4.736240666647725,-1.8102062145411026,4.736240666647725,-1.180858162022062,True,True,False,False,True,False
mahler,206128,28,26,1350,2826,91,5.106713829507199,-2.2334743180268153,5.106713829507199,-1.5731882237068306,True,True,False,False,True,False
mahler,206128,28,27,1400,2827,91,5.4771869923666729,-2.6567424215125279,5.4771869923666729,-1.9655182853915991,True,False,False,False,True,False
mahler,206128,28,28,1450,2828,91,5.8476601552261451,-3.0800105249982379,5.8476601552261451,-2.3578483470763669,True,False,True,False,True,False
mahler,206128,28,29,1500,2829,91,6.2181333180856191,-3.5032786284839506,6.2181333180856191,-2.7501784087611343,True,False,True,False,True,False
mahler,206128,28,30,1550,2830,91,6.588606480945093,-3.9265467319696632,6.588606480945093,-3.1425084704459048,True,False,True,False,True,False
mahler,206128,28,31,1600,2831,91,6.9590796438045652,-4.3498148354553745,6.9590796438045652,-3.5348385321306712,True,False,True,False,True,False
mahler,206128,28,32,1650,2832,91,7.3295528066640392,-4.7730829389410854,7.3295528066640392,-3.9271685938154381,True,False,True,False,True,False
mahler,206128,28,33,1700,2833,91,7.7000259695235131,-5.196351042426798,7.7000259695235131,-4.3194986555002082,True,False,True,False,True,False
mahler,206128,28,34,1750,2834,91,8.0704991323829844,-5.6196191459125071,8.0704991323829844,-4.7118287171849724,True,False,True,False,True,False
mahler,206128,28,35,1800,2835,91,8.4409722952424602,-6.0428872493982215,8.4409722952424602,-5.1041587788697438,True,False,True,False,True,False
mahler,206128,28,36,1850,2836,91,8.8114454581019324,-6.4661553528839324,8.8114454581019324,-5.4964888405545089,True,False,True,False,True,False
mahler,206128,28,37,1900,2837,91,9.1819186209614045,-6.8894234563696433,9.1819186209614045,-5.8888189022392758,True,False,True,False,True,False
mahler,206128,28,38,1950,2838,91,9.5523917838208803,-7.3126915598553577,9.5523917838208803,-6.2811489639240472,True,False,True,False,True,False
mahler,206128,28,39,2000,2839,91,9.9228649466803525,-7.7359596633410685,9.9228649466803525,-6.6734790256088123,True,False,True,False,True,False
mahler,217817,29,6,350,2906,94,-1.9842862920216291,-8.473511878208388,-1.9842862920216291,-8.4735118782083827,True,True,False,True,False,False
mahler,217817,29,7,400,2907,94,-1.669908245653573,-8.6803521001408868,-1.669908245653573,-8.6803521001408868,True,True,False,True,False,False
mahler,217817,29,8,450,2908,94,-1.3555301992855164,-8.8871923220733855,-1.3555301992855164,-8.8871923220733855,True,True,False,True,False,False
mahler,217817,29,9,500,2909,94,-1.0411521529174599,-9.0940325440058842,-1.0411521529174599,-9.0940325440058878,True,True,False,True,False,False
mahler,217817,29,10,550,2910,94,-0.72677410654940378,-9.300872765938383,-0.72677410654940378,-9.3008727659383812,True,True,False,True,False,False
mahler,217817,29,11,600,2911,94,-0.41239606018134722,-9.5077129878708799,-0.41239606018134722,-9.5077129878708764,True,True,False,True,False,False
mahler,217817,29,12,650,2912,94,-0.098018013813290672,-9.7145532098033787,-0.098018013813290672,-9.7145532098033804,True,True,False,True,False,False
mahler,217817,29,13,700,2913,94,0.21636003255476588,-9.7773836432951757,0.21636003255476588,-9.7731518335829506,True,True,False,True,False,True
mahler,217817,29,14,750,2914,94,0.53073807892282243,-9.5732241444939596,0.53073807892282243,-9.5569148737372043,True,True,False,True,False,True
mahler,217817,29,15,800,2915,94,0.8451161252908781,-9.3690646456927453,0.8451161252908781,-9.3406779138914597,True,True,False,True,False,True
mahler,217817,29,16,850,2916,94,1.1594941716589346,-9.1649051468915292,1.1594941716589346,-9.1244409540457152,True,True,False,True,False,True
mahler,217817,29,17,900,2917,94,1.4738722180269912,-8.9607456480903132,1.4738722180269912,-8.9082039941999689,True,True,False,True,False,True
mahler,217817,29,18,950,2918,94,1.7882502643950478,-8.7565861492890971,1.7882502643950478,-8.6919670343542261,True,True,False,True,False,True
mahler,217817,29,19,1000,2919,94,2.1026283107631043,-8.552426650487881,2.1026283107631043,-8.4757300745084798,True,True,False,True,False,True
mahler,217817,29,20,1050,2920,94,2.4170063571311609,-8.3482671516866667,2.4170063571311609,-8.2594931146627371,True,True,False,True,False,True
mahler,217817,29,21,1100,2921,94,2.7313844034992165,-8.1441076528854506,2.7313844034992165,-8.0432561548169907,True,True,False,True,False,True
mahler,217817,29,22,1150,2922,94,3.0457624498672731,-7.9399481540842354,3.0457624498672731,-7.827019194971248,True,True,False,True,False,True
mahler,217817,29,23,1200,2923,94,3.3601404962353296,-7.7357886552830193,3.3601404962353296,-7.6107822351255008,True,True,False,True,False,True
mahler,217817,29,24,1250,2924,94,3.6745185426033862,-7.5316291564818041,3.6745185426033862,-7.3945452752797554,True,True,False,True,False,True
mahler,217817,29,25,1300,2925,94,3.9888965889714427,-7.327469657680588,3.9888965889714427,-7.1783083154340108,True,True,False,True,False,True
mahler,217817,29,26,1350,2926,94,4.3032746353394984,-7.1233101588793728,4.3032746353394984,-6.9620713555882672,True,True,False,True,False,True
mahler,217817,29,27,1400,2927,94,4.6176526817075558,-6.9191506600781567,4.6176526817075558,-6.74583439574252,True,True,False,True,False,True
mahler,217817,29,28,1450,2928,94,4.9320307280756115,-6.7149911612769415,4.9320307280756115,-6.5295974358967772,True,True,False,True,False,True
mahler,217817,29,29,1500,2929,94,5.2464087744436689,-6.5108316624757254,5.2464087744436689,-6.3133604760510318,True,False,False,True,False,True
mahler,217817,29,30,1550,2930,94,5.5607868208117246,-6.3066721636745102,5.5607868208117246,-6.0971235162052881,True,False,True,True,False,True
mahler,217817,29,31,1600,2931,94,5.8751648671797803,-6.102512664873295,5.8751648671797803,-5.8808865563595427,True,False,True,True,False,True
mahler,217817,29,32,1650,2932,94,6.1895429135478377,-5.8983531660720789,6.1895429135478377,-5.6646495965137982,True,False,True,True,False,True
mahler,217817,29,33,1700,2933,94,6.5039209599158934,-5.6941936672708637,6.5039209599158934,-5.4484126366680545,True,False,True,True,False,True
mahler,217817,29,34,1750,2934,94,6.8182990062839508,-5.4900341684696476,6.8182990062839508,-5.2321756768223091,True,False,True,True,False,True
mahler,217817,29,35,1800,2935,94,7.1326770526520065,-5.2858746696684324,7.1326770526520065,-5.0159387169765646,True,False,True,True,False,True
mahler,217817,29,36,1850,2936,94,7.4470550990200639,-5.0817151708672155,7.4470550990200639,-4.7997017571308183,True,False,True,True,False,True
mahler,217817,29,37,1900,2937,94,7.7614331453881196,-4.8775556720660003,7.7614331453881196,-4.5834647972850746,True,False,True,True,False,True
mahler,217817,29,38,1950,2938,94,8.0758111917561752,-4.6733961732647851,8.0758111917561752,-4.3672278374393301,True,False,True,True,False,True
mahler,217817,29,39,2000,2939,94,8.3901892381242327,-4.469236674463569,8.3901892381242327,-4.1509908775935846,True,False,True,True,False,True
mahler,217817,29,40,2050,2940,94,8.7045672844922883,-4.2650771756623538,8.7045672844922883,-3.9347539177478414,True,False,True,True,False,True
mahler,217817,29,41,2100,2941,94,9.0189453308603458,-4.0609176768611377,9.0189453308603458,-3.7185169579020942,True,False,True,True,False,True
mahler,217817,29,42,2150,2942,94,9.3333233772284014,-3.8567581780599225,9.3333233772284014,-3.502279998056351,True,False,True,True,False,True
mahler,217817,29,43,2200,2943,94,9.6477014235964571,-3.6525986792587073,9.6477014235964571,-3.2860430382106061,True,False,True,True,False,True
mahler,217817,29,44,2250,2944,94,9.9620794699645145,-3.4484391804574912,9.9620794699645145,-3.0698060783648602,True,False,True,True,False,True
mahler,218791,30,6,350,3006,97,-2.031939881083721,-6.7433023072090235,-2.031939881083721,-6.7433023072090217,True,True,False,True,False,False
mahler,218791,30,7,400,3007,97,-1.7576883036091608,-6.9991061148735234,-1.7576883036091608,-6.9991061148735252,True,True,False,True,False,False
mahler,218791,30,8,450,3008,97,-1.4834367261346011,-7.2549099225380234,-1.4834367261346011,-7.2549099225380225,True,True,False,True,False,False
mahler,218791,30,9,500,3009,97,-1.2091851486600413,-7.5107137302025233,-1.2091851486600413,-7.5107137302025233,True,True,False,True,False,False
mahler,218791,30,10,550,3010,97,-0.93493357118548159,-7.7665175378670224,-0.93493357118548159,-7.7665175378670215,True,True,False,True,False,False
mahler,218791,30,11,600,3011,97,-0.6606819937109214,-8.0223213455315232,-0.6606819937109214,-8.0223213455315232,True,True,False,True,False,False
mahler,218791,30,12,650,3012,97,-0.38643041623636165,-8.2781251531960223,-0.38643041623636165,-8.2781251531960205,True,True,False,True,False,False
mahler,218791,30,13,700,3013,97,-0.1121788387618019,-8.5339289608605213,-0.1121788387618019,-8.5339289608605213,True,True,False,True,False,False
mahler,218791,30,14,750,3014,97,0.16207273871275785,-8.7897327685250222,0.16207273871275785,-8.7897327685250239,True,True,False,True,False,False
mahler,218791,30,15,800,3015,97,0.43632431618731804,-9.0455365761895212,0.43632431618731804,-9.0455365761895212,True,True,False,True,False,False
mahler,218791,30,16,850,3016,97,0.71057589366187734,-9.3013403838540221,0.71057589366187734,-9.3013403838540238,True,True,False,True,False,False
mahler,218791,30,17,900,3017,97,0.98482747113643754,-9.5571441915185211,0.98482747113643754,-9.5571441915185193,True,True,False,True,False,False
mahler,218791,30,18,950,3018,97,1.2590790486109977,-9.8078929773231938,1.2590790486109977,-9.8083968740329599,True,True,False,True,False,True
mahler,218791,30,19,1000,3019,97,1.533330626085557,-9.5521492318642327,1.533330626085557,-9.6036454162547571,True,True,False,True,False,True
mahler,218791,30,20,1050,3020,97,1.8075822035601172,-9.2964054864052699,1.8075822035601172,-9.398893958476549,True,True,False,True,False,True
mahler,218791,30,21,1100,3021,97,2.0818337810346765,-9.0406617409463088,2.0818337810346765,-9.1941425006983444,True,True,False,True,False,True
mahler,218791,30,22,1150,3022,97,2.3560853585092367,-8.7849179954873478,2.3560853585092367,-8.989391042920138,True,True,False,True,False,True
mahler,218791,30,23,1200,3023,97,2.6303369359837969,-8.5291742500283867,2.6303369359837969,-8.7846395851419317,True,True,False,True,False,True
mahler,218791,30,24,1250,3024,97,2.9045885134583562,-8.2734305045694256,2.9045885134583562,-8.5798881273637253,True,True,False,True,False,True
mahler,218791,30,25,1300,3025,97,3.1788400909329164,-8.0176867591104628,3.1788400909329164,-8.3751366695855207,True,True,False,True,False,True
mahler,218791,30,26,1350,3026,97,3.4530916684074757,-7.7619430136515017,3.4530916684074757,-8.1703852118073126,True,True,False,True,False,True
mahler,218791,30,27,1400,3027,97,3.7273432458820359,-7.5061992681925407,3.7273432458820359,-7.9656337540291071,True,True,False,True,False,True
mahler,218791,30,28,1450,3028,97,4.0015948233565961,-7.2504555227335779,4.0015948233565961,-7.7608822962508999,True,True,False,True,False,True
mahler,218791,30,29,1500,3029,97,4.2758464008311554,-6.9947117772746168,4.2758464008311554,-7.5561308384726953,True,True,False,True,False,True
mahler,218791,30,30,1550,3030,97,4.5500979783057156,-6.7389680318156557,4.5500979783057156,-7.351379380694488,True,True,False,True,False,True
mahler,218791,30,31,1600,3031,97,4.8243495557802758,-6.4832242863566938,4.8243495557802758,-7.1466279229162826,True,True,False,True,False,True
mahler,218791,30,32,1650,3032,97,5.098601133254836,-6.2274805408977318,5.098601133254836,-6.9418764651380753,True,True,False,True,False,True
mahler,218791,30,33,1700,3033,97,5.3728527107293944,-5.9717367954387717,5.3728527107293944,-6.7371250073598716,True,False,False,True,False,True
mahler,218791,30,34,1750,3034,97,5.6471042882039546,-5.7159930499798097,5.6471042882039546,-6.5323735495816653,True,False,True,True,False,True
mahler,218791,30,35,1800,3035,97,5.9213558656785148,-5.4602493045208478,5.9213558656785148,-6.3276220918034571,True,False,True,True,False,True
mahler,218791,30,36,1850,3036,97,6.195607443153075,-5.2045055590618858,6.195607443153075,-6.1228706340252526,True,False,True,True,False,True
mahler,218791,30,37,1900,3037,97,6.4698590206276352,-4.9487618136029239,6.4698590206276352,-5.9181191762470453,True,False,True,True,False,True
mahler,218791,30,38,1950,3038,97,6.7441105981021936,-4.6930180681439637,6.7441105981021936,-5.7133677184688416,True,False,True,True,False,True
mahler,218791,30,39,2000,3039,97,7.0183621755767538,-4.4372743226850018,7.0183621755767538,-5.5086162606906353,True,False,True,True,False,True
mahler,218791,30,40,2050,3040,97,7.292613753051314,-4.1815305772260398,7.292613753051314,-5.303864802912428,True,False,True,True,False,True
mahler,218791,30,41,2100,3041,97,7.5668653305258742,-3.9257868317670779,7.5668653305258742,-5.0991133451342217,True,False,True,True,False,True
mahler,218791,30,42,2150,3042,97,7.8411169080004344,-3.6700430863081159,7.8411169080004344,-4.8943618873560153,True,False,True,True,False,True
mahler,218791,30,43,2200,3043,97,8.1153684854749919,-3.4142993408491566,8.1153684854749919,-4.6896104295778116,True,False,True,True,False,True
mahler,218791,30,44,2250,3044,97,8.3896200629495539,-3.1585555953901929,8.3896200629495539,-4.4848589717996035,True,False,True,True,False,True
mahler,218791,30,45,2300,3045,97,8.6638716404241123,-2.9028118499312328,8.6638716404241123,-4.2801075140213989,True,False,True,True,False,True
mahler,218791,30,46,2350,3046,97,8.9381232178986743,-2.6470681044722699,8.9381232178986743,-4.0753560562431907,True,False,True,True,False,True
mahler,218791,30,47,2400,3047,97,9.2123747953732327,-2.3913243590133089,9.2123747953732327,-3.8706045984649866,True,False,True,True,False,True
mahler,218791,30,48,2450,3048,97,9.4866263728477911,-2.1355806135543496,9.4866263728477911,-3.665853140686782,True,False,True,True,False,True
mahler,218791,30,49,2500,3049,97,9.7608779503223531,-1.879836868095385,9.7608779503223531,-3.4611016829085735,True,False,True,True,False,True
mahler,226533,31,6,350,3106,103,-1.9536383034715037,6.7672066184895199,-1.9536383034715037,6.7124336088674168,True,True,False,False,True,False
mahler,226533,31,7,400,3107,103,-1.6211411698979936,6.593797683267594,-1.6211411698979936,6.4982239185931503,True,True,False,False,True,False
mahler,226533,31,8,450,3108,103,-1.2886440363244835,6.4203887480456681,-1.2886440363244835,6.2840142283188847,True,True,False,False,True,False
mahler,226533,31,9,500,3109,103,-0.95614690275097347,6.2469798128237422,-0.95614690275097347,6.0698045380446182,True,True,False,False,True,False
mahler,226533,31,10,550,3110,103,-0.6236497691774634,6.0735708776018162,-0.6236497691774634,5.8555948477703543,True,True,False,False,True,False
mahler,226533,31,11,600,3111,103,-0.29115263560395332,5.9001619423798903,-0.29115263560395332,5.6413851574960914,True,True,False,False,True,False
mahler,226533,31,12,650,3112,103,0.041344497969556748,5.7267530071579644,0.041344497969556748,5.4271754672218249,True,True,False,False,True,False
mahler,226533,31,13,700,3113,103,0.37384163154306638,5.5533440719360394,0.37384163154306638,5.2129657769475584,True,True,False,False,True,False
mahler,226533,31,14,750,3114,103,0.70633876511657689,5.3799351367141126,0.70633876511657689,4.9987560866732936,True,True,False,False,True,False
mahler,226533,31,15,800,3115,103,1.0388358986900865,5.2065262014921876,1.0388358986900865,4.7845463963990298,True,True,False,False,True,False
mahler,226533,31,16,850,3116,103,1.371333032263597,5.0331172662702617,1.371333032263597,4.5703367061247633,True,True,False,False,True,False
mahler,226533,31,17,900,3117,103,1.7038301658371067,4.8597083310483358,1.7038301658371067,4.3561270158505003,True,True,False,False,True,False
mahler,226533,31,18,950,3118,103,2.0363272994106163,4.6862993958264099,2.0363272994106163,4.1419173255762347,True,True,False,False,True,False
mahler,226533,31,19,1000,3119,103,2.3688244329841268,4.512890460604484,2.3688244329841268,3.9277076353019691,True,True,False,False,True,False
mahler,226533,31,20,1050,3120,103,2.7013215665576364,4.339481525382558,2.7013215665576364,3.7134979450277044,True,True,False,False,True,False
mahler,226533,31,21,1100,3121,103,3.033818700131147,4.1660725901606321,3.033818700131147,3.4992882547534379,True,True,False,False,True,False
mahler,226533,31,22,1150,3122,103,3.3663158337046566,3.9926636549387067,3.3663158337046566,3.285078564479174,True,True,False,False,True,False
mahler,226533,31,23,1200,3123,103,3.6988129672781671,3.8192547197167803,3.6988129672781671,3.0708688742049071,True,True,False,False,True,False
mahler,226533,31,24,1250,3124,103,4.0313101008516776,3.6458457844948544,4.0313101008516776,2.8566591839306428,True,True,False,False,True,False
mahler,226533,31,25,1300,3125,103,4.3638072344251873,3.4724368492729289,4.3638072344251873,2.6424494936563776,True,True,False,False,True,False
mahler,226533,31,26,1350,3126,103,4.6963043679986969,3.2990279140510035,4.6963043679986969,2.4282398033821129,True,True,False,False,True,False
mahler,226533,31,27,1400,3127,103,5.0288015015722065,3.1256189788290776,5.0288015015722065,2.2140301131078486,True,True,False,False,True,False
mahler,226533,31,28,1450,3128,103,5.3612986351457161,2.9522100436071521,5.3612986351457161,1.999820422833583,True,False,False,False,True,False
mahler,226533,31,29,1500,3129,103,5.6937957687192275,2.7788011083852258,5.6937957687192275,1.7856107325593178,True,False,True,False,True,False
mahler,226533,31,30,1550,3130,103,6.0262929022927372,2.6053921731632999,6.0262929022927372,1.5714010422850517,True,False,True,False,True,False
mahler,226533,31,31,1600,3131,103,6.3587900358662468,2.4319832379413744,6.3587900358662468,1.3571913520107886,True,False,True,False,True,False
mahler,226533,31,32,1650,3132,103,6.6912871694397564,2.2585743027194489,6.6912871694397564,1.1429816617365223,True,False,True,False,True,False
mahler,226533,31,33,1700,3133,103,7.0237843030132678,2.0851653674975221,7.0237843030132678,0.92877197146225576,True,False,True,False,True,False
mahler,226533,31,34,1750,3134,103,7.3562814365867775,1.9117564322755967,7.3562814365867775,0.71456228118799214,True,False,True,False,True,False
mahler,226533,31,35,1800,3135,103,7.6887785701602871,1.7383474970536712,7.6887785701602871,0.50035259091372619,True,False,True,False,True,False
mahler,226533,31,36,1850,3136,103,8.0212757037337958,1.5649385618317462,8.0212757037337958,0.28614290063946274,True,False,True,False,True,False
mahler,226533,31,37,1900,3137,103,8.3537728373073072,1.3915296266098194,8.3537728373073072,0.071933210365196593,True,False,True,False,True,False
mahler,226533,31,38,1950,3138,103,8.6862699708808186,1.2181206913878926,8.6862699708808186,-0.14227647990906958,True,False,True,False,True,False
mahler,226533,31,39,2000,3139,103,9.0187671044543265,1.0447117561659685,9.0187671044543265,-0.35648617018333306,True,False,True,False,True,False
mahler,226533,31,40,2050,3140,103,9.3512642380278379,0.87130282094404166,9.3512642380278379,-0.57069586045759879,True,False,True,False,True,False
mahler,226533,31,41,2100,3141,103,9.6837613716013458,0.69789388572211664,9.6837613716013458,-0.78490555073186274,True,False,True,False,True,False
mahler,232533,32,6,350,3206,101,-1.7529615112266219,-0.63314632606429766,-1.7529615112266219,-0.62273197485200205,True,True,False,False,True,False
mahler,232533,32,7,400,3207,101,-1.4204643838561757,-0.80655526160073987,-1.4204643838561757,-0.7883949852452321,True,True,False,False,True,False
mahler,232533,32,8,450,3208,101,-1.0879672564857295,-0.97996419713718208,-1.0879672564857295,-0.95405799563846205,True,True,False,False,True,False
mahler,232533,32,9,500,3209,101,-0.75547012911528322,-1.1533731326736243,-0.75547012911528322,-1.1197210060316922,True,True,False,False,True,False
mahler,232533,32,10,550,3210,101,-0.42297300174483698,-1.3267820682100664,-0.42297300174483698,-1.2853840164249217,True,True,False,False,True,False
mahler,232533,32,11,600,3211,101,-0.090475874374390752,-1.5001910037465087,-0.090475874374390752,-1.4510470268181521,True,True,False,False,True,False
mahler,232533,32,12,650,3212,101,0.24202125299605548,-1.6735999392829508,0.24202125299605548,-1.6167100372113825,True,True,False,False,True,False
mahler,232533,32,13,700,3213,101,0.57451838036650127,-1.8470088748193927,0.57451838036650127,-1.782373047604612,True,True,False,False,True,False
mahler,232533,32,14,750,3214,101,0.90701550773694795,-2.020417810355835,0.90701550773694795,-1.9480360579978424,True,True,False,False,True,False
mahler,232533,32,15,800,3215,101,1.2395126351073937,-2.1938267458922773,1.2395126351073937,-2.1136990683910724,True,True,False,False,True,False
mahler,232533,32,16,850,3216,101,1.5720097624778395,-2.3672356814287192,1.5720097624778395,-2.2793620787843016,True,True,False,False,True,False
mahler,232533,32,17,900,3217,101,1.9045068898482862,-2.5406446169651615,1.9045068898482862,-2.4450250891775323,True,True,False,False,True,False
mahler,232533,32,18,950,3218,101,2.237004017218732,-2.7140535525016034,2.237004017218732,-2.6106880995707615,True,True,False,False,True,False
mahler,232533,32,19,1000,3219,101,2.5695011445891787,-2.8874624880380457,2.5695011445891787,-2.7763511099639935,True,True,False,False,True,False
mahler,232533,32,20,1050,3220,101,2.9019982719596245,-3.060871423574488,2.9019982719596245,-2.9420141203572223,True,True,False,False,True,False
mahler,232533,32,21,1100,3221,101,3.2344953993300711,-3.2342803591109304,3.2344953993300711,-3.1076771307504529,True,True,False,False,True,False
mahler,232533,32,22,1150,3222,101,3.5669925267005169,-3.4076892946473722,3.5669925267005169,-3.2733401411436818,True,True,False,False,True,False
mahler,232533,32,23,1200,3223,101,3.8994896540709636,-3.581098230183815,3.8994896540709636,-3.4390031515369133,True,True,False,False,True,False
mahler,232533,32,24,1250,3224,101,4.2319867814414094,-3.7545071657202564,4.2319867814414094,-3.6046661619301426,True,True,False,False,True,False
mahler,232533,32,25,1300,3225,101,4.5644839088118561,-3.9279161012566988,4.5644839088118561,-3.7703291723233718,True,True,False,False,True,False
mahler,232533,32,26,1350,3226,101,4.896981036182301,-4.1013250367931402,4.896981036182301,-3.9359921827166029,True,True,False,False,True,False
mahler,232533,32,27,1400,3227,101,5.2294781635527476,-4.2747339723295834,5.2294781635527476,-4.1016551931098322,True,False,False,False,True,False
mahler,232533,32,28,1450,3228,101,5.5619752909231943,-4.4481429078660257,5.5619752909231943,-4.2673182035030628,True,False,True,False,True,False
mahler,232533,32,29,1500,3229,101,5.894472418293641,-4.6215518434024681,5.894472418293641,-4.4329812138962943,True,False,True,False,True,False
mahler,232533,32,30,1550,3230,101,6.2269695456640859,-4.7949607789389095,6.2269695456640859,-4.598644224289524,True,False,True,False,True,False
mahler,232533,32,31,1600,3231,101,6.5594666730345326,-4.9683697144753518,6.5594666730345326,-4.7643072346827529,True,False,True,False,True,False
mahler,232533,32,32,1650,3232,101,6.8919638004049792,-5.1417786500117941,6.8919638004049792,-4.9299702450759835,True,False,True,False,True,False
mahler,232533,32,33,1700,3233,101,7.2244609277754241,-5.3151875855482356,7.2244609277754241,-5.0956332554692123,True,False,True,False,True,False
mahler,232533,32,34,1750,3234,101,7.5569580551458708,-5.4885965210846779,7.5569580551458708,-5.2612962658624429,True,False,True,False,True,False
mahler,232533,32,35,1800,3235,101,7.8894551825163175,-5.6620054566211211,7.8894551825163175,-5.4269592762556718,True,False,True,False,True,False
mahler,232533,32,36,1850,3236,101,8.2219523098867633,-5.8354143921575625,8.2219523098867633,-5.5926222866489033,True,False,True,False,True,False
mahler,232533,32,37,1900,3237,101,8.5544494372572082,-6.008823327694004,8.5544494372572082,-5.758285297042133,True,False,True,False,True,False
mahler,232533,32,38,1950,3238,101,8.8869465646276566,-6.1822322632304481,8.8869465646276566,-5.9239483074353627,True,False,True,False,True,False
mahler,232533,32,39,2000,3239,101,9.2194436919981015,-6.3556411987668895,9.2194436919981015,-6.0896113178285933,True,False,True,False,True,False
mahler,232533,32,40,2050,3240,101,9.55194081936855,-6.5290501343033327,9.55194081936855,-6.2552743282218248,True,False,True,False,True,False
mahler,232533,32,41,2100,3241,101,9.8844379467389949,-6.7024590698397741,9.8844379467389949,-6.4209373386150537,True,False,True,False,True,False
mahler,241919,33,6,350,3306,80,-1.6716009176886752,-2.3505971907267047,-1.6716009176886752,-2.3505971907267051,True,True,False,True,False,False
mahler,241919,33,7,400,3307,80,-1.4138797570687367,-2.6257390505314193,-1.4138797570687367,-2.6257390505314189,True,True,False,True,False,False
mahler,241919,33,8,450,3308,80,-1.1561585964487979,-2.9008809103361344,-1.1561585964487979,-2.9008809103361344,True,True,False,True,False,False
mahler,241919,33,9,500,3309,80,-0.8984374358288596,-3.176022770140849,-0.8984374358288596,-3.1760227701408494,True,True,False,True,False,False
mahler,241919,33,10,550,3310,80,-0.64071627520892083,-3.4511646299455636,-0.64071627520892083,-3.4511646299455636,True,True,False,True,False,False
mahler,241919,33,11,600,3311,80,-0.38299511458898206,-3.7263064897502787,-0.38299511458898206,-3.7263064897502787,True,True,False,True,False,False
mahler,241919,33,12,650,3312,80,-0.12527395396904373,-4.0014483495549928,-0.12527395396904373,-4.001448349554992,True,True,False,True,False,False
mahler,241919,33,13,700,3313,80,0.13244720665089504,-4.2765902093597079,0.13244720665089504,-4.2765902093597088,True,True,False,True,False,False
mahler,241919,33,14,750,3314,80,0.39016836727083337,-4.551732069164423,0.39016836727083337,-4.551732069164423,True,True,False,True,False,False
mahler,241919,33,15,800,3315,80,0.64788952789077214,-4.826873928969138,0.64788952789077214,-4.8268739289691371,True,True,False,True,False,False
mahler,241919,33,16,850,3316,80,0.90561068851071092,-5.1020157887738531,0.90561068851071092,-5.102015788773854,True,True,False,True,False,False
mahler,241919,33,17,900,3317,80,1.1633318491306497,-5.3771576485785673,1.1633318491306497,-5.3771576485785673,True,True,False,True,False,False
mahler,241919,33,18,950,3318,80,1.4210530097505885,-5.6522995083832823,1.4210530097505885,-5.6522995083832814,True,True,False,True,False,False
mahler,241919,33,19,1000,3319,80,1.6787741703705263,-5.9274413681879965,1.6787741703705263,-5.9274413681879974,True,True,False,True,False,False
mahler,241919,33,20,1050,3320,80,1.9364953309904651,-6.2025832279927116,1.9364953309904651,-6.2025832279927116,True,True,False,True,False,False
mahler,241919,33,21,1100,3321,80,2.1942164916104039,-6.4777250877974266,2.1942164916104039,-6.4777250877974257,True,True,False,True,False,False
mahler,241919,33,22,1150,3322,80,2.4519376522303427,-6.7528669476021417,2.4519376522303427,-6.7528669476021417,True,True,False,True,False,False
mahler,241919,33,23,1200,3323,80,2.7096588128502814,-7.0280088074068559,2.7096588128502814,-7.0280088074068559,True,True,False,True,False,False
mahler,241919,33,24,1250,3324,80,2.9673799734702193,-7.30315066721157,2.9673799734702193,-7.30315066721157,True,True,False,True,False,False
mahler,241919,33,25,1300,3325,80,3.2251011340901581,-7.5782925270162851,3.2251011340901581,-7.578292527016286,True,True,False,True,False,False
mahler,241919,33,26,1350,3326,80,3.4828222947100969,-7.8534343868210001,3.4828222947100969,-7.8534343868209984,True,True,False,True,False,False
mahler,241919,33,27,1400,3327,80,3.7405434553300356,-8.1285762466257161,3.7405434553300356,-8.1285762466257143,True,True,False,True,False,False
mahler,241919,33,28,1450,3328,80,3.9982646159499744,-8.4037181064304303,3.9982646159499744,-8.4037181064304303,True,True,False,True,False,False
mahler,241919,33,29,1500,3329,80,4.2559857765699123,-8.6788599662351444,4.2559857765699123,-8.6788599662351427,True,True,False,True,False,False
mahler,241919,33,30,1550,3330,80,4.5137069371898511,-8.9540018260398604,4.5137069371898511,-8.9540018260398586,True,True,False,True,False,False
mahler,241919,33,31,1600,3331,80,4.7714280978097898,-9.2291436858445728,4.7714280978097898,-9.2291436858445746,True,True,False,True,False,False
mahler,241919,33,32,1650,3332,80,5.0291492584297286,-9.5042855456492887,5.0291492584297286,-9.504285545649287,True,True,False,True,False,False
mahler,241919,33,33,1700,3333,80,5.2868704190496674,-9.7794274054540047,5.2868704190496674,-9.7794274054540029,True,False,False,True,False,False
mahler,241919,33,34,1750,3334,80,5.5445915796696061,-9.6431296935833153,5.5445915796696061,-9.7049117585164346,True,False,True,True,False,True
mahler,241919,33,35,1800,3335,80,5.8023127402895449,-9.3762516354583632,5.8023127402895449,-9.5194238049655553,True,False,True,True,False,True
mahler,241919,33,36,1850,3336,80,6.0600339009094837,-9.109373577333411,6.0600339009094837,-9.3339358514146795,True,False,True,True,False,True
mahler,241919,33,37,1900,3337,80,6.3177550615294225,-8.8424955192084589,6.3177550615294225,-9.148447897863802,True,False,True,True,False,True
mahler,241919,33,38,1950,3338,80,6.5754762221493595,-8.5756174610835103,6.5754762221493595,-8.962959944312928,True,False,True,True,False,True
mahler,241919,33,39,2000,3339,80,6.8331973827692982,-8.3087394029585582,6.8331973827692982,-8.7774719907620504,True,False,True,True,False,True
mahler,241919,33,40,2050,3340,80,7.090918543389237,-8.041861344833606,7.090918543389237,-8.5919840372111729,True,False,True,True,False,True
mahler,241919,33,41,2100,3341,80,7.3486397040091758,-7.7749832867086548,7.3486397040091758,-8.4064960836602971,True,False,True,True,False,True
mahler,241919,33,42,2150,3342,80,7.6063608646291145,-7.5081052285837035,7.6063608646291145,-8.2210081301094196,True,False,True,True,False,True
mahler,241919,33,43,2200,3343,80,7.8640820252490533,-7.2412271704587514,7.8640820252490533,-8.0355201765585438,True,False,True,True,False,True
mahler,241919,33,44,2250,3344,80,8.1218031858689912,-6.9743491123338011,8.1218031858689912,-7.850032223007668,True,False,True,True,False,True
mahler,241919,33,45,2300,3345,80,8.3795243464889317,-6.7074710542088471,8.3795243464889317,-7.6645442694567887,True,False,True,True,False,True
mahler,241919,33,46,2350,3346,80,8.6372455071088687,-6.4405929960838968,8.6372455071088687,-7.4790563159059129,True,False,True,True,False,True
mahler,241919,33,47,2400,3347,80,8.8949666677288093,-6.1737149379589447,8.8949666677288093,-7.2935683623550362,True,False,True,True,False,True
mahler,241919,33,48,2450,3348,80,9.1526878283487463,-5.9068368798339943,9.1526878283487463,-7.1080804088041605,True,False,True,True,False,True
mahler,241919,33,49,2500,3349,80,9.4104089889686833,-5.6399588217090439,9.4104089889686833,-6.9225924552532847,True,False,True,True,False,True
mahler,241919,33,50,2550,3350,80,9.6681301495886238,-5.37308076358409,9.6681301495886238,-6.7371045017024072,True,False,True,True,False,True
mahler,241919,33,51,2600,3351,80,9.9258513102085608,-5.1062027054591415,9.9258513102085608,-6.5516165481515305,True,False,True,True,False,True
mahler,242380,34,6,350,3406,93,-1.6443439352124258,-1.0450930338365396,-1.6443439352124258,-1.0450930338365396,True,True,False,True,False,False
mahler,242380,34,7,400,3407,93,-1.3788447519595599,-0.78015305299615956,-1.3788447519595599,-0.78015305299615945,True,True,False,True,False,False
mahler,242380,34,8,450,3408,93,-1.1133455687066935,-0.51521307215577883,-1.1133455687066935,-0.51521307215577905,True,True,False,True,False,False
mahler,242380,34,9,500,3409,93,-0.84784638545382718,-0.25027309131539832,-0.84784638545382718,-0.25027309131539838,True,True,False,True,False,False
mahler,242380,34,10,550,3410,93,-0.58234720220096126,0.014666889524981963,-0.58234720220096126,0.014666889524981963,True,True,False,True,False,False
mahler,242380,34,11,600,3411,93,-0.31684801894809489,0.27960687036536253,-0.31684801894809489,0.27960687036536258,True,True,False,True,False,False
mahler,242380,34,12,650,3412,93,-0.051348835695228967,0.54454685120574275,-0.051348835695228967,0.54454685120574287,True,True,False,True,False,False
mahler,242380,34,13,700,3413,93,0.2141503475576374,0.80948683204612337,0.2141503475576374,0.80948683204612326,True,True,False,True,False,False
mahler,242380,34,14,750,3414,93,0.47964953081050332,1.0744268128865035,0.47964953081050332,1.0744268128865033,True,True,False,True,False,False
mahler,242380,34,15,800,3415,93,0.74514871406336924,1.3393667937268838,0.74514871406336924,1.3393667937268834,True,True,False,True,False,False
mahler,242380,34,16,850,3416,93,1.0106478973162356,1.6043067745672643,1.0106478973162356,1.604306774567265,True,True,False,True,False,False
mahler,242380,34,17,900,3417,93,1.276147080569102,1.8692467554076448,1.276147080569102,1.8692467554076455,True,True,False,True,False,False
mahler,242380,34,18,950,3418,93,1.5416462638219683,2.1341867362480258,1.5416462638219683,2.1341867362480249,True,True,False,True,False,False
mahler,242380,34,19,1000,3419,93,1.8071454470748347,2.3991267170884063,1.8071454470748347,2.3991267170884063,True,True,False,True,False,False
mahler,242380,34,20,1050,3420,93,2.0726446303277002,2.6640666979287859,2.0726446303277002,2.6640666979287846,True,True,False,True,False,False
mahler,242380,34,21,1100,3421,93,2.3381438135805666,2.9290066787691664,2.3381438135805666,2.9290066787691655,True,True,False,True,False,False
mahler,242380,34,22,1150,3422,93,2.6036429968334329,3.1939466596095469,2.6036429968334329,3.1939466596095469,True,True,False,True,False,False
mahler,242380,34,23,1200,3423,93,2.8691421800862993,3.4588866404499274,2.8691421800862993,3.4588866404499261,True,True,False,True,False,False
mahler,242380,34,24,1250,3424,93,3.1346413633391648,3.7238266212903079,3.1346413633391648,3.7238266212903075,True,True,False,True,False,False
mahler,242380,34,25,1300,3425,93,3.4001405465920311,3.9887666021306885,3.4001405465920311,3.988766602130688,True,True,False,True,False,False
mahler,242380,34,26,1350,3426,93,3.6656397298448975,4.253706582971069,3.6656397298448975,4.253706582971069,True,True,False,True,False,False
mahler,242380,34,27,1400,3427,93,3.9311389130977639,4.5186465638114495,3.9311389130977639,4.5186465638114504,True,True,False,True,False,False
mahler,242380,34,28,1450,3428,93,4.1966380963506289,4.7835865446518291,4.1966380963506289,4.7835865446518282,True,True,False,True,False,False
mahler,242380,34,29,1500,3429,93,4.4621372796034962,5.0485265254922105,4.4621372796034962,5.0485265254922096,True,True,False,True,False,False
mahler,242380,34,30,1550,3430,93,4.7276364628563616,5.3134665063325901,4.7276364628563616,5.3134665063325892,True,True,False,True,False,False
mahler,242380,34,31,1600,3431,93,4.9931356461092271,5.5784064871729697,4.9931356461092271,5.5784064871729697,True,True,False,True,False,False
mahler,242380,34,32,1650,3432,93,5.2586348293620944,5.8433464680133511,5.2586348293620944,5.8433464680133511,True,False,False,True,False,False
mahler,242380,34,33,1700,3433,93,5.5241340126149598,6.1082864488537307,5.5241340126149598,6.1082864488537316,True,False,True,True,False,False
mahler,242380,34,34,1750,3434,93,5.7896331958678271,6.373226429694113,5.7896331958678271,6.373226429694113,True,False,True,True,False,False
mahler,242380,34,35,1800,3435,93,6.0551323791206926,6.6381664105344926,6.0551323791206926,6.6381664105344944,True,False,True,True,False,False
mahler,242380,34,36,1850,3436,93,6.3206315623735581,6.9031063913748723,6.3206315623735581,6.9031063913748714,True,False,True,True,False,False
mahler,242380,34,37,1900,3437,93,6.5861307456264253,7.1680463722152536,6.5861307456264253,7.1680463722152545,True,False,True,True,False,False
mahler,242380,34,38,1950,3438,93,6.8516299288792908,7.4329863530556333,6.8516299288792908,7.4329863530556342,True,False,True,True,False,False
mahler,242380,34,39,2000,3439,93,7.117129112132158,7.6979263338960147,7.117129112132158,7.6979263338960155,True,False,True,True,False,False
mahler,242380,34,40,2050,3440,93,7.3826282953850235,7.9628663147363943,7.3826282953850235,7.9628663147363934,True,False,True,True,False,False
mahler,242380,34,41,2100,3441,93,7.648127478637889,8.227806295576773,7.648127478637889,8.2278062955767712,True,False,True,True,False,False
mahler,242380,34,42,2150,3442,93,7.9136266618907563,8.4927462764171562,7.9136266618907563,8.4927462764171544,True,False,True,True,False,False
mahler,242380,34,43,2200,3443,93,8.1791258451436217,8.757686257257534,8.1791258451436217,8.757686257257534,True,False,True,True,False,False
mahler,242380,34,44,2250,3444,93,8.4446250283964872,9.0226262380979136,8.4446250283964872,9.0226262380979136,True,False,True,True,False,False
mahler,242380,34,45,2300,3445,93,8.7101242116493545,9.2875662189382968,8.7101242116493545,9.2875662189382968,True,False,True,True,False,False
mahler,242380,34,46,2350,3446,93,8.9756233949022199,9.5525061997786764,8.9756233949022199,9.5525061997786764,True,False,True,True,False,False
mahler,242380,34,47,2400,3447,93,9.2411225781550872,9.8174461806190578,9.2411225781550872,9.8174461806190578,True,False,True,True,False,False
mahler,242380,34,48,2450,3448,93,9.5066217614079527,9.5662829648605694,9.5066217614079527,8.7824113062791973,True,False,True,True,False,True
mahler,242380,34,49,2500,3449,93,9.7721209446608182,9.3013429840201898,9.7721209446608182,7.7126751390386001,True,False,True,True,False,True
mahler,244437,35,6,350,3506,97,-1.5574898077436212,2.2403641973786623,-1.5574898077436212,2.1724155047199649,True,True,False,False,True,False
mahler,244437,35,7,400,3507,97,-1.2279648260749108,2.4193566316446531,-1.2279648260749108,2.300808515833547,True,True,False,False,True,False
mahler,244437,35,8,450,3508,97,-0.89843984440620028,2.5983490659106439,-0.89843984440620028,2.4292015269471303,True,True,False,False,True,False
mahler,244437,35,9,500,3509,97,-0.56891486273748981,2.7773415001766346,-0.56891486273748981,2.5575945380607124,True,True,False,False,True,False
mahler,244437,35,10,550,3510,97,-0.23938988106877934,2.9563339344426254,-0.23938988106877934,2.6859875491742953,True,True,False,False,True,False
mahler,244437,35,11,600,3511,97,0.090135100599931128,3.1353263687086161,0.090135100599931128,2.8143805602878769,True,True,False,False,True,False
mahler,244437,35,12,650,3512,97,0.4196600822686416,3.3143188029746069,0.4196600822686416,2.9427735714014602,True,True,False,False,True,False
mahler,244437,35,13,700,3513,97,0.74918506393735163,3.4933112372405972,0.74918506393735163,3.0711665825150423,True,True,False,False,True,False
mahler,244437,35,14,750,3514,97,1.0787100456060625,3.6723036715065884,1.0787100456060625,3.1995595936286252,True,True,False,False,True,False
mahler,244437,35,15,800,3515,97,1.4082350272747726,3.8512961057725787,1.4082350272747726,3.3279526047422077,True,True,False,False,True,False
mahler,244437,35,16,850,3516,97,1.7377600089434835,4.03028854003857,1.7377600089434835,3.4563456158557901,True,True,False,False,True,False
mahler,244437,35,17,900,3517,97,2.0672849906121935,4.2092809743045603,2.0672849906121935,3.5847386269693731,True,True,False,False,True,False
mahler,244437,35,18,950,3518,97,2.3968099722809044,4.3882734085705515,2.3968099722809044,3.7131316380829555,True,True,False,False,True,False
mahler,244437,35,19,1000,3519,97,2.7263349539496144,4.5672658428365418,2.7263349539496144,3.8415246491965385,True,True,False,False,True,False
mahler,244437,35,20,1050,3520,97,3.0558599356183254,4.746258277102533,3.0558599356183254,3.9699176603101205,True,True,False,False,True,False
mahler,244437,35,21,1100,3521,97,3.3853849172870354,4.9252507113685233,3.3853849172870354,4.098310671423703,True,True,False,False,True,False
mahler,244437,35,22,1150,3522,97,3.7149098989557463,5.1042431456345145,3.7149098989557463,4.226703682537285,True,True,False,False,True,False
mahler,244437,35,23,1200,3523,97,4.0444348806244559,5.283235579900504,4.0444348806244559,4.355096693650867,True,True,False,False,True,False
mahler,244437,35,24,1250,3524,97,4.3739598622931677,5.4622280141664961,4.3739598622931677,4.4834897047644509,True,True,False,False,True,False
mahler,244437,35,25,1300,3525,97,4.7034848439618777,5.6412204484324864,4.7034848439618777,4.6118827158780329,True,True,False,False,True,False
mahler,244437,35,26,1350,3526,97,5.0330098256305877,5.8202128826984776,5.0330098256305877,4.7402757269916149,True,True,False,False,True,False
mahler,244437,35,27,1400,3527,97,5.3625348072992978,5.999205316964467,5.3625348072992978,4.8686687381051978,True,False,False,False,True,False
mahler,244437,35,28,1450,3528,97,5.6920597889680096,6.1781977512304591,5.6920597889680096,4.9970617492187817,True,False,True,False,True,False
mahler,244437,35,29,1500,3529,97,6.0215847706367196,6.3571901854964494,6.0215847706367196,5.1254547603323637,True,False,True,False,True,False
mahler,244437,35,30,1550,3530,97,6.3511097523054296,6.5361826197624397,6.3511097523054296,5.2538477714459457,True,False,True,False,True,False
mahler,244437,35,31,1600,3531,97,6.6806347339741396,6.7151750540284301,6.6806347339741396,5.3822407825595286,True,False,True,False,True,False
mahler,244437,35,32,1650,3532,97,7.0101597156428515,6.8941674882944213,7.0101597156428515,5.5106337936731116,True,False,True,False,True,False
mahler,244437,35,33,1700,3533,97,7.3396846973115615,7.0731599225604125,7.3396846973115615,5.6390268047866927,True,False,True,False,True,False
mahler,244437,35,34,1750,3534,97,7.6692096789802715,7.2521523568264037,7.6692096789802715,5.7674198159002765,True,False,True,False,True,False
mahler,244437,35,35,1800,3535,97,7.9987346606489815,7.4311447910923931,7.9987346606489815,5.8958128270138594,True,False,True,False,True,False
mahler,244437,35,36,1850,3536,97,8.3282596423176916,7.6101372253583843,8.3282596423176916,6.0242058381274415,True,False,True,False,True,False
mahler,244437,35,37,1900,3537,97,8.6577846239864034,7.7891296596243755,8.6577846239864034,6.1525988492410235,True,False,True,False,True,False
mahler,244437,35,38,1950,3538,97,8.9873096056551134,7.9681220938903667,8.9873096056551134,6.2809918603546064,True,False,True,False,True,False
mahler,244437,35,39,2000,3539,97,9.3168345873238234,8.1471145281563562,9.3168345873238234,6.4093848714681876,True,False,True,False,True,False
mahler,244437,35,40,2050,3540,97,9.6463595689925334,8.3261069624223474,9.6463595689925334,6.5377778825817696,True,False,True,False,True,False
mahler,244437,35,41,2100,3541,97,9.9758845506612452,8.5050993966883386,9.9758845506612452,6.6661708936953534,True,False,True,False,True,False
mahler,245662,36,6,350,3606,95,-1.6925152840262279,4.3513034874704655,-1.6925152840262279,4.3513034874704681,True,True,False,True,False,False
mahler,245662,36,7,400,3607,95,-1.4431140772904167,4.6362460538397681,-1.4431140772904167,4.6362460538397707,True,True,False,True,False,False
mahler,245662,36,8,450,3608,95,-1.1937128705546054,4.9211886202090698,-1.1937128705546054,4.9211886202090716,True,True,False,True,False,False
mahler,245662,36,9,500,3609,95,-0.9443116638187945,5.2061311865783715,-0.9443116638187945,5.2061311865783724,True,True,False,True,False,False
mahler,245662,36,10,550,3610,95,-0.6949104570829836,5.4910737529476723,-0.6949104570829836,5.4910737529476723,True,True,False,True,False,False
mahler,245662,36,11,600,3611,95,-0.44550925034717226,5.776016319316974,-0.44550925034717226,5.7760163193169776,True,True,False,True,False,False
mahler,245662,36,12,650,3612,95,-0.19610804361136136,6.0609588856862757,-0.19610804361136136,6.0609588856862793,True,True,False,True,False,False
mahler,245662,36,13,700,3613,95,0.053293163124449539,6.3459014520555774,0.053293163124449539,6.3459014520555801,True,True,False,True,False,False
mahler,245662,36,14,750,3614,95,0.30269436986026088,6.6308440184248791,0.30269436986026088,6.6308440184248818,True,True,False,True,False,False
mahler,245662,36,15,800,3615,95,0.55209557659607178,6.91578658479418,0.55209557659607178,6.91578658479418,True,True,False,True,False,False
mahler,245662,36,16,850,3616,95,0.80149678333188312,7.2007291511634826,0.80149678333188312,7.2007291511634861,True,True,False,True,False,False
mahler,245662,36,17,900,3617,95,1.0508979900676945,7.4856717175327843,1.0508979900676945,7.4856717175327843,True,True,False,True,False,False
mahler,245662,36,18,950,3618,95,1.3002991968035049,7.7706142839020851,1.3002991968035049,7.7706142839020869,True,True,False,True,False,False
mahler,245662,36,19,1000,3619,95,1.5497004035393163,8.0555568502713868,1.5497004035393163,8.0555568502713868,True,True,False,True,False,False
mahler,245662,36,20,1050,3620,95,1.7991016102751276,8.3404994166406894,1.7991016102751276,8.3404994166406876,True,True,False,True,False,False
mahler,245662,36,21,1100,3621,95,2.0485028170109381,8.6254419830099902,2.0485028170109381,8.6254419830099902,True,True,False,True,False,False
mahler,245662,36,22,1150,3622,95,2.2979040237467494,8.910384549379291,2.2979040237467494,8.9103845493792875,True,True,False,True,False,False
mahler,245662,36,23,1200,3623,95,2.5473052304825607,9.1953271157485936,2.5473052304825607,9.1953271157485936,True,True,False,True,False,False
mahler,245662,36,24,1250,3624,95,2.7967064372183712,9.4802696821178944,2.7967064372183712,9.4802696821178909,True,True,False,True,False,False
mahler,245662,36,25,1300,3625,95,3.0461076439541825,9.765212248487197,3.0461076439541825,9.7652122484871953,True,True,False,True,False,False
mahler,245662,36,26,1350,3626,95,3.2955088506899939,9.6193313532036058,3.2955088506899939,9.6822275676318359,True,True,False,True,False,True
mahler,245662,36,27,1400,3627,95,3.5449100574258043,9.3423432457152149,3.5449100574258043,9.4872761069434013,True,True,False,True,False,True
mahler,245662,36,28,1450,3628,95,3.7943112641616157,9.065355138226824,3.7943112641616157,9.2923246462549649,True,True,False,True,False,True
mahler,245662,36,29,1500,3629,95,4.043712470897427,8.7883670307384314,4.043712470897427,9.0973731855665338,True,True,False,True,False,True
mahler,245662,36,30,1550,3630,95,4.2931136776332384,8.5113789232500405,4.2931136776332384,8.902421724878101,True,True,False,True,False,True
mahler,245662,36,31,1600,3631,95,4.5425148843690488,8.2343908157616497,4.5425148843690488,8.7074702641896664,True,True,False,True,False,True
mahler,245662,36,32,1650,3632,95,4.7919160911048602,7.9574027082732588,4.7919160911048602,8.5125188035012318,True,True,False,True,False,True
mahler,245662,36,33,1700,3633,95,5.0413172978406715,7.6804146007848679,5.0413172978406715,8.3175673428127972,True,True,False,True,False,True
mahler,245662,36,34,1750,3634,95,5.2907185045764829,7.4034264932964762,5.2907185045764829,8.1226158821243626,True,False,False,True,False,True
mahler,245662,36,35,1800,3635,95,5.5401197113122942,7.1264383858080853,5.5401197113122942,7.927664421435928,True,False,True,True,False,True
mahler,245662,36,36,1850,3636,95,5.7895209180481038,6.8494502783196953,5.7895209180481038,7.7327129607474969,True,False,True,True,False,True
mahler,245662,36,37,1900,3637,95,6.0389221247839151,6.5724621708313045,6.0389221247839151,7.5377615000590632,True,False,True,True,False,True
mahler,245662,36,38,1950,3638,95,6.2883233315197264,6.2954740633429127,6.2883233315197264,7.3428100393706277,True,False,True,True,False,True
mahler,245662,36,39,2000,3639,95,6.5377245382555378,6.0184859558545218,6.5377245382555378,7.147858578682194,True,False,True,True,False,True
mahler,245662,36,40,2050,3640,95,6.7871257449913491,5.7414978483661301,6.7871257449913491,6.9529071179937594,True,False,True,True,False,True
mahler,245662,36,41,2100,3641,95,7.0365269517271605,5.4645097408777392,7.0365269517271605,6.7579556573053265,True,False,True,True,False,True
mahler,245662,36,42,2150,3642,95,7.28592815846297,5.1875216333893501,7.28592815846297,6.5630041966168946,True,False,True,True,False,True
mahler,245662,36,43,2200,3643,95,7.5353293651987814,4.9105335259009593,7.5353293651987814,6.3680527359284609,True,False,True,True,False,True
mahler,245662,36,44,2250,3644,95,7.7847305719345927,4.6335454184125666,7.7847305719345927,6.1731012752400263,True,False,True,True,False,True
mahler,245662,36,45,2300,3645,95,8.0341317786704032,4.3565573109241775,8.0341317786704032,5.9781498145515908,True,False,True,True,False,True
mahler,245662,36,46,2350,3646,95,8.2835329854062145,4.0795692034357849,8.2835329854062145,5.7831983538631571,True,False,True,True,False,True
mahler,245662,36,47,2400,3647,95,8.5329341921420259,3.802581095947394,8.5329341921420259,5.5882468931747233,True,False,True,True,False,True
mahler,245662,36,48,2450,3648,95,8.7823353988778372,3.5255929884590032,8.7823353988778372,5.3932954324862878,True,False,True,True,False,True
mahler,245662,36,49,2500,3649,95,9.0317366056136485,3.2486048809706123,9.0317366056136485,5.198343971797855,True,False,True,True,False,True
mahler,245662,36,50,2550,3650,95,9.2811378123494599,2.9716167734822196,9.2811378123494599,5.0033925111094213,True,False,True,True,False,True
mahler,245662,36,51,2600,3651,95,9.5305390190852712,2.6946286659938288,9.5305390190852712,4.8084410504209867,True,False,True,True,False,True
mahler,245662,36,52,2650,3652,95,9.7799402258210826,2.4176405585054379,9.7799402258210826,4.6134895897325521,True,False,True,True,False,True
mahler,248856,37,6,350,3706,88,-1.3119645081715063,-7.8230638204839309,-1.3119645081715063,-7.9336168532298075,True,True,False,False,True,False
mahler,248856,37,7,400,3707,88,-0.94868323201185678,-7.3936072299593274,-0.94868323201185678,-7.5864530350754311,True,True,False,False,True,False
mahler,248856,37,8,450,3708,88,-0.58540195585220767,-6.9641506394347239,-0.58540195585220767,-7.2392892169210548,True,True,False,False,True,False
mahler,248856,37,9,500,3709,88,-0.22212067969255811,-6.5346940489101204,-0.22212067969255811,-6.8921253987666775,True,True,False,False,True,False
mahler,248856,37,10,550,3710,88,0.14116059646709145,-6.1052374583855169,0.14116059646709145,-6.5449615806123003,True,True,False,False,True,False
mahler,248856,37,11,600,3711,88,0.50444187262674056,-5.6757808678609134,0.50444187262674056,-6.1977977624579239,True,True,False,False,True,False
mahler,248856,37,12,650,3712,88,0.86772314878639012,-5.2463242773363099,0.86772314878639012,-5.8506339443035476,True,True,False,False,True,False
mahler,248856,37,13,700,3713,88,1.2310044249460397,-4.8168676868117064,1.2310044249460397,-5.5034701261491703,True,True,False,False,True,False
mahler,248856,37,14,750,3714,88,1.5942857011056892,-4.387411096287102,1.5942857011056892,-5.1563063079947939,True,True,False,False,True,False
mahler,248856,37,15,800,3715,88,1.9575669772653388,-3.9579545057624985,1.9575669772653388,-4.8091424898404158,True,True,False,False,True,False
mahler,248856,37,16,850,3716,88,2.3208482534249875,-3.5284979152378959,2.3208482534249875,-4.4619786716860403,True,True,False,False,True,False
mahler,248856,37,17,900,3717,88,2.684129529584637,-3.0990413247132924,2.684129529584637,-4.1148148535316631,True,True,False,False,True,False
mahler,248856,37,18,950,3718,88,3.0474108057442866,-2.6695847341886885,3.0474108057442866,-3.7676510353772859,True,True,False,False,True,False
mahler,248856,37,19,1000,3719,88,3.4106920819039361,-2.2401281436640845,3.4106920819039361,-3.420487217222909,True,True,False,False,True,False
mahler,248856,37,20,1050,3720,88,3.7739733580635857,-1.810671553139481,3.7739733580635857,-3.0733233990685331,True,True,False,False,True,False
mahler,248856,37,21,1100,3721,88,4.1372546342232353,-1.3812149626148775,4.1372546342232353,-2.7261595809141554,True,True,False,False,True,False
mahler,248856,37,22,1150,3722,88,4.5005359103828848,-0.95175837209027403,4.5005359103828848,-2.3789957627597782,True,True,False,False,True,False
mahler,248856,37,23,1200,3723,88,4.8638171865425335,-0.52230178156567053,4.8638171865425335,-2.0318319446054023,True,True,False,False,True,False
mahler,248856,37,24,1250,3724,88,5.2270984627021839,-0.092845191041066144,5.2270984627021839,-1.6846681264510246,True,False,False,False,True,False
mahler,248856,37,25,1300,3725,88,5.5903797388618326,0.33661139948353647,5.5903797388618326,-1.3375043082966487,True,False,True,False,True,False
mahler,248856,37,26,1350,3726,88,5.9536610150214813,0.76606799000813908,5.9536610150214813,-0.99034049014227277,True,False,True,False,True,False
mahler,248856,37,27,1400,3727,88,6.3169422911811317,1.1955245805327444,6.3169422911811317,-0.64317667198789297,True,False,True,False,True,False
mahler,248856,37,28,1450,3728,88,6.6802235673407804,1.624981171057347,6.6802235673407804,-0.29601285383351689,True,False,True,False,True,False
mahler,248856,37,29,1500,3729,88,7.0435048435004308,2.0544377615819522,7.0435048435004308,0.051150964320860436,True,False,True,False,True,False
mahler,248856,37,30,1550,3730,88,7.4067861196600795,2.483894352106554,7.4067861196600795,0.39831478247523661,True,False,True,False,True,False
mahler,248856,37,31,1600,3731,88,7.7700673958197299,2.9133509426311592,7.7700673958197299,0.7454786006296138,True,False,True,False,True,False
mahler,248856,37,32,1650,3732,88,8.1333486719793786,3.342807533155761,8.1333486719793786,1.0926424187839912,True,False,True,False,True,False
mahler,248856,37,33,1700,3733,88,8.4966299481390273,3.7722641236803645,8.4966299481390273,1.4398062369383673,True,False,True,False,True,False
mahler,248856,37,34,1750,3734,88,8.8599112242986777,4.2017207142049697,8.8599112242986777,1.7869700550927448,True,False,True,False,True,False
mahler,248856,37,35,1800,3735,88,9.2231925004583264,4.6311773047295715,9.2231925004583264,2.1341338732471211,True,False,True,False,True,False
mahler,248856,37,36,1850,3736,88,9.5864737766179768,5.0606338952541767,9.5864737766179768,2.4812976914014979,True,False,True,False,True,False
mahler,251629,38,6,350,3806,98,-1.5118358845152935,-4.3649405503393783,-1.5118358845152935,-4.3649405503393774,True,True,False,True,False,False
mahler,251629,38,7,400,3807,98,-1.2770742733078146,-4.6622504209369779,-1.2770742733078146,-4.6622504209369779,True,True,False,True,False,False
mahler,251629,38,8,450,3808,98,-1.0423126621003358,-4.9595602915345767,-1.0423126621003358,-4.9595602915345776,True,True,False,True,False,False
mahler,251629,38,9,500,3809,98,-0.80755105089285673,-5.2568701621321754,-0.80755105089285673,-5.2568701621321745,True,True,False,True,False,False
mahler,251629,38,10,550,3810,98,-0.57278943968537765,-5.554180032729775,-0.57278943968537765,-5.5541800327297741,True,True,False,True,False,False
mahler,251629,38,11,600,3811,98,-0.33802782847789903,-5.8514899033273737,-0.33802782847789903,-5.8514899033273737,True,True,False,True,False,False
mahler,251629,38,12,650,3812,98,-0.10326621727041996,-6.1487997739249725,-0.10326621727041996,-6.1487997739249725,True,True,False,True,False,False
mahler,251629,38,13,700,3813,98,0.13149539393705911,-6.4461096445225721,0.13149539393705911,-6.446109644522573,True,True,False,True,False,False
mahler,251629,38,14,750,3814,98,0.36625700514453818,-6.7434195151201717,0.36625700514453818,-6.7434195151201717,True,True,False,True,False,False
mahler,251629,38,15,800,3815,98,0.60101861635201681,-7.0407293857177704,0.60101861635201681,-7.0407293857177695,True,True,False,True,False,False
mahler,251629,38,16,850,3816,98,0.83578022755949588,-7.3380392563153691,0.83578022755949588,-7.3380392563153691,True,True,False,True,False,False
mahler,251629,38,17,900,3817,98,1.0705418387669745,-7.6353491269129679,1.0705418387669745,-7.6353491269129687,True,True,False,True,False,False
mahler,251629,38,18,950,3818,98,1.3053034499744536,-7.9326589975105675,1.3053034499744536,-7.9326589975105675,True,True,False,True,False,False
mahler,251629,38,19,1000,3819,98,1.5400650611819326,-8.2299688681081662,1.5400650611819326,-8.2299688681081626,True,True,False,True,False,False
mahler,251629,38,20,1050,3820,98,1.7748266723894117,-8.5272787387057658,1.7748266723894117,-8.5272787387057623,True,True,False,True,False,False
mahler,251629,38,21,1100,3821,98,2.0095882835968908,-8.8245886093033654,2.0095882835968908,-8.8245886093033636,True,True,False,True,False,False
mahler,251629,38,22,1150,3822,98,2.2443498948043699,-9.1218984799009633,2.2443498948043699,-9.1218984799009633,True,True,False,True,False,False
mahler,251629,38,23,1200,3823,98,2.479111506011848,-9.4192083504985611,2.479111506011848,-9.4192083504985646,True,True,False,True,False,False
mahler,251629,38,24,1250,3824,98,2.7138731172193271,-9.7165182210961625,2.7138731172193271,-9.716518221096166,True,True,False,True,False,False
mahler,251629,38,25,1300,3825,98,2.9486347284268062,-9.761753777049158,2.9486347284268062,-9.8135808976674692,True,True,False,True,False,True
mahler,251629,38,26,1350,3826,98,3.1833963396342853,-9.4718473208471572,3.1833963396342853,-9.6444076127169467,True,True,False,True,False,True
mahler,251629,38,27,1400,3827,98,3.4181579508417643,-9.1819408646451564,3.4181579508417643,-9.4752343277664224,True,True,False,True,False,True
mahler,251629,38,28,1450,3828,98,3.6529195620492434,-8.8920344084431537,3.6529195620492434,-9.3060610428158981,True,True,False,True,False,True
mahler,251629,38,29,1500,3829,98,3.8876811732567225,-8.6021279522411529,3.8876811732567225,-9.1368877578653738,True,True,False,True,False,True
mahler,251629,38,30,1550,3830,98,4.1224427844642006,-8.3122214960391521,4.1224427844642006,-8.9677144729148495,True,True,False,True,False,True
mahler,251629,38,31,1600,3831,98,4.3572043956716797,-8.0223150398371512,4.3572043956716797,-8.7985411879643252,True,True,False,True,False,True
mahler,251629,38,32,1650,3832,98,4.5919660068791588,-7.7324085836351495,4.5919660068791588,-8.6293679030138009,True,True,False,True,False,True
mahler,251629,38,33,1700,3833,98,4.8267276180866379,-7.4425021274331487,4.8267276180866379,-8.4601946180632766,True,True,False,True,False,True
mahler,251629,38,34,1750,3834,98,5.0614892292941169,-7.1525956712311469,5.0614892292941169,-8.2910213331127522,True,True,False,True,False,True
mahler,251629,38,35,1800,3835,98,5.2962508405015951,-6.8626892150291461,5.2962508405015951,-8.1218480481622262,True,False,False,True,False,True
mahler,251629,38,36,1850,3836,98,5.5310124517090751,-6.5727827588271444,5.5310124517090751,-7.9526747632117019,True,False,True,True,False,True
mahler,251629,38,37,1900,3837,98,5.7657740629165533,-6.2828763026251435,5.7657740629165533,-7.7835014782611793,True,False,True,True,False,True
mahler,251629,38,38,1950,3838,98,6.0005356741240332,-5.9929698464231409,6.0005356741240332,-7.6143281933106524,True,False,True,True,False,True
mahler,251629,38,39,2000,3839,98,6.2352972853315114,-5.7030633902211409,6.2352972853315114,-7.4451549083601289,True,False,True,True,False,True
mahler,251629,38,40,2050,3840,98,6.4700588965389896,-5.413156934019141,6.4700588965389896,-7.2759816234096046,True,False,True,True,False,True
mahler,251629,38,41,2100,3841,98,6.7048205077464695,-5.1232504778171375,6.7048205077464695,-7.1068083384590812,True,False,True,True,False,True
mahler,251629,38,42,2150,3842,98,6.9395821189539477,-4.8333440216151384,6.9395821189539477,-6.9376350535085569,True,False,True,True,False,True
mahler,251629,38,43,2200,3843,98,7.1743437301614277,-4.5434375654131358,7.1743437301614277,-6.7684617685580317,True,False,True,True,False,True
mahler,251629,38,44,2250,3844,98,7.4091053413689059,-4.253531109211135,7.4091053413689059,-6.5992884836075092,True,False,True,True,False,True
mahler,251629,38,45,2300,3845,98,7.6438669525763858,-3.9636246530091324,7.6438669525763858,-6.4301151986569822,True,False,True,True,False,True
mahler,251629,38,46,2350,3846,98,7.878628563783864,-3.6737181968071315,7.878628563783864,-6.2609419137064597,True,False,True,True,False,True
mahler,251629,38,47,2400,3847,98,8.1133901749913413,-3.3838117406051325,8.1133901749913413,-6.0917686287559363,True,False,True,True,False,True
mahler,251629,38,48,2450,3848,98,8.348151786198823,-3.0939052844031281,8.348151786198823,-5.9225953438054084,True,False,True,True,False,True
mahler,251629,38,49,2500,3849,98,8.5829133974063012,-2.803998828201129,8.5829133974063012,-5.7534220588548877,True,False,True,True,False,True
mahler,251629,38,50,2550,3850,98,8.8176750086137794,-2.5140923719991282,8.8176750086137794,-5.5842487739043616,True,False,True,True,False,True
mahler,251629,38,51,2600,3851,98,9.0524366198212576,-2.2241859157971273,9.0524366198212576,-5.4150754889538391,True,False,True,True,False,True
mahler,251629,38,52,2650,3852,98,9.2871982310287393,-1.9342794595951229,9.2871982310287393,-5.2459022040033121,True,False,True,True,False,True
mahler,251629,38,53,2700,3853,98,9.5219598422362175,-1.6443730033931221,9.5219598422362175,-5.0767289190527878,True,False,True,True,False,True
mahler,251629,38,54,2750,3854,98,9.7567214534436957,-1.354466547191123,9.7567214534436957,-4.9075556341022644,True,False,True,True,False,True
mahler,251629,38,55,2800,3855,98,9.9914830646511739,-1.0645600909891222,9.9914830646511739,-4.7383823491517401,True,False,True,True,False,True
mahler,258471,39,6,350,3906,92,-1.4498354640968998,5.4385819711151377,-1.4498354640968998,5.454115754619596,True,True,False,False,True,False
mahler,258471,39,7,400,3907,92,-1.1888967348728237,5.1692572830200199,-1.1888967348728237,5.1963666504294199,True,True,False,False,True,False
mahler,258471,39,8,450,3908,92,-0.92795800564874709,4.8999325949249011,-0.92795800564874709,4.9386175462392456,True,True,False,False,True,False
mahler,258471,39,9,500,3909,92,-0.66701927642467096,4.6306079068297823,-0.66701927642467096,4.6808684420490714,True,True,False,False,True,False
mahler,258471,39,10,550,3910,92,-0.40608054720059439,4.3612832187346635,-0.40608054720059439,4.4231193378588962,True,True,False,False,True,False
mahler,258471,39,11,600,3911,92,-0.14514181797651826,4.0919585306395447,-0.14514181797651826,4.1653702336687219,True,True,False,False,True,False
mahler,258471,39,12,650,3912,92,0.11579691124755831,3.8226338425444264,0.11579691124755831,3.9076211294785468,True,True,False,False,True,False
mahler,258471,39,13,700,3913,92,0.37673564047163444,3.5533091544493081,0.37673564047163444,3.6498720252883716,True,True,False,False,True,False
mahler,258471,39,14,750,3914,92,0.63767436969571056,3.2839844663541893,0.63767436969571056,3.3921229210981969,True,True,False,False,True,False
mahler,258471,39,15,800,3915,92,0.89861309891978669,3.0146597782590709,0.89861309891978669,3.1343738169080226,True,True,False,False,True,False
mahler,258471,39,16,850,3916,92,1.1595518281438637,2.7453350901639517,1.1595518281438637,2.8766247127178466,True,True,False,False,True,False
mahler,258471,39,17,900,3917,92,1.4204905573679398,2.4760104020688329,1.4204905573679398,2.6188756085276723,True,True,False,False,True,False
mahler,258471,39,18,950,3918,92,1.681429286592016,2.206685713973715,1.681429286592016,2.3611265043374976,True,True,False,False,True,False
mahler,258471,39,19,1000,3919,92,1.9423680158160921,1.9373610258785963,1.9423680158160921,2.103377400147322,True,True,False,False,True,False
mahler,258471,39,20,1050,3920,92,2.2033067450401691,1.668036337783477,2.2033067450401691,1.8456282959571468,True,True,False,False,True,False
mahler,258471,39,21,1100,3921,92,2.4642454742642452,1.3987116496883587,2.4642454742642452,1.5878791917669721,True,True,False,False,True,False
mahler,258471,39,22,1150,3922,92,2.7251842034883214,1.1293869615932399,2.7251842034883214,1.3301300875767981,True,True,False,False,True,False
mahler,258471,39,23,1200,3923,92,2.9861229327123975,0.86006227349812159,2.9861229327123975,1.0723809833866234,True,True,False,False,True,False
mahler,258471,39,24,1250,3924,92,3.2470616619364736,0.59073758540300325,3.2470616619364736,0.81463187919644842,True,True,False,False,True,False
mahler,258471,39,25,1300,3925,92,3.5080003911605506,0.32141289730788403,3.5080003911605506,0.55688277500627303,True,True,False,False,True,False
mahler,258471,39,26,1350,3926,92,3.7689391203846268,0.052088209212765246,3.7689391203846268,0.29913367081609815,True,True,False,False,True,False
mahler,258471,39,27,1400,3927,92,4.0298778496087024,-0.21723647888235265,4.0298778496087024,0.041384566625924643,True,True,False,False,True,False
mahler,258471,39,28,1450,3928,92,4.2908165788327786,-0.48656116697747054,4.2908165788327786,-0.21636453756424948,True,True,False,False,True,False
mahler,258471,39,29,1500,3929,92,4.5517553080568547,-0.75588585507258932,4.5517553080568547,-0.47411364175442439,True,True,False,False,True,False
mahler,258471,39,30,1550,3930,92,4.8126940372809308,-1.0252105431677081,4.8126940372809308,-0.7318627459445991,True,True,False,False,True,False
mahler,258471,39,31,1600,3931,92,5.0736327665050069,-1.294535231262826,5.0736327665050069,-0.98961185013477415,True,True,False,False,True,False
mahler,258471,39,32,1650,3932,92,5.3345714957290848,-1.5638599193579465,5.3345714957290848,-1.24736095432495,True,False,False,False,True,False
mahler,258471,39,33,1700,3933,92,5.595510224953161,-1.8331846074530653,5.595510224953161,-1.5051100585151249,True,False,True,False,True,False
mahler,258471,39,34,1750,3934,92,5.8564489541772371,-2.1025092955481832,5.8564489541772371,-1.7628591627052999,True,False,True,False,True,False
mahler,258471,39,35,1800,3935,92,6.1173876834013132,-2.371833983643302,6.1173876834013132,-2.0206082668954748,True,False,True,False,True,False
mahler,258471,39,36,1850,3936,92,6.3783264126253894,-2.6411586717384199,6.3783264126253894,-2.2783573710856508,True,False,True,False,True,False
mahler,258471,39,37,1900,3937,92,6.6392651418494655,-2.9104833598335387,6.6392651418494655,-2.5361064752758242,True,False,True,False,True,False
mahler,258471,39,38,1950,3938,92,6.9002038710735416,-3.1798080479286575,6.9002038710735416,-2.7938555794659989,True,False,True,False,True,False
mahler,258471,39,39,2000,3939,92,7.1611426002976177,-3.4491327360237753,7.1611426002976177,-3.0516046836561732,True,False,True,False,True,False
mahler,258471,39,40,2050,3940,92,7.4220813295216939,-3.7184574241188941,7.4220813295216939,-3.3093537878463484,True,False,True,False,True,False
mahler,258471,39,41,2100,3941,92,7.6830200587457718,-3.9877821122140147,7.6830200587457718,-3.5671028920365244,True,False,True,False,True,False
mahler,258471,39,42,2150,3942,92,7.9439587879698479,-4.257106800309133,7.9439587879698479,-3.8248519962266987,True,False,True,False,True,False
mahler,258471,39,43,2200,3943,92,8.204897517193924,-4.5264314884042509,8.204897517193924,-4.0826011004168743,True,False,True,False,True,False
mahler,258471,39,44,2250,3944,92,8.4658362464180001,-4.7957561764993706,8.4658362464180001,-4.3403502046070495,True,False,True,False,True,False
mahler,258471,39,45,2300,3945,92,8.7267749756420763,-5.0650808645944885,8.7267749756420763,-4.5980993087972237,True,False,True,False,True,False
mahler,258471,39,46,2350,3946,92,8.9877137048661524,-5.3344055526896064,8.9877137048661524,-4.855848412987398,True,False,True,False,True,False
mahler,258471,39,47,2400,3947,92,9.2486524340902285,-5.603730240784726,9.2486524340902285,-5.1135975171775723,True,False,True,False,True,False
mahler,258471,39,48,2450,3948,92,9.5095911633143047,-5.8730549288798439,9.5095911633143047,-5.3713466213677465,True,False,True,False,True,False
mahler,258471,39,49,2500,3949,92,9.7705298925383808,-6.1423796169749618,9.7705298925383808,-5.6290957255579217,True,False,True,False,True,False
mahler,269179,40,6,350,4006,90,-1.1840158946875556,1.9161420774562048,-1.1840158946875556,1.9084804109485238,True,True,False,False,True,False
mahler,269179,40,7,400,4007,90,-0.87426121454154915,1.7047726342422038,-0.87426121454154915,1.6914058739416056,True,True,False,False,True,False
mahler,269179,40,8,450,4008,90,-0.56450653439554266,1.4934031910282028,-0.56450653439554266,1.4743313369346873,True,True,False,False,True,False
mahler,269179,40,9,500,4009,90,-0.25475185424953617,1.2820337478142019,-0.25475185424953617,1.2572567999277691,True,True,False,False,True,False
mahler,269179,40,10,550,4010,90,0.05500282589647032,1.0706643046002011,0.05500282589647032,1.0401822629208504,True,True,False,False,True,False
mahler,269179,40,11,600,4011,90,0.36475750604247681,0.85929486138620015,0.36475750604247681,0.823107725913932,True,True,False,False,True,False
mahler,269179,40,12,650,4012,90,0.67451218618848374,0.64792541817219884,0.67451218618848374,0.60603318890701352,True,True,False,False,True,False
mahler,269179,40,13,700,4013,90,0.98426686633448979,0.4365559749581982,0.98426686633448979,0.38895865190009549,True,True,False,False,True,False
mahler,269179,40,14,750,4014,90,1.2940215464804967,0.225186531744197,1.2940215464804967,0.17188411489317681,True,True,False,False,True,False
mahler,269179,40,15,800,4015,90,1.6037762266265028,0.013817088530196253,1.6037762266265028,-0.045190422113741177,True,True,False,False,True,False
mahler,269179,40,16,850,4016,90,1.9135309067725097,-0.19755235468380494,1.9135309067725097,-0.26226495912066006,True,True,False,False,True,False
mahler,269179,40,17,900,4017,90,2.2232855869185157,-0.40892179789780547,2.2232855869185157,-0.47933949612757792,True,True,False,False,True,False
mahler,269179,40,18,950,4018,90,2.5330402670645227,-0.62029124111180667,2.5330402670645227,-0.69641403313449646,True,True,False,False,True,False
mahler,269179,40,19,1000,4019,90,2.8427949472105287,-0.83166068432580742,2.8427949472105287,-0.91348857014141427,True,True,False,False,True,False
mahler,269179,40,20,1050,4020,90,3.1525496273565357,-1.0430301275398086,3.1525496273565357,-1.1305631071483333,True,True,False,False,True,False
mahler,269179,40,21,1100,4021,90,3.4623043075025417,-1.2543995707538091,3.4623043075025417,-1.3476376441552511,True,True,False,False,True,False
mahler,269179,40,22,1150,4022,90,3.7720589876485486,-1.4657690139678106,3.7720589876485486,-1.5647121811621698,True,True,False,False,True,False
mahler,269179,40,23,1200,4023,90,4.0818136677945542,-1.6771384571818106,4.0818136677945542,-1.7817867181690881,True,True,False,False,True,False
mahler,269179,40,24,1250,4024,90,4.3915683479405612,-1.8885079003958121,4.3915683479405612,-1.9988612551760068,True,True,False,False,True,False
mahler,269179,40,25,1300,4025,90,4.7013230280865681,-2.0998773436098137,4.7013230280865681,-2.2159357921829255,True,True,False,False,True,False
mahler,269179,40,26,1350,4026,90,5.0110777082325733,-2.3112467868238138,5.0110777082325733,-2.4330103291898428,True,True,False,False,True,False
mahler,269179,40,27,1400,4027,90,5.3208323883785802,-2.5226162300378148,5.3208323883785802,-2.6500848661967615,True,False,False,False,True,False
mahler,269179,40,28,1450,4028,90,5.6305870685245871,-2.7339856732518157,5.6305870685245871,-2.8671594032036793,True,False,True,False,True,False
mahler,269179,40,29,1500,4029,90,5.9403417486705941,-2.9453551164658176,5.9403417486705941,-3.0842339402105989,True,False,True,False,True,False
mahler,269179,40,30,1550,4030,90,6.250096428816601,-3.1567245596798186,6.250096428816601,-3.3013084772175172,True,False,True,False,True,False
mahler,269179,40,31,1600,4031,90,6.5598511089626061,-3.3680940028938187,6.5598511089626061,-3.5183830142244346,True,False,True,False,True,False
mahler,269179,40,32,1650,4032,90,6.8696057891086131,-3.5794634461078196,6.8696057891086131,-3.7354575512313533,True,False,True,False,True,False
mahler,269179,40,33,1700,4033,90,7.17936046925462,-3.7908328893218206,7.17936046925462,-3.952532088238272,True,False,True,False,True,False
mahler,269179,40,34,1750,4034,90,7.4891151494006269,-4.0022023325358225,7.4891151494006269,-4.1696066252451907,True,False,True,False,True,False
mahler,269179,40,35,1800,4035,90,7.7988698295466321,-4.2135717757498226,7.7988698295466321,-4.386681162252108,True,False,True,False,True,False
mahler,269179,40,36,1850,4036,90,8.108624509692639,-4.4249412189638235,8.108624509692639,-4.6037556992590263,True,False,True,False,True,False
mahler,269179,40,37,1900,4037,90,8.418379189838646,-4.6363106621778245,8.418379189838646,-4.8208302362659463,True,False,True,False,True,False
mahler,269179,40,38,1950,4038,90,8.7281338699846529,-4.8476801053918264,8.7281338699846529,-5.0379047732728646,True,False,True,False,True,False
mahler,269179,40,39,2000,4039,90,9.0378885501306581,-5.0590495486058265,9.0378885501306581,-5.254979310279781,True,False,True,False,True,False
mahler,269179,40,40,2050,4040,90,9.347643230276665,-5.2704189918198274,9.347643230276665,-5.4720538472867002,True,False,True,False,True,False
mahler,269179,40,41,2100,4041,90,9.6573979104226719,-5.4817884350338284,9.6573979104226719,-5.6891283842936184,True,False,True,False,True,False
mahler,270569,41,6,350,4106,87,-1.2881551812039271,3.6050693770026494,-1.2881551812039271,3.6050693770026467,True,True,False,True,False,False
mahler,270569,41,7,400,4107,87,-1.0557385031488704,3.3107292050529504,-1.0557385031488704,3.3107292050529504,True,True,False,True,False,False
mahler,270569,41,8,450,4108,87,-0.82332182509381413,3.0163890331032519,-0.82332182509381413,3.016389033103251,True,True,False,True,False,False
mahler,270569,41,9,500,4109,87,-0.59090514703875741,2.7220488611535529,-0.59090514703875741,2.7220488611535529,True,True,False,True,False,False
mahler,270569,41,10,550,4110,87,-0.35848846898370068,2.4277086892038535,-0.35848846898370068,2.4277086892038535,True,True,False,True,False,False
mahler,270569,41,11,600,4111,87,-0.1260717909286444,2.133368517254155,-0.1260717909286444,2.133368517254155,True,True,False,True,False,False
mahler,270569,41,12,650,4112,87,0.10634488712641232,1.8390283453044558,0.10634488712641232,1.8390283453044558,True,True,False,True,False,False
mahler,270569,41,13,700,4113,87,0.3387615651814686,1.5446881733547573,0.3387615651814686,1.5446881733547573,True,True,False,True,False,False
mahler,270569,41,14,750,4114,87,0.57117824323652533,1.2503480014050581,0.57117824323652533,1.2503480014050581,True,True,False,True,False,False
mahler,270569,41,15,800,4115,87,0.80359492129158205,0.95600782945535911,0.80359492129158205,0.95600782945535911,True,True,False,True,False,False
mahler,270569,41,16,850,4116,87,1.0360115993466383,0.66166765750566059,1.0360115993466383,0.66166765750566048,True,True,False,True,False,False
mahler,270569,41,17,900,4117,87,1.2684282774016946,0.36732748555596206,1.2684282774016946,0.36732748555596201,True,True,False,True,False,False
mahler,270569,41,18,950,4118,87,1.5008449554567518,0.072987313606262427,1.5008449554567518,0.072987313606262413,True,True,False,True,False,False
mahler,270569,41,19,1000,4119,87,1.7332616335118081,-0.22135285834343632,1.7332616335118081,-0.22135285834343635,True,True,False,True,False,False
mahler,270569,41,20,1050,4120,87,1.9656783115668643,-0.51569303029313485,1.9656783115668643,-0.51569303029313496,True,True,False,True,False,False
mahler,270569,41,21,1100,4121,87,2.1980949896219215,-0.81003320224283426,2.1980949896219215,-0.81003320224283459,True,True,False,True,False,False
mahler,270569,41,22,1150,4122,87,2.4305116676769778,-1.1043733741925332,2.4305116676769778,-1.1043733741925335,True,True,False,True,False,False
mahler,270569,41,23,1200,4123,87,2.6629283457320341,-1.3987135461422318,2.6629283457320341,-1.398713546142232,True,True,False,True,False,False
mahler,270569,41,24,1250,4124,87,2.8953450237870912,-1.6930537180919312,2.8953450237870912,-1.6930537180919314,True,True,False,True,False,False
mahler,270569,41,25,1300,4125,87,3.1277617018421475,-1.9873938900416297,3.1277617018421475,-1.9873938900416304,True,True,False,True,False,False
mahler,270569,41,26,1350,4126,87,3.3601783798972038,-2.2817340619913282,3.3601783798972038,-2.2817340619913287,True,True,False,True,False,False
mahler,270569,41,27,1400,4127,87,3.5925950579522601,-2.5760742339410272,3.5925950579522601,-2.5760742339410276,True,True,False,True,False,False
mahler,270569,41,28,1450,4128,87,3.8250117360073173,-2.8704144058907262,3.8250117360073173,-2.870414405890727,True,True,False,True,False,False
mahler,270569,41,29,1500,4129,87,4.0574284140623735,-3.1647545778404251,4.0574284140623735,-3.164754577840426,True,True,False,True,False,False
mahler,270569,41,30,1550,4130,87,4.2898450921174298,-3.4590947497901241,4.2898450921174298,-3.4590947497901223,True,True,False,True,False,False
mahler,270569,41,31,1600,4131,87,4.522261770172487,-3.7534349217398231,4.522261770172487,-3.753434921739824,True,True,False,True,False,False
mahler,270569,41,32,1650,4132,87,4.7546784482275433,-4.0477750936895216,4.7546784482275433,-4.0477750936895207,True,True,False,True,False,False
mahler,270569,41,33,1700,4133,87,4.9870951262825995,-4.3421152656392206,4.9870951262825995,-4.3421152656392215,True,True,False,True,False,False
mahler,270569,41,34,1750,4134,87,5.2195118043376558,-4.6364554375889195,5.2195118043376558,-4.6364554375889186,True,False,False,True,False,False
mahler,270569,41,35,1800,4135,87,5.4519284823927121,-4.9307956095386167,5.4519284823927121,-4.9307956095386176,True,False,True,True,False,False
mahler,270569,41,36,1850,4136,87,5.6843451604477702,-5.2251357814883175,5.6843451604477702,-5.2251357814883166,True,False,True,True,False,False
mahler,270569,41,37,1900,4137,87,5.9167618385028264,-5.5194759534380164,5.9167618385028264,-5.5194759534380173,True,False,True,True,False,False
mahler,270569,41,38,1950,4138,87,6.1491785165578827,-5.8138161253877154,6.1491785165578827,-5.8138161253877145,True,False,True,True,False,False
mahler,270569,41,39,2000,4139,87,6.381595194612939,-6.1081562973374144,6.381595194612939,-6.1081562973374126,True,False,True,True,False,False
mahler,270569,41,40,2050,4140,87,6.6140118726679953,-6.4024964692871134,6.6140118726679953,-6.402496469287116,True,False,True,True,False,False
mahler,270569,41,41,2100,4141,87,6.8464285507230516,-6.6968366412368123,6.8464285507230516,-6.6968366412368132,True,False,True,True,False,False
mahler,270569,41,42,2150,4142,87,7.0788452287781096,-6.9911768131865131,7.0788452287781096,-6.9911768131865104,True,False,True,True,False,False
mahler,270569,41,43,2200,4143,87,7.3112619068331659,-7.2855169851362103,7.3112619068331659,-7.2855169851362058,True,False,True,True,False,False
mahler,270569,41,44,2250,4144,87,7.5436785848882222,-7.5798571570859092,7.5436785848882222,-7.5798571570859119,True,False,True,True,False,False
mahler,270569,41,45,2300,4145,87,7.7760952629432785,-7.8741973290356082,7.7760952629432785,-7.8741973290356091,True,False,True,True,False,False
mahler,270569,41,46,2350,4146,87,8.0085119409983356,-8.1685375009853072,8.0085119409983356,-8.1685375009853054,True,False,True,True,False,False
mahler,270569,41,47,2400,4147,87,8.2409286190533919,-8.4628776729350061,8.2409286190533919,-8.4628776729350026,True,False,True,True,False,False
mahler,270569,41,48,2450,4148,87,8.4733452971084482,-8.7572178448847051,8.4733452971084482,-8.7572178448847087,True,False,True,True,False,False
mahler,270569,41,49,2500,4149,87,8.7057619751635045,-9.0515580168344041,8.7057619751635045,-9.0515580168344041,True,False,True,True,False,False
mahler,270569,41,50,2550,4150,87,8.9381786532185608,-9.3458981887841013,8.9381786532185608,-9.3458981887841013,True,False,True,True,False,False
mahler,270569,41,51,2600,4151,87,9.170595331273617,-9.6402383607338002,9.170595331273617,-9.6402383607337985,True,False,True,True,False,False
mahler,270569,41,52,2650,4152,87,9.4030120093286733,-9.7442194376438387,9.4030120093286733,-9.4722380851161372,True,False,True,True,False,True
mahler,270569,41,53,2700,4153,87,9.6354286873837296,-9.4498792656941397,9.6354286873837296,-8.3368029494250262,True,False,True,True,False,True
mahler,270569,41,54,2750,4154,87,9.8678453654387859,-9.1555390937444425,9.8678453654387859,-7.2013678137339117,True,False,True,True,False,True
mahler,273073,42,6,350,4206,97,-1.1520772975514153,7.4147117427535711,-1.1520772975514153,7.4147117427535685,True,True,False,True,False,False
mahler,273073,42,7,400,4207,97,-0.81299077516405882,7.5772529139286151,-0.81299077516405882,7.5772529139286169,True,True,False,True,False,False
mahler,273073,42,8,450,4208,97,-0.47390425277670278,7.7397940851036591,-0.47390425277670278,7.7397940851036582,True,True,False,True,False,False
mahler,273073,42,9,500,4209,97,-0.13481773038934675,7.9023352562787021,-0.13481773038934675,7.9023352562787021,True,True,False,True,False,False
mahler,273073,42,10,550,4210,97,0.20426879199800974,8.064876427453747,0.20426879199800974,8.0648764274537506,True,True,False,True,False,False
mahler,273073,42,11,600,4211,97,0.54335531438536622,8.2274175986287901,0.54335531438536622,8.2274175986287901,True,True,False,True,False,False
mahler,273073,42,12,650,4212,97,0.88244183677272181,8.3899587698038331,0.88244183677272181,8.3899587698038296,True,True,False,True,False,False
mahler,273073,42,13,700,4213,97,1.2215283591600783,8.552499940978878,1.2215283591600783,8.552499940978878,True,True,False,True,False,False
mahler,273073,42,14,750,4214,97,1.5606148815474348,8.7150411121539211,1.5606148815474348,8.7150411121539229,True,True,False,True,False,False
mahler,273073,42,15,800,4215,97,1.8997014039347913,8.8775822833289659,1.8997014039347913,8.8775822833289624,True,True,False,True,False,False
mahler,273073,42,16,850,4216,97,2.2387879263221468,9.040123454504009,2.2387879263221468,9.0401234545040126,True,True,False,True,False,False
mahler,273073,42,17,900,4217,97,2.5778744487095033,9.2026646256790521,2.5778744487095033,9.2026646256790503,True,True,False,True,False,False
mahler,273073,42,18,950,4218,97,2.9169609710968598,9.3652057968540969,2.9169609710968598,9.3652057968540969,True,True,False,True,False,False
mahler,273073,42,19,1000,4219,97,3.2560474934842154,9.52774696802914,3.2560474934842154,9.5277469680291382,True,True,False,True,False,False
mahler,273073,42,20,1050,4220,97,3.5951340158715719,9.6902881392041831,3.5951340158715719,9.6902881392041831,True,True,False,True,False,False
mahler,273073,42,21,1100,4221,97,3.9342205382589284,9.8424331274600299,3.9342205382589284,9.8402674157623355,True,True,False,True,False,True
mahler,273073,42,22,1150,4222,97,4.2733070606462853,9.6843144656239968,4.2733070606462853,9.615349549186428,True,True,False,True,False,True
mahler,273073,42,23,1200,4223,97,4.6123935830336418,9.5261958037879637,4.6123935830336418,9.3904316826105205,True,True,False,True,False,True
mahler,273073,42,24,1250,4224,97,4.9514801054209983,9.3680771419519306,4.9514801054209983,9.165513816034613,True,True,False,True,False,True
mahler,273073,42,25,1300,4225,97,5.290566627808353,9.2099584801158976,5.290566627808353,8.9405959494587073,True,False,False,True,False,True
mahler,273073,42,26,1350,4226,97,5.6296531501957094,9.0518398182798645,5.6296531501957094,8.7156780828827998,True,False,True,True,False,True
mahler,273073,42,27,1400,4227,97,5.9687396725830659,8.8937211564438314,5.9687396725830659,8.4907602163068923,True,False,True,True,False,True
mahler,273073,42,28,1450,4228,97,6.3078261949704224,8.7356024946077984,6.3078261949704224,8.2658423497309848,True,False,True,True,False,True
mahler,273073,42,29,1500,4229,97,6.6469127173577789,8.5774838327717653,6.6469127173577789,8.0409244831550772,True,False,True,True,False,True
mahler,273073,42,30,1550,4230,97,6.9859992397451354,8.4193651709357322,6.9859992397451354,7.8160066165791715,True,False,True,True,False,True
mahler,273073,42,31,1600,4231,97,7.3250857621324919,8.2612465090996992,7.3250857621324919,7.5910887500032631,True,False,True,True,False,True
mahler,273073,42,32,1650,4232,97,7.6641722845198466,8.1031278472636679,7.6641722845198466,7.3661708834273574,True,False,True,True,False,True
mahler,273073,42,33,1700,4233,97,8.003258806907203,7.9450091854276348,8.003258806907203,7.1412530168514499,True,False,True,True,False,True
mahler,273073,42,34,1750,4234,97,8.3423453292945595,7.7868905235916017,8.3423453292945595,6.9163351502755415,True,False,True,True,False,True
mahler,273073,42,35,1800,4235,97,8.681431851681916,7.6287718617555678,8.681431851681916,6.6914172836996357,True,False,True,True,False,True
mahler,273073,42,36,1850,4236,97,9.0205183740692725,7.4706531999195347,9.0205183740692725,6.4664994171237273,True,False,True,True,False,True
mahler,273073,42,37,1900,4237,97,9.359604896456629,7.3125345380835016,9.359604896456629,6.2415815505478207,True,False,True,True,False,True
mahler,273073,42,38,1950,4238,97,9.6986914188439854,7.1544158762474686,9.6986914188439854,6.0166636839719114,True,False,True,True,False,True
mahler,273515,43,6,350,4306,89,-1.1564383890953067,8.0218985418121065,-1.1564383890953067,8.0218985418121065,True,True,False,True,False,False
mahler,273515,43,7,400,4307,89,-0.81984626112572556,8.1902837208811849,-0.81984626112572556,8.1902837208811849,True,True,False,True,False,False
mahler,273515,43,8,450,4308,89,-0.48325413315614485,8.3586688999502634,-0.48325413315614485,8.3586688999502616,True,True,False,True,False,False
mahler,273515,43,9,500,4309,89,-0.14666200518656414,8.5270540790193419,-0.14666200518656414,8.5270540790193401,True,True,False,True,False,False
mahler,273515,43,10,550,4310,89,0.18993012278301702,8.6954392580884203,0.18993012278301702,8.6954392580884186,True,True,False,True,False,False
mahler,273515,43,11,600,4311,89,0.52652225075259818,8.8638244371574988,0.52652225075259818,8.8638244371575006,True,True,False,True,False,False
mahler,273515,43,12,650,4312,89,0.86311437872217844,9.0322096162265773,0.86311437872217844,9.0322096162265808,True,True,False,True,False,False
mahler,273515,43,13,700,4313,89,1.1997065066917596,9.2005947952956557,1.1997065066917596,9.2005947952956557,True,True,False,True,False,False
mahler,273515,43,14,750,4314,89,1.5362986346613408,9.3689799743647342,1.5362986346613408,9.3689799743647342,True,True,False,True,False,False
mahler,273515,43,15,800,4315,89,1.8728907626309219,9.5373651534338126,1.8728907626309219,9.5373651534338126,True,True,False,True,False,False
mahler,273515,43,16,850,4316,89,2.2094828906005022,9.7057503325028893,2.2094828906005022,9.7057503325028893,True,True,False,True,False,False
mahler,273515,43,17,900,4317,89,2.5460750185700833,9.7540154603041689,2.5460750185700833,9.7458239967845568,True,True,False,True,False,True
mahler,273515,43,18,950,4318,89,2.8826671465396645,9.5898484966021034,2.8826671465396645,9.5589789812740893,True,True,False,True,False,True
mahler,273515,43,19,1000,4319,89,3.2192592745092448,9.4256815329000379,3.2192592745092448,9.3721339657636236,True,True,False,True,False,True
mahler,273515,43,20,1050,4320,89,3.5558514024788259,9.2615145691979706,3.5558514024788259,9.1852889502531543,True,True,False,True,False,True
mahler,273515,43,21,1100,4321,89,3.8924435304484071,9.097347605495905,3.8924435304484071,8.9984439347426886,True,True,False,True,False,True
mahler,273515,43,22,1150,4322,89,4.2290356584179882,8.9331806417938378,4.2290356584179882,8.8115989192322175,True,True,False,True,False,True
mahler,273515,43,23,1200,4323,89,4.5656277863875694,8.7690136780917705,4.5656277863875694,8.62475390372175,True,True,False,True,False,True
mahler,273515,43,24,1250,4324,89,4.9022199143571488,8.6048467143897049,4.9022199143571488,8.4379088882112843,True,True,False,True,False,True
mahler,273515,43,25,1300,4325,89,5.2388120423267299,8.4406797506876394,5.2388120423267299,8.2510638727008185,True,False,False,True,False,True
mahler,273515,43,26,1350,4326,89,5.5754041702963111,8.2765127869855739,5.5754041702963111,8.0642188571903493,True,False,True,True,False,True
mahler,273515,43,27,1400,4327,89,5.9119962982658922,8.1123458232835066,5.9119962982658922,7.8773738416798817,True,False,True,True,False,True
mahler,273515,43,28,1450,4328,89,6.2485884262354734,7.9481788595814402,6.2485884262354734,7.6905288261694134,True,False,True,True,False,True
mahler,273515,43,29,1500,4329,89,6.5851805542050545,7.7840118958793738,6.5851805542050545,7.5036838106589459,True,False,True,True,False,True
mahler,273515,43,30,1550,4330,89,6.9217726821746357,7.6198449321773074,6.9217726821746357,7.3168387951484775,True,False,True,True,False,True
mahler,273515,43,31,1600,4331,89,7.2583648101442169,7.455677968475241,7.2583648101442169,7.1299937796380108,True,False,True,True,False,True
mahler,273515,43,32,1650,4332,89,7.5949569381137962,7.2915110047731755,7.5949569381137962,6.943148764127546,True,False,True,True,False,True
mahler,273515,43,33,1700,4333,89,7.9315490660833774,7.1273440410711082,7.9315490660833774,6.7563037486170776,True,False,True,True,False,True
mahler,273515,43,34,1750,4334,89,8.2681411940529586,6.9631770773690427,8.2681411940529586,6.5694587331066101,True,False,True,True,False,True
mahler,273515,43,35,1800,4335,89,8.6047333220225397,6.7990101136669763,8.6047333220225397,6.3826137175961417,True,False,True,True,False,True
mahler,273515,43,36,1850,4336,89,8.9413254499921209,6.6348431499649099,8.9413254499921209,6.1957687020856742,True,False,True,True,False,True
mahler,273515,43,37,1900,4337,89,9.277917577961702,6.4706761862628435,9.277917577961702,6.0089236865752067,True,False,True,True,False,True
mahler,273515,43,38,1950,4338,89,9.6145097059312832,6.3065092225607771,9.6145097059312832,5.8220786710647401,True,False,True,True,False,True
mahler,273515,43,39,2000,4339,89,9.9511018339008626,6.1423422588587115,9.9511018339008626,5.6352336555542726,True,False,True,True,False,True
mahler,287936,44,6,350,4406,99,-0.97436038637592892,7.3301325840551295,-0.97436038637592892,7.2748228002313136,True,True,False,False,True,False
mahler,287936,44,7,400,4407,99,-0.65765271554730198,7.129331073454467,-0.65765271554730198,7.0328666705645952,True,True,False,False,True,False
mahler,287936,44,8,450,4408,99,-0.34094504471867459,6.9285295628538046,-0.34094504471867459,6.7909105408978743,True,True,False,False,True,False
mahler,287936,44,9,500,4409,99,-0.024237373890047653,6.7277280522531422,-0.024237373890047653,6.5489544112311568,True,True,False,False,True,False
mahler,287936,44,10,550,4410,99,0.29247029693857929,6.5269265416524789,0.29247029693857929,6.3069982815644359,True,True,False,False,True,False
mahler,287936,44,11,600,4411,99,0.60917796776720667,6.3261250310518164,0.60917796776720667,6.0650421518977158,True,True,False,False,True,False
mahler,287936,44,12,650,4412,99,0.92588563859583362,6.125323520451154,0.92588563859583362,5.8230860222309992,True,True,False,False,True,False
mahler,287936,44,13,700,4413,99,1.242593309424461,5.9245220098504916,1.242593309424461,5.5811298925642792,True,True,False,False,True,False
mahler,287936,44,14,750,4414,99,1.5593009802530884,5.7237204992498283,1.5593009802530884,5.3391737628975617,True,True,False,False,True,False
mahler,287936,44,15,800,4415,99,1.8760086510817149,5.5229189886491659,1.8760086510817149,5.0972176332308425,True,True,False,False,True,False
mahler,287936,44,16,850,4416,99,2.1927163219103423,5.3221174780485034,2.1927163219103423,4.8552615035641233,True,True,False,False,True,False
mahler,287936,44,17,900,4417,99,2.5094239927389697,5.1213159674478401,2.5094239927389697,4.6133053738974032,True,True,False,False,True,False
mahler,287936,44,18,950,4418,99,2.8261316635675962,4.9205144568471786,2.8261316635675962,4.3713492442306858,True,True,False,False,True,False
mahler,287936,44,19,1000,4419,99,3.1428393343962235,4.7197129462465153,3.1428393343962235,4.1293931145639666,True,True,False,False,True,False
mahler,287936,44,20,1050,4420,99,3.4595470052248509,4.5189114356458528,3.4595470052248509,3.887436984897247,True,True,False,False,True,False
mahler,287936,44,21,1100,4421,99,3.7762546760534774,4.3181099250451904,3.7762546760534774,3.6454808552305282,True,True,False,False,True,False
mahler,287936,44,22,1150,4422,99,4.0929623468821053,4.117308414444528,4.0929623468821053,3.403524725563809,True,True,False,False,True,False
mahler,287936,44,23,1200,4423,99,4.4096700177107326,3.9165069038438647,4.4096700177107326,3.1615685958970907,True,True,False,False,True,False
mahler,287936,44,24,1250,4424,99,4.72637768853936,3.7157053932432018,4.72637768853936,2.919612466230372,True,True,False,False,True,False
mahler,287936,44,25,1300,4425,99,5.0430853593679856,3.5149038826425403,5.0430853593679856,2.6776563365636519,True,True,False,False,True,False
mahler,287936,44,26,1350,4426,99,5.359793030196613,3.3141023720418774,5.359793030196613,2.435700206896934,True,False,False,False,True,False
mahler,287936,44,27,1400,4427,99,5.6765007010252404,3.1133008614412145,5.6765007010252404,2.1937440772302153,True,False,True,False,True,False
mahler,287936,44,28,1450,4428,99,5.9932083718538678,2.9124993508405517,5.9932083718538678,1.9517879475634956,True,False,True,False,True,False
mahler,287936,44,29,1500,4429,99,6.3099160426824952,2.7116978402398892,6.3099160426824952,1.7098318178967764,True,False,True,False,True,False
mahler,287936,44,30,1550,4430,99,6.6266237135111208,2.5108963296392268,6.6266237135111208,1.4678756882300579,True,False,True,False,True,False
mahler,287936,44,31,1600,4431,99,6.9433313843397482,2.3100948190385644,6.9433313843397482,1.2259195585633396,True,False,True,False,True,False
mahler,287936,44,32,1650,4432,99,7.2600390551683756,2.109293308437902,7.2600390551683756,0.98396342889662014,True,False,True,False,True,False
mahler,287936,44,33,1700,4433,99,7.5767467259970029,1.9084917978372387,7.5767467259970029,0.74200729922990083,True,False,True,False,True,False
mahler,287936,44,34,1750,4434,99,7.8934543968256303,1.7076902872365762,7.8934543968256303,0.50005116956318163,True,False,True,False,True,False
mahler,287936,44,35,1800,4435,99,8.2101620676542577,1.5068887766359129,8.2101620676542577,0.25809503989646226,True,False,True,False,True,False
mahler,287936,44,36,1850,4436,99,8.5268697384828851,1.3060872660352505,8.5268697384828851,0.01613891022974313,True,False,True,False,True,False
mahler,287936,44,37,1900,4437,99,8.8435774093115107,1.105285755434589,8.8435774093115107,-0.22581721943697433,True,False,True,False,True,False
mahler,287936,44,38,1950,4438,99,9.1602850801401381,0.90448424483392564,9.1602850801401381,-0.46777334910369373,True,False,True,False,True,False
mahler,287936,44,39,2000,4439,99,9.4769927509687655,0.70368273423326322,9.4769927509687655,-0.70972947877041326,True,False,True,False,True,False
mahler,287936,44,40,2050,4440,99,9.7937004217973929,0.50288122363259991,9.7937004217973929,-0.95168560843713268,True,False,True,False,True,False
mahler,297652,45,6,350,4506,94,-0.75826301863999657,1.0399440742630799,-0.75826301863999657,0.99826975035320864,True,True,False,False,True,False
mahler,297652,45,7,400,4507,94,-0.42873805150285005,1.218936512945977,-0.42873805150285005,1.146174127225347,True,True,False,False,True,False
mahler,297652,45,8,450,4508,94,-0.09921308436570353,1.3979289516288744,-0.09921308436570353,1.2940785040974851,True,True,False,False,True,False
mahler,297652,45,9,500,4509,94,0.23031188277144299,1.5769213903117716,0.23031188277144299,1.4419828809696229,True,True,False,False,True,False
mahler,297652,45,10,550,4510,94,0.55983684990858951,1.7559138289946687,0.55983684990858951,1.5898872578417618,True,True,False,False,True,False
mahler,297652,45,11,600,4511,94,0.88936181704573603,1.9349062676775661,0.88936181704573603,1.7377916347138995,True,True,False,False,True,False
mahler,297652,45,12,650,4512,94,1.2188867841828825,2.1138987063604633,1.2188867841828825,1.8856960115860382,True,True,False,False,True,False
mahler,297652,45,13,700,4513,94,1.5484117513200291,2.2928911450433604,1.5484117513200291,2.0336003884581761,True,True,False,False,True,False
mahler,297652,45,14,750,4514,94,1.8779367184571756,2.4718835837262576,1.8779367184571756,2.1815047653303146,True,True,False,False,True,False
mahler,297652,45,15,800,4515,94,2.2074616855943221,2.6508760224091548,2.2074616855943221,2.3294091422024525,True,True,False,False,True,False
mahler,297652,45,16,850,4516,94,2.5369866527314686,2.8298684610920519,2.5369866527314686,2.4773135190745914,True,True,False,False,True,False
mahler,297652,45,17,900,4517,94,2.8665116198686151,3.0088608997749491,2.8665116198686151,2.6252178959467285,True,True,False,False,True,False
mahler,297652,45,18,950,4518,94,3.1960365870057617,3.1878533384578462,3.1960365870057617,2.7731222728188674,True,True,False,False,True,False
mahler,297652,45,19,1000,4519,94,3.5255615541429082,3.3668457771407434,3.5255615541429082,2.9210266496910053,True,True,False,False,True,False
mahler,297652,45,20,1050,4520,94,3.8550865212800547,3.545838215823641,3.8550865212800547,3.0689310265631429,True,True,False,False,True,False
mahler,297652,45,21,1100,4521,94,4.1846114884172012,3.7248306545065382,4.1846114884172012,3.2168354034352817,True,True,False,False,True,False
mahler,297652,45,22,1150,4522,94,4.5141364555543477,3.9038230931894353,4.5141364555543477,3.3647397803074193,True,True,False,False,True,False
mahler,297652,45,23,1200,4523,94,4.8436614226914942,4.0828155318723329,4.8436614226914942,3.5126441571795572,True,True,False,False,True,False
mahler,297652,45,24,1250,4524,94,5.1731863898286408,4.2618079705552301,5.1731863898286408,3.6605485340516961,True,False,False,False,True,False
mahler,297652,45,25,1300,4525,94,5.5027113569657873,4.4408004092381272,5.5027113569657873,3.8084529109238336,True,False,True,False,True,False
mahler,297652,45,26,1350,4526,94,5.8322363241029338,4.6197928479210244,5.8322363241029338,3.9563572877959734,True,False,True,False,True,False
mahler,297652,45,27,1400,4527,94,6.1617612912400803,4.7987852866039216,6.1617612912400803,4.1042616646681109,True,False,True,False,True,False
mahler,297652,45,28,1450,4528,94,6.4912862583772268,4.9777777252868187,6.4912862583772268,4.2521660415402502,True,False,True,False,True,False
mahler,297652,45,29,1500,4529,94,6.8208112255143734,5.1567701639697159,6.8208112255143734,4.400070418412386,True,False,True,False,True,False
mahler,297652,45,30,1550,4530,94,7.1503361926515199,5.335762602652613,7.1503361926515199,4.5479747952845262,True,False,True,False,True,False
mahler,297652,45,31,1600,4531,94,7.4798611597886664,5.5147550413355102,7.4798611597886664,4.6958791721566628,True,False,True,False,True,False
mahler,297652,45,32,1650,4532,94,7.8093861269258129,5.6937474800184074,7.8093861269258129,4.8437835490288013,True,False,True,False,True,False
mahler,297652,45,33,1700,4533,94,8.1389110940629585,5.8727399187013045,8.1389110940629585,4.9916879259009397,True,False,True,False,True,False
mahler,297652,45,34,1750,4534,94,8.4684360612001051,6.0517323573842017,8.4684360612001051,5.1395923027730781,True,False,True,False,True,False
mahler,297652,45,35,1800,4535,94,8.7979610283372516,6.2307247960670988,8.7979610283372516,5.2874966796452165,True,False,True,False,True,False
mahler,297652,45,36,1850,4536,94,9.1274859954743981,6.409717234749996,9.1274859954743981,5.4354010565173541,True,False,True,False,True,False
mahler,297652,45,37,1900,4537,94,9.4570109626115446,6.5887096734328932,9.4570109626115446,5.5833054333894925,True,False,True,False,True,False
mahler,297652,45,38,1950,4538,94,9.7865359297486911,6.7677021121157903,9.7865359297486911,5.7312098102616291,True,False,True,False,True,False
mahler,301600,46,6,350,4606,96,-0.74587804282677794,5.1823163769130778,-0.74587804282677794,5.1531894467134132,True,True,False,False,True,False
mahler,301600,46,7,400,4607,96,-0.40772121406210449,5.0202208485330777,-0.40772121406210449,4.9694047327467787,True,True,False,False,True,False
mahler,301600,46,8,450,4608,96,-0.069564385297431475,4.8581253201530776,-0.069564385297431475,4.7856200187801461,True,True,False,False,True,False
mahler,301600,46,9,500,4609,96,0.26859244346724154,4.6960297917730776,0.26859244346724154,4.6018353048135117,True,True,False,False,True,False
mahler,301600,46,10,550,4610,96,0.60674927223191499,4.5339342633930784,0.60674927223191499,4.4180505908468781,True,True,False,False,True,False
mahler,301600,46,11,600,4611,96,0.94490610099658845,4.3718387350130783,0.94490610099658845,4.2342658768802446,True,True,False,False,True,False
mahler,301600,46,12,650,4612,96,1.283062929761261,4.2097432066330782,1.283062929761261,4.0504811629136102,True,True,False,False,True,False
mahler,301600,46,13,700,4613,96,1.6212197585259345,4.0476476782530781,1.6212197585259345,3.8666964489469766,True,True,False,False,True,False
mahler,301600,46,14,750,4614,96,1.9593765872906079,3.8855521498730781,1.9593765872906079,3.6829117349803426,True,True,False,False,True,False
mahler,301600,46,15,800,4615,96,2.2975334160552814,3.723456621493078,2.2975334160552814,3.4991270210137095,True,True,False,False,True,False
mahler,301600,46,16,850,4616,96,2.635690244819954,3.5613610931130784,2.635690244819954,3.3153423070470751,True,True,False,False,True,False
mahler,301600,46,17,900,4617,96,2.9738470735846274,3.3992655647330783,2.9738470735846274,3.1315575930804407,True,True,False,False,True,False
mahler,301600,46,18,950,4618,96,3.3120039023493009,3.2371700363530782,3.3120039023493009,2.9477728791138076,True,True,False,False,True,False
mahler,301600,46,19,1000,4619,96,3.6501607311139734,3.0750745079730786,3.6501607311139734,2.7639881651471749,True,True,False,False,True,False
mahler,301600,46,20,1050,4620,96,3.9883175598786469,2.9129789795930785,3.9883175598786469,2.5802034511805405,True,True,False,False,True,False
mahler,301600,46,21,1100,4621,96,4.3264743886433203,2.7508834512130784,4.3264743886433203,2.396418737213907,True,True,False,False,True,False
mahler,301600,46,22,1150,4622,96,4.6646312174079938,2.5887879228330783,4.6646312174079938,2.2126340232472721,True,True,False,False,True,False
mahler,301600,46,23,1200,4623,96,5.0027880461726673,2.4266923944530783,5.0027880461726673,2.0288493092806399,True,True,False,False,True,False
mahler,301600,46,24,1250,4624,96,5.3409448749373398,2.2645968660730786,5.3409448749373398,1.8450645953140057,True,False,False,False,True,False
mahler,301600,46,25,1300,4625,96,5.6791017037020124,2.102501337693079,5.6791017037020124,1.6612798813473724,True,False,True,False,True,False
mahler,301600,46,26,1350,4626,96,6.0172585324666867,1.9404058093130785,6.0172585324666867,1.4774951673807379,True,False,True,False,True,False
mahler,301600,46,27,1400,4627,96,6.3554153612313593,1.7783102809330789,6.3554153612313593,1.2937104534141042,True,False,True,False,True,False
mahler,301600,46,28,1450,4628,96,6.6935721899960337,1.6162147525530788,6.6935721899960337,1.1099257394474698,True,False,True,False,True,False
mahler,301600,46,29,1500,4629,96,7.0317290187607062,1.4541192241730792,7.0317290187607062,0.92614102548083677,True,False,True,False,True,False
mahler,301600,46,30,1550,4630,96,7.3698858475253788,1.2920236957930795,7.3698858475253788,0.74235631151420389,True,False,True,False,True,False
mahler,301600,46,31,1600,4631,96,7.7080426762900531,1.129928167413079,7.7080426762900531,0.55857159754756913,True,False,True,False,True,False
mahler,301600,46,32,1650,4632,96,8.0461995050547266,0.96783263903307892,8.0461995050547266,0.37478688358093476,True,False,True,False,True,False
mahler,301600,46,33,1700,4633,96,8.3843563338193974,0.80573711065308018,8.3843563338193974,0.1910021696143023,True,False,True,False,True,False
mahler,301600,46,34,1750,4634,96,8.7225131625840717,0.64364158227307922,8.7225131625840717,0.0072174556476678753,True,False,True,False,True,False
mahler,301600,46,35,1800,4635,96,9.0606699913487461,0.48154605389307914,9.0606699913487461,-0.17656725831896661,True,False,True,False,True,False
mahler,301600,46,36,1850,4636,96,9.3988268201134169,0.31945052551307995,9.3988268201134169,-0.36035197228559895,True,False,True,False,True,False
mahler,301600,46,37,1900,4637,96,9.7369836488780912,0.15735499713307988,9.7369836488780912,-0.54413668625223333,True,False,True,False,True,False
mahler,320246,47,6,350,4706,100,-0.57204059296370513,8.2515140435052796,-0.57204059296370513,8.2515140435052796,True,True,False,True,False,False
mahler,320246,47,7,400,4707,100,-0.24756520027940443,8.4422097543947565,-0.24756520027940443,8.4422097543947547,True,True,False,True,False,False
mahler,320246,47,8,450,4708,100,0.076910192404896272,8.6329054652842316,0.076910192404896272,8.6329054652842334,True,True,False,True,False,False
mahler,320246,47,9,500,4709,100,0.40138558508919697,8.8236011761737085,0.40138558508919697,8.8236011761737103,True,True,False,True,False,False
mahler,320246,47,10,550,4710,100,0.72586097777349767,9.0142968870631854,0.72586097777349767,9.0142968870631837,True,True,False,True,False,False
mahler,320246,47,11,600,4711,100,1.0503363704577979,9.2049925979526623,1.0503363704577979,9.2049925979526659,True,True,False,True,False,False
mahler,320246,47,12,650,4712,100,1.3748117631420991,9.3956883088421392,1.3748117631420991,9.395688308842141,True,True,False,True,False,False
mahler,320246,47,13,700,4713,100,1.6992871558263998,9.5863840197316161,1.6992871558263998,9.5863840197316161,True,True,False,True,False,False
mahler,320246,47,14,750,4714,100,2.0237625485107005,9.777079730621093,2.0237625485107005,9.777079730621093,True,True,False,True,False,False
mahler,320246,47,15,800,4715,100,2.3482379411950012,9.7079650207532069,2.3482379411950012,9.699304645920332,True,True,False,True,False,True
mahler,320246,47,16,850,4716,100,2.6727133338793019,9.520629091143137,2.6727133338793019,9.4993676216510554,True,True,False,True,False,True
mahler,320246,47,17,900,4717,100,2.9971887265636026,9.3332931615330672,2.9971887265636026,9.2994305973817752,True,True,False,True,False,True
mahler,320246,47,18,950,4718,100,3.3216641192479033,9.1459572319229991,3.3216641192479033,9.0994935731125004,True,True,False,True,False,True
mahler,320246,47,19,1000,4719,100,3.646139511932204,8.9586213023129293,3.646139511932204,8.899556548843222,True,True,False,True,False,True
mahler,320246,47,20,1050,4720,100,3.9706149046165047,8.7712853727028595,3.9706149046165047,8.6996195245739436,True,True,False,True,False,True
mahler,320246,47,21,1100,4721,100,4.2950902973008054,8.5839494430927914,4.2950902973008054,8.4996825003046652,True,True,False,True,False,True
mahler,320246,47,22,1150,4722,100,4.6195656899851061,8.3966135134827216,4.6195656899851061,8.2997454760353886,True,True,False,True,False,True
mahler,320246,47,23,1200,4723,100,4.9440410826694059,8.2092775838726517,4.9440410826694059,8.0998084517661102,True,True,False,True,False,True
mahler,320246,47,24,1250,4724,100,5.2685164753537075,8.0219416542625819,5.2685164753537075,7.8998714274968336,True,False,False,True,False,True
mahler,320246,47,25,1300,4725,100,5.5929918680380082,7.8346057246525129,5.5929918680380082,7.6999344032275543,True,False,True,True,False,True
mahler,320246,47,26,1350,4726,100,5.9174672607223089,7.647269795042444,5.9174672607223089,7.4999973789582768,True,False,True,True,False,True
mahler,320246,47,27,1400,4727,100,6.2419426534066096,7.4599338654323741,6.2419426534066096,7.3000603546889984,True,False,True,True,False,True
mahler,320246,47,28,1450,4728,100,6.5664180460909103,7.2725979358223043,6.5664180460909103,7.1001233304197209,True,False,True,True,False,True
mahler,320246,47,29,1500,4729,100,6.890893438775211,7.0852620062122362,6.890893438775211,6.9001863061504443,True,False,True,True,False,True
mahler,320246,47,30,1550,4730,100,7.2153688314595117,6.8979260766021664,7.2153688314595117,6.700249281881165,True,False,True,True,False,True
mahler,320246,47,31,1600,4731,100,7.5398442241438124,6.7105901469920965,7.5398442241438124,6.5003122576118866,True,False,True,True,False,True
mahler,320246,47,32,1650,4732,100,7.8643196168281131,6.5232542173820276,7.8643196168281131,6.3003752333426091,True,False,True,True,False,True
mahler,320246,47,33,1700,4733,100,8.1887950095124147,6.3359182877719578,8.1887950095124147,6.1004382090733325,True,False,True,True,False,True
mahler,320246,47,34,1750,4734,100,8.5132704021967136,6.1485823581618897,8.5132704021967136,5.9005011848040541,True,False,True,True,False,True
mahler,320246,47,35,1800,4735,100,8.8377457948810161,5.961246428551819,8.8377457948810161,5.7005641605347774,True,False,True,True,False,True
mahler,320246,47,36,1850,4736,100,9.162221187565315,5.7739104989417509,9.162221187565315,5.500627136265499,True,False,True,True,False,True
mahler,320246,47,37,1900,4737,100,9.4866965802496175,5.5865745693316802,9.4866965802496175,5.3006901119962206,True,False,True,True,False,True
mahler,320246,47,38,1950,4738,100,9.8111719729339164,5.3992386397216121,9.8111719729339164,5.100753087726944,True,False,True,True,False,True
mahler,325813,48,6,350,4806,76,-0.41595511587800349,-4.1234803990879536,-0.41595511587800349,-4.1234803990879536,True,True,False,True,False,False
mahler,325813,48,7,400,4807,76,-0.12902348446877454,-4.3651624627991872,-0.12902348446877454,-4.3651624627991863,True,True,False,True,False,False
mahler,325813,48,8,450,4808,76,0.15790814694045441,-4.6068445265104208,0.15790814694045441,-4.6068445265104216,True,True,False,True,False,False
mahler,325813,48,9,500,4809,76,0.44483977834968336,-4.8485265902216543,0.44483977834968336,-4.8485265902216526,True,True,False,True,False,False
mahler,325813,48,10,550,4810,76,0.73177140975891186,-5.090208653932887,0.73177140975891186,-5.0902086539328879,True,True,False,True,False,False
mahler,325813,48,11,600,4811,76,1.0187030411681408,-5.3318907176441197,1.0187030411681408,-5.3318907176441206,True,True,False,True,False,False
mahler,325813,48,12,650,4812,76,1.3056346725773698,-5.5735727813553533,1.3056346725773698,-5.5735727813553551,True,True,False,True,False,False
mahler,325813,48,13,700,4813,76,1.5925663039865983,-5.8152548450665869,1.5925663039865983,-5.8152548450665877,True,True,False,True,False,False
mahler,325813,48,14,750,4814,76,1.8794979353958272,-6.0569369087778195,1.8794979353958272,-6.0569369087778195,True,True,False,True,False,False
mahler,325813,48,15,800,4815,76,2.1664295668050562,-6.2986189724890531,2.1664295668050562,-6.298618972489054,True,True,False,True,False,False
mahler,325813,48,16,850,4816,76,2.4533611982142851,-6.5403010362002867,2.4533611982142851,-6.5403010362002876,True,True,False,True,False,False
mahler,325813,48,17,900,4817,76,2.7402928296235141,-6.7819830999115194,2.7402928296235141,-6.7819830999115212,True,True,False,True,False,False
mahler,325813,48,18,950,4818,76,3.027224461032743,-7.0236651636227529,3.027224461032743,-7.0236651636227547,True,True,False,True,False,False
mahler,325813,48,19,1000,4819,76,3.314156092441972,-7.2653472273339865,3.314156092441972,-7.2653472273339901,True,True,False,True,False,False
mahler,325813,48,20,1050,4820,76,3.6010877238512,-7.5070292910452192,3.6010877238512,-7.507029291045221,True,True,False,True,False,False
mahler,325813,48,21,1100,4821,76,3.888019355260429,-7.7487113547564519,3.888019355260429,-7.748711354756451,True,True,False,True,False,False
mahler,325813,48,22,1150,4822,76,4.1749509866696579,-7.9903934184676855,4.1749509866696579,-7.9903934184676828,True,True,False,True,False,False
mahler,325813,48,23,1200,4823,76,4.4618826180788869,-8.232075482178919,4.4618826180788869,-8.2320754821789208,True,True,False,True,False,False
mahler,325813,48,24,1250,4824,76,4.7488142494881158,-8.4737575458901517,4.7488142494881158,-8.4737575458901535,True,True,False,True,False,False
mahler,325813,48,25,1300,4825,76,5.0357458808973448,-8.7154396096013862,5.0357458808973448,-8.715439609601388,True,True,False,True,False,False
mahler,325813,48,26,1350,4826,76,5.3226775123065737,-8.9571216733126189,5.3226775123065737,-8.9571216733126171,True,False,False,True,False,False
mahler,325813,48,27,1400,4827,76,5.6096091437158018,-9.1988037370238516,5.6096091437158018,-9.1988037370238498,True,False,True,True,False,False
mahler,325813,48,28,1450,4828,76,5.8965407751250316,-9.440485800735086,5.8965407751250316,-9.4404858007350896,True,False,True,True,False,False
mahler,325813,48,29,1500,4829,76,6.1834724065342597,-9.6821678644463169,6.1834724065342597,-9.6821678644463169,True,False,True,True,False,False
mahler,325813,48,30,1550,4830,76,6.4704040379434895,-9.7556283870928873,6.4704040379434895,-9.7673867640197702,True,False,True,True,False,True
mahler,325813,48,31,1600,4831,76,6.7573356693527176,-9.5148642198926652,6.7573356693527176,-9.5603447027645299,True,False,True,True,False,True
mahler,325813,48,32,1650,4832,76,7.0442673007619474,-9.2741000526924431,7.0442673007619474,-9.3533026415092859,True,False,True,True,False,True
mahler,325813,48,33,1700,4833,76,7.3311989321711755,-9.0333358854922228,7.3311989321711755,-9.1462605802540438,True,False,True,True,False,True
mahler,325813,48,34,1750,4834,76,7.6181305635804035,-8.7925717182920025,7.6181305635804035,-8.9392185189988016,True,False,True,True,False,True
mahler,325813,48,35,1800,4835,76,7.9050621949896334,-8.5518075510917804,7.9050621949896334,-8.7321764577435594,True,False,True,True,False,True
mahler,325813,48,36,1850,4836,76,8.1919938263988605,-8.3110433838915583,8.1919938263988605,-8.5251343964883191,True,False,True,True,False,True
mahler,325813,48,37,1900,4837,76,8.4789254578080921,-8.0702792166913362,8.4789254578080921,-8.3180923352330733,True,False,True,True,False,True
mahler,325813,48,38,1950,4838,76,8.7658570892173202,-7.829515049491115,8.7658570892173202,-8.111050273977833,True,False,True,True,False,True
mahler,325813,48,39,2000,4839,76,9.0527887206265483,-7.5887508822908938,9.0527887206265483,-7.9040082127225908,True,False,True,True,False,True
mahler,325813,48,40,2050,4840,76,9.3397203520357763,-7.3479867150906735,9.3397203520357763,-7.6969661514673495,True,False,True,True,False,True
mahler,325813,48,41,2100,4841,76,9.6266519834450044,-7.1072225478904532,9.6266519834450044,-7.4899240902121056,True,False,True,True,False,True
mahler,325813,48,42,2150,4842,76,9.913583614854236,-6.8664583806902293,9.913583614854236,-7.2828820289568643,True,False,True,True,False,True
mahler,328386,49,6,350,4906,102,-0.36187737367018524,-1.447640826546124,-0.36187737367018524,-1.4256872417729798,True,True,False,False,True,False
mahler,328386,49,7,400,4907,102,-0.035418308122103781,-1.6321658283729972,-0.035418308122103781,-1.5938539641185812,True,True,False,False,True,False
mahler,328386,49,8,450,4908,102,0.29104075742597768,-1.8166908301998705,0.29104075742597768,-1.7620206864641821,True,True,False,False,True,False
mahler,328386,49,9,500,4909,102,0.61749982297405914,-2.0012158320267437,0.61749982297405914,-1.9301874088097837,True,True,False,False,True,False
mahler,328386,49,10,550,4910,102,0.9439588885221406,-2.1857408338536168,0.9439588885221406,-2.0983541311553848,True,True,False,False,True,False
mahler,328386,49,11,600,4911,102,1.2704179540702221,-2.37026583568049,1.2704179540702221,-2.2665208535009862,True,True,False,False,True,False
mahler,328386,49,12,650,4912,102,1.5968770196183035,-2.5547908375073631,1.5968770196183035,-2.4346875758465871,True,True,False,False,True,False
mahler,328386,49,13,700,4913,102,1.923336085166385,-2.7393158393342363,1.923336085166385,-2.6028542981921885,True,True,False,False,True,False
mahler,328386,49,14,750,4914,102,2.2497951507144665,-2.9238408411611099,2.2497951507144665,-2.771021020537789,True,True,False,False,True,False
mahler,328386,49,15,800,4915,102,2.5762542162625479,-3.1083658429879826,2.5762542162625479,-2.9391877428833912,True,True,False,False,True,False
mahler,328386,49,16,850,4916,102,2.9027132818106294,-3.2928908448148562,2.9027132818106294,-3.1073544652289922,True,True,False,False,True,False
mahler,328386,49,17,900,4917,102,3.2291723473587108,-3.4774158466417293,3.2291723473587108,-3.2755211875745935,True,True,False,False,True,False
mahler,328386,49,18,950,4918,102,3.5556314129067923,-3.6619408484686025,3.5556314129067923,-3.443687909920194,True,True,False,False,True,False
mahler,328386,49,19,1000,4919,102,3.8820904784548738,-3.8464658502954756,3.8820904784548738,-3.6118546322657958,True,True,False,False,True,False
mahler,328386,49,20,1050,4920,102,4.2085495440029552,-4.0309908521223488,4.2085495440029552,-3.7800213546113968,True,True,False,False,True,False
mahler,328386,49,21,1100,4921,102,4.5350086095510367,-4.2155158539492223,4.5350086095510367,-3.9481880769569977,True,True,False,False,True,False
mahler,328386,49,22,1150,4922,102,4.8614676750991181,-4.4000408557760959,4.8614676750991181,-4.1163547993025995,True,True,False,False,True,False
mahler,328386,49,23,1200,4923,102,5.1879267406471996,-4.5845658576029686,5.1879267406471996,-4.2845215216482009,True,True,False,False,True,False
mahler,328386,49,24,1250,4924,102,5.5143858061952802,-4.7690908594298413,5.5143858061952802,-4.4526882439938014,True,False,False,False,True,False
mahler,328386,49,25,1300,4925,102,5.8408448717433625,-4.9536158612567149,5.8408448717433625,-4.6208549663394036,True,False,True,False,True,False
mahler,328386,49,26,1350,4926,102,6.1673039372914431,-5.1381408630835876,6.1673039372914431,-4.7890216886850041,True,False,True,False,True,False
mahler,328386,49,27,1400,4927,102,6.4937630028395255,-5.3226658649104612,6.4937630028395255,-4.9571884110306046,True,False,True,False,True,False
mahler,328386,49,28,1450,4928,102,6.820222068387606,-5.5071908667373339,6.820222068387606,-5.1253551333762077,True,False,True,False,True,False
mahler,328386,49,29,1500,4929,102,7.1466811339356884,-5.6917158685642075,7.1466811339356884,-5.29352185572181,True,False,True,False,True,False
mahler,328386,49,30,1550,4930,102,7.473140199483769,-5.8762408703910811,7.473140199483769,-5.4616885780674096,True,False,True,False,True,False
mahler,328386,49,31,1600,4931,102,7.7995992650318513,-6.0607658722179547,7.7995992650318513,-5.629855300413011,True,False,True,False,True,False
mahler,328386,49,32,1650,4932,102,8.1260583305799319,-6.2452908740448265,8.1260583305799319,-5.7980220227586123,True,False,True,False,True,False
mahler,328386,49,33,1700,4933,102,8.4525173961280142,-6.4298158758717001,8.4525173961280142,-5.9661887451042119,True,False,True,False,True,False
mahler,328386,49,34,1750,4934,102,8.7789764616760948,-6.6143408776985737,8.7789764616760948,-6.1343554674498142,True,False,True,False,True,False
mahler,328386,49,35,1800,4935,102,9.1054355272241772,-6.7988658795254473,9.1054355272241772,-6.3025221897954165,True,False,True,False,True,False
mahler,328386,49,36,1850,4936,102,9.4318945927722577,-6.9833908813523191,9.4318945927722577,-6.470688912141016,True,False,True,False,True,False
mahler,328386,49,37,1900,4937,102,9.7583536583203401,-7.1679158831791927,9.7583536583203401,-6.6388556344866183,True,False,True,False,True,False
mahler,330797,50,6,350,5006,93,-0.40399824402453444,0.88866263366230691,-0.40399824402453444,0.90693346749135939,True,True,False,False,True,False
mahler,330797,50,7,400,5007,93,-0.10919871836175687,0.65689068925850547,-0.10919871836175687,0.68876303398313965,True,True,False,False,True,False
mahler,330797,50,8,450,5008,93,0.18560080730102024,0.42511874485470436,0.18560080730102024,0.47059260047492019,True,True,False,False,True,False
mahler,330797,50,9,500,5009,93,0.48040033296379736,0.1933468004509033,0.48040033296379736,0.25242216696670083,True,True,False,False,True,False
mahler,330797,50,10,550,5010,93,0.77519985862657448,-0.038425143952897756,0.77519985862657448,0.034251733458481502,True,True,False,False,True,False
mahler,330797,50,11,600,5011,93,1.069999384289352,-0.2701970883566992,1.069999384289352,-0.18391870004973826,True,True,False,False,True,False
mahler,330797,50,12,650,5012,93,1.3647989099521292,-0.5019690327605002,1.3647989099521292,-0.40208913355795767,True,True,False,False,True,False
mahler,330797,50,13,700,5013,93,1.6595984356149058,-0.73374097716430087,1.6595984356149058,-0.62025956706617658,True,True,False,False,True,False
mahler,330797,50,14,750,5014,93,1.9543979612776834,-0.96551292156810242,1.9543979612776834,-0.83843000057439632,True,True,False,False,True,False
mahler,330797,50,15,800,5015,93,2.249197486940461,-1.1972848659719038,2.249197486940461,-1.0566004340826163,True,True,False,False,True,False
mahler,330797,50,16,850,5016,93,2.5439970126032376,-1.4290568103757046,2.5439970126032376,-1.2747708675908351,True,True,False,False,True,False
mahler,330797,50,17,900,5017,93,2.8387965382660152,-1.6608287547795058,2.8387965382660152,-1.4929413010990553,True,True,False,False,True,False
mahler,330797,50,18,950,5018,93,3.1335960639287928,-1.8926006991833073,3.1335960639287928,-1.7111117346072755,True,True,False,False,True,False
mahler,330797,50,19,1000,5019,93,3.4283955895915694,-2.1243726435871082,3.4283955895915694,-1.9292821681154937,True,True,False,False,True,False
mahler,330797,50,20,1050,5020,93,3.723195115254347,-2.3561445879909098,3.723195115254347,-2.1474526016237134,True,True,False,False,True,False
mahler,330797,50,21,1100,5021,93,4.0179946409171237,-2.5879165323947104,4.0179946409171237,-2.3656230351319323,True,True,False,False,True,False
mahler,330797,50,22,1150,5022,93,4.3127941665799012,-2.819688476798512,4.3127941665799012,-2.5837934686401516,True,True,False,False,True,False
mahler,330797,50,23,1200,5023,93,4.6075936922426788,-3.0514604212023126,4.6075936922426788,-2.8019639021483727,True,True,False,False,True,False
mahler,330797,50,24,1250,5024,93,4.9023932179054555,-3.2832323656061142,4.9023932179054555,-3.020134335656592,True,True,False,False,True,False
mahler,330797,50,25,1300,5025,93,5.197192743568233,-3.5150043100099149,5.197192743568233,-3.2383047691648104,True,False,False,False,True,False
mahler,330797,50,26,1350,5026,93,5.4919922692310097,-3.7467762544137155,5.4919922692310097,-3.4564752026730297,True,False,True,False,True,False
mahler,330797,50,27,1400,5027,93,5.7867917948937864,-3.9785481988175162,5.7867917948937864,-3.6746456361812481,True,False,True,False,True,False
mahler,330797,50,28,1450,5028,93,6.0815913205565648,-4.2103201432213186,6.0815913205565648,-3.8928160696894683,True,False,True,False,True,False
mahler,330797,50,29,1500,5029,93,6.3763908462193415,-4.4420920876251193,6.3763908462193415,-4.1109865031976867,True,False,True,False,True,False
mahler,330797,50,30,1550,5030,93,6.6711903718821182,-4.67386403202892,6.6711903718821182,-4.3291569367059077,True,False,True,False,True,False
mahler,330797,50,31,1600,5031,93,6.9659898975448966,-4.9056359764327224,6.9659898975448966,-4.5473273702141279,True,False,True,False,True,False
mahler,330797,50,32,1650,5032,93,7.2607894232076733,-5.1374079208365231,7.2607894232076733,-4.7654978037223463,True,False,True,False,True,False
mahler,330797,50,33,1700,5033,93,7.55558894887045,-5.3691798652403238,7.55558894887045,-4.9836682372305656,True,False,True,False,True,False
mahler,330797,50,34,1750,5034,93,7.8503884745332284,-5.6009518096441253,7.8503884745332284,-5.2018386707387849,True,False,True,False,True,False
mahler,330797,50,35,1800,5035,93,8.1451880001960042,-5.832723754047926,8.1451880001960042,-5.4200091042470042,True,False,True,False,True,False
mahler,330797,50,36,1850,5036,93,8.4399875258587826,-6.0644956984517275,8.4399875258587826,-5.6381795377552271,True,False,True,False,True,False
mahler,330797,50,37,1900,5037,93,8.7347870515215611,-6.29626764285553,8.7347870515215611,-5.8563499712634437,True,False,True,False,True,False
mahler,330797,50,38,1950,5038,93,9.029586577184336,-6.5280395872593289,9.029586577184336,-6.074520404771663,True,False,True,False,True,False
mahler,330797,50,39,2000,5039,93,9.3243861028471144,-6.7598115316631313,9.3243861028471144,-6.2926908382798858,True,False,True,False,True,False
mahler,330797,50,40,2050,5040,93,9.6191856285098893,-6.9915834760669311,9.6191856285098893,-6.5108612717881025,True,False,True,False,True,False
mahler,330797,50,41,2100,5041,93,9.9139851541726678,-7.2233554204707326,9.9139851541726678,-6.7290317052963218,True,False,True,False,True,False
mahler,332165,51,6,350,5106,81,-0.58368607768743264,2.1698699936482102,-0.58368607768743264,2.1698699936482098,True,True,False,True,False,False
mahler,332165,51,7,400,5107,81,-0.41455003700806281,1.8335509685809102,-0.41455003700806281,1.8335509685809099,True,True,False,True,False,False
mahler,332165,51,8,450,5108,81,-0.24541399632869298,1.4972319435136097,-0.24541399632869298,1.4972319435136097,True,True,False,True,False,False
mahler,332165,51,9,500,5109,81,-0.076277955649323159,1.1609129184463094,-0.076277955649323159,1.1609129184463092,True,True,False,True,False,False
mahler,332165,51,10,550,5110,81,0.092858085030046666,0.82459389337900912,0.092858085030046666,0.82459389337900901,True,True,False,True,False,False
mahler,332165,51,11,600,5111,81,0.26199412570941649,0.48827486831170874,0.26199412570941649,0.48827486831170874,True,True,False,True,False,False
mahler,332165,51,12,650,5112,81,0.4311301663887861,0.15195584324440892,0.4311301663887861,0.15195584324440894,True,True,False,True,False,False
mahler,332165,51,13,700,5113,81,0.60026620706815614,-0.18436318182289191,0.60026620706815614,-0.18436318182289191,True,True,False,True,False,False
mahler,332165,51,14,750,5114,81,0.76940224774752575,-0.52068220689019173,0.76940224774752575,-0.52068220689019185,True,True,False,True,False,False
mahler,332165,51,15,800,5115,81,0.93853828842689579,-0.85700123195749245,0.93853828842689579,-0.85700123195749256,True,True,False,True,False,False
mahler,332165,51,16,850,5116,81,1.1076743291062654,-1.1933202570247923,1.1076743291062654,-1.1933202570247923,True,True,False,True,False,False
mahler,332165,51,17,900,5117,81,1.2768103697856354,-1.5296392820920934,1.2768103697856354,-1.5296392820920934,True,True,False,True,False,False
mahler,332165,51,18,950,5118,81,1.445946410465005,-1.8659583071593933,1.445946410465005,-1.8659583071593933,True,True,False,True,False,False
mahler,332165,51,19,1000,5119,81,1.6150824511443751,-2.2022773322266938,1.6150824511443751,-2.2022773322266933,True,True,False,True,False,False
mahler,332165,51,20,1050,5120,81,1.7842184918237447,-2.5385963572939936,1.7842184918237447,-2.5385963572939936,True,True,False,True,False,False
mahler,332165,51,21,1100,5121,81,1.9533545325031147,-2.8749153823612943,1.9533545325031147,-2.8749153823612943,True,True,False,True,False,False
mahler,332165,51,22,1150,5122,81,2.1224905731824846,-3.211234407428595,2.1224905731824846,-3.211234407428595,True,True,False,True,False,False
mahler,332165,51,23,1200,5123,81,2.2916266138618546,-3.5475534324958957,2.2916266138618546,-3.5475534324958953,True,True,False,True,False,False
mahler,332165,51,24,1250,5124,81,2.4607626545412238,-3.8838724575631947,2.4607626545412238,-3.8838724575631938,True,True,False,True,False,False
mahler,332165,51,25,1300,5125,81,2.6298986952205938,-4.2201914826304954,2.6298986952205938,-4.2201914826304963,True,True,False,True,False,False
mahler,332165,51,26,1350,5126,81,2.7990347358999639,-4.5565105076977961,2.7990347358999639,-4.5565105076977952,True,True,False,True,False,False
mahler,332165,51,27,1400,5127,81,2.9681707765793339,-4.8928295327650968,2.9681707765793339,-4.8928295327650986,True,True,False,True,False,False
mahler,332165,51,28,1450,5128,81,3.1373068172587031,-5.2291485578323957,3.1373068172587031,-5.2291485578323957,True,True,False,True,False,False
mahler,332165,51,29,1500,5129,81,3.3064428579380731,-5.5654675828996965,3.3064428579380731,-5.5654675828996973,True,True,False,True,False,False
mahler,332165,51,30,1550,5130,81,3.4755788986174432,-5.9017866079669972,3.4755788986174432,-5.9017866079669972,True,True,False,True,False,False
mahler,332165,51,31,1600,5131,81,3.6447149392968132,-6.2381056330342979,3.6447149392968132,-6.238105633034297,True,True,False,True,False,False
mahler,332165,51,32,1650,5132,81,3.8138509799761824,-6.5744246581015968,3.8138509799761824,-6.5744246581015977,True,True,False,True,False,False
mahler,332165,51,33,1700,5133,81,3.9829870206555524,-6.9107436831688975,3.9829870206555524,-6.9107436831688975,True,True,False,True,False,False
mahler,332165,51,34,1750,5134,81,4.1521230613349225,-7.2470627082361982,4.1521230613349225,-7.2470627082361982,True,True,False,True,False,False
mahler,332165,51,35,1800,5135,81,4.3212591020142925,-7.583381733303499,4.3212591020142925,-7.583381733303499,True,True,False,True,False,False
mahler,332165,51,36,1850,5136,81,4.4903951426936617,-7.9197007583707979,4.4903951426936617,-7.9197007583707961,True,True,False,True,False,False
mahler,332165,51,37,1900,5137,81,4.6595311833730317,-8.2560197834380986,4.6595311833730317,-8.2560197834380968,True,True,False,True,False,False
mahler,332165,51,38,1950,5138,81,4.8286672240524018,-8.5923388085053993,4.8286672240524018,-8.5923388085054011,True,True,False,True,False,False
mahler,332165,51,39,2000,5139,81,4.9978032647317718,-8.9286578335727,4.9978032647317718,-8.9286578335727,True,True,False,True,False,False
mahler,332165,51,40,2050,5140,81,5.166939305411141,-9.264976858639999,5.166939305411141,-9.264976858639999,True,False,False,True,False,False
mahler,332165,51,41,2100,5141,81,5.336075346090511,-9.6012958837073015,5.336075346090511,-9.6012958837073032,True,False,True,True,False,False
mahler,332165,51,42,2150,5142,81,5.5052113867698811,-9.8776126113741682,5.5052113867698811,-9.8963250015339916,True,False,True,True,False,True
mahler,332165,51,43,2200,5143,81,5.6743474274492511,-9.5456644484984459,5.6743474274492511,-9.7727834646303364,True,False,True,True,False,True
mahler,332165,51,44,2250,5144,81,5.8434834681286203,-9.2137162856227253,5.8434834681286203,-9.6492419277266812,True,False,True,True,False,True
mahler,332165,51,45,2300,5145,81,6.0126195088079903,-8.8817681227470029,6.0126195088079903,-9.525700390823026,True,False,True,True,False,True
mahler,332165,51,46,2350,5146,81,6.1817555494873604,-8.5498199598712805,6.1817555494873604,-9.4021588539193708,True,False,True,True,False,True
mahler,332165,51,47,2400,5147,81,6.3508915901667304,-8.2178717969955581,6.3508915901667304,-9.2786173170157156,True,False,True,True,False,True
mahler,332165,51,48,2450,5148,81,6.5200276308460996,-7.8859236341198375,6.5200276308460996,-9.1550757801120621,True,False,True,True,False,True
mahler,332165,51,49,2500,5149,81,6.6891636715254688,-7.5539754712441169,6.6891636715254688,-9.0315342432084087,True,False,True,True,False,True
mahler,332165,51,50,2550,5150,81,6.8582997122048397,-7.2220273083683928,6.8582997122048397,-8.9079927063047535,True,False,True,True,False,True
mahler,332165,51,51,2600,5151,81,7.0274357528842089,-6.8900791454926722,7.0274357528842089,-8.7844511694010983,True,False,True,True,False,True
mahler,332165,51,52,2650,5152,81,7.1965717935635798,-6.5581309826169498,7.1965717935635798,-8.6609096324974431,True,False,True,True,False,True
mahler,332165,51,53,2700,5153,81,7.3657078342429489,-6.2261828197412292,7.3657078342429489,-8.5373680955937896,True,False,True,True,False,True
mahler,332165,51,54,2750,5154,81,7.5348438749223181,-5.8942346568655086,7.5348438749223181,-8.4138265586901344,True,False,True,True,False,True
mahler,332165,51,55,2800,5155,81,7.703979915601689,-5.5622864939897845,7.703979915601689,-8.290285021786481,True,False,True,True,False,True
mahler,332165,51,56,2850,5156,81,7.8731159562810582,-5.2303383311140639,7.8731159562810582,-8.1667434848828258,True,False,True,True,False,True
mahler,332165,51,57,2900,5157,81,8.0422519969604274,-4.8983901682383433,8.0422519969604274,-8.0432019479791705,True,False,True,True,False,True
mahler,332165,51,58,2950,5158,81,8.2113880376397983,-4.5664420053626174,8.2113880376397983,-7.9196604110755171,True,False,True,True,False,True
mahler,332165,51,59,3000,5159,81,8.3805240783191675,-4.2344938424868985,8.3805240783191675,-7.7961188741718628,True,False,True,True,False,True
mahler,332165,51,60,3050,5160,81,8.5496601189985384,-3.9025456796111762,8.5496601189985384,-7.6725773372682067,True,False,True,True,False,True
mahler,332165,51,61,3100,5161,81,8.7187961596779076,-3.5705975167354538,8.7187961596779076,-7.5490358003645524,True,False,True,True,False,True
mahler,332165,51,62,3150,5162,81,8.8879322003572767,-3.238649353859735,8.8879322003572767,-7.425494263460898,True,False,True,True,False,True
mahler,332165,51,63,3200,5163,81,9.0570682410366476,-2.906701190984009,9.0570682410366476,-7.3019527265572419,True,False,True,True,False,True
mahler,332165,51,64,3250,5164,81,9.2262042817160168,-2.5747530281082902,9.2262042817160168,-7.1784111896535912,True,False,True,True,False,True
mahler,332165,51,65,3300,5165,81,9.395340322395386,-2.2428048652325678,9.395340322395386,-7.054869652749935,True,False,True,True,False,True
mahler,332165,51,66,3350,5166,81,9.5644763630747569,-1.9108567023568455,9.5644763630747569,-6.9313281158462789,True,False,True,True,False,True
mahler,332165,51,67,3400,5167,81,9.7336124037541261,-1.5789085394811231,9.7336124037541261,-6.8077865789426246,True,False,True,True,False,True
mahler,332165,51,68,3450,5168,81,9.902748444433497,-1.2469603766054007,9.902748444433497,-6.6842450420389703,True,False,True,True,False,True
mahler,340684,52,6,350,5206,173,-0.39003199069933481,-6.5282121966424524,-0.39003199069933481,-6.5282121966424524,True,True,False,True,False,False
mahler,340684,52,7,400,5207,173,-0.22969484321922184,-6.6261185068933566,-0.22969484321922184,-6.6261185068933575,True,True,False,True,False,False
mahler,340684,52,8,450,5208,173,-0.06935769573910866,-6.7240248171442607,-0.06935769573910866,-6.7240248171442598,True,True,False,True,False,False
mahler,340684,52,9,500,5209,173,0.090979451741004302,-6.8219311273951648,0.090979451741004302,-6.8219311273951648,True,True,False,True,False,False
mahler,340684,52,10,550,5210,173,0.25131659922111727,-6.919837437646069,0.25131659922111727,-6.9198374376460672,True,True,False,True,False,False
mahler,340684,52,11,600,5211,173,0.41165374670123023,-7.0177437478969731,0.41165374670123023,-7.0177437478969713,True,True,False,True,False,False
mahler,340684,52,12,650,5212,173,0.57199089418134319,-7.1156500581478772,0.57199089418134319,-7.1156500581478754,True,True,False,True,False,False
mahler,340684,52,13,700,5213,173,0.73232804166145593,-7.2135563683987813,0.73232804166145593,-7.213556368398784,True,True,False,True,False,False
mahler,340684,52,14,750,5214,173,0.89266518914156912,-7.3114626786496855,0.89266518914156912,-7.3114626786496864,True,True,False,True,False,False
mahler,340684,52,15,800,5215,173,1.0530023366216819,-7.4093689889005896,1.0530023366216819,-7.4093689889005914,True,True,False,True,False,False
mahler,340684,52,16,850,5216,173,1.213339484101795,-7.5072752991514937,1.213339484101795,-7.5072752991514928,True,True,False,True,False,False
mahler,340684,52,17,900,5217,173,1.3736766315819082,-7.6051816094023978,1.3736766315819082,-7.6051816094023978,True,True,False,True,False,False
mahler,340684,52,18,950,5218,173,1.534013779062021,-7.703087919653302,1.534013779062021,-7.7030879196533002,True,True,False,True,False,False
mahler,340684,52,19,1000,5219,173,1.6943509265421342,-7.8009942299042061,1.6943509265421342,-7.8009942299042052,True,True,False,True,False,False
mahler,340684,52,20,1050,5220,173,1.8546880740222469,-7.8989005401551102,1.8546880740222469,-7.8989005401551085,True,True,False,True,False,False
mahler,340684,52,21,1100,5221,173,2.0150252215023601,-7.9968068504060144,2.0150252215023601,-7.9968068504060144,True,True,False,True,False,False
mahler,340684,52,22,1150,5222,173,2.1753623689824728,-8.0947131606569176,2.1753623689824728,-8.0947131606569194,True,True,False,True,False,False
mahler,340684,52,23,1200,5223,173,2.335699516462586,-8.1926194709078217,2.335699516462586,-8.1926194709078253,True,True,False,True,False,False
mahler,340684,52,24,1250,5224,173,2.4960366639426992,-8.2905257811587276,2.4960366639426992,-8.2905257811587258,True,True,False,True,False,False
mahler,340684,52,25,1300,5225,173,2.6563738114228119,-8.38843209140963,2.6563738114228119,-8.3884320914096282,True,True,False,True,False,False
mahler,340684,52,26,1350,5226,173,2.8167109589029247,-8.4863384016605341,2.8167109589029247,-8.4863384016605341,True,True,False,True,False,False
mahler,340684,52,27,1400,5227,173,2.9770481063830374,-8.5842447119114382,2.9770481063830374,-8.5842447119114382,True,True,False,True,False,False
mahler,340684,52,28,1450,5228,173,3.137385253863151,-8.6821510221623441,3.137385253863151,-8.6821510221623441,True,True,False,True,False,False
mahler,340684,52,29,1500,5229,173,3.2977224013432638,-8.7800573324132465,3.2977224013432638,-8.7800573324132483,True,True,False,True,False,False
mahler,340684,52,30,1550,5230,173,3.4580595488233765,-8.8779636426641524,3.4580595488233765,-8.8779636426641524,True,True,False,True,False,False
mahler,340684,52,31,1600,5231,173,3.6183966963034893,-8.9758699529150547,3.6183966963034893,-8.9758699529150547,True,True,False,True,False,False
mahler,340684,52,32,1650,5232,173,3.7787338437836029,-9.0737762631659606,3.7787338437836029,-9.0737762631659624,True,True,False,True,False,False
mahler,340684,52,33,1700,5233,173,3.9390709912637156,-9.171682573416863,3.9390709912637156,-9.171682573416863,True,True,False,True,False,False
mahler,340684,52,34,1750,5234,173,4.0994081387438284,-9.2695888836677689,4.0994081387438284,-9.2695888836677671,True,True,False,True,False,False
mahler,340684,52,35,1800,5235,173,4.259745286223942,-9.367495193918673,4.259745286223942,-9.3674951939186712,True,True,False,True,False,False
mahler,340684,52,36,1850,5236,173,4.4200824337040547,-9.4654015041695772,4.4200824337040547,-9.4654015041695772,True,True,False,True,False,False
mahler,340684,52,37,1900,5237,173,4.5804195811841675,-9.5633078144204795,4.5804195811841675,-9.5633078144204813,True,True,False,True,False,False
mahler,340684,52,38,1950,5238,173,4.7407567286642802,-9.6612141246713854,4.7407567286642802,-9.6612141246713872,True,True,False,True,False,False
mahler,340684,52,39,2000,5239,173,4.9010938761443938,-9.7591204349222878,4.9010938761443938,-9.7591204349222878,True,True,False,True,False,False
mahler,340684,52,40,2050,5240,173,5.0614310236245066,-9.7836520613119617,5.0614310236245066,-9.7759548151985776,True,False,False,True,False,True
mahler,340684,52,41,2100,5241,173,5.2217681711046193,-9.6873117848786681,5.2217681711046193,-9.6592374317617153,True,False,True,True,False,True
mahler,340684,52,42,2150,5242,173,5.3821053185847321,-9.5909715084453744,5.3821053185847321,-9.5425200483248567,True,False,True,True,False,True
mahler,340684,52,43,2200,5243,173,5.5424424660648457,-9.4946312320120789,5.5424424660648457,-9.4258026648879927,True,False,True,True,False,True
mahler,340684,52,44,2250,5244,173,5.7027796135449584,-9.3982909555787852,5.7027796135449584,-9.309085281451134,True,False,True,True,False,True
mahler,340684,52,45,2300,5245,173,5.8631167610250712,-9.3019506791454916,5.8631167610250712,-9.1923678980142718,True,False,True,True,False,True
mahler,340684,52,46,2350,5246,173,6.0234539085051839,-9.2056104027121979,6.0234539085051839,-9.0756505145774113,True,False,True,True,False,True
mahler,340684,52,47,2400,5247,173,6.1837910559852975,-9.1092701262789024,6.1837910559852975,-8.9589331311405491,True,False,True,True,False,True
mahler,340684,52,48,2450,5248,173,6.3441282034654103,-9.0129298498456087,6.3441282034654103,-8.8422157477036887,True,False,True,True,False,True
mahler,340684,52,49,2500,5249,173,6.5044653509455239,-8.9165895734123151,6.5044653509455239,-8.7254983642668247,True,False,True,True,False,True
mahler,340684,52,50,2550,5250,173,6.6648024984256358,-8.8202492969790214,6.6648024984256358,-8.608780980829966,True,False,True,True,False,True
mahler,340684,52,51,2600,5251,173,6.8251396459057494,-8.7239090205457259,6.8251396459057494,-8.4920635973931038,True,False,True,True,False,True
mahler,340684,52,52,2650,5252,173,6.985476793385863,-8.6275687441124322,6.985476793385863,-8.3753462139562416,True,False,True,True,False,True
mahler,340684,52,53,2700,5253,173,7.1458139408659749,-8.5312284676791386,7.1458139408659749,-8.2586288305193829,True,False,True,True,False,True
mahler,340684,52,54,2750,5254,173,7.3061510883460885,-8.4348881912458431,7.3061510883460885,-8.1419114470825189,True,False,True,True,False,True
mahler,340684,52,55,2800,5255,173,7.4664882358262004,-8.3385479148125512,7.4664882358262004,-8.0251940636456585,True,False,True,True,False,True
mahler,340684,52,56,2850,5256,173,7.626825383306314,-8.2422076383792557,7.626825383306314,-7.9084766802087962,True,False,True,True,False,True
mahler,340684,52,57,2900,5257,173,7.7871625307864276,-8.1458673619459603,7.7871625307864276,-7.7917592967719349,True,False,True,True,False,True
mahler,340684,52,58,2950,5258,173,7.9474996782665395,-8.0495270855126684,7.9474996782665395,-7.6750419133350762,True,False,True,True,False,True
mahler,340684,52,59,3000,5259,173,8.1078368257466522,-7.9531868090793738,8.1078368257466522,-7.5583245298982149,True,False,True,True,False,True
mahler,340684,52,60,3050,5260,173,8.2681739732267658,-7.8568465326460792,8.2681739732267658,-7.4416071464613536,True,False,True,True,False,True
mahler,340684,52,61,3100,5261,173,8.4285111207068795,-7.7605062562127847,8.4285111207068795,-7.3248897630244922,True,False,True,True,False,True
mahler,340684,52,62,3150,5262,173,8.5888482681869931,-7.6641659797794901,8.5888482681869931,-7.2081723795876274,True,False,True,True,False,True
mahler,340684,52,63,3200,5263,173,8.7491854156671032,-7.5678257033461982,8.7491854156671032,-7.0914549961507687,True,False,True,True,False,True
mahler,340684,52,64,3250,5264,173,8.9095225631472168,-7.4714854269129036,8.9095225631472168,-6.9747376127139074,True,False,True,True,False,True
mahler,340684,52,65,3300,5265,173,9.0698597106273304,-7.3751451504796091,9.0698597106273304,-6.858020229277046,True,False,True,True,False,True
mahler,340684,52,66,3350,5266,173,9.2301968581074441,-7.2788048740463145,9.2301968581074441,-6.7413028458401847,True,False,True,True,False,True
mahler,340684,52,67,3400,5267,173,9.3905340055875577,-7.1824645976130199,9.3905340055875577,-6.6245854624033234,True,False,True,True,False,True
mahler,340684,52,68,3450,5268,173,9.5508711530676713,-7.0861243211797253,9.5508711530676713,-6.507868078966462,True,False,True,True,False,True
mahler,340684,52,69,3500,5269,173,9.7112083005477814,-6.9897840447464326,9.7112083005477814,-6.3911506955296016,True,False,True,True,False,True
mahler,340684,52,70,3550,5270,173,9.871545448027895,-6.8934437683131389,9.871545448027895,-6.2744333120927402,True,False,True,True,False,True
mahler,351612,53,6,350,5306,94,-0.25574725461344561,4.0324773467104897,-0.25574725461344561,4.0524719474815116,True,True,False,False,True,False
mahler,351612,53,7,400,5307,94,0.00061188379201126963,3.7587895801636071,0.00061188379201126963,3.7936737438090105,True,True,False,False,True,False
mahler,351612,53,8,450,5308,94,0.25697102219746837,3.4851018136167244,0.25697102219746837,3.5348755401365062,True,True,False,False,True,False
mahler,351612,53,9,500,5309,94,0.51333016060292547,3.2114140470698418,0.51333016060292547,3.2760773364640041,True,True,False,False,True,False
mahler,351612,53,10,550,5310,94,0.76968929900838257,2.9377262805229591,0.76968929900838257,3.0172791327915016,True,True,False,False,True,False
mahler,351612,53,11,600,5311,94,1.0260484374138401,2.6640385139760761,1.0260484374138401,2.7584809291189996,True,True,False,False,True,False
mahler,351612,53,12,650,5312,94,1.2824075758192972,2.3903507474291934,1.2824075758192972,2.4996827254464975,True,True,False,False,True,False
mahler,351612,53,13,700,5313,94,1.5387667142247543,2.1166629808823108,1.5387667142247543,2.2408845217739946,True,True,False,False,True,False
mahler,351612,53,14,750,5314,94,1.7951258526302114,1.8429752143354281,1.7951258526302114,1.9820863181014927,True,True,False,False,True,False
mahler,351612,53,15,800,5315,94,2.0514849910356681,1.5692874477885459,2.0514849910356681,1.7232881144289911,True,True,False,False,True,False
mahler,351612,53,16,850,5316,94,2.3078441294411256,1.2955996812416628,2.3078441294411256,1.4644899107564888,True,True,False,False,True,False
mahler,351612,53,17,900,5317,94,2.5642032678465823,1.0219119146947806,2.5642032678465823,1.2056917070839865,True,True,False,False,True,False
mahler,351612,53,18,950,5318,94,2.8205624062520398,0.74822414814789751,2.8205624062520398,0.94689350341148393,True,True,False,False,True,False
mahler,351612,53,19,1000,5319,94,3.0769215446574965,0.4745363816010153,3.0769215446574965,0.68809529973898209,True,True,False,False,True,False
mahler,351612,53,20,1050,5320,94,3.333280683062954,0.20084861505413221,3.333280683062954,0.42929709606647892,True,True,False,False,True,False
mahler,351612,53,21,1100,5321,94,3.5896398214684107,-0.072839151492749554,3.5896398214684107,0.17049889239397695,True,True,False,False,True,False
mahler,351612,53,22,1150,5322,94,3.8459989598738682,-0.34652691803963265,3.8459989598738682,-0.088299311278526096,True,True,False,False,True,False
mahler,351612,53,23,1200,5323,94,4.1023580982793257,-0.62021468458651619,4.1023580982793257,-0.34709751495102881,True,True,False,False,True,False
mahler,351612,53,24,1250,5324,94,4.3587172366847824,-0.89390245113339795,4.3587172366847824,-0.60589571862352931,True,True,False,False,True,False
mahler,351612,53,25,1300,5325,94,4.6150763750902399,-1.1675902176802815,4.6150763750902399,-0.86469392229603248,True,True,False,False,True,False
mahler,351612,53,26,1350,5326,94,4.8714355134956966,-1.4412779842271632,4.8714355134956966,-1.1234921259685353,True,True,False,False,True,False
mahler,351612,53,27,1400,5327,94,5.1277946519011541,-1.7149657507740468,5.1277946519011541,-1.382290329641038,True,True,False,False,True,False
mahler,351612,53,28,1450,5328,94,5.3841537903066108,-1.9886535173209285,5.3841537903066108,-1.641088533313539,True,False,False,False,True,False
mahler,351612,53,29,1500,5329,94,5.6405129287120683,-2.2623412838678121,5.6405129287120683,-1.8998867369860417,True,False,True,False,True,False
mahler,351612,53,30,1550,5330,94,5.896872067117525,-2.5360290504146938,5.896872067117525,-2.1586849406585435,True,False,True,False,True,False
mahler,351612,53,31,1600,5331,94,6.1532312055229816,-2.8097168169615756,6.1532312055229816,-2.4174831443310452,True,False,True,False,True,False
mahler,351612,53,32,1650,5332,94,6.4095903439284392,-3.0834045835084591,6.4095903439284392,-2.6762813480035481,True,False,True,False,True,False
mahler,351612,53,33,1700,5333,94,6.6659494823338967,-3.3570923500553427,6.6659494823338967,-2.9350795516760502,True,False,True,False,True,False
mahler,351612,53,34,1750,5334,94,6.9223086207393543,-3.6307801166022253,6.9223086207393543,-3.1938777553485544,True,False,True,False,True,False
mahler,351612,53,35,1800,5335,94,7.17866775914481,-3.9044678831491062,7.17866775914481,-3.4526759590210547,True,False,True,False,True,False
mahler,351612,53,36,1850,5336,94,7.4350268975502676,-4.1781556496959897,7.4350268975502676,-3.7114741626935568,True,False,True,False,True,False
mahler,351612,53,37,1900,5337,94,7.6913860359557251,-4.4518434162428724,7.6913860359557251,-3.9702723663660606,True,False,True,False,True,False
mahler,351612,53,38,1950,5338,94,7.9477451743611827,-4.7255311827897559,7.9477451743611827,-4.2290705700385631,True,False,True,False,True,False
mahler,351612,53,39,2000,5339,94,8.2041043127666384,-4.9992189493366377,8.2041043127666384,-4.4878687737110647,True,False,True,False,True,False
mahler,351612,53,40,2050,5340,94,8.460463451172096,-5.2729067158835194,8.460463451172096,-4.7466669773835664,True,False,True,False,True,False
mahler,351612,53,41,2100,5341,94,8.7168225895775535,-5.546594482430403,8.7168225895775535,-5.0054651810560689,True,False,True,False,True,False
mahler,351612,53,42,2150,5342,94,8.9731817279830111,-5.8202822489772865,8.9731817279830111,-5.2642633847285722,True,False,True,False,True,False
mahler,351612,53,43,2200,5343,94,9.2295408663884668,-6.0939700155241683,9.2295408663884668,-5.523061588401073,True,False,True,False,True,False
mahler,351612,53,44,2250,5344,94,9.4859000047939244,-6.36765778207105,9.4859000047939244,-5.7818597920735764,True,False,True,False,True,False
mahler,351612,53,45,2300,5345,94,9.7422591431993819,-6.6413455486179336,9.7422591431993819,-6.0406579957460798,True,False,True,False,True,False
mahler,356164,54,6,350,5406,104,0.050994152349721045,-8.7743834725599097,0.050994152349721045,-8.7241955602147545,True,True,False,False,True,False
mahler,356164,54,7,400,5407,104,0.38636883725493387,-8.6066073791923028,0.38636883725493387,-8.5190979406413891,True,True,False,False,True,False
mahler,356164,54,8,450,5408,104,0.7217435221601467,-8.4388312858246941,0.7217435221601467,-8.314000321068022,True,True,False,False,True,False
mahler,356164,54,9,500,5409,104,1.0571182070653591,-8.2710551924570872,1.0571182070653591,-8.1089027014946549,True,True,False,False,True,False
mahler,356164,54,10,550,5410,104,1.3924928919705719,-8.1032790990894803,1.3924928919705719,-7.9038050819212895,True,True,False,False,True,False
mahler,356164,54,11,600,5411,104,1.7278675768757843,-7.9355030057218743,1.7278675768757843,-7.6987074623479241,True,True,False,False,True,False
mahler,356164,54,12,650,5412,104,2.0632422617809976,-7.7677269123542665,2.0632422617809976,-7.4936098427745561,True,True,False,False,True,False
mahler,356164,54,13,700,5413,104,2.3986169466862099,-7.5999508189866596,2.3986169466862099,-7.2885122232011899,True,True,False,False,True,False
mahler,356164,54,14,750,5414,104,2.7339916315914232,-7.4321747256190527,2.7339916315914232,-7.0834146036278236,True,True,False,False,True,False
mahler,356164,54,15,800,5415,104,3.0693663164966356,-7.2643986322514458,3.0693663164966356,-6.8783169840544556,True,True,False,False,True,False
mahler,356164,54,16,850,5416,104,3.404741001401848,-7.0966225388838389,3.404741001401848,-6.6732193644810902,True,True,False,False,True,False
mahler,356164,54,17,900,5417,104,3.7401156863070613,-6.9288464455162311,3.7401156863070613,-6.468121744907724,True,True,False,False,True,False
mahler,356164,54,18,950,5418,104,4.0754903712122736,-6.7610703521486242,4.0754903712122736,-6.2630241253343586,True,True,False,False,True,False
mahler,356164,54,19,1000,5419,104,4.410865056117486,-6.5932942587810173,4.410865056117486,-6.0579265057609932,True,True,False,False,True,False
mahler,356164,54,20,1050,5420,104,4.7462397410226993,-6.4255181654134095,4.7462397410226993,-5.8528288861876252,True,True,False,False,True,False
mahler,356164,54,21,1100,5421,104,5.0816144259279117,-6.2577420720458026,5.0816144259279117,-5.6477312666142589,True,True,False,False,True,False
mahler,356164,54,22,1150,5422,104,5.4169891108331241,-6.0899659786781957,5.4169891108331241,-5.4426336470408936,True,False,False,False,True,False
mahler,356164,54,23,1200,5423,104,5.7523637957383364,-5.9221898853105897,5.7523637957383364,-5.2375360274675264,True,False,True,False,True,False
mahler,356164,54,24,1250,5424,104,6.0877384806435497,-5.7544137919429819,6.0877384806435497,-5.0324384078941611,True,False,True,False,True,False
mahler,356164,54,25,1300,5425,104,6.423113165548763,-5.586637698575375,6.423113165548763,-4.8273407883207939,True,False,True,False,True,False
mahler,356164,54,26,1350,5426,104,6.7584878504539745,-5.4188616052077681,6.7584878504539745,-4.6222431687474277,True,False,True,False,True,False
mahler,356164,54,27,1400,5427,104,7.0938625353591878,-5.2510855118401611,7.0938625353591878,-4.4171455491740614,True,False,True,False,True,False
mahler,356164,54,28,1450,5428,104,7.429237220264401,-5.0833094184725542,7.429237220264401,-4.2120479296006943,True,False,True,False,True,False
mahler,356164,54,29,1500,5429,104,7.7646119051696143,-4.9155333251049464,7.7646119051696143,-4.0069503100273272,True,False,True,False,True,False
mahler,356164,54,30,1550,5430,104,8.0999865900748258,-4.7477572317373395,8.0999865900748258,-3.8018526904539627,True,False,True,False,True,False
mahler,356164,54,31,1600,5431,104,8.4353612749800391,-4.5799811383697326,8.4353612749800391,-3.5967550708805955,True,False,True,False,True,False
mahler,356164,54,32,1650,5432,104,8.7707359598852523,-4.4122050450021248,8.7707359598852523,-3.3916574513072288,True,False,True,False,True,False
mahler,356164,54,33,1700,5433,104,9.1061106447904638,-4.2444289516345188,9.1061106447904638,-3.1865598317338639,True,False,True,False,True,False
mahler,356164,54,34,1750,5434,104,9.4414853296956771,-4.076652858266911,9.4414853296956771,-2.9814622121604968,True,False,True,False,True,False
mahler,356164,54,35,1800,5435,104,9.7768600146008904,-3.9088767648993041,9.7768600146008904,-2.7763645925871296,True,False,True,False,True,False
mahler,356765,55,6,350,5506,95,0.038356268069798638,-8.1522272186010003,0.038356268069798638,-8.1173711272032989,True,True,False,False,True,False
mahler,356765,55,7,400,5507,95,0.36481533522843979,-7.9677022083228533,0.36481533522843979,-7.9068876349252344,True,True,False,False,True,False
mahler,356765,55,8,450,5508,95,0.69127440238708138,-7.7831771980447062,0.69127440238708138,-7.6964041426471725,True,True,False,False,True,False
mahler,356765,55,9,500,5509,95,1.0177334695457225,-7.5986521877665592,1.0177334695457225,-7.4859206503691116,True,True,False,False,True,False
mahler,356765,55,10,550,5510,95,1.3441925367043637,-7.4141271774884121,1.3441925367043637,-7.2754371580910471,True,True,False,False,True,False
mahler,356765,55,11,600,5511,95,1.6706516038630048,-7.2296021672102651,1.6706516038630048,-7.0649536658129817,True,True,False,False,True,False
mahler,356765,55,12,650,5512,95,1.9971106710216464,-7.0450771569321171,1.9971106710216464,-6.8544701735349198,True,True,False,False,True,False
mahler,356765,55,13,700,5513,95,2.3235697381802876,-6.8605521466539701,2.3235697381802876,-6.6439866812568589,True,True,False,False,True,False
mahler,356765,55,14,750,5514,95,2.6500288053389287,-6.676027136375823,2.6500288053389287,-6.433503188978797,True,True,False,False,True,False
mahler,356765,55,15,800,5515,95,2.9764878724975699,-6.491502126097676,2.9764878724975699,-6.2230196967007307,True,True,False,False,True,False
mahler,356765,55,16,850,5516,95,3.302946939656211,-6.306977115819528,3.302946939656211,-6.0125362044226698,True,True,False,False,True,False
mahler,356765,55,17,900,5517,95,3.629406006814853,-6.122452105541381,3.629406006814853,-5.8020527121446079,True,True,False,False,True,False
mahler,356765,55,18,950,5518,95,3.9558650739734942,-5.9379270952632339,3.9558650739734942,-5.5915692198665452,True,True,False,False,True,False
mahler,356765,55,19,1000,5519,95,4.2823241411321353,-5.7534020849850869,4.2823241411321353,-5.3810857275884816,True,True,False,False,True,False
mahler,356765,55,20,1050,5520,95,4.6087832082907765,-5.5688770747069398,4.6087832082907765,-5.170602235310418,True,True,False,False,True,False
mahler,356765,55,21,1100,5521,95,4.9352422754494176,-5.3843520644287919,4.9352422754494176,-4.960118743032357,True,True,False,False,True,False
mahler,356765,55,22,1150,5522,95,5.2617013426080588,-5.1998270541506448,5.2617013426080588,-4.7496352507542925,True,False,False,False,True,False
mahler,356765,55,23,1200,5523,95,5.5881604097666999,-5.0153020438724978,5.5881604097666999,-4.5391517584762306,True,False,True,False,True,False
mahler,356765,55,24,1250,5524,95,5.914619476925342,-4.8307770335943498,5.914619476925342,-4.3286682661981652,True,False,True,False,True,False
mahler,356765,55,25,1300,5525,95,6.2410785440839831,-4.6462520233162028,6.2410785440839831,-4.1181847739201043,True,False,True,False,True,False
mahler,356765,55,26,1350,5526,95,6.5675376112426243,-4.4617270130380557,6.5675376112426243,-3.9077012816420402,True,False,True,False,True,False
mahler,356765,55,27,1400,5527,95,6.8939966784012654,-4.2772020027599087,6.8939966784012654,-3.6972177893639779,True,False,True,False,True,False
mahler,356765,55,28,1450,5528,95,7.2204557455599065,-4.0926769924817608,7.2204557455599065,-3.4867342970859148,True,False,True,False,True,False
mahler,356765,55,29,1500,5529,95,7.5469148127185477,-3.9081519822036137,7.5469148127185477,-3.2762508048078529,True,False,True,False,True,False
mahler,356765,55,30,1550,5530,95,7.8733738798771888,-3.7236269719254667,7.8733738798771888,-3.0657673125297893,True,False,True,False,True,False
mahler,356765,55,31,1600,5531,95,8.19983294703583,-3.5391019616473196,8.19983294703583,-2.8552838202517261,True,False,True,False,True,False
mahler,356765,55,32,1650,5532,95,8.5262920141944711,-3.3545769513691726,8.5262920141944711,-2.6448003279736638,True,False,True,False,True,False
mahler,356765,55,33,1700,5533,95,8.8527510813531123,-3.1700519410910255,8.8527510813531123,-2.4343168356956011,True,False,True,False,True,False
mahler,356765,55,34,1750,5534,95,9.1792101485117534,-2.9855269308128776,9.1792101485117534,-2.2238333434175384,True,False,True,False,True,False
mahler,356765,55,35,1800,5535,95,9.5056692156703964,-2.8010019205347296,9.5056692156703964,-2.0133498511394747,True,False,True,False,True,False
mahler,356765,55,36,1850,5536,95,9.8321282828290375,-2.6164769102565826,9.8321282828290375,-1.8028663588614118,True,False,True,False,True,False
mahler,370777,56,6,350,5606,99,0.029789942967676897,4.9375584036014413,0.029789942967676897,4.9224440258560298,True,True,False,False,True,False
mahler,370777,56,7,400,5607,99,0.34983944224338037,4.7421273020028751,0.34983944224338037,4.7157578248426182,True,True,False,False,True,False
mahler,370777,56,8,450,5608,99,0.66988894151908385,4.546696200404309,0.66988894151908385,4.5090716238292066,True,True,False,False,True,False
mahler,370777,56,9,500,5609,99,0.98993844079478732,4.3512650988057429,0.98993844079478732,4.3023854228157958,True,True,False,False,True,False
mahler,370777,56,10,550,5610,99,1.3099879400704912,4.1558339972071767,1.3099879400704912,4.0956992218023833,True,True,False,False,True,False
mahler,370777,56,11,600,5611,99,1.6300374393461947,3.9604028956086106,1.6300374393461947,3.8890130207889722,True,True,False,False,True,False
mahler,370777,56,12,650,5612,99,1.9500869386218977,3.7649717940100444,1.9500869386218977,3.6823268197755619,True,True,False,False,True,False
mahler,370777,56,13,700,5613,99,2.2701364378976021,3.5695406924114783,2.2701364378976021,3.4756406187621511,True,True,False,False,True,False
mahler,370777,56,14,750,5614,99,2.5901859371733056,3.3741095908129122,2.5901859371733056,3.2689544177487386,True,True,False,False,True,False
mahler,370777,56,15,800,5615,99,2.9102354364490091,3.178678489214346,2.9102354364490091,3.0622682167353275,True,True,False,False,True,False
mahler,370777,56,16,850,5616,99,3.2302849357247125,2.9832473876157799,3.2302849357247125,2.8555820157219172,True,True,False,False,True,False
mahler,370777,56,17,900,5617,99,3.550334435000416,2.7878162860172142,3.550334435000416,2.648895814708506,True,True,False,False,True,False
mahler,370777,56,18,950,5618,99,3.8703839342761195,2.5923851844186481,3.8703839342761195,2.4422096136950944,True,True,False,False,True,False
mahler,370777,56,19,1000,5619,99,4.1904334335518225,2.3969540828200824,4.1904334335518225,2.2355234126816832,True,True,False,False,True,False
mahler,370777,56,20,1050,5620,99,4.5104829328275269,2.2015229812215158,4.5104829328275269,2.0288372116682716,True,True,False,False,True,False
mahler,370777,56,21,1100,5621,99,4.8305324321032312,2.0060918796229492,4.8305324321032312,1.8221510106548595,True,True,False,False,True,False
mahler,370777,56,22,1150,5622,99,5.1505819313789338,1.8106607780243835,5.1505819313789338,1.6154648096414483,True,True,False,False,True,False
mahler,370777,56,23,1200,5623,99,5.4706314306546382,1.6152296764258169,5.4706314306546382,1.4087786086280372,True,False,False,False,True,False
mahler,370777,56,24,1250,5624,99,5.7906809299303408,1.4197985748272517,5.7906809299303408,1.2020924076146269,True,False,True,False,True,False
mahler,370777,56,25,1300,5625,99,6.1107304292060434,1.224367473228686,6.1107304292060434,0.99540620660121593,True,False,True,False,True,False
mahler,370777,56,26,1350,5626,99,6.4307799284817477,1.0289363716301194,6.4307799284817477,0.78872000558780475,True,False,True,False,True,False
mahler,370777,56,27,1400,5627,99,6.7508294277574521,0.83350527003155328,6.7508294277574521,0.58203380457439258,True,False,True,False,True,False
mahler,370777,56,28,1450,5628,99,7.0708789270331547,0.63807416843298714,7.0708789270331547,0.37534760356098185,True,False,True,False,True,False
mahler,370777,56,29,1500,5629,99,7.390928426308859,0.44264306683442101,7.390928426308859,0.16866140254757053,True,False,True,False,True,False
mahler,370777,56,30,1550,5630,99,7.7109779255845616,0.24721196523585576,7.7109779255845616,-0.038024798465840136,True,False,True,False,True,False
mahler,370777,56,31,1600,5631,99,8.031027424860266,0.051780863637288732,8.031027424860266,-0.24471099947925234,True,False,True,False,True,False
mahler,370777,56,32,1650,5632,99,8.3510769241359686,-0.14365023796127652,8.3510769241359686,-0.45139720049266308,True,False,True,False,True,False
mahler,370777,56,33,1700,5633,99,8.6711264234116729,-0.33908133955984354,8.6711264234116729,-0.65808340150607436,True,False,True,False,True,False
mahler,370777,56,34,1750,5634,99,8.9911759226873773,-0.53451244115840968,8.9911759226873773,-0.86476960251948642,True,False,True,False,True,False
mahler,370777,56,35,1800,5635,99,9.3112254219630799,-0.72994354275697493,9.3112254219630799,-1.0714558035328972,True,False,True,False,True,False
mahler,370777,56,36,1850,5636,99,9.6312749212387843,-0.92537464435554195,9.6312749212387843,-1.2781420045463086,True,False,True,False,True,False
mahler,377134,57,6,350,5706,95,0.17384440414720048,-6.2629128490764074,0.17384440414720048,-6.2589991192016656,True,True,False,False,True,False
mahler,377134,57,7,400,5707,95,0.4523472946997058,-6.0117930737465537,0.4523472946997058,-6.0049636704166893,True,True,False,False,True,False
mahler,377134,57,8,450,5708,95,0.73085018525221179,-5.7606732984167,0.73085018525221179,-5.7509282216317104,True,True,False,False,True,False
mahler,377134,57,9,500,5709,95,1.0093530758047173,-5.5095535230868462,1.0093530758047173,-5.4968927728467332,True,True,False,False,True,False
mahler,377134,57,10,550,5710,95,1.2878559663572229,-5.2584337477569925,1.2878559663572229,-5.242857324061756,True,True,False,False,True,False
mahler,377134,57,11,600,5711,95,1.5663588569097284,-5.0073139724271387,1.5663588569097284,-4.9888218752767788,True,True,False,False,True,False
mahler,377134,57,12,650,5712,95,1.844861747462234,-4.756194197097285,1.844861747462234,-4.7347864264918016,True,True,False,False,True,False
mahler,377134,57,13,700,5713,95,2.1233646380147393,-4.5050744217674321,2.1233646380147393,-4.4807509777068244,True,True,False,False,True,False
mahler,377134,57,14,750,5714,95,2.4018675285672453,-4.2539546464375775,2.4018675285672453,-4.2267155289218472,True,True,False,False,True,False
mahler,377134,57,15,800,5715,95,2.6803704191197504,-4.0028348711077246,2.6803704191197504,-3.9726800801368696,True,True,False,False,True,False
mahler,377134,57,16,850,5716,95,2.9588733096722564,-3.7517150957778704,2.9588733096722564,-3.7186446313518928,True,True,False,False,True,False
mahler,377134,57,17,900,5717,95,3.2373762002247624,-3.5005953204480167,3.2373762002247624,-3.4646091825669139,True,True,False,False,True,False
mahler,377134,57,18,950,5718,95,3.5158790907772675,-3.2494755451181634,3.5158790907772675,-3.2105737337819376,True,True,False,False,True,False
mahler,377134,57,19,1000,5719,95,3.7943819813297734,-2.9983557697883092,3.7943819813297734,-2.9565382849969595,True,True,False,False,True,False
mahler,377134,57,20,1050,5720,95,4.0728848718822785,-2.7472359944584559,4.0728848718822785,-2.7025028362119823,True,True,False,False,True,False
mahler,377134,57,21,1100,5721,95,4.3513877624347845,-2.4961162191286017,4.3513877624347845,-2.4484673874270046,True,True,False,False,True,False
mahler,377134,57,22,1150,5722,95,4.6298906529872896,-2.2449964437987484,4.6298906529872896,-2.1944319386420275,True,True,False,False,True,False
mahler,377134,57,23,1200,5723,95,4.9083935435397956,-1.9938766684688947,4.9083935435397956,-1.9403964898570498,True,True,False,False,True,False
mahler,377134,57,24,1250,5724,95,5.1868964340923007,-1.7427568931390409,5.1868964340923007,-1.6863610410720726,True,False,False,False,True,False
mahler,377134,57,25,1300,5725,95,5.4653993246448067,-1.4916371178091872,5.4653993246448067,-1.4323255922870959,True,False,True,False,True,False
mahler,377134,57,26,1350,5726,95,5.7439022151973118,-1.2405173424793343,5.7439022151973118,-1.1782901435021187,True,False,True,False,True,False
mahler,377134,57,27,1400,5727,95,6.0224051057498178,-0.98939756714947968,6.0224051057498178,-0.9242546947171405,True,False,True,False,True,False
mahler,377134,57,28,1450,5728,95,6.3009079963023229,-0.73827779181962683,6.3009079963023229,-0.67021924593216375,True,False,True,False,True,False
mahler,377134,57,29,1500,5729,95,6.5794108868548289,-0.48715801648977308,6.5794108868548289,-0.41618379714718551,True,False,True,False,True,False
mahler,377134,57,30,1550,5730,95,6.8579137774073349,-0.23603824115991845,6.8579137774073349,-0.16214834836220759,True,False,True,False,True,False
mahler,377134,57,31,1600,5731,95,7.1364166679598391,0.015081534169933519,7.1364166679598391,0.091887100422768431,True,False,True,False,True,False
mahler,377134,57,32,1650,5732,95,7.4149195585123451,0.26620130949978815,7.4149195585123451,0.3459225492077464,True,False,True,False,True,False
mahler,377134,57,33,1700,5733,95,7.6934224490648511,0.5173210848296419,7.6934224490648511,0.5999579979927232,True,False,True,False,True,False
mahler,377134,57,34,1750,5734,95,7.9719253396173571,0.76844086015949564,7.9719253396173571,0.85399344677770128,True,False,True,False,True,False
mahler,377134,57,35,1800,5735,95,8.250428230169863,1.0195606354893503,8.250428230169863,1.1080288955626791,True,False,True,False,True,False
mahler,377134,57,36,1850,5736,95,8.5289311207223673,1.2706804108192022,8.5289311207223673,1.3620643443476554,True,False,True,False,True,False
mahler,377134,57,37,1900,5737,95,8.8074340112748732,1.5218001861490569,8.8074340112748732,1.6160997931326333,True,False,True,False,True,False
mahler,377134,57,38,1950,5738,95,9.0859369018273792,1.7729199614789097,9.0859369018273792,1.8701352419176114,True,False,True,False,True,False
mahler,377134,57,39,2000,5739,95,9.3644397923798852,2.0240397368087644,9.3644397923798852,2.1241706907025892,True,False,True,False,True,False
mahler,377134,57,40,2050,5740,95,9.6429426829323894,2.2751595121386172,9.6429426829323894,2.3782061394875647,True,False,True,False,True,False
mahler,377134,57,41,2100,5741,95,9.9214455734848954,2.5262792874684719,9.9214455734848954,2.6322415882725427,True,False,True,False,True,False
mahler,379400,58,6,350,5806,87,-0.0069494916634731396,-4.2375849917043436,-0.0069494916634731396,-4.2420919067149523,True,True,False,False,True,False
mahler,379400,58,7,400,5807,87,0.13644754735213338,-4.1167932490938881,0.13644754735213338,-4.1247984936657431,True,True,False,False,True,False
mahler,379400,58,8,450,5808,87,0.2798445863677399,-3.9960015064834327,0.2798445863677399,-4.0075050806165349,True,True,False,False,True,False
mahler,379400,58,9,500,5809,87,0.42324162538334642,-3.8752097638729772,0.42324162538334642,-3.8902116675673253,True,True,False,False,True,False
mahler,379400,58,10,550,5810,87,0.56663866439895294,-3.7544180212625218,0.56663866439895294,-3.7729182545181157,True,True,False,False,True,False
mahler,379400,58,11,600,5811,87,0.71003570341455924,-3.6336262786520663,0.71003570341455924,-3.6556248414689079,True,True,False,False,True,False
mahler,379400,58,12,650,5812,87,0.85343274243016576,-3.5128345360416109,0.85343274243016576,-3.5383314284196974,True,True,False,False,True,False
mahler,379400,58,13,700,5813,87,0.99682978144577206,-3.3920427934311554,0.99682978144577206,-3.42103801537049,True,True,False,False,True,False
mahler,379400,58,14,750,5814,87,1.1402268204613786,-3.2712510508207,1.1402268204613786,-3.3037446023212804,True,True,False,False,True,False
mahler,379400,58,15,800,5815,87,1.2836238594769851,-3.1504593082102446,1.2836238594769851,-3.1864511892720713,True,True,False,False,True,False
mahler,379400,58,16,850,5816,87,1.4270208984925916,-3.0296675655997891,1.4270208984925916,-3.0691577762228626,True,True,False,False,True,False
mahler,379400,58,17,900,5817,87,1.5704179375081981,-2.9088758229893337,1.5704179375081981,-2.951864363173653,True,True,False,False,True,False
mahler,379400,58,18,950,5818,87,1.7138149765238047,-2.7880840803788782,1.7138149765238047,-2.8345709501244443,True,True,False,False,True,False
mahler,379400,58,19,1000,5819,87,1.8572120155394112,-2.6672923377684228,1.8572120155394112,-2.7172775370752347,True,True,False,False,True,False
mahler,379400,58,20,1050,5820,87,2.0006090545550177,-2.5465005951579673,2.0006090545550177,-2.599984124026026,True,True,False,False,True,False
mahler,379400,58,21,1100,5821,87,2.1440060935706242,-2.4257088525475115,2.1440060935706242,-2.4826907109768168,True,True,False,False,True,False
mahler,379400,58,22,1150,5822,87,2.2874031325862303,-2.3049171099370565,2.2874031325862303,-2.3653972979276072,True,True,False,False,True,False
mahler,379400,58,23,1200,5823,87,2.4308001716018368,-2.184125367326601,2.4308001716018368,-2.2481038848783985,True,True,False,False,True,False
mahler,379400,58,24,1250,5824,87,2.5741972106174433,-2.0633336247161451,2.5741972106174433,-2.1308104718291894,True,True,False,False,True,False
mahler,379400,58,25,1300,5825,87,2.7175942496330499,-1.9425418821056897,2.7175942496330499,-2.0135170587799807,True,True,False,False,True,False
mahler,379400,58,26,1350,5826,87,2.8609912886486564,-1.8217501394952342,2.8609912886486564,-1.896223645730772,True,True,False,False,True,False
mahler,379400,58,27,1400,5827,87,3.0043883276642624,-1.7009583968847792,3.0043883276642624,-1.7789302326815624,True,True,False,False,True,False
mahler,379400,58,28,1450,5828,87,3.1477853666798694,-1.5801666542743233,3.1477853666798694,-1.6616368196323528,True,True,False,False,True,False
mahler,379400,58,29,1500,5829,87,3.2911824056954755,-1.4593749116638683,3.2911824056954755,-1.5443434065831441,True,True,False,False,True,False
mahler,379400,58,30,1550,5830,87,3.4345794447110825,-1.3385831690534125,3.4345794447110825,-1.4270499935339351,True,True,False,False,True,False
mahler,379400,58,31,1600,5831,87,3.5779764837266885,-1.217791426442957,3.5779764837266885,-1.309756580484726,True,True,False,False,True,False
mahler,379400,58,32,1650,5832,87,3.7213735227422955,-1.0969996838325011,3.7213735227422955,-1.1924631674355166,True,True,False,False,True,False
mahler,379400,58,33,1700,5833,87,3.8647705617579016,-0.97620794122204613,3.8647705617579016,-1.0751697543863081,True,True,False,False,True,False
mahler,379400,58,34,1750,5834,87,4.0081676007735085,-0.85541619861159024,4.0081676007735085,-0.95787634133709854,True,True,False,False,True,False
mahler,379400,58,35,1800,5835,87,4.1515646397891146,-0.73462445600113524,4.1515646397891146,-0.84058292828788983,True,True,False,False,True,False
mahler,379400,58,36,1850,5836,87,4.2949616788047207,-0.6138327133906798,4.2949616788047207,-0.72328951523868124,True,True,False,False,True,False
mahler,379400,58,37,1900,5837,87,4.4383587178203276,-0.49304097078022391,4.4383587178203276,-0.60599610218947175,True,True,False,False,True,False
mahler,379400,58,38,1950,5838,87,4.5817557568359337,-0.37224922816976891,4.5817557568359337,-0.48870268914026288,True,True,False,False,True,False
mahler,379400,58,39,2000,5839,87,4.7251527958515407,-0.25145748555931302,4.7251527958515407,-0.37140927609105334,True,True,False,False,True,False
mahler,379400,58,40,2050,5840,87,4.8685498348671468,-0.13066574294885758,4.8685498348671468,-0.25411586304184508,True,True,False,False,True,False
mahler,379400,58,41,2100,5841,87,5.0119468738827537,-0.0098740003384021335,5.0119468738827537,-0.13682244999263543,True,True,False,False,True,False
mahler,379400,58,42,2150,5842,87,5.1553439128983598,0.11091774227205331,5.1553439128983598,-0.019529036943426611,True,False,False,False,True,False
mahler,379400,58,43,2200,5843,87,5.2987409519139668,0.23170948488250875,5.2987409519139668,0.097764376105782341,True,False,True,False,True,False
mahler,379400,58,44,2250,5844,87,5.4421379909295728,0.3525012274929642,5.4421379909295728,0.2150577891549913,True,False,True,False,True,False
mahler,379400,58,45,2300,5845,87,5.5855350299451789,0.47329297010341964,5.5855350299451789,0.33235120220420028,True,False,True,False,True,False
mahler,379400,58,46,2350,5846,87,5.7289320689607859,0.59408471271387508,5.7289320689607859,0.44964461525340921,True,False,True,False,True,False
mahler,379400,58,47,2400,5847,87,5.872329107976392,0.71487645532433053,5.872329107976392,0.5669380283026183,True,False,True,False,True,False
mahler,379400,58,48,2450,5848,87,6.0157261469919989,0.83566819793478597,6.0157261469919989,0.68423144135182812,True,False,True,False,True,False
mahler,379400,58,49,2500,5849,87,6.159123186007605,0.95645994054524142,6.159123186007605,0.80152485440103594,True,False,True,False,True,False
mahler,379400,58,50,2550,5850,87,6.302520225023212,1.0772516831556969,6.302520225023212,0.91881826745024586,True,False,True,False,True,False
mahler,379400,58,51,2600,5851,87,6.445917264038818,1.1980434257661523,6.445917264038818,1.0361116804994552,True,False,True,False,True,False
mahler,379400,58,52,2650,5852,87,6.5893143030544241,1.3188351683766077,6.5893143030544241,1.1534050935486631,True,False,True,False,True,False
mahler,379400,58,53,2700,5853,87,6.7327113420700311,1.4396269109870632,6.7327113420700311,1.2706985065978729,True,False,True,False,True,False
mahler,379400,58,54,2750,5854,87,6.8761083810856372,1.5604186535975186,6.8761083810856372,1.3879919196470818,True,False,True,False,True,False
mahler,379400,58,55,2800,5855,87,7.0195054201012432,1.6812103962079741,7.0195054201012432,1.5052853326962898,True,False,True,False,True,False
mahler,379400,58,56,2850,5856,87,7.1629024591168502,1.8020021388184295,7.1629024591168502,1.6225787457454999,True,False,True,False,True,False
mahler,379400,58,57,2900,5857,87,7.3062994981324572,1.9227938814288859,7.3062994981324572,1.739872158794709,True,False,True,False,True,False
mahler,379400,58,58,2950,5858,87,7.4496965371480641,2.0435856240393413,7.4496965371480641,1.8571655718439188,True,False,True,False,True,False
mahler,379400,58,59,3000,5859,87,7.5930935761636693,2.1643773666497959,7.5930935761636693,1.9744589848931267,True,False,True,False,True,False
mahler,379400,58,60,3050,5860,87,7.7364906151792763,2.2851691092602513,7.7364906151792763,2.0917523979423356,True,False,True,False,True,False
mahler,379400,58,61,3100,5861,87,7.8798876541948832,2.4059608518707076,7.8798876541948832,2.2090458109915452,True,False,True,False,True,False
mahler,379400,58,62,3150,5862,87,8.0232846932104884,2.5267525944811622,8.0232846932104884,2.3263392240407539,True,False,True,False,True,False
mahler,379400,58,63,3200,5863,87,8.1666817322260954,2.6475443370916176,8.1666817322260954,2.4436326370899626,True,False,True,False,True,False
mahler,379400,58,64,3250,5864,87,8.3100787712417024,2.768336079702074,8.3100787712417024,2.5609260501391717,True,False,True,False,True,False
mahler,379400,58,65,3300,5865,87,8.4534758102573093,2.8891278223125294,8.4534758102573093,2.6782194631883818,True,False,True,False,True,False
mahler,379400,58,66,3350,5866,87,8.5968728492729145,3.009919564922984,8.5968728492729145,2.7955128762375896,True,False,True,False,True,False
mahler,379400,58,67,3400,5867,87,8.7402698882885215,3.1307113075334394,8.7402698882885215,2.9128062892867992,True,False,True,False,True,False
mahler,379400,58,68,3450,5868,87,8.8836669273041284,3.2515030501438957,8.8836669273041284,3.0300997023360088,True,False,True,False,True,False
mahler,379400,58,69,3500,5869,87,9.0270639663197354,3.3722947927543512,9.0270639663197354,3.1473931153852179,True,False,True,False,True,False
mahler,379400,58,70,3550,5870,87,9.1704610053353406,3.4930865353648057,9.1704610053353406,3.2646865284344262,True,False,True,False,True,False
mahler,379400,58,71,3600,5871,87,9.3138580443509476,3.6138782779752621,9.3138580443509476,3.3819799414836349,True,False,True,False,True,False
mahler,379400,58,72,3650,5872,87,9.4572550833665545,3.7346700205857175,9.4572550833665545,3.4992733545328445,True,False,True,False,True,False
mahler,379400,58,73,3700,5873,87,9.6006521223821597,3.855461763196173,9.6006521223821597,3.6165667675820536,True,False,True,False,True,False
mahler,379400,58,74,3750,5874,87,9.7440491613977667,3.9762535058066284,9.7440491613977667,3.7338601806312623,True,False,True,False,True,False
mahler,379400,58,75,3800,5875,87,9.8874462004133736,4.0970452484170838,9.8874462004133736,3.8511535936804728,True,False,True,False,True,False
mahler,381514,59,6,350,5906,82,0.0054142811921560341,-2.25474651712458,0.0054142811921560341,-2.2474570560329119,True,True,False,False,True,False
mahler,381514,59,7,400,5907,82,0.15848328885652774,-2.1464645349632363,0.15848328885652774,-2.133786297973975,True,True,False,False,True,False
mahler,381514,59,8,450,5908,82,0.31155229652089966,-2.0381825528018926,0.31155229652089966,-2.0201155399150386,True,True,False,False,True,False
mahler,381514,59,9,500,5909,82,0.46462130418527137,-1.929900570640549,0.46462130418527137,-1.9064447818561023,True,True,False,False,True,False
mahler,381514,59,10,550,5910,82,0.61769031184964329,-1.8216185884792053,0.61769031184964329,-1.7927740237971652,True,True,False,False,True,False
mahler,381514,59,11,600,5911,82,0.770759319514015,-1.7133366063178619,0.770759319514015,-1.6791032657382285,True,True,False,False,True,False
mahler,381514,59,12,650,5912,82,0.92382832717838692,-1.605054624156518,0.92382832717838692,-1.5654325076792921,True,True,False,False,True,False
mahler,381514,59,13,700,5913,82,1.0768973348427588,-1.4967726419951743,1.0768973348427588,-1.4517617496203554,True,True,False,False,True,False
mahler,381514,59,14,750,5914,82,1.2299663425071306,-1.3884906598338309,1.2299663425071306,-1.3380909915614188,True,True,False,False,True,False
mahler,381514,59,15,800,5915,82,1.3830353501715023,-1.2802086776724875,1.3830353501715023,-1.2244202335024821,True,True,False,False,True,False
mahler,381514,59,16,850,5916,82,1.536104357835874,-1.1719266955111438,1.536104357835874,-1.1107494754435459,True,True,False,False,True,False
mahler,381514,59,17,900,5917,82,1.6891733655002461,-1.0636447133497999,1.6891733655002461,-0.99707871738460874,True,True,False,False,True,False
mahler,381514,59,18,950,5918,82,1.8422423731646178,-0.95536273118845627,1.8422423731646178,-0.88340795932567229,True,True,False,False,True,False
mahler,381514,59,19,1000,5919,82,1.9953113808289895,-0.84708074902711283,1.9953113808289895,-0.76973720126673573,True,True,False,False,True,False
mahler,381514,59,20,1050,5920,82,2.1483803884933614,-0.73879876686576917,2.1483803884933614,-0.65606644320779883,True,True,False,False,True,False
mahler,381514,59,21,1100,5921,82,2.3014493961577331,-0.63051678470442551,2.3014493961577331,-0.54239568514886216,True,True,False,False,True,False
mahler,381514,59,22,1150,5922,82,2.4545184038221048,-0.52223480254308208,2.4545184038221048,-0.42872492708992599,True,True,False,False,True,False
mahler,381514,59,23,1200,5923,82,2.6075874114864765,-0.41395282038173842,2.6075874114864765,-0.31505416903098937,True,True,False,False,True,False
mahler,381514,59,24,1250,5924,82,2.7606564191508491,-0.30567083822039431,2.7606564191508491,-0.20138341097205201,True,True,False,False,True,False
mahler,381514,59,25,1300,5925,82,2.9137254268152208,-0.19738885605905088,2.9137254268152208,-0.087712652913115391,True,True,False,False,True,False
mahler,381514,59,26,1350,5926,82,3.0667944344795925,-0.089106873897707217,3.0667944344795925,0.025958105145821191,True,True,False,False,True,False
mahler,381514,59,27,1400,5927,82,3.2198634421439642,0.019175108263636442,3.2198634421439642,0.13962886320475731,True,True,False,False,True,False
mahler,381514,59,28,1450,5928,82,3.372932449808336,0.1274570904249801,3.372932449808336,0.25329962126369393,True,True,False,False,True,False
mahler,381514,59,29,1500,5929,82,3.5260014574727077,0.23573907258632332,3.5260014574727077,0.36697037932263055,True,True,False,False,True,False
mahler,381514,59,30,1550,5930,82,3.6790704651370794,0.34402105474766698,3.6790704651370794,0.480641137381567,True,True,False,False,True,False
mahler,381514,59,31,1600,5931,82,3.8321394728014511,0.45230303690901064,3.8321394728014511,0.59431189544050356,True,True,False,False,True,False
mahler,381514,59,32,1650,5932,82,3.9852084804658228,0.5605850190703543,3.9852084804658228,0.70798265349944023,True,True,False,False,True,False
mahler,381514,59,33,1700,5933,82,4.1382774881301945,0.66886700123169751,4.1382774881301945,0.82165341155837701,True,True,False,False,True,False
mahler,381514,59,34,1750,5934,82,4.2913464957945671,0.77714898339304206,4.2913464957945671,0.93532416961731379,True,True,False,False,True,False
mahler,381514,59,35,1800,5935,82,4.4444155034589388,0.88543096555438527,4.4444155034589388,1.0489949276762502,True,True,False,False,True,False
mahler,381514,59,36,1850,5936,82,4.5974845111233105,0.99371294771572893,4.5974845111233105,1.1626656857351869,True,True,False,False,True,False
mahler,381514,59,37,1900,5937,82,4.7505535187876822,1.1019949298770726,4.7505535187876822,1.2763364437941234,True,True,False,False,True,False
mahler,381514,59,38,1950,5938,82,4.9036225264520539,1.2102769120384163,4.9036225264520539,1.3900072018530603,True,True,False,False,True,False
mahler,381514,59,39,2000,5939,82,5.0566915341164256,1.3185588941997595,5.0566915341164256,1.5036779599119972,True,False,False,False,True,False
mahler,381514,59,40,2050,5940,82,5.2097605417807973,1.4268408763611031,5.2097605417807973,1.6173487179709329,True,False,True,False,True,False
mahler,381514,59,41,2100,5941,82,5.362829549445169,1.5351228585224468,5.362829549445169,1.7310194760298696,True,False,True,False,True,False
mahler,381514,59,42,2150,5942,82,5.5158985571095416,1.6434048406837909,5.5158985571095416,1.8446902340888076,True,False,True,False,True,False
mahler,381514,59,43,2200,5943,82,5.6689675647739133,1.7516868228451341,5.6689675647739133,1.9583609921477434,True,False,True,False,True,False
mahler,381514,59,44,2250,5944,82,5.822036572438285,1.8599688050064782,5.822036572438285,2.0720317502066807,True,False,True,False,True,False
mahler,381514,59,45,2300,5945,82,5.9751055801026567,1.9682507871678214,5.9751055801026567,2.1857025082656167,True,False,True,False,True,False
mahler,381514,59,46,2350,5946,82,6.1281745877670284,2.0765327693291655,6.1281745877670284,2.2993732663245532,True,False,True,False,True,False
mahler,381514,59,47,2400,5947,82,6.2812435954314001,2.1848147514905087,6.2812435954314001,2.4130440243834896,True,False,True,False,True,False
mahler,381514,59,48,2450,5948,82,6.4343126030957718,2.293096733651852,6.4343126030957718,2.5267147824424261,True,False,True,False,True,False
mahler,381514,59,49,2500,5949,82,6.5873816107601444,2.4013787158131961,6.5873816107601444,2.6403855405013634,True,False,True,False,True,False
mahler,381514,59,50,2550,5950,82,6.7404506184245161,2.5096606979745402,6.7404506184245161,2.7540562985602999,True,False,True,False,True,False
mahler,381514,59,51,2600,5951,82,6.8935196260888878,2.6179426801358834,6.8935196260888878,2.8677270566192368,True,False,True,False,True,False
mahler,381514,59,52,2650,5952,82,7.0465886337532595,2.7262246622972275,7.0465886337532595,2.9813978146781732,True,False,True,False,True,False
mahler,381514,59,53,2700,5953,82,7.1996576414176321,2.8345066444585716,7.1996576414176321,3.0950685727371106,True,False,True,False,True,False
mahler,381514,59,54,2750,5954,82,7.3527266490820029,2.9427886266199139,7.3527266490820029,3.2087393307960461,True,False,True,False,True,False
mahler,381514,59,55,2800,5955,82,7.5057956567463755,3.051070608781258,7.5057956567463755,3.3224100888549835,True,False,True,False,True,False
mahler,381514,59,56,2850,5956,82,7.6588646644107463,3.1593525909426012,7.6588646644107463,3.436080846913919,True,False,True,False,True,False
mahler,381514,59,57,2900,5957,82,7.8119336720751189,3.2676345731039453,7.8119336720751189,3.5497516049728568,True,False,True,False,True,False
mahler,381514,59,58,2950,5958,82,7.9650026797394897,3.3759165552652886,7.9650026797394897,3.6634223630317928,True,False,True,False,True,False
mahler,381514,59,59,3000,5959,82,8.1180716874038623,3.4841985374266327,8.1180716874038623,3.7770931210907306,True,False,True,False,True,False
mahler,381514,59,60,3050,5960,82,8.2711406950682331,3.5924805195879759,8.2711406950682331,3.8907638791496648,True,False,True,False,True,False
mahler,381514,59,61,3100,5961,82,8.4242097027326057,3.70076250174932,8.4242097027326057,4.004434637208603,True,False,True,False,True,False
mahler,381514,59,62,3150,5962,82,8.5772787103969783,3.8090444839106641,8.5772787103969783,4.1181053952675395,True,False,True,False,True,False
mahler,381514,59,63,3200,5963,82,8.7303477180613491,3.9173264660720064,8.7303477180613491,4.2317761533264759,True,False,True,False,True,False
mahler,381514,59,64,3250,5964,82,8.8834167257257217,4.025608448233351,8.8834167257257217,4.3454469113854124,True,False,True,False,True,False
mahler,381514,59,65,3300,5965,82,9.0364857333900925,4.1338904303946933,9.0364857333900925,4.4591176694443488,True,False,True,False,True,False
mahler,381514,59,66,3350,5966,82,9.1895547410544651,4.2421724125560374,9.1895547410544651,4.5727884275032862,True,False,True,False,True,False
mahler,381514,59,67,3400,5967,82,9.3426237487188359,4.3504543947173815,9.3426237487188359,4.6864591855622226,True,False,True,False,True,False
mahler,381514,59,68,3450,5968,82,9.4956927563832085,4.4587363768787256,9.4956927563832085,4.80012994362116,True,False,True,False,True,False
mahler,381514,59,69,3500,5969,82,9.6487617640475811,4.5670183590400697,9.6487617640475811,4.9138007016800955,True,False,True,False,True,False
mahler,381514,59,70,3550,5970,82,9.8018307717119519,4.675300341201412,9.8018307717119519,5.027471459739032,True,False,True,False,True,False
mahler,388571,60,6,350,6006,96,-0.0074672945778613276,4.037830035731627,-0.0074672945778613276,4.0360208071201482,True,True,False,False,True,False
mahler,388571,60,7,400,6007,96,0.1359399064815261,3.9170383756481195,0.1359399064815261,3.913881573521794,True,True,False,False,True,False
mahler,388571,60,8,450,6008,96,0.27934710754091374,3.7962467155646116,0.27934710754091374,3.7917423399234402,True,True,False,False,True,False
mahler,388571,60,9,500,6009,96,0.42275430860030117,3.6754550554811036,0.42275430860030117,3.6696031063250873,True,True,False,False,True,False
mahler,388571,60,10,550,6010,96,0.56616150965968881,3.5546633953975957,0.56616150965968881,3.5474638727267327,True,True,False,False,True,False
mahler,388571,60,11,600,6011,96,0.70956871071907623,3.4338717353140877,0.70956871071907623,3.4253246391283789,True,True,False,False,True,False
mahler,388571,60,12,650,6012,96,0.85297591177846388,3.3130800752305798,0.85297591177846388,3.3031854055300252,True,True,False,False,True,False
mahler,388571,60,13,700,6013,96,0.99638311283785153,3.1922884151470718,0.99638311283785153,3.1810461719316714,True,True,False,False,True,False
mahler,388571,60,14,750,6014,96,1.1397903138972387,3.0714967550635639,1.1397903138972387,3.0589069383333176,True,True,False,False,True,False
mahler,388571,60,15,800,6015,96,1.2831975149566264,2.950705094980056,1.2831975149566264,2.9367677047349638,True,True,False,False,True,False
mahler,388571,60,16,850,6016,96,1.426604716016014,2.829913434896548,1.426604716016014,2.8146284711366101,True,True,False,False,True,False
mahler,388571,60,17,900,6017,96,1.5700119170754017,2.7091217748130401,1.5700119170754017,2.6924892375382559,True,True,False,False,True,False
mahler,388571,60,18,950,6018,96,1.7134191181347889,2.5883301147295326,1.7134191181347889,2.5703500039399025,True,True,False,False,True,False
mahler,388571,60,19,1000,6019,96,1.8568263191941765,2.4675384546460242,1.8568263191941765,2.4482107703415488,True,True,False,False,True,False
mahler,388571,60,20,1050,6020,96,2.0002335202535644,2.3467467945625158,2.0002335202535644,2.3260715367431946,True,True,False,False,True,False
mahler,388571,60,21,1100,6021,96,2.143640721312952,2.2259551344790078,2.143640721312952,2.2039323031448403,True,True,False,False,True,False
mahler,388571,60,22,1150,6022,96,2.2870479223723388,2.1051634743955008,2.2870479223723388,2.0817930695464875,True,True,False,False,True,False
mahler,388571,60,23,1200,6023,96,2.4304551234317264,1.9843718143119924,2.4304551234317264,1.9596538359481332,True,True,False,False,True,False
mahler,388571,60,24,1250,6024,96,2.5738623244911141,1.8635801542284844,2.5738623244911141,1.8375146023497795,True,True,False,False,True,False
mahler,388571,60,25,1300,6025,96,2.7172695255505017,1.7427884941449765,2.7172695255505017,1.7153753687514257,True,True,False,False,True,False
mahler,388571,60,26,1350,6026,96,2.8606767266098894,1.6219968340614686,2.8606767266098894,1.5932361351530713,True,True,False,False,True,False
mahler,388571,60,27,1400,6027,96,3.004083927669277,1.5012051739779606,3.004083927669277,1.4710969015547175,True,True,False,False,True,False
mahler,388571,60,28,1450,6028,96,3.1474911287286638,1.3804135138944531,3.1474911287286638,1.3489576679563644,True,True,False,False,True,False
mahler,388571,60,29,1500,6029,96,3.2908983297880514,1.2596218538109452,3.2908983297880514,1.2268184343580109,True,True,False,False,True,False
mahler,388571,60,30,1550,6030,96,3.4343055308474391,1.1388301937274372,3.4343055308474391,1.1046792007596566,True,True,False,False,True,False
mahler,388571,60,31,1600,6031,96,3.5777127319068267,1.0180385336439288,3.5777127319068267,0.98253996716130265,True,True,False,False,True,False
mahler,388571,60,32,1650,6032,96,3.7211199329662143,0.89724687356042088,3.7211199329662143,0.86040073356294877,True,True,False,False,True,False
mahler,388571,60,33,1700,6033,96,3.864527134025602,0.77645521347691293,3.864527134025602,0.73826149996459522,True,True,False,False,True,False
mahler,388571,60,34,1750,6034,96,4.0079343350849896,0.65566355339340499,4.0079343350849896,0.61612226636624079,True,True,False,False,True,False
mahler,388571,60,35,1800,6035,96,4.1513415361443773,0.53487189330989704,4.1513415361443773,0.49398303276788708,True,True,False,False,True,False
mahler,388571,60,36,1850,6036,96,4.2947487372037649,0.41408023322638865,4.2947487372037649,0.37184379916953331,True,True,False,False,True,False
mahler,388571,60,37,1900,6037,96,4.4381559382631517,0.29328857314288159,4.4381559382631517,0.24970456557118001,True,True,False,False,True,False
mahler,388571,60,38,1950,6038,96,4.5815631393225393,0.17249691305937365,4.5815631393225393,0.12756533197282624,True,True,False,False,True,False
mahler,388571,60,39,2000,6039,96,4.724970340381927,0.051705252975865257,4.724970340381927,0.005426098374471962,True,True,False,False,True,False
mahler,388571,60,40,2050,6040,96,4.8683775414413146,-0.069086407107642245,4.8683775414413146,-0.11671313522388176,True,True,False,False,True,False
mahler,388571,60,41,2100,6041,96,5.0117847425007023,-0.18987806719115063,5.0117847425007023,-0.23885236882223607,True,True,False,False,True,False
mahler,388571,60,42,2150,6042,96,5.1551919435600899,-0.31066972727465902,5.1551919435600899,-0.36099160242058931,True,False,False,False,True,False
mahler,388571,60,43,2200,6043,96,5.2985991446194776,-0.43146138735816653,5.2985991446194776,-0.48313083601894352,True,False,True,False,True,False
mahler,388571,60,44,2250,6044,96,5.4420063456788652,-0.55225304744167492,5.4420063456788652,-0.60527006961729779,True,False,True,False,True,False
mahler,388571,60,45,2300,6045,96,5.585413546738252,-0.67304470752518242,5.585413546738252,-0.72740930321565012,True,False,True,False,True,False
mahler,388571,60,46,2350,6046,96,5.7288207477976396,-0.79383636760868992,5.7288207477976396,-0.84954853681400433,True,False,True,False,True,False
mahler,388571,60,47,2400,6047,96,5.8722279488570273,-0.91462802769219831,5.8722279488570273,-0.97168777041235865,True,False,True,False,True,False
mahler,388571,60,48,2450,6048,96,6.0156351499164149,-1.0354196877757058,6.0156351499164149,-1.0938270040107121,True,False,True,False,True,False
mahler,388571,60,49,2500,6049,96,6.1590423509758025,-1.1562113478592142,6.1590423509758025,-1.2159662376090663,True,False,True,False,True,False
mahler,388571,60,50,2550,6050,96,6.3024495520351902,-1.2770030079427226,6.3024495520351902,-1.3381054712074205,True,False,True,False,True,False
mahler,388571,60,51,2600,6051,96,6.4458567530945778,-1.3977946680262301,6.4458567530945778,-1.4602447048057734,True,False,True,False,True,False
mahler,388571,60,52,2650,6052,96,6.5892639541539655,-1.5185863281097385,6.5892639541539655,-1.5823839384041278,True,False,True,False,True,False
mahler,388571,60,53,2700,6053,96,6.7326711552133522,-1.639377988193246,6.7326711552133522,-1.7045231720024814,True,False,True,False,True,False
mahler,388571,60,54,2750,6054,96,6.8760783562727399,-1.7601696482767535,6.8760783562727399,-1.8266624056008354,True,False,True,False,True,False
mahler,388571,60,55,2800,6055,96,7.0194855573321284,-1.8809613083602628,7.0194855573321284,-1.9488016391991898,True,False,True,False,True,False
mahler,388571,60,56,2850,6056,96,7.1628927583915161,-2.0017529684437703,7.1628927583915161,-2.0709408727975442,True,False,True,False,True,False
mahler,388571,60,57,2900,6057,96,7.3062999594509019,-2.1225446285272769,7.3062999594509019,-2.1930801063958962,True,False,True,False,True,False
mahler,388571,60,58,2950,6058,96,7.4497071605102896,-2.2433362886107853,7.4497071605102896,-2.3152193399942496,True,False,True,False,True,False
mahler,388571,60,59,3000,6059,96,7.5931143615696772,-2.3641279486942928,7.5931143615696772,-2.4373585735926038,True,False,True,False,True,False
mahler,388571,60,60,3050,6060,96,7.7365215626290649,-2.4849196087778012,7.7365215626290649,-2.559497807190958,True,False,True,False,True,False
mahler,388571,60,61,3100,6061,96,7.8799287636884525,-2.6057112688613095,7.8799287636884525,-2.6816370407893118,True,False,True,False,True,False
mahler,388571,60,62,3150,6062,96,8.0233359647478402,-2.7265029289448171,8.0233359647478402,-2.8037762743876655,True,False,True,False,True,False
mahler,388571,60,63,3200,6063,96,8.1667431658072278,-2.8472945890283254,8.1667431658072278,-2.9259155079860197,True,False,True,False,True,False
mahler,388571,60,64,3250,6064,96,8.3101503668666155,-2.9680862491118329,8.3101503668666155,-3.0480547415843731,True,False,True,False,True,False
mahler,388571,60,65,3300,6065,96,8.4535575679260031,-3.0888779091953413,8.4535575679260031,-3.1701939751827273,True,False,True,False,True,False
mahler,388571,60,66,3350,6066,96,8.5969647689853907,-3.2096695692788497,8.5969647689853907,-3.2923332087810819,True,False,True,False,True,False
mahler,388571,60,67,3400,6067,96,8.7403719700447784,-3.3304612293623572,8.7403719700447784,-3.4144724423794348,True,False,True,False,True,False
mahler,388571,60,68,3450,6068,96,8.883779171104166,-3.4512528894458656,8.883779171104166,-3.5366116759777895,True,False,True,False,True,False
mahler,388571,60,69,3500,6069,96,9.0271863721635537,-3.5720445495293731,9.0271863721635537,-3.6587509095761437,True,False,True,False,True,False
mahler,388571,60,70,3550,6070,96,9.1705935732229413,-3.6928362096128815,9.1705935732229413,-3.780890143174497,True,False,True,False,True,False
mahler,388571,60,71,3600,6071,96,9.314000774282329,-3.8136278696963899,9.314000774282329,-3.9030293767728508,True,False,True,False,True,False
mahler,388571,60,72,3650,6072,96,9.4574079753417166,-3.9344195297798974,9.4574079753417166,-4.0251686103712059,True,False,True,False,True,False
mahler,388571,60,73,3700,6073,96,9.6008151764011043,-4.0552111898634058,9.6008151764011043,-4.1473078439695579,True,False,True,False,True,False
mahler,388571,60,74,3750,6074,96,9.7442223774604901,-4.1760028499469124,9.7442223774604901,-4.2694470775679108,True,False,True,False,True,False
mahler,388571,60,75,3800,6075,96,9.8876295785198778,-4.2967945100304208,9.8876295785198778,-4.3915863111662645,True,False,True,False,True,False
mahler,394672,61,6,350,6106,83,0.20807928122535457,-7.858011620026077,0.20807928122535457,-7.8962712248195155,True,True,False,False,True,False
mahler,394672,61,7,400,6107,83,0.36295662095974579,-7.7523268982265865,0.36295662095974579,-7.8190639379659004,True,True,False,False,True,False
mahler,394672,61,8,450,6108,83,0.51783396069413679,-7.6466421764270969,0.51783396069413679,-7.7418566511122835,True,True,False,False,True,False
mahler,394672,61,9,500,6109,83,0.672711300428528,-7.5409574546276072,0.672711300428528,-7.6646493642586666,True,True,False,False,True,False
mahler,394672,61,10,550,6110,83,0.82758864016291922,-7.4352727328281176,0.82758864016291922,-7.5874420774050506,True,True,False,False,True,False
mahler,394672,61,11,600,6111,83,0.98246597989731022,-7.329588011028628,0.98246597989731022,-7.5102347905514337,True,True,False,False,True,False
mahler,394672,61,12,650,6112,83,1.1373433196317015,-7.2239032892291384,1.1373433196317015,-7.4330275036978168,True,True,False,False,True,False
mahler,394672,61,13,700,6113,83,1.2922206593660928,-7.1182185674296488,1.2922206593660928,-7.3558202168441991,True,True,False,False,True,False
mahler,394672,61,14,750,6114,83,1.447097999100484,-7.0125338456301591,1.447097999100484,-7.2786129299905848,True,True,False,False,True,False
mahler,394672,61,15,800,6115,83,1.6019753388348752,-6.9068491238306695,1.6019753388348752,-7.201405643136968,True,True,False,False,True,False
mahler,394672,61,16,850,6116,83,1.756852678569266,-6.8011644020311799,1.756852678569266,-7.124198356283352,True,True,False,False,True,False
mahler,394672,61,17,900,6117,83,1.9117300183036572,-6.6954796802316903,1.9117300183036572,-7.0469910694297342,True,True,False,False,True,False
mahler,394672,61,18,950,6118,83,2.0666073580380484,-6.5897949584322006,2.0666073580380484,-6.9697837825761182,True,True,False,False,True,False
mahler,394672,61,19,1000,6119,83,2.2214846977724396,-6.4841102366327101,2.2214846977724396,-6.8925764957225004,True,True,False,False,True,False
mahler,394672,61,20,1050,6120,83,2.3763620375068308,-6.3784255148332205,2.3763620375068308,-6.8153692088688835,True,True,False,False,True,False
mahler,394672,61,21,1100,6121,83,2.5312393772412221,-6.2727407930337309,2.5312393772412221,-6.7381619220152693,True,True,False,False,True,False
mahler,394672,61,22,1150,6122,83,2.6861167169756128,-6.1670560712342413,2.6861167169756128,-6.6609546351616524,True,True,False,False,True,False
mahler,394672,61,23,1200,6123,83,2.840994056710004,-6.0613713494347516,2.840994056710004,-6.5837473483080373,True,True,False,False,True,False
mahler,394672,61,24,1250,6124,83,2.9958713964443953,-5.955686627635262,2.9958713964443953,-6.5065400614544213,True,True,False,False,True,False
mahler,394672,61,25,1300,6125,83,3.1507487361787865,-5.8500019058357715,3.1507487361787865,-6.4293327746008009,True,True,False,False,True,False
mahler,394672,61,26,1350,6126,83,3.3056260759131773,-5.7443171840362828,3.3056260759131773,-6.3521254877471849,True,True,False,False,True,False
mahler,394672,61,27,1400,6127,83,3.4605034156475689,-5.6386324622367923,3.4605034156475689,-6.2749182008935698,True,True,False,False,True,False
mahler,394672,61,28,1450,6128,83,3.6153807553819597,-5.5329477404373026,3.6153807553819597,-6.1977109140399529,True,True,False,False,True,False
mahler,394672,61,29,1500,6129,83,3.7702580951163513,-5.427263018637813,3.7702580951163513,-6.120503627186336,True,True,False,False,True,False
mahler,394672,61,30,1550,6130,83,3.9251354348507421,-5.3215782968383234,3.9251354348507421,-6.04329634033272,True,True,False,False,True,False
mahler,394672,61,31,1600,6131,83,4.0800127745851338,-5.2158935750388338,4.0800127745851338,-5.9660890534791022,True,True,False,False,True,False
mahler,394672,61,32,1650,6132,83,4.2348901143195246,-5.1102088532393442,4.2348901143195246,-5.8888817666254862,True,True,False,False,True,False
mahler,394672,61,33,1700,6133,83,4.3897674540539153,-5.0045241314398545,4.3897674540539153,-5.8116744797718694,True,True,False,False,True,False
mahler,394672,61,34,1750,6134,83,4.544644793788307,-4.8988394096403649,4.544644793788307,-5.7344671929182542,True,True,False,False,True,False
mahler,394672,61,35,1800,6135,83,4.6995221335226978,-4.7931546878408753,4.6995221335226978,-5.6572599060646382,True,True,False,False,True,False
mahler,394672,61,36,1850,6136,83,4.8543994732570894,-4.6874699660413857,4.8543994732570894,-5.5800526192110205,True,True,False,False,True,False
mahler,394672,61,37,1900,6137,83,5.0092768129914802,-4.581785244241896,5.0092768129914802,-5.5028453323574045,True,False,False,False,True,False
mahler,394672,61,38,1950,6138,83,5.1641541527258719,-4.4761005224424055,5.1641541527258719,-5.4256380455037876,True,False,True,False,True,False
mahler,394672,61,39,2000,6139,83,5.3190314924602626,-4.3704158006429159,5.3190314924602626,-5.3484307586501707,True,False,True,False,True,False
mahler,394672,61,40,2050,6140,83,5.4739088321946534,-4.2647310788434272,5.4739088321946534,-5.2712234717965547,True,False,True,False,True,False
mahler,394672,61,41,2100,6141,83,5.6287861719290451,-4.1590463570439367,5.6287861719290451,-5.1940161849429378,True,False,True,False,True,False
mahler,394672,61,42,2150,6142,83,5.7836635116634358,-4.053361635244447,5.7836635116634358,-5.1168088980893218,True,False,True,False,True,False
mahler,394672,61,43,2200,6143,83,5.9385408513978275,-3.9476769134449574,5.9385408513978275,-5.0396016112357049,True,False,True,False,True,False
mahler,394672,61,44,2250,6144,83,6.0934181911322183,-3.8419921916454678,6.0934181911322183,-4.9623943243820898,True,False,True,False,True,False
mahler,394672,61,45,2300,6145,83,6.248295530866609,-3.7363074698459782,6.248295530866609,-4.8851870375284729,True,False,True,False,True,False
mahler,394672,61,46,2350,6146,83,6.4031728706010007,-3.6306227480464877,6.4031728706010007,-4.8079797506748552,True,False,True,False,True,False
mahler,394672,61,47,2400,6147,83,6.5580502103353915,-3.5249380262469989,6.5580502103353915,-4.7307724638212383,True,False,True,False,True,False
mahler,394672,61,48,2450,6148,83,6.7129275500697831,-3.4192533044475084,6.7129275500697831,-4.6535651769676223,True,False,True,False,True,False
mahler,394672,61,49,2500,6149,83,6.8678048898041739,-3.3135685826480188,6.8678048898041739,-4.5763578901140063,True,False,True,False,True,False
mahler,394672,61,50,2550,6150,83,7.0226822295385656,-3.2078838608485292,7.0226822295385656,-4.4991506032603885,True,False,True,False,True,False
mahler,394672,61,51,2600,6151,83,7.1775595692729564,-3.1021991390490395,7.1775595692729564,-4.4219433164067725,True,False,True,False,True,False
mahler,394672,61,52,2650,6152,83,7.3324369090073471,-2.9965144172495499,7.3324369090073471,-4.3447360295531565,True,False,True,False,True,False
mahler,394672,61,53,2700,6153,83,7.4873142487417379,-2.8908296954500603,7.4873142487417379,-4.2675287426995405,True,False,True,False,True,False
mahler,394672,61,54,2750,6154,83,7.6421915884761304,-2.7851449736505698,7.6421915884761304,-4.1903214558459227,True,False,True,False,True,False
mahler,394672,61,55,2800,6155,83,7.7970689282105212,-2.6794602518510802,7.7970689282105212,-4.1131141689923068,True,False,True,False,True,False
mahler,394672,61,56,2850,6156,83,7.951946267944912,-2.5737755300515914,7.951946267944912,-4.0359068821386908,True,False,True,False,True,False
mahler,394672,61,57,2900,6157,83,8.1068236076793028,-2.4680908082521018,8.1068236076793028,-3.9586995952850743,True,False,True,False,True,False
mahler,394672,61,58,2950,6158,83,8.2617009474136953,-2.3624060864526113,8.2617009474136953,-3.8814923084314565,True,False,True,False,True,False
mahler,394672,61,59,3000,6159,83,8.4165782871480861,-2.2567213646531217,8.4165782871480861,-3.804285021577841,True,False,True,False,True,False
mahler,394672,61,60,3050,6160,83,8.5714556268824769,-2.1510366428536321,8.5714556268824769,-3.7270777347242237,True,False,True,False,True,False
mahler,394672,61,61,3100,6161,83,8.7263329666168676,-2.0453519210541424,8.7263329666168676,-3.6498704478706072,True,False,True,False,True,False
mahler,394672,61,62,3150,6162,83,8.8812103063512584,-1.9396671992546528,8.8812103063512584,-3.5726631610169912,True,False,True,False,True,False
mahler,394672,61,63,3200,6163,83,9.036087646085651,-1.8339824774551623,9.036087646085651,-3.4954558741633734,True,False,True,False,True,False
mahler,394672,61,64,3250,6164,83,9.1909649858200417,-1.7282977556556727,9.1909649858200417,-3.4182485873097583,True,False,True,False,True,False
mahler,394672,61,65,3300,6165,83,9.3458423255544325,-1.6226130338561839,9.3458423255544325,-3.3410413004561414,True,False,True,False,True,False
mahler,394672,61,66,3350,6166,83,9.5007196652888233,-1.5169283120566943,9.5007196652888233,-3.2638340136025246,True,False,True,False,True,False
mahler,394672,61,67,3400,6167,83,9.6555970050232141,-1.4112435902572047,9.6555970050232141,-3.186626726748909,True,False,True,False,True,False
mahler,394672,61,68,3450,6168,83,9.8104743447576066,-1.3055588684577142,9.8104743447576066,-3.1094194398952912,True,False,True,False,True,False
mahler,396358,62,6,350,6206,99,0.42971748127523934,-6.1376026998898974,0.42971748127523934,-6.1388533076419849,True,True,False,False,True,False
mahler,396358,62,7,400,6207,99,0.74976619991035198,-5.9421720761979495,0.74976619991035198,-5.944354205541349,True,True,False,False,True,False
mahler,396358,62,8,450,6208,99,1.0698149185454651,-5.7467414525060017,1.0698149185454651,-5.7498551034407122,True,True,False,False,True,False
mahler,396358,62,9,500,6209,99,1.3898636371805781,-5.5513108288140538,1.3898636371805781,-5.5553560013400762,True,True,False,False,True,False
mahler,396358,62,10,550,6210,99,1.7099123558156912,-5.3558802051221051,1.7099123558156912,-5.3608568992394412,True,True,False,False,True,False
mahler,396358,62,11,600,6211,99,2.0299610744508043,-5.1604495814301572,2.0299610744508043,-5.1663577971388053,True,True,False,False,True,False
mahler,396358,62,12,650,6212,99,2.3500097930859174,-4.9650189577382093,2.3500097930859174,-4.9718586950381702,True,True,False,False,True,False
mahler,396358,62,13,700,6213,99,2.6700585117210305,-4.7695883340462615,2.6700585117210305,-4.7773595929375352,True,True,False,False,True,False
mahler,396358,62,14,750,6214,99,2.9901072303561436,-4.5741577103543127,2.9901072303561436,-4.5828604908368984,True,True,False,False,True,False
mahler,396358,62,15,800,6215,99,3.3101559489912558,-4.3787270866623658,3.3101559489912558,-4.3883613887362625,True,True,False,False,True,False
mahler,396358,62,16,850,6216,99,3.6302046676263688,-4.1832964629704179,3.6302046676263688,-4.1938622866356283,True,True,False,False,True,False
mahler,396358,62,17,900,6217,99,3.9502533862614819,-3.9878658392784692,3.9502533862614819,-3.9993631845349924,True,True,False,False,True,False
mahler,396358,62,18,950,6218,99,4.2703021048965955,-3.7924352155865209,4.2703021048965955,-3.8048640824343551,True,True,False,False,True,False
mahler,396358,62,19,1000,6219,99,4.5903508235317076,-3.5970045918945734,4.5903508235317076,-3.6103649803337197,True,True,False,False,True,False
mahler,396358,62,20,1050,6220,99,4.9103995421668216,-3.4015739682026247,4.9103995421668216,-3.4158658782330842,True,True,False,False,True,False
mahler,396358,62,21,1100,6221,99,5.2304482608019338,-3.2061433445106773,5.2304482608019338,-3.2213667761324483,True,False,False,False,True,False
mahler,396358,62,22,1150,6222,99,5.5504969794370478,-3.0107127208187285,5.5504969794370478,-3.0268676740318123,True,False,True,False,True,False
mahler,396358,62,23,1200,6223,99,5.87054569807216,-2.8152820971267811,5.87054569807216,-2.8323685719311769,True,False,True,False,True,False
mahler,396358,62,24,1250,6224,99,6.1905944167072722,-2.6198514734348333,6.1905944167072722,-2.6378694698305427,True,False,True,False,True,False
mahler,396358,62,25,1300,6225,99,6.5106431353423861,-2.4244208497428845,6.5106431353423861,-2.4433703677299059,True,False,True,False,True,False
mahler,396358,62,26,1350,6226,99,6.8306918539774983,-2.2289902260509376,6.8306918539774983,-2.2488712656292709,True,False,True,False,True,False
mahler,396358,62,27,1400,6227,99,7.1507405726126123,-2.0335596023589888,7.1507405726126123,-2.0543721635286345,True,False,True,False,True,False
mahler,396358,62,28,1450,6228,99,7.4707892912477245,-1.8381289786670409,7.4707892912477245,-1.8598730614279995,True,False,True,False,True,False
mahler,396358,62,29,1500,6229,99,7.7908380098828385,-1.6426983549750922,7.7908380098828385,-1.6653739593273631,True,False,True,False,True,False
mahler,396358,62,30,1550,6230,99,8.1108867285179507,-1.4472677312831443,8.1108867285179507,-1.4708748572267276,True,False,True,False,True,False
mahler,396358,62,31,1600,6231,99,8.4309354471530629,-1.2518371075911974,8.4309354471530629,-1.2763757551260919,True,False,True,False,True,False
mahler,396358,62,32,1650,6232,99,8.7509841657881768,-1.0564064838992486,8.7509841657881768,-1.0818766530254553,True,False,True,False,True,False
mahler,396358,62,33,1700,6233,99,9.071032884423289,-0.86097586020730077,9.071032884423289,-0.8873775509248204,True,False,True,False,True,False
mahler,396358,62,34,1750,6234,99,9.391081603058403,-0.66554523651535202,9.391081603058403,-0.69287844882418359,True,False,True,False,True,False
mahler,396358,62,35,1800,6235,99,9.7111303216935152,-0.47011461282340505,9.7111303216935152,-0.49837934672354889,True,False,True,False,True,False
mahler,400995,63,6,350,6306,97,0.41125742717791058,-2.2909190136701252,0.41125742717791058,-2.2123953821845812,True,True,False,False,True,False
mahler,400995,63,7,400,6307,97,0.71740290944571306,-2.5074829488241193,0.71740290944571306,-2.3705053211504352,True,True,False,False,True,False
mahler,400995,63,8,450,6308,97,1.0235483917135151,-2.7240468839781133,1.0235483917135151,-2.5286152601162888,True,True,False,False,True,False
mahler,400995,63,9,500,6309,97,1.3296938739813171,-2.9406108191321079,1.3296938739813171,-2.6867251990821428,True,True,False,False,True,False
mahler,400995,63,10,550,6310,97,1.6358393562491191,-3.1571747542861019,1.6358393562491191,-2.8448351380479959,True,True,False,False,True,False
mahler,400995,63,11,600,6311,97,1.9419848385169212,-3.373738689440096,1.9419848385169212,-3.0029450770138499,True,True,False,False,True,False
mahler,400995,63,12,650,6312,97,2.248130320784723,-3.5903026245940897,2.248130320784723,-3.161055015979704,True,True,False,False,True,False
mahler,400995,63,13,700,6313,97,2.5542758030525254,-3.8068665597480846,2.5542758030525254,-3.3191649549455575,True,True,False,False,True,False
mahler,400995,63,14,750,6314,97,2.8604212853203279,-4.0234304949020787,2.8604212853203279,-3.4772748939114115,True,True,False,False,True,False
mahler,400995,63,15,800,6315,97,3.1665667675881304,-4.2399944300560737,3.1665667675881304,-3.635384832877266,True,True,False,False,True,False
mahler,400995,63,16,850,6316,97,3.472712249855932,-4.4565583652100669,3.472712249855932,-3.7934947718431191,True,True,False,False,True,False
mahler,400995,63,17,900,6317,97,3.7788577321237344,-4.6731223003640618,3.7788577321237344,-3.9516047108089727,True,True,False,False,True,False
mahler,400995,63,18,950,6318,97,4.085003214391536,-4.889686235518055,4.085003214391536,-4.1097146497748263,True,True,False,False,True,False
mahler,400995,63,19,1000,6319,97,4.3911486966593385,-5.10625017067205,4.3911486966593385,-4.2678245887406803,True,True,False,False,True,False
mahler,400995,63,20,1050,6320,97,4.6972941789271401,-5.3228141058260441,4.6972941789271401,-4.4259345277065334,True,True,False,False,True,False
mahler,400995,63,21,1100,6321,97,5.0034396611949425,-5.5393780409800382,5.0034396611949425,-4.5840444666723874,True,True,False,False,True,False
mahler,400995,63,22,1150,6322,97,5.309585143462745,-5.7559419761340322,5.309585143462745,-4.7421544056382414,True,False,False,False,True,False
mahler,400995,63,23,1200,6323,97,5.6157306257305466,-5.9725059112880263,5.6157306257305466,-4.9002643446040945,True,False,True,False,True,False
mahler,400995,63,24,1250,6324,97,5.9218761079983491,-6.1890698464420204,5.9218761079983491,-5.0583742835699494,True,False,True,False,True,False
mahler,400995,63,25,1300,6325,97,6.2280215902661507,-6.4056337815960145,6.2280215902661507,-5.2164842225358026,True,False,True,False,True,False
mahler,400995,63,26,1350,6326,97,6.5341670725339531,-6.6221977167500086,6.5341670725339531,-5.3745941615016566,True,False,True,False,True,False
mahler,400995,63,27,1400,6327,97,6.8403125548017547,-6.8387616519040026,6.8403125548017547,-5.5327041004675115,True,False,True,False,True,False
mahler,400995,63,28,1450,6328,97,7.1464580370695581,-7.0553255870579976,7.1464580370695581,-5.6908140394333637,True,False,True,False,True,False
mahler,400995,63,29,1500,6329,97,7.4526035193373596,-7.2718895222119917,7.4526035193373596,-5.848923978399216,True,False,True,False,True,False
mahler,400995,63,30,1550,6330,97,7.7587490016051612,-7.4884534573659849,7.7587490016051612,-6.0070339173650726,True,False,True,False,True,False
mahler,400995,63,31,1600,6331,97,8.0648944838729637,-7.7050173925199799,8.0648944838729637,-6.1651438563309249,True,False,True,False,True,False
mahler,400995,63,32,1650,6332,97,8.3710399661407653,-7.921581327673973,8.3710399661407653,-6.3232537952967798,True,False,True,False,True,False
mahler,400995,63,33,1700,6333,97,8.6771854484085669,-8.1381452628279671,8.6771854484085669,-6.4813637342626338,True,False,True,False,True,False
mahler,400995,63,34,1750,6334,97,8.9833309306763685,-8.3547091979819612,8.9833309306763685,-6.639473673228486,True,False,True,False,True,False
mahler,400995,63,35,1800,6335,97,9.2894764129441718,-8.5712731331359571,9.2894764129441718,-6.7975836121943409,True,False,True,False,True,False
mahler,400995,63,36,1850,6336,97,9.5956218952119734,-8.7878370682899494,9.5956218952119734,-6.9556935511601949,True,False,True,False,True,False
mahler,400995,63,37,1900,6337,97,9.901767377479775,-9.0044010034439435,9.901767377479775,-7.1138034901260481,True,False,True,False,True,False
mahler,401673,64,6,350,6406,96,0.41083909855467682,-1.6906230011757324,0.41083909855467682,-1.6262182786416666,True,True,False,False,True,False
mahler,401673,64,7,400,6407,96,0.7169845854162753,-1.9071869467299503,0.7169845854162753,-1.7947896373448344,True,True,False,False,True,False
mahler,401673,64,8,450,6408,96,1.0231300722778738,-2.1237508922841681,1.0231300722778738,-1.9633609960480021,True,True,False,False,True,False
mahler,401673,64,9,500,6409,96,1.3292755591394723,-2.340314837838386,1.3292755591394723,-2.1319323547511697,True,True,False,False,True,False
mahler,401673,64,10,550,6410,96,1.6354210460010712,-2.5568787833926043,1.6354210460010712,-2.3005037134543378,True,True,False,False,True,False
mahler,401673,64,11,600,6411,96,1.9415665328626697,-2.7734427289468218,1.9415665328626697,-2.4690750721575054,True,True,False,False,True,False
mahler,401673,64,12,650,6412,96,2.2477120197242684,-2.9900066745010401,2.2477120197242684,-2.6376464308606731,True,True,False,False,True,False
mahler,401673,64,13,700,6413,96,2.5538575065858664,-3.2065706200552571,2.5538575065858664,-2.8062177895638407,True,True,False,False,True,False
mahler,401673,64,14,750,6414,96,2.8600029934474653,-3.4231345656094758,2.8600029934474653,-2.9747891482670084,True,True,False,False,True,False
mahler,401673,64,15,800,6415,96,3.1661484803090634,-3.6396985111636928,3.1661484803090634,-3.1433605069701755,True,True,False,False,True,False
mahler,401673,64,16,850,6416,96,3.4722939671706623,-3.8562624567179116,3.4722939671706623,-3.3119318656733441,True,True,False,False,True,False
mahler,401673,64,17,900,6417,96,3.7784394540322603,-4.0728264022721286,3.7784394540322603,-3.4805032243765104,True,True,False,False,True,False
mahler,401673,64,18,950,6418,96,4.0845849408938593,-4.2893903478263464,4.0845849408938593,-3.6490745830796789,True,True,False,False,True,False
mahler,401673,64,19,1000,6419,96,4.3907304277554573,-4.5059542933805643,4.3907304277554573,-3.8176459417828466,True,True,False,False,True,False
mahler,401673,64,20,1050,6420,96,4.6968759146170562,-4.7225182389347822,4.6968759146170562,-3.9862173004860146,True,True,False,False,True,False
mahler,401673,64,21,1100,6421,96,5.0030214014786552,-4.9390821844890009,5.0030214014786552,-4.1547886591891832,True,True,False,False,True,False
mahler,401673,64,22,1150,6422,96,5.3091668883402532,-5.1556461300432179,5.3091668883402532,-4.323360017892349,True,False,False,False,True,False
mahler,401673,64,23,1200,6423,96,5.6153123752018521,-5.3722100755974367,5.6153123752018521,-4.4919313765955176,True,False,True,False,True,False
mahler,401673,64,24,1250,6424,96,5.9214578620634502,-5.5887740211516537,5.9214578620634502,-4.6605027352986852,True,False,True,False,True,False
mahler,401673,64,25,1300,6425,96,6.2276033489250491,-5.8053379667058724,6.2276033489250491,-4.8290740940018537,True,False,True,False,True,False
mahler,401673,64,26,1350,6426,96,6.5337488357866471,-6.0219019122600894,6.5337488357866471,-4.9976454527050196,True,False,True,False,True,False
mahler,401673,64,27,1400,6427,96,6.839894322648246,-6.2384658578143082,6.839894322648246,-5.1662168114081881,True,False,True,False,True,False
mahler,401673,64,28,1450,6428,96,7.146039809509845,-6.4550298033685261,7.146039809509845,-5.3347881701113549,True,False,True,False,True,False
mahler,401673,64,29,1500,6429,96,7.4521852963714439,-6.6715937489227439,7.4521852963714439,-5.5033595288145234,True,False,True,False,True,False
mahler,401673,64,30,1550,6430,96,7.758330783233041,-6.8881576944769609,7.758330783233041,-5.6719308875176893,True,False,True,False,True,False
mahler,401673,64,31,1600,6431,96,8.0644762700946409,-7.1047216400311797,8.0644762700946409,-5.8405022462208587,True,False,True,False,True,False
mahler,401673,64,32,1650,6432,96,8.3706217569562398,-7.3212855855853975,8.3706217569562398,-6.0090736049240272,True,False,True,False,True,False
mahler,401673,64,33,1700,6433,96,8.6767672438178387,-7.5378495311396163,8.6767672438178387,-6.1776449636271957,True,False,True,False,True,False
mahler,401673,64,34,1750,6434,96,8.9829127306794376,-7.7544134766938342,8.9829127306794376,-6.3462163223303634,True,False,True,False,True,False
mahler,401673,64,35,1800,6435,96,9.2890582175410348,-7.9709774222480512,9.2890582175410348,-6.5147876810335292,True,False,True,False,True,False
mahler,401673,64,36,1850,6436,96,9.5952037044026337,-8.1875413678022682,9.5952037044026337,-6.6833590397366978,True,False,True,False,True,False
mahler,401673,64,37,1900,6437,96,9.9013491912642326,-8.4041053133564869,9.9013491912642326,-6.8519303984398663,True,False,True,False,True,False
mahler,406460,65,6,350,6506,101,0.20334317853543893,2.6509483744641247,0.20334317853543893,2.641788940605446,True,True,False,False,True,False
mahler,406460,65,7,400,6507,101,0.35456777433610642,2.5400999578960128,0.35456777433610642,2.5241287187063977,True,True,False,False,True,False
mahler,406460,65,8,450,6508,101,0.50579237013677369,2.4292515413279006,0.50579237013677369,2.4064684968073502,True,True,False,False,True,False
mahler,406460,65,9,500,6509,101,0.65701696593744119,2.3184031247597887,0.65701696593744119,2.2888082749083014,True,True,False,False,True,False
mahler,406460,65,10,550,6510,101,0.80824156173810846,2.2075547081916769,0.80824156173810846,2.171148053009254,True,True,False,False,True,False
mahler,406460,65,11,600,6511,101,0.95946615753877573,2.096706291623565,0.95946615753877573,2.0534878311102056,True,True,False,False,True,False
mahler,406460,65,12,650,6512,101,1.1106907533394432,1.985857875055453,1.1106907533394432,1.9358276092111577,True,True,False,False,True,False
mahler,406460,65,13,700,6513,101,1.2619153491401103,1.8750094584873414,1.2619153491401103,1.81816738731211,True,True,False,False,True,False
mahler,406460,65,14,750,6514,101,1.4131399449407778,1.7641610419192293,1.4131399449407778,1.7005071654130617,True,True,False,False,True,False
mahler,406460,65,15,800,6515,101,1.5643645407414453,1.6533126253511172,1.5643645407414453,1.582846943514014,True,True,False,False,True,False
mahler,406460,65,16,850,6516,101,1.7155891365421128,1.5424642087830052,1.7155891365421128,1.4651867216149657,True,True,False,False,True,False
mahler,406460,65,17,900,6517,101,1.8668137323427798,1.4316157922148935,1.8668137323427798,1.3475264997159178,True,True,False,False,True,False
mahler,406460,65,18,950,6518,101,2.0180383281434473,1.3207673756467815,2.0180383281434473,1.2298662778168699,True,True,False,False,True,False
mahler,406460,65,19,1000,6519,101,2.1692629239441148,1.2099189590786694,2.1692629239441148,1.1122060559178215,True,True,False,False,True,False
mahler,406460,65,20,1050,6520,101,2.3204875197447818,1.0990705425105578,2.3204875197447818,0.99454583401877417,True,True,False,False,True,False
mahler,406460,65,21,1100,6521,101,2.4717121155454493,0.98822212594244574,2.4717121155454493,0.87688561211972604,True,True,False,False,True,False
mahler,406460,65,22,1150,6522,101,2.6229367113461168,0.87737370937433368,2.6229367113461168,0.75922539022067781,True,True,False,False,True,False
mahler,406460,65,23,1200,6523,101,2.7741613071467839,0.76652529280622206,2.7741613071467839,0.64156516832163035,True,True,False,False,True,False
mahler,406460,65,24,1250,6524,101,2.9253859029474514,0.65567687623810977,2.9253859029474514,0.52390494642258167,True,True,False,False,True,False
mahler,406460,65,25,1300,6525,101,3.0766104987481189,0.54482845966999793,3.0766104987481189,0.40624472452353366,True,True,False,False,True,False
mahler,406460,65,26,1350,6526,101,3.2278350945487864,0.43398004310188609,3.2278350945487864,0.28858450262448565,True,True,False,False,True,False
mahler,406460,65,27,1400,6527,101,3.379059690349453,0.3231316265337747,3.379059690349453,0.17092428072543839,True,True,False,False,True,False
mahler,406460,65,28,1450,6528,101,3.5302842861501205,0.21228320996566241,3.5302842861501205,0.053264058826390299,True,True,False,False,True,False
mahler,406460,65,29,1500,6529,101,3.681508881950788,0.10143479339755057,3.681508881950788,-0.064396163072657692,True,True,False,False,True,False
mahler,406460,65,30,1550,6530,101,3.8327334777514555,-0.0094136231705617135,3.8327334777514555,-0.18205638497170579,True,True,False,False,True,False
mahler,406460,65,31,1600,6531,101,3.9839580735521229,-0.12026203973867355,3.9839580735521229,-0.29971660687075385,True,True,False,False,True,False
mahler,406460,65,32,1650,6532,101,4.1351826693527904,-0.23111045630678584,4.1351826693527904,-0.41737682876980231,True,True,False,False,True,False
mahler,406460,65,33,1700,6533,101,4.2864072651534579,-0.34195887287489768,4.2864072651534579,-0.5350370506688501,True,True,False,False,True,False
mahler,406460,65,34,1750,6534,101,4.4376318609541245,-0.45280728944300908,4.4376318609541245,-0.65269727256789734,True,True,False,False,True,False
mahler,406460,65,35,1800,6535,101,4.588856456754792,-0.56365570601112092,4.588856456754792,-0.77035749446694624,True,True,False,False,True,False
mahler,406460,65,36,1850,6536,101,4.7400810525554595,-0.6745041225792332,4.7400810525554595,-0.88801771636599314,True,True,False,False,True,False
mahler,406460,65,37,1900,6537,101,4.891305648356127,-0.78535253914734504,4.891305648356127,-1.0056779382650425,True,True,False,False,True,False
mahler,406460,65,38,1950,6538,101,5.0425302441567945,-0.89620095571545733,5.0425302441567945,-1.1233381601640897,True,False,False,False,True,False
mahler,406460,65,39,2000,6539,101,5.193754839957462,-1.0070493722835692,5.193754839957462,-1.2409983820631383,True,False,True,False,True,False
mahler,406460,65,40,2050,6540,101,5.3449794357581286,-1.1178977888516806,5.3449794357581286,-1.3586586039621864,True,False,True,False,True,False
mahler,406460,65,41,2100,6541,101,5.4962040315587961,-1.2287462054197928,5.4962040315587961,-1.4763188258612336,True,False,True,False,True,False
mahler,406460,65,42,2150,6542,101,5.6474286273594636,-1.3395946219879042,5.6474286273594636,-1.5939790477602822,True,False,True,False,True,False
mahler,406460,65,43,2200,6543,101,5.7986532231601311,-1.4504430385560165,5.7986532231601311,-1.7116392696593299,True,False,True,False,True,False
mahler,406460,65,44,2250,6544,101,5.9498778189607986,-1.5612914551241288,5.9498778189607986,-1.8292994915583787,True,False,True,False,True,False
mahler,406460,65,45,2300,6545,101,6.1011024147614661,-1.6721398716922411,6.1011024147614661,-1.9469597134574252,True,False,True,False,True,False
mahler,406460,65,46,2350,6546,101,6.2523270105621327,-1.7829882882603525,6.2523270105621327,-2.0646199353564731,True,False,True,False,True,False
mahler,406460,65,47,2400,6547,101,6.4035516063628002,-1.8938367048284639,6.4035516063628002,-2.1822801572555219,True,False,True,False,True,False
mahler,406460,65,48,2450,6548,101,6.5547762021634677,-2.0046851213965762,6.5547762021634677,-2.2999403791545685,True,False,True,False,True,False
mahler,406460,65,49,2500,6549,101,6.7060007979641352,-2.1155335379646885,6.7060007979641352,-2.4176006010536182,True,False,True,False,True,False
mahler,406460,65,50,2550,6550,101,6.8572253937648027,-2.2263819545327999,6.8572253937648027,-2.5352608229526656,True,False,True,False,True,False
mahler,406460,65,51,2600,6551,101,7.0084499895654702,-2.3372303711009121,7.0084499895654702,-2.6529210448517135,True,False,True,False,True,False
mahler,406460,65,52,2650,6552,101,7.1596745853661368,-2.4480787876690235,7.1596745853661368,-2.7705812667507614,True,False,True,False,True,False
mahler,406460,65,53,2700,6553,101,7.3108991811668051,-2.5589272042371367,7.3108991811668051,-2.8882414886498102,True,False,True,False,True,False
mahler,406460,65,54,2750,6554,101,7.4621237769674718,-2.6697756208052481,7.4621237769674718,-3.0059017105488572,True,False,True,False,True,False
mahler,406460,65,55,2800,6555,101,7.6133483727681384,-2.7806240373733595,7.6133483727681384,-3.1235619324479051,True,False,True,False,True,False
mahler,406460,65,56,2850,6556,101,7.7645729685688067,-2.8914724539414718,7.7645729685688067,-3.2412221543469535,True,False,True,False,True,False
mahler,406460,65,57,2900,6557,101,7.9157975643694733,-3.0023208705095832,7.9157975643694733,-3.3588823762460018,True,False,True,False,True,False
mahler,406460,65,58,2950,6558,101,8.0670221601701417,-3.1131692870776955,8.0670221601701417,-3.4765425981450497,True,False,True,False,True,False
mahler,406460,65,59,3000,6559,101,8.2182467559708083,-3.2240177036458069,8.2182467559708083,-3.5942028200440972,True,False,True,False,True,False
mahler,406460,65,60,3050,6560,101,8.3694713517714767,-3.33486612021392,8.3694713517714767,-3.711863041943146,True,False,True,False,True,False
mahler,406460,65,61,3100,6561,101,8.5206959475721433,-3.4457145367820314,8.5206959475721433,-3.8295232638421943,True,False,True,False,True,False
mahler,406460,65,62,3150,6562,101,8.6719205433728099,-3.5565629533501428,8.6719205433728099,-3.9471834857412409,True,False,True,False,True,False
mahler,406460,65,63,3200,6563,101,8.8231451391734783,-3.6674113699182551,8.8231451391734783,-4.0648437076402901,True,False,True,False,True,False
mahler,406460,65,64,3250,6564,101,8.9743697349741449,-3.7782597864863665,8.9743697349741449,-4.1825039295393376,True,False,True,False,True,False
mahler,406460,65,65,3300,6565,101,9.1255943307748133,-3.8891082030544797,9.1255943307748133,-4.3001641514383859,True,False,True,False,True,False
mahler,406460,65,66,3350,6566,101,9.2768189265754799,-3.9999566196225911,9.2768189265754799,-4.4178243733374334,True,False,True,False,True,False
mahler,406460,65,67,3400,6567,101,9.4280435223761483,-4.1108050361907029,9.4280435223761483,-4.5354845952364835,True,False,True,False,True,False
mahler,406460,65,68,3450,6568,101,9.5792681181768149,-4.2216534527588152,9.5792681181768149,-4.6531448171355292,True,False,True,False,True,False
mahler,406460,65,69,3500,6569,101,9.7304927139774815,-4.3325018693269257,9.7304927139774815,-4.7708050390345766,True,False,True,False,True,False
mahler,406460,65,70,3550,6570,101,9.8817173097781499,-4.443350285895038,9.8817173097781499,-4.8884652609336259,True,False,True,False,True,False
mahler,413189,66,6,350,6606,96,0.52522037877897132,-8.6155375470627309,0.52522037877897132,-8.671474873324426,True,True,False,False,True,False
mahler,413189,66,7,400,6607,96,0.76740788816418659,-8.3292331500945025,0.76740788816418659,-8.4268263599110185,True,True,False,False,True,False
mahler,413189,66,8,450,6608,96,1.0095953975494021,-8.0429287531262759,1.0095953975494021,-8.1821778464976109,True,True,False,False,True,False
mahler,413189,66,9,500,6609,96,1.2517829069346174,-7.7566243561580466,1.2517829069346174,-7.9375293330842043,True,True,False,False,True,False
mahler,413189,66,10,550,6610,96,1.4939704163198326,-7.4703199591898191,1.4939704163198326,-7.6928808196707967,True,True,False,False,True,False
mahler,413189,66,11,600,6611,96,1.7361579257050479,-7.1840155622215907,1.7361579257050479,-7.448232306257391,True,True,False,False,True,False
mahler,413189,66,12,650,6612,96,1.9783454350902632,-6.8977111652533623,1.9783454350902632,-7.2035837928439825,True,True,False,False,True,False
mahler,413189,66,13,700,6613,96,2.2205329444754787,-6.6114067682851339,2.2205329444754787,-6.9589352794305768,True,True,False,False,True,False
mahler,413189,66,14,750,6614,96,2.4627204538606939,-6.3251023713169063,2.4627204538606939,-6.7142867660171701,True,True,False,False,True,False
mahler,413189,66,15,800,6615,96,2.7049079632459092,-6.0387979743486779,2.7049079632459092,-6.4696382526037617,True,True,False,False,True,False
mahler,413189,66,16,850,6616,96,2.9470954726311245,-5.7524935773804504,2.9470954726311245,-6.2249897391903559,True,True,False,False,True,False
mahler,413189,66,17,900,6617,96,3.1892829820163398,-5.466189180412222,3.1892829820163398,-5.9803412257769493,True,True,False,False,True,False
mahler,413189,66,18,950,6618,96,3.431470491401555,-5.1798847834439936,3.431470491401555,-5.7356927123635408,True,True,False,False,True,False
mahler,413189,66,19,1000,6619,96,3.6736580007867703,-4.8935803864757661,3.6736580007867703,-5.4910441989501342,True,True,False,False,True,False
mahler,413189,66,20,1050,6620,96,3.9158455101719856,-4.6072759895075377,3.9158455101719856,-5.2463956855367266,True,True,False,False,True,False
mahler,413189,66,21,1100,6621,96,4.1580330195572008,-4.3209715925393093,4.1580330195572008,-5.00174717212332,True,True,False,False,True,False
mahler,413189,66,22,1150,6622,96,4.4002205289424161,-4.0346671955710818,4.4002205289424161,-4.7570986587099142,True,True,False,False,True,False
mahler,413189,66,23,1200,6623,96,4.6424080383276314,-3.7483627986028534,4.6424080383276314,-4.5124501452965067,True,True,False,False,True,False
mahler,413189,66,24,1250,6624,96,4.8845955477128467,-3.462058401634625,4.8845955477128467,-4.2678016318831,True,True,False,False,True,False
mahler,413189,66,25,1300,6625,96,5.1267830570980619,-3.1757540046663975,5.1267830570980619,-4.0231531184696925,True,False,False,False,True,False
mahler,413189,66,26,1350,6626,96,5.3689705664832772,-2.8894496076981691,5.3689705664832772,-3.7785046050562872,True,False,True,False,True,False
mahler,413189,66,27,1400,6627,96,5.6111580758684925,-2.6031452107299415,5.6111580758684925,-3.5338560916428783,True,False,True,False,True,False
mahler,413189,66,28,1450,6628,96,5.8533455852537077,-2.3168408137617131,5.8533455852537077,-3.2892075782294725,True,False,True,False,True,False
mahler,413189,66,29,1500,6629,96,6.095533094638923,-2.0305364167934847,6.095533094638923,-3.0445590648160645,True,False,True,False,True,False
mahler,413189,66,30,1550,6630,96,6.3377206040241383,-1.7442320198252572,6.3377206040241383,-2.7999105514026588,True,False,True,False,True,False
mahler,413189,66,31,1600,6631,96,6.5799081134093536,-1.4579276228570288,6.5799081134093536,-2.5552620379892512,True,False,True,False,True,False
mahler,413189,66,32,1650,6632,96,6.8220956227945688,-1.1716232258888013,6.8220956227945688,-2.3106135245758446,True,False,True,False,True,False
mahler,413189,66,33,1700,6633,96,7.064283132179785,-0.88531882892057112,7.064283132179785,-2.0659650111624375,True,False,True,False,True,False
mahler,413189,66,34,1750,6634,96,7.3064706415649994,-0.59901443195234449,7.3064706415649994,-1.8213164977490308,True,False,True,False,True,False
mahler,413189,66,35,1800,6635,96,7.5486581509502155,-0.31271003498411609,7.5486581509502155,-1.5766679843356233,True,False,True,False,True,False
mahler,413189,66,36,1850,6636,96,7.7908456603354299,-0.026405638015887689,7.7908456603354299,-1.3320194709222171,True,False,True,False,True,False
mahler,413189,66,37,1900,6637,96,8.0330331697206461,0.25989875895234071,8.0330331697206461,-1.0873709575088095,True,False,True,False,True,False
mahler,413189,66,38,1950,6638,96,8.2752206791058605,0.54620315592056734,8.2752206791058605,-0.84272244409540298,True,False,True,False,True,False
mahler,413189,66,39,2000,6639,96,8.5174081884910766,0.83250755288879752,8.5174081884910766,-0.59807393068199544,True,False,True,False,True,False
mahler,413189,66,40,2050,6640,96,8.759595697876291,1.1188119498570241,8.759595697876291,-0.35342541726858911,True,False,True,False,True,False
mahler,413189,66,41,2100,6641,96,9.0017832072615072,1.4051163468252525,9.0017832072615072,-0.10877690385518167,True,False,True,False,True,False
mahler,413189,66,42,2150,6642,96,9.2439707166467215,1.6914207437934792,9.2439707166467215,0.135871609558225,True,False,True,False,True,False
mahler,413189,66,43,2200,6643,96,9.4861582260319377,1.9777251407617094,9.4861582260319377,0.38052012297163235,True,False,True,False,True,False
mahler,413189,66,44,2250,6644,96,9.7283457354171521,2.264029537729936,9.7283457354171521,0.62516863638503872,True,False,True,False,True,False
mahler,413189,66,45,2300,6645,96,9.9705332448023682,2.5503339346981662,9.9705332448023682,0.86981714979844627,True,False,True,False,True,False
mahler,413513,67,6,350,6706,96,0.61529844671211342,-8.3166102721940973,0.61529844671211342,-8.2945384575299244,True,True,False,False,True,False
mahler,413513,67,7,400,6707,96,0.92505312463412781,-8.1052408206020523,0.92505312463412781,-8.066706780203738,True,True,False,False,True,False
mahler,413513,67,8,450,6708,96,1.2348078025561422,-7.8938713690100082,1.2348078025561422,-7.8388751028775543,True,True,False,False,True,False
mahler,413513,67,9,500,6709,96,1.5445624804781566,-7.6825019174179641,1.5445624804781566,-7.6110434255513679,True,True,False,False,True,False
mahler,413513,67,10,550,6710,96,1.854317158400171,-7.4711324658259191,1.854317158400171,-7.3832117482251816,True,True,False,False,True,False
mahler,413513,67,11,600,6711,96,2.1640718363221847,-7.2597630142338749,2.1640718363221847,-7.155380070898997,True,True,False,False,True,False
mahler,413513,67,12,650,6712,96,2.4738265142442,-7.048393562641829,2.4738265142442,-6.9275483935728097,True,True,False,False,True,False
mahler,413513,67,13,700,6713,96,2.7835811921662135,-6.8370241110497858,2.7835811921662135,-6.6997167162466242,True,True,False,False,True,False
mahler,413513,67,14,750,6714,96,3.0933358700882279,-6.6256546594577408,3.0933358700882279,-6.4718850389204379,True,True,False,False,True,False
mahler,413513,67,15,800,6715,96,3.4030905480102422,-6.4142852078656958,3.4030905480102422,-6.2440533615942542,True,True,False,False,True,False
mahler,413513,67,16,850,6716,96,3.7128452259322566,-6.2029157562736508,3.7128452259322566,-6.0162216842680678,True,True,False,False,True,False
mahler,413513,67,17,900,6717,96,4.022599903854271,-5.9915463046816066,4.022599903854271,-5.7883900069418814,True,True,False,False,True,False
mahler,413513,67,18,950,6718,96,4.3323545817762854,-5.7801768530895625,4.3323545817762854,-5.5605583296156951,True,True,False,False,True,False
mahler,413513,67,19,1000,6719,96,4.6421092596982998,-5.5688074014975175,4.6421092596982998,-5.3327266522895114,True,True,False,False,True,False
mahler,413513,67,20,1050,6720,96,4.9518639376203142,-5.3574379499054725,4.9518639376203142,-5.1048949749633232,True,True,False,False,True,False
mahler,413513,67,21,1100,6721,96,5.2616186155423286,-5.1460684983134275,5.2616186155423286,-4.8770632976371386,True,False,False,False,True,False
mahler,413513,67,22,1150,6722,96,5.5713732934643421,-4.9346990467213843,5.5713732934643421,-4.6492316203109532,True,False,True,False,True,False
mahler,413513,67,23,1200,6723,96,5.8811279713863565,-4.7233295951293393,5.8811279713863565,-4.4213999429847677,True,False,True,False,True,False
mahler,413513,67,24,1250,6724,96,6.1908826493083708,-4.5119601435372942,6.1908826493083708,-4.1935682656585822,True,False,True,False,True,False
mahler,413513,67,25,1300,6725,96,6.5006373272303861,-4.3005906919452492,6.5006373272303861,-3.9657365883323954,True,False,True,False,True,False
mahler,413513,67,26,1350,6726,96,6.8103920051523996,-4.0892212403532051,6.8103920051523996,-3.7379049110062099,True,False,True,False,True,False
mahler,413513,67,27,1400,6727,96,7.1201466830744131,-3.877851788761161,7.1201466830744131,-3.5100732336800262,True,False,True,False,True,False
mahler,413513,67,28,1450,6728,96,7.4299013609964284,-3.666482337169116,7.4299013609964284,-3.2822415563538385,True,False,True,False,True,False
mahler,413513,67,29,1500,6729,96,7.7396560389184419,-3.4551128855770719,7.7396560389184419,-3.0544098790276539,True,False,True,False,True,False
mahler,413513,67,30,1550,6730,96,8.0494107168404572,-3.2437434339850268,8.0494107168404572,-2.8265782017014671,True,False,True,False,True,False
mahler,413513,67,31,1600,6731,96,8.3591653947624707,-3.0323739823929827,8.3591653947624707,-2.5987465243752816,True,False,True,False,True,False
mahler,413513,67,32,1650,6732,96,8.6689200726844859,-2.8210045308009368,8.6689200726844859,-2.3709148470490957,True,False,True,False,True,False
mahler,413513,67,33,1700,6733,96,8.9786747506064994,-2.6096350792088927,8.9786747506064994,-2.1430831697229102,True,False,True,False,True,False
mahler,413513,67,34,1750,6734,96,9.2884294285285147,-2.3982656276168477,9.2884294285285147,-1.9152514923967239,True,False,True,False,True,False
mahler,413513,67,35,1800,6735,96,9.5981841064505282,-2.1868961760248036,9.5981841064505282,-1.6874198150705386,True,False,True,False,True,False
mahler,413513,67,36,1850,6736,96,9.9079387843725417,-1.9755267244327595,9.9079387843725417,-1.459588137744354,True,False,True,False,True,False
mahler,420020,68,6,350,6806,100,0.65401220872313326,-1.1823691845357875,0.65401220872313326,-1.1784930026971516,True,True,False,False,True,False
mahler,420020,68,7,400,6807,100,0.99216902582377786,-1.0202736517256124,0.99216902582377786,-1.0135104323294666,True,True,False,False,True,False
mahler,420020,68,8,450,6808,100,1.330325842924422,-0.85817811891543727,1.330325842924422,-0.84852786196178198,True,True,False,False,True,False
mahler,420020,68,9,500,6809,100,1.6684826600250666,-0.69608258610526197,1.6684826600250666,-0.68354529159409705,True,True,False,False,True,False
mahler,420020,68,10,550,6810,100,2.0066394771257112,-0.53398705329508678,2.0066394771257112,-0.51856272122641212,True,True,False,False,True,False
mahler,420020,68,11,600,6811,100,2.3447962942263558,-0.37189152048491136,2.3447962942263558,-0.35358015085872729,True,True,False,False,True,False
mahler,420020,68,12,650,6812,100,2.6829531113270004,-0.20979598767473617,2.6829531113270004,-0.18859758049104222,True,True,False,False,True,False
mahler,420020,68,13,700,6813,100,3.021109928427645,-0.047700454864560982,3.021109928427645,-0.023615010123357504,True,True,False,False,True,False
mahler,420020,68,14,750,6814,100,3.3592667455282896,0.11439507794561443,3.3592667455282896,0.14136756024432753,True,True,False,False,True,False
mahler,420020,68,15,800,6815,100,3.6974235626289342,0.27649061075578962,3.6974235626289342,0.30635013061201222,True,True,False,False,True,False
mahler,420020,68,16,850,6816,100,4.0355803797295788,0.43858614356596481,4.0355803797295788,0.47133270097969737,True,True,False,False,True,False
mahler,420020,68,17,900,6817,100,4.3737371968302226,0.60068167637613978,4.3737371968302226,0.63631527134738153,True,True,False,False,True,False
mahler,420020,68,18,950,6818,100,4.7118940139308672,0.7627772091863152,4.7118940139308672,0.80129784171506691,True,True,False,False,True,False
mahler,420020,68,19,1000,6819,100,5.0500508310315118,0.92487274199649017,5.0500508310315118,0.96628041208275162,True,True,False,False,True,False
mahler,420020,68,20,1050,6820,100,5.3882076481321564,1.0869682748066656,5.3882076481321564,1.1312629824504363,True,False,False,False,True,False
mahler,420020,68,21,1100,6821,100,5.726364465232801,1.249063807616841,5.726364465232801,1.2962455528181211,True,False,True,False,True,False
mahler,420020,68,22,1150,6822,100,6.0645212823334456,1.411159340427016,6.0645212823334456,1.4612281231858066,True,False,True,False,True,False
mahler,420020,68,23,1200,6823,100,6.4026780994340902,1.5732548732371914,6.4026780994340902,1.626210693553491,True,False,True,False,True,False
mahler,420020,68,24,1250,6824,100,6.7408349165347348,1.7353504060473668,6.7408349165347348,1.7911932639211758,True,False,True,False,True,False
mahler,420020,68,25,1300,6825,100,7.0789917336353794,1.8974459388575418,7.0789917336353794,1.9561758342888607,True,False,True,False,True,False
mahler,420020,68,26,1350,6826,100,7.417148550736024,2.0595414716677172,7.417148550736024,2.1211584046565464,True,False,True,False,True,False
mahler,420020,68,27,1400,6827,100,7.7553053678366686,2.2216370044778926,7.7553053678366686,2.2861409750242312,True,False,True,False,True,False
mahler,420020,68,28,1450,6828,100,8.0934621849373123,2.3837325372880671,8.0934621849373123,2.4511235453919151,True,False,True,False,True,False
mahler,420020,68,29,1500,6829,100,8.4316190020379587,2.545828070098243,8.4316190020379587,2.6161061157596004,True,False,True,False,True,False
mahler,420020,68,30,1550,6830,100,8.7697758191386015,2.7079236029084175,8.7697758191386015,2.7810886861272852,True,False,True,False,True,False
mahler,420020,68,31,1600,6831,100,9.1079326362392479,2.8700191357185938,9.1079326362392479,2.9460712564949705,True,False,True,False,True,False
mahler,420020,68,32,1650,6832,100,9.4460894533398907,3.0321146685287683,9.4460894533398907,3.111053826862654,True,False,True,False,True,False
mahler,420020,68,33,1700,6833,100,9.7842462704405371,3.1942102013389446,9.7842462704405371,3.2760363972303406,True,False,True,False,True,False
mahler,428615,69,6,350,6906,93,0.39500607064483417,7.953314001197004,0.39500607064483417,7.9533140011970014,True,True,False,True,False,False
mahler,428615,69,7,400,6907,93,0.54269840989998963,8.0694300043204983,0.54269840989998963,8.069430004320493,True,True,False,True,False,False
mahler,428615,69,8,450,6908,93,0.69039074915514509,8.1855460074439925,0.69039074915514509,8.1855460074439925,True,True,False,True,False,False
mahler,428615,69,9,500,6909,93,0.83808308841030033,8.3016620105674868,0.83808308841030033,8.301662010567485,True,True,False,True,False,False
mahler,428615,69,10,550,6910,93,0.98577542766545578,8.417778013690981,0.98577542766545578,8.4177780136909774,True,True,False,True,False,False
mahler,428615,69,11,600,6911,93,1.1334677669206112,8.533894016814477,1.1334677669206112,8.5338940168144735,True,True,False,True,False,False
mahler,428615,69,12,650,6912,93,1.2811601061757665,8.6500100199379713,1.2811601061757665,8.6500100199379713,True,True,False,True,False,False
mahler,428615,69,13,700,6913,93,1.4288524454309217,8.7661260230614655,1.4288524454309217,8.7661260230614637,True,True,False,True,False,False
mahler,428615,69,14,750,6914,93,1.5765447846860774,8.8822420261849597,1.5765447846860774,8.882242026184958,True,True,False,True,False,False
mahler,428615,69,15,800,6915,93,1.7242371239412326,8.998358029308454,1.7242371239412326,8.9983580293084504,True,True,False,True,False,False
mahler,428615,69,16,850,6916,93,1.8719294631963879,9.1144740324319482,1.8719294631963879,9.1144740324319482,True,True,False,True,False,False
mahler,428615,69,17,900,6917,93,2.0196218024515433,9.2305900355554424,2.0196218024515433,9.2305900355554407,True,True,False,True,False,False
mahler,428615,69,18,950,6918,93,2.167314141706699,9.3467060386789367,2.167314141706699,9.3467060386789349,True,True,False,True,False,False
mahler,428615,69,19,1000,6919,93,2.3150064809618538,9.4628220418024309,2.3150064809618538,9.4628220418024274,True,True,False,True,False,False
mahler,428615,69,20,1050,6920,93,2.4626988202170095,9.5789380449259269,2.4626988202170095,9.5789380449259305,True,True,False,True,False,False
mahler,428615,69,21,1100,6921,93,2.6103911594721652,9.6950540480494212,2.6103911594721652,9.6950540480494229,True,True,False,True,False,False
mahler,428615,69,22,1150,6922,93,2.7580834987273199,9.8062234764083822,2.7580834987273199,9.8053864129166861,True,True,False,True,False,True
mahler,428615,69,23,1200,6923,93,2.9057758379824756,9.6908335751591235,2.9057758379824756,9.6508208901742467,True,True,False,True,False,True
mahler,428615,69,24,1250,6924,93,3.0534681772376313,9.5754436739098647,3.0534681772376313,9.4962553674318109,True,True,False,True,False,True
mahler,428615,69,25,1300,6925,93,3.2011605164927861,9.460053772660606,3.2011605164927861,9.341689844689375,True,True,False,True,False,True
mahler,428615,69,26,1350,6926,93,3.3488528557479418,9.3446638714113472,3.3488528557479418,9.1871243219469356,True,True,False,True,False,True
mahler,428615,69,27,1400,6927,93,3.4965451950030966,9.2292739701620903,3.4965451950030966,9.0325587992045016,True,True,False,True,False,True
mahler,428615,69,28,1450,6928,93,3.6442375342582523,9.1138840689128298,3.6442375342582523,8.8779932764620639,True,True,False,True,False,True
mahler,428615,69,29,1500,6929,93,3.7919298735134079,8.998494167663571,3.7919298735134079,8.7234277537196263,True,True,False,True,False,True
mahler,428615,69,30,1550,6930,93,3.9396222127685627,8.8831042664143141,3.9396222127685627,8.5688622309771905,True,True,False,True,False,True
mahler,428615,69,31,1600,6931,93,4.0873145520237184,8.7677143651650553,4.0873145520237184,8.4142967082347546,True,True,False,True,False,True
mahler,428615,69,32,1650,6932,93,4.2350068912788741,8.6523244639157948,4.2350068912788741,8.259731185492317,True,True,False,True,False,True
mahler,428615,69,33,1700,6933,93,4.3826992305340289,8.5369345626665378,4.3826992305340289,8.1051656627498794,True,True,False,True,False,True
mahler,428615,69,34,1750,6934,93,4.5303915697891846,8.4215446614172791,4.5303915697891846,7.9506001400074444,True,True,False,True,False,True
mahler,428615,69,35,1800,6935,93,4.6780839090443402,8.3061547601680186,4.6780839090443402,7.7960346172650059,True,True,False,True,False,True
mahler,428615,69,36,1850,6936,93,4.825776248299495,8.1907648589187616,4.825776248299495,7.6414690945225701,True,True,False,True,False,True
mahler,428615,69,37,1900,6937,93,4.9734685875546507,8.0753749576695029,4.9734685875546507,7.4869035717801315,True,True,False,True,False,True
mahler,428615,69,38,1950,6938,93,5.1211609268098064,7.9599850564202432,5.1211609268098064,7.3323380490376948,True,False,False,True,False,True
mahler,428615,69,39,2000,6939,93,5.2688532660649612,7.8445951551709845,5.2688532660649612,7.1777725262952599,True,False,True,True,False,True
mahler,428615,69,40,2050,6940,93,5.4165456053201169,7.7292052539217257,5.4165456053201169,7.0232070035528222,True,False,True,True,False,True
mahler,428615,69,41,2100,6941,93,5.5642379445752725,7.613815352672467,5.5642379445752725,6.8686414808103846,True,False,True,True,False,True
mahler,428615,69,42,2150,6942,93,5.7119302838304273,7.4984254514232092,5.7119302838304273,6.7140759580679461,True,False,True,True,False,True
mahler,428615,69,43,2200,6943,93,5.859622623085583,7.3830355501739495,5.859622623085583,6.5595104353255129,True,False,True,True,False,True
mahler,428615,69,44,2250,6944,93,6.0073149623407387,7.2676456489246908,6.0073149623407387,6.4049449125830735,True,False,True,True,False,True
mahler,428615,69,45,2300,6945,93,6.1550073015958935,7.1522557476754329,6.1550073015958935,6.2503793898406368,True,False,True,True,False,True
mahler,428615,69,46,2350,6946,93,6.3026996408510492,7.0368658464261733,6.3026996408510492,6.0958138670982009,True,False,True,True,False,True
mahler,428615,69,47,2400,6947,93,6.4503919801062048,6.9214759451769146,6.4503919801062048,5.9412483443557642,True,False,True,True,False,True
mahler,428615,69,48,2450,6948,93,6.5980843193613596,6.8060860439276567,6.5980843193613596,5.7866828216133266,True,False,True,True,False,True
mahler,428615,69,49,2500,6949,93,6.7457766586165153,6.690696142678398,6.7457766586165153,5.6321172988708899,True,False,True,True,False,True
mahler,428615,69,50,2550,6950,93,6.893468997871671,6.5753062414291383,6.893468997871671,5.4775517761284531,True,False,True,True,False,True
mahler,428615,69,51,2600,6951,93,7.0411613371268258,6.4599163401798805,7.0411613371268258,5.3229862533860173,True,False,True,True,False,True
mahler,428615,69,52,2650,6952,93,7.1888536763819815,6.3445264389306217,7.1888536763819815,5.1684207306435805,True,False,True,True,False,True
mahler,428615,69,53,2700,6953,93,7.3365460156371363,6.229136537681363,7.3365460156371363,5.0138552079011438,True,False,True,True,False,True
mahler,428615,69,54,2750,6954,93,7.4842383548922919,6.1137466364321043,7.4842383548922919,4.8592896851587062,True,False,True,True,False,True
mahler,428615,69,55,2800,6955,93,7.6319306941474467,5.9983567351828464,7.6319306941474467,4.7047241624162695,True,False,True,True,False,True
mahler,428615,69,56,2850,6956,93,7.7796230334026033,5.8829668339335868,7.7796230334026033,4.5501586396738327,True,False,True,True,False,True
mahler,428615,69,57,2900,6957,93,7.9273153726577581,5.767576932684328,7.9273153726577581,4.395593116931396,True,False,True,True,False,True
mahler,428615,69,58,2950,6958,93,8.0750077119129138,5.6521870314350693,8.0750077119129138,4.2410275941889584,True,False,True,True,False,True
mahler,428615,69,59,3000,6959,93,8.2227000511680703,5.5367971301858097,8.2227000511680703,4.0864620714465207,True,False,True,True,False,True
mahler,428615,69,60,3050,6960,93,8.3703923904232251,5.4214072289365509,8.3703923904232251,3.9318965487040844,True,False,True,True,False,True
mahler,428615,69,61,3100,6961,93,8.5180847296783799,5.3060173276872931,8.5180847296783799,3.7773310259616486,True,False,True,True,False,True
mahler,428615,69,62,3150,6962,93,8.6657770689335365,5.1906274264380334,8.6657770689335365,3.6227655032192096,True,False,True,True,False,True
mahler,428615,69,63,3200,6963,93,8.8134694081886913,5.0752375251887756,8.8134694081886913,3.4681999804767734,True,False,True,True,False,True
mahler,428615,69,64,3250,6964,93,8.9611617474438461,4.9598476239395168,8.9611617474438461,3.313634457734338,True,False,True,True,False,True
mahler,428615,69,65,3300,6965,93,9.1088540866990027,4.8444577226902572,9.1088540866990027,3.1590689349919003,True,False,True,True,False,True
mahler,428615,69,66,3350,6966,93,9.2565464259541574,4.7290678214409994,9.2565464259541574,3.0045034122494636,True,False,True,True,False,True
mahler,428615,69,67,3400,6967,93,9.4042387652093122,4.6136779201917406,9.4042387652093122,2.8499378895070273,True,False,True,True,False,True
mahler,428615,69,68,3450,6968,93,9.5519311044644688,4.498288018942481,9.5519311044644688,2.6953723667645888,True,False,True,True,False,True
mahler,428615,69,69,3500,6969,93,9.6996234437196236,4.3828981176932231,9.6996234437196236,2.5408068440221525,True,False,True,True,False,True
mahler,428615,69,70,3550,6970,93,9.8473157829747784,4.2675082164439644,9.8473157829747784,2.3862413212797162,True,False,True,True,False,True
mahler,435203,70,6,350,7006,92,0.85047705105226279,-1.9746986611064212,0.85047705105226279,-1.9675697552485096,True,True,False,False,True,False
mahler,435203,70,7,400,7007,92,1.1858380002659363,-1.8069225098170043,1.1858380002659363,-1.794535352444308,True,True,False,False,True,False
mahler,435203,70,8,450,7008,92,1.5211989494796094,-1.6391463585275878,1.5211989494796094,-1.6215009496401063,True,True,False,False,True,False
mahler,435203,70,9,500,7009,92,1.8565598986932825,-1.4713702072381714,1.8565598986932825,-1.4484665468359044,True,True,False,False,True,False
mahler,435203,70,10,550,7010,92,2.1919208479069558,-1.3035940559487544,2.1919208479069558,-1.2754321440317034,True,True,False,False,True,False
mahler,435203,70,11,600,7011,92,2.5272817971206294,-1.1358179046593377,2.5272817971206294,-1.1023977412275012,True,True,False,False,True,False
mahler,435203,70,12,650,7012,92,2.8626427463343029,-0.96804175336992082,2.8626427463343029,-0.92936333842329932,True,True,False,False,True,False
mahler,435203,70,13,700,7013,92,3.1980036955479756,-0.80026560208050457,3.1980036955479756,-0.75632893561909842,True,True,False,False,True,False
mahler,435203,70,14,750,7014,92,3.5333646447616491,-0.63248945079108787,3.5333646447616491,-0.58329453281489652,True,True,False,False,True,False
mahler,435203,70,15,800,7015,92,3.8687255939753227,-0.46471329950167095,3.8687255939753227,-0.4102601300106945,True,True,False,False,True,False
mahler,435203,70,16,850,7016,92,4.2040865431889953,-0.2969371482122547,4.2040865431889953,-0.23722572720649324,True,True,False,False,True,False
mahler,435203,70,17,900,7017,92,4.5394474924026689,-0.12916099692283778,4.5394474924026689,-0.064191324402291347,True,True,False,False,True,False
mahler,435203,70,18,950,7018,92,4.8748084416163424,0.038615154366579141,4.8748084416163424,0.10884307840191002,True,True,False,False,True,False
mahler,435203,70,19,1000,7019,92,5.2101693908300151,0.20639130565599517,5.2101693908300151,0.28187748120611106,True,False,False,False,True,False
mahler,435203,70,20,1050,7020,92,5.5455303400436886,0.37416745694541209,5.5455303400436886,0.45491188401031341,True,False,True,False,True,False
mahler,435203,70,21,1100,7021,92,5.8808912892573622,0.54194360823482901,5.8808912892573622,0.62794628681451503,True,False,True,False,True,False
mahler,435203,70,22,1150,7022,92,6.2162522384710348,0.70971975952424504,6.2162522384710348,0.80098068961871627,True,False,True,False,True,False
mahler,435203,70,23,1200,7023,92,6.5516131876847084,0.87749591081366196,6.5516131876847084,0.97401509242291817,True,False,True,False,True,False
mahler,435203,70,24,1250,7024,92,6.886974136898381,1.0452720621030784,6.886974136898381,1.14704949522712,True,False,True,False,True,False
mahler,435203,70,25,1300,7025,92,7.2223350861120554,1.2130482133924958,7.2223350861120554,1.3200838980313221,True,False,True,False,True,False
mahler,435203,70,26,1350,7026,92,7.5576960353257281,1.3808243646819118,7.5576960353257281,1.4931183008355229,True,False,True,False,True,False
mahler,435203,70,27,1400,7027,92,7.8930569845394007,1.5486005159713283,7.8930569845394007,1.6661527036397246,True,False,True,False,True,False
mahler,435203,70,28,1450,7028,92,8.2284179337530752,1.7163766672607452,8.2284179337530752,1.8391871064439269,True,False,True,False,True,False
mahler,435203,70,29,1500,7029,92,8.5637788829667478,1.8841528185501617,8.5637788829667478,2.0122215092481288,True,False,True,False,True,False
mahler,435203,70,30,1550,7030,92,8.8991398321804205,2.0519289698395782,8.8991398321804205,2.1852559120523294,True,False,True,False,True,False
mahler,435203,70,31,1600,7031,92,9.2345007813940949,2.2197051211289955,9.2345007813940949,2.3582903148565322,True,False,True,False,True,False
mahler,435203,70,32,1650,7032,92,9.5698617306077676,2.387481272418412,9.5698617306077676,2.5313247176607327,True,False,True,False,True,False
mahler,435203,70,33,1700,7033,92,9.9052226798214402,2.5552574237078285,9.9052226798214402,2.7043591204649333,True,False,True,False,True,False
mahler,448412,71,6,350,7106,105,0.9682681270638358,-3.8565037655654697,0.9682681270638358,-3.8740248741546921,True,True,False,False,True,False
mahler,448412,71,7,400,7107,105,1.242495807014413,-3.6007222546742552,1.242495807014413,-3.6312903122612559,True,True,False,False,True,False
mahler,448412,71,8,450,7108,105,1.5167234869649899,-3.3449407437830416,1.5167234869649899,-3.3885557503678201,True,True,False,False,True,False
mahler,448412,71,9,500,7109,105,1.7909511669155673,-3.0891592328918276,1.7909511669155673,-3.1458211884743825,True,True,False,False,True,False
mahler,448412,71,10,550,7110,105,2.0651788468661443,-2.8333777220006136,2.0651788468661443,-2.9030866265809467,True,True,False,False,True,False
mahler,448412,71,11,600,7111,105,2.3394065268167212,-2.5775962111094,2.3394065268167212,-2.6603520646875105,True,True,False,False,True,False
mahler,448412,71,12,650,7112,105,2.6136342067672986,-2.3218147002181859,2.6136342067672986,-2.4176175027940738,True,True,False,False,True,False
mahler,448412,71,13,700,7113,105,2.8878618867178756,-2.0660331893269719,2.8878618867178756,-2.1748829409006376,True,True,False,False,True,False
mahler,448412,71,14,750,7114,105,3.1620895666684525,-1.8102516784357583,3.1620895666684525,-1.9321483790072018,True,True,False,False,True,False
mahler,448412,71,15,800,7115,105,3.4363172466190299,-1.5544701675445443,3.4363172466190299,-1.6894138171137654,True,True,False,False,True,False
mahler,448412,71,16,850,7116,105,3.7105449265696073,-1.2986886566533298,3.7105449265696073,-1.4466792552203283,True,True,False,False,True,False
mahler,448412,71,17,900,7117,105,3.9847726065201838,-1.0429071457621166,3.9847726065201838,-1.2039446933268927,True,True,False,False,True,False
mahler,448412,71,18,950,7118,105,4.2590002864707612,-0.78712563487090259,4.2590002864707612,-0.96121013143345579,True,True,False,False,True,False
mahler,448412,71,19,1000,7119,105,4.5332279664213386,-0.53134412397968855,4.5332279664213386,-0.71847556954001912,True,True,False,False,True,False
mahler,448412,71,20,1050,7120,105,4.8074556463719151,-0.27556261308847496,4.8074556463719151,-0.47574100764658339,True,True,False,False,True,False
mahler,448412,71,21,1100,7121,105,5.0816833263224925,-0.019781102197260481,5.0816833263224925,-0.23300644575314675,True,True,False,False,True,False
mahler,448412,71,22,1150,7122,105,5.3559110062730699,0.23600040869395311,5.3559110062730699,0.0097281161402899743,True,False,False,False,True,False
mahler,448412,71,23,1200,7123,105,5.6301386862236464,0.4917819195851667,5.6301386862236464,0.25246267803372674,True,False,True,False,True,False
mahler,448412,71,24,1250,7124,105,5.9043663661742238,0.74756343047638119,5.9043663661742238,0.49519723992716341,True,False,True,False,True,False
mahler,448412,71,25,1300,7125,105,6.1785940461248012,1.0033449413675948,6.1785940461248012,0.73793180182059992,True,False,True,False,True,False
mahler,448412,71,26,1350,7126,105,6.4528217260753777,1.2591264522588084,6.4528217260753777,0.98066636371403482,True,False,True,False,True,False
mahler,448412,71,27,1400,7127,105,6.7270494060259551,1.5149079631500229,6.7270494060259551,1.2234009256074714,True,False,True,False,True,False
mahler,448412,71,28,1450,7128,105,7.0012770859765325,1.7706894740412373,7.0012770859765325,1.4661354875009083,True,False,True,False,True,False
mahler,448412,71,29,1500,7129,105,7.275504765927109,2.02647098493245,7.275504765927109,1.7088700493943449,True,False,True,False,True,False
mahler,448412,71,30,1550,7130,105,7.5497324458776864,2.2822524958236645,7.5497324458776864,1.9516046112877818,True,False,True,False,True,False
mahler,448412,71,31,1600,7131,105,7.8239601258282638,2.538034006714879,7.8239601258282638,2.1943391731812181,True,False,True,False,True,False
mahler,448412,71,32,1650,7132,105,8.0981878057788421,2.7938155176060935,8.0981878057788421,2.4370737350746552,True,False,True,False,True,False
mahler,448412,71,33,1700,7133,105,8.3724154857294195,3.049597028497308,8.3724154857294195,2.6798082969680914,True,False,True,False,True,False
mahler,448412,71,34,1750,7134,105,8.6466431656799934,3.305378539388518,8.6466431656799934,2.922542858861525,True,False,True,False,True,False
mahler,448412,71,35,1800,7135,105,8.9208708456305708,3.5611600502797325,8.9208708456305708,3.1652774207549617,True,False,True,False,True,False
mahler,448412,71,36,1850,7136,105,9.1950985255811482,3.816941561170947,9.1950985255811482,3.4080119826483974,True,False,True,False,True,False
mahler,448412,71,37,1900,7137,105,9.4693262055317255,4.0727230720621614,9.4693262055317255,3.6507465445418354,True,False,True,False,True,False
mahler,448412,71,38,1950,7138,105,9.7435538854823029,4.3285045829533759,9.7435538854823029,3.8934811064352717,True,False,True,False,True,False
mahler,454477,72,6,350,7206,89,0.95669961092585321,2.8440516205039676,0.95669961092585321,2.8490179862323117,True,True,False,False,True,False
mahler,454477,72,7,400,7207,89,1.2221440446483625,2.5791662746554662,1.2221440446483625,2.5878284053142706,True,True,False,False,True,False
mahler,454477,72,8,450,7208,89,1.4875884783708719,2.3142809288069657,1.4875884783708719,2.3266388243962304,True,True,False,False,True,False
mahler,454477,72,9,500,7209,89,1.7530329120933814,2.0493955829584642,1.7530329120933814,2.0654492434781897,True,True,False,False,True,False
mahler,454477,72,10,550,7210,89,2.0184773458158909,1.7845102371099633,2.0184773458158909,1.8042596625601495,True,True,False,False,True,False
mahler,454477,72,11,600,7211,89,2.2839217795384004,1.5196248912614618,2.2839217795384004,1.5430700816421088,True,True,False,False,True,False
mahler,454477,72,12,650,7212,89,2.5493662132609098,1.2547395454129608,2.5493662132609098,1.2818805007240683,True,True,False,False,True,False
mahler,454477,72,13,700,7213,89,2.8148106469834189,0.98985419956445986,2.8148106469834189,1.0206909198060286,True,True,False,False,True,False
mahler,454477,72,14,750,7214,89,3.0802550807059283,0.72496885371595887,3.0802550807059283,0.75950133888798788,True,True,False,False,True,False
mahler,454477,72,15,800,7215,89,3.3456995144284374,0.46008350786745833,3.3456995144284374,0.49831175796994753,True,True,False,False,True,False
mahler,454477,72,16,850,7216,89,3.6111439481509473,0.19519816201895646,3.6111439481509473,0.2371221770519068,True,True,False,False,True,False
mahler,454477,72,17,900,7217,89,3.8765883818734563,-0.069687183829544086,3.8765883818734563,-0.024067403866133576,True,True,False,False,True,False
mahler,454477,72,18,950,7218,89,4.1420328155959663,-0.33457252967804552,4.1420328155959663,-0.28525698478417438,True,True,False,False,True,False
mahler,454477,72,19,1000,7219,89,4.4074772493184753,-0.59945787552654606,4.4074772493184753,-0.54644656570221406,True,True,False,False,True,False
mahler,454477,72,20,1050,7220,89,4.6729216830409852,-0.86434322137504838,4.6729216830409852,-0.80763614662025529,True,True,False,False,True,False
mahler,454477,72,21,1100,7221,89,4.9383661167634942,-1.1292285672235489,4.9383661167634942,-1.068825727538296,True,True,False,False,True,False
mahler,454477,72,22,1150,7222,89,5.2038105504860033,-1.3941139130720495,5.2038105504860033,-1.3300153084563355,True,False,False,False,True,False
mahler,454477,72,23,1200,7223,89,5.4692549842085132,-1.6589992589205509,5.4692549842085132,-1.5912048893743751,True,False,True,False,True,False
mahler,454477,72,24,1250,7224,89,5.7346994179310222,-1.9238846047690514,5.7346994179310222,-1.8523944702924162,True,False,True,False,True,False
mahler,454477,72,25,1300,7225,89,6.0001438516535321,-2.1887699506175538,6.0001438516535321,-2.113584051210458,True,False,True,False,True,False
mahler,454477,72,26,1350,7226,89,6.2655882853760412,-2.4536552964660543,6.2655882853760412,-2.3747736321284982,True,False,True,False,True,False
mahler,454477,72,27,1400,7227,89,6.5310327190985502,-2.7185406423145548,6.5310327190985502,-2.6359632130465376,True,False,True,False,True,False
mahler,454477,72,28,1450,7228,89,6.7964771528210601,-2.9834259881630563,6.7964771528210601,-2.8971527939645774,True,False,True,False,True,False
mahler,454477,72,29,1500,7229,89,7.0619215865435692,-3.2483113340115568,7.0619215865435692,-3.1583423748826185,True,False,True,False,True,False
mahler,454477,72,30,1550,7230,89,7.3273660202660782,-3.5131966798600582,7.3273660202660782,-3.4195319558006583,True,False,True,False,True,False
mahler,454477,72,31,1600,7231,89,7.5928104539885872,-3.7780820257085588,7.5928104539885872,-3.6807215367186981,True,False,True,False,True,False
mahler,454477,72,32,1650,7232,89,7.858254887711098,-4.0429673715570615,7.858254887711098,-3.9419111176367401,True,False,True,False,True,False
mahler,454477,72,33,1700,7233,89,8.1236993214336071,-4.307852717405563,8.1236993214336071,-4.2031006985547794,True,False,True,False,True,False
mahler,454477,72,34,1750,7234,89,8.3891437551561161,-4.5727380632540626,8.3891437551561161,-4.4642902794728192,True,False,True,False,True,False
mahler,454477,72,35,1800,7235,89,8.6545881888786251,-4.8376234091025641,8.6545881888786251,-4.7254798603908599,True,False,True,False,True,False
mahler,454477,72,36,1850,7236,89,8.9200326226011359,-5.1025087549510655,8.9200326226011359,-4.9866694413089023,True,False,True,False,True,False
mahler,454477,72,37,1900,7237,89,9.185477056323645,-5.3673941007995669,9.185477056323645,-5.2478590222269421,True,False,True,False,True,False
mahler,454477,72,38,1950,7238,89,9.450921490046154,-5.6322794466480683,9.450921490046154,-5.509048603144981,True,False,True,False,True,False
mahler,454477,72,39,2000,7239,89,9.716365923768663,-5.897164792496568,9.716365923768663,-5.7702381840630217,True,False,True,False,True,False
mahler,454477,72,40,2050,7240,89,9.9818103574911721,-6.1620501383450694,9.9818103574911721,-6.0314277649810624,True,False,True,False,True,False
mahler,456038,73,6,350,7306,87,0.90764105974727916,5.3636809211433061,0.90764105974727916,5.3636809211433079,True,True,False,True,False,False
mahler,456038,73,7,400,7307,87,1.1520974820188346,5.6526675357251106,1.1520974820188346,5.6526675357251106,True,True,False,True,False,False
mahler,456038,73,8,450,7308,87,1.3965539042903896,5.9416541503069151,1.3965539042903896,5.9416541503069169,True,True,False,True,False,False
mahler,456038,73,9,500,7309,87,1.6410103265619451,6.2306407648887197,1.6410103265619451,6.2306407648887179,True,True,False,True,False,False
mahler,456038,73,10,550,7310,87,1.8854667488335002,6.5196273794705242,1.8854667488335002,6.5196273794705233,True,True,False,True,False,False
mahler,456038,73,11,600,7311,87,2.1299231711050557,6.8086139940523278,2.1299231711050557,6.8086139940523243,True,True,False,True,False,False
mahler,456038,73,12,650,7312,87,2.3743795933766112,7.0976006086341332,2.3743795933766112,7.0976006086341332,True,True,False,True,False,False
mahler,456038,73,13,700,7313,87,2.6188360156481663,7.3865872232159369,2.6188360156481663,7.3865872232159342,True,True,False,True,False,False
mahler,456038,73,14,750,7314,87,2.8632924379197218,7.6755738377977423,2.8632924379197218,7.6755738377977423,True,True,False,True,False,False
mahler,456038,73,15,800,7315,87,3.1077488601912768,7.9645604523795459,3.1077488601912768,7.9645604523795503,True,True,False,True,False,False
mahler,456038,73,16,850,7316,87,3.3522052824628323,8.2535470669613495,3.3522052824628323,8.2535470669613478,True,True,False,True,False,False
mahler,456038,73,17,900,7317,87,3.5966617047343874,8.542533681543155,3.5966617047343874,8.5425336815431585,True,True,False,True,False,False
mahler,456038,73,18,950,7318,87,3.8411181270059434,8.8315202961249604,3.8411181270059434,8.8315202961249621,True,True,False,True,False,False
mahler,456038,73,19,1000,7319,87,4.0855745492774984,9.120506910706764,4.0855745492774984,9.1205069107067676,True,True,False,True,False,False
mahler,456038,73,20,1050,7320,87,4.3300309715490535,9.4094935252885676,4.3300309715490535,9.4094935252885659,True,True,False,True,False,False
mahler,456038,73,21,1100,7321,87,4.5744873938206085,9.6984801398703731,4.5744873938206085,9.6984801398703748,True,True,False,True,False,False
mahler,456038,73,22,1150,7322,87,4.8189438160921645,9.750116130934849,4.8189438160921645,9.7937166982108188,True,True,False,True,False,True
mahler,456038,73,23,1200,7323,87,5.0634002383637196,9.4689012052873416,5.0634002383637196,9.617246012318029,True,True,False,True,False,True
mahler,456038,73,24,1250,7324,87,5.3078566606352746,9.187686279639836,5.3078566606352746,9.4407753264252339,True,False,False,True,False,True
mahler,456038,73,25,1300,7325,87,5.5523130829068306,8.9064713539923268,5.5523130829068306,9.2643046405324423,True,False,True,True,False,True
mahler,456038,73,26,1350,7326,87,5.7967695051783856,8.6252564283448194,5.7967695051783856,9.0878339546396507,True,False,True,True,False,True
mahler,456038,73,27,1400,7327,87,6.0412259274499407,8.3440415026973138,6.0412259274499407,8.9113632687468574,True,False,True,True,False,True
mahler,456038,73,28,1450,7328,87,6.2856823497214958,8.0628265770498064,6.2856823497214958,8.7348925828540658,True,False,True,True,False,True
mahler,456038,73,29,1500,7329,87,6.5301387719930517,7.781611651402299,6.5301387719930517,8.5584218969612724,True,False,True,True,False,True
mahler,456038,73,30,1550,7330,87,6.7745951942646068,7.5003967257547917,6.7745951942646068,8.3819512110684826,True,False,True,True,False,True
mahler,456038,73,31,1600,7331,87,7.0190516165361618,7.2191818001072843,7.0190516165361618,8.205480525175691,True,False,True,True,False,True
mahler,456038,73,32,1650,7332,87,7.2635080388077169,6.9379668744597769,7.2635080388077169,8.0290098392828924,True,False,True,True,False,True
mahler,456038,73,33,1700,7333,87,7.5079644610792728,6.6567519488122695,7.5079644610792728,7.8525391533901043,True,False,True,True,False,True
mahler,456038,73,34,1750,7334,87,7.7524208833508288,6.3755370231647621,7.7524208833508288,7.6760684674973128,True,False,True,True,False,True
mahler,456038,73,35,1800,7335,87,7.996877305622383,6.0943220975172547,7.996877305622383,7.4995977816045212,True,False,True,True,False,True
mahler,456038,73,36,1850,7336,87,8.2413337278939398,5.8131071718697456,8.2413337278939398,7.3231270957117252,True,False,True,True,False,True
mahler,456038,73,37,1900,7337,87,8.4857901501654958,5.5318922462222382,8.4857901501654958,7.1466564098189336,True,False,True,True,False,True
mahler,456038,73,38,1950,7338,87,8.7302465724370499,5.2506773205747326,8.7302465724370499,6.9701857239261402,True,False,True,True,False,True
mahler,456038,73,39,2000,7339,87,8.9747029947086059,4.9694623949272234,8.9747029947086059,6.7937150380333478,True,False,True,True,False,True
mahler,456038,73,40,2050,7340,87,9.2191594169801618,4.688247469279716,9.2191594169801618,6.6172443521405571,True,False,True,True,False,True
mahler,456038,73,41,2100,7341,87,9.463615839251716,4.4070325436322104,9.463615839251716,6.4407736662477646,True,False,True,True,False,True
mahler,456038,73,42,2150,7342,87,9.708072261523272,4.1258176179847013,9.708072261523272,6.2643029803549721,True,False,True,True,False,True
mahler,456038,73,43,2200,7343,87,9.9525286837948261,3.8446026923371956,9.9525286837948261,6.0878322944621814,True,False,True,True,False,True
mahler,460651,74,6,350,7406,93,1.1850301795846994,-6.2756896030796687,1.1850301795846994,-6.2942529165340888,True,True,False,False,True,False
mahler,460651,74,7,400,7407,93,1.4718445835512495,-6.0341062876554084,1.4718445835512495,-6.0664976075778538,True,True,False,False,True,False
mahler,460651,74,8,450,7408,93,1.7586589875177991,-5.7925229722311489,1.7586589875177991,-5.8387422986216206,True,True,False,False,True,False
mahler,460651,74,9,500,7409,93,2.0454733914843493,-5.5509396568068894,2.0454733914843493,-5.6109869896653857,True,True,False,False,True,False
mahler,460651,74,10,550,7410,93,2.3322877954508989,-5.3093563413826299,2.3322877954508989,-5.3832316807091534,True,True,False,False,True,False
mahler,460651,74,11,600,7411,93,2.619102199417449,-5.0677730259583704,2.619102199417449,-5.1554763717529202,True,True,False,False,True,False
mahler,460651,74,12,650,7412,93,2.9059166033839987,-4.8261897105341109,2.9059166033839987,-4.9277210627966861,True,True,False,False,True,False
mahler,460651,74,13,700,7413,93,3.1927310073505484,-4.5846063951098515,3.1927310073505484,-4.6999657538404529,True,True,False,False,True,False
mahler,460651,74,14,750,7414,93,3.479545411317098,-4.343023079685592,3.479545411317098,-4.4722104448842206,True,True,False,False,True,False
mahler,460651,74,15,800,7415,93,3.7663598152836486,-4.1014397642613316,3.7663598152836486,-4.2444551359279865,True,True,False,False,True,False
mahler,460651,74,16,850,7416,93,4.0531742192501987,-3.8598564488370717,4.0531742192501987,-4.0166998269717524,True,True,False,False,True,False
mahler,460651,74,17,900,7417,93,4.3399886232167484,-3.6182731334128126,4.3399886232167484,-3.7889445180155201,True,True,False,False,True,False
mahler,460651,74,18,950,7418,93,4.6268030271832981,-3.3766898179885532,4.6268030271832981,-3.561189209059286,True,True,False,False,True,False
mahler,460651,74,19,1000,7419,93,4.9136174311498486,-3.1351065025642928,4.9136174311498486,-3.333433900103052,True,True,False,False,True,False
mahler,460651,74,20,1050,7420,93,5.2004318351163983,-2.8935231871400333,5.2004318351163983,-3.1056785911468188,True,False,False,False,True,False
mahler,460651,74,21,1100,7421,93,5.487246239082948,-2.6519398717157738,5.487246239082948,-2.8779232821905847,True,False,True,False,True,False
mahler,460651,74,22,1150,7422,93,5.7740606430494976,-2.4103565562915144,5.7740606430494976,-2.6501679732343524,True,False,True,False,True,False
mahler,460651,74,23,1200,7423,93,6.0608750470160482,-2.168773240867254,6.0608750470160482,-2.4224126642781179,True,False,True,False,True,False
mahler,460651,74,24,1250,7424,93,6.3476894509825978,-1.9271899254429945,6.3476894509825978,-2.1946573553218838,True,False,True,False,True,False
mahler,460651,74,25,1300,7425,93,6.6345038549491475,-1.6856066100187359,6.6345038549491475,-1.9669020463656517,True,False,True,False,True,False
mahler,460651,74,26,1350,7426,93,6.9213182589156972,-1.4440232945944764,6.9213182589156972,-1.7391467374094174,True,False,True,False,True,False
mahler,460651,74,27,1400,7427,93,7.2081326628822469,-1.2024399791702169,7.2081326628822469,-1.5113914284531849,True,False,True,False,True,False
mahler,460651,74,28,1450,7428,93,7.4949470668487974,-0.96085666374595657,7.4949470668487974,-1.2836361194969512,True,False,True,False,True,False
mahler,460651,74,29,1500,7429,93,7.7817614708153462,-0.71927334832169798,7.7817614708153462,-1.0558808105407185,True,False,True,False,True,False
mahler,460651,74,30,1550,7430,93,8.0685758747818959,-0.4776900328974385,8.0685758747818959,-0.82812550158448395,True,False,True,False,True,False
mahler,460651,74,31,1600,7431,93,8.3553902787484464,-0.23610671747317813,8.3553902787484464,-0.60037019262825053,True,False,True,False,True,False
mahler,460651,74,32,1650,7432,93,8.6422046827149952,0.0054765979510804641,8.6422046827149952,-0.37261488367201773,True,False,True,False,True,False
mahler,460651,74,33,1700,7433,93,8.9290190866815458,0.24705991337534083,8.9290190866815458,-0.1448595747157834,True,False,True,False,True,False
mahler,460651,74,34,1750,7434,93,9.2158334906480963,0.4886432287996012,9.2158334906480963,0.082895734240450256,True,False,True,False,True,False
mahler,460651,74,35,1800,7435,93,9.5026478946146451,0.73022654422385891,9.5026478946146451,0.31065104319668291,True,False,True,False,True,False
mahler,460651,74,36,1850,7436,93,9.7894622985811957,0.97180985964812017,9.7894622985811957,0.53840635215291732,True,False,True,False,True,False
mahler,463174,75,6,350,7506,81,0.98289721803241858,-2.7442421937567931,0.98289721803241858,-2.7442421937567936,True,True,False,True,False,False
mahler,463174,75,7,400,7507,81,1.1228770524702056,-2.3954294471452671,1.1228770524702056,-2.3954294471452671,True,True,False,True,False,False
mahler,463174,75,8,450,7508,81,1.2628568869079928,-2.0466167005337401,1.2628568869079928,-2.0466167005337401,True,True,False,True,False,False
mahler,463174,75,9,500,7509,81,1.40283672134578,-1.6978039539222136,1.40283672134578,-1.6978039539222141,True,True,False,True,False,False
mahler,463174,75,10,550,7510,81,1.5428165557835669,-1.3489912073106876,1.5428165557835669,-1.3489912073106876,True,True,False,True,False,False
mahler,463174,75,11,600,7511,81,1.6827963902213541,-1.0001784606991606,1.6827963902213541,-1.0001784606991606,True,True,False,True,False,False
mahler,463174,75,12,650,7512,81,1.822776224659141,-0.65136571408763455,1.822776224659141,-0.65136571408763455,True,True,False,True,False,False
mahler,463174,75,13,700,7513,81,1.9627560590969282,-0.30255296747610849,1.9627560590969282,-0.30255296747610849,True,True,False,True,False,False
mahler,463174,75,14,750,7514,81,2.1027358935347151,0.046259779135417567,2.1027358935347151,0.046259779135417567,True,True,False,True,False,False
mahler,463174,75,15,800,7515,81,2.2427157279725018,0.39507252574694363,2.2427157279725018,0.39507252574694357,True,True,False,True,False,False
mahler,463174,75,16,850,7516,81,2.382695562410289,0.74388527235846968,2.382695562410289,0.74388527235846968,True,True,False,True,False,False
mahler,463174,75,17,900,7517,81,2.5226753968480762,1.0926980189699966,2.5226753968480762,1.0926980189699969,True,True,False,True,False,False
mahler,463174,75,18,950,7518,81,2.6626552312858633,1.4415107655815227,2.6626552312858633,1.4415107655815227,True,True,False,True,False,False
mahler,463174,75,19,1000,7519,81,2.8026350657236505,1.7903235121930496,2.8026350657236505,1.7903235121930494,True,True,False,True,False,False
mahler,463174,75,20,1050,7520,81,2.9426149001614372,2.1391362588045748,2.9426149001614372,2.1391362588045753,True,True,False,True,False,False
mahler,463174,75,21,1100,7521,81,3.0825947345992244,2.4879490054161018,3.0825947345992244,2.4879490054161018,True,True,False,True,False,False
mahler,463174,75,22,1150,7522,81,3.2225745690370116,2.8367617520276287,3.2225745690370116,2.8367617520276283,True,True,False,True,False,False
mahler,463174,75,23,1200,7523,81,3.3625544034747987,3.1855744986391556,3.3625544034747987,3.1855744986391556,True,True,False,True,False,False
mahler,463174,75,24,1250,7524,81,3.5025342379125859,3.5343872452506808,3.5025342379125859,3.5343872452506808,True,True,False,True,False,False
mahler,463174,75,25,1300,7525,81,3.6425140723503726,3.8831999918622078,3.6425140723503726,3.8831999918622069,True,True,False,True,False,False
mahler,463174,75,26,1350,7526,81,3.7824939067881598,4.2320127384737329,3.7824939067881598,4.2320127384737338,True,True,False,True,False,False
mahler,463174,75,27,1400,7527,81,3.9224737412259469,4.5808254850852599,3.9224737412259469,4.580825485085259,True,True,False,True,False,False
mahler,463174,75,28,1450,7528,81,4.0624535756637341,4.9296382316967868,4.0624535756637341,4.9296382316967859,True,True,False,True,False,False
mahler,463174,75,29,1500,7529,81,4.2024334101015217,5.2784509783083138,4.2024334101015217,5.2784509783083138,True,True,False,True,False,False
mahler,463174,75,30,1550,7530,81,4.3424132445393084,5.6272637249198407,4.3424132445393084,5.6272637249198416,True,True,False,True,False,False
mahler,463174,75,31,1600,7531,81,4.4823930789770952,5.9760764715313659,4.4823930789770952,5.976076471531365,True,True,False,True,False,False
mahler,463174,75,32,1650,7532,81,4.6223729134148828,6.3248892181428928,4.6223729134148828,6.3248892181428928,True,True,False,True,False,False
mahler,463174,75,33,1700,7533,81,4.7623527478526695,6.673701964754418,4.7623527478526695,6.6737019647544154,True,True,False,True,False,False
mahler,463174,75,34,1750,7534,81,4.9023325822904571,7.0225147113659467,4.9023325822904571,7.022514711365945,True,True,False,True,False,False
mahler,463174,75,35,1800,7535,81,5.0423124167282438,7.3713274579774719,5.0423124167282438,7.3713274579774719,True,True,False,True,False,False
mahler,463174,75,36,1850,7536,81,5.1822922511660305,7.7201402045889971,5.1822922511660305,7.7201402045889997,True,False,False,True,False,False
mahler,463174,75,37,1900,7537,81,5.3222720856038181,8.0689529512005258,5.3222720856038181,8.0689529512005294,True,False,True,True,False,False
mahler,463174,75,38,1950,7538,81,5.4622519200416049,8.417765697812051,5.4622519200416049,8.417765697812051,True,False,True,True,False,False
mahler,463174,75,39,2000,7539,81,5.6022317544793925,8.7665784444235779,5.6022317544793925,8.7665784444235761,True,False,True,True,False,False
mahler,463174,75,40,2050,7540,81,5.7422115889171792,9.1153911910351031,5.7422115889171792,9.1153911910351031,True,False,True,True,False,False
mahler,463174,75,41,2100,7541,81,5.8821914233549659,9.46420393764663,5.8821914233549659,9.46420393764663,True,False,True,True,False,False
mahler,463174,75,42,2150,7542,81,6.0221712577927535,9.813016684258157,6.0221712577927535,9.813016684258157,True,False,True,True,False,False
mahler,463174,75,43,2200,7543,81,6.1621510922305403,9.6575362541975771,6.1621510922305403,9.7744529918632015,True,False,True,True,False,True
mahler,463174,75,44,2250,7544,81,6.3021309266683279,9.3110740103938259,6.3021309266683279,9.5891852424928103,True,False,True,True,False,True
mahler,463174,75,45,2300,7545,81,6.4421107611061146,8.9646117665900764,6.4421107611061146,9.4039174931224228,True,False,True,True,False,True
mahler,463174,75,46,2350,7546,81,6.5820905955439013,8.6181495227863287,6.5820905955439013,9.2186497437520334,True,False,True,True,False,True
mahler,463174,75,47,2400,7547,81,6.7220704299816889,8.2716872789825757,6.7220704299816889,9.0333819943816422,True,False,True,True,False,True
mahler,463174,75,48,2450,7548,81,6.8620502644194756,7.9252250351788263,6.8620502644194756,8.8481142450112547,True,False,True,True,False,True
mahler,463174,75,49,2500,7549,81,7.0020300988572632,7.5787627913750732,7.0020300988572632,8.6628464956408653,True,False,True,True,False,True
mahler,463174,75,50,2550,7550,81,7.14200993329505,7.2323005475713273,7.14200993329505,8.4775787462704759,True,False,True,True,False,True
mahler,463174,75,51,2600,7551,81,7.2819897677328367,6.8858383037675779,7.2819897677328367,8.2923109969000883,True,False,True,True,False,True
mahler,463174,75,52,2650,7552,81,7.4219696021706243,6.5393760599638249,7.4219696021706243,8.1070432475296972,True,False,True,True,False,True
mahler,463174,75,53,2700,7553,81,7.561949436608411,6.1929138161600754,7.561949436608411,7.9217754981593096,True,False,True,True,False,True
mahler,463174,75,54,2750,7554,81,7.7019292710461977,5.846451572356326,7.7019292710461977,7.7365077487889202,True,False,True,True,False,True
mahler,463174,75,55,2800,7555,81,7.8419091054839853,5.4999893285525765,7.8419091054839853,7.5512399994185309,True,False,True,True,False,True
mahler,463174,75,56,2850,7556,81,7.9818889399217721,5.153527084748827,7.9818889399217721,7.3659722500481406,True,False,True,True,False,True
mahler,463174,75,57,2900,7557,81,8.1218687743595588,4.8070648409450776,8.1218687743595588,7.1807045006777539,True,False,True,True,False,True
mahler,463174,75,58,2950,7558,81,8.2618486087973473,4.4606025971413246,8.2618486087973473,6.9954367513073619,True,False,True,True,False,True
mahler,463174,75,59,3000,7559,81,8.401828443235134,4.1141403533375751,8.401828443235134,6.8101690019369743,True,False,True,True,False,True
mahler,463174,75,60,3050,7560,81,8.5418082776729207,3.7676781095338256,8.5418082776729207,6.6249012525665849,True,False,True,True,False,True
mahler,463174,75,61,3100,7561,81,8.6817881121107074,3.4212158657300762,8.6817881121107074,6.4396335031961955,True,False,True,True,False,True
mahler,463174,75,62,3150,7562,81,8.8217679465484942,3.0747536219263267,8.8217679465484942,6.2543657538258079,True,False,True,True,False,True
mahler,463174,75,63,3200,7563,81,8.9617477809862809,2.7282913781225773,8.9617477809862809,6.0690980044554195,True,False,True,True,False,True
mahler,463174,75,64,3250,7564,81,9.1017276154240694,2.3818291343188243,9.1017276154240694,5.8838302550850266,True,False,True,True,False,True
mahler,463174,75,65,3300,7565,81,9.2417074498618561,2.0353668905150748,9.2417074498618561,5.6985625057146381,True,False,True,True,False,True
mahler,463174,75,66,3350,7566,81,9.3816872842996428,1.6889046467113253,9.3816872842996428,5.5132947563442496,True,False,True,True,False,True
mahler,463174,75,67,3400,7567,81,9.5216671187374295,1.3424424029075759,9.5216671187374295,5.328027006973862,True,False,True,True,False,True
mahler,463174,75,68,3450,7568,81,9.6616469531752163,0.99598015910382642,9.6616469531752163,5.1427592576034744,True,False,True,True,False,True
mahler,463174,75,69,3500,7569,81,9.8016267876130048,0.64951791530007341,9.8016267876130048,4.9574915082330815,True,False,True,True,False,True
mahler,463174,75,70,3550,7570,81,9.9416066220507915,0.30305567149632395,9.9416066220507915,4.772223758862693,True,False,True,True,False,True
mahler,464785,76,6,350,7606,89,1.0270516308467061,-1.108837222062443,1.0270516308467061,-1.1049573061498241,True,True,False,False,True,False
mahler,464785,76,7,400,7607,89,1.1961300428199761,-1.1898849904435314,1.1961300428199761,-1.1831158050895931,True,True,False,False,True,False
mahler,464785,76,8,450,7608,89,1.3652084547932464,-1.2709327588246195,1.3652084547932464,-1.2612743040293619,True,True,False,False,True,False
mahler,464785,76,9,500,7609,89,1.5342868667665164,-1.3519805272057077,1.5342868667665164,-1.3394328029691309,True,True,False,False,True,False
mahler,464785,76,10,550,7610,89,1.7033652787397866,-1.4330282955867961,1.7033652787397866,-1.4175913019088997,True,True,False,False,True,False
mahler,464785,76,11,600,7611,89,1.8724436907130568,-1.5140760639678845,1.8724436907130568,-1.4957498008486687,True,True,False,False,True,False
mahler,464785,76,12,650,7612,89,2.0415221026863271,-1.5951238323489729,2.0415221026863271,-1.5739082997884375,True,True,False,False,True,False
mahler,464785,76,13,700,7613,89,2.2106005146595975,-1.6761716007300613,2.2106005146595975,-1.6520667987282067,True,True,False,False,True,False
mahler,464785,76,14,750,7614,89,2.3796789266328675,-1.7572193691111495,2.3796789266328675,-1.7302252976679755,True,True,False,False,True,False
mahler,464785,76,15,800,7615,89,2.5487573386061375,-1.8382671374922379,2.5487573386061375,-1.8083837966077445,True,True,False,False,True,False
mahler,464785,76,16,850,7616,89,2.717835750579408,-1.9193149058733263,2.717835750579408,-1.8865422955475133,True,True,False,False,True,False
mahler,464785,76,17,900,7617,89,2.886914162552678,-2.0003626742544145,2.886914162552678,-1.9647007944872823,True,True,False,False,True,False
mahler,464785,76,18,950,7618,89,3.055992574525948,-2.0814104426355025,3.055992574525948,-2.0428592934270511,True,True,False,False,True,False
mahler,464785,76,19,1000,7619,89,3.225070986499218,-2.1624582110165909,3.225070986499218,-2.1210177923668199,True,True,False,False,True,False
mahler,464785,76,20,1050,7620,89,3.3941493984724884,-2.2435059793976793,3.3941493984724884,-2.1991762913065891,True,True,False,False,True,False
mahler,464785,76,21,1100,7621,89,3.5632278104457584,-2.3245537477787677,3.5632278104457584,-2.2773347902463579,True,True,False,False,True,False
mahler,464785,76,22,1150,7622,89,3.7323062224190284,-2.4056015161598561,3.7323062224190284,-2.3554932891861262,True,True,False,False,True,False
mahler,464785,76,23,1200,7623,89,3.9013846343922989,-2.4866492845409445,3.9013846343922989,-2.4336517881258959,True,True,False,False,True,False
mahler,464785,76,24,1250,7624,89,4.0704630463655693,-2.5676970529220329,4.0704630463655693,-2.5118102870656647,True,True,False,False,True,False
mahler,464785,76,25,1300,7625,89,4.2395414583388389,-2.6487448213031213,4.2395414583388389,-2.589968786005433,True,True,False,False,True,False
mahler,464785,76,26,1350,7626,89,4.4086198703121093,-2.7297925896842097,4.4086198703121093,-2.6681272849452027,True,True,False,False,True,False
mahler,464785,76,27,1400,7627,89,4.5776982822853798,-2.8108403580652981,4.5776982822853798,-2.7462857838849715,True,True,False,False,True,False
mahler,464785,76,28,1450,7628,89,4.7467766942586493,-2.8918881264463856,4.7467766942586493,-2.8244442828247398,True,True,False,False,True,False
mahler,464785,76,29,1500,7629,89,4.9158551062319198,-2.972935894827474,4.9158551062319198,-2.9026027817645095,True,True,False,False,True,False
mahler,464785,76,30,1550,7630,89,5.0849335182051902,-3.0539836632085624,5.0849335182051902,-2.9807612807042778,True,False,False,False,True,False
mahler,464785,76,31,1600,7631,89,5.2540119301784598,-3.1350314315896508,5.2540119301784598,-3.0589197796440462,True,False,True,False,True,False
mahler,464785,76,32,1650,7632,89,5.4230903421517302,-3.2160791999707392,5.4230903421517302,-3.1370782785838154,True,False,True,False,True,False
mahler,464785,76,33,1700,7633,89,5.5921687541250007,-3.2971269683518276,5.5921687541250007,-3.2152367775235851,True,False,True,False,True,False
mahler,464785,76,34,1750,7634,89,5.7612471660982703,-3.378174736732916,5.7612471660982703,-3.2933952764633534,True,False,True,False,True,False
mahler,464785,76,35,1800,7635,89,5.9303255780715407,-3.4592225051140044,5.9303255780715407,-3.3715537754031226,True,False,True,False,True,False
mahler,464785,76,36,1850,7636,89,6.0994039900448103,-3.5402702734950919,6.0994039900448103,-3.4497122743428901,True,False,True,False,True,False
mahler,464785,76,37,1900,7637,89,6.2684824020180807,-3.6213180418761803,6.2684824020180807,-3.5278707732826593,True,False,True,False,True,False
mahler,464785,76,38,1950,7638,89,6.4375608139913512,-3.7023658102572687,6.4375608139913512,-3.6060292722224285,True,False,True,False,True,False
mahler,464785,76,39,2000,7639,89,6.6066392259646207,-3.7834135786383571,6.6066392259646207,-3.6841877711621973,True,False,True,False,True,False
mahler,464785,76,40,2050,7640,89,6.7757176379378912,-3.8644613470194455,6.7757176379378912,-3.762346270101967,True,False,True,False,True,False
mahler,464785,76,41,2100,7641,89,6.9447960499111616,-3.945509115400534,6.9447960499111616,-3.8405047690417353,True,False,True,False,True,False
mahler,464785,76,42,2150,7642,89,7.1138744618844312,-4.0265568837816224,7.1138744618844312,-3.9186632679815041,True,False,True,False,True,False
mahler,464785,76,43,2200,7643,89,7.2829528738577016,-4.1076046521627108,7.2829528738577016,-3.9968217669212729,True,False,True,False,True,False
mahler,464785,76,44,2250,7644,89,7.4520312858309721,-4.1886524205437992,7.4520312858309721,-4.0749802658610417,True,False,True,False,True,False
mahler,464785,76,45,2300,7645,89,7.6211096978042416,-4.2697001889248867,7.6211096978042416,-4.1531387648008113,True,False,True,False,True,False
mahler,464785,76,46,2350,7646,89,7.7901881097775121,-4.3507479573059751,7.7901881097775121,-4.2312972637405801,True,False,True,False,True,False
mahler,464785,76,47,2400,7647,89,7.9592665217507825,-4.4317957256870644,7.9592665217507825,-4.3094557626803489,True,False,True,False,True,False
mahler,464785,76,48,2450,7648,89,8.128344933724053,-4.5128434940681528,8.128344933724053,-4.3876142616201177,True,False,True,False,True,False
mahler,464785,76,49,2500,7649,89,8.2974233456973234,-4.5938912624492412,8.2974233456973234,-4.4657727605598874,True,False,True,False,True,False
mahler,464785,76,50,2550,7650,89,8.4665017576705921,-4.6749390308303278,8.4665017576705921,-4.5439312594996553,True,False,True,False,True,False
mahler,464785,76,51,2600,7651,89,8.6355801696438625,-4.7559867992114171,8.6355801696438625,-4.6220897584394249,True,False,True,False,True,False
mahler,464785,76,52,2650,7652,89,8.804658581617133,-4.8370345675925055,8.804658581617133,-4.7002482573791928,True,False,True,False,True,False
mahler,464785,76,53,2700,7653,89,8.9737369935904034,-4.9180823359735939,8.9737369935904034,-4.7784067563189616,True,False,True,False,True,False
mahler,464785,76,54,2750,7654,89,9.1428154055636739,-4.9991301043546823,9.1428154055636739,-4.8565652552587313,True,False,True,False,True,False
mahler,464785,76,55,2800,7655,89,9.3118938175369443,-5.0801778727357707,9.3118938175369443,-4.9347237541985001,True,False,True,False,True,False
mahler,464785,76,56,2850,7656,89,9.480972229510213,-5.1612256411168582,9.480972229510213,-5.0128822531382689,True,False,True,False,True,False
mahler,464785,76,57,2900,7657,89,9.6500506414834835,-5.2422734094979466,9.6500506414834835,-5.0910407520780367,True,False,True,False,True,False
mahler,464785,76,58,2950,7658,89,9.8191290534567539,-5.323321177879035,9.8191290534567539,-5.1691992510178064,True,False,True,False,True,False
mahler,464785,76,59,3000,7659,89,9.9882074654300244,-5.4043689462601234,9.9882074654300244,-5.2473577499575752,True,False,True,False,True,False
mahler,465431,77,6,350,7706,102,1.0192411637780963,-0.32384835906744597,1.0192411637780963,-0.3205826400779504,True,True,False,False,True,False
mahler,465431,77,7,400,7707,102,1.1824625749120097,-0.41611057244777777,1.1824625749120097,-0.41035441620160279,True,True,False,False,True,False
mahler,465431,77,8,450,7708,102,1.3456839860459231,-0.50837278582810952,1.3456839860459231,-0.50012619232525513,True,True,False,False,True,False
mahler,465431,77,9,500,7709,102,1.5089053971798363,-0.60063499920844121,1.5089053971798363,-0.58989796844890763,True,True,False,False,True,False
mahler,465431,77,10,550,7710,102,1.6721268083137497,-0.69289721258877313,1.6721268083137497,-0.67966974457255991,True,True,False,False,True,False
mahler,465431,77,11,600,7711,102,1.8353482194476629,-0.78515942596910482,1.8353482194476629,-0.76944152069621263,True,True,False,False,True,False
mahler,465431,77,12,650,7712,102,1.9985696305815763,-0.87742163934943651,1.9985696305815763,-0.85921329681986425,True,True,False,False,True,False
mahler,465431,77,13,700,7713,102,2.1617910417154897,-0.96968385272976843,2.1617910417154897,-0.94898507294351697,True,True,False,False,True,False
mahler,465431,77,14,750,7714,102,2.3250124528494034,-1.0619460661101003,2.3250124528494034,-1.0387568490671695,True,True,False,False,True,False
mahler,465431,77,15,800,7715,102,2.4882338639833166,-1.154208279490432,2.4882338639833166,-1.128528625190822,True,True,False,False,True,False
mahler,465431,77,16,850,7716,102,2.6514552751172298,-1.2464704928707637,2.6514552751172298,-1.2183004013144738,True,True,False,False,True,False
mahler,465431,77,17,900,7717,102,2.8146766862511434,-1.3387327062510956,2.8146766862511434,-1.3080721774381261,True,True,False,False,True,False
mahler,465431,77,18,950,7718,102,2.9778980973850566,-1.4309949196314273,2.9778980973850566,-1.3978439535617786,True,True,False,False,True,False
mahler,465431,77,19,1000,7719,102,3.1411195085189698,-1.5232571330117592,3.1411195085189698,-1.4876157296854313,True,True,False,False,True,False
mahler,465431,77,20,1050,7720,102,3.304340919652883,-1.6155193463920909,3.304340919652883,-1.5773875058090832,True,True,False,False,True,False
mahler,465431,77,21,1100,7721,102,3.4675623307867967,-1.7077815597724229,3.4675623307867967,-1.6671592819327357,True,True,False,False,True,False
mahler,465431,77,22,1150,7722,102,3.6307837419207099,-1.8000437731527545,3.6307837419207099,-1.7569310580563882,True,True,False,False,True,False
mahler,465431,77,23,1200,7723,102,3.794005153054623,-1.892305986533086,3.794005153054623,-1.8467028341800402,True,True,False,False,True,False
mahler,465431,77,24,1250,7724,102,3.9572265641885362,-1.9845681999134179,3.9572265641885362,-1.9364746103036927,True,True,False,False,True,False
mahler,465431,77,25,1300,7725,102,4.1204479753224499,-2.0768304132937501,4.1204479753224499,-2.0262463864273452,True,True,False,False,True,False
mahler,465431,77,26,1350,7726,102,4.2836693864563635,-2.169092626674082,4.2836693864563635,-2.1160181625509971,True,True,False,False,True,False
mahler,465431,77,27,1400,7727,102,4.4468907975902763,-2.2613548400544135,4.4468907975902763,-2.2057899386746493,True,True,False,False,True,False
mahler,465431,77,28,1450,7728,102,4.6101122087241899,-2.3536170534347454,4.6101122087241899,-2.2955617147983025,True,True,False,False,True,False
mahler,465431,77,29,1500,7729,102,4.7733336198581036,-2.4458792668150773,4.7733336198581036,-2.3853334909219548,True,True,False,False,True,False
mahler,465431,77,30,1550,7730,102,4.9365550309920163,-2.5381414801954088,4.9365550309920163,-2.4751052670456075,True,True,False,False,True,False
mahler,465431,77,31,1600,7731,102,5.09977644212593,-2.6304036935757407,5.09977644212593,-2.5648770431692585,True,False,False,False,True,False
mahler,465431,77,32,1650,7732,102,5.2629978532598436,-2.7226659069560726,5.2629978532598436,-2.6546488192929125,True,False,True,False,True,False
mahler,465431,77,33,1700,7733,102,5.4262192643937563,-2.814928120336404,5.4262192643937563,-2.7444205954165639,True,False,True,False,True,False
mahler,465431,77,34,1750,7734,102,5.58944067552767,-2.907190333716736,5.58944067552767,-2.8341923715402166,True,False,True,False,True,False
mahler,465431,77,35,1800,7735,102,5.7526620866615836,-2.9994525470970683,5.7526620866615836,-2.9239641476638694,True,False,True,False,True,False
mahler,465431,77,36,1850,7736,102,5.9158834977954964,-3.0917147604773998,5.9158834977954964,-3.0137359237875212,True,False,True,False,True,False
mahler,465431,77,37,1900,7737,102,6.07910490892941,-3.1839769738577317,6.07910490892941,-3.1035076999111739,True,False,True,False,True,False
mahler,465431,77,38,1950,7738,102,6.2423263200633228,-3.2762391872380632,6.2423263200633228,-3.1932794760348266,True,False,True,False,True,False
mahler,465431,77,39,2000,7739,102,6.4055477311972364,-3.3685014006183951,6.4055477311972364,-3.283051252158478,True,False,True,False,True,False
mahler,465431,77,40,2050,7740,102,6.5687691423311501,-3.460763613998727,6.5687691423311501,-3.3728230282821299,True,False,True,False,True,False
mahler,465431,77,41,2100,7741,102,6.7319905534650628,-3.5530258273790585,6.7319905534650628,-3.4625948044057817,True,False,True,False,True,False
mahler,465431,77,42,2150,7742,102,6.8952119645989765,-3.6452880407593904,6.8952119645989765,-3.5523665805294344,True,False,True,False,True,False
mahler,465431,77,43,2200,7743,102,7.0584333757328901,-3.7375502541397223,7.0584333757328901,-3.6421383566530872,True,False,True,False,True,False
mahler,465431,77,44,2250,7744,102,7.2216547868668028,-3.8298124675200533,7.2216547868668028,-3.7319101327767399,True,False,True,False,True,False
mahler,465431,77,45,2300,7745,102,7.3848761980007165,-3.9220746809003852,7.3848761980007165,-3.8216819089003926,True,False,True,False,True,False
mahler,465431,77,46,2350,7746,102,7.5480976091346301,-4.014336894280718,7.5480976091346301,-3.9114536850240449,True,False,True,False,True,False
mahler,465431,77,47,2400,7747,102,7.7113190202685429,-4.1065991076610491,7.7113190202685429,-4.0012254611476967,True,False,True,False,True,False
mahler,465431,77,48,2450,7748,102,7.8745404314024565,-4.198861321041381,7.8745404314024565,-4.090997237271349,True,False,True,False,True,False
mahler,465431,77,49,2500,7749,102,8.0377618425363693,-4.2911235344217129,8.0377618425363693,-4.1807690133950022,True,False,True,False,True,False
mahler,465431,77,50,2550,7750,102,8.2009832536702838,-4.3833857478020448,8.2009832536702838,-4.2705407895186553,True,False,True,False,True,False
mahler,465431,77,51,2600,7751,102,8.3642046648041966,-4.4756479611823767,8.3642046648041966,-4.3603125656423067,True,False,True,False,True,False
mahler,465431,77,52,2650,7752,102,8.5274260759381093,-4.5679101745627078,8.5274260759381093,-4.450084341765959,True,False,True,False,True,False
mahler,465431,77,53,2700,7753,102,8.6906474870720238,-4.6601723879430406,8.6906474870720238,-4.5398561178896113,True,False,True,False,True,False
mahler,465431,77,54,2750,7754,102,8.8538688982059366,-4.7524346013233716,8.8538688982059366,-4.6296278940132654,True,False,True,False,True,False
mahler,465431,77,55,2800,7755,102,9.0170903093398493,-4.8446968147037035,9.0170903093398493,-4.7193996701369167,True,False,True,False,True,False
mahler,465431,77,56,2850,7756,102,9.1803117204737639,-4.9369590280840354,9.1803117204737639,-4.809171446260569,True,False,True,False,True,False
mahler,465431,77,57,2900,7757,102,9.3435331316076766,-5.0292212414643673,9.3435331316076766,-4.8989432223842195,True,False,True,False,True,False
mahler,465431,77,58,2950,7758,102,9.5067545427415894,-5.1214834548446984,9.5067545427415894,-4.9887149985078727,True,False,True,False,True,False
mahler,465431,77,59,3000,7759,102,9.6699759538755039,-5.2137456682250312,9.6699759538755039,-5.078486774631525,True,False,True,False,True,False
mahler,465431,77,60,3050,7760,102,9.8331973650094167,-5.3060078816053622,9.8331973650094167,-5.1682585507551764,True,False,True,False,True,False
mahler,469268,78,6,350,7806,83,1.1159682357804734,4.9609959638060603,1.1159682357804734,4.9609959638060603,True,True,False,True,False,False
mahler,469268,78,7,400,7807,83,1.3648662825213207,5.2453636530165291,1.3648662825213207,5.2453636530165282,True,True,False,True,False,False
mahler,469268,78,8,450,7808,83,1.6137643292621684,5.5297313422269987,1.6137643292621684,5.5297313422269987,True,True,False,True,False,False
mahler,469268,78,9,500,7809,83,1.8626623760030157,5.8140990314374683,1.8626623760030157,5.8140990314374683,True,True,False,True,False,False
mahler,469268,78,10,550,7810,83,2.1115604227438629,6.098466720647937,2.1115604227438629,6.0984667206479362,True,True,False,True,False,False
mahler,469268,78,11,600,7811,83,2.3604584694847102,6.3828344098584058,2.3604584694847102,6.3828344098584058,True,True,False,True,False,False
mahler,469268,78,12,650,7812,83,2.6093565162255579,6.6672020990688754,2.6093565162255579,6.6672020990688736,True,True,False,True,False,False
mahler,469268,78,13,700,7813,83,2.8582545629664051,6.951569788279345,2.8582545629664051,6.951569788279345,True,True,False,True,False,False
mahler,469268,78,14,750,7814,83,3.1071526097072524,7.2359374774898138,3.1071526097072524,7.2359374774898164,True,True,False,True,False,False
mahler,469268,78,15,800,7815,83,3.3560506564480996,7.5203051667002825,3.3560506564480996,7.5203051667002816,True,True,False,True,False,False
mahler,469268,78,16,850,7816,83,3.6049487031889473,7.8046728559107521,3.6049487031889473,7.804672855910753,True,True,False,True,False,False
mahler,469268,78,17,900,7817,83,3.8538467499297946,8.0890405451212217,3.8538467499297946,8.0890405451212199,True,True,False,True,False,False
mahler,469268,78,18,950,7818,83,4.1027447966706418,8.3734082343316913,4.1027447966706418,8.3734082343316913,True,True,False,True,False,False
mahler,469268,78,19,1000,7819,83,4.3516428434114891,8.6577759235421592,4.3516428434114891,8.657775923542161,True,True,False,True,False,False
mahler,469268,78,20,1050,7820,83,4.6005408901523364,8.9421436127526288,4.6005408901523364,8.9421436127526288,True,True,False,True,False,False
mahler,469268,78,21,1100,7821,83,4.8494389368931836,9.2265113019630984,4.8494389368931836,9.2265113019631002,True,True,False,True,False,False
mahler,469268,78,22,1150,7822,83,5.0983369836340309,9.5108789911735663,5.0983369836340309,9.5108789911735663,True,True,False,True,False,False
mahler,469268,78,23,1200,7823,83,5.3472350303748781,9.7952466803840359,5.3472350303748781,9.7952466803840377,True,False,False,True,False,False
mahler,469268,78,24,1250,7824,83,5.5961330771157263,9.6609842271211139,5.5961330771157263,9.7182059470557949,True,False,True,True,False,True
mahler,469268,78,25,1300,7825,83,5.8450311238565735,9.3845549136054203,5.8450311238565735,9.5184308582946979,True,False,True,True,False,True
mahler,469268,78,26,1350,7826,83,6.0939291705974208,9.1081256000897248,6.0939291705974208,9.3186557695335992,True,False,True,True,False,True
mahler,469268,78,27,1400,7827,83,6.342827217338268,8.8316962865740294,6.342827217338268,9.1188806807725022,True,False,True,True,False,True
mahler,469268,78,28,1450,7828,83,6.5917252640791153,8.5552669730583357,6.5917252640791153,8.9191055920114053,True,False,True,True,False,True
mahler,469268,78,29,1500,7829,83,6.8406233108199626,8.2788376595426421,6.8406233108199626,8.7193305032503048,True,False,True,True,False,True
mahler,469268,78,30,1550,7830,83,7.0895213575608098,8.0024083460269466,7.0895213575608098,8.5195554144892096,True,False,True,True,False,True
mahler,469268,78,31,1600,7831,83,7.3384194043016571,7.7259790325112512,7.3384194043016571,8.3197803257281127,True,False,True,True,False,True
mahler,469268,78,32,1650,7832,83,7.5873174510425043,7.4495497189955575,7.5873174510425043,8.1200052369670139,True,False,True,True,False,True
mahler,469268,78,33,1700,7833,83,7.8362154977833525,7.1731204054798603,7.8362154977833525,7.9202301482059134,True,False,True,True,False,True
mahler,469268,78,34,1750,7834,83,8.0851135445241979,6.8966910919641684,8.0851135445241979,7.7204550594448182,True,False,True,True,False,True
mahler,469268,78,35,1800,7835,83,8.3340115912650461,6.620261778448473,8.3340115912650461,7.5206799706837204,True,False,True,True,False,True
mahler,469268,78,36,1850,7836,83,8.5829096380058925,6.3438324649327793,8.5829096380058925,7.3209048819226235,True,False,True,True,False,True
mahler,469268,78,37,1900,7837,83,8.8318076847467406,6.0674031514170839,8.8318076847467406,7.1211297931615256,True,False,True,True,False,True
mahler,469268,78,38,1950,7838,83,9.0807057314875887,5.7909738379013884,9.0807057314875887,6.9213547044004251,True,False,True,True,False,True
mahler,469268,78,39,2000,7839,83,9.3296037782284351,5.5145445243856948,9.3296037782284351,6.7215796156393299,True,False,True,True,False,True
mahler,469268,78,40,2050,7840,83,9.5785018249692833,5.2381152108699975,9.5785018249692833,6.5218045268782303,True,False,True,True,False,True
mahler,469268,78,41,2100,7841,83,9.8273998717101296,4.9616858973543039,9.8273998717101296,6.3220294381171342,True,False,True,True,False,True
