animal,condition_id,condition_index,time_index,time_ms,unique_neural_input_id,n_behavior_trials_in_mean,x_obj,y_obj,x_beh,y_beh,full,visible,hidden,bounce,no_bounce,post_bounce
perle,29337,0,6,350,6,1048,-6.5498223965930285,-8.5747959699326923,-6.5498223965930285,-8.5804292598721776,True,True,False,False,True,False
perle,29337,0,7,400,7,1048,-6.2144481898088859,-8.4070198571916563,-6.2144481898088859,-8.416853012973009,True,True,False,False,True,False
perle,29337,0,8,450,8,1048,-5.8790739830247443,-8.2392437444506204,-5.8790739830247443,-8.2532767660738386,True,True,False,False,True,False
perle,29337,0,9,500,9,1048,-5.5436997762406017,-8.0714676317095844,-5.5436997762406017,-8.08970051917467,True,True,False,False,True,False
perle,29337,0,10,550,10,1048,-5.2083255694564592,-7.9036915189685475,-5.2083255694564592,-7.9261242722754961,True,True,False,False,True,False
perle,29337,0,11,600,11,1048,-4.8729513626723167,-7.7359154062275106,-4.8729513626723167,-7.7625480253763257,True,True,False,False,True,False
perle,29337,0,12,650,12,1048,-4.537577155888175,-7.5681392934864755,-4.537577155888175,-7.5989717784771562,True,True,False,False,True,False
perle,29337,0,13,700,13,1048,-4.2022029491040325,-7.4003631807454386,-4.2022029491040325,-7.4353955315779849,True,True,False,False,True,False
perle,29337,0,14,750,14,1048,-3.8668287423198899,-7.2325870680044027,-3.8668287423198899,-7.2718192846788154,True,True,False,False,True,False
perle,29337,0,15,800,15,1048,-3.5314545355357483,-7.0648109552633667,-3.5314545355357483,-7.1082430377796451,True,True,False,False,True,False
perle,29337,0,16,850,16,1048,-3.1960803287516057,-6.8970348425223307,-3.1960803287516057,-6.9446667908804747,True,True,False,False,True,False
perle,29337,0,17,900,17,1048,-2.8607061219674632,-6.7292587297812947,-2.8607061219674632,-6.7810905439813043,True,True,False,False,True,False
perle,29337,0,18,950,18,1048,-2.5253319151833207,-6.5614826170402578,-2.5253319151833207,-6.6175142970821339,True,True,False,False,True,False
perle,29337,0,19,1000,19,1048,-2.189957708399179,-6.3937065042992227,-2.189957708399179,-6.4539380501829635,True,True,False,False,True,False
perle,29337,0,20,1050,20,1048,-1.8545835016150365,-6.2259303915581858,-1.8545835016150365,-6.2903618032837931,True,True,False,False,True,False
perle,29337,0,21,1100,21,1048,-1.519209294830894,-6.0581542788171499,-1.519209294830894,-6.1267855563846227,True,True,False,False,True,False
perle,29337,0,22,1150,22,1048,-1.1838350880467523,-5.8903781660761139,-1.1838350880467523,-5.9632093094854524,True,True,False,False,True,False
perle,29337,0,23,1200,23,1048,-0.84846088126260888,-5.722602053335077,-0.84846088126260888,-5.7996330625862829,True,True,False,False,True,False
perle,29337,0,24,1250,24,1048,-0.51308667447846723,-5.554825940594041,-0.51308667447846723,-5.6360568156871107,True,True,False,False,True,False
perle,29337,0,25,1300,25,1048,-0.17771246769432558,-5.387049827853005,-0.17771246769432558,-5.4724805687879412,True,True,False,False,True,False
perle,29337,0,26,1350,26,1048,0.15766173908981784,-5.219273715111969,0.15766173908981784,-5.3089043218887708,True,True,False,False,True,False
perle,29337,0,27,1400,27,1048,0.49303594587395949,-5.051497602370933,0.49303594587395949,-5.1453280749896004,True,True,False,False,True,False
perle,29337,0,28,1450,28,1048,0.82841015265810114,-4.8837214896298971,0.82841015265810114,-4.98175182809043,True,True,False,False,True,False
perle,29337,0,29,1500,29,1048,1.1637843594422446,-4.7159453768888602,1.1637843594422446,-4.8181755811912605,True,True,False,False,True,False
perle,29337,0,30,1550,30,1048,1.4991585662263862,-4.5481692641478242,1.4991585662263862,-4.6545993342920902,True,True,False,False,True,False
perle,29337,0,31,1600,31,1048,1.8345327730105279,-4.3803931514067882,1.8345327730105279,-4.4910230873929198,True,True,False,False,True,False
perle,29337,0,32,1650,32,1048,2.1699069797946713,-4.2126170386657513,2.1699069797946713,-4.3274468404937485,True,True,False,False,True,False
perle,29337,0,33,1700,33,1048,2.5052811865788129,-4.0448409259247153,2.5052811865788129,-4.1638705935945781,True,True,False,False,True,False
perle,29337,0,34,1750,34,1048,2.8406553933629564,-3.8770648131836793,2.8406553933629564,-4.0002943466954077,True,True,False,False,True,False
perle,29337,0,35,1800,35,1048,3.176029600147098,-3.7092887004426434,3.176029600147098,-3.8367180997962378,True,True,False,False,True,False
perle,29337,0,36,1850,36,1048,3.5114038069312397,-3.5415125877016074,3.5114038069312397,-3.6731418528970683,True,True,False,False,True,False
perle,29337,0,37,1900,37,1048,3.8467780137153831,-3.3737364749605705,3.8467780137153831,-3.509565605997897,True,True,False,False,True,False
perle,29337,0,38,1950,38,1048,4.1821522204995247,-3.205960362219535,4.1821522204995247,-3.3459893590987275,True,True,False,False,True,False
perle,29337,0,39,2000,39,1048,4.5175264272836664,-3.038184249478499,4.5175264272836664,-3.1824131121995567,True,True,False,False,True,False
perle,29337,0,40,2050,40,1048,4.8529006340678098,-2.8704081367374621,4.8529006340678098,-3.0188368653003859,True,True,False,False,True,False
perle,29337,0,41,2100,41,1048,5.1882748408519515,-2.7026320239964265,5.1882748408519515,-2.8552606184012164,True,False,False,False,True,False
perle,29337,0,42,2150,42,1048,5.5236490476360931,-2.5348559112553906,5.5236490476360931,-2.6916843715020455,True,False,True,False,True,False
perle,29337,0,43,2200,43,1048,5.8590232544202365,-2.3670797985143537,5.8590232544202365,-2.5281081246028756,True,False,True,False,True,False
perle,29337,0,44,2250,44,1048,6.1943974612043782,-2.1993036857733181,6.1943974612043782,-2.3645318777037057,True,False,True,False,True,False
perle,29337,0,45,2300,45,1048,6.5297716679885198,-2.0315275730322822,6.5297716679885198,-2.2009556308045348,True,False,True,False,True,False
perle,29337,0,46,2350,46,1048,6.8651458747726632,-1.8637514602912453,6.8651458747726632,-2.037379383905364,True,False,True,False,True,False
perle,29337,0,47,2400,47,1048,7.2005200815568067,-1.6959753475502088,7.2005200815568067,-1.8738031370061932,True,False,True,False,True,False
perle,29337,0,48,2450,48,1048,7.5358942883409483,-1.5281992348091729,7.5358942883409483,-1.7102268901070234,True,False,True,False,True,False
perle,29337,0,49,2500,49,1048,7.87126849512509,-1.3604231220681369,7.87126849512509,-1.5466506432078535,True,False,True,False,True,False
perle,29337,0,50,2550,50,1048,8.2066427019092316,-1.1926470093271009,8.2066427019092316,-1.3830743963086836,True,False,True,False,True,False
perle,29337,0,51,2600,51,1048,8.5420169086933733,-1.0248708965860649,8.5420169086933733,-1.2194981494095127,True,False,True,False,True,False
perle,29337,0,52,2650,52,1048,8.8773911154775149,-0.8570947838450298,8.8773911154775149,-1.055921902510343,True,False,True,False,True,False
perle,29337,0,53,2700,53,1048,9.2127653222616601,-0.68931867110399203,9.2127653222616601,-0.89234565561117118,True,False,True,False,True,False
perle,29337,0,54,2750,54,1048,9.5481395290458018,-0.52154255836295604,9.5481395290458018,-0.72876940871200124,True,False,True,False,True,False
perle,29337,0,55,2800,55,1048,9.8835137358299434,-0.35376644562192006,9.8835137358299434,-0.56519316181283152,True,False,True,False,True,False
perle,55062,1,6,350,106,1095,-5.7817563929900366,-4.6651780980819453,-5.7817563929900366,-4.6651780980819453,True,True,False,True,False,False
perle,55062,1,7,400,107,1095,-5.4644590157925688,-4.8663534965805475,-5.4644590157925688,-4.8663534965805475,True,True,False,True,False,False
perle,55062,1,8,450,108,1095,-5.1471616385951009,-5.0675288950791497,-5.1471616385951009,-5.0675288950791497,True,True,False,True,False,False
perle,55062,1,9,500,109,1095,-4.829864261397633,-5.2687042935777511,-4.829864261397633,-5.2687042935777511,True,True,False,True,False,False
perle,55062,1,10,550,110,1095,-4.5125668842001652,-5.4698796920763524,-4.5125668842001652,-5.4698796920763533,True,True,False,True,False,False
perle,55062,1,11,600,111,1095,-4.1952695070026973,-5.6710550905749546,-4.1952695070026973,-5.6710550905749546,True,True,False,True,False,False
perle,55062,1,12,650,112,1095,-3.8779721298052303,-5.8722304890735559,-3.8779721298052303,-5.8722304890735568,True,True,False,True,False,False
perle,55062,1,13,700,113,1095,-3.5606747526077624,-6.0734058875721573,-3.5606747526077624,-6.0734058875721582,True,True,False,True,False,False
perle,55062,1,14,750,114,1095,-3.2433773754102946,-6.2745812860707595,-3.2433773754102946,-6.2745812860707586,True,True,False,True,False,False
perle,55062,1,15,800,115,1095,-2.9260799982128267,-6.4757566845693617,-2.9260799982128267,-6.4757566845693617,True,True,False,True,False,False
perle,55062,1,16,850,116,1095,-2.6087826210153588,-6.676932083067963,-2.6087826210153588,-6.6769320830679613,True,True,False,True,False,False
perle,55062,1,17,900,117,1095,-2.291485243817891,-6.8781074815665653,-2.291485243817891,-6.8781074815665653,True,True,False,True,False,False
perle,55062,1,18,950,118,1095,-1.9741878666204231,-7.0792828800651666,-1.9741878666204231,-7.0792828800651657,True,True,False,True,False,False
perle,55062,1,19,1000,119,1095,-1.6568904894229552,-7.2804582785637688,-1.6568904894229552,-7.2804582785637688,True,True,False,True,False,False
perle,55062,1,20,1050,120,1095,-1.3395931122254874,-7.481633677062371,-1.3395931122254874,-7.4816336770623693,True,True,False,True,False,False
perle,55062,1,21,1100,121,1095,-1.0222957350280195,-7.6828090755609724,-1.0222957350280195,-7.6828090755609741,True,True,False,True,False,False
perle,55062,1,22,1150,122,1095,-0.70499835783055165,-7.8839844740595746,-0.70499835783055165,-7.8839844740595746,True,True,False,True,False,False
perle,55062,1,23,1200,123,1095,-0.38770098063308378,-8.0851598725581759,-0.38770098063308378,-8.0851598725581795,True,True,False,True,False,False
perle,55062,1,24,1250,124,1095,-0.070403603435616802,-8.2863352710567781,-0.070403603435616802,-8.2863352710567781,True,True,False,True,False,False
perle,55062,1,25,1300,125,1095,0.24689377376185107,-8.4875106695553786,0.24689377376185107,-8.4875106695553768,True,True,False,True,False,False
perle,55062,1,26,1350,126,1095,0.56419115095931893,-8.6886860680539808,0.56419115095931893,-8.6886860680539826,True,True,False,True,False,False
perle,55062,1,27,1400,127,1095,0.8814885281567868,-8.889861466552583,0.8814885281567868,-8.889861466552583,True,True,False,True,False,False
perle,55062,1,28,1450,128,1095,1.1987859053542547,-9.0910368650511852,1.1987859053542547,-9.0910368650511835,True,True,False,True,False,False
perle,55062,1,29,1500,129,1095,1.5160832825517225,-9.2922122635497875,1.5160832825517225,-9.2922122635497857,True,True,False,True,False,False
perle,55062,1,30,1550,130,1095,1.8333806597491904,-9.4933876620483879,1.8333806597491904,-9.4933876620483897,True,True,False,True,False,False
perle,55062,1,31,1600,131,1095,2.1506780369466583,-9.6945630605469901,2.1506780369466583,-9.6945630605469901,True,True,False,True,False,False
perle,55062,1,32,1650,132,1095,2.4679754141441261,-9.7486085299064094,2.4679754141441261,-9.7242844651862139,True,True,False,True,False,True
perle,55062,1,33,1700,133,1095,2.785272791341594,-9.5503391165984279,2.785272791341594,-9.4599773564115406,True,True,False,True,False,True
perle,55062,1,34,1750,134,1095,3.1025701685390619,-9.3520697032904483,3.1025701685390619,-9.1956702476368655,True,True,False,True,False,True
perle,55062,1,35,1800,135,1095,3.4198675457365297,-9.1538002899824669,3.4198675457365297,-8.9313631388621939,True,True,False,True,False,True
perle,55062,1,36,1850,136,1095,3.7371649229339976,-8.9555308766744854,3.7371649229339976,-8.6670560300875188,True,True,False,True,False,True
perle,55062,1,37,1900,137,1095,4.0544623001314655,-8.7572614633665058,4.0544623001314655,-8.4027489213128472,True,True,False,True,False,True
perle,55062,1,38,1950,138,1095,4.3717596773289333,-8.5589920500585244,4.3717596773289333,-8.1384418125381721,True,True,False,True,False,True
perle,55062,1,39,2000,139,1095,4.6890570545264012,-8.3607226367505429,4.6890570545264012,-7.8741347037634997,True,True,False,True,False,True
perle,55062,1,40,2050,140,1095,5.0063544317238691,-8.1624532234425633,5.0063544317238691,-7.6098275949888263,True,True,False,True,False,True
perle,55062,1,41,2100,141,1095,5.3236518089213369,-7.9641838101345819,5.3236518089213369,-7.3455204862141512,True,False,False,True,False,True
perle,55062,1,42,2150,142,1095,5.6409491861188048,-7.7659143968266005,5.6409491861188048,-7.0812133774394788,True,False,True,True,False,True
perle,55062,1,43,2200,143,1095,5.9582465633162727,-7.5676449835186208,5.9582465633162727,-6.8169062686648045,True,False,True,True,False,True
perle,55062,1,44,2250,144,1095,6.2755439405137405,-7.3693755702106394,6.2755439405137405,-6.5525991598901303,True,False,True,True,False,True
perle,55062,1,45,2300,145,1095,6.5928413177112084,-7.1711061569026588,6.5928413177112084,-6.288292051115457,True,False,True,True,False,True
perle,55062,1,46,2350,146,1095,6.9101386949086763,-6.9728367435946774,6.9101386949086763,-6.0239849423407836,True,False,True,True,False,True
perle,55062,1,47,2400,147,1095,7.2274360721061441,-6.7745673302866969,7.2274360721061441,-5.7596778335661103,True,False,True,True,False,True
perle,55062,1,48,2450,148,1095,7.544733449303612,-6.5762979169787164,7.544733449303612,-5.4953707247914361,True,False,True,True,False,True
perle,55062,1,49,2500,149,1095,7.8620308265010781,-6.3780285036707367,7.8620308265010781,-5.2310636160167645,True,False,True,True,False,True
perle,55062,1,50,2550,150,1095,8.1793282036985477,-6.1797590903627544,8.1793282036985477,-4.9667565072420894,True,False,True,True,False,True
perle,55062,1,51,2600,151,1095,8.4966255808960138,-5.9814896770547747,8.4966255808960138,-4.7024493984674169,True,False,True,True,False,True
perle,55062,1,52,2650,152,1095,8.8139229580934835,-5.7832202637467924,8.8139229580934835,-4.4381422896927418,True,False,True,True,False,True
perle,55062,1,53,2700,153,1095,9.1312203352909496,-5.5849508504388128,9.1312203352909496,-4.1738351809180703,True,False,True,True,False,True
perle,55062,1,54,2750,154,1095,9.4485177124884192,-5.3866814371308314,9.4485177124884192,-3.9095280721433943,True,False,True,True,False,True
perle,55062,1,55,2800,155,1095,9.7658150896858853,-5.1884120238228517,9.7658150896858853,-3.6452209633687223,True,False,True,True,False,True
perle,58244,2,6,350,206,1151,-5.7754003329092383,3.930791943214246,-5.7754003329092383,3.9263283426639135,True,True,False,False,True,False
perle,58244,2,7,400,207,1151,-5.4586926619368965,3.7299904320914194,-5.4586926619368965,3.7221974402543108,True,True,False,False,True,False
perle,58244,2,8,450,208,1151,-5.1419849909645556,3.5291889209685938,-5.1419849909645556,3.5180665378447094,True,True,False,False,True,False
perle,58244,2,9,500,209,1151,-4.8252773199922139,3.3283874098457673,-4.8252773199922139,3.3139356354351071,True,True,False,False,True,False
perle,58244,2,10,550,210,1151,-4.5085696490198721,3.1275858987229408,-4.5085696490198721,3.1098047330255043,True,True,False,False,True,False
perle,58244,2,11,600,211,1151,-4.1918619780475304,2.9267843876001147,-4.1918619780475304,2.905673830615902,True,True,False,False,True,False
perle,58244,2,12,650,212,1151,-3.8751543070751886,2.7259828764772882,-3.8751543070751886,2.7015429282062993,True,True,False,False,True,False
perle,58244,2,13,700,213,1151,-3.5584466361028468,2.5251813653544617,-3.5584466361028468,2.4974120257966974,True,True,False,False,True,False
perle,58244,2,14,750,214,1151,-3.2417389651305051,2.3243798542316352,-3.2417389651305051,2.2932811233870951,True,True,False,False,True,False
perle,58244,2,15,800,215,1151,-2.9250312941581633,2.1235783431088091,-2.9250312941581633,2.0891502209774924,True,True,False,False,True,False
perle,58244,2,16,850,216,1151,-2.6083236231858216,1.9227768319859826,-2.6083236231858216,1.8850193185678901,True,True,False,False,True,False
perle,58244,2,17,900,217,1151,-2.2916159522134807,1.7219753208631567,-2.2916159522134807,1.6808884161582884,True,True,False,False,True,False
perle,58244,2,18,950,218,1151,-1.9749082812411389,1.5211738097403305,-1.9749082812411389,1.4767575137486859,True,True,False,False,True,False
perle,58244,2,19,1000,219,1151,-1.6582006102687972,1.3203722986175039,-1.6582006102687972,1.2726266113390838,True,True,False,False,True,False
perle,58244,2,20,1050,220,1151,-1.3414929392964554,1.1195707874946774,-1.3414929392964554,1.0684957089294809,True,True,False,False,True,False
perle,58244,2,21,1100,221,1151,-1.0247852683241137,0.91876927637185113,-1.0247852683241137,0.86436480651987857,True,True,False,False,True,False
perle,58244,2,22,1150,222,1151,-0.70807759735177189,0.71796776524902461,-0.70807759735177189,0.66023390411027627,True,True,False,False,True,False
perle,58244,2,23,1200,223,1151,-0.39136992637943013,0.51716625412619821,-0.39136992637943013,0.45610300170067414,True,True,False,False,True,False
perle,58244,2,24,1250,224,1151,-0.074662255407089262,0.31636474300337236,-0.074662255407089262,0.25197209929107228,True,True,False,False,True,False
perle,58244,2,25,1300,225,1151,0.2420454155652525,0.11556323188054596,0.2420454155652525,0.047841196881469893,True,True,False,False,True,False
perle,58244,2,26,1350,226,1151,0.55875308653759426,-0.085238279242280446,0.55875308653759426,-0.15628970552813243,True,True,False,False,True,False
perle,58244,2,27,1400,227,1151,0.87546075750993602,-0.28603979036510691,0.87546075750993602,-0.36042060793773462,True,True,False,False,True,False
perle,58244,2,28,1450,228,1151,1.1921684284822778,-0.48684130148793331,1.1921684284822778,-0.56455151034733753,True,True,False,False,True,False
perle,58244,2,29,1500,229,1151,1.5088760994546195,-0.68764281261075966,1.5088760994546195,-0.76868241275693994,True,True,False,False,True,False
perle,58244,2,30,1550,230,1151,1.8255837704269613,-0.88844432373358617,1.8255837704269613,-0.97281331516654268,True,True,False,False,True,False
perle,58244,2,31,1600,231,1151,2.1422914413993031,-1.0892458348564125,2.1422914413993031,-1.1769442175761446,True,True,False,False,True,False
perle,58244,2,32,1650,232,1151,2.4589991123716448,-1.290047345979239,2.4589991123716448,-1.3810751199857474,True,True,False,False,True,False
perle,58244,2,33,1700,233,1151,2.7757067833439866,-1.4908488571020653,2.7757067833439866,-1.5852060223953501,True,True,False,False,True,False
perle,58244,2,34,1750,234,1151,3.0924144543163283,-1.6916503682248918,3.0924144543163283,-1.789336924804952,True,True,False,False,True,False
perle,58244,2,35,1800,235,1151,3.4091221252886683,-1.892451879347717,3.4091221252886683,-1.9934678272145525,True,True,False,False,True,False
perle,58244,2,36,1850,236,1151,3.7258297962610101,-2.0932533904705437,3.7258297962610101,-2.1975987296241537,True,True,False,False,True,False
perle,58244,2,37,1900,237,1151,4.0425374672333518,-2.2940549015933702,4.0425374672333518,-2.4017296320337573,True,True,False,False,True,False
perle,58244,2,38,1950,238,1151,4.3592451382056936,-2.4948564127161967,4.3592451382056936,-2.6058605344433587,True,True,False,False,True,False
perle,58244,2,39,2000,239,1151,4.6759528091780354,-2.6956579238390228,4.6759528091780354,-2.8099914368529615,True,True,False,False,True,False
perle,58244,2,40,2050,240,1151,4.9926604801503771,-2.8964594349618493,4.9926604801503771,-3.0141223392625647,True,True,False,False,True,False
perle,58244,2,41,2100,241,1151,5.3093681511227189,-3.0972609460846758,5.3093681511227189,-3.2182532416721665,True,False,False,False,True,False
perle,58244,2,42,2150,242,1151,5.6260758220950606,-3.2980624572075024,5.6260758220950606,-3.4223841440817688,True,False,True,False,True,False
perle,58244,2,43,2200,243,1151,5.9427834930674024,-3.4988639683303289,5.9427834930674024,-3.6265150464913711,True,False,True,False,True,False
perle,58244,2,44,2250,244,1151,6.2594911640397441,-3.6996654794531549,6.2594911640397441,-3.8306459489009739,True,False,True,False,True,False
perle,58244,2,45,2300,245,1151,6.5761988350120859,-3.9004669905759819,6.5761988350120859,-4.0347768513105757,True,False,True,False,True,False
perle,58244,2,46,2350,246,1151,6.8929065059844277,-4.101268501698808,6.8929065059844277,-4.2389077537201789,True,False,True,False,True,False
perle,58244,2,47,2400,247,1151,7.2096141769567694,-4.302070012821634,7.2096141769567694,-4.4430386561297803,True,False,True,False,True,False
perle,58244,2,48,2450,248,1151,7.5263218479291112,-4.502871523944461,7.5263218479291112,-4.6471695585393835,True,False,True,False,True,False
perle,58244,2,49,2500,249,1151,7.8430295189014512,-4.7036730350672862,7.8430295189014512,-4.8513004609489849,True,False,True,False,True,False
perle,58244,2,50,2550,250,1151,8.1597371898737929,-4.9044745461901122,8.1597371898737929,-5.0554313633585872,True,False,True,False,True,False
perle,58244,2,51,2600,251,1151,8.4764448608461347,-5.1052760573129392,8.4764448608461347,-5.2595622657681904,True,False,True,False,True,False
perle,58244,2,52,2650,252,1151,8.7931525318184764,-5.3060775684357653,8.7931525318184764,-5.4636931681777918,True,False,True,False,True,False
perle,58244,2,53,2700,253,1151,9.1098602027908182,-5.5068790795585914,9.1098602027908182,-5.667824070587395,True,False,True,False,True,False
perle,58244,2,54,2750,254,1151,9.42656787376316,-5.7076805906814183,9.42656787376316,-5.8719549729969964,True,False,True,False,True,False
perle,58244,2,55,2800,255,1151,9.7432755447355017,-5.9084821018042444,9.7432755447355017,-6.0760858754065996,True,False,True,False,True,False
perle,68220,4,6,350,406,1043,-5.3994188829477325,-6.0958629990445852,-5.3994188829477325,-6.0952018500352212,True,True,False,False,True,False
perle,68220,4,7,400,407,1043,-5.1007530863625021,-5.8690965630429064,-5.1007530863625021,-5.8679500441417929,True,True,False,False,True,False
perle,68220,4,8,450,408,1043,-4.8020872897772726,-5.6423301270412276,-4.8020872897772726,-5.6406982382483646,True,True,False,False,True,False
perle,68220,4,9,500,409,1043,-4.5034214931920413,-5.4155636910395488,-4.5034214931920413,-5.4134464323549363,True,True,False,False,True,False
perle,68220,4,10,550,410,1043,-4.2047556966068118,-5.18879725503787,-4.2047556966068118,-5.1861946264615071,True,True,False,False,True,False
perle,68220,4,11,600,411,1043,-3.906089900021581,-4.9620308190361913,-3.906089900021581,-4.9589428205680788,True,True,False,False,True,False
perle,68220,4,12,650,412,1043,-3.6074241034363506,-4.7352643830345125,-3.6074241034363506,-4.7316910146746496,True,True,False,False,True,False
perle,68220,4,13,700,413,1043,-3.3087583068511197,-4.5084979470328337,-3.3087583068511197,-4.5044392087812213,True,True,False,False,True,False
perle,68220,4,14,750,414,1043,-3.0100925102658902,-4.2817315110311549,-3.0100925102658902,-4.277187402887793,True,True,False,False,True,False
perle,68220,4,15,800,415,1043,-2.7114267136806598,-4.0549650750294761,-2.7114267136806598,-4.0499355969943629,True,True,False,False,True,False
perle,68220,4,16,850,416,1043,-2.4127609170954294,-3.8281986390277973,-2.4127609170954294,-3.822683791100935,True,True,False,False,True,False
perle,68220,4,17,900,417,1043,-2.114095120510199,-3.6014322030261186,-2.114095120510199,-3.5954319852075067,True,True,False,False,True,False
perle,68220,4,18,950,418,1043,-1.8154293239249686,-3.3746657670244398,-1.8154293239249686,-3.368180179314078,True,True,False,False,True,False
perle,68220,4,19,1000,419,1043,-1.5167635273397382,-3.147899331022761,-1.5167635273397382,-3.1409283734206488,True,True,False,False,True,False
perle,68220,4,20,1050,420,1043,-1.2180977307545078,-2.9211328950210826,-1.2180977307545078,-2.9136765675272205,True,True,False,False,True,False
perle,68220,4,21,1100,421,1043,-0.91943193416927738,-2.6943664590194039,-0.91943193416927738,-2.6864247616337922,True,True,False,False,True,False
perle,68220,4,22,1150,422,1043,-0.62076613758404697,-2.4676000230177251,-0.62076613758404697,-2.459172955740363,True,True,False,False,True,False
perle,68220,4,23,1200,423,1043,-0.32210034099881657,-2.2408335870160463,-0.32210034099881657,-2.2319211498469342,True,True,False,False,True,False
perle,68220,4,24,1250,424,1043,-0.023434544413586167,-2.0140671510143675,-0.023434544413586167,-2.0046693439535059,True,True,False,False,True,False
perle,68220,4,25,1300,425,1043,0.27523125217164424,-1.7873007150126887,0.27523125217164424,-1.7774175380600767,True,True,False,False,True,False
perle,68220,4,26,1350,426,1043,0.57389704875687464,-1.5605342790110099,0.57389704875687464,-1.550165732166648,True,True,False,False,True,False
perle,68220,4,27,1400,427,1043,0.87256284534210593,-1.3337678430093303,0.87256284534210593,-1.3229139262732188,True,True,False,False,True,False
perle,68220,4,28,1450,428,1043,1.1712286419273354,-1.1070014070076524,1.1712286419273354,-1.0956621203797907,True,True,False,False,True,False
perle,68220,4,29,1500,429,1043,1.469894438512565,-0.88023497100597425,1.469894438512565,-0.86841031448636286,True,True,False,False,True,False
perle,68220,4,30,1550,430,1043,1.7685602350977963,-0.6534685350042948,1.7685602350977963,-0.64115850859293377,True,True,False,False,True,False
perle,68220,4,31,1600,431,1043,2.0672260316830258,-0.42670209900261669,2.0672260316830258,-0.41390670269950519,True,True,False,False,True,False
perle,68220,4,32,1650,432,1043,2.3658918282682571,-0.19993566300093724,2.3658918282682571,-0.18665489680607586,True,True,False,False,True,False
perle,68220,4,33,1700,433,1043,2.6645576248534866,0.026830773000740882,2.6645576248534866,0.040596909087353368,True,True,False,False,True,False
perle,68220,4,34,1750,434,1043,2.9632234214387179,0.25359720900242055,2.9632234214387179,0.26784871498078122,True,True,False,False,True,False
perle,68220,4,35,1800,435,1043,3.2618892180239474,0.48036364500409845,3.2618892180239474,0.49510052087420914,True,True,False,False,True,False
perle,68220,4,36,1850,436,1043,3.5605550146091787,0.70713008100577812,3.5605550146091787,0.72235232676763994,True,True,False,False,True,False
perle,68220,4,37,1900,437,1043,3.8592208111944082,0.93389651700745602,3.8592208111944082,0.94960413266106758,True,True,False,False,True,False
perle,68220,4,38,1950,438,1043,4.1578866077796395,1.1606629530091352,4.1578866077796395,1.1768559385544954,True,True,False,False,True,False
perle,68220,4,39,2000,439,1043,4.456552404364869,1.3874293890108136,4.456552404364869,1.4041077444479233,True,True,False,False,True,False
perle,68220,4,40,2050,440,1043,4.7552182009501003,1.6141958250124928,4.7552182009501003,1.631359550341354,True,True,False,False,True,False
perle,68220,4,41,2100,441,1043,5.0538839975353298,1.8409622610141712,5.0538839975353298,1.8586113562347821,True,True,False,False,True,False
perle,68220,4,42,2150,442,1043,5.3525497941205611,2.0677286970158502,5.3525497941205611,2.0858631621282102,True,False,False,False,True,False
perle,68220,4,43,2200,443,1043,5.6512155907057906,2.2944951330175281,5.6512155907057906,2.3131149680216381,True,False,True,False,True,False
perle,68220,4,44,2250,444,1043,5.9498813872910219,2.5212615690192077,5.9498813872910219,2.5403667739150682,True,False,True,False,True,False
perle,68220,4,45,2300,445,1043,6.2485471838762514,2.7480280050208856,6.2485471838762514,2.7676185798084973,True,False,True,False,True,False
perle,68220,4,46,2350,446,1043,6.5472129804614827,2.9747944410225653,6.5472129804614827,2.9948703857019252,True,False,True,False,True,False
perle,68220,4,47,2400,447,1043,6.8458787770467122,3.2015608770242432,6.8458787770467122,3.2221221915953531,True,False,True,False,True,False
perle,68220,4,48,2450,448,1043,7.1445445736319435,3.4283273130259229,7.1445445736319435,3.449373997488784,True,False,True,False,True,False
perle,68220,4,49,2500,449,1043,7.443210370217173,3.6550937490276008,7.443210370217173,3.6766258033822119,True,False,True,False,True,False
perle,68220,4,50,2550,450,1043,7.7418761668024043,3.8818601850292804,7.7418761668024043,3.9038776092756393,True,False,True,False,True,False
perle,68220,4,51,2600,451,1043,8.0405419633876338,4.1086266210309583,8.0405419633876338,4.1311294151690676,True,False,True,False,True,False
perle,68220,4,52,2650,452,1043,8.3392077599728651,4.335393057032638,8.3392077599728651,4.3583812210624977,True,False,True,False,True,False
perle,68220,4,53,2700,453,1043,8.6378735565580946,4.5621594930343159,8.6378735565580946,4.5856330269559269,True,False,True,False,True,False
perle,68220,4,54,2750,454,1043,8.9365393531433241,4.7889259290359947,8.9365393531433241,4.8128848328493534,True,False,True,False,True,False
perle,68220,4,55,2800,455,1043,9.2352051497285572,5.0156923650376752,9.2352051497285572,5.0401366387427844,True,False,True,False,True,False
perle,68220,4,56,2850,456,1043,9.5338709463137867,5.2424588010393531,9.5338709463137867,5.2673884446362136,True,False,True,False,True,False
perle,68220,4,57,2900,457,1043,9.8325367428990162,5.469225237041031,9.8325367428990162,5.4946402505296419,True,False,True,False,True,False
perle,72780,5,6,350,506,1064,-5.3828563059202255,5.2644807815667019,-5.3828563059202255,5.2644807815667027,True,True,False,True,False,False
perle,72780,5,7,400,507,1064,-5.065460105839918,5.4657188369704066,-5.065460105839918,5.4657188369704075,True,True,False,True,False,False
perle,72780,5,8,450,508,1064,-4.7480639057596115,5.6669568923741096,-4.7480639057596115,5.6669568923741105,True,True,False,True,False,False
perle,72780,5,9,500,509,1064,-4.4306677056793031,5.8681949477778144,-4.4306677056793031,5.8681949477778144,True,True,False,True,False,False
perle,72780,5,10,550,510,1064,-4.1132715055989966,6.0694330031815191,-4.1132715055989966,6.0694330031815182,True,True,False,True,False,False
perle,72780,5,11,600,511,1064,-3.7958753055186891,6.270671058585223,-3.7958753055186891,6.270671058585223,True,True,False,True,False,False
perle,72780,5,12,650,512,1064,-3.4784791054383817,6.4719091139889269,-3.4784791054383817,6.4719091139889269,True,True,False,True,False,False
perle,72780,5,13,700,513,1064,-3.1610829053580742,6.6731471693926316,-3.1610829053580742,6.6731471693926334,True,True,False,True,False,False
perle,72780,5,14,750,514,1064,-2.8436867052777668,6.8743852247963364,-2.8436867052777668,6.8743852247963364,True,True,False,True,False,False
perle,72780,5,15,800,515,1064,-2.5262905051974593,7.0756232802000403,-2.5262905051974593,7.0756232802000394,True,True,False,True,False,False
perle,72780,5,16,850,516,1064,-2.2088943051171528,7.2768613356037442,-2.2088943051171528,7.2768613356037424,True,True,False,True,False,False
perle,72780,5,17,900,517,1064,-1.8914981050368453,7.478099391007448,-1.8914981050368453,7.478099391007448,True,True,False,True,False,False
perle,72780,5,18,950,518,1064,-1.5741019049565379,7.6793374464111528,-1.5741019049565379,7.6793374464111519,True,True,False,True,False,False
perle,72780,5,19,1000,519,1064,-1.2567057048762305,7.8805755018148567,-1.2567057048762305,7.8805755018148593,True,True,False,True,False,False
perle,72780,5,20,1050,520,1064,-0.93930950479592301,8.0818135572185614,-0.93930950479592301,8.0818135572185614,True,True,False,True,False,False
perle,72780,5,21,1100,521,1064,-0.62191330471561557,8.2830516126222662,-0.62191330471561557,8.283051612622268,True,True,False,True,False,False
perle,72780,5,22,1150,522,1064,-0.30451710463530812,8.4842896680259692,-0.30451710463530812,8.4842896680259674,True,True,False,True,False,False
perle,72780,5,23,1200,523,1064,0.012879095444998434,8.6855277234296739,0.012879095444998434,8.6855277234296722,True,True,False,True,False,False
perle,72780,5,24,1250,524,1064,0.33027529552530588,8.8867657788333787,0.33027529552530588,8.8867657788333769,True,True,False,True,False,False
perle,72780,5,25,1300,525,1064,0.64767149560561332,9.0880038342370817,0.64767149560561332,9.0880038342370835,True,True,False,True,False,False
perle,72780,5,26,1350,526,1064,0.96506769568591988,9.2892418896407865,0.96506769568591988,9.2892418896407865,True,True,False,True,False,False
perle,72780,5,27,1400,527,1064,1.2824638957662282,9.4904799450444912,1.2824638957662282,9.4904799450444894,True,True,False,True,False,False
perle,72780,5,28,1450,528,1064,1.5998600958465348,9.6917180004481942,1.5998600958465348,9.6917180004481924,True,True,False,True,False,False
perle,72780,5,29,1500,529,1064,1.9172562959268431,9.746576520337042,1.9172562959268431,9.7580669419998909,True,True,False,True,False,True
perle,72780,5,30,1550,530,1064,2.2346524960071497,9.5482453554750304,2.2346524960071497,9.5911009458289751,True,True,False,True,False,True
perle,72780,5,31,1600,531,1064,2.552048696087458,9.3499141906130188,2.552048696087458,9.4241349496580593,True,True,False,True,False,True
perle,72780,5,32,1650,532,1064,2.8694448961677645,9.1515830257510071,2.8694448961677645,9.2571689534871453,True,True,False,True,False,True
perle,72780,5,33,1700,533,1064,3.1868410962480711,8.9532518608889955,3.1868410962480711,9.0902029573162295,True,True,False,True,False,True
perle,72780,5,34,1750,534,1064,3.5042372963283794,8.7549206960269821,3.5042372963283794,8.9232369611453155,True,True,False,True,False,True
perle,72780,5,35,1800,535,1064,3.821633496408686,8.5565895311649722,3.821633496408686,8.7562709649744033,True,True,False,True,False,True
perle,72780,5,36,1850,536,1064,4.1390296964889943,8.3582583663029588,4.1390296964889943,8.5893049688034857,True,True,False,True,False,True
perle,72780,5,37,1900,537,1064,4.4564258965693009,8.1599272014409472,4.4564258965693009,8.4223389726325717,True,True,False,True,False,True
perle,72780,5,38,1950,538,1064,4.7738220966496092,7.9615960365789356,4.7738220966496092,8.2553729764616577,True,True,False,True,False,True
perle,72780,5,39,2000,539,1064,5.0912182967299158,7.7632648717169239,5.0912182967299158,8.0884069802907437,True,False,False,True,False,True
perle,72780,5,40,2050,540,1064,5.4086144968102223,7.5649337068549123,5.4086144968102223,7.9214409841198279,True,False,True,True,False,True
perle,72780,5,41,2100,541,1064,5.7260106968905307,7.3666025419929007,5.7260106968905307,7.7544749879489139,True,False,True,True,False,True
perle,72780,5,42,2150,542,1064,6.0434068969708372,7.168271377130889,6.0434068969708372,7.587508991777999,True,False,True,True,False,True
perle,72780,5,43,2200,543,1064,6.3608030970511455,6.9699402122688756,6.3608030970511455,7.4205429956070841,True,False,True,True,False,True
perle,72780,5,44,2250,544,1064,6.6781992971314521,6.7716090474068649,6.6781992971314521,7.2535769994361701,True,False,True,True,False,True
perle,72780,5,45,2300,545,1064,6.9955954972117604,6.5732778825448523,6.9955954972117604,7.0866110032652543,True,False,True,True,False,True
perle,72780,5,46,2350,546,1064,7.312991697292067,6.3749467176828407,7.312991697292067,6.9196450070943412,True,False,True,True,False,True
perle,72780,5,47,2400,547,1064,7.6303878973723736,6.1766155528208291,7.6303878973723736,6.7526790109234271,True,False,True,True,False,True
perle,72780,5,48,2450,548,1064,7.9477840974526819,5.9782843879588166,7.9477840974526819,6.5857130147525114,True,False,True,True,False,True
perle,72780,5,49,2500,549,1064,8.2651802975329893,5.7799532230968049,8.2651802975329893,6.4187470185815965,True,False,True,True,False,True
perle,72780,5,50,2550,550,1064,8.5825764976132959,5.5816220582347933,8.5825764976132959,6.2517810224106816,True,False,True,True,False,True
perle,72780,5,51,2600,551,1064,8.8999726976936024,5.3832908933727825,8.8999726976936024,6.0848150262397667,True,False,True,True,False,True
perle,72780,5,52,2650,552,1064,9.217368897773909,5.1849597285107709,9.217368897773909,5.9178490300688527,True,False,True,True,False,True
perle,72780,5,53,2700,553,1064,9.5347650978542156,4.9866285636487593,9.5347650978542156,5.7508830338979386,True,False,True,True,False,True
perle,72780,5,54,2750,554,1064,9.8521612979345257,4.7882973987867459,9.8521612979345257,5.5839170377270237,True,False,True,True,False,True
perle,77046,6,6,350,606,1081,-5.1655038084607519,-2.544644523357634,-5.1655038084607519,-2.5403836559082364,True,True,False,False,True,False
perle,77046,6,7,400,607,1081,-4.842203501364529,-2.3546394219984812,-4.842203501364529,-2.3472080990069881,True,True,False,False,True,False
perle,77046,6,8,450,608,1081,-4.5189031942683062,-2.1646343206393288,-4.5189031942683062,-2.1540325421057398,True,True,False,False,True,False
perle,77046,6,9,500,609,1081,-4.1956028871720843,-1.9746292192801769,-4.1956028871720843,-1.9608569852044915,True,True,False,False,True,False
perle,77046,6,10,550,610,1081,-3.8723025800758619,-1.7846241179210245,-3.8723025800758619,-1.767681428303244,True,True,False,False,True,False
perle,77046,6,11,600,611,1081,-3.5490022729796391,-1.5946190165618721,-3.5490022729796391,-1.5745058714019962,True,True,False,False,True,False
perle,77046,6,12,650,612,1081,-3.2257019658834167,-1.4046139152027202,-3.2257019658834167,-1.3813303145007483,True,True,False,False,True,False
perle,77046,6,13,700,613,1081,-2.9024016587871939,-1.2146088138435673,-2.9024016587871939,-1.1881547575995,True,True,False,False,True,False
perle,77046,6,14,750,614,1081,-2.579101351690972,-1.0246037124844154,-2.579101351690972,-0.99497920069825252,True,True,False,False,True,False
perle,77046,6,15,800,615,1081,-2.2558010445947492,-0.83459861112526312,-2.2558010445947492,-0.80180364379700442,True,True,False,False,True,False
perle,77046,6,16,850,616,1081,-1.9325007374985272,-0.64459350976611096,-1.9325007374985272,-0.60862808689575676,True,True,False,False,True,False
perle,77046,6,17,900,617,1081,-1.6092004304023044,-0.45458840840695858,-1.6092004304023044,-0.41545252999450838,True,True,False,False,True,False
perle,77046,6,18,950,618,1081,-1.2859001233060816,-0.26458330704780597,-1.2859001233060816,-0.22227697309326042,True,True,False,False,True,False
perle,77046,6,19,1000,619,1081,-0.96259981620985968,-0.074578205688654031,-0.96259981620985968,-0.029101416192012567,True,True,False,False,True,False
perle,77046,6,20,1050,620,1081,-0.63929950911363687,0.11542689567049846,-0.63929950911363687,0.16407414070923529,True,True,False,False,True,False
perle,77046,6,21,1100,621,1081,-0.31599920201741494,0.30543199702965046,-0.31599920201741494,0.35724969761048314,True,True,False,False,True,False
perle,77046,6,22,1150,622,1081,0.0073011050788078791,0.49543709838880295,0.0073011050788078791,0.55042525451173097,True,True,False,False,True,False
perle,77046,6,23,1200,623,1081,0.3306014121750307,0.68544219974795551,0.3306014121750307,0.7436008114129794,True,True,False,False,True,False
perle,77046,6,24,1250,624,1081,0.65390171927125351,0.875447301107108,0.65390171927125351,0.93677636831422784,True,True,False,False,True,False
perle,77046,6,25,1300,625,1081,0.97720202636747544,1.0654524024662599,0.97720202636747544,1.1299519252154753,True,True,False,False,True,False
perle,77046,6,26,1350,626,1081,1.3005023334636974,1.2554575038254119,1.3005023334636974,1.3231274821167232,True,True,False,False,True,False
perle,77046,6,27,1400,627,1081,1.6238026405599211,1.4454626051845649,1.6238026405599211,1.5163030390179715,True,True,False,False,True,False
perle,77046,6,28,1450,628,1081,1.947102947656143,1.6354677065437171,1.947102947656143,1.7094785959192194,True,True,False,False,True,False
perle,77046,6,29,1500,629,1081,2.2704032547523649,1.825472807902869,2.2704032547523649,1.9026541528204668,True,True,False,False,True,False
perle,77046,6,30,1550,630,1081,2.5937035618485886,2.0154779092620219,2.5937035618485886,2.0958297097217158,True,True,False,False,True,False
perle,77046,6,31,1600,631,1081,2.9170038689448106,2.2054830106211738,2.9170038689448106,2.2890052666229628,True,True,False,False,True,False
perle,77046,6,32,1650,632,1081,3.2403041760410325,2.3954881119803257,3.2403041760410325,2.4821808235242102,True,True,False,False,True,False
perle,77046,6,33,1700,633,1081,3.5636044831372544,2.5854932133394781,3.5636044831372544,2.6753563804254585,True,True,False,False,True,False
perle,77046,6,34,1750,634,1081,3.8869047902334781,2.775498314698631,3.8869047902334781,2.8685319373267073,True,True,False,False,True,False
perle,77046,6,35,1800,635,1081,4.2102050973297001,2.9655034160577829,4.2102050973297001,3.0617074942279543,True,True,False,False,True,False
perle,77046,6,36,1850,636,1081,4.533505404425922,3.1555085174169348,4.533505404425922,3.2548830511292022,True,True,False,False,True,False
perle,77046,6,37,1900,637,1081,4.8568057115221457,3.3455136187760881,4.8568057115221457,3.4480586080304514,True,True,False,False,True,False
perle,77046,6,38,1950,638,1081,5.1801060186183676,3.53551872013524,5.1801060186183676,3.6412341649316984,True,False,False,False,True,False
perle,77046,6,39,2000,639,1081,5.5034063257145895,3.725523821494392,5.5034063257145895,3.8344097218329463,True,False,True,False,True,False
perle,77046,6,40,2050,640,1081,5.8267066328108132,3.9155289228535453,5.8267066328108132,4.0275852787341959,True,False,True,False,True,False
perle,77046,6,41,2100,641,1081,6.1500069399070352,4.1055340242126972,6.1500069399070352,4.2207608356354429,True,False,True,False,True,False
perle,77046,6,42,2150,642,1081,6.4733072470032571,4.2955391255718487,6.4733072470032571,4.4139363925366899,True,False,True,False,True,False
perle,77046,6,43,2200,643,1081,6.796607554099479,4.4855442269310011,6.796607554099479,4.6071119494379369,True,False,True,False,True,False
perle,77046,6,44,2250,644,1081,7.1199078611957027,4.6755493282901535,7.1199078611957027,4.8002875063391865,True,False,True,False,True,False
perle,77046,6,45,2300,645,1081,7.4432081682919247,4.8655544296493058,7.4432081682919247,4.9934630632404344,True,False,True,False,True,False
perle,77046,6,46,2350,646,1081,7.7665084753881466,5.0555595310084573,7.7665084753881466,5.1866386201416814,True,False,True,False,True,False
perle,77046,6,47,2400,647,1081,8.0898087824843703,5.2455646323676106,8.0898087824843703,5.3798141770429293,True,False,True,False,True,False
perle,77046,6,48,2450,648,1081,8.4131090895805922,5.435569733726763,8.4131090895805922,5.572989733944179,True,False,True,False,True,False
perle,77046,6,49,2500,649,1081,8.7364093966768159,5.6255748350859154,8.7364093966768159,5.7661652908454268,True,False,True,False,True,False
perle,77046,6,50,2550,650,1081,9.0597097037730379,5.8155799364450678,9.0597097037730379,5.9593408477466747,True,False,True,False,True,False
perle,77046,6,51,2600,651,1081,9.3830100108692598,6.0055850378042193,9.3830100108692598,6.1525164046479226,True,False,True,False,True,False
perle,77046,6,52,2650,652,1081,9.7063103179654817,6.1955901391633716,9.7063103179654817,6.3456919615491696,True,False,True,False,True,False
perle,77944,7,6,350,706,1123,-5.1496649588289651,-0.3747132402651574,-5.1496649588289651,-0.38399351795436593,True,True,False,False,True,False
perle,77944,7,7,400,707,1123,-4.8142915314212651,-0.20693776672371555,-4.8142915314212651,-0.2231292111539315,True,True,False,False,True,False
perle,77944,7,8,450,708,1123,-4.4789181040135642,-0.039162293182273711,-4.4789181040135642,-0.062264904353496631,True,True,False,False,True,False
perle,77944,7,9,500,709,1123,-4.1435446766058632,0.12861318035916858,-4.1435446766058632,0.098599402446938184,True,True,False,False,True,False
perle,77944,7,10,550,710,1123,-3.8081712491981623,0.29638865390061087,-3.8081712491981623,0.259463709247373,True,True,False,False,True,False
perle,77944,7,11,600,711,1123,-3.4727978217904614,0.46416412744205315,-3.4727978217904614,0.42032801604780778,True,True,False,False,True,False
perle,77944,7,12,650,712,1123,-3.1374243943827604,0.63193960098349522,-3.1374243943827604,0.58119232284824274,True,True,False,False,True,False
perle,77944,7,13,700,713,1123,-2.8020509669750595,0.79971507452493751,-2.8020509669750595,0.74205662964867769,True,True,False,False,True,False
perle,77944,7,14,750,714,1123,-2.4666775395673595,0.96749054806637913,-2.4666775395673595,0.90292093644911187,True,True,False,False,True,False
perle,77944,7,15,800,715,1123,-2.1313041121596585,1.1352660216078214,-2.1313041121596585,1.0637852432495469,True,True,False,False,True,False
perle,77944,7,16,850,716,1123,-1.7959306847519576,1.3030414951492637,-1.7959306847519576,1.2246495500499817,True,True,False,False,True,False
perle,77944,7,17,900,717,1123,-1.4605572573442567,1.470816968690706,-1.4605572573442567,1.3855138568504164,True,True,False,False,True,False
perle,77944,7,18,950,718,1123,-1.1251838299365557,1.6385924422321481,-1.1251838299365557,1.5463781636508509,True,True,False,False,True,False
perle,77944,7,19,1000,719,1123,-0.78981040252885482,1.8063679157735901,-0.78981040252885482,1.7072424704512863,True,True,False,False,True,False
perle,77944,7,20,1050,720,1123,-0.45443697512115477,1.974143389315032,-0.45443697512115477,1.8681067772517206,True,True,False,False,True,False
perle,77944,7,21,1100,721,1123,-0.11906354771345384,2.1419188628564743,-0.11906354771345384,2.0289710840521553,True,True,False,False,True,False
perle,77944,7,22,1150,722,1123,0.21630987969424709,2.3096943363979165,0.21630987969424709,2.1898353908525903,True,True,False,False,True,False
perle,77944,7,23,1200,723,1123,0.55168330710194802,2.4774698099393584,0.55168330710194802,2.3506996976530252,True,True,False,False,True,False
perle,77944,7,24,1250,724,1123,0.88705673450964895,2.6452452834808007,0.88705673450964895,2.5115640044534597,True,True,False,False,True,False
perle,77944,7,25,1300,725,1123,1.2224301619173499,2.813020757022243,1.2224301619173499,2.6724283112538951,True,True,False,False,True,False
perle,77944,7,26,1350,726,1123,1.5578035893250508,2.9807962305636853,1.5578035893250508,2.8332926180543292,True,True,False,False,True,False
perle,77944,7,27,1400,727,1123,1.8931770167327517,3.1485717041051275,1.8931770167327517,2.9941569248547646,True,True,False,False,True,False
perle,77944,7,28,1450,728,1123,2.2285504441404509,3.3163471776465689,2.2285504441404509,3.1550212316551982,True,True,False,False,True,False
perle,77944,7,29,1500,729,1123,2.5639238715481518,3.4841226511880108,2.5639238715481518,3.3158855384556332,True,True,False,False,True,False
perle,77944,7,30,1550,730,1123,2.8992972989558528,3.6518981247294531,2.8992972989558528,3.4767498452560677,True,True,False,False,True,False
perle,77944,7,31,1600,731,1123,3.2346707263635537,3.8196735982708954,3.2346707263635537,3.6376141520565031,True,True,False,False,True,False
perle,77944,7,32,1650,732,1123,3.5700441537712546,3.9874490718123372,3.5700441537712546,3.7984784588569371,True,True,False,False,True,False
perle,77944,7,33,1700,733,1123,3.9054175811789555,4.1552245453537795,3.9054175811789555,3.9593427656573721,True,True,False,False,True,False
perle,77944,7,34,1750,734,1123,4.2407910085866565,4.3230000188952218,4.2407910085866565,4.1202070724578066,True,True,False,False,True,False
perle,77944,7,35,1800,735,1123,4.5761644359943574,4.4907754924366641,4.5761644359943574,4.2810713792582415,True,True,False,False,True,False
perle,77944,7,36,1850,736,1123,4.9115378634020583,4.6585509659781064,4.9115378634020583,4.4419356860586783,True,True,False,False,True,False
perle,77944,7,37,1900,737,1123,5.2469112908097593,4.8263264395195487,5.2469112908097593,4.6027999928591123,True,False,False,False,True,False
perle,77944,7,38,1950,738,1123,5.5822847182174602,4.9941019130609909,5.5822847182174602,4.7636642996595464,True,False,True,False,True,False
perle,77944,7,39,2000,739,1123,5.9176581456251611,5.1618773866024323,5.9176581456251611,4.9245286064599814,True,False,True,False,True,False
perle,77944,7,40,2050,740,1123,6.2530315730328603,5.3296528601438737,6.2530315730328603,5.0853929132604154,True,False,True,False,True,False
perle,77944,7,41,2100,741,1123,6.5884050004405612,5.4974283336853169,6.5884050004405612,5.2462572200608504,True,False,True,False,True,False
perle,77944,7,42,2150,742,1123,6.9237784278482621,5.6652038072267583,6.9237784278482621,5.4071215268612853,True,False,True,False,True,False
perle,77944,7,43,2200,743,1123,7.2591518552559631,5.8329792807682006,7.2591518552559631,5.5679858336617203,True,False,True,False,True,False
perle,77944,7,44,2250,744,1123,7.594525282663664,6.0007547543096429,7.594525282663664,5.7288501404621544,True,False,True,False,True,False
perle,77944,7,45,2300,745,1123,7.9298987100713649,6.1685302278510852,7.9298987100713649,5.8897144472625893,True,False,True,False,True,False
perle,77944,7,46,2350,746,1123,8.2652721374790659,6.3363057013925275,8.2652721374790659,6.0505787540630251,True,False,True,False,True,False
perle,77944,7,47,2400,747,1123,8.6006455648867668,6.5040811749339698,8.6006455648867668,6.2114430608634601,True,False,True,False,True,False
perle,77944,7,48,2450,748,1123,8.9360189922944659,6.6718566484754112,8.9360189922944659,6.3723073676638942,True,False,True,False,True,False
perle,77944,7,49,2500,749,1123,9.2713924197021687,6.8396321220168543,9.2713924197021687,6.5331716744643282,True,False,True,False,True,False
perle,77944,7,50,2550,750,1123,9.6067658471098678,7.0074075955582948,9.6067658471098678,6.6940359812647632,True,False,True,False,True,False
perle,90751,8,6,350,806,1095,-4.8186695771027468,-6.2677007195808496,-4.8186695771027468,-6.2790093200472068,True,True,False,False,True,False
perle,90751,8,7,400,807,1095,-4.5359743593499093,-6.0213142785419853,-4.5359743593499093,-6.0410463233462153,True,True,False,False,True,False
perle,90751,8,8,450,808,1095,-4.2532791415970719,-5.774927837503121,-4.2532791415970719,-5.8030833266452246,True,True,False,False,True,False
perle,90751,8,9,500,809,1095,-3.9705839238442349,-5.5285413964642558,-3.9705839238442349,-5.5651203299442349,True,True,False,False,True,False
perle,90751,8,10,550,810,1095,-3.6878887060913974,-5.2821549554253915,-3.6878887060913974,-5.3271573332432434,True,True,False,False,True,False
perle,90751,8,11,600,811,1095,-3.4051934883385604,-5.0357685143865272,-3.4051934883385604,-5.0891943365422545,True,True,False,False,True,False
perle,90751,8,12,650,812,1095,-3.1224982705857229,-4.789382073347662,-3.1224982705857229,-4.851231339841263,True,True,False,False,True,False
perle,90751,8,13,700,813,1095,-2.8398030528328859,-4.5429956323087977,-2.8398030528328859,-4.6132683431402732,True,True,False,False,True,False
perle,90751,8,14,750,814,1095,-2.5571078350800489,-4.2966091912699333,-2.5571078350800489,-4.3753053464392826,True,True,False,False,True,False
perle,90751,8,15,800,815,1095,-2.2744126173272114,-4.050222750231069,-2.2744126173272114,-4.137342349738292,True,True,False,False,True,False
perle,90751,8,16,850,816,1095,-1.991717399574374,-3.8038363091922038,-1.991717399574374,-3.8993793530373013,True,True,False,False,True,False
perle,90751,8,17,900,817,1095,-1.7090221818215365,-3.5574498681533395,-1.7090221818215365,-3.6614163563363111,True,True,False,False,True,False
perle,90751,8,18,950,818,1095,-1.4263269640687,-3.3110634271144752,-1.4263269640687,-3.4234533596353209,True,True,False,False,True,False
perle,90751,8,19,1000,819,1095,-1.1436317463158625,-3.0646769860756105,-1.1436317463158625,-3.1854903629343303,True,True,False,False,True,False
perle,90751,8,20,1050,820,1095,-0.86093652856302505,-2.8182905450367457,-0.86093652856302505,-2.9475273662333397,True,True,False,False,True,False
perle,90751,8,21,1100,821,1095,-0.57824131081018759,-2.5719041039978809,-0.57824131081018759,-2.709564369532349,True,True,False,False,True,False
perle,90751,8,22,1150,822,1095,-0.29554609305735102,-2.3255176629590171,-0.29554609305735102,-2.4716013728313593,True,True,False,False,True,False
perle,90751,8,23,1200,823,1095,-0.012850875304513565,-2.0791312219201523,-0.012850875304513565,-2.2336383761303686,True,True,False,False,True,False
perle,90751,8,24,1250,824,1095,0.26984434244832389,-1.8327447808812876,0.26984434244832389,-1.995675379429378,True,True,False,False,True,False
perle,90751,8,25,1300,825,1095,0.55253956020116135,-1.5863583398424228,0.55253956020116135,-1.7577123827283871,True,True,False,False,True,False
perle,90751,8,26,1350,826,1095,0.83523477795399792,-1.3399718988035589,0.83523477795399792,-1.5197493860273974,True,True,False,False,True,False
perle,90751,8,27,1400,827,1095,1.1179299957068354,-1.0935854577646942,1.1179299957068354,-1.2817863893264068,True,True,False,False,True,False
perle,90751,8,28,1450,828,1095,1.4006252134596728,-0.84719901672582942,1.4006252134596728,-1.0438233926254155,True,True,False,False,True,False
perle,90751,8,29,1500,829,1095,1.6833204312125094,-0.60081257568696533,1.6833204312125094,-0.80586039592442549,True,True,False,False,True,False
perle,90751,8,30,1550,830,1095,1.9660156489653478,-0.35442613464809991,1.9660156489653478,-0.56789739922343418,True,True,False,False,True,False
perle,90751,8,31,1600,831,1095,2.2487108667181843,-0.10803969360923604,2.2487108667181843,-0.32993440252244438,True,True,False,False,True,False
perle,90751,8,32,1650,832,1095,2.5314060844710209,0.13834674742962783,2.5314060844710209,-0.091971405821454799,True,True,False,False,True,False
perle,90751,8,33,1700,833,1095,2.8141013022238592,0.38473318846849347,2.8141013022238592,0.1459915908795367,True,True,False,False,True,False
perle,90751,8,34,1750,834,1095,3.0967965199766958,0.63111962950735734,3.0967965199766958,0.38395458758052675,True,True,False,False,True,False
perle,90751,8,35,1800,835,1095,3.3794917377295342,0.87750607054622298,3.3794917377295342,0.62191758428151789,True,True,False,False,True,False
perle,90751,8,36,1850,836,1095,3.6621869554823707,1.1238925115850869,3.6621869554823707,0.85988058098250786,True,True,False,False,True,False
perle,90751,8,37,1900,837,1095,3.9448821732352073,1.3702789526239512,3.9448821732352073,1.0978435776834976,True,True,False,False,True,False
perle,90751,8,38,1950,838,1095,4.2275773909880456,1.6166653936628164,4.2275773909880456,1.3358065743844889,True,True,False,False,True,False
perle,90751,8,39,2000,839,1095,4.5102726087408822,1.8630518347016802,4.5102726087408822,1.5737695710854791,True,True,False,False,True,False
perle,90751,8,40,2050,840,1095,4.7929678264937188,2.1094382757405441,4.7929678264937188,1.8117325677864689,True,True,False,False,True,False
perle,90751,8,41,2100,841,1095,5.0756630442465571,2.3558247167794102,5.0756630442465571,2.0496955644874606,True,True,False,False,True,False
perle,90751,8,42,2150,842,1095,5.3583582619993937,2.6022111578182736,5.3583582619993937,2.2876585611884499,True,False,False,False,True,False
perle,90751,8,43,2200,843,1095,5.641053479752232,2.8485975988571397,5.641053479752232,2.5256215578894419,True,False,True,False,True,False
perle,90751,8,44,2250,844,1095,5.9237486975050686,3.0949840398960031,5.9237486975050686,2.7635845545904312,True,False,True,False,True,False
perle,90751,8,45,2300,845,1095,6.2064439152579052,3.3413704809348674,6.2064439152579052,3.0015475512914214,True,False,True,False,True,False
perle,90751,8,46,2350,846,1095,6.4891391330107435,3.5877569219737326,6.4891391330107435,3.2395105479924124,True,False,True,False,True,False
perle,90751,8,47,2400,847,1095,6.7718343507635801,3.834143363012597,6.7718343507635801,3.4774735446934026,True,False,True,False,True,False
perle,90751,8,48,2450,848,1095,7.0545295685164184,4.0805298040514622,7.0545295685164184,3.7154365413943937,True,False,True,False,True,False
perle,90751,8,49,2500,849,1095,7.337224786269255,4.3269162450903265,7.337224786269255,3.9533995380953835,True,False,True,False,True,False
perle,90751,8,50,2550,850,1095,7.6199200040220916,4.5733026861291899,7.6199200040220916,4.1913625347963732,True,False,True,False,True,False
perle,90751,8,51,2600,851,1095,7.9026152217749299,4.819689127168056,7.9026152217749299,4.4293255314973647,True,False,True,False,True,False
perle,90751,8,52,2650,852,1095,8.1853104395277665,5.0660755682069194,8.1853104395277665,4.6672885281983545,True,False,True,False,True,False
perle,90751,8,53,2700,853,1095,8.4680056572806031,5.3124620092457837,8.4680056572806031,4.9052515248993442,True,False,True,False,True,False
perle,90751,8,54,2750,854,1095,8.7507008750334414,5.5588484502846489,8.7507008750334414,5.1432145216003367,True,False,True,False,True,False
perle,90751,8,55,2800,855,1095,9.033396092786278,5.8052348913235132,9.033396092786278,5.3811775183013255,True,False,True,False,True,False
perle,90751,8,56,2850,856,1095,9.3160913105391145,6.0516213323623766,9.3160913105391145,5.619140515002317,True,False,True,False,True,False
perle,90751,8,57,2900,857,1095,9.5987865282919529,6.2980077734012418,9.5987865282919529,5.8571035117033077,True,False,True,False,True,False
perle,90751,8,58,2950,858,1095,9.8814817460447912,6.5443942144401088,9.8814817460447912,6.0950665084042992,True,False,True,False,True,False
perle,93053,9,6,350,906,1034,-4.8002201533538802,-1.5035380669491429,-4.8002201533538802,-1.5035380669491434,True,True,False,True,False,False
perle,93053,9,7,400,907,1034,-4.5014279668356316,-1.7303998784258217,-4.5014279668356316,-1.7303998784258214,True,True,False,True,False,False
perle,93053,9,8,450,908,1034,-4.2026357803173839,-1.9572616899025004,-4.2026357803173839,-1.9572616899025013,True,True,False,True,False,False
perle,93053,9,9,500,909,1034,-3.9038435937991363,-2.1841235013791787,-3.9038435937991363,-2.1841235013791791,True,True,False,True,False,False
perle,93053,9,10,550,910,1034,-3.6050514072808881,-2.4109853128558574,-3.6050514072808881,-2.4109853128558574,True,True,False,True,False,False
perle,93053,9,11,600,911,1034,-3.3062592207626404,-2.6378471243325357,-3.3062592207626404,-2.6378471243325361,True,True,False,True,False,False
perle,93053,9,12,650,912,1034,-3.0074670342443923,-2.8647089358092144,-3.0074670342443923,-2.8647089358092139,True,True,False,True,False,False
perle,93053,9,13,700,913,1034,-2.7086748477261446,-3.0915707472858931,-2.7086748477261446,-3.0915707472858927,True,True,False,True,False,False
perle,93053,9,14,750,914,1034,-2.409882661207897,-3.3184325587625714,-2.409882661207897,-3.3184325587625718,True,True,False,True,False,False
perle,93053,9,15,800,915,1034,-2.1110904746896484,-3.5452943702392501,-2.1110904746896484,-3.5452943702392496,True,True,False,True,False,False
perle,93053,9,16,850,916,1034,-1.8122982881714007,-3.7721561817159288,-1.8122982881714007,-3.7721561817159284,True,True,False,True,False,False
perle,93053,9,17,900,917,1034,-1.513506101653153,-3.9990179931926071,-1.513506101653153,-3.9990179931926075,True,True,False,True,False,False
perle,93053,9,18,950,918,1034,-1.2147139151349053,-4.2258798046692858,-1.2147139151349053,-4.2258798046692849,True,True,False,True,False,False
perle,93053,9,19,1000,919,1034,-0.91592172861665766,-4.4527416161459641,-0.91592172861665766,-4.4527416161459641,True,True,False,True,False,False
perle,93053,9,20,1050,920,1034,-0.61712954209840909,-4.6796034276226433,-0.61712954209840909,-4.6796034276226433,True,True,False,True,False,False
perle,93053,9,21,1100,921,1034,-0.31833735558016141,-4.9064652390993215,-0.31833735558016141,-4.9064652390993198,True,True,False,True,False,False
perle,93053,9,22,1150,922,1034,-0.019545169061913725,-5.1333270505759998,-0.019545169061913725,-5.1333270505759998,True,True,False,True,False,False
perle,93053,9,23,1200,923,1034,0.27924701745633396,-5.3601888620526781,0.27924701745633396,-5.3601888620526799,True,True,False,True,False,False
perle,93053,9,24,1250,924,1034,0.57803920397458164,-5.5870506735293564,0.57803920397458164,-5.5870506735293572,True,True,False,True,False,False
perle,93053,9,25,1300,925,1034,0.87683139049283021,-5.8139124850060355,0.87683139049283021,-5.8139124850060337,True,True,False,True,False,False
perle,93053,9,26,1350,926,1034,1.175623577011077,-6.0407742964827138,1.175623577011077,-6.0407742964827138,True,True,False,True,False,False
perle,93053,9,27,1400,927,1034,1.4744157635293256,-6.2676361079593921,1.4744157635293256,-6.2676361079593912,True,True,False,True,False,False
perle,93053,9,28,1450,928,1034,1.7732079500475741,-6.4944979194360712,1.7732079500475741,-6.4944979194360712,True,True,False,True,False,False
perle,93053,9,29,1500,929,1034,2.0720001365658209,-6.7213597309127495,2.0720001365658209,-6.7213597309127513,True,True,False,True,False,False
perle,93053,9,30,1550,930,1034,2.3707923230840695,-6.9482215423894287,2.3707923230840695,-6.9482215423894287,True,True,False,True,False,False
perle,93053,9,31,1600,931,1034,2.6695845096023181,-7.175083353866107,2.6695845096023181,-7.1750833538661105,True,True,False,True,False,False
perle,93053,9,32,1650,932,1034,2.9683766961205649,-7.4019451653427852,2.9683766961205649,-7.4019451653427835,True,True,False,True,False,False
perle,93053,9,33,1700,933,1034,3.2671688826388134,-7.6288069768194644,3.2671688826388134,-7.6288069768194626,True,True,False,True,False,False
perle,93053,9,34,1750,934,1034,3.5659610691570602,-7.8556687882961427,3.5659610691570602,-7.8556687882961427,True,True,False,True,False,False
perle,93053,9,35,1800,935,1034,3.8647532556753088,-8.0825305997728201,3.8647532556753088,-8.0825305997728201,True,True,False,True,False,False
perle,93053,9,36,1850,936,1034,4.1635454421935574,-8.309392411249501,4.1635454421935574,-8.3093924112495046,True,True,False,True,False,False
perle,93053,9,37,1900,937,1034,4.4623376287118042,-8.5362542227261784,4.4623376287118042,-8.5362542227261748,True,True,False,True,False,False
perle,93053,9,38,1950,938,1034,4.7611298152300527,-8.7631160342028576,4.7611298152300527,-8.7631160342028558,True,True,False,True,False,False
perle,93053,9,39,2000,939,1034,5.0599220017482995,-8.989977845679535,5.0599220017482995,-8.9899778456795367,True,False,False,True,False,False
perle,93053,9,40,2050,940,1034,5.3587141882665481,-9.2168396571562141,5.3587141882665481,-9.2168396571562141,True,False,True,True,False,False
perle,93053,9,41,2100,941,1034,5.6575063747847967,-9.4437014686328933,5.6575063747847967,-9.4437014686328915,True,False,True,True,False,False
perle,93053,9,42,2150,942,1034,5.9562985613030435,-9.6705632801095707,5.9562985613030435,-9.6705632801095724,True,False,True,True,False,False
perle,93053,9,43,2200,943,1034,6.255090747821292,-9.7375717619117523,6.255090747821292,-9.6971787043918294,True,False,True,True,False,True
perle,93053,9,44,2250,944,1034,6.5538829343395388,-9.5124157158149529,6.5538829343395388,-9.3578030586271606,True,False,True,True,False,True
perle,93053,9,45,2300,945,1034,6.8526751208577874,-9.28725966971815,6.8526751208577874,-9.0184274128624882,True,False,True,True,False,True
perle,93053,9,46,2350,946,1034,7.151467307376036,-9.0621036236213488,7.151467307376036,-8.6790517670978193,True,False,True,True,False,True
perle,93053,9,47,2400,947,1034,7.4502594938942828,-8.8369475775245476,7.4502594938942828,-8.3396761213331487,True,False,True,True,False,True
perle,93053,9,48,2450,948,1034,7.7490516804125313,-8.6117915314277464,7.7490516804125313,-8.0003004755684746,True,False,True,True,False,True
perle,93053,9,49,2500,949,1034,8.0478438669307781,-8.3866354853309453,8.0478438669307781,-7.6609248298038057,True,False,True,True,False,True
perle,93053,9,50,2550,950,1034,8.3466360534490267,-8.1614794392341441,8.3466360534490267,-7.3215491840391342,True,False,True,True,False,True
perle,93053,9,51,2600,951,1034,8.6454282399672753,-7.936323393137342,8.6454282399672753,-6.9821735382744619,True,False,True,True,False,True
perle,93053,9,52,2650,952,1034,8.9442204264855221,-7.7111673470405417,8.9442204264855221,-6.6427978925097939,True,False,True,True,False,True
perle,93053,9,53,2700,953,1034,9.2430126130037689,-7.4860113009437415,9.2430126130037689,-6.3034222467451233,True,False,True,True,False,True
perle,93053,9,54,2750,954,1034,9.5418047995220174,-7.2608552548469394,9.5418047995220174,-5.9640466009804518,True,False,True,True,False,True
perle,93053,9,55,2800,955,1034,9.840596986040266,-7.0356992087501373,9.840596986040266,-5.6246709552157794,True,False,True,True,False,True
perle,99902,10,6,350,1006,1125,-4.598813002922812,-4.2940719609534561,-4.598813002922812,-4.2940719609534561,True,True,False,True,False,False
perle,99902,10,7,400,1007,1125,-4.2959411754107446,-4.5160786094391794,-4.2959411754107446,-4.5160786094391794,True,True,False,True,False,False
perle,99902,10,8,450,1008,1125,-3.9930693478986772,-4.7380852579249026,-3.9930693478986772,-4.7380852579249026,True,True,False,True,False,False
perle,99902,10,9,500,1009,1125,-3.6901975203866098,-4.960091906410625,-3.6901975203866098,-4.960091906410625,True,True,False,True,False,False
perle,99902,10,10,550,1010,1125,-3.3873256928745423,-5.1820985548963492,-3.3873256928745423,-5.1820985548963492,True,True,False,True,False,False
perle,99902,10,11,600,1011,1125,-3.0844538653624753,-5.4041052033820716,-3.0844538653624753,-5.4041052033820725,True,True,False,True,False,False
perle,99902,10,12,650,1012,1125,-2.7815820378504079,-5.6261118518677948,-2.7815820378504079,-5.6261118518677948,True,True,False,True,False,False
perle,99902,10,13,700,1013,1125,-2.47871021033834,-5.8481185003535181,-2.47871021033834,-5.848118500353519,True,True,False,True,False,False
perle,99902,10,14,750,1014,1125,-2.1758383828262735,-6.0701251488392405,-2.1758383828262735,-6.0701251488392396,True,True,False,True,False,False
perle,99902,10,15,800,1015,1125,-1.8729665553142061,-6.2921317973249637,-1.8729665553142061,-6.2921317973249629,True,True,False,True,False,False
perle,99902,10,16,850,1016,1125,-1.5700947278021387,-6.514138445810687,-1.5700947278021387,-6.5141384458106861,True,True,False,True,False,False
perle,99902,10,17,900,1017,1125,-1.2672229002900712,-6.7361450942964103,-1.2672229002900712,-6.7361450942964103,True,True,False,True,False,False
perle,99902,10,18,950,1018,1125,-0.9643510727780038,-6.9581517427821336,-0.9643510727780038,-6.9581517427821353,True,True,False,True,False,False
perle,99902,10,19,1000,1019,1125,-0.66147924526593638,-7.1801583912678559,-0.66147924526593638,-7.1801583912678533,True,True,False,True,False,False
perle,99902,10,20,1050,1020,1125,-0.35860741775386895,-7.4021650397535792,-0.35860741775386895,-7.4021650397535783,True,True,False,True,False,False
perle,99902,10,21,1100,1021,1125,-0.055735590241801525,-7.6241716882393025,-0.055735590241801525,-7.6241716882393034,True,True,False,True,False,False
perle,99902,10,22,1150,1022,1125,0.2471362372702659,-7.8461783367250257,0.2471362372702659,-7.8461783367250266,True,True,False,True,False,False
perle,99902,10,23,1200,1023,1125,0.55000806478233244,-8.0681849852107472,0.55000806478233244,-8.0681849852107472,True,True,False,True,False,False
perle,99902,10,24,1250,1024,1125,0.85287989229439987,-8.2901916336964714,0.85287989229439987,-8.2901916336964714,True,True,False,True,False,False
perle,99902,10,25,1300,1025,1125,1.1557517198064673,-8.5121982821821938,1.1557517198064673,-8.5121982821821973,True,True,False,True,False,False
perle,99902,10,26,1350,1026,1125,1.4586235473185356,-8.7342049306679179,1.4586235473185356,-8.7342049306679179,True,True,False,True,False,False
perle,99902,10,27,1400,1027,1125,1.761495374830603,-8.9562115791536421,1.761495374830603,-8.9562115791536439,True,True,False,True,False,False
perle,99902,10,28,1450,1028,1125,2.0643672023426687,-9.1782182276393627,2.0643672023426687,-9.1782182276393645,True,True,False,True,False,False
perle,99902,10,29,1500,1029,1125,2.3672390298547361,-9.4002248761250868,2.3672390298547361,-9.4002248761250868,True,True,False,True,False,False
perle,99902,10,30,1550,1030,1125,2.6701108573668035,-9.6222315246108092,2.6701108573668035,-9.6222315246108074,True,True,False,True,False,False
perle,99902,10,31,1600,1031,1125,2.972982684878871,-9.8318648018270842,2.972982684878871,-9.8303861914927779,True,True,False,True,False,True
perle,99902,10,32,1650,1032,1125,3.2758545123909384,-9.6118131701110521,3.2758545123909384,-9.557508864399221,True,True,False,True,False,True
perle,99902,10,33,1700,1033,1125,3.5787263399030058,-9.3917615383950181,3.5787263399030058,-9.2846315373056658,True,True,False,True,False,True
perle,99902,10,34,1750,1034,1125,3.8815981674150732,-9.171709906678986,3.8815981674150732,-9.0117542102121106,True,True,False,True,False,True
perle,99902,10,35,1800,1035,1125,4.1844699949271407,-8.9516582749629521,4.1844699949271407,-8.7388768831185573,True,True,False,True,False,True
perle,99902,10,36,1850,1036,1125,4.4873418224392081,-8.7316066432469199,4.4873418224392081,-8.4659995560250021,True,True,False,True,False,True
perle,99902,10,37,1900,1037,1125,4.7902136499512755,-8.5115550115308878,4.7902136499512755,-8.1931222289314487,True,True,False,True,False,True
perle,99902,10,38,1950,1038,1125,5.0930854774633429,-8.2915033798148539,5.0930854774633429,-7.9202449018378926,True,False,False,True,False,True
perle,99902,10,39,2000,1039,1125,5.3959573049754104,-8.0714517480988217,5.3959573049754104,-7.6473675747443375,True,False,True,True,False,True
perle,99902,10,40,2050,1040,1125,5.6988291324874778,-7.8514001163827878,5.6988291324874778,-7.3744902476507814,True,False,True,True,False,True
perle,99902,10,41,2100,1041,1125,6.0017009599995452,-7.6313484846667556,6.0017009599995452,-7.1016129205572263,True,False,True,True,False,True
perle,99902,10,42,2150,1042,1125,6.3045727875116127,-7.4112968529507226,6.3045727875116127,-6.8287355934636729,True,False,True,True,False,True
perle,99902,10,43,2200,1043,1125,6.6074446150236801,-7.1912452212346896,6.6074446150236801,-6.5558582663701168,True,False,True,True,False,True
perle,99902,10,44,2250,1044,1125,6.9103164425357475,-6.9711935895186565,6.9103164425357475,-6.2829809392765625,True,False,True,True,False,True
perle,99902,10,45,2300,1045,1125,7.2131882700478149,-6.7511419578026235,7.2131882700478149,-6.0101036121830065,True,False,True,True,False,True
perle,99902,10,46,2350,1046,1125,7.5160600975598824,-6.5310903260865905,7.5160600975598824,-5.7372262850894504,True,False,True,True,False,True
perle,99902,10,47,2400,1047,1125,7.818931925071948,-6.3110386943705592,7.818931925071948,-5.4643489579958979,True,False,True,True,False,True
perle,99902,10,48,2450,1048,1125,8.1218037525840145,-6.0909870626545271,8.1218037525840145,-5.1914716309023445,True,False,True,True,False,True
perle,99902,10,49,2500,1049,1125,8.424675580096082,-5.870935430938494,8.424675580096082,-4.9185943038087894,True,False,True,True,False,True
perle,99902,10,50,2550,1050,1125,8.7275474076081494,-5.650883799222461,8.7275474076081494,-4.645716976715236,True,False,True,True,False,True
perle,99902,10,51,2600,1051,1125,9.0304192351202168,-5.4308321675064279,9.0304192351202168,-4.3728396496216799,True,False,True,True,False,True
perle,99902,10,52,2650,1052,1125,9.3332910626322878,-5.2107805357903922,9.3332910626322878,-4.0999623225281212,True,False,True,True,False,True
perle,99902,10,53,2700,1053,1125,9.6361628901443552,-4.9907289040743592,9.6361628901443552,-3.827084995434566,True,False,True,True,False,True
perle,99902,10,54,2750,1054,1125,9.9390347176564227,-4.7706772723583262,9.9390347176564227,-3.5542076683410113,True,False,True,True,False,True
perle,105802,11,6,350,1106,1025,-4.3817527002184988,-9.2751788616290813,-4.3817527002184988,-9.2751788616290831,True,True,False,True,False,False
perle,105802,11,7,400,1107,1025,-4.067272519990194,-9.4820860239084048,-4.067272519990194,-9.4820860239084048,True,True,False,True,False,False
perle,105802,11,8,450,1108,1025,-3.7527923397618896,-9.6889931861877283,-3.7527923397618896,-9.6889931861877265,True,True,False,True,False,False
perle,105802,11,9,500,1109,1025,-3.4383121595335857,-9.7539420677078255,-3.4383121595335857,-9.7557338291462088,True,True,False,True,False,True
perle,105802,11,10,550,1110,1025,-3.1238319793052813,-9.5497162514506773,-3.1238319793052813,-9.556697229136601,True,True,False,True,False,True
perle,105802,11,11,600,1111,1025,-2.809351799076977,-9.3454904351935291,-2.809351799076977,-9.357660629126995,True,True,False,True,False,True
perle,105802,11,12,650,1112,1025,-2.4948716188486726,-9.1412646189363791,-2.4948716188486726,-9.1586240291173873,True,True,False,True,False,True
perle,105802,11,13,700,1113,1025,-2.1803914386203687,-8.9370388026792309,-2.1803914386203687,-8.9595874291077813,True,True,False,True,False,True
perle,105802,11,14,750,1114,1025,-1.8659112583920647,-8.7328129864220827,-1.8659112583920647,-8.7605508290981753,True,True,False,True,False,True
perle,105802,11,15,800,1115,1025,-1.5514310781637599,-8.5285871701649345,-1.5514310781637599,-8.5615142290885657,True,True,False,True,False,True
perle,105802,11,16,850,1116,1025,-1.236950897935456,-8.3243613539077863,-1.236950897935456,-8.3624776290789598,True,True,False,True,False,True
perle,105802,11,17,900,1117,1025,-0.92247071770715117,-8.1201355376506363,-0.92247071770715117,-8.163441029069352,True,True,False,True,False,True
perle,105802,11,18,950,1118,1025,-0.60799053747884724,-7.9159097213934881,-0.60799053747884724,-7.964404429059746,True,True,False,True,False,True
perle,105802,11,19,1000,1119,1025,-0.29351035725054331,-7.7116839051363399,-0.29351035725054331,-7.76536782905014,True,True,False,True,False,True
perle,105802,11,20,1050,1120,1025,0.02096982297776151,-7.5074580888791909,0.02096982297776151,-7.5663312290405313,True,True,False,True,False,True
perle,105802,11,21,1100,1121,1025,0.33545000320606544,-7.3032322726220427,0.33545000320606544,-7.3672946290309254,True,True,False,True,False,True
perle,105802,11,22,1150,1122,1025,0.64993018343436937,-7.0990064563648945,0.64993018343436937,-7.1682580290213185,True,True,False,True,False,True
perle,105802,11,23,1200,1123,1025,0.96441036366267419,-6.8947806401077454,0.96441036366267419,-6.9692214290117116,True,True,False,True,False,True
perle,105802,11,24,1250,1124,1025,1.2788905438909781,-6.6905548238505972,1.2788905438909781,-6.7701848290021047,True,True,False,True,False,True
perle,105802,11,25,1300,1125,1025,1.5933707241192829,-6.4863290075934481,1.5933707241192829,-6.5711482289924978,True,True,False,True,False,True
perle,105802,11,26,1350,1126,1025,1.907850904347586,-6.2821031913363008,1.907850904347586,-6.3721116289828919,True,True,False,True,False,True
perle,105802,11,27,1400,1127,1025,2.2223310845758908,-6.0778773750791517,2.2223310845758908,-6.173075028973285,True,True,False,True,False,True
perle,105802,11,28,1450,1128,1025,2.5368112648041956,-5.8736515588220026,2.5368112648041956,-5.9740384289636772,True,True,False,True,False,True
perle,105802,11,29,1500,1129,1025,2.8512914450324987,-5.6694257425648544,2.8512914450324987,-5.7750018289540703,True,True,False,True,False,True
perle,105802,11,30,1550,1130,1025,3.1657716252608035,-5.4651999263077062,3.1657716252608035,-5.5759652289444643,True,True,False,True,False,True
perle,105802,11,31,1600,1131,1025,3.4802518054891083,-5.2609741100505563,3.4802518054891083,-5.3769286289348557,True,True,False,True,False,True
perle,105802,11,32,1650,1132,1025,3.7947319857174131,-5.0567482937934081,3.7947319857174131,-5.1778920289252488,True,True,False,True,False,True
perle,105802,11,33,1700,1133,1025,4.1092121659457161,-4.8525224775362599,4.1092121659457161,-4.9788554289156428,True,True,False,True,False,True
perle,105802,11,34,1750,1134,1025,4.423692346174021,-4.6482966612791117,4.423692346174021,-4.779818828906035,True,True,False,True,False,True
perle,105802,11,35,1800,1135,1025,4.7381725264023258,-4.4440708450219617,4.7381725264023258,-4.5807822288964291,True,True,False,True,False,True
perle,105802,11,36,1850,1136,1025,5.0526527066306288,-4.2398450287648144,5.0526527066306288,-4.3817456288868222,True,True,False,True,False,True
perle,105802,11,37,1900,1137,1025,5.3671328868589336,-4.0356192125076653,5.3671328868589336,-4.1827090288772144,True,False,False,True,False,True
perle,105802,11,38,1950,1138,1025,5.6816130670872385,-3.8313933962505167,5.6816130670872385,-3.983672428867608,True,False,True,True,False,True
perle,105802,11,39,2000,1139,1025,5.9960932473155415,-3.6271675799933689,5.9960932473155415,-3.7846358288580033,True,False,True,True,False,True
perle,105802,11,40,2050,1140,1025,6.3105734275438463,-3.4229417637362198,6.3105734275438463,-3.5855992288483955,True,False,True,True,False,True
perle,105802,11,41,2100,1141,1025,6.6250536077721511,-3.2187159474790707,6.6250536077721511,-3.3865626288387887,True,False,True,True,False,True
perle,105802,11,42,2150,1142,1025,6.9395337880004542,-3.0144901312219234,6.9395337880004542,-3.1875260288291813,True,False,True,True,False,True
perle,105802,11,43,2200,1143,1025,7.254013968228759,-2.8102643149647744,7.254013968228759,-2.988489428819574,True,False,True,True,False,True
perle,105802,11,44,2250,1144,1025,7.5684941484570638,-2.6060384987076253,7.5684941484570638,-2.7894528288099671,True,False,True,True,False,True
perle,105802,11,45,2300,1145,1025,7.8829743286853668,-2.4018126824504771,7.8829743286853668,-2.5904162288003616,True,False,True,True,False,True
perle,105802,11,46,2350,1146,1025,8.1974545089136726,-2.197586866193328,8.1974545089136726,-2.3913796287907529,True,False,True,True,False,True
perle,105802,11,47,2400,1147,1025,8.5119346891419774,-1.9933610499361789,8.5119346891419774,-2.1923430287811461,True,False,True,True,False,True
perle,105802,11,48,2450,1148,1025,8.8264148693702786,-1.7891352336790325,8.8264148693702786,-1.9933064287715405,True,False,True,True,False,True
perle,105802,11,49,2500,1149,1025,9.1408950495985835,-1.5849094174218834,9.1408950495985835,-1.7942698287619334,True,False,True,True,False,True
perle,105802,11,50,2550,1150,1025,9.4553752298268883,-1.3806836011647343,9.4553752298268883,-1.5952332287523265,True,False,True,True,False,True
perle,105802,11,51,2600,1151,1025,9.7698554100551931,-1.1764577849075852,9.7698554100551931,-1.3961966287427192,True,False,True,True,False,True
perle,118879,12,6,350,1206,1096,-4.1457824614688583,1.0177292652113756,-4.1457824614688583,0.99479101654281599,True,True,False,False,True,False
perle,118879,12,7,400,1207,1096,-3.8076261206142434,1.1798245682941515,-3.8076261206142434,1.139809233141144,True,True,False,False,True,False
perle,118879,12,8,450,1208,1096,-3.4694697797596286,1.3419198713769274,-3.4694697797596286,1.2848274497394718,True,True,False,False,True,False
perle,118879,12,9,500,1209,1096,-3.1313134389050137,1.5040151744597035,-3.1313134389050137,1.4298456663377999,True,True,False,False,True,False
perle,118879,12,10,550,1210,1096,-2.7931570980503988,1.6661104775424793,-2.7931570980503988,1.5748638829361281,True,True,False,False,True,False
perle,118879,12,11,600,1211,1096,-2.4550007571957835,1.8282057806252554,-2.4550007571957835,1.7198820995344559,True,True,False,False,True,False
perle,118879,12,12,650,1212,1096,-2.116844416341169,1.9903010837080313,-2.116844416341169,1.8649003161327837,True,True,False,False,True,False
perle,118879,12,13,700,1213,1096,-1.7786880754865537,2.1523963867908074,-1.7786880754865537,2.009918532731112,True,True,False,False,True,False
perle,118879,12,14,750,1214,1096,-1.4405317346319393,2.314491689873583,-1.4405317346319393,2.15493674932944,True,True,False,False,True,False
perle,118879,12,15,800,1215,1096,-1.1023753937773249,2.4765869929563586,-1.1023753937773249,2.2999549659277672,True,True,False,False,True,False
perle,118879,12,16,850,1216,1096,-0.76421905292270953,2.6386822960391347,-0.76421905292270953,2.4449731825260952,True,True,False,False,True,False
perle,118879,12,17,900,1217,1096,-0.4260627120680951,2.8007775991219108,-0.4260627120680951,2.5899913991244237,True,True,False,False,True,False
perle,118879,12,18,950,1218,1096,-0.087906371213479773,2.9628729022046869,-0.087906371213479773,2.7350096157227517,True,True,False,False,True,False
perle,118879,12,19,1000,1219,1096,0.25024996964113466,3.1249682052874626,0.25024996964113466,2.8800278323210797,True,True,False,False,True,False
perle,118879,12,20,1050,1220,1096,0.58840631049574998,3.2870635083702386,0.58840631049574998,3.0250460489194078,True,True,False,False,True,False
perle,118879,12,21,1100,1221,1096,0.92656265135036442,3.4491588114530143,0.92656265135036442,3.1700642655177353,True,True,False,False,True,False
perle,118879,12,22,1150,1222,1096,1.2647189922049797,3.6112541145357904,1.2647189922049797,3.3150824821160634,True,True,False,False,True,False
perle,118879,12,23,1200,1223,1096,1.6028753330595951,3.7733494176185669,1.6028753330595951,3.4601006987143919,True,True,False,False,True,False
perle,118879,12,24,1250,1224,1096,1.9410316739142086,3.9354447207013421,1.9410316739142086,3.6051189153127194,True,True,False,False,True,False
perle,118879,12,25,1300,1225,1096,2.2791880147688239,4.0975400237841182,2.2791880147688239,3.750137131911047,True,True,False,False,True,False
perle,118879,12,26,1350,1226,1096,2.6173443556234393,4.2596353268668938,2.6173443556234393,3.8951553485093755,True,True,False,False,True,False
perle,118879,12,27,1400,1227,1096,2.9555006964780546,4.4217306299496704,2.9555006964780546,4.0401735651077031,True,True,False,False,True,False
perle,118879,12,28,1450,1228,1096,3.2936570373326681,4.5838259330324451,3.2936570373326681,4.1851917817060311,True,True,False,False,True,False
perle,118879,12,29,1500,1229,1096,3.6318133781872834,4.7459212361152217,3.6318133781872834,4.3302099983043583,True,True,False,False,True,False
perle,118879,12,30,1550,1230,1096,3.9699697190418988,4.9080165391979982,3.9699697190418988,4.4752282149026872,True,True,False,False,True,False
perle,118879,12,31,1600,1231,1096,4.3081260598965123,5.0701118422807738,4.3081260598965123,4.6202464315010152,True,True,False,False,True,False
perle,118879,12,32,1650,1232,1096,4.6462824007511276,5.2322071453635495,4.6462824007511276,4.7652646480993432,True,True,False,False,True,False
perle,118879,12,33,1700,1233,1096,4.984438741605743,5.3943024484463251,4.984438741605743,4.9102828646976713,True,True,False,False,True,False
perle,118879,12,34,1750,1234,1096,5.3225950824603583,5.5563977515291016,5.3225950824603583,5.0553010812959984,True,False,False,False,True,False
perle,118879,12,35,1800,1235,1096,5.6607514233149718,5.7184930546118764,5.6607514233149718,5.2003192978943265,True,False,True,False,True,False
perle,118879,12,36,1850,1236,1096,5.9989077641695872,5.8805883576946529,5.9989077641695872,5.3453375144926554,True,False,True,False,True,False
perle,118879,12,37,1900,1237,1096,6.3370641050242025,6.0426836607774295,6.3370641050242025,5.4903557310909816,True,False,True,False,True,False
perle,118879,12,38,1950,1238,1096,6.6752204458788178,6.2047789638602051,6.6752204458788178,5.6353739476893114,True,False,True,False,True,False
perle,118879,12,39,2000,1239,1096,7.0133767867334313,6.3668742669429808,7.0133767867334313,5.7803921642876377,True,False,True,False,True,False
perle,118879,12,40,2050,1240,1096,7.3515331275880467,6.5289695700257564,7.3515331275880467,5.9254103808859666,True,False,True,False,True,False
perle,118879,12,41,2100,1241,1096,7.689689468442662,6.6910648731085329,7.689689468442662,6.0704285974842946,True,False,True,False,True,False
perle,118879,12,42,2150,1242,1096,8.0278458092972773,6.8531601761913095,8.0278458092972773,6.2154468140826236,True,False,True,False,True,False
perle,118879,12,43,2200,1243,1096,8.3660021501518909,7.0152554792740851,8.3660021501518909,6.3604650306809498,True,False,True,False,True,False
perle,118879,12,44,2250,1244,1096,8.7041584910065062,7.1773507823568607,8.7041584910065062,6.5054832472792778,True,False,True,False,True,False
perle,118879,12,45,2300,1245,1096,9.0423148318611215,7.3394460854396364,9.0423148318611215,6.6505014638776059,True,False,True,False,True,False
perle,118879,12,46,2350,1246,1096,9.3804711727157351,7.501541388522412,9.3804711727157351,6.7955196804759339,True,False,True,False,True,False
perle,118879,12,47,2400,1247,1096,9.7186275135703521,7.6636366916051895,9.7186275135703521,6.9405378970742619,True,False,True,False,True,False
perle,122957,13,6,350,1306,1024,-3.9461408668381734,-8.382442410213617,-3.9461408668381734,-8.3674981503334465,True,True,False,False,True,False
perle,122957,13,7,400,1307,1024,-3.6079840434131181,-8.2203468786954357,-3.6079840434131181,-8.1942679976735953,True,True,False,False,True,False
perle,122957,13,8,450,1308,1024,-3.2698272199880627,-8.0582513471772561,-3.2698272199880627,-8.0210378450137423,True,True,False,False,True,False
perle,122957,13,9,500,1309,1024,-2.9316703965630069,-7.8961558156590748,-2.9316703965630069,-7.8478076923538884,True,True,False,False,True,False
perle,122957,13,10,550,1310,1024,-2.5935135731379515,-7.7340602841408943,-2.5935135731379515,-7.6745775396940363,True,True,False,False,True,False
perle,122957,13,11,600,1311,1024,-2.2553567497128961,-7.5719647526227138,-2.2553567497128961,-7.5013473870341834,True,True,False,False,True,False
perle,122957,13,12,650,1312,1024,-1.9171999262878403,-7.4098692211045334,-1.9171999262878403,-7.3281172343743304,True,True,False,False,True,False
perle,122957,13,13,700,1313,1024,-1.5790431028627854,-7.2477736895863529,-1.5790431028627854,-7.1548870817144774,True,True,False,False,True,False
perle,122957,13,14,750,1314,1024,-1.2408862794377296,-7.0856781580681725,-1.2408862794377296,-6.9816569290546262,True,True,False,False,True,False
perle,122957,13,15,800,1315,1024,-0.90272945601267462,-6.923582626549992,-0.90272945601267462,-6.8084267763947741,True,True,False,False,True,False
perle,122957,13,16,850,1316,1024,-0.56457263258761881,-6.7614870950318116,-0.56457263258761881,-6.6351966237349203,True,True,False,False,True,False
perle,122957,13,17,900,1317,1024,-0.22641580916256387,-6.5993915635136311,-0.22641580916256387,-6.4619664710750691,True,True,False,False,True,False
perle,122957,13,18,950,1318,1024,0.11174101426249194,-6.4372960319954506,0.11174101426249194,-6.288736318415217,True,True,False,False,True,False
perle,122957,13,19,1000,1319,1024,0.44989783768754776,-6.2752005004772702,0.44989783768754776,-6.1155061657553631,True,True,False,False,True,False
perle,122957,13,20,1050,1320,1024,0.78805466111260269,-6.1131049689590897,0.78805466111260269,-5.9422760130955119,True,True,False,False,True,False
perle,122957,13,21,1100,1321,1024,1.1262114845376585,-5.9510094374409093,1.1262114845376585,-5.769045860435658,True,True,False,False,True,False
perle,122957,13,22,1150,1322,1024,1.4643683079627134,-5.7889139059227288,1.4643683079627134,-5.5958157077758059,True,True,False,False,True,False
perle,122957,13,23,1200,1323,1024,1.8025251313877693,-5.6268183744045484,1.8025251313877693,-5.422585555115953,True,True,False,False,True,False
perle,122957,13,24,1250,1324,1024,2.1406819548128251,-5.4647228428863679,2.1406819548128251,-5.2493554024561018,True,True,False,False,True,False
perle,122957,13,25,1300,1325,1024,2.4788387782378809,-5.3026273113681874,2.4788387782378809,-5.0761252497962488,True,True,False,False,True,False
perle,122957,13,26,1350,1326,1024,2.8169956016629349,-5.1405317798500079,2.8169956016629349,-4.9028950971363967,True,True,False,False,True,False
perle,122957,13,27,1400,1327,1024,3.1551524250879908,-4.9784362483318265,3.1551524250879908,-4.7296649444765437,True,True,False,False,True,False
perle,122957,13,28,1450,1328,1024,3.4933092485130466,-4.8163407168136461,3.4933092485130466,-4.5564347918166916,True,True,False,False,True,False
perle,122957,13,29,1500,1329,1024,3.8314660719381024,-4.6542451852954656,3.8314660719381024,-4.3832046391568387,True,True,False,False,True,False
perle,122957,13,30,1550,1330,1024,4.1696228953631564,-4.492149653777286,4.1696228953631564,-4.2099744864969866,True,True,False,False,True,False
perle,122957,13,31,1600,1331,1024,4.5077797187882123,-4.3300541222591047,4.5077797187882123,-4.0367443338371336,True,True,False,False,True,False
perle,122957,13,32,1650,1332,1024,4.8459365422132681,-4.1679585907409242,4.8459365422132681,-3.8635141811772811,True,True,False,False,True,False
perle,122957,13,33,1700,1333,1024,5.1840933656383239,-4.0058630592227438,5.1840933656383239,-3.6902840285174281,True,False,False,False,True,False
perle,122957,13,34,1750,1334,1024,5.5222501890633797,-3.8437675277045629,5.5222501890633797,-3.517053875857576,True,False,True,False,True,False
perle,122957,13,35,1800,1335,1024,5.8604070124884338,-3.6816719961863833,5.8604070124884338,-3.3438237231977244,True,False,True,False,True,False
perle,122957,13,36,1850,1336,1024,6.1985638359134896,-3.5195764646682024,6.1985638359134896,-3.1705935705378723,True,False,True,False,True,False
perle,122957,13,37,1900,1337,1024,6.5367206593385454,-3.3574809331500219,6.5367206593385454,-2.9973634178780184,True,False,True,False,True,False
perle,122957,13,38,1950,1338,1024,6.8748774827636012,-3.1953854016318415,6.8748774827636012,-2.8241332652181663,True,False,True,False,True,False
perle,122957,13,39,2000,1339,1024,7.213034306188657,-3.0332898701136606,7.213034306188657,-2.6509031125583138,True,False,True,False,True,False
perle,122957,13,40,2050,1340,1024,7.5511911296137111,-2.871194338595481,7.5511911296137111,-2.4776729598984613,True,False,True,False,True,False
perle,122957,13,41,2100,1341,1024,7.8893479530387669,-2.7090988070773001,7.8893479530387669,-2.3044428072386083,True,False,True,False,True,False
perle,122957,13,42,2150,1342,1024,8.2275047764638227,-2.5470032755591197,8.2275047764638227,-2.1312126545787562,True,False,True,False,True,False
perle,122957,13,43,2200,1343,1024,8.5656615998888785,-2.3849077440409392,8.5656615998888785,-1.9579825019189032,True,False,True,False,True,False
perle,122957,13,44,2250,1344,1024,8.9038184233139344,-2.2228122125227587,8.9038184233139344,-1.7847523492590507,True,False,True,False,True,False
perle,122957,13,45,2300,1345,1024,9.2419752467389884,-2.0607166810045783,9.2419752467389884,-1.6115221965991999,True,False,True,False,True,False
perle,122957,13,46,2350,1346,1024,9.5801320701640442,-1.8986211494863978,9.5801320701640442,-1.4382920439393465,True,False,True,False,True,False
perle,122957,13,47,2400,1347,1024,9.9182888935891,-1.7365256179682174,9.9182888935891,-1.265061891279494,True,False,True,False,True,False
perle,126479,14,6,350,1406,1066,-3.9649345947717372,-1.4556866904165595,-3.9649345947717372,-1.3943141362398923,True,True,False,False,True,False
perle,126479,14,7,400,1407,1066,-3.6416348188711591,-1.6456917259768282,-3.6416348188711591,-1.5387101648501464,True,True,False,False,True,False
perle,126479,14,8,450,1408,1066,-3.3183350429705816,-1.8356967615370972,-3.3183350429705816,-1.6831061934604004,True,True,False,False,True,False
perle,126479,14,9,500,1409,1066,-2.9950352670700036,-2.0257017970973656,-2.9950352670700036,-1.8275022220706547,True,True,False,False,True,False
perle,126479,14,10,550,1410,1066,-2.6717354911694255,-2.2157068326576348,-2.6717354911694255,-1.9718982506809084,True,True,False,False,True,False
perle,126479,14,11,600,1411,1066,-2.3484357152688475,-2.4057118682179039,-2.3484357152688475,-2.1162942792911625,True,True,False,False,True,False
perle,126479,14,12,650,1412,1066,-2.02513593936827,-2.5957169037781727,-2.02513593936827,-2.2606903079014167,True,True,False,False,True,False
perle,126479,14,13,700,1413,1066,-1.701836163467692,-2.7857219393384414,-1.701836163467692,-2.4050863365116708,True,True,False,False,True,False
perle,126479,14,14,750,1414,1066,-1.3785363875671139,-2.9757269748987101,-1.3785363875671139,-2.5494823651219245,True,True,False,False,True,False
perle,126479,14,15,800,1415,1066,-1.0552366116665359,-3.1657320104589788,-1.0552366116665359,-2.6938783937321795,True,True,False,False,True,False
perle,126479,14,16,850,1416,1066,-0.73193683576595792,-3.3557370460192479,-0.73193683576595792,-2.8382744223424332,True,True,False,False,True,False
perle,126479,14,17,900,1417,1066,-0.40863705986538079,-3.5457420815795162,-0.40863705986538079,-2.9826704509526869,True,True,False,False,True,False
perle,126479,14,18,950,1418,1066,-0.085337283964802779,-3.7357471171397854,-0.085337283964802779,-3.127066479562941,True,True,False,False,True,False
perle,126479,14,19,1000,1419,1066,0.23796249193577523,-3.9257521527000541,0.23796249193577523,-3.2714625081731947,True,True,False,False,True,False
perle,126479,14,20,1050,1420,1066,0.56126226783635325,-4.1157571882603232,0.56126226783635325,-3.4158585367834493,True,True,False,False,True,False
perle,126479,14,21,1100,1421,1066,0.88456204373693126,-4.3057622238205919,0.88456204373693126,-3.5602545653937034,True,True,False,False,True,False
perle,126479,14,22,1150,1422,1066,1.2078618196375093,-4.4957672593808606,1.2078618196375093,-3.7046505940039571,True,True,False,False,True,False
perle,126479,14,23,1200,1423,1066,1.5311615955380873,-4.6857722949411293,1.5311615955380873,-3.8490466226142122,True,True,False,False,True,False
perle,126479,14,24,1250,1424,1066,1.8544613714386644,-4.8757773305013981,1.8544613714386644,-3.9934426512244658,True,True,False,False,True,False
perle,126479,14,25,1300,1425,1066,2.1777611473392424,-5.0657823660616668,2.1777611473392424,-4.1378386798347186,True,True,False,False,True,False
perle,126479,14,26,1350,1426,1066,2.5010609232398204,-5.2557874016219355,2.5010609232398204,-4.2822347084449737,True,True,False,False,True,False
perle,126479,14,27,1400,1427,1066,2.8243606991403984,-5.4457924371822042,2.8243606991403984,-4.4266307370552269,True,True,False,False,True,False
perle,126479,14,28,1450,1428,1066,3.1476604750409765,-5.6357974727424738,3.1476604750409765,-4.5710267656654811,True,True,False,False,True,False
perle,126479,14,29,1500,1429,1066,3.4709602509415545,-5.8258025083027425,3.4709602509415545,-4.7154227942757361,True,True,False,False,True,False
perle,126479,14,30,1550,1430,1066,3.7942600268421325,-6.0158075438630112,3.7942600268421325,-4.8598188228859893,True,True,False,False,True,False
perle,126479,14,31,1600,1431,1066,4.1175598027427105,-6.2058125794232808,4.1175598027427105,-5.0042148514962435,True,True,False,False,True,False
perle,126479,14,32,1650,1432,1066,4.4408595786432885,-6.3958176149835495,4.4408595786432885,-5.1486108801064985,True,True,False,False,True,False
perle,126479,14,33,1700,1433,1066,4.7641593545438665,-6.5858226505438182,4.7641593545438665,-5.2930069087167526,True,True,False,False,True,False
perle,126479,14,34,1750,1434,1066,5.0874591304444428,-6.775827686104086,5.0874591304444428,-5.4374029373270059,True,False,False,False,True,False
perle,126479,14,35,1800,1435,1066,5.4107589063450208,-6.9658327216643547,5.4107589063450208,-5.58179896593726,True,False,True,False,True,False
perle,126479,14,36,1850,1436,1066,5.7340586822455988,-7.1558377572246243,5.7340586822455988,-5.7261949945475141,True,False,True,False,True,False
perle,126479,14,37,1900,1437,1066,6.0573584581461768,-7.345842792784893,6.0573584581461768,-5.8705910231577683,True,False,True,False,True,False
perle,126479,14,38,1950,1438,1066,6.3806582340467548,-7.5358478283451618,6.3806582340467548,-6.0149870517680224,True,False,True,False,True,False
perle,126479,14,39,2000,1439,1066,6.7039580099473328,-7.7258528639054305,6.7039580099473328,-6.1593830803782765,True,False,True,False,True,False
perle,126479,14,40,2050,1440,1066,7.0272577858479108,-7.9158578994656992,7.0272577858479108,-6.3037791089885298,True,False,True,False,True,False
perle,126479,14,41,2100,1441,1066,7.3505575617484888,-8.1058629350259679,7.3505575617484888,-6.4481751375987839,True,False,True,False,True,False
perle,126479,14,42,2150,1442,1066,7.6738573376490669,-8.2958679705862366,7.6738573376490669,-6.5925711662090389,True,False,True,False,True,False
perle,126479,14,43,2200,1443,1066,7.9971571135496449,-8.4858730061465053,7.9971571135496449,-6.7369671948192922,True,False,True,False,True,False
perle,126479,14,44,2250,1444,1066,8.3204568894502238,-8.6758780417067758,8.3204568894502238,-6.8813632234295463,True,False,True,False,True,False
perle,126479,14,45,2300,1445,1066,8.6437566653508,-8.8658830772670427,8.6437566653508,-7.0257592520397996,True,False,True,False,True,False
perle,126479,14,46,2350,1446,1066,8.9670564412513798,-9.0558881128273132,8.9670564412513798,-7.1701552806500555,True,False,True,False,True,False
perle,126479,14,47,2400,1447,1066,9.290356217151956,-9.2458931483875801,9.290356217151956,-7.3145513092603078,True,False,True,False,True,False
perle,126479,14,48,2450,1448,1066,9.6136559930525323,-9.4358981839478488,9.6136559930525323,-7.4589473378705611,True,False,True,False,True,False
perle,126479,14,49,2500,1449,1066,9.9369557689531121,-9.6259032195081193,9.9369557689531121,-7.603343366480817,True,False,True,False,True,False
perle,158705,15,6,350,1506,1090,-3.4212706624024847,8.9300821516420772,-3.4212706624024847,8.9300821516420772,True,True,False,True,False,False
perle,158705,15,7,400,1507,1090,-3.1382661784741961,9.1767350380880686,-3.1382661784741961,9.1767350380880668,True,True,False,True,False,False
perle,158705,15,8,450,1508,1090,-2.8552616945459075,9.4233879245340582,-2.8552616945459075,9.4233879245340564,True,True,False,True,False,False
perle,158705,15,9,500,1509,1090,-2.5722572106176189,9.6700408109800495,-2.5722572106176189,9.6700408109800495,True,True,False,True,False,False
perle,158705,15,10,550,1510,1090,-2.2892527266893308,9.7474446638785324,-2.2892527266893308,9.7525210607356385,True,True,False,True,False,True
perle,158705,15,11,600,1511,1090,-2.0062482427610422,9.501428991314544,-2.0062482427610422,9.5212823181908686,True,True,False,True,False,True
perle,158705,15,12,650,1512,1090,-1.7232437588327536,9.2554133187505556,-1.7232437588327536,9.2900435756460986,True,True,False,True,False,True
perle,158705,15,13,700,1513,1090,-1.440239274904465,9.0093976461865672,-1.440239274904465,9.0588048331013287,True,True,False,True,False,True
perle,158705,15,14,750,1514,1090,-1.1572347909761769,8.7633819736225789,-1.1572347909761769,8.8275660905565587,True,True,False,True,False,True
perle,158705,15,15,800,1515,1090,-0.87423030704788829,8.5173663010585905,-0.87423030704788829,8.5963273480117888,True,True,False,True,False,True
perle,158705,15,16,850,1516,1090,-0.5912258231195997,8.2713506284946021,-0.5912258231195997,8.3650886054670188,True,True,False,True,False,True
perle,158705,15,17,900,1517,1090,-0.30822133919131112,8.0253349559306137,-0.30822133919131112,8.1338498629222489,True,True,False,True,False,True
perle,158705,15,18,950,1518,1090,-0.025216855263022531,7.7793192833666245,-0.025216855263022531,7.9026111203774798,True,True,False,True,False,True
perle,158705,15,19,1000,1519,1090,0.25778762866526606,7.5333036108026361,0.25778762866526606,7.6713723778327099,True,True,False,True,False,True
perle,158705,15,20,1050,1520,1090,0.54079211259355464,7.2872879382386477,0.54079211259355464,7.4401336352879417,True,True,False,True,False,True
perle,158705,15,21,1100,1521,1090,0.82379659652184234,7.0412722656746594,0.82379659652184234,7.2088948927431726,True,True,False,True,False,True
perle,158705,15,22,1150,1522,1090,1.1068010804501309,6.795256593110671,1.1068010804501309,6.9776561501984018,True,True,False,True,False,True
perle,158705,15,23,1200,1523,1090,1.3898055643784195,6.5492409205466826,1.3898055643784195,6.7464174076536318,True,True,False,True,False,True
perle,158705,15,24,1250,1524,1090,1.6728100483067081,6.3032252479826933,1.6728100483067081,6.5151786651088637,True,True,False,True,False,True
perle,158705,15,25,1300,1525,1090,1.9558145322349967,6.057209575418705,1.9558145322349967,6.2839399225640937,True,True,False,True,False,True
perle,158705,15,26,1350,1526,1090,2.2388190161632853,5.8111939028547166,2.2388190161632853,6.0527011800193247,True,True,False,True,False,True
perle,158705,15,27,1400,1527,1090,2.5218235000915739,5.5651782302907282,2.5218235000915739,5.8214624374745547,True,True,False,True,False,True
perle,158705,15,28,1450,1528,1090,2.8048279840198624,5.3191625577267398,2.8048279840198624,5.5902236949297848,True,True,False,True,False,True
perle,158705,15,29,1500,1529,1090,3.0878324679481501,5.0731468851627515,3.0878324679481501,5.3589849523850148,True,True,False,True,False,True
perle,158705,15,30,1550,1530,1090,3.3708369518764396,4.8271312125987622,3.3708369518764396,5.1277462098402449,True,True,False,True,False,True
perle,158705,15,31,1600,1531,1090,3.6538414358047273,4.5811155400347747,3.6538414358047273,4.8965074672954758,True,True,False,True,False,True
perle,158705,15,32,1650,1532,1090,3.9368459197330168,4.3350998674707855,3.9368459197330168,4.6652687247507059,True,True,False,True,False,True
perle,158705,15,33,1700,1533,1090,4.2198504036613045,4.089084194906798,4.2198504036613045,4.4340299822059368,True,True,False,True,False,True
perle,158705,15,34,1750,1534,1090,4.5028548875895922,3.8430685223428096,4.5028548875895922,4.2027912396611686,True,True,False,True,False,True
perle,158705,15,35,1800,1535,1090,4.7858593715178817,3.5970528497788203,4.7858593715178817,3.9715524971163978,True,True,False,True,False,True
perle,158705,15,36,1850,1536,1090,5.0688638554461694,3.3510371772148329,5.0688638554461694,3.7403137545716287,True,True,False,True,False,True
perle,158705,15,37,1900,1537,1090,5.3518683393744588,3.1050215046508427,5.3518683393744588,3.5090750120268579,True,False,False,True,False,True
perle,158705,15,38,1950,1538,1090,5.6348728233027465,2.8590058320868552,5.6348728233027465,3.2778362694820888,True,False,True,True,False,True
perle,158705,15,39,2000,1539,1090,5.917877307231036,2.612990159522866,5.917877307231036,3.0465975269373198,True,False,True,True,False,True
perle,158705,15,40,2050,1540,1090,6.2008817911593237,2.3669744869588785,6.2008817911593237,2.8153587843925507,True,False,True,True,False,True
perle,158705,15,41,2100,1541,1090,6.4838862750876132,2.1209588143948892,6.4838862750876132,2.584120041847779,True,False,True,True,False,True
perle,158705,15,42,2150,1542,1090,6.7668907590159009,1.8749431418309008,6.7668907590159009,2.3528812993030099,True,False,True,True,False,True
perle,158705,15,43,2200,1543,1090,7.0498952429441886,1.6289274692669133,7.0498952429441886,2.1216425567582418,True,False,True,True,False,True
perle,158705,15,44,2250,1544,1090,7.332899726872478,1.3829117967029241,7.332899726872478,1.8904038142134729,True,False,True,True,False,True
perle,158705,15,45,2300,1545,1090,7.6159042108007657,1.1368961241389357,7.6159042108007657,1.6591650716687034,True,False,True,True,False,True
perle,158705,15,46,2350,1546,1090,7.8989086947290552,0.89088045157494644,7.8989086947290552,1.4279263291239312,True,False,True,True,False,True
perle,158705,15,47,2400,1547,1090,8.1819131786573429,0.64486477901095896,8.1819131786573429,1.1966875865791622,True,False,True,True,False,True
perle,158705,15,48,2450,1548,1090,8.4649176625856324,0.39884910644696969,8.4649176625856324,0.96544884403439346,True,False,True,True,False,True
perle,158705,15,49,2500,1549,1090,8.7479221465139201,0.15283343388298132,8.7479221465139201,0.73421010148962429,True,False,True,True,False,True
perle,158705,15,50,2550,1550,1090,9.0309266304422096,-0.093182238681007945,9.0309266304422096,0.50297135894485323,True,False,True,True,False,True
perle,158705,15,51,2600,1551,1090,9.3139311143704973,-0.33919791124499543,9.3139311143704973,0.27173261640008423,True,False,True,True,False,True
perle,158705,15,52,2650,1552,1090,9.596935598298785,-0.58521358380898381,9.596935598298785,0.040493873855315263,True,False,True,True,False,True
perle,158705,15,53,2700,1553,1090,9.8799400822270744,-0.83122925637297218,9.8799400822270744,-0.1907448686894537,True,False,True,True,False,True
perle,159613,16,6,350,1606,1120,-3.2372213995644348,-7.2501962947315004,-3.2372213995644348,-7.262828109928031,True,True,False,False,True,False
perle,159613,16,7,400,1607,1120,-2.9673606924551486,-6.9898262223914145,-2.9673606924551486,-7.0120155080740334,True,True,False,False,True,False
perle,159613,16,8,450,1608,1120,-2.6974999853458619,-6.7294561500513286,-2.6974999853458619,-6.7612029062200349,True,True,False,False,True,False
perle,159613,16,9,500,1609,1120,-2.4276392782365757,-6.4690860777112427,-2.4276392782365757,-6.5103903043660365,True,True,False,False,True,False
perle,159613,16,10,550,1610,1120,-2.157778571127289,-6.2087160053711568,-2.157778571127289,-6.2595777025120389,True,True,False,False,True,False
perle,159613,16,11,600,1611,1120,-1.8879178640180023,-5.9483459330310708,-1.8879178640180023,-6.0087651006580396,True,True,False,False,True,False
perle,159613,16,12,650,1612,1120,-1.6180571569087161,-5.6879758606909858,-1.6180571569087161,-5.757952498804042,True,True,False,False,True,False
perle,159613,16,13,700,1613,1120,-1.3481964497994294,-5.4276057883508999,-1.3481964497994294,-5.5071398969500427,True,True,False,False,True,False
perle,159613,16,14,750,1614,1120,-1.0783357426901432,-5.167235716010814,-1.0783357426901432,-5.2563272950960451,True,True,False,False,True,False
perle,159613,16,15,800,1615,1120,-0.80847503558085698,-4.906865643670729,-0.80847503558085698,-5.0055146932420476,True,True,False,False,True,False
perle,159613,16,16,850,1616,1120,-0.53861432847156987,-4.6464955713306422,-0.53861432847156987,-4.7547020913880491,True,True,False,False,True,False
perle,159613,16,17,900,1617,1120,-0.26875362136228365,-4.3861254989905571,-0.26875362136228365,-4.5038894895340507,True,True,False,False,True,False
perle,159613,16,18,950,1618,1120,0.0011070857470025786,-4.1257554266504712,0.0011070857470025786,-4.2530768876800522,True,True,False,False,True,False
perle,159613,16,19,1000,1619,1120,0.2709677928562888,-3.8653853543103858,0.2709677928562888,-4.0022642858260546,True,True,False,False,True,False
perle,159613,16,20,1050,1620,1120,0.54082849996557592,-3.6050152819702994,0.54082849996557592,-3.7514516839720558,True,True,False,False,True,False
perle,159613,16,21,1100,1621,1120,0.81068920707486214,-3.3446452096302139,0.81068920707486214,-3.5006390821180573,True,True,False,False,True,False
perle,159613,16,22,1150,1622,1120,1.0805499141841484,-3.0842751372901285,1.0805499141841484,-3.2498264802640588,True,True,False,False,True,False
perle,159613,16,23,1200,1623,1120,1.3504106212934355,-2.8239050649500417,1.3504106212934355,-2.99901387841006,True,True,False,False,True,False
perle,159613,16,24,1250,1624,1120,1.6202713284027217,-2.5635349926099567,1.6202713284027217,-2.7482012765560619,True,True,False,False,True,False
perle,159613,16,25,1300,1625,1120,1.8901320355120079,-2.3031649202698707,1.8901320355120079,-2.4973886747020639,True,True,False,False,True,False
perle,159613,16,26,1350,1626,1120,2.1599927426212941,-2.0427948479297853,2.1599927426212941,-2.2465760728480664,True,True,False,False,True,False
perle,159613,16,27,1400,1627,1120,2.4298534497305813,-1.7824247755896989,2.4298534497305813,-1.995763470994067,True,True,False,False,True,False
perle,159613,16,28,1450,1628,1120,2.6997141568398675,-1.5220547032496134,2.6997141568398675,-1.744950869140069,True,True,False,False,True,False
perle,159613,16,29,1500,1629,1120,2.9695748639491537,-1.261684630909528,2.9695748639491537,-1.4941382672860708,True,True,False,False,True,False
perle,159613,16,30,1550,1630,1120,3.2394355710584399,-1.0013145585694425,3.2394355710584399,-1.2433256654320726,True,True,False,False,True,False
perle,159613,16,31,1600,1631,1120,3.5092962781677262,-0.74094448622935705,3.5092962781677262,-0.99251306357807423,True,True,False,False,True,False
perle,159613,16,32,1650,1632,1120,3.7791569852770142,-0.4805744138892698,3.7791569852770142,-0.74170046172407478,True,True,False,False,True,False
perle,159613,16,33,1700,1633,1120,4.0490176923863004,-0.22020434154918433,4.0490176923863004,-0.49088785987007649,True,True,False,False,True,False
perle,159613,16,34,1750,1634,1120,4.3188783994955866,0.040165730790901577,4.3188783994955866,-0.24007525801607826,True,True,False,False,True,False
perle,159613,16,35,1800,1635,1120,4.5887391066048728,0.3005358031309866,4.5887391066048728,0.01073734383791859,True,True,False,False,True,False
perle,159613,16,36,1850,1636,1120,4.8585998137141591,0.56090587547107251,4.8585998137141591,0.26154994569191825,True,True,False,False,True,False
perle,159613,16,37,1900,1637,1120,5.1284605208234453,0.82127594781115754,5.1284605208234453,0.51236254754591504,True,False,False,False,True,False
perle,159613,16,38,1950,1638,1120,5.3983212279327315,1.0816460201512434,5.3983212279327315,0.76317514939991449,True,False,True,False,True,False
perle,159613,16,39,2000,1639,1120,5.6681819350420177,1.3420160924913285,5.6681819350420177,1.0139877512539115,True,False,True,False,True,False
perle,159613,16,40,2050,1640,1120,5.9380426421513057,1.6023861648314162,5.9380426421513057,1.2648003531079108,True,False,True,False,True,False
perle,159613,16,41,2100,1641,1120,6.207903349260592,1.8627562371715012,6.207903349260592,1.5156129549619106,True,False,True,False,True,False
perle,159613,16,42,2150,1642,1120,6.4777640563698782,2.1231263095115871,6.4777640563698782,1.7664255568159073,True,False,True,False,True,False
perle,159613,16,43,2200,1643,1120,6.7476247634791644,2.3834963818516721,6.7476247634791644,2.0172381586699069,True,False,True,False,True,False
perle,159613,16,44,2250,1644,1120,7.0174854705884506,2.643866454191758,7.0174854705884506,2.2680507605239026,True,False,True,False,True,False
perle,159613,16,45,2300,1645,1120,7.2873461776977368,2.9042365265318431,7.2873461776977368,2.518863362377902,True,False,True,False,True,False
perle,159613,16,46,2350,1646,1120,7.5572068848070231,3.164606598871929,7.5572068848070231,2.7696759642318991,True,False,True,False,True,False
perle,159613,16,47,2400,1647,1120,7.8270675919163111,3.4249766712120158,7.8270675919163111,3.0204885660858984,True,False,True,False,True,False
perle,159613,16,48,2450,1648,1120,8.0969282990255973,3.6853467435521017,8.0969282990255973,3.2713011679398978,True,False,True,False,True,False
perle,159613,16,49,2500,1649,1120,8.3667890061348835,3.9457168158921876,8.3667890061348835,3.5221137697938949,True,False,True,False,True,False
perle,159613,16,50,2550,1650,1120,8.6366497132441697,4.2060868882322735,8.6366497132441697,3.7729263716478947,True,False,True,False,True,False
perle,159613,16,51,2600,1651,1120,8.906510420353456,4.4664569605723576,8.906510420353456,4.0237389735018922,True,False,True,False,True,False
perle,159613,16,52,2650,1652,1120,9.1763711274627422,4.7268270329124435,9.1763711274627422,4.2745515753558907,True,False,True,False,True,False
perle,159613,16,53,2700,1653,1120,9.4462318345720284,4.9871971052525295,9.4462318345720284,4.5253641772098883,True,False,True,False,True,False
perle,159613,16,54,2750,1654,1120,9.7160925416813164,5.2475671775926171,9.7160925416813164,4.7761767790638876,True,False,True,False,True,False
perle,159613,16,55,2800,1655,1120,9.9859532487906026,5.5079372499327013,9.9859532487906026,5.0269893809178869,True,False,True,False,True,False
perle,163248,17,6,350,1706,1078,-3.0990502038597159,-0.64660400114383554,-3.0990502038597159,-0.63953050441685788,True,True,False,False,True,False
perle,163248,17,7,400,1707,1078,-2.7256666479838958,-0.68134356326862333,-2.7256666479838958,-0.66899461522886927,True,True,False,False,True,False
perle,163248,17,8,450,1708,1078,-2.3522830921080753,-0.71608312539341124,-2.3522830921080753,-0.69845872604088066,True,True,False,False,True,False
perle,163248,17,9,500,1709,1078,-1.9788995362322552,-0.75082268751819914,-1.9788995362322552,-0.72792283685289216,True,True,False,False,True,False
perle,163248,17,10,550,1710,1078,-1.6055159803564347,-0.78556224964298704,-1.6055159803564347,-0.75738694766490355,True,True,False,False,True,False
perle,163248,17,11,600,1711,1078,-1.2321324244806142,-0.82030181176777495,-1.2321324244806142,-0.78685105847691506,True,True,False,False,True,False
perle,163248,17,12,650,1712,1078,-0.8587488686047946,-0.85504137389256274,-0.8587488686047946,-0.81631516928892633,True,True,False,False,True,False
perle,163248,17,13,700,1713,1078,-0.4853653127289741,-0.88978093601735064,-0.4853653127289741,-0.84577928010093784,True,True,False,False,True,False
perle,163248,17,14,750,1714,1078,-0.11198175685315359,-0.92452049814213844,-0.11198175685315359,-0.87524339091294945,True,True,False,False,True,False
perle,163248,17,15,800,1715,1078,0.26140179902266603,-0.95926006026692634,0.26140179902266603,-0.90470750172496062,True,True,False,False,True,False
perle,163248,17,16,850,1716,1078,0.63478535489848653,-0.99399962239171413,0.63478535489848653,-0.93417161253697201,True,True,False,False,True,False
perle,163248,17,17,900,1717,1078,1.008168910774307,-1.0287391845165021,1.008168910774307,-0.96363572334898351,True,True,False,False,True,False
perle,163248,17,18,950,1718,1078,1.3815524666501275,-1.0634787466412901,1.3815524666501275,-0.9930998341609949,True,True,False,False,True,False
perle,163248,17,19,1000,1719,1078,1.7549360225259472,-1.0982183087660777,1.7549360225259472,-1.0225639449730062,True,True,False,False,True,False
perle,163248,17,20,1050,1720,1078,2.1283195784017677,-1.1329578708908656,2.1283195784017677,-1.0520280557850179,True,True,False,False,True,False
perle,163248,17,21,1100,1721,1078,2.5017031342775882,-1.1676974330156535,2.5017031342775882,-1.0814921665970294,True,True,False,False,True,False
perle,163248,17,22,1150,1722,1078,2.8750866901534087,-1.2024369951404414,2.8750866901534087,-1.1109562774090407,True,True,False,False,True,False
perle,163248,17,23,1200,1723,1078,3.2484702460292292,-1.2371765572652293,3.2484702460292292,-1.140420388221052,True,True,False,False,True,False
perle,163248,17,24,1250,1724,1078,3.6218538019050479,-1.271916119390017,3.6218538019050479,-1.1698844990330632,True,True,False,False,True,False
perle,163248,17,25,1300,1725,1078,3.9952373577808684,-1.3066556815148049,3.9952373577808684,-1.199348609845075,True,True,False,False,True,False
perle,163248,17,26,1350,1726,1078,4.3686209136566889,-1.3413952436395928,4.3686209136566889,-1.2288127206570862,True,True,False,False,True,False
perle,163248,17,27,1400,1727,1078,4.7420044695325094,-1.3761348057643807,4.7420044695325094,-1.2582768314690975,True,True,False,False,True,False
perle,163248,17,28,1450,1728,1078,5.1153880254083299,-1.4108743678891686,5.1153880254083299,-1.2877409422811092,True,False,False,False,True,False
perle,163248,17,29,1500,1729,1078,5.4887715812841504,-1.4456139300139563,5.4887715812841504,-1.3172050530931205,True,False,True,False,True,False
perle,163248,17,30,1550,1730,1078,5.8621551371599709,-1.4803534921387445,5.8621551371599709,-1.3466691639051318,True,False,True,False,True,False
perle,163248,17,31,1600,1731,1078,6.2355386930357897,-1.5150930542635321,6.2355386930357897,-1.3761332747171435,True,False,True,False,True,False
perle,163248,17,32,1650,1732,1078,6.6089222489116102,-1.5498326163883198,6.6089222489116102,-1.4055973855291546,True,False,True,False,True,False
perle,163248,17,33,1700,1733,1078,6.9823058047874307,-1.5845721785131079,6.9823058047874307,-1.4350614963411663,True,False,True,False,True,False
perle,163248,17,34,1750,1734,1078,7.3556893606632512,-1.6193117406378956,7.3556893606632512,-1.4645256071531778,True,False,True,False,True,False
perle,163248,17,35,1800,1735,1078,7.7290729165390717,-1.6540513027626838,7.7290729165390717,-1.4939897179651893,True,False,True,False,True,False
perle,163248,17,36,1850,1736,1078,8.1024564724148931,-1.6887908648874714,8.1024564724148931,-1.5234538287772006,True,False,True,False,True,False
perle,163248,17,37,1900,1737,1078,8.4758400282907118,-1.7235304270122593,8.4758400282907118,-1.5529179395892121,True,False,True,False,True,False
perle,163248,17,38,1950,1738,1078,8.8492235841665305,-1.758269989137047,8.8492235841665305,-1.5823820504012234,True,False,True,False,True,False
perle,163248,17,39,2000,1739,1078,9.2226071400423528,-1.7930095512618351,9.2226071400423528,-1.6118461612132347,True,False,True,False,True,False
perle,163248,17,40,2050,1740,1078,9.5959906959181716,-1.8277491133866228,9.5959906959181716,-1.6413102720252459,True,False,True,False,True,False
perle,163248,17,41,2100,1741,1078,9.9693742517939938,-1.8624886755114107,9.9693742517939938,-1.6707743828372577,True,False,True,False,True,False
perle,167848,18,6,350,1806,1058,-3.1882431708332013,7.9087303464511223,-3.1882431708332013,7.9088029766153616,True,True,False,False,True,False
perle,167848,18,7,400,1807,1058,-2.8820980822065585,7.6921664908132712,-2.8820980822065585,7.6922952414253922,True,True,False,False,True,False
perle,167848,18,8,450,1808,1058,-2.5759529935799157,7.4756026351754201,-2.5759529935799157,7.4757875062354229,True,True,False,False,True,False
perle,167848,18,9,500,1809,1058,-2.2698079049532729,7.259038779537569,-2.2698079049532729,7.2592797710454544,True,True,False,False,True,False
perle,167848,18,10,550,1810,1058,-1.9636628163266301,7.042474923899718,-1.9636628163266301,7.0427720358554851,True,True,False,False,True,False
perle,167848,18,11,600,1811,1058,-1.6575177276999868,6.8259110682618669,-1.6575177276999868,6.8262643006655157,True,True,False,False,True,False
perle,167848,18,12,650,1812,1058,-1.351372639073344,6.6093472126240158,-1.351372639073344,6.6097565654755464,True,True,False,False,True,False
perle,167848,18,13,700,1813,1058,-1.0452275504467012,6.3927833569861656,-1.0452275504467012,6.3932488302855779,True,True,False,False,True,False
perle,167848,18,14,750,1814,1058,-0.73908246182005843,6.1762195013483145,-0.73908246182005843,6.1767410950956085,True,True,False,False,True,False
perle,167848,18,15,800,1815,1058,-0.43293737319341563,5.9596556457104635,-0.43293737319341563,5.9602333599056392,True,True,False,False,True,False
perle,167848,18,16,850,1816,1058,-0.12679228456677283,5.7430917900726133,-0.12679228456677283,5.7437256247156716,True,True,False,False,True,False
perle,167848,18,17,900,1817,1058,0.17935280405986997,5.5265279344347622,0.17935280405986997,5.5272178895257023,True,True,False,False,True,False
perle,167848,18,18,950,1818,1058,0.48549789268651278,5.3099640787969111,0.48549789268651278,5.3107101543357338,True,True,False,False,True,False
perle,167848,18,19,1000,1819,1058,0.79164298131315558,5.09340022315906,0.79164298131315558,5.0942024191457653,True,True,False,False,True,False
perle,167848,18,20,1050,1820,1058,1.0977880699397984,4.876836367521209,1.0977880699397984,4.8776946839557951,True,True,False,False,True,False
perle,167848,18,21,1100,1821,1058,1.4039331585664412,4.6602725118833588,1.4039331585664412,4.6611869487658266,True,True,False,False,True,False
perle,167848,18,22,1150,1822,1058,1.710078247193084,4.4437086562455077,1.710078247193084,4.4446792135758573,True,True,False,False,True,False
perle,167848,18,23,1200,1823,1058,2.0162233358197277,4.2271448006076557,2.0162233358197277,4.2281714783858888,True,True,False,False,True,False
perle,167848,18,24,1250,1824,1058,2.3223684244463705,4.0105809449698056,2.3223684244463705,4.0116637431959195,True,True,False,False,True,False
perle,167848,18,25,1300,1825,1058,2.6285135130730133,3.7940170893319545,2.6285135130730133,3.7951560080059505,True,True,False,False,True,False
perle,167848,18,26,1350,1826,1058,2.9346586016996561,3.5774532336941038,2.9346586016996561,3.5786482728159807,True,True,False,False,True,False
perle,167848,18,27,1400,1827,1058,3.2408036903262989,3.3608893780562528,3.2408036903262989,3.3621405376260118,True,True,False,False,True,False
perle,167848,18,28,1450,1828,1058,3.5469487789529417,3.1443255224184021,3.5469487789529417,3.1456328024360438,True,True,False,False,True,False
perle,167848,18,29,1500,1829,1058,3.8530938675795845,2.9277616667805511,3.8530938675795845,2.9291250672460749,True,True,False,False,True,False
perle,167848,18,30,1550,1830,1058,4.1592389562062273,2.7111978111427004,4.1592389562062273,2.7126173320561056,True,True,False,False,True,False
perle,167848,18,31,1600,1831,1058,4.4653840448328701,2.4946339555048493,4.4653840448328701,2.4961095968661371,True,True,False,False,True,False
perle,167848,18,32,1650,1832,1058,4.7715291334595129,2.2780700998669987,4.7715291334595129,2.2796018616761682,True,True,False,False,True,False
perle,167848,18,33,1700,1833,1058,5.0776742220861557,2.0615062442291476,5.0776742220861557,2.0630941264862002,True,False,False,False,True,False
perle,167848,18,34,1750,1834,1058,5.3838193107127985,1.844942388591297,5.3838193107127985,1.8465863912962308,True,False,True,False,True,False
perle,167848,18,35,1800,1835,1058,5.6899643993394413,1.6283785329534464,5.6899643993394413,1.6300786561062615,True,False,True,False,True,False
perle,167848,18,36,1850,1836,1058,5.9961094879660841,1.4118146773155953,5.9961094879660841,1.4135709209162923,True,False,True,False,True,False
perle,167848,18,37,1900,1837,1058,6.3022545765927269,1.1952508216777442,6.3022545765927269,1.1970631857263241,True,False,True,False,True,False
perle,167848,18,38,1950,1838,1058,6.6083996652193697,0.97868696603989314,6.6083996652193697,0.98055545053635507,True,False,True,False,True,False
perle,167848,18,39,2000,1839,1058,6.9145447538460125,0.76212311040204295,6.9145447538460125,0.76404771534638571,True,False,True,False,True,False
perle,167848,18,40,2050,1840,1058,7.2206898424726553,0.54555925476419187,7.2206898424726553,0.54753998015641636,True,False,True,False,True,False
perle,167848,18,41,2100,1841,1058,7.5268349310992981,0.32899539912634079,7.5268349310992981,0.33103224496644829,True,False,True,False,True,False
perle,167848,18,42,2150,1842,1058,7.8329800197259409,0.11243154348848972,7.8329800197259409,0.11452450977647909,True,False,True,False,True,False
perle,167848,18,43,2200,1843,1058,8.1391251083525837,-0.10413231214936047,8.1391251083525837,-0.10198322541348999,True,False,True,False,True,False
perle,167848,18,44,2250,1844,1058,8.4452701969792265,-0.32069616778721155,8.4452701969792265,-0.31849096060345938,True,False,True,False,True,False
perle,167848,18,45,2300,1845,1058,8.7514152856058693,-0.53726002342506263,8.7514152856058693,-0.53499869579342751,True,False,True,False,True,False
perle,167848,18,46,2350,1846,1058,9.0575603742325121,-0.7538238790629137,9.0575603742325121,-0.75150643098339664,True,False,True,False,True,False
perle,167848,18,47,2400,1847,1058,9.3637054628591567,-0.97038773470076567,9.3637054628591567,-0.96801416617336811,True,False,True,False,True,False
perle,167848,18,48,2450,1848,1058,9.6698505514857995,-1.1869515903386167,9.6698505514857995,-1.1845219013633377,True,False,True,False,True,False
perle,167848,18,49,2500,1849,1058,9.9759956401124423,-1.4035154459764669,9.9759956401124423,-1.4010296365533064,True,False,True,False,True,False
perle,179553,19,6,350,1906,1084,-2.7496654659544095,-5.5747242997768209,-2.7496654659544095,-5.5757432340723305,True,True,False,False,True,False
perle,179553,19,7,400,1907,1084,-2.4142927148085787,-5.4069482483929603,-2.4142927148085787,-5.4087349261005171,True,True,False,False,True,False
perle,179553,19,8,450,1908,1084,-2.0789199636627478,-5.2391721970090996,-2.0789199636627478,-5.2417266181287046,True,True,False,False,True,False
perle,179553,19,9,500,1909,1084,-1.7435472125169169,-5.0713961456252381,-1.7435472125169169,-5.0747183101568911,True,True,False,False,True,False
perle,179553,19,10,550,1910,1084,-1.408174461371086,-4.9036200942413775,-1.408174461371086,-4.9077100021850768,True,True,False,False,True,False
perle,179553,19,11,600,1911,1084,-1.0728017102252547,-4.7358440428575168,-1.0728017102252547,-4.7407016942132643,True,True,False,False,True,False
perle,179553,19,12,650,1912,1084,-0.7374289590794243,-4.5680679914736562,-0.7374289590794243,-4.5736933862414499,True,True,False,False,True,False
perle,179553,19,13,700,1913,1084,-0.40205620793359298,-4.4002919400897946,-0.40205620793359298,-4.4066850782696365,True,True,False,False,True,False
perle,179553,19,14,750,1914,1084,-0.066683456787762552,-4.232515888705934,-0.066683456787762552,-4.239676770297824,True,True,False,False,True,False
perle,179553,19,15,800,1915,1084,0.26868929435806876,-4.0647398373220733,0.26868929435806876,-4.0726684623260097,True,True,False,False,True,False
perle,179553,19,16,850,1916,1084,0.60406204550389919,-3.8969637859382127,0.60406204550389919,-3.9056601543541971,True,True,False,False,True,False
perle,179553,19,17,900,1917,1084,0.93943479664973051,-3.7291877345543512,0.93943479664973051,-3.7386518463823832,True,True,False,False,True,False
perle,179553,19,18,950,1918,1084,1.2748075477955618,-3.5614116831704905,1.2748075477955618,-3.5716435384105698,True,True,False,False,True,False
perle,179553,19,19,1000,1919,1084,1.6101802989413923,-3.3936356317866299,1.6101802989413923,-3.4046352304387568,True,True,False,False,True,False
perle,179553,19,20,1050,1920,1084,1.9455530500872236,-3.2258595804027683,1.9455530500872236,-3.2376269224669425,True,True,False,False,True,False
perle,179553,19,21,1100,1921,1084,2.280925801233054,-3.0580835290189077,2.280925801233054,-3.0706186144951295,True,True,False,False,True,False
perle,179553,19,22,1150,1922,1084,2.6162985523788853,-2.890307477635047,2.6162985523788853,-2.9036103065233161,True,True,False,False,True,False
perle,179553,19,23,1200,1923,1084,2.9516713035247166,-2.7225314262511855,2.9516713035247166,-2.7366019985515022,True,True,False,False,True,False
perle,179553,19,24,1250,1924,1084,3.2870440546705462,-2.5547553748673257,3.2870440546705462,-2.5695936905796897,True,True,False,False,True,False
perle,179553,19,25,1300,1925,1084,3.6224168058163775,-2.3869793234834642,3.6224168058163775,-2.4025853826078758,True,True,False,False,True,False
perle,179553,19,26,1350,1926,1084,3.9577895569622088,-2.2192032720996036,3.9577895569622088,-2.2355770746360624,True,True,False,False,True,False
perle,179553,19,27,1400,1927,1084,4.2931623081080401,-2.0514272207157425,4.2931623081080401,-2.0685687666642485,True,True,False,False,True,False
perle,179553,19,28,1450,1928,1084,4.6285350592538714,-1.8836511693318814,4.6285350592538714,-1.9015604586924353,True,True,False,False,True,False
perle,179553,19,29,1500,1929,1084,4.963907810399701,-1.7158751179480212,4.963907810399701,-1.734552150720623,True,True,False,False,True,False
perle,179553,19,30,1550,1930,1084,5.2992805615455323,-1.5480990665641601,5.2992805615455323,-1.5675438427488084,True,False,False,False,True,False
perle,179553,19,31,1600,1931,1084,5.6346533126913636,-1.380323015180299,5.6346533126913636,-1.4005355347769957,True,False,True,False,True,False
perle,179553,19,32,1650,1932,1084,5.9700260638371949,-1.2125469637964379,5.9700260638371949,-1.2335272268051811,True,False,True,False,True,False
perle,179553,19,33,1700,1933,1084,6.3053988149830245,-1.0447709124125777,6.3053988149830245,-1.0665189188333681,True,False,True,False,True,False
perle,179553,19,34,1750,1934,1084,6.6407715661288558,-0.8769948610287166,6.6407715661288558,-0.89951061086155604,True,False,True,False,True,False
perle,179553,19,35,1800,1935,1084,6.9761443172746871,-0.70921880964485551,6.9761443172746871,-0.73250230288974139,True,False,True,False,True,False
perle,179553,19,36,1850,1936,1084,7.3115170684205184,-0.54144275826099442,7.3115170684205184,-0.56549399491792862,True,False,True,False,True,False
perle,179553,19,37,1900,1937,1084,7.6468898195663497,-0.37366670687713333,7.6468898195663497,-0.39848568694611414,True,False,True,False,True,False
perle,179553,19,38,1950,1938,1084,7.9822625707121793,-0.20589065549327312,7.9822625707121793,-0.23147737897430123,True,False,True,False,True,False
perle,179553,19,39,2000,1939,1084,8.3176353218580097,-0.038114604109412475,8.3176353218580097,-0.06446907100248829,True,False,True,False,True,False
perle,179553,19,40,2050,1940,1084,8.6530080730038428,0.12966144727444995,8.6530080730038428,0.10253923696932597,True,False,True,False,True,False
perle,179553,19,41,2100,1941,1084,8.9883808241496723,0.29743749865830971,8.9883808241496723,0.26954754494113836,True,False,True,False,True,False
perle,179553,19,42,2150,1942,1084,9.3237535752955019,0.46521355004217035,9.3237535752955019,0.43655585291295124,True,False,True,False,True,False
perle,179553,19,43,2200,1943,1084,9.659126326441335,0.63298960142603189,9.659126326441335,0.60356416088476583,True,False,True,False,True,False
perle,179553,19,44,2250,1944,1084,9.9944990775871645,0.80076565280989165,9.9944990775871645,0.7705724688565786,True,False,True,False,True,False
perle,182748,20,6,350,2006,1091,-2.8531777596368917,0.34609177135523872,-2.8531777596368917,0.34609177135523872,True,True,False,True,False,False
perle,182748,20,7,400,2007,1091,-2.587054588670191,0.61165442522158209,-2.587054588670191,0.61165442522158209,True,True,False,True,False,False
perle,182748,20,8,450,2008,1091,-2.3209314177034903,0.87721707908792546,-2.3209314177034903,0.87721707908792546,True,True,False,True,False,False
perle,182748,20,9,500,2009,1091,-2.0548082467367896,1.1427797329542688,-2.0548082467367896,1.1427797329542688,True,True,False,True,False,False
perle,182748,20,10,550,2010,1091,-1.788685075770089,1.408342386820612,-1.788685075770089,1.408342386820612,True,True,False,True,False,False
perle,182748,20,11,600,2011,1091,-1.5225619048033878,1.6739050406869558,-1.5225619048033878,1.6739050406869558,True,True,False,True,False,False
perle,182748,20,12,650,2012,1091,-1.2564387338366871,1.9394676945532991,-1.2564387338366871,1.9394676945532991,True,True,False,True,False,False
perle,182748,20,13,700,2013,1091,-0.99031556286998645,2.2050303484196423,-0.99031556286998645,2.2050303484196423,True,True,False,True,False,False
perle,182748,20,14,750,2014,1091,-0.72419239190328577,2.4705930022859857,-0.72419239190328577,2.4705930022859857,True,True,False,True,False,False
perle,182748,20,15,800,2015,1091,-0.45806922093658553,2.7361556561523286,-0.45806922093658553,2.7361556561523281,True,True,False,True,False,False
perle,182748,20,16,850,2016,1091,-0.19194604996988485,3.001718310018672,-0.19194604996988485,3.0017183100186715,True,True,False,True,False,False
perle,182748,20,17,900,2017,1091,0.074177120996815837,3.2672809638850153,0.074177120996815837,3.2672809638850144,True,True,False,True,False,False
perle,182748,20,18,950,2018,1091,0.34030029196351652,3.5328436177513587,0.34030029196351652,3.5328436177513578,True,True,False,True,False,False
perle,182748,20,19,1000,2019,1091,0.60642346293021721,3.7984062716177021,0.60642346293021721,3.7984062716177021,True,True,False,True,False,False
perle,182748,20,20,1050,2020,1091,0.87254663389691789,4.0639689254840459,0.87254663389691789,4.0639689254840468,True,True,False,True,False,False
perle,182748,20,21,1100,2021,1091,1.1386698048636186,4.3295315793503892,1.1386698048636186,4.3295315793503883,True,True,False,True,False,False
perle,182748,20,22,1150,2022,1091,1.4047929758303193,4.5950942332167326,1.4047929758303193,4.5950942332167335,True,True,False,True,False,False
perle,182748,20,23,1200,2023,1091,1.6709161467970208,4.860656887083076,1.6709161467970208,4.8606568870830742,True,True,False,True,False,False
perle,182748,20,24,1250,2024,1091,1.9370393177637215,5.1262195409494193,1.9370393177637215,5.1262195409494202,True,True,False,True,False,False
perle,182748,20,25,1300,2025,1091,2.2031624887304222,5.3917821948157627,2.2031624887304222,5.3917821948157618,True,True,False,True,False,False
perle,182748,20,26,1350,2026,1091,2.4692856596971229,5.6573448486821061,2.4692856596971229,5.6573448486821079,True,True,False,True,False,False
perle,182748,20,27,1400,2027,1091,2.7354088306638236,5.9229075025484494,2.7354088306638236,5.9229075025484486,True,True,False,True,False,False
perle,182748,20,28,1450,2028,1091,3.0015320016305242,6.1884701564147928,3.0015320016305242,6.1884701564147937,True,True,False,True,False,False
perle,182748,20,29,1500,2029,1091,3.2676551725972249,6.4540328102811362,3.2676551725972249,6.4540328102811353,True,True,False,True,False,False
perle,182748,20,30,1550,2030,1091,3.5337783435639247,6.7195954641474795,3.5337783435639247,6.7195954641474804,True,True,False,True,False,False
perle,182748,20,31,1600,2031,1091,3.7999015145306254,6.9851581180138229,3.7999015145306254,6.9851581180138211,True,True,False,True,False,False
perle,182748,20,32,1650,2032,1091,4.0660246854973261,7.2507207718801663,4.0660246854973261,7.2507207718801663,True,True,False,True,False,False
perle,182748,20,33,1700,2033,1091,4.3321478564640268,7.5162834257465096,4.3321478564640268,7.5162834257465105,True,True,False,True,False,False
perle,182748,20,34,1750,2034,1091,4.5982710274307275,7.781846079612853,4.5982710274307275,7.7818460796128539,True,True,False,True,False,False
perle,182748,20,35,1800,2035,1091,4.8643941983974281,8.0474087334791964,4.8643941983974281,8.0474087334791982,True,True,False,True,False,False
perle,182748,20,36,1850,2036,1091,5.1305173693641288,8.3129713873455398,5.1305173693641288,8.3129713873455398,True,True,False,True,False,False
perle,182748,20,37,1900,2037,1091,5.3966405403308295,8.5785340412118831,5.3966405403308295,8.5785340412118831,True,False,False,True,False,False
perle,182748,20,38,1950,2038,1091,5.6627637112975302,8.8440966950782265,5.6627637112975302,8.8440966950782265,True,False,True,True,False,False
perle,182748,20,39,2000,2039,1091,5.9288868822642309,9.1096593489445699,5.9288868822642309,9.1096593489445699,True,False,True,True,False,False
perle,182748,20,40,2050,2040,1091,6.1950100532309316,9.3752220028109132,6.1950100532309316,9.3752220028109132,True,False,True,True,False,False
perle,182748,20,41,2100,2041,1091,6.4611332241976323,9.6407846566772566,6.4611332241976323,9.6407846566772566,True,False,True,True,False,False
perle,182748,20,42,2150,2042,1091,6.7272563951643329,9.6987316593091002,6.7272563951643329,9.7178685018880522,True,False,True,True,False,True
perle,182748,20,43,2200,2043,1091,6.9933795661310336,9.4417029643949739,6.9933795661310336,9.509009337138286,True,False,True,True,False,True
perle,182748,20,44,2250,2044,1091,7.2595027370977343,9.1846742694808441,7.2595027370977343,9.3001501723885216,True,False,True,True,False,True
perle,182748,20,45,2300,2045,1091,7.525625908064435,8.9276455745667178,7.525625908064435,9.0912910076387554,True,False,True,True,False,True
perle,182748,20,46,2350,2046,1091,7.7917490790311374,8.670616879652588,7.7917490790311374,8.8824318428889875,True,False,True,True,False,True
perle,182748,20,47,2400,2047,1091,8.057872249997839,8.4135881847384599,8.057872249997839,8.6735726781392213,True,False,True,True,False,True
perle,182748,20,48,2450,2048,1091,8.3239954209645397,8.1565594898243319,8.3239954209645397,8.4647135133894551,True,False,True,True,False,True
perle,182748,20,49,2500,2049,1091,8.5901185919312404,7.8995307949102038,8.5901185919312404,8.2558543486396907,True,False,True,True,False,True
perle,182748,20,50,2550,2050,1091,8.8562417628979411,7.6425020999960775,8.8562417628979411,8.0469951838899245,True,False,True,True,False,True
perle,182748,20,51,2600,2051,1091,9.1223649338646418,7.3854734050819495,9.1223649338646418,7.8381360191401592,True,False,True,True,False,True
perle,182748,20,52,2650,2052,1091,9.3884881048313424,7.1284447101678214,9.3884881048313424,7.6292768543903939,True,False,True,True,False,True
perle,182748,20,53,2700,2053,1091,9.6546112757980431,6.8714160152536934,9.6546112757980431,7.4204176896406278,True,False,True,True,False,True
perle,182748,20,54,2750,2054,1091,9.9207344467647438,6.6143873203395653,9.9207344467647438,7.2115585248908625,True,False,True,True,False,True
perle,183171,21,6,350,2106,1124,-2.7571326116712238,1.040558077159552,-2.7571326116712238,1.0173231536134122,True,True,False,False,True,False
perle,183171,21,7,400,2107,1124,-2.427608098774368,1.2195502684632933,-2.427608098774368,1.1790268785273428,True,True,False,False,True,False
perle,183171,21,8,450,2108,1124,-2.0980835858775122,1.3985424597670348,-2.0980835858775122,1.3407306034412736,True,True,False,False,True,False
perle,183171,21,9,500,2109,1124,-1.7685590729806564,1.5775346510707762,-1.7685590729806564,1.5024343283552042,True,True,False,False,True,False
perle,183171,21,10,550,2110,1124,-1.4390345600838006,1.7565268423745177,-1.4390345600838006,1.664138053269135,True,True,False,False,True,False
perle,183171,21,11,600,2111,1124,-1.1095100471869448,1.9355190336782591,-1.1095100471869448,1.8258417781830656,True,True,False,False,True,False
perle,183171,21,12,650,2112,1124,-0.77998553429008943,2.1145112249820004,-0.77998553429008943,1.9875455030969962,True,True,False,False,True,False
perle,183171,21,13,700,2113,1124,-0.45046102139323363,2.2935034162857417,-0.45046102139323363,2.1492492280109268,True,True,False,False,True,False
perle,183171,21,14,750,2114,1124,-0.12093650849637783,2.4724956075894831,-0.12093650849637783,2.310952952924858,True,True,False,False,True,False
perle,183171,21,15,800,2115,1124,0.20858800440047798,2.6514877988932244,0.20858800440047798,2.4726566778387884,True,True,False,False,True,False
perle,183171,21,16,850,2116,1124,0.53811251729733378,2.8304799901969662,0.53811251729733378,2.6343604027527197,True,True,False,False,True,False
perle,183171,21,17,900,2117,1124,0.86763703019418958,3.0094721815007075,0.86763703019418958,2.7960641276666496,True,True,False,False,True,False
perle,183171,21,18,950,2118,1124,1.1971615430910454,3.1884643728044488,1.1971615430910454,2.9577678525805804,True,True,False,False,True,False
perle,183171,21,19,1000,2119,1124,1.5266860559879012,3.3674565641081902,1.5266860559879012,3.1194715774945116,True,True,False,False,True,False
perle,183171,21,20,1050,2120,1124,1.856210568884757,3.5464487554119319,1.856210568884757,3.2811753024084425,True,True,False,False,True,False
perle,183171,21,21,1100,2121,1124,2.1857350817816128,3.7254409467156733,2.1857350817816128,3.4428790273223719,True,True,False,False,True,False
perle,183171,21,22,1150,2122,1124,2.5152595946784686,3.9044331380194146,2.5152595946784686,3.6045827522363036,True,True,False,False,True,False
perle,183171,21,23,1200,2123,1124,2.8447841075753244,4.0834253293231564,2.8447841075753244,3.7662864771502349,True,True,False,False,True,False
perle,183171,21,24,1250,2124,1124,3.1743086204721802,4.2624175206268973,3.1743086204721802,3.9279902020641648,True,True,False,False,True,False
perle,183171,21,25,1300,2125,1124,3.5038331333690351,4.441409711930639,3.5038331333690351,4.0896939269780939,True,True,False,False,True,False
perle,183171,21,26,1350,2126,1124,3.8333576462658918,4.6204019032343808,3.8333576462658918,4.2513976518920256,True,True,False,False,True,False
perle,183171,21,27,1400,2127,1124,4.1628821591627467,4.7993940945381208,4.1628821591627467,4.4131013768059564,True,True,False,False,True,False
perle,183171,21,28,1450,2128,1124,4.4924066720596034,4.9783862858418635,4.4924066720596034,4.5748051017198881,True,True,False,False,True,False
perle,183171,21,29,1500,2129,1124,4.8219311849564583,5.1573784771456044,4.8219311849564583,4.736508826633818,True,True,False,False,True,False
perle,183171,21,30,1550,2130,1124,5.151455697853315,5.3363706684493462,5.151455697853315,4.8982125515477488,True,False,False,False,True,False
perle,183171,21,31,1600,2131,1124,5.4809802107501699,5.515362859753087,5.4809802107501699,5.0599162764616796,True,False,True,False,True,False
perle,183171,21,32,1650,2132,1124,5.8105047236470266,5.6943550510568297,5.8105047236470266,5.2216200013756104,True,False,True,False,True,False
perle,183171,21,33,1700,2133,1124,6.1400292365438816,5.8733472423605697,6.1400292365438816,5.3833237262895413,True,False,True,False,True,False
perle,183171,21,34,1750,2134,1124,6.4695537494407382,6.0523394336643115,6.4695537494407382,5.545027451203473,True,False,True,False,True,False
perle,183171,21,35,1800,2135,1124,6.7990782623375932,6.2313316249680533,6.7990782623375932,5.706731176117402,True,False,True,False,True,False
perle,183171,21,36,1850,2136,1124,7.1286027752344499,6.410323816271795,7.1286027752344499,5.8684349010313337,True,False,True,False,True,False
perle,183171,21,37,1900,2137,1124,7.4581272881313048,6.589316007575535,7.4581272881313048,6.0301386259452636,True,False,True,False,True,False
perle,183171,21,38,1950,2138,1124,7.7876518010281615,6.7683081988792786,7.7876518010281615,6.1918423508591944,True,False,True,False,True,False
perle,183171,21,39,2000,2139,1124,8.1171763139250164,6.9473003901830186,8.1171763139250164,6.3535460757731261,True,False,True,False,True,False
perle,183171,21,40,2050,2140,1124,8.4467008268218731,7.1262925814867604,8.4467008268218731,6.5152498006870561,True,False,True,False,True,False
perle,183171,21,41,2100,2141,1124,8.776225339718728,7.3052847727905021,8.776225339718728,6.6769535256009869,True,False,True,False,True,False
perle,183171,21,42,2150,2142,1124,9.1057498526155847,7.4842769640942439,9.1057498526155847,6.8386572505149186,True,False,True,False,True,False
perle,183171,21,43,2200,2143,1124,9.4352743655124396,7.6632691553979839,9.4352743655124396,7.0003609754288476,True,False,True,False,True,False
perle,183171,21,44,2250,2144,1124,9.7647988784092963,7.8422613467017257,9.7647988784092963,7.1620647003427784,True,False,True,False,True,False
perle,184642,22,6,350,2206,1057,-2.8045624912240461,3.2891130691850594,-2.8045624912240461,3.2989948638259388,True,True,False,False,True,False
perle,184642,22,7,400,2207,1057,-2.5097634442011301,3.0573409969460634,-2.5097634442011301,3.0745952423338032,True,True,False,False,True,False
perle,184642,22,8,450,2208,1057,-2.2149643971782136,2.825568924707067,-2.2149643971782136,2.8501956208416663,True,True,False,False,True,False
perle,184642,22,9,500,2209,1057,-1.9201653501552975,2.593796852468071,-1.9201653501552975,2.6257959993495303,True,True,False,False,True,False
perle,184642,22,10,550,2210,1057,-1.6253663031323815,2.362024780229075,-1.6253663031323815,2.4013963778573939,True,True,False,False,True,False
perle,184642,22,11,600,2211,1057,-1.330567256109465,2.1302527079900786,-1.330567256109465,2.1769967563652575,True,True,False,False,True,False
perle,184642,22,12,650,2212,1057,-1.035768209086549,1.8984806357510826,-1.035768209086549,1.9525971348731213,True,True,False,False,True,False
perle,184642,22,13,700,2213,1057,-0.7409691620636325,1.6667085635120862,-0.7409691620636325,1.7281975133809853,True,True,False,False,True,False
perle,184642,22,14,750,2214,1057,-0.44617011504071602,1.4349364912730898,-0.44617011504071602,1.5037978918888484,True,True,False,False,True,False
perle,184642,22,15,800,2215,1057,-0.15137106801780043,1.2031644190340942,-0.15137106801780043,1.2793982703967124,True,True,False,False,True,False
perle,184642,22,16,850,2216,1057,0.14342797900511606,0.97139234679509778,0.14342797900511606,1.0549986489045762,True,True,False,False,True,False
perle,184642,22,17,900,2217,1057,0.43822702602803254,0.73962027455610135,0.43822702602803254,0.83059902741244007,True,True,False,False,True,False
perle,184642,22,18,950,2218,1057,0.73302607305094813,0.5078482023171057,0.73302607305094813,0.60619940592030397,True,True,False,False,True,False
perle,184642,22,19,1000,2219,1057,1.0278251200738646,0.27607613007810927,1.0278251200738646,0.38179978442816742,True,True,False,False,True,False
perle,184642,22,20,1050,2220,1057,1.3226241670967811,0.044304057839112954,1.3226241670967811,0.15740016293603074,True,True,False,False,True,False
perle,184642,22,21,1100,2221,1057,1.6174232141196967,-0.18746801439988281,1.6174232141196967,-0.06699945855610473,True,True,False,False,True,False
perle,184642,22,22,1150,2222,1057,1.9122222611426132,-0.41924008663887924,1.9122222611426132,-0.29139908004824139,True,True,False,False,True,False
perle,184642,22,23,1200,2223,1057,2.2070213081655297,-0.65101215887787567,2.2070213081655297,-0.51579870154037788,True,True,False,False,True,False
perle,184642,22,24,1250,2224,1057,2.5018203551884461,-0.88278423111687188,2.5018203551884461,-0.74019832303251398,True,True,False,False,True,False
perle,184642,22,25,1300,2225,1057,2.7966194022113617,-1.1145563033558674,2.7966194022113617,-0.9645979445246502,True,True,False,False,True,False
perle,184642,22,26,1350,2226,1057,3.0914184492342782,-1.3463283755948638,3.0914184492342782,-1.1889975660167869,True,True,False,False,True,False
perle,184642,22,27,1400,2227,1057,3.3862174962571947,-1.5781004478338603,3.3862174962571947,-1.4133971875089233,True,True,False,False,True,False
perle,184642,22,28,1450,2228,1057,3.6810165432801112,-1.8098725200728567,3.6810165432801112,-1.6377968090010593,True,True,False,False,True,False
perle,184642,22,29,1500,2229,1057,3.9758155903030277,-2.0416445923118531,3.9758155903030277,-1.8621964304931962,True,True,False,False,True,False
perle,184642,22,30,1550,2230,1057,4.2706146373259424,-2.2734166645508482,4.2706146373259424,-2.0865960519853317,True,True,False,False,True,False
perle,184642,22,31,1600,2231,1057,4.5654136843488589,-2.5051887367898447,4.5654136843488589,-2.3109956734774681,True,True,False,False,True,False
perle,184642,22,32,1650,2232,1057,4.8602127313717753,-2.7369608090288411,4.8602127313717753,-2.5353952949696037,True,True,False,False,True,False
perle,184642,22,33,1700,2233,1057,5.1550117783946918,-2.9687328812678371,5.1550117783946918,-2.7597949164617401,True,False,False,False,True,False
perle,184642,22,34,1750,2234,1057,5.4498108254176083,-3.2005049535068335,5.4498108254176083,-2.9841945379538766,True,False,True,False,True,False
perle,184642,22,35,1800,2235,1057,5.7446098724405248,-3.4322770257458299,5.7446098724405248,-3.2085941594460134,True,False,True,False,True,False
perle,184642,22,36,1850,2236,1057,6.0394089194634413,-3.6640490979848264,6.0394089194634413,-3.432993780938149,True,False,True,False,True,False
perle,184642,22,37,1900,2237,1057,6.334207966486356,-3.895821170223821,6.334207966486356,-3.657393402430285,True,False,True,False,True,False
perle,184642,22,38,1950,2238,1057,6.6290070135092725,-4.127593242462817,6.6290070135092725,-3.8817930239224219,True,False,True,False,True,False
perle,184642,22,39,2000,2239,1057,6.9238060605321889,-4.3593653147018134,6.9238060605321889,-4.1061926454145583,True,False,True,False,True,False
perle,184642,22,40,2050,2240,1057,7.2186051075551054,-4.5911373869408099,7.2186051075551054,-4.3305922669066961,True,False,True,False,True,False
perle,184642,22,41,2100,2241,1057,7.5134041545780219,-4.8229094591798063,7.5134041545780219,-4.5549918883988321,True,False,True,False,True,False
perle,184642,22,42,2150,2242,1057,7.8082032016009384,-5.0546815314188027,7.8082032016009384,-4.7793915098909689,True,False,True,False,True,False
perle,184642,22,43,2200,2243,1057,8.1030022486238522,-5.2864536036577974,8.1030022486238522,-5.0037911313831023,True,False,True,False,True,False
perle,184642,22,44,2250,2244,1057,8.3978012956467687,-5.5182256758967938,8.3978012956467687,-5.2281907528752383,True,False,True,False,True,False
perle,184642,22,45,2300,2245,1057,8.6926003426696852,-5.7499977481357902,8.6926003426696852,-5.4525903743673751,True,False,True,False,True,False
perle,184642,22,46,2350,2246,1057,8.9873993896926017,-5.9817698203747867,8.9873993896926017,-5.676989995859512,True,False,True,False,True,False
perle,184642,22,47,2400,2247,1057,9.2821984367155181,-6.2135418926137831,9.2821984367155181,-5.901389617351648,True,False,True,False,True,False
perle,184642,22,48,2450,2248,1057,9.5769974837384346,-6.4453139648527795,9.5769974837384346,-6.125789238843784,True,False,True,False,True,False
perle,184642,22,49,2500,2249,1057,9.8717965307613511,-6.6770860370917759,9.8717965307613511,-6.3501888603359209,True,False,True,False,True,False
perle,187617,23,6,350,2306,1123,-2.5616338843412101,-9.0381132247849081,-2.5616338843412101,-9.0381132247849063,True,True,False,True,False,False
perle,187617,23,7,400,2307,1123,-2.2306183691057577,-9.2179151411068911,-2.2306183691057577,-9.2179151411068911,True,True,False,True,False,False
perle,187617,23,8,450,2308,1123,-1.8996028538703054,-9.3977170574288742,-1.8996028538703054,-9.397717057428876,True,True,False,True,False,False
perle,187617,23,9,500,2309,1123,-1.5685873386348526,-9.577518973750859,-1.5685873386348526,-9.577518973750859,True,True,False,True,False,False
perle,187617,23,10,550,2310,1123,-1.2375718233994002,-9.7573208900728421,-1.2375718233994002,-9.7573208900728421,True,True,False,True,False,False
perle,187617,23,11,600,2311,1123,-0.90655630816394783,-9.6941375779880019,-0.90655630816394783,-9.6677383649278426,True,True,False,True,False,True
perle,187617,23,12,650,2312,1123,-0.57554079292849547,-9.5181260443069764,-0.57554079292849547,-9.4530693575481575,True,True,False,True,False,True
perle,187617,23,13,700,2313,1123,-0.24452527769304311,-9.3421145106259509,-0.24452527769304311,-9.2384003501684671,True,True,False,True,False,True
perle,187617,23,14,750,2314,1123,0.086490237542409254,-9.1661029769449236,0.086490237542409254,-9.0237313427887802,True,True,False,True,False,True
perle,187617,23,15,800,2315,1123,0.41750575277786162,-8.9900914432638981,0.41750575277786162,-8.8090623354090951,True,True,False,True,False,True
perle,187617,23,16,850,2316,1123,0.74852126801331398,-8.8140799095828726,0.74852126801331398,-8.5943933280294065,True,True,False,True,False,True
perle,187617,23,17,900,2317,1123,1.0795367832487663,-8.6380683759018471,1.0795367832487663,-8.3797243206497178,True,True,False,True,False,True
perle,187617,23,18,950,2318,1123,1.4105522984842196,-8.4620568422208198,1.4105522984842196,-8.1650553132700328,True,True,False,True,False,True
perle,187617,23,19,1000,2319,1123,1.741567813719672,-8.2860453085397943,1.741567813719672,-7.9503863058903441,True,True,False,True,False,True
perle,187617,23,20,1050,2320,1123,2.0725833289551243,-8.1100337748587688,2.0725833289551243,-7.7357172985106564,True,True,False,True,False,True
perle,187617,23,21,1100,2321,1123,2.4035988441905767,-7.9340222411777432,2.4035988441905767,-7.5210482911309704,True,True,False,True,False,True
perle,187617,23,22,1150,2322,1123,2.734614359426029,-7.7580107074967168,2.734614359426029,-7.3063792837512818,True,True,False,True,False,True
perle,187617,23,23,1200,2323,1123,3.0656298746614814,-7.5819991738156913,3.0656298746614814,-7.0917102763715949,True,True,False,True,False,True
perle,187617,23,24,1250,2324,1123,3.3966453898969347,-7.4059876401346649,3.3966453898969347,-6.8770412689919072,True,True,False,True,False,True
perle,187617,23,25,1300,2325,1123,3.7276609051323861,-7.2299761064536394,3.7276609051323861,-6.6623722616122203,True,True,False,True,False,True
perle,187617,23,26,1350,2326,1123,4.0586764203678394,-7.0539645727726139,4.0586764203678394,-6.4477032542325325,True,True,False,True,False,True
perle,187617,23,27,1400,2327,1123,4.3896919356032909,-6.8779530390915884,4.3896919356032909,-6.2330342468528457,True,True,False,True,False,True
perle,187617,23,28,1450,2328,1123,4.7207074508387441,-6.7019415054105611,4.7207074508387441,-6.0183652394731579,True,True,False,True,False,True
perle,187617,23,29,1500,2329,1123,5.0517229660741956,-6.5259299717295365,5.0517229660741956,-5.803696232093472,True,True,False,True,False,True
perle,187617,23,30,1550,2330,1123,5.3827384813096488,-6.3499184380485101,5.3827384813096488,-5.5890272247137833,True,False,False,True,False,True
perle,187617,23,31,1600,2331,1123,5.7137539965451003,-6.1739069043674846,5.7137539965451003,-5.3743582173340974,True,False,True,True,False,True
perle,187617,23,32,1650,2332,1123,6.0447695117805536,-5.9978953706864582,6.0447695117805536,-5.1596892099544096,True,False,True,True,False,True
perle,187617,23,33,1700,2333,1123,6.375785027016005,-5.8218838370054335,6.375785027016005,-4.9450202025747219,True,False,True,True,False,True
perle,187617,23,34,1750,2334,1123,6.7068005422514583,-5.6458723033244063,6.7068005422514583,-4.730351195195035,True,False,True,True,False,True
perle,187617,23,35,1800,2335,1123,7.0378160574869097,-5.4698607696433807,7.0378160574869097,-4.515682187815349,True,False,True,True,False,True
perle,187617,23,36,1850,2336,1123,7.368831572722363,-5.2938492359623552,7.368831572722363,-4.3010131804356604,True,False,True,True,False,True
perle,187617,23,37,1900,2337,1123,7.6998470879578162,-5.1178377022813288,7.6998470879578162,-4.0863441730559726,True,False,True,True,False,True
perle,187617,23,38,1950,2338,1123,8.0308626031932668,-4.9418261686003042,8.0308626031932668,-3.8716751656762867,True,False,True,True,False,True
perle,187617,23,39,2000,2339,1123,8.3618781184287201,-4.7658146349192778,8.3618781184287201,-3.6570061582965994,True,False,True,True,False,True
perle,187617,23,40,2050,2340,1123,8.6928936336641733,-4.5898031012382514,8.6928936336641733,-3.4423371509169112,True,False,True,True,False,True
perle,187617,23,41,2100,2341,1123,9.0239091488996266,-4.413791567557225,9.0239091488996266,-3.2276681435372239,True,False,True,True,False,True
perle,187617,23,42,2150,2342,1123,9.3549246641350763,-4.2377800338762004,9.3549246641350763,-3.0129991361575374,True,False,True,True,False,True
perle,187617,23,43,2200,2343,1123,9.6859401793705295,-4.061768500195174,9.6859401793705295,-2.7983301287778501,True,False,True,True,False,True
perle,197632,24,6,350,2406,1110,-2.4435394865893603,-8.2443028401253269,-2.4435394865893603,-8.2534580605879349,True,True,False,False,True,False
perle,197632,24,7,400,2407,1110,-2.1780961029663595,-7.9794176779409947,-2.1780961029663595,-7.9954006839526537,True,True,False,False,True,False
perle,197632,24,8,450,2408,1110,-1.9126527193433587,-7.7145325157566624,-1.9126527193433587,-7.7373433073173752,True,True,False,False,True,False
perle,197632,24,9,500,2409,1110,-1.6472093357203579,-7.4496473535723302,-1.6472093357203579,-7.4792859306820931,True,True,False,False,True,False
perle,197632,24,10,550,2410,1110,-1.3817659520973571,-7.184762191387998,-1.3817659520973571,-7.2212285540468111,True,True,False,False,True,False
perle,197632,24,11,600,2411,1110,-1.1163225684743563,-6.9198770292036658,-1.1163225684743563,-6.9631711774115299,True,True,False,False,True,False
perle,197632,24,12,650,2412,1110,-0.85087918485135594,-6.6549918670193344,-0.85087918485135594,-6.7051138007762487,True,True,False,False,True,False
perle,197632,24,13,700,2413,1110,-0.58543580122835515,-6.3901067048350022,-0.58543580122835515,-6.4470564241409667,True,True,False,False,True,False
perle,197632,24,14,750,2414,1110,-0.31999241760535435,-6.12522154265067,-0.31999241760535435,-6.1889990475056855,True,True,False,False,True,False
perle,197632,24,15,800,2415,1110,-0.054549033982353556,-5.8603363804663378,-0.054549033982353556,-5.9309416708704035,True,True,False,False,True,False
perle,197632,24,16,850,2416,1110,0.21089434964064768,-5.5954512182820055,0.21089434964064768,-5.6728842942351232,True,True,False,False,True,False
perle,197632,24,17,900,2417,1110,0.47633773326364803,-5.3305660560976733,0.47633773326364803,-5.414826917599842,True,True,False,False,True,False
perle,197632,24,18,950,2418,1110,0.74178111688664838,-5.065680893913342,0.74178111688664838,-5.15676954096456,True,True,False,False,True,False
perle,197632,24,19,1000,2419,1110,1.0072245005096496,-4.8007957317290089,1.0072245005096496,-4.8987121643292779,True,True,False,False,True,False
perle,197632,24,20,1050,2420,1110,1.27266788413265,-4.5359105695446775,1.27266788413265,-4.6406547876939976,True,True,False,False,True,False
perle,197632,24,21,1100,2421,1110,1.5381112677556512,-4.2710254073603453,1.5381112677556512,-4.3825974110587165,True,True,False,False,True,False
perle,197632,24,22,1150,2422,1110,1.8035546513786516,-4.0061402451760131,1.8035546513786516,-4.1245400344234362,True,True,False,False,True,False
perle,197632,24,23,1200,2423,1110,2.0689980350016528,-3.7412550829916809,2.0689980350016528,-3.8664826577881541,True,True,False,False,True,False
perle,197632,24,24,1250,2424,1110,2.3344414186246532,-3.4763699208073491,2.3344414186246532,-3.6084252811528725,True,True,False,False,True,False
perle,197632,24,25,1300,2425,1110,2.5998848022476535,-3.2114847586230173,2.5998848022476535,-3.3503679045175909,True,True,False,False,True,False
perle,197632,24,26,1350,2426,1110,2.8653281858706547,-2.9465995964386851,2.8653281858706547,-3.0923105278823093,True,True,False,False,True,False
perle,197632,24,27,1400,2427,1110,3.1307715694936551,-2.6817144342543533,3.1307715694936551,-2.8342531512470281,True,True,False,False,True,False
perle,197632,24,28,1450,2428,1110,3.3962149531166563,-2.4168292720700206,3.3962149531166563,-2.5761957746117465,True,True,False,False,True,False
perle,197632,24,29,1500,2429,1110,3.6616583367396567,-2.1519441098856888,3.6616583367396567,-2.3181383979764663,True,True,False,False,True,False
perle,197632,24,30,1550,2430,1110,3.927101720362657,-1.8870589477013571,3.927101720362657,-2.0600810213411842,True,True,False,False,True,False
perle,197632,24,31,1600,2431,1110,4.1925451039856583,-1.6221737855170248,4.1925451039856583,-1.8020236447059028,True,True,False,False,True,False
perle,197632,24,32,1650,2432,1110,4.4579884876086595,-1.3572886233326917,4.4579884876086595,-1.5439662680706205,True,True,False,False,True,False
perle,197632,24,33,1700,2433,1110,4.7234318712316608,-1.0924034611483595,4.7234318712316608,-1.2859088914353389,True,True,False,False,True,False
perle,197632,24,34,1750,2434,1110,4.9888752548546602,-0.82751829896402906,4.9888752548546602,-1.0278515148000598,True,True,False,False,True,False
perle,197632,24,35,1800,2435,1110,5.2543186384776615,-0.56263313677969595,5.2543186384776615,-0.76979413816477804,True,False,False,False,True,False
perle,197632,24,36,1850,2436,1110,5.5197620221006627,-0.29774797459536373,5.5197620221006627,-0.51173676152949621,True,False,True,False,True,False
perle,197632,24,37,1900,2437,1110,5.7852054057236622,-0.032862812411032394,5.7852054057236622,-0.25367938489421588,True,False,True,False,True,False
perle,197632,24,38,1950,2438,1110,6.0506487893466634,0.23202234977329983,6.0506487893466634,0.0043779917410660917,True,False,True,False,True,False
perle,197632,24,39,2000,2439,1110,6.3160921729696646,0.49690751195763205,6.3160921729696646,0.26243536837634795,True,False,True,False,True,False
perle,197632,24,40,2050,2440,1110,6.5815355565926659,0.76179267414196516,6.5815355565926659,0.52049274501162957,True,False,True,False,True,False
perle,197632,24,41,2100,2441,1110,6.8469789402156653,1.0266778363262956,6.8469789402156653,0.77855012164691006,True,False,True,False,True,False
perle,197632,24,42,2150,2442,1110,7.1124223238386666,1.2915629985106278,7.1124223238386666,1.0366074982821918,True,False,True,False,True,False
perle,197632,24,43,2200,2443,1110,7.3778657074616678,1.5564481606949609,7.3778657074616678,1.2946648749174736,True,False,True,False,True,False
perle,197632,24,44,2250,2444,1110,7.6433090910846673,1.8213333228792914,7.6433090910846673,1.5527222515527539,True,False,True,False,True,False
perle,197632,24,45,2300,2445,1110,7.9087524747076685,2.0862184850636245,7.9087524747076685,1.8107796281880357,True,False,True,False,True,False
perle,197632,24,46,2350,2446,1110,8.1741958583306698,2.3511036472479567,8.1741958583306698,2.0688370048233176,True,False,True,False,True,False
perle,197632,24,47,2400,2447,1110,8.439639241953671,2.6159888094322898,8.439639241953671,2.3268943814586001,True,False,True,False,True,False
perle,197632,24,48,2450,2448,1110,8.7050826255766705,2.8808739716166194,8.7050826255766705,2.5849517580938803,True,False,True,False,True,False
perle,197632,24,49,2500,2449,1110,8.9705260091996717,3.1457591338009525,8.9705260091996717,2.8430091347291619,True,False,True,False,True,False
perle,197632,24,50,2550,2450,1110,9.2359693928226729,3.4106442959852856,9.2359693928226729,3.101066511364444,True,False,True,False,True,False
perle,197632,24,51,2600,2451,1110,9.5014127764456724,3.675529458169617,9.5014127764456724,3.3591238879997225,True,False,True,False,True,False
perle,197632,24,52,2650,2452,1110,9.7668561600686736,3.9404146203539483,9.7668561600686736,3.6171812646350041,True,False,True,False,True,False
perle,199564,25,6,350,2506,1095,-2.3981095716020544,-4.6948797030517024,-2.3981095716020544,-4.6853547191179032,True,True,False,False,True,False
perle,199564,25,7,400,2507,1095,-2.0994453299870202,-4.4681134548909167,-2.0994453299870202,-4.4515265720604935,True,True,False,False,True,False
perle,199564,25,8,450,2508,1095,-1.8007810883719864,-4.2413472067301328,-1.8007810883719864,-4.217698425003082,True,True,False,False,True,False
perle,199564,25,9,500,2509,1095,-1.5021168467569521,-4.014580958569347,-1.5021168467569521,-3.9838702779456718,True,True,False,False,True,False
perle,199564,25,10,550,2510,1095,-1.2034526051419179,-3.7878147104085618,-1.2034526051419179,-3.7500421308882603,True,True,False,False,True,False
perle,199564,25,11,600,2511,1095,-0.90478836352688408,-3.5610484622477769,-0.90478836352688408,-3.5162139838308502,True,True,False,False,True,False
perle,199564,25,12,650,2512,1095,-0.60612412191184983,-3.3342822140869917,-0.60612412191184983,-3.2823858367734391,True,True,False,False,True,False
perle,199564,25,13,700,2513,1095,-0.30745988029681559,-3.1075159659262064,-0.30745988029681559,-3.0485576897160285,True,True,False,False,True,False
perle,199564,25,14,750,2514,1095,-0.0087956386817813481,-2.8807497177654211,-0.0087956386817813481,-2.8147295426586174,True,True,False,False,True,False
perle,199564,25,15,800,2515,1095,0.28986860293325289,-2.6539834696046358,0.28986860293325289,-2.5809013956012068,True,True,False,False,True,False
perle,199564,25,16,850,2516,1095,0.58853284454828625,-2.4272172214438514,0.58853284454828625,-2.3470732485437962,True,True,False,False,True,False
perle,199564,25,17,900,2517,1095,0.88719708616332049,-2.2004509732830662,0.88719708616332049,-2.1132451014863856,True,True,False,False,True,False
perle,199564,25,18,950,2518,1095,1.1858613277783547,-1.9736847251222809,1.1858613277783547,-1.8794169544289745,True,True,False,False,True,False
perle,199564,25,19,1000,2519,1095,1.484525569393389,-1.7469184769614958,1.484525569393389,-1.6455888073715632,True,True,False,False,True,False
perle,199564,25,20,1050,2520,1095,1.7831898110084232,-1.5201522288007105,1.7831898110084232,-1.4117606603141528,True,True,False,False,True,False
perle,199564,25,21,1100,2521,1095,2.0818540526234575,-1.2933859806399253,2.0818540526234575,-1.1779325132567415,True,True,False,False,True,False
perle,199564,25,22,1150,2522,1095,2.3805182942384908,-1.0666197324791407,2.3805182942384908,-0.94410436619933147,True,True,False,False,True,False
perle,199564,25,23,1200,2523,1095,2.6791825358535251,-0.83985348431835538,2.6791825358535251,-0.71027621914192085,True,True,False,False,True,False
perle,199564,25,24,1250,2524,1095,2.9778467774685593,-0.6130872361575701,2.9778467774685593,-0.47644807208450979,True,True,False,False,True,False
perle,199564,25,25,1300,2525,1095,3.2765110190835935,-0.38632098799678483,3.2765110190835935,-0.24261992502709942,True,True,False,False,True,False
perle,199564,25,26,1350,2526,1095,3.5751752606986278,-0.15955473983599999,3.5751752606986278,-0.0087917779696880978,True,True,False,False,True,False
perle,199564,25,27,1400,2527,1095,3.873839502313662,0.067211508324785285,3.873839502313662,0.22503636908772309,True,True,False,False,True,False
perle,199564,25,28,1450,2528,1095,4.1725037439286963,0.29397775648557056,4.1725037439286963,0.45886451614513424,True,True,False,False,True,False
perle,199564,25,29,1500,2529,1095,4.4711679855437305,0.52074400464635584,4.4711679855437305,0.69269266320254419,True,True,False,False,True,False
perle,199564,25,30,1550,2530,1095,4.7698322271587648,0.74751025280714112,4.7698322271587648,0.92652081025995547,True,True,False,False,True,False
perle,199564,25,31,1600,2531,1095,5.068496468773799,0.9742765009679264,5.068496468773799,1.1603489573173666,True,True,False,False,True,False
perle,199564,25,32,1650,2532,1095,5.3671607103888315,1.2010427491287099,5.3671607103888315,1.3941771043747766,True,False,False,False,True,False
perle,199564,25,33,1700,2533,1095,5.6658249520038657,1.4278089972894956,5.6658249520038657,1.6280052514321854,True,False,True,False,True,False
perle,199564,25,34,1750,2534,1095,5.9644891936189,1.6545752454502805,5.9644891936189,1.8618333984895987,True,False,True,False,True,False
perle,199564,25,35,1800,2535,1095,6.2631534352339342,1.8813414936110662,6.2631534352339342,2.0956615455470082,True,False,True,False,True,False
perle,199564,25,36,1850,2536,1095,6.5618176768489684,2.108107741771851,6.5618176768489684,2.3294896926044197,True,False,True,False,True,False
perle,199564,25,37,1900,2537,1095,6.8604819184640027,2.3348739899326367,6.8604819184640027,2.5633178396618304,True,False,True,False,True,False
perle,199564,25,38,1950,2538,1095,7.1591461600790369,2.5616402380934216,7.1591461600790369,2.7971459867192423,True,False,True,False,True,False
perle,199564,25,39,2000,2539,1095,7.4578104016940712,2.7884064862542073,7.4578104016940712,3.0309741337766511,True,False,True,False,True,False
perle,199564,25,40,2050,2540,1095,7.7564746433091054,3.0151727344149921,7.7564746433091054,3.2648022808340635,True,False,True,False,True,False
perle,199564,25,41,2100,2541,1095,8.0551388849241405,3.2419389825757778,8.0551388849241405,3.498630427891475,True,False,True,False,True,False
perle,199564,25,42,2150,2542,1095,8.353803126539173,3.4687052307365618,8.353803126539173,3.7324585749488843,True,False,True,False,True,False
perle,199564,25,43,2200,2543,1095,8.652467368154209,3.6954714788973484,8.652467368154209,3.9662867220062958,True,False,True,False,True,False
perle,199564,25,44,2250,2544,1095,8.9511316097692415,3.9222377270581323,8.9511316097692415,4.2001148690637056,True,False,True,False,True,False
perle,199564,25,45,2300,2545,1095,9.249795851384274,4.1490039752189158,9.249795851384274,4.4339430161211144,True,False,True,False,True,False
perle,199564,25,46,2350,2546,1095,9.54846009299931,4.3757702233797033,9.54846009299931,4.6677711631785277,True,False,True,False,True,False
perle,199564,25,47,2400,2547,1095,9.8471243346143424,4.6025364715404873,9.8471243346143424,4.9015993102359374,True,False,True,False,True,False
perle,204372,26,6,350,2606,1078,-2.4254688156917954,3.2623397236842075,-2.4254688156917954,3.2906038123343491,True,True,False,False,True,False
perle,204372,26,7,400,2607,1078,-2.1469699817222065,3.011220271858789,-2.1469699817222065,3.0605389175815159,True,True,False,False,True,False
perle,204372,26,8,450,2608,1078,-1.8684711477526177,2.7601008200333705,-1.8684711477526177,2.8304740228286831,True,True,False,False,True,False
perle,204372,26,9,500,2609,1078,-1.5899723137830288,2.5089813682079525,-1.5899723137830288,2.6004091280758495,True,True,False,False,True,False
perle,204372,26,10,550,2610,1078,-1.31147347981344,2.2578619163825344,-1.31147347981344,2.3703442333230162,True,True,False,False,True,False
perle,204372,26,11,600,2611,1078,-1.0329746458438511,2.0067424645571159,-1.0329746458438511,2.1402793385701835,True,True,False,False,True,False
perle,204372,26,12,650,2612,1078,-0.75447581187426227,1.7556230127316979,-0.75447581187426227,1.9102144438173498,True,True,False,False,True,False
perle,204372,26,13,700,2613,1078,-0.47597697790467342,1.5045035609062796,-0.47597697790467342,1.6801495490645169,True,True,False,False,True,False
perle,204372,26,14,750,2614,1078,-0.19747814393508456,1.2533841090808613,-0.19747814393508456,1.4500846543116837,True,True,False,False,True,False
perle,204372,26,15,800,2615,1078,0.081020690034504739,1.0022646572554426,0.081020690034504739,1.2200197595588502,True,True,False,False,True,False
perle,204372,26,16,850,2616,1078,0.35951952400409315,0.75114520543002472,0.35951952400409315,0.98995486480601746,True,True,False,False,True,False
perle,204372,26,17,900,2617,1078,0.63801835797368245,0.5000257536046061,0.63801835797368245,0.75988997005318415,True,True,False,False,True,False
perle,204372,26,18,950,2618,1078,0.91651719194327086,0.24890630177918827,0.91651719194327086,0.52982507530035128,True,True,False,False,True,False
perle,204372,26,19,1000,2619,1078,1.1950160259128602,-0.0022131500462303499,1.1950160259128602,0.29976018054751769,True,True,False,False,True,False
perle,204372,26,20,1050,2620,1078,1.4735148598824495,-0.25333260187164908,1.4735148598824495,0.069695285794684231,True,True,False,False,True,False
perle,204372,26,21,1100,2621,1078,1.7520136938520379,-0.50445205369706692,1.7520136938520379,-0.16036960895814864,True,True,False,False,True,False
perle,204372,26,22,1150,2622,1078,2.0305125278216272,-0.75557150552248564,2.0305125278216272,-0.39043450371098215,True,True,False,False,True,False
perle,204372,26,23,1200,2623,1078,2.3090113617912156,-1.0066909573479033,2.3090113617912156,-0.62049939846381508,True,True,False,False,True,False
perle,204372,26,24,1250,2624,1078,2.5875101957608049,-1.2578104091733222,2.5875101957608049,-0.8505642932166485,True,True,False,False,True,False
perle,204372,26,25,1300,2625,1078,2.8660090297303933,-1.5089298609987398,2.8660090297303933,-1.0806291879694809,True,True,False,False,True,False
perle,204372,26,26,1350,2626,1078,3.1445078636999826,-1.7600493128241588,3.1445078636999826,-1.3106940827223144,True,True,False,False,True,False
perle,204372,26,27,1400,2627,1078,3.423006697669571,-2.0111687646495762,3.423006697669571,-1.5407589774751473,True,True,False,False,True,False
perle,204372,26,28,1450,2628,1078,3.7015055316391594,-2.2622882164749942,3.7015055316391594,-1.7708238722279808,True,True,False,False,True,False
perle,204372,26,29,1500,2629,1078,3.9800043656087487,-2.5134076683004132,3.9800043656087487,-2.0008887669808137,True,True,False,False,True,False
perle,204372,26,30,1550,2630,1078,4.258503199578338,-2.7645271201258312,4.258503199578338,-2.2309536617336478,True,True,False,False,True,False
perle,204372,26,31,1600,2631,1078,4.5370020335479273,-3.0156465719512502,4.5370020335479273,-2.461018556486481,True,True,False,False,True,False
perle,204372,26,32,1650,2632,1078,4.8155008675175166,-3.2667660237766691,4.8155008675175166,-2.6910834512393147,True,True,False,False,True,False
perle,204372,26,33,1700,2633,1078,5.0939997014871041,-3.5178854756020863,5.0939997014871041,-2.9211483459921461,True,False,False,False,True,False
perle,204372,26,34,1750,2634,1078,5.3724985354566934,-3.7690049274275053,5.3724985354566934,-3.1512132407449807,True,False,True,False,True,False
perle,204372,26,35,1800,2635,1078,5.6509973694262827,-4.0201243792529233,5.6509973694262827,-3.3812781354978134,True,False,True,False,True,False
perle,204372,26,36,1850,2636,1078,5.929496203395872,-4.2712438310783423,5.929496203395872,-3.611343030250648,True,False,True,False,True,False
perle,204372,26,37,1900,2637,1078,6.2079950373654595,-4.5223632829037594,6.2079950373654595,-3.8414079250034776,True,False,True,False,True,False
perle,204372,26,38,1950,2638,1078,6.4864938713350488,-4.7734827347291775,6.4864938713350488,-4.0714728197563126,True,False,True,False,True,False
perle,204372,26,39,2000,2639,1078,6.7649927053046381,-5.0246021865545965,6.7649927053046381,-4.3015377145091458,True,False,True,False,True,False
perle,204372,26,40,2050,2640,1078,7.0434915392742274,-5.2757216383800154,7.0434915392742274,-4.531602609261979,True,False,True,False,True,False
perle,204372,26,41,2100,2641,1078,7.3219903732438167,-5.5268410902054335,7.3219903732438167,-4.7616675040148113,True,False,True,False,True,False
perle,204372,26,42,2150,2642,1078,7.6004892072134043,-5.7779605420308506,7.6004892072134043,-4.9917323987676463,True,False,True,False,True,False
perle,204372,26,43,2200,2643,1078,7.8789880411829936,-6.0290799938562696,7.8789880411829936,-5.2217972935204786,True,False,True,False,True,False
perle,204372,26,44,2250,2644,1078,8.157486875152582,-6.2801994456816876,8.157486875152582,-5.4518621882733109,True,False,True,False,True,False
perle,204372,26,45,2300,2645,1078,8.4359857091221713,-6.5313188975071057,8.4359857091221713,-5.681927083026145,True,False,True,False,True,False
perle,204372,26,46,2350,2646,1078,8.7144845430917606,-6.7824383493325247,8.7144845430917606,-5.9119919777789773,True,False,True,False,True,False
perle,204372,26,47,2400,2647,1078,8.9929833770613499,-7.0335578011579436,8.9929833770613499,-6.1420568725318114,True,False,True,False,True,False
perle,204372,26,48,2450,2648,1078,9.2714822110309392,-7.2846772529833625,9.2714822110309392,-6.3721217672846455,True,False,True,False,True,False
perle,204372,26,49,2500,2649,1078,9.5499810450005285,-7.5357967048087815,9.5499810450005285,-6.6021866620374787,True,False,True,False,True,False
perle,204372,26,50,2550,2650,1078,9.8284798789701178,-7.7869161566341987,9.8284798789701178,-6.832251556790311,True,False,True,False,True,False
perle,204678,27,6,350,2706,1040,-2.3812426691798354,4.2755148040001618,-2.3812426691798354,4.27551480400016,True,True,False,True,False,False
perle,204678,27,7,400,2707,1040,-2.0677057028802639,4.4818014677374451,-2.0677057028802639,4.481801467737446,True,True,False,True,False,False
perle,204678,27,8,450,2708,1040,-1.7541687365806924,4.6880881314747285,-1.7541687365806924,4.6880881314747285,True,True,False,True,False,False
perle,204678,27,9,500,2709,1040,-1.4406317702811204,4.8943747952120118,-1.4406317702811204,4.8943747952120127,True,True,False,True,False,False
perle,204678,27,10,550,2710,1040,-1.1270948039815489,5.1006614589492951,-1.1270948039815489,5.1006614589492951,True,True,False,True,False,False
perle,204678,27,11,600,2711,1040,-0.81355783768197698,5.3069481226865776,-0.81355783768197698,5.3069481226865776,True,True,False,True,False,False
perle,204678,27,12,650,2712,1040,-0.50002087138240547,5.5132347864238609,-0.50002087138240547,5.5132347864238609,True,True,False,True,False,False
perle,204678,27,13,700,2713,1040,-0.18648390508283352,5.7195214501611442,-0.18648390508283352,5.7195214501611433,True,True,False,True,False,False
perle,204678,27,14,750,2714,1040,0.12705306121673754,5.9258081138984267,0.12705306121673754,5.9258081138984267,True,True,False,True,False,False
perle,204678,27,15,800,2715,1040,0.44059002751630949,6.13209477763571,0.44059002751630949,6.13209477763571,True,True,False,True,False,False
perle,204678,27,16,850,2716,1040,0.75412699381588144,6.3383814413729933,0.75412699381588144,6.3383814413729924,True,True,False,True,False,False
perle,204678,27,17,900,2717,1040,1.0676639601154525,6.5446681051102766,1.0676639601154525,6.5446681051102757,True,True,False,True,False,False
perle,204678,27,18,950,2718,1040,1.3812009264150245,6.75095476884756,1.3812009264150245,6.7509547688475617,True,True,False,True,False,False
perle,204678,27,19,1000,2719,1040,1.6947378927145964,6.9572414325848433,1.6947378927145964,6.9572414325848406,True,True,False,True,False,False
perle,204678,27,20,1050,2720,1040,2.0082748590141675,7.1635280963221257,2.0082748590141675,7.1635280963221266,True,True,False,True,False,False
perle,204678,27,21,1100,2721,1040,2.3218118253137394,7.3698147600594091,2.3218118253137394,7.3698147600594117,True,True,False,True,False,False
perle,204678,27,22,1150,2722,1040,2.6353487916133114,7.5761014237966924,2.6353487916133114,7.5761014237966906,True,True,False,True,False,False
perle,204678,27,23,1200,2723,1040,2.9488857579128833,7.7823880875339757,2.9488857579128833,7.7823880875339748,True,True,False,True,False,False
perle,204678,27,24,1250,2724,1040,3.2624227242124544,7.9886747512712581,3.2624227242124544,7.9886747512712608,True,True,False,True,False,False
perle,204678,27,25,1300,2725,1040,3.5759596905120263,8.1949614150085424,3.5759596905120263,8.1949614150085459,True,True,False,True,False,False
perle,204678,27,26,1350,2726,1040,3.8894966568115974,8.4012480787458248,3.8894966568115974,8.4012480787458248,True,True,False,True,False,False
perle,204678,27,27,1400,2727,1040,4.2030336231111702,8.607534742483109,4.2030336231111702,8.607534742483109,True,True,False,True,False,False
perle,204678,27,28,1450,2728,1040,4.5165705894107413,8.8138214062203915,4.5165705894107413,8.8138214062203932,True,True,False,True,False,False
perle,204678,27,29,1500,2729,1040,4.8301075557103124,9.0201080699576739,4.8301075557103124,9.0201080699576739,True,True,False,True,False,False
perle,204678,27,30,1550,2730,1040,5.1436445220098852,9.2263947336949581,5.1436445220098852,9.2263947336949563,True,False,False,True,False,False
perle,204678,27,31,1600,2731,1040,5.4571814883094563,9.4326813974322405,5.4571814883094563,9.4326813974322423,True,False,True,True,False,False
perle,204678,27,32,1650,2732,1040,5.7707184546090273,9.638968061169523,5.7707184546090273,9.638968061169523,True,False,True,True,False,False
perle,204678,27,33,1700,2733,1040,6.0842554209086002,9.8347818490237131,6.0842554209086002,9.8344931584426796,True,False,True,True,False,True
perle,204678,27,34,1750,2734,1040,6.3977923872081712,9.6311428265962657,6.3977923872081712,9.6195543091252773,True,False,True,True,False,True
perle,204678,27,35,1800,2735,1040,6.7113293535077423,9.4275038041688184,6.7113293535077423,9.4046154598078751,True,False,True,True,False,True
perle,204678,27,36,1850,2736,1040,7.0248663198073151,9.2238647817413693,7.0248663198073151,9.189676610490471,True,False,True,True,False,True
perle,204678,27,37,1900,2737,1040,7.3384032861068862,9.0202257593139219,7.3384032861068862,8.9747377611730688,True,False,True,True,False,True
perle,204678,27,38,1950,2738,1040,7.6519402524064573,8.8165867368864745,7.6519402524064573,8.7597989118556665,True,False,True,True,False,True
perle,204678,27,39,2000,2739,1040,7.9654772187060301,8.6129477144590254,7.9654772187060301,8.5448600625382625,True,False,True,True,False,True
perle,204678,27,40,2050,2740,1040,8.2790141850056003,8.4093086920315798,8.2790141850056003,8.3299212132208602,True,False,True,True,False,True
perle,204678,27,41,2100,2741,1040,8.5925511513051731,8.2056696696041307,8.5925511513051731,8.1149823639034562,True,False,True,True,False,True
perle,204678,27,42,2150,2742,1040,8.9060881176047459,8.0020306471766816,8.9060881176047459,7.9000435145860521,True,False,True,True,False,True
perle,204678,27,43,2200,2743,1040,9.2196250839043152,7.7983916247492351,9.2196250839043152,7.6851046652686517,True,False,True,True,False,True
perle,204678,27,44,2250,2744,1040,9.5331620502038881,7.594752602321786,9.5331620502038881,7.4701658159512467,True,False,True,True,False,True
perle,204678,27,45,2300,2745,1040,9.8466990165034609,7.3911135798943368,9.8466990165034609,7.2552269666338418,True,False,True,True,False,True
perle,206128,28,6,350,2806,1076,-2.3025780745617639,6.231758392729942,-2.3025780745617639,6.276529949613769,True,True,False,False,True,False
perle,206128,28,7,400,2807,1076,-1.9321120884988097,5.8084919525305372,-1.9321120884988097,5.8866640460955262,True,True,False,False,True,False
perle,206128,28,8,450,2808,1076,-1.5616461024358559,5.3852255123311332,-1.5616461024358559,5.4967981425772843,True,True,False,False,True,False
perle,206128,28,9,500,2809,1076,-1.1911801163729021,4.9619590721317293,-1.1911801163729021,5.106932239059045,True,True,False,False,True,False
perle,206128,28,10,550,2810,1076,-0.82071413030994833,4.5386926319323253,-0.82071413030994833,4.7170663355408031,True,True,False,False,True,False
perle,206128,28,11,600,2811,1076,-0.45024814424699411,4.1154261917329205,-0.45024814424699411,4.3272004320225612,True,True,False,False,True,False
perle,206128,28,12,650,2812,1076,-0.079782158184039886,3.6921597515335161,-0.079782158184039886,3.9373345285043189,True,True,False,False,True,False
perle,206128,28,13,700,2813,1076,0.29068382787891345,3.2688933113341125,0.29068382787891345,3.5474686249860778,True,True,False,False,True,False
perle,206128,28,14,750,2814,1076,0.66114981394186767,2.8456268711347081,0.66114981394186767,3.1576027214678359,True,True,False,False,True,False
perle,206128,28,15,800,2815,1076,1.0316158000048219,2.4223604309353037,1.0316158000048219,2.7677368179495936,True,True,False,False,True,False
perle,206128,28,16,850,2816,1076,1.4020817860677752,1.9990939907359002,1.4020817860677752,2.377870914431353,True,True,False,False,True,False
perle,206128,28,17,900,2817,1076,1.7725477721307294,1.5758275505364958,1.7725477721307294,1.9880050109131118,True,True,False,False,True,False
perle,206128,28,18,950,2818,1076,2.1430137581936837,1.1525611103370914,2.1430137581936837,1.598139107394869,True,True,False,False,True,False
perle,206128,28,19,1000,2819,1076,2.513479744256637,0.72929467013768789,2.513479744256637,1.208273203876628,True,True,False,False,True,False
perle,206128,28,20,1050,2820,1076,2.8839457303195912,0.30602822993828349,2.8839457303195912,0.81840730035838649,True,True,False,False,True,False
perle,206128,28,21,1100,2821,1076,3.2544117163825446,-0.11723821026112002,3.2544117163825446,0.42854139684014564,True,True,False,False,True,False
perle,206128,28,22,1150,2822,1076,3.6248777024454997,-0.54050465046052576,3.6248777024454997,0.038675493321902316,True,True,False,False,True,False
perle,206128,28,23,1200,2823,1076,3.995343688508453,-0.96377109065992883,3.995343688508453,-0.35119041019633851,True,True,False,False,True,False
perle,206128,28,24,1250,2824,1076,4.3658096745714063,-1.3870375308593328,4.3658096745714063,-0.74105631371457925,True,True,False,False,True,False
perle,206128,28,25,1300,2825,1076,4.7362756606343615,-1.8103039710587385,4.7362756606343615,-1.1309222172328217,True,True,False,False,True,False
perle,206128,28,26,1350,2826,1076,5.1067416466973148,-2.2335704112581416,5.1067416466973148,-1.5207881207510627,True,True,False,False,True,False
perle,206128,28,27,1400,2827,1076,5.4772076327602681,-2.6568368514575456,5.4772076327602681,-1.9106540242693022,True,False,False,False,True,False
perle,206128,28,28,1450,2828,1076,5.8476736188232232,-3.0801032916569504,5.8476736188232232,-2.3005199277875477,True,False,True,False,True,False
perle,206128,28,29,1500,2829,1076,6.2181396048861766,-3.5033697318563544,6.2181396048861766,-2.6903858313057882,True,False,True,False,True,False
perle,206128,28,30,1550,2830,1076,6.5886055909491299,-3.9266361720557574,6.5886055909491299,-3.0802517348240293,True,False,True,False,True,False
perle,206128,28,31,1600,2831,1076,6.959071577012085,-4.3499026122551632,6.959071577012085,-3.4701176383422703,True,False,True,False,True,False
perle,206128,28,32,1650,2832,1076,7.3295375630750383,-4.7731690524545671,7.3295375630750383,-3.8599835418605108,True,False,True,False,True,False
perle,206128,28,33,1700,2833,1076,7.7000035491379917,-5.1964354926539693,7.7000035491379917,-4.2498494453787528,True,False,True,False,True,False
perle,206128,28,34,1750,2834,1076,8.0704695352009459,-5.619701932853375,8.0704695352009459,-4.6397153488969947,True,False,True,False,True,False
perle,206128,28,35,1800,2835,1076,8.4409355212638992,-6.0429683730527772,8.4409355212638992,-5.0295812524152357,True,False,True,False,True,False
perle,206128,28,36,1850,2836,1076,8.8114015073268526,-6.4662348132521812,8.8114015073268526,-5.4194471559334758,True,False,True,False,True,False
perle,206128,28,37,1900,2837,1076,9.1818674933898095,-6.8895012534515887,9.1818674933898095,-5.8093130594517222,True,False,True,False,True,False
perle,206128,28,38,1950,2838,1076,9.5523334794527628,-7.3127676936509927,9.5523334794527628,-6.1991789629699623,True,False,True,False,True,False
perle,206128,28,39,2000,2839,1076,9.9227994655157161,-7.7360341338503966,9.9227994655157161,-6.5890448664882033,True,False,True,False,True,False
perle,217817,29,6,350,2906,1095,-1.9834117493593513,-8.4740874456097508,-1.9834117493593513,-8.4740874456097526,True,True,False,True,False,False
perle,217817,29,7,400,2907,1095,-1.6690437442171921,-8.6809209864347565,-1.6690437442171921,-8.6809209864347583,True,True,False,True,False,False
perle,217817,29,8,450,2908,1095,-1.3546757390750335,-8.8877545272597605,-1.3546757390750335,-8.8877545272597605,True,True,False,True,False,False
perle,217817,29,9,500,2909,1095,-1.0403077339328748,-9.0945880680847662,-1.0403077339328748,-9.0945880680847679,True,True,False,True,False,False
perle,217817,29,10,550,2910,1095,-0.72593972879071611,-9.3014216089097701,-0.72593972879071611,-9.3014216089097719,True,True,False,True,False,False
perle,217817,29,11,600,2911,1095,-0.41157172364855699,-9.5082551497347758,-0.41157172364855699,-9.5082551497347758,True,True,False,True,False,False
perle,217817,29,12,650,2912,1095,-0.097203718506398751,-9.7150886905597797,-0.097203718506398751,-9.7150886905597797,True,True,False,True,False,False
perle,217817,29,13,700,2913,1095,0.21716428663575993,-9.7807515238126399,0.21716428663575993,-9.771078441374268,True,True,False,True,False,True
perle,217817,29,14,750,2914,1095,0.5315322917779195,-9.5765964226794704,0.5315322917779195,-9.5387622076430691,True,True,False,True,False,True
perle,217817,29,15,800,2915,1095,0.84590029692007818,-9.3724413215463009,0.84590029692007818,-9.3064459739118721,True,True,False,True,False,True
perle,217817,29,16,850,2916,1095,1.1602683020622369,-9.1682862204131315,1.1602683020622369,-9.0741297401806733,True,True,False,True,False,True
perle,217817,29,17,900,2917,1095,1.4746363072043955,-8.9641311192799602,1.4746363072043955,-8.8418135064494763,True,True,False,True,False,True
perle,217817,29,18,950,2918,1095,1.7890043123465542,-8.7599760181467907,1.7890043123465542,-8.6094972727182792,True,True,False,True,False,True
perle,217817,29,19,1000,2919,1095,2.1033723174887129,-8.5558209170136212,2.1033723174887129,-8.3771810389870787,True,True,False,True,False,True
perle,217817,29,20,1050,2920,1095,2.4177403226308716,-8.3516658158804518,2.4177403226308716,-8.1448648052558834,True,True,False,True,False,True
perle,217817,29,21,1100,2921,1095,2.7321083277730303,-8.1475107147472805,2.7321083277730303,-7.9125485715246846,True,True,False,True,False,True
perle,217817,29,22,1150,2922,1095,3.0464763329151889,-7.9433556136141119,3.0464763329151889,-7.6802323377934867,True,True,False,True,False,True
perle,217817,29,23,1200,2923,1095,3.3608443380573485,-7.7392005124809415,3.3608443380573485,-7.4479161040622879,True,True,False,True,False,True
perle,217817,29,24,1250,2924,1095,3.6752123431995072,-7.5350454113477712,3.6752123431995072,-7.21559987033109,True,True,False,True,False,True
perle,217817,29,25,1300,2925,1095,3.989580348341665,-7.3308903102146026,3.989580348341665,-6.9832836365998938,True,True,False,True,False,True
perle,217817,29,26,1350,2926,1095,4.3039483534838237,-7.1267352090814322,4.3039483534838237,-6.7509674028686959,True,True,False,True,False,True
perle,217817,29,27,1400,2927,1095,4.6183163586259823,-6.9225801079482618,4.6183163586259823,-6.518651169137498,True,True,False,True,False,True
perle,217817,29,28,1450,2928,1095,4.9326843637681428,-6.7184250068150915,4.9326843637681428,-6.2863349354062983,True,True,False,True,False,True
perle,217817,29,29,1500,2929,1095,5.2470523689103015,-6.5142699056819211,5.2470523689103015,-6.0540187016751004,True,False,False,True,False,True
perle,217817,29,30,1550,2930,1095,5.5614203740524601,-6.3101148045487516,5.5614203740524601,-5.8217024679439024,True,False,True,True,False,True
perle,217817,29,31,1600,2931,1095,5.8757883791946188,-6.1059597034155821,5.8757883791946188,-5.5893862342127054,True,False,True,True,False,True
perle,217817,29,32,1650,2932,1095,6.1901563843367775,-5.9018046022824118,6.1901563843367775,-5.3570700004815084,True,False,True,True,False,True
perle,217817,29,33,1700,2933,1095,6.5045243894789362,-5.6976495011492423,6.5045243894789362,-5.1247537667503105,True,False,True,True,False,True
perle,217817,29,34,1750,2934,1095,6.8188923946210949,-5.4934944000160719,6.8188923946210949,-4.8924375330191117,True,False,True,True,False,True
perle,217817,29,35,1800,2935,1095,7.1332603997632535,-5.2893392988829024,7.1332603997632535,-4.6601212992879146,True,False,True,True,False,True
perle,217817,29,36,1850,2936,1095,7.4476284049054122,-5.085184197749733,7.4476284049054122,-4.4278050655567176,True,False,True,True,False,True
perle,217817,29,37,1900,2937,1095,7.7619964100475709,-4.8810290966165626,7.7619964100475709,-4.1954888318255188,True,False,True,True,False,True
perle,217817,29,38,1950,2938,1095,8.0763644151897296,-4.6768739954833931,8.0763644151897296,-3.9631725980943204,True,False,True,True,False,True
perle,217817,29,39,2000,2939,1095,8.3907324203318883,-4.4727188943502227,8.3907324203318883,-3.7308563643631234,True,False,True,True,False,True
perle,217817,29,40,2050,2940,1095,8.7051004254740469,-4.2685637932170533,8.7051004254740469,-3.498540130631925,True,False,True,True,False,True
perle,217817,29,41,2100,2941,1095,9.0194684306162056,-4.0644086920838838,9.0194684306162056,-3.2662238969007267,True,False,True,True,False,True
perle,217817,29,42,2150,2942,1095,9.3338364357583643,-3.8602535909507134,9.3338364357583643,-3.0339076631695288,True,False,True,True,False,True
perle,217817,29,43,2200,2943,1095,9.648204440900523,-3.6560984898175439,9.648204440900523,-2.8015914294383317,True,False,True,True,False,True
perle,217817,29,44,2250,2944,1095,9.9625724460426817,-3.4519433886843736,9.9625724460426817,-2.5692751957071334,True,False,True,True,False,True
perle,218791,30,6,350,3006,1063,-2.0315499662450258,-6.7436659590377648,-2.0315499662450258,-6.7436659590377657,True,True,False,True,False,False
perle,218791,30,7,400,3007,1063,-1.7573043809485021,-6.9994641850500674,-1.7573043809485021,-6.9994641850500674,True,True,False,True,False,False
perle,218791,30,8,450,3008,1063,-1.4830587956519778,-7.25526241106237,-1.4830587956519778,-7.2552624110623709,True,True,False,True,False,False
perle,218791,30,9,500,3009,1063,-1.2088132103554536,-7.5110606370746726,-1.2088132103554536,-7.5110606370746726,True,True,False,True,False,False
perle,218791,30,10,550,3010,1063,-0.93456762505892987,-7.7668588630869744,-0.93456762505892987,-7.7668588630869762,True,True,False,True,False,False
perle,218791,30,11,600,3011,1063,-0.66032203976240567,-8.0226570890992761,-0.66032203976240567,-8.0226570890992779,True,True,False,True,False,False
perle,218791,30,12,650,3012,1063,-0.3860764544658819,-8.2784553151115787,-0.3860764544658819,-8.2784553151115787,True,True,False,True,False,False
perle,218791,30,13,700,3013,1063,-0.11183086916935769,-8.5342535411238813,-0.11183086916935769,-8.5342535411238831,True,True,False,True,False,False
perle,218791,30,14,750,3014,1063,0.16241471612716607,-8.790051767136184,0.16241471612716607,-8.7900517671361857,True,True,False,True,False,False
perle,218791,30,15,800,3015,1063,0.43666030142368983,-9.0458499931484866,0.43666030142368983,-9.0458499931484884,True,True,False,True,False,False
perle,218791,30,16,850,3016,1063,0.71090588672021449,-9.3016482191607892,0.71090588672021449,-9.3016482191607892,True,True,False,True,False,False
perle,218791,30,17,900,3017,1063,0.98515147201673825,-9.5574464451730918,0.98515147201673825,-9.5574464451730936,True,True,False,True,False,False
perle,218791,30,18,950,3018,1063,1.259397057313262,-9.8077385126413219,1.259397057313262,-9.8079909978466322,True,True,False,True,False,True
perle,218791,30,19,1000,3019,1063,1.5336426426097867,-9.5519881388972827,1.5336426426097867,-9.5756977135056918,True,True,False,True,False,True
perle,218791,30,20,1050,3020,1063,1.8078882279063104,-9.2962377651532417,1.8078882279063104,-9.3434044291647496,True,True,False,True,False,True
perle,218791,30,21,1100,3021,1063,2.0821338132028342,-9.0404873914092025,2.0821338132028342,-9.1111111448238038,True,True,False,True,False,True
perle,218791,30,22,1150,3022,1063,2.356379398499358,-8.7847370176651616,2.356379398499358,-8.8788178604828616,True,True,False,True,False,True
perle,218791,30,23,1200,3023,1063,2.6306249837958826,-8.5289866439211224,2.6306249837958826,-8.6465245761419212,True,True,False,True,False,True
perle,218791,30,24,1250,3024,1063,2.9048705690924064,-8.2732362701770814,2.9048705690924064,-8.4142312918009772,True,True,False,True,False,True
perle,218791,30,25,1300,3025,1063,3.1791161543889301,-8.0174858964330404,3.1791161543889301,-8.1819380074600332,True,True,False,True,False,True
perle,218791,30,26,1350,3026,1063,3.4533617396854539,-7.7617355226890012,3.4533617396854539,-7.9496447231190919,True,True,False,True,False,True
perle,218791,30,27,1400,3027,1063,3.7276073249819786,-7.5059851489449603,3.7276073249819786,-7.7173514387781506,True,True,False,True,False,True
perle,218791,30,28,1450,3028,1063,4.0018529102785028,-7.2502347752009202,4.0018529102785028,-7.4850581544372066,True,True,False,True,False,True
perle,218791,30,29,1500,3029,1063,4.2760984955750256,-6.994484401456881,4.2760984955750256,-7.2527648700962644,True,True,False,True,False,True
perle,218791,30,30,1550,3030,1063,4.5503440808715503,-6.73873402771284,4.5503440808715503,-7.0204715857553204,True,True,False,True,False,True
perle,218791,30,31,1600,3031,1063,4.8245896661680732,-6.4829836539688017,4.8245896661680732,-6.7881783014143799,True,True,False,True,False,True
perle,218791,30,32,1650,3032,1063,5.0988352514645978,-6.2272332802247607,5.0988352514645978,-6.5558850170734368,True,True,False,True,False,True
perle,218791,30,33,1700,3033,1063,5.3730808367611225,-5.9714829064807198,5.3730808367611225,-6.3235917327324929,True,False,False,True,False,True
perle,218791,30,34,1750,3034,1063,5.6473264220576453,-5.7157325327366806,5.6473264220576453,-6.0912984483915515,True,False,True,True,False,True
perle,218791,30,35,1800,3035,1063,5.92157200735417,-5.4599821589926396,5.92157200735417,-5.8590051640506076,True,False,True,True,False,True
perle,218791,30,36,1850,3036,1063,6.1958175926506946,-5.2042317852485995,6.1958175926506946,-5.6267118797096645,True,False,True,True,False,True
perle,218791,30,37,1900,3037,1063,6.4700631779472175,-4.9484814115045603,6.4700631779472175,-5.3944185953687223,True,False,True,True,False,True
perle,218791,30,38,1950,3038,1063,6.7443087632437422,-4.6927310377605194,6.7443087632437422,-5.1621253110277792,True,False,True,True,False,True
perle,218791,30,39,2000,3039,1063,7.0185543485402668,-4.4369806640164784,7.0185543485402668,-4.9298320266868361,True,False,True,True,False,True
perle,218791,30,40,2050,3040,1063,7.2927999338367897,-4.1812302902724392,7.2927999338367897,-4.6975387423458939,True,False,True,True,False,True
perle,218791,30,41,2100,3041,1063,7.5670455191333144,-3.9254799165283982,7.5670455191333144,-4.4652454580049517,True,False,True,True,False,True
perle,218791,30,42,2150,3042,1063,7.8412911044298372,-3.6697295427843599,7.8412911044298372,-4.2329521736640094,True,False,True,True,False,True
perle,218791,30,43,2200,3043,1063,8.1155366897263619,-3.413979169040319,8.1155366897263619,-4.0006588893230672,True,False,True,True,False,True
perle,218791,30,44,2250,3044,1063,8.3897822750228865,-3.158228795296278,8.3897822750228865,-3.7683656049821228,True,False,True,True,False,True
perle,218791,30,45,2300,3045,1063,8.6640278603194094,-2.9024784215522388,8.6640278603194094,-3.5360723206411819,True,False,True,True,False,True
perle,218791,30,46,2350,3046,1063,8.9382734456159341,-2.6467280478081978,8.9382734456159341,-3.3037790363002388,True,False,True,True,False,True
perle,218791,30,47,2400,3047,1063,9.2125190309124587,-2.3909776740641568,9.2125190309124587,-3.0714857519592953,True,False,True,True,False,True
perle,218791,30,48,2450,3048,1063,9.4867646162089816,-2.1352273003201176,9.4867646162089816,-2.8391924676183526,True,False,True,True,False,True
perle,218791,30,49,2500,3049,1063,9.7610102015055062,-1.8794769265760767,9.7610102015055062,-2.60689918327741,True,False,True,True,False,True
perle,226533,31,6,350,3106,1105,-1.9525689763344598,6.7666490854642936,-1.9525689763344598,6.7753629801036048,True,True,False,False,True,False
perle,226533,31,7,400,3107,1105,-1.6200719703202591,6.593240207024035,-1.6200719703202591,6.6084296817739441,True,True,False,False,True,False
perle,226533,31,8,450,3108,1105,-1.2875749643060588,6.4198313285837765,-1.2875749643060588,6.4414963834442842,True,True,False,False,True,False
perle,226533,31,9,500,3109,1105,-0.95507795829185849,6.2464224501435179,-0.95507795829185849,6.2745630851146235,True,True,False,False,True,False
perle,226533,31,10,550,3110,1105,-0.6225809522776582,6.0730135717032594,-0.6225809522776582,6.1076297867849627,True,True,False,False,True,False
perle,226533,31,11,600,3111,1105,-0.2900839462634579,5.8996046932630009,-0.2900839462634579,5.9406964884553028,True,True,False,False,True,False
perle,226533,31,12,650,3112,1105,0.042413059750742832,5.7261958148227423,0.042413059750742832,5.7737631901256421,True,True,False,False,True,False
perle,226533,31,13,700,3113,1105,0.37491006576494268,5.5527869363824838,0.37491006576494268,5.6068298917959822,True,True,False,False,True,False
perle,226533,31,14,750,3114,1105,0.70740707177914341,5.3793780579422252,0.70740707177914341,5.4398965934663206,True,True,False,False,True,False
perle,226533,31,15,800,3115,1105,1.0399040777933442,5.2059691795019667,1.0399040777933442,5.2729632951366598,True,True,False,False,True,False
perle,226533,31,16,850,3116,1105,1.372401083807544,5.0325603010617082,1.372401083807544,5.1060299968069991,True,True,False,False,True,False
perle,226533,31,17,900,3117,1105,1.7048980898217447,4.8591514226214496,1.7048980898217447,4.9390966984773383,True,True,False,False,True,False
perle,226533,31,18,950,3118,1105,2.0373950958359446,4.685742544181192,2.0373950958359446,4.7721634001476785,True,True,False,False,True,False
perle,226533,31,19,1000,3119,1105,2.3698921018501453,4.5123336657409325,2.3698921018501453,4.6052301018180186,True,True,False,False,True,False
perle,226533,31,20,1050,3120,1105,2.7023891078643461,4.338924787300674,2.7023891078643461,4.438296803488357,True,True,False,False,True,False
perle,226533,31,21,1100,3121,1105,3.0348861138785459,4.1655159088604163,3.0348861138785459,4.2713635051586971,True,True,False,False,True,False
perle,226533,31,22,1150,3122,1105,3.3673831198927466,3.9921070304201574,3.3673831198927466,4.1044302068290364,True,True,False,False,True,False
perle,226533,31,23,1200,3123,1105,3.6998801259069465,3.8186981519798993,3.6998801259069465,3.9374969084993752,True,True,False,False,True,False
perle,226533,31,24,1250,3124,1105,4.0323771319211472,3.6452892735396407,4.0323771319211472,3.770563610169714,True,True,False,False,True,False
perle,226533,31,25,1300,3125,1105,4.364874137935348,3.4718803950993817,4.364874137935348,3.6036303118400541,True,True,False,False,True,False
perle,226533,31,26,1350,3126,1105,4.6973711439495487,3.2984715166591232,4.6973711439495487,3.4366970135103938,True,True,False,False,True,False
perle,226533,31,27,1400,3127,1105,5.0298681499637476,3.1250626382188655,5.0298681499637476,3.2697637151807326,True,True,False,False,True,False
perle,226533,31,28,1450,3128,1105,5.3623651559779484,2.951653759778607,5.3623651559779484,3.1028304168510727,True,False,False,False,True,False
perle,226533,31,29,1500,3129,1105,5.6948621619921491,2.778244881338348,5.6948621619921491,2.9358971185214129,True,False,True,False,True,False
perle,226533,31,30,1550,3130,1105,6.0273591680063499,2.6048360028980895,6.0273591680063499,2.7689638201917517,True,False,True,False,True,False
perle,226533,31,31,1600,3131,1105,6.3598561740205506,2.4314271244578309,6.3598561740205506,2.6020305218620909,True,False,True,False,True,False
perle,226533,31,32,1650,3132,1105,6.6923531800347495,2.2580182460175733,6.6923531800347495,2.4350972235324297,True,False,True,False,True,False
perle,226533,31,33,1700,3133,1105,7.0248501860489503,2.0846093675773143,7.0248501860489503,2.268163925202769,True,False,True,False,True,False
perle,226533,31,34,1750,3134,1105,7.357347192063151,1.9112004891370558,7.357347192063151,2.1012306268731087,True,False,True,False,True,False
perle,226533,31,35,1800,3135,1105,7.6898441980773518,1.7377916106967968,7.6898441980773518,1.9342973285434479,True,False,True,False,True,False
perle,226533,31,36,1850,3136,1105,8.0223412040915534,1.5643827322565382,8.0223412040915534,1.7673640302137874,True,False,True,False,True,False
perle,226533,31,37,1900,3137,1105,8.3548382101057506,1.3909738538162815,8.3548382101057506,1.6004307318841282,True,False,True,False,True,False
perle,226533,31,38,1950,3138,1105,8.6873352161199513,1.2175649753760229,8.6873352161199513,1.4334974335544675,True,False,True,False,True,False
perle,226533,31,39,2000,3139,1105,9.019832222134152,1.0441560969357635,9.019832222134152,1.2665641352248069,True,False,True,False,True,False
perle,226533,31,40,2050,3140,1105,9.3523292281483528,0.87074721849550496,9.3523292281483528,1.0996308368951462,True,False,True,False,True,False
perle,226533,31,41,2100,3141,1105,9.6848262341625535,0.69733834005524642,9.6848262341625535,0.93269753856548543,True,False,True,False,True,False
perle,232533,32,6,350,3206,1129,-1.7532700675260209,-0.63297540976478417,-1.7532700675260209,-0.62891365700116597,True,True,False,False,True,False
perle,232533,32,7,400,3207,1129,-1.4207746843969025,-0.80638435689669929,-1.4207746843969025,-0.79929116823391611,True,True,False,False,True,False
perle,232533,32,8,450,3208,1129,-1.0882793012677845,-0.9797933040286142,-1.0882793012677845,-0.96966867946666613,True,True,False,False,True,False
perle,232533,32,9,500,3209,1129,-0.75578391813866608,-1.1532022511605293,-0.75578391813866608,-1.1400461906994166,True,True,False,False,True,False
perle,232533,32,10,550,3210,1129,-0.42328853500954766,-1.3266111982924444,-0.42328853500954766,-1.3104237019321665,True,True,False,False,True,False
perle,232533,32,11,600,3211,1129,-0.090793151880429246,-1.5000201454243598,-0.090793151880429246,-1.4808012131649171,True,True,False,False,True,False
perle,232533,32,12,650,3212,1129,0.24170223124868873,-1.6734290925562747,0.24170223124868873,-1.6511787243976668,True,True,False,False,True,False
perle,232533,32,13,700,3213,1129,0.57419761437780714,-1.8468380396881898,0.57419761437780714,-1.8215562356304171,True,True,False,False,True,False
perle,232533,32,14,750,3214,1129,0.90669299750692556,-2.020246986820105,0.90669299750692556,-1.9919337468631675,True,True,False,False,True,False
perle,232533,32,15,800,3215,1129,1.239188380636044,-2.1936559339520203,1.239188380636044,-2.1623112580959174,True,True,False,False,True,False
perle,232533,32,16,850,3216,1129,1.5716837637651624,-2.3670648810839352,1.5716837637651624,-2.332688769328668,True,True,False,False,True,False
perle,232533,32,17,900,3217,1129,1.9041791468942799,-2.5404738282158501,1.9041791468942799,-2.5030662805614177,True,True,False,False,True,False
perle,232533,32,18,950,3218,1129,2.2366745300233983,-2.713882775347765,2.2366745300233983,-2.6734437917941682,True,True,False,False,True,False
perle,232533,32,19,1000,3219,1129,2.5691699131525167,-2.8872917224796799,2.5691699131525167,-2.8438213030269184,True,True,False,False,True,False
perle,232533,32,20,1050,3220,1129,2.9016652962816352,-3.0607006696115953,2.9016652962816352,-3.0141988142596685,True,True,False,False,True,False
perle,232533,32,21,1100,3221,1129,3.2341606794107536,-3.2341096167435106,3.2341606794107536,-3.1845763254924191,True,True,False,False,True,False
perle,232533,32,22,1150,3222,1129,3.566656062539872,-3.407518563875426,3.566656062539872,-3.3549538367251688,True,True,False,False,True,False
perle,232533,32,23,1200,3223,1129,3.8991514456689904,-3.5809275110073404,3.8991514456689904,-3.5253313479579194,True,True,False,False,True,False
perle,232533,32,24,1250,3224,1129,4.2316468287981088,-3.7543364581392558,4.2316468287981088,-3.695708859190669,True,True,False,False,True,False
perle,232533,32,25,1300,3225,1129,4.5641422119272264,-3.9277454052711711,4.5641422119272264,-3.8660863704234196,True,True,False,False,True,False
perle,232533,32,26,1350,3226,1129,4.8966375950563457,-4.1011543524030865,4.8966375950563457,-4.0364638816561706,True,True,False,False,True,False
perle,232533,32,27,1400,3227,1129,5.2291329781854632,-4.2745632995350009,5.2291329781854632,-4.2068413928889195,True,False,False,False,True,False
perle,232533,32,28,1450,3228,1129,5.5616283613145807,-4.4479722466669154,5.5616283613145807,-4.37721890412167,True,False,True,False,True,False
perle,232533,32,29,1500,3229,1129,5.8941237444437,-4.6213811937988316,5.8941237444437,-4.5475964153544206,True,False,True,False,True,False
perle,232533,32,30,1550,3230,1129,6.2266191275728175,-4.7947901409307461,6.2266191275728175,-4.7179739265871703,True,False,True,False,True,False
perle,232533,32,31,1600,3231,1129,6.5591145107019369,-4.9681990880626614,6.5591145107019369,-4.8883514378199209,True,False,True,False,True,False
perle,232533,32,32,1650,3232,1129,6.8916098938310544,-5.1416080351945759,6.8916098938310544,-5.0587289490526706,True,False,True,False,True,False
perle,232533,32,33,1700,3233,1129,7.2241052769601737,-5.3150169823264921,7.2241052769601737,-5.2291064602854229,True,False,True,False,True,False
perle,232533,32,34,1750,3234,1129,7.5566006600892912,-5.4884259294584066,7.5566006600892912,-5.3994839715181717,True,False,True,False,True,False
perle,232533,32,35,1800,3235,1129,7.8890960432184087,-5.6618348765903219,7.8890960432184087,-5.5698614827509205,True,False,True,False,True,False
perle,232533,32,36,1850,3236,1129,8.221591426347528,-5.8352438237222373,8.221591426347528,-5.7402389939836711,True,False,True,False,True,False
perle,232533,32,37,1900,3237,1129,8.5540868094766456,-6.0086527708541517,8.5540868094766456,-5.9106165052164217,True,False,True,False,True,False
perle,232533,32,38,1950,3238,1129,8.8865821926057649,-6.1820617179860671,8.8865821926057649,-6.080994016449174,True,False,True,False,True,False
perle,232533,32,39,2000,3239,1129,9.2190775757348824,-6.3554706651179824,9.2190775757348824,-6.2513715276819228,True,False,True,False,True,False
perle,232533,32,40,2050,3240,1129,9.5515729588640017,-6.5288796122498978,9.5515729588640017,-6.4217490389146725,True,False,True,False,True,False
perle,232533,32,41,2100,3241,1129,9.8840683419931192,-6.7022885593818122,9.8840683419931192,-6.5921265501474222,True,False,True,False,True,False
perle,241919,33,6,350,3306,1008,-1.6711895045906298,-2.3510365731939884,-1.6711895045906298,-2.351036573193988,True,True,False,True,False,False
perle,241919,33,7,400,3307,1008,-1.4134788657859474,-2.6261671941830382,-1.4134788657859474,-2.6261671941830391,True,True,False,True,False,False
perle,241919,33,8,450,3308,1008,-1.155768226981265,-2.9012978151720876,-1.155768226981265,-2.9012978151720867,True,True,False,True,False,False
perle,241919,33,9,500,3309,1008,-0.8980575881765831,-3.1764284361611366,-0.8980575881765831,-3.176428436161137,True,True,False,True,False,False
perle,241919,33,10,550,3310,1008,-0.64034694937190073,-3.4515590571501864,-0.64034694937190073,-3.4515590571501846,True,True,False,True,False,False
perle,241919,33,11,600,3311,1008,-0.38263631056721836,-3.7266896781392358,-0.38263631056721836,-3.7266896781392367,True,True,False,True,False,False
perle,241919,33,12,650,3312,1008,-0.12492567176253599,-4.0018202991282852,-0.12492567176253599,-4.0018202991282843,True,True,False,True,False,False
perle,241919,33,13,700,3313,1008,0.13278496704214637,-4.2769509201173346,0.13278496704214637,-4.2769509201173346,True,True,False,True,False,False
perle,241919,33,14,750,3314,1008,0.39049560584682874,-4.5520815411063849,0.39049560584682874,-4.5520815411063831,True,True,False,True,False,False
perle,241919,33,15,800,3315,1008,0.64820624465151111,-4.8272121620954342,0.64820624465151111,-4.8272121620954334,True,True,False,True,False,False
perle,241919,33,16,850,3316,1008,0.90591688345619348,-5.1023427830844836,0.90591688345619348,-5.1023427830844827,True,True,False,True,False,False
perle,241919,33,17,900,3317,1008,1.1636275222608758,-5.377473404073533,1.1636275222608758,-5.3774734040735312,True,True,False,True,False,False
perle,241919,33,18,950,3318,1008,1.4213381610655582,-5.6526040250625833,1.4213381610655582,-5.6526040250625851,True,True,False,True,False,False
perle,241919,33,19,1000,3319,1008,1.6790487998702397,-5.9277346460516318,1.6790487998702397,-5.9277346460516318,True,True,False,True,False,False
perle,241919,33,20,1050,3320,1008,1.9367594386749221,-6.2028652670406812,1.9367594386749221,-6.2028652670406803,True,True,False,True,False,False
perle,241919,33,21,1100,3321,1008,2.1944700774796044,-6.4779958880297306,2.1944700774796044,-6.4779958880297279,True,True,False,True,False,False
perle,241919,33,22,1150,3322,1008,2.4521807162842868,-6.7531265090187809,2.4521807162842868,-6.7531265090187835,True,True,False,True,False,False
perle,241919,33,23,1200,3323,1008,2.7098913550889692,-7.0282571300078303,2.7098913550889692,-7.0282571300078303,True,True,False,True,False,False
perle,241919,33,24,1250,3324,1008,2.9676019938936515,-7.3033877509968796,2.9676019938936515,-7.303387750996877,True,True,False,True,False,False
perle,241919,33,25,1300,3325,1008,3.2253126326983339,-7.578518371985929,3.2253126326983339,-7.5785183719859255,True,True,False,True,False,False
perle,241919,33,26,1350,3326,1008,3.4830232715030163,-7.8536489929749784,3.4830232715030163,-7.8536489929749802,True,True,False,True,False,False
perle,241919,33,27,1400,3327,1008,3.7407339103076986,-8.1287796139640278,3.7407339103076986,-8.1287796139640278,True,True,False,True,False,False
perle,241919,33,28,1450,3328,1008,3.998444549112381,-8.4039102349530772,3.998444549112381,-8.4039102349530754,True,True,False,True,False,False
perle,241919,33,29,1500,3329,1008,4.2561551879170629,-8.6790408559421266,4.2561551879170629,-8.6790408559421302,True,True,False,True,False,False
perle,241919,33,30,1550,3330,1008,4.5138658267217462,-8.9541714769311778,4.5138658267217462,-8.954171476931176,True,True,False,True,False,False
perle,241919,33,31,1600,3331,1008,4.7715764655264277,-9.2293020979202254,4.7715764655264277,-9.2293020979202254,True,True,False,True,False,False
perle,241919,33,32,1650,3332,1008,5.0292871043311091,-9.5044327189092748,5.0292871043311091,-9.504432718909273,True,True,False,True,False,False
perle,241919,33,33,1700,3333,1008,5.2869977431357924,-9.7795633398983242,5.2869977431357924,-9.7795633398983206,True,False,False,True,False,False
perle,241919,33,34,1750,3334,1008,5.5447083819404739,-9.6435578321859321,5.5447083819404739,-9.6353671658392628,True,False,True,True,False,True
perle,241919,33,35,1800,3335,1008,5.8024190207451571,-9.3766012877528908,5.8024190207451571,-9.3576111445594421,True,False,True,True,False,True
perle,241919,33,36,1850,3336,1008,6.0601296595498386,-9.1096447433198513,6.0601296595498386,-9.0798551232796214,True,False,True,True,False,True
perle,241919,33,37,1900,3337,1008,6.3178402983545219,-8.8426881988868082,6.3178402983545219,-8.8020991019998025,True,False,True,True,False,True
perle,241919,33,38,1950,3338,1008,6.5755509371592034,-8.5757316544537687,6.5755509371592034,-8.5243430807199818,True,False,True,True,False,True
perle,241919,33,39,2000,3339,1008,6.8332615759638848,-8.3087751100207292,6.8332615759638848,-8.2465870594401629,True,False,True,True,False,True
perle,241919,33,40,2050,3340,1008,7.0909722147685681,-8.0418185655876879,7.0909722147685681,-7.9688310381603413,True,False,True,True,False,True
perle,241919,33,41,2100,3341,1008,7.3486828535732496,-7.7748620211546475,7.3486828535732496,-7.6910750168805233,True,False,True,True,False,True
perle,241919,33,42,2150,3342,1008,7.6063934923779328,-7.5079054767216062,7.6063934923779328,-7.4133189956007017,True,False,True,True,False,True
perle,241919,33,43,2200,3343,1008,7.8641041311826143,-7.2409489322885658,7.8641041311826143,-7.1355629743208828,True,False,True,True,False,True
perle,241919,33,44,2250,3344,1008,8.1218147699872976,-6.9739923878555246,8.1218147699872976,-6.8578069530410621,True,False,True,True,False,True
perle,241919,33,45,2300,3345,1008,8.379525408791979,-6.707035843422485,8.379525408791979,-6.5800509317612432,True,False,True,True,False,True
perle,241919,33,46,2350,3346,1008,8.6372360475966623,-6.4400792989894438,8.6372360475966623,-6.3022949104814234,True,False,True,True,False,True
perle,241919,33,47,2400,3347,1008,8.8949466864013438,-6.1731227545564025,8.8949466864013438,-6.0245388892016027,True,False,True,True,False,True
perle,241919,33,48,2450,3348,1008,9.152657325206027,-5.9061662101233612,9.152657325206027,-5.7467828679217829,True,False,True,True,False,True
perle,241919,33,49,2500,3349,1008,9.4103679640107085,-5.6392096656903217,9.4103679640107085,-5.4690268466419623,True,False,True,True,False,True
perle,241919,33,50,2550,3350,1008,9.6680786028153918,-5.3722531212572804,9.6680786028153918,-5.1912708253621425,True,False,True,True,False,True
perle,241919,33,51,2600,3351,1008,9.9257892416200733,-5.1052965768242391,9.9257892416200733,-4.9135148040823218,True,False,True,True,False,True
perle,242380,34,6,350,3406,1148,-1.6442338540633499,-1.0449831776823904,-1.6442338540633499,-1.0449831776823901,True,True,False,True,False,False
perle,242380,34,7,400,3407,1148,-1.3787453107902712,-0.78005381705461729,-1.3787453107902712,-0.78005381705461729,True,True,False,True,False,False
perle,242380,34,8,450,3408,1148,-1.1132567675171923,-0.5151244564268439,-1.1132567675171923,-0.5151244564268439,True,True,False,True,False,False
perle,242380,34,9,500,3409,1148,-0.8477682242441138,-0.25019509579907118,-0.8477682242441138,-0.25019509579907112,True,True,False,True,False,False
perle,242380,34,10,550,3410,1148,-0.58227968097103489,0.014734264828702104,-0.58227968097103489,0.014734264828702104,True,True,False,True,False,False
perle,242380,34,11,600,3411,1148,-0.31679113769795642,0.27966362545647494,-0.31679113769795642,0.27966362545647494,True,True,False,True,False,False
perle,242380,34,12,650,3412,1148,-0.051302594424877501,0.54459298608424822,-0.051302594424877501,0.54459298608424833,True,True,False,True,False,False
perle,242380,34,13,700,3413,1148,0.21418594884820097,0.80952234671202106,0.21418594884820097,0.80952234671202106,True,True,False,True,False,False
perle,242380,34,14,750,3414,1148,0.47967449212127988,1.0744517073397943,0.47967449212127988,1.0744517073397941,True,True,False,True,False,False
perle,242380,34,15,800,3415,1148,0.74516303539435835,1.3393810679675671,0.74516303539435835,1.3393810679675668,True,True,False,True,False,False
perle,242380,34,16,850,3416,1148,1.0106515786674368,1.60431042859534,1.0106515786674368,1.6043104285953402,True,True,False,True,False,False
perle,242380,34,17,900,3417,1148,1.2761401219405162,1.8692397892231138,1.2761401219405162,1.8692397892231141,True,True,False,True,False,False
perle,242380,34,18,950,3418,1148,1.5416286652135947,2.1341691498508863,1.5416286652135947,2.1341691498508868,True,True,False,True,False,False
perle,242380,34,19,1000,3419,1148,1.8071172084866731,2.3990985104786593,1.8071172084866731,2.3990985104786593,True,True,False,True,False,False
perle,242380,34,20,1050,3420,1148,2.0726057517597516,2.6640278711064322,2.0726057517597516,2.6640278711064322,True,True,False,True,False,False
perle,242380,34,21,1100,3421,1148,2.3380942950328309,2.9289572317342061,2.3380942950328309,2.9289572317342061,True,True,False,True,False,False
perle,242380,34,22,1150,3422,1148,2.6035828383059094,3.193886592361979,2.6035828383059094,3.1938865923619786,True,True,False,True,False,False
perle,242380,34,23,1200,3423,1148,2.8690713815789879,3.4588159529897515,2.8690713815789879,3.458815952989752,True,True,False,True,False,False
perle,242380,34,24,1250,3424,1148,3.1345599248520672,3.7237453136175254,3.1345599248520672,3.7237453136175254,True,True,False,True,False,False
perle,242380,34,25,1300,3425,1148,3.4000484681251457,3.9886746742452983,3.4000484681251457,3.9886746742452992,True,True,False,True,False,False
perle,242380,34,26,1350,3426,1148,3.6655370113982242,4.2536040348730708,3.6655370113982242,4.2536040348730708,True,True,False,True,False,False
perle,242380,34,27,1400,3427,1148,3.9310255546713027,4.5185333955008433,3.9310255546713027,4.5185333955008433,True,True,False,True,False,False
perle,242380,34,28,1450,3428,1148,4.196514097944382,4.7834627561286176,4.196514097944382,4.7834627561286167,True,True,False,True,False,False
perle,242380,34,29,1500,3429,1148,4.4620026412174605,5.0483921167563901,4.4620026412174605,5.0483921167563901,True,True,False,True,False,False
perle,242380,34,30,1550,3430,1148,4.7274911844905398,5.3133214773841644,4.7274911844905398,5.3133214773841635,True,True,False,True,False,False
perle,242380,34,31,1600,3431,1148,4.9929797277636174,5.578250838011936,4.9929797277636174,5.578250838011936,True,True,False,True,False,False
perle,242380,34,32,1650,3432,1148,5.2584682710366968,5.8431801986397103,5.2584682710366968,5.8431801986397094,True,False,False,True,False,False
perle,242380,34,33,1700,3433,1148,5.5239568143097744,6.1081095592674819,5.5239568143097744,6.1081095592674819,True,False,True,True,False,False
perle,242380,34,34,1750,3434,1148,5.7894453575828537,6.3730389198952553,5.7894453575828537,6.3730389198952571,True,False,True,True,False,False
perle,242380,34,35,1800,3435,1148,6.0549339008559331,6.6379682805230296,6.0549339008559331,6.6379682805230269,True,False,True,True,False,False
perle,242380,34,36,1850,3436,1148,6.3204224441290107,6.9028976411508012,6.3204224441290107,6.9028976411508012,True,False,True,True,False,False
perle,242380,34,37,1900,3437,1148,6.58591098740209,7.1678270017785746,6.58591098740209,7.1678270017785755,True,False,True,True,False,False
perle,242380,34,38,1950,3438,1148,6.8513995306751694,7.4327563624063488,6.8513995306751694,7.4327563624063506,True,False,True,True,False,False
perle,242380,34,39,2000,3439,1148,7.116888073948247,7.6976857230341205,7.116888073948247,7.6976857230341196,True,False,True,True,False,False
perle,242380,34,40,2050,3440,1148,7.3823766172213263,7.9626150836618939,7.3823766172213263,7.9626150836618947,True,False,True,True,False,False
perle,242380,34,41,2100,3441,1148,7.6478651604944039,8.2275444442896664,7.6478651604944039,8.2275444442896646,True,False,True,True,False,False
perle,242380,34,42,2150,3442,1148,7.9133537037674833,8.4924738049174398,7.9133537037674833,8.4924738049174398,True,False,True,True,False,False
perle,242380,34,43,2200,3443,1148,8.1788422470405635,8.7574031655452131,8.1788422470405635,8.7574031655452149,True,False,True,True,False,False
perle,242380,34,44,2250,3444,1148,8.4443307903136393,9.022332526172983,8.4443307903136393,9.022332526172983,True,False,True,True,False,False
perle,242380,34,45,2300,3445,1148,8.7098193335867187,9.2872618868007581,8.7098193335867187,9.2872618868007581,True,False,True,True,False,False
perle,242380,34,46,2350,3446,1148,8.975307876859798,9.5521912474285315,8.975307876859798,9.5521912474285315,True,False,True,True,False,False
perle,242380,34,47,2400,3447,1148,9.2407964201328774,9.8171206080563049,9.2407964201328774,9.8171206080563049,True,False,True,True,False,False
perle,242380,34,48,2450,3448,1148,9.5062849634059567,9.5632397610648301,9.5062849634059567,9.0523728858693602,True,False,True,True,False,True
perle,242380,34,49,2500,3449,1148,9.7717735066790361,9.2983104004370567,9.7717735066790361,8.2656972965676481,True,False,True,True,False,True
perle,244437,35,6,350,3506,1085,-1.5577740247705627,2.2401946721875676,-1.5577740247705627,2.202908357952396,True,True,False,False,True,False
perle,244437,35,7,400,3507,1085,-1.228251595456932,2.419187120660574,-1.228251595456932,2.3541044856918902,True,True,False,False,True,False
perle,244437,35,8,450,3508,1085,-0.89872916614330167,2.5981795691335798,-0.89872916614330167,2.5053006134313849,True,True,False,False,True,False
perle,244437,35,9,500,3509,1085,-0.56920673682967093,2.7771720176065862,-0.56920673682967093,2.6564967411708786,True,True,False,False,True,False
perle,244437,35,10,550,3510,1085,-0.23968430751604064,2.9561644660795925,-0.23968430751604064,2.8076928689103728,True,True,False,False,True,False
perle,244437,35,11,600,3511,1085,0.089838121797589654,3.1351569145525984,0.089838121797589654,2.958888996649867,True,True,False,False,True,False
perle,244437,35,12,650,3512,1085,0.41936055111121995,3.3141493630256047,0.41936055111121995,3.1100851243893604,True,True,False,False,True,False
perle,244437,35,13,700,3513,1085,0.74888298042485069,3.493141811498611,0.74888298042485069,3.261281252128855,True,True,False,False,True,False
perle,244437,35,14,750,3514,1085,1.0784054097384814,3.6721342599716174,1.0784054097384814,3.4124773798683488,True,True,False,False,True,False
perle,244437,35,15,800,3515,1085,1.4079278390521122,3.8511267084446237,1.4079278390521122,3.5636735076078434,True,True,False,False,True,False
perle,244437,35,16,850,3516,1085,1.737450268365742,4.0301191569176291,1.737450268365742,3.7148696353473372,True,True,False,False,True,False
perle,244437,35,17,900,3517,1085,2.0669726976793728,4.2091116053906354,2.0669726976793728,3.8660657630868314,True,True,False,False,True,False
perle,244437,35,18,950,3518,1085,2.3964951269930035,4.3881040538636418,2.3964951269930035,4.017261890826326,True,True,False,False,True,False
perle,244437,35,19,1000,3519,1085,2.7260175563066342,4.5670965023366481,2.7260175563066342,4.1684580185658193,True,True,False,False,True,False
perle,244437,35,20,1050,3520,1085,3.0555399856202641,4.7460889508096544,3.0555399856202641,4.3196541463053135,True,True,False,False,True,False
perle,244437,35,21,1100,3521,1085,3.3850624149338948,4.9250813992826608,3.3850624149338948,4.4708502740448077,True,True,False,False,True,False
perle,244437,35,22,1150,3522,1085,3.7145848442475256,5.1040738477556671,3.7145848442475256,4.6220464017843019,True,True,False,False,True,False
perle,244437,35,23,1200,3523,1085,4.0441072735611554,5.2830662962286725,4.0441072735611554,4.7732425295237961,True,True,False,False,True,False
perle,244437,35,24,1250,3524,1085,4.373629702874787,5.4620587447016797,4.373629702874787,4.9244386572632894,True,True,False,False,True,False
perle,244437,35,25,1300,3525,1085,4.703152132188416,5.6410511931746843,4.703152132188416,5.0756347850027836,True,True,False,False,True,False
perle,244437,35,26,1350,3526,1085,5.0326745615020467,5.8200436416476915,5.0326745615020467,5.2268309127422778,True,True,False,False,True,False
perle,244437,35,27,1400,3527,1085,5.3621969908156775,5.9990360901206969,5.3621969908156775,5.3780270404817712,True,False,False,False,True,False
perle,244437,35,28,1450,3528,1085,5.6917194201293082,6.1780285385937042,5.6917194201293082,5.5292231682212662,True,False,True,False,True,False
perle,244437,35,29,1500,3529,1085,6.0212418494429389,6.3570209870667096,6.0212418494429389,5.6804192959607613,True,False,True,False,True,False
perle,244437,35,30,1550,3530,1085,6.3507642787565697,6.5360134355397168,6.3507642787565697,5.8316154237002547,True,False,True,False,True,False
perle,244437,35,31,1600,3531,1085,6.6802867080702004,6.7150058840127231,6.6802867080702004,5.9828115514397489,True,False,True,False,True,False
perle,244437,35,32,1650,3532,1085,7.0098091373838312,6.8939983324857295,7.0098091373838312,6.1340076791792431,True,False,True,False,True,False
perle,244437,35,33,1700,3533,1085,7.3393315666974601,7.0729907809587349,7.3393315666974601,6.2852038069187364,True,False,True,False,True,False
perle,244437,35,34,1750,3534,1085,7.6688539960110909,7.2519832294317412,7.6688539960110909,6.4363999346582297,True,False,True,False,True,False
perle,244437,35,35,1800,3535,1085,7.9983764253247216,7.4309756779047476,7.9983764253247216,6.5875960623977248,True,False,True,False,True,False
perle,244437,35,36,1850,3536,1085,8.3278988546383523,7.6099681263777539,8.3278988546383523,6.7387921901372181,True,False,True,False,True,False
perle,244437,35,37,1900,3537,1085,8.6574212839519831,7.7889605748507602,8.6574212839519831,6.8899883178767132,True,False,True,False,True,False
perle,244437,35,38,1950,3538,1085,8.9869437132656138,7.9679530233237665,8.9869437132656138,7.0411844456162083,True,False,True,False,True,False
perle,244437,35,39,2000,3539,1085,9.3164661425792445,8.1469454717967729,9.3164661425792445,7.1923805733557016,True,False,True,False,True,False
perle,244437,35,40,2050,3540,1085,9.6459885718928735,8.3259379202697783,9.6459885718928735,7.3435767010951949,True,False,True,False,True,False
perle,244437,35,41,2100,3541,1085,9.9755110012065042,8.5049303687427837,9.9755110012065042,7.49477282883469,True,False,True,False,True,False
perle,245662,36,6,350,3606,1090,-1.6926453181695422,4.3511547908605657,-1.6926453181695422,4.3511547908605657,True,True,False,True,False,False
perle,245662,36,7,400,3607,1090,-1.4432461442367313,4.6360950443970195,-1.4432461442367313,4.6360950443970186,True,True,False,True,False,False
perle,245662,36,8,450,3608,1090,-1.1938469703039205,4.9210352979334733,-1.1938469703039205,4.9210352979334724,True,True,False,True,False,False
perle,245662,36,9,500,3609,1090,-0.94444779637110976,5.205975551469928,-0.94444779637110976,5.205975551469928,True,True,False,True,False,False
perle,245662,36,10,550,3610,1090,-0.69504862243829901,5.4909158050063818,-0.69504862243829901,5.4909158050063818,True,True,False,True,False,False
perle,245662,36,11,600,3611,1090,-0.44564944850548827,5.7758560585428365,-0.44564944850548827,5.7758560585428365,True,True,False,True,False,False
perle,245662,36,12,650,3612,1090,-0.19625027457267752,6.0607963120792903,-0.19625027457267752,6.0607963120792911,True,True,False,True,False,False
perle,245662,36,13,700,3613,1090,0.053148899360133228,6.345736565615745,0.053148899360133228,6.345736565615745,True,True,False,True,False,False
perle,245662,36,14,750,3614,1090,0.30254807329294442,6.6306768191521996,0.30254807329294442,6.6306768191521996,True,True,False,True,False,False
perle,245662,36,15,800,3615,1090,0.55194724722575517,6.9156170726886534,0.55194724722575517,6.9156170726886534,True,True,False,True,False,False
perle,245662,36,16,850,3616,1090,0.80134642115856591,7.2005573262251072,0.80134642115856591,7.2005573262251081,True,True,False,True,False,False
perle,245662,36,17,900,3617,1090,1.0507455950913767,7.4854975797615619,1.0507455950913767,7.4854975797615637,True,True,False,True,False,False
perle,245662,36,18,950,3618,1090,1.3001447690241874,7.7704378332980166,1.3001447690241874,7.7704378332980175,True,True,False,True,False,False
perle,245662,36,19,1000,3619,1090,1.5495439429569982,8.0553780868344695,1.5495439429569982,8.055378086834466,True,True,False,True,False,False
perle,245662,36,20,1050,3620,1090,1.7989431168898089,8.3403183403709242,1.7989431168898089,8.340318340370926,True,True,False,True,False,False
perle,245662,36,21,1100,3621,1090,2.0483422908226196,8.6252585939073789,2.0483422908226196,8.6252585939073771,True,True,False,True,False,False
perle,245662,36,22,1150,3622,1090,2.2977414647554304,8.9101988474438336,2.2977414647554304,8.9101988474438354,True,True,False,True,False,False
perle,245662,36,23,1200,3623,1090,2.5471406386882411,9.1951391009802865,2.5471406386882411,9.1951391009802883,True,True,False,True,False,False
perle,245662,36,24,1250,3624,1090,2.7965398126210519,9.4800793545167412,2.7965398126210519,9.4800793545167394,True,True,False,True,False,False
perle,245662,36,25,1300,3625,1090,3.0459389865538626,9.7650196080531959,3.0459389865538626,9.7650196080531959,True,True,False,True,False,False
perle,245662,36,26,1350,3626,1090,3.2953381604866734,9.619578470141656,3.2953381604866734,9.6874388714200137,True,True,False,True,False,True
perle,245662,36,27,1400,3627,1090,3.5447373344194841,9.3425859174096608,3.5447373344194841,9.4990490939998296,True,True,False,True,False,True
perle,245662,36,28,1450,3628,1090,3.7941365083522958,9.0655933646776639,3.7941365083522958,9.3106593165796419,True,True,False,True,False,True
perle,245662,36,29,1500,3629,1090,4.043535682285107,8.7886008119456669,4.043535682285107,9.1222695391594559,True,True,False,True,False,True
perle,245662,36,30,1550,3630,1090,4.2929348562179168,8.5116082592136735,4.2929348562179168,8.9338797617392718,True,True,False,True,False,True
perle,245662,36,31,1600,3631,1090,4.5423340301507285,8.2346157064816765,4.5423340301507285,8.7454899843190859,True,True,False,True,False,True
perle,245662,36,32,1650,3632,1090,4.7917332040835383,7.9576231537496831,4.7917332040835383,8.5571002068989017,True,True,False,True,False,True
perle,245662,36,33,1700,3633,1090,5.0411323780163499,7.680630601017687,5.0411323780163499,8.368710429478714,True,True,False,True,False,True
perle,245662,36,34,1750,3634,1090,5.2905315519491598,7.4036380482856918,5.2905315519491598,8.1803206520585281,True,False,False,True,False,True
perle,245662,36,35,1800,3635,1090,5.5399307258819714,7.1266454955536958,5.5399307258819714,7.991930874638344,True,False,True,True,False,True
perle,245662,36,36,1850,3636,1090,5.7893298998147813,6.8496529428217015,5.7893298998147813,7.8035410972181589,True,False,True,True,False,True
perle,245662,36,37,1900,3637,1090,6.0387290737475929,6.5726603900897054,6.0387290737475929,7.615151319797973,True,False,True,True,False,True
perle,245662,36,38,1950,3638,1090,6.2881282476804046,6.2956678373577084,6.2881282476804046,7.4267615423777862,True,False,True,True,False,True
perle,245662,36,39,2000,3639,1090,6.5375274216132144,6.0186752846257141,6.5375274216132144,7.238371764957602,True,False,True,True,False,True
perle,245662,36,40,2050,3640,1090,6.7869265955460261,5.741682731893718,6.7869265955460261,7.0499819875374152,True,False,True,True,False,True
perle,245662,36,41,2100,3641,1090,7.0363257694788359,5.4646901791617237,7.0363257694788359,6.8615922101172302,True,False,True,True,False,True
perle,245662,36,42,2150,3642,1090,7.2857249434116476,5.1876976264297276,7.2857249434116476,6.6732024326970443,True,False,True,True,False,True
perle,245662,36,43,2200,3643,1090,7.5351241173444574,4.9107050736977325,7.5351241173444574,6.4848126552768592,True,False,True,True,False,True
perle,245662,36,44,2250,3644,1090,7.7845232912772691,4.6337125209657373,7.7845232912772691,6.2964228778566733,True,False,True,True,False,True
perle,245662,36,45,2300,3645,1090,8.0339224652100789,4.3567199682337421,8.0339224652100789,6.1080331004364892,True,False,True,True,False,True
perle,245662,36,46,2350,3646,1090,8.2833216391428905,4.0797274155017451,8.2833216391428905,5.9196433230163024,True,False,True,True,False,True
perle,245662,36,47,2400,3647,1090,8.5327208130757004,3.8027348627697517,8.5327208130757004,5.7312535455961164,True,False,True,True,False,True
perle,245662,36,48,2450,3648,1090,8.782119987008512,3.5257423100377547,8.782119987008512,5.5428637681759305,True,False,True,True,False,True
perle,245662,36,49,2500,3649,1090,9.0315191609413219,3.2487497573057613,9.0315191609413219,5.3544739907557473,True,False,True,True,False,True
perle,245662,36,50,2550,3650,1090,9.2809183348741335,2.9717572045737644,9.2809183348741335,5.1660842133355604,True,False,True,True,False,True
perle,245662,36,51,2600,3651,1090,9.5303175088069434,2.6947646518417692,9.5303175088069434,4.9776944359153763,True,False,True,True,False,True
perle,245662,36,52,2650,3652,1090,9.779716682739755,2.417772099109774,9.779716682739755,4.7893046584951895,True,False,True,True,False,True
perle,248856,37,6,350,3706,1101,-1.3120384524908317,-7.823151186672221,-1.3120384524908317,-7.8486220055568925,True,True,False,False,True,False
perle,248856,37,7,400,3707,1101,-0.94875787026413905,-7.3936954212393298,-0.94875787026413905,-7.438128761015907,True,True,False,False,True,False
perle,248856,37,8,450,3708,1101,-0.58547728803744592,-6.9642396558064386,-0.58547728803744592,-7.0276355164749198,True,True,False,False,True,False
perle,248856,37,9,500,3709,1101,-0.22219670581075324,-6.5347838903735473,-0.22219670581075324,-6.6171422719339343,True,True,False,False,True,False
perle,248856,37,10,550,3710,1101,0.14108387641593945,-6.105328124940657,0.14108387641593945,-6.2066490273929471,True,True,False,False,True,False
perle,248856,37,11,600,3711,1101,0.50436445864263169,-5.6758723595077667,0.50436445864263169,-5.7961557828519625,True,True,False,False,True,False
perle,248856,37,12,650,3712,1101,0.86764504086932481,-5.2464165940748746,0.86764504086932481,-5.3856625383109762,True,True,False,False,True,False
perle,248856,37,13,700,3713,1101,1.2309256230960171,-4.8169608286419852,1.2309256230960171,-4.9751692937699898,True,True,False,False,True,False
perle,248856,37,14,750,3714,1101,1.5942062053227102,-4.3875050632090931,1.5942062053227102,-4.5646760492290035,True,True,False,False,True,False
perle,248856,37,15,800,3715,1101,1.9574867875494024,-3.9580492977762032,1.9574867875494024,-4.1541828046880171,True,True,False,False,True,False
perle,248856,37,16,850,3716,1101,2.3207673697760955,-3.5285935323433115,2.3207673697760955,-3.7436895601470304,True,True,False,False,True,False
perle,248856,37,17,900,3717,1101,2.6840479520027887,-3.0991377669104203,2.6840479520027887,-3.3331963156060449,True,True,False,False,True,False
perle,248856,37,18,950,3718,1101,3.0473285342294809,-2.66968200147753,3.0473285342294809,-2.9227030710650586,True,True,False,False,True,False
perle,248856,37,19,1000,3719,1101,3.410609116456174,-2.2402262360446388,3.410609116456174,-2.5122098265240718,True,True,False,False,True,False
perle,248856,37,20,1050,3720,1101,3.7738896986828663,-1.8107704706117485,3.7738896986828663,-2.1017165819830868,True,True,False,False,True,False
perle,248856,37,21,1100,3721,1101,4.1371702809095598,-1.3813147051788564,4.1371702809095598,-1.6912233374420997,True,True,False,False,True,False
perle,248856,37,22,1150,3722,1101,4.500450863136253,-0.95185893974596514,4.500450863136253,-1.2807300929011132,True,True,False,False,True,False
perle,248856,37,23,1200,3723,1101,4.8637314453629443,-0.5224031743130757,4.8637314453629443,-0.87023684836012916,True,True,False,False,True,False
perle,248856,37,24,1250,3724,1101,5.2270120275896375,-0.09294740888018449,5.2270120275896375,-0.45974360381914242,True,False,False,False,True,False
perle,248856,37,25,1300,3725,1101,5.5902926098163306,0.33650835655270761,5.5902926098163306,-0.049250359278155457,True,False,True,False,True,False
perle,248856,37,26,1350,3726,1101,5.9535731920430237,0.76596412198559882,5.9535731920430237,0.36124288526283127,True,False,True,False,True,False
perle,248856,37,27,1400,3727,1101,6.3168537742697151,1.1954198874184883,6.3168537742697151,0.77173612980381689,True,False,True,False,True,False
perle,248856,37,28,1450,3728,1101,6.6801343564964082,1.6248756528513795,6.6801343564964082,1.1822293743448036,True,False,True,False,True,False
perle,248856,37,29,1500,3729,1101,7.0434149387231013,2.0543314182842716,7.0434149387231013,1.5927226188857901,True,False,True,False,True,False
perle,248856,37,30,1550,3730,1101,7.4066955209497944,2.4837871837171628,7.4066955209497944,2.0032158634267772,True,False,True,False,True,False
perle,248856,37,31,1600,3731,1101,7.7699761031764858,2.9132429491500522,7.7699761031764858,2.4137091079677608,True,False,True,False,True,False
perle,248856,37,32,1650,3732,1101,8.1332566854031789,3.3426987145829434,8.1332566854031789,2.8242023525087472,True,False,True,False,True,False
perle,248856,37,33,1700,3733,1101,8.496537267629872,3.7721544800158346,8.496537267629872,3.234695597049734,True,False,True,False,True,False
perle,248856,37,34,1750,3734,1101,8.8598178498565652,4.2016102454487259,8.8598178498565652,3.6451888415907212,True,False,True,False,True,False
perle,248856,37,35,1800,3735,1101,9.2230984320832583,4.6310660108816171,9.2230984320832583,4.055682086131708,True,False,True,False,True,False
perle,248856,37,36,1850,3736,1101,9.5863790143099497,5.0605217763145065,9.5863790143099497,4.4661753306726917,True,False,True,False,True,False
perle,251629,38,6,350,3806,1069,-1.5111593092851154,-4.3657974164020796,-1.5111593092851154,-4.3657974164020805,True,True,False,True,False,False
perle,251629,38,7,400,3807,1069,-1.2764027893647161,-4.6631008499371038,-1.2764027893647161,-4.6631008499371021,True,True,False,True,False,False
perle,251629,38,8,450,3808,1069,-1.0416462694443167,-4.9604042834721289,-1.0416462694443167,-4.9604042834721289,True,True,False,True,False,False
perle,251629,38,9,500,3809,1069,-0.80688974952391712,-5.257707717007154,-0.80688974952391712,-5.2577077170071531,True,True,False,True,False,False
perle,251629,38,10,550,3810,1069,-0.57213322960351753,-5.5550111505421782,-0.57213322960351753,-5.5550111505421791,True,True,False,True,False,False
perle,251629,38,11,600,3811,1069,-0.33737670968311795,-5.8523145840772033,-0.33737670968311795,-5.8523145840772042,True,True,False,True,False,False
perle,251629,38,12,650,3812,1069,-0.10262018976271836,-6.1496180176122284,-0.10262018976271836,-6.1496180176122275,True,True,False,True,False,False
perle,251629,38,13,700,3813,1069,0.13213633015768123,-6.4469214511472535,0.13213633015768123,-6.4469214511472526,True,True,False,True,False,False
perle,251629,38,14,750,3814,1069,0.36689285007808037,-6.7442248846822777,0.36689285007808037,-6.7442248846822768,True,True,False,True,False,False
perle,251629,38,15,800,3815,1069,0.60164936999847995,-7.0415283182173027,0.60164936999847995,-7.0415283182173027,True,True,False,True,False,False
perle,251629,38,16,850,3816,1069,0.83640588991887954,-7.3388317517523278,0.83640588991887954,-7.3388317517523278,True,True,False,True,False,False
perle,251629,38,17,900,3817,1069,1.0711624098392787,-7.636135185287352,1.0711624098392787,-7.6361351852873529,True,True,False,True,False,False
perle,251629,38,18,950,3818,1069,1.3059189297596787,-7.9334386188223771,1.3059189297596787,-7.9334386188223762,True,True,False,True,False,False
perle,251629,38,19,1000,3819,1069,1.5406754496800779,-8.2307420523574013,1.5406754496800779,-8.2307420523573995,True,True,False,True,False,False
perle,251629,38,20,1050,3820,1069,1.7754319696004779,-8.5280454858924273,1.7754319696004779,-8.5280454858924255,True,True,False,True,False,False
perle,251629,38,21,1100,3821,1069,2.010188489520877,-8.8253489194274515,2.010188489520877,-8.8253489194274533,True,True,False,True,False,False
perle,251629,38,22,1150,3822,1069,2.2449450094412771,-9.1226523529624775,2.2449450094412771,-9.1226523529624775,True,True,False,True,False,False
perle,251629,38,23,1200,3823,1069,2.4797015293616762,-9.4199557864975016,2.4797015293616762,-9.4199557864975016,True,True,False,True,False,False
perle,251629,38,24,1250,3824,1069,2.7144580492820753,-9.7172592200325258,2.7144580492820753,-9.7172592200325276,True,True,False,True,False,False
perle,251629,38,25,1300,3825,1069,2.9492145692024754,-9.761236513884775,2.9492145692024754,-9.7983450134458607,True,True,False,True,False,True
perle,251629,38,26,1350,3826,1069,3.1839710891228745,-9.4713172617794754,3.1839710891228745,-9.5944451227836094,True,True,False,True,False,True
perle,251629,38,27,1400,3827,1069,3.4187276090432746,-9.1813980096741759,3.4187276090432746,-9.3905452321213527,True,True,False,True,False,True
perle,251629,38,28,1450,3828,1069,3.6534841289636737,-8.8914787575688798,3.6534841289636737,-9.1866453414590996,True,True,False,True,False,True
perle,251629,38,29,1500,3829,1069,3.8882406488840728,-8.6015595054635803,3.8882406488840728,-8.9827454507968447,True,True,False,True,False,True
perle,251629,38,30,1550,3830,1069,4.1229971688044724,-8.3116402533582807,4.1229971688044724,-8.7788455601345916,True,True,False,True,False,True
perle,251629,38,31,1600,3831,1069,4.3577536887248716,-8.0217210012529829,4.3577536887248716,-8.5749456694723367,True,True,False,True,False,True
perle,251629,38,32,1650,3832,1069,4.5925102086452725,-7.7318017491476825,4.5925102086452725,-8.3710457788100836,True,True,False,True,False,True
perle,251629,38,33,1700,3833,1069,4.8272667285656716,-7.4418824970423847,4.8272667285656716,-8.1671458881478305,True,True,False,True,False,True
perle,251629,38,34,1750,3834,1069,5.0620232484860708,-7.151963244937086,5.0620232484860708,-7.9632459974855756,True,True,False,True,False,True
perle,251629,38,35,1800,3835,1069,5.2967797684064699,-6.8620439928317882,5.2967797684064699,-7.7593461068233216,True,False,False,True,False,True
perle,251629,38,36,1850,3836,1069,5.5315362883268708,-6.5721247407264878,5.5315362883268708,-7.5554462161610667,True,False,True,True,False,True
perle,251629,38,37,1900,3837,1069,5.76629280824727,-6.2822054886211891,5.76629280824727,-7.3515463254988136,True,False,True,True,False,True
perle,251629,38,38,1950,3838,1069,6.0010493281676691,-5.9922862365158904,6.0010493281676691,-7.1476464348365596,True,False,True,True,False,True
perle,251629,38,39,2000,3839,1069,6.2358058480880683,-5.7023669844105926,6.2358058480880683,-6.9437465441743065,True,False,True,True,False,True
perle,251629,38,40,2050,3840,1069,6.4705623680084692,-5.4124477323052922,6.4705623680084692,-6.7398466535120507,True,False,True,True,False,True
perle,251629,38,41,2100,3841,1069,6.7053188879288683,-5.1225284801999944,6.7053188879288683,-6.5359467628497976,True,False,True,True,False,True
perle,251629,38,42,2150,3842,1069,6.9400754078492675,-4.8326092280946948,6.9400754078492675,-6.3320468721875436,True,False,True,True,False,True
perle,251629,38,43,2200,3843,1069,7.1748319277696666,-4.5426899759893971,7.1748319277696666,-6.1281469815252896,True,False,True,True,False,True
perle,251629,38,44,2250,3844,1069,7.4095884476900657,-4.2527707238840993,7.4095884476900657,-5.9242470908630356,True,False,True,True,False,True
perle,251629,38,45,2300,3845,1069,7.6443449676104667,-3.9628514717787979,7.6443449676104667,-5.7203472002007798,True,False,True,True,False,True
perle,251629,38,46,2350,3846,1069,7.8791014875308658,-3.6729322196735001,7.8791014875308658,-5.5164473095385258,True,False,True,True,False,True
perle,251629,38,47,2400,3847,1069,8.113858007451265,-3.3830129675682024,8.113858007451265,-5.3125474188762727,True,False,True,True,False,True
perle,251629,38,48,2450,3848,1069,8.3486145273716641,-3.0930937154629028,8.3486145273716641,-5.1086475282140196,True,False,True,True,False,True
perle,251629,38,49,2500,3849,1069,8.5833710472920632,-2.803174463357605,8.5833710472920632,-4.9047476375517665,True,False,True,True,False,True
perle,251629,38,50,2550,3850,1069,8.8181275672124642,-2.5132552112523054,8.8181275672124642,-4.7008477468895107,True,False,True,True,False,True
perle,251629,38,51,2600,3851,1069,9.0528840871328633,-2.2233359591470059,9.0528840871328633,-4.4969478562272567,True,False,True,True,False,True
perle,251629,38,52,2650,3852,1069,9.2876406070532624,-1.9334167070417081,9.2876406070532624,-4.2930479655650027,True,False,True,True,False,True
perle,251629,38,53,2700,3853,1069,9.5223971269736616,-1.6434974549364103,9.5223971269736616,-4.0891480749027487,True,False,True,True,False,True
perle,251629,38,54,2750,3854,1069,9.7571536468940607,-1.3535782028311107,9.7571536468940607,-3.885248184240496,True,False,True,True,False,True
perle,251629,38,55,2800,3855,1069,9.9919101668144616,-1.0636589507258112,9.9919101668144616,-3.6813482935782407,True,False,True,True,False,True
perle,258471,39,6,350,3906,1118,-1.4495106457868856,5.4384770248238663,-1.4495106457868856,5.4574317519509412,True,True,False,False,True,False
perle,258471,39,7,400,3907,1118,-1.1885880127284167,5.169152259671808,-1.1885880127284167,5.2024060052093208,True,True,False,False,True,False
perle,258471,39,8,450,3908,1118,-0.92766537966994811,4.8998274945197497,-0.92766537966994811,4.9473802584676996,True,True,False,False,True,False
perle,258471,39,9,500,3909,1118,-0.66674274661147903,4.6305027293676915,-0.66674274661147903,4.6923545117260774,True,True,False,False,True,False
perle,258471,39,10,550,3910,1118,-0.40582011355300995,4.3611779642156332,-0.40582011355300995,4.4373287649844571,True,True,False,False,True,False
perle,258471,39,11,600,3911,1118,-0.14489748049454132,4.0918531990635749,-0.14489748049454132,4.1823030182428358,True,True,False,False,True,False
perle,258471,39,12,650,3912,1118,0.11602515256392776,3.8225284339115162,0.11602515256392776,3.9272772715012145,True,True,False,False,True,False
perle,258471,39,13,700,3913,1118,0.37694778562239684,3.5532036687594575,0.37694778562239684,3.6722515247595933,True,True,False,False,True,False
perle,258471,39,14,750,3914,1118,0.63787041868086547,3.2838789036073992,0.63787041868086547,3.4172257780179729,True,True,False,False,True,False
perle,258471,39,15,800,3915,1118,0.89879305173933455,3.0145541384553409,0.89879305173933455,3.1622000312763507,True,True,False,False,True,False
perle,258471,39,16,850,3916,1118,1.1597156847978032,2.7452293733032826,1.1597156847978032,2.9071742845347304,True,True,False,False,True,False
perle,258471,39,17,900,3917,1118,1.4206383178562718,2.4759046081512244,1.4206383178562718,2.6521485377931091,True,True,False,False,True,False
perle,258471,39,18,950,3918,1118,1.6815609509147413,2.2065798429991652,1.6815609509147413,2.397122791051487,True,True,False,False,True,False
perle,258471,39,19,1000,3919,1118,1.94248358397321,1.9372550778471074,1.94248358397321,2.1420970443098666,True,True,False,False,True,False
perle,258471,39,20,1050,3920,1118,2.2034062170316786,1.6679303126950491,2.2034062170316786,1.8870712975682451,True,True,False,False,True,False
perle,258471,39,21,1100,3921,1118,2.4643288500901481,1.3986055475429899,2.4643288500901481,1.6320455508266236,True,True,False,False,True,False
perle,258471,39,22,1150,3922,1118,2.7252514831486168,1.1292807823909321,2.7252514831486168,1.377019804085003,True,True,False,False,True,False
perle,258471,39,23,1200,3923,1118,2.9861741162070854,0.85995601723887383,2.9861741162070854,1.121994057343382,True,True,False,False,True,False
perle,258471,39,24,1250,3924,1118,3.2470967492655549,0.59063125208681466,3.2470967492655549,0.86696831060175972,True,True,False,False,True,False
perle,258471,39,25,1300,3925,1118,3.5080193823240235,0.32130648693475683,3.5080193823240235,0.61194256386013879,True,True,False,False,True,False
perle,258471,39,26,1350,3926,1118,3.7689420153824922,0.051981721782698553,3.7689420153824922,0.35691681711851792,True,True,False,False,True,False
perle,258471,39,27,1400,3927,1118,4.0298646484409613,-0.21734304336935972,4.0298646484409613,0.10189107037689692,True,True,False,False,True,False
perle,258471,39,28,1450,3928,1118,4.2907872814994299,-0.486667808521418,4.2907872814994299,-0.15313467636472333,True,True,False,False,True,False
perle,258471,39,29,1500,3929,1118,4.5517099145578985,-0.75599257367347628,4.5517099145578985,-0.40816042310634426,True,True,False,False,True,False
perle,258471,39,30,1550,3930,1118,4.8126325476163689,-1.0253173388255363,4.8126325476163689,-0.66318616984796774,True,True,False,False,True,False
perle,258471,39,31,1600,3931,1118,5.0735551806748376,-1.2946421039775946,5.0735551806748376,-0.91821191658958856,True,True,False,False,True,False
perle,258471,39,32,1650,3932,1118,5.3344778137333062,-1.5639668691296529,5.3344778137333062,-1.1732376633312094,True,False,False,False,True,False
perle,258471,39,33,1700,3933,1118,5.5954004467917748,-1.8332916342817112,5.5954004467917748,-1.4282634100728304,True,False,True,False,True,False
perle,258471,39,34,1750,3934,1118,5.8563230798502435,-2.1026163994337685,5.8563230798502435,-1.6832891568144517,True,False,True,False,True,False
perle,258471,39,35,1800,3935,1118,6.1172457129087121,-2.3719411645858268,6.1172457129087121,-1.9383149035560725,True,False,True,False,True,False
perle,258471,39,36,1850,3936,1118,6.3781683459671825,-2.6412659297378869,6.3781683459671825,-2.1933406502976953,True,False,True,False,True,False
perle,258471,39,37,1900,3937,1118,6.6390909790256512,-2.9105906948899452,6.6390909790256512,-2.4483663970393166,True,False,True,False,True,False
perle,258471,39,38,1950,3938,1118,6.9000136120841198,-3.1799154600420034,6.9000136120841198,-2.7033921437809374,True,False,True,False,True,False
perle,258471,39,39,2000,3939,1118,7.1609362451425884,-3.4492402251940617,7.1609362451425884,-2.9584178905225587,True,False,True,False,True,False
perle,258471,39,40,2050,3940,1118,7.4218588782010571,-3.71856499034612,7.4218588782010571,-3.2134436372641799,True,False,True,False,True,False
perle,258471,39,41,2100,3941,1118,7.6827815112595257,-3.9878897554981774,7.6827815112595257,-3.4684693840058007,True,False,True,False,True,False
perle,258471,39,42,2150,3942,1118,7.9437041443179961,-4.257214520650237,7.9437041443179961,-3.7234951307474224,True,False,True,False,True,False
perle,258471,39,43,2200,3943,1118,8.2046267773764647,-4.5265392858022953,8.2046267773764647,-3.9785208774890437,True,False,True,False,True,False
perle,258471,39,44,2250,3944,1118,8.4655494104349334,-4.7958640509543535,8.4655494104349334,-4.233546624230665,True,False,True,False,True,False
perle,258471,39,45,2300,3945,1118,8.726472043493402,-5.0651888161064118,8.726472043493402,-4.4885723709722845,True,False,True,False,True,False
perle,258471,39,46,2350,3946,1118,8.9873946765518706,-5.3345135812584701,8.9873946765518706,-4.7435981177139066,True,False,True,False,True,False
perle,258471,39,47,2400,3947,1118,9.2483173096103393,-5.6038383464105284,9.2483173096103393,-4.998623864455527,True,False,True,False,True,False
perle,258471,39,48,2450,3948,1118,9.5092399426688079,-5.8731631115625866,9.5092399426688079,-5.2536496111971482,True,False,True,False,True,False
perle,258471,39,49,2500,3949,1118,9.7701625757272783,-6.1424878767146467,9.7701625757272783,-5.5086753579387713,True,False,True,False,True,False
perle,269179,40,6,350,4006,1032,-1.1836961949329461,1.9159239501805048,-1.1836961949329461,1.9087167011078068,True,True,False,False,True,False
perle,269179,40,7,400,4007,1032,-0.87394244571349233,1.7045551387834483,-0.87394244571349233,1.6919853313276638,True,True,False,False,True,False
perle,269179,40,8,450,4008,1032,-0.56418869649403858,1.4931863273863919,-0.56418869649403858,1.4752539615475204,True,True,False,False,True,False
perle,269179,40,9,500,4009,1032,-0.25443494727458527,1.2818175159893359,-0.25443494727458527,1.2585225917673772,True,True,False,False,True,False
perle,269179,40,10,550,4010,1032,0.05531880194486849,1.0704487045922797,0.05531880194486849,1.0417912219872341,True,True,False,False,True,False
perle,269179,40,11,600,4011,1032,0.36507255116432225,0.85907989319522327,0.36507255116432225,0.82505985220709077,True,True,False,False,True,False
perle,269179,40,12,650,4012,1032,0.674826300383776,0.64771108179816705,0.674826300383776,0.60832848242694748,True,True,False,False,True,False
perle,269179,40,13,700,4013,1032,0.9845800496032302,0.4363422704011104,0.9845800496032302,0.39159711264680386,True,True,False,False,True,False
perle,269179,40,14,750,4014,1032,1.2943337988226835,0.2249734590040543,1.2943337988226835,0.17486574286666109,True,True,False,False,True,False
perle,269179,40,15,800,4015,1032,1.6040875480421377,0.013604647606997755,1.6040875480421377,-0.041865626913482487,True,True,False,False,True,False
perle,269179,40,16,850,4016,1032,1.913841297261591,-0.19776416379005823,1.913841297261591,-0.25859699669362574,True,True,False,False,True,False
perle,269179,40,17,900,4017,1032,2.2235950464810452,-0.40913297518711489,2.2235950464810452,-0.47532836647376903,True,True,False,False,True,False
perle,269179,40,18,950,4018,1032,2.5333487957004985,-0.62050178658417088,2.5333487957004985,-0.69205973625391193,True,True,False,False,True,False
perle,269179,40,19,1000,4019,1032,2.8431025449199518,-0.83187059798122687,2.8431025449199518,-0.90879110603405477,True,True,False,False,True,False
perle,269179,40,20,1050,4020,1032,3.152856294139406,-1.0432394093782837,3.152856294139406,-1.1255224758141993,True,True,False,False,True,False
perle,269179,40,21,1100,4021,1032,3.4626100433588594,-1.2546082207753397,3.4626100433588594,-1.3422538455943418,True,True,False,False,True,False
perle,269179,40,22,1150,4022,1032,3.7723637925783136,-1.4659770321723962,3.7723637925783136,-1.558985215374485,True,True,False,False,True,False
perle,269179,40,23,1200,4023,1032,4.0821175417977669,-1.6773458435694522,4.0821175417977669,-1.7757165851546279,True,True,False,False,True,False
perle,269179,40,24,1250,4024,1032,4.3918712910172211,-1.888714654966509,4.3918712910172211,-1.9924479549347718,True,True,False,False,True,False
perle,269179,40,25,1300,4025,1032,4.7016250402366744,-2.1000834663635652,4.7016250402366744,-2.2091793247149152,True,True,False,False,True,False
perle,269179,40,26,1350,4026,1032,5.0113787894561277,-2.3114522777606208,5.0113787894561277,-2.4259106944950584,True,True,False,False,True,False
perle,269179,40,27,1400,4027,1032,5.3211325386755828,-2.5228210891576781,5.3211325386755828,-2.6426420642752029,True,False,False,False,True,False
perle,269179,40,28,1450,4028,1032,5.6308862878950361,-2.7341899005547345,5.6308862878950361,-2.8593734340553452,True,False,True,False,True,False
perle,269179,40,29,1500,4029,1032,5.9406400371144894,-2.9455587119517901,5.9406400371144894,-3.0761048038354879,True,False,True,False,True,False
perle,269179,40,30,1550,4030,1032,6.2503937863339427,-3.1569275233488456,6.2503937863339427,-3.292836173615632,True,False,True,False,True,False
perle,269179,40,31,1600,4031,1032,6.5601475355533978,-3.368296334745903,6.5601475355533978,-3.5095675433957756,True,False,True,False,True,False
perle,269179,40,32,1650,4032,1032,6.8699012847728511,-3.5796651461429594,6.8699012847728511,-3.7262989131759183,True,False,True,False,True,False
perle,269179,40,33,1700,4033,1032,7.1796550339923044,-3.7910339575400149,7.1796550339923044,-3.9430302829560619,True,False,True,False,True,False
perle,269179,40,34,1750,4034,1032,7.4894087832117577,-4.0024027689370714,7.4894087832117577,-4.1597616527362042,True,False,True,False,True,False
perle,269179,40,35,1800,4035,1032,7.7991625324312128,-4.2137715803341287,7.7991625324312128,-4.3764930225163488,True,False,True,False,True,False
perle,269179,40,36,1850,4036,1032,8.1089162816506661,-4.4251403917311842,8.1089162816506661,-4.5932243922964915,True,False,True,False,True,False
perle,269179,40,37,1900,4037,1032,8.4186700308701194,-4.6365092031282407,8.4186700308701194,-4.809955762076636,True,False,True,False,True,False
perle,269179,40,38,1950,4038,1032,8.7284237800895728,-4.8478780145252962,8.7284237800895728,-5.026687131856777,True,False,True,False,True,False
perle,269179,40,39,2000,4039,1032,9.0381775293090261,-5.0592468259223526,9.0381775293090261,-5.2434185016369197,True,False,True,False,True,False
perle,269179,40,40,2050,4040,1032,9.3479312785284812,-5.27061563731941,9.3479312785284812,-5.4601498714170642,True,False,True,False,True,False
perle,269179,40,41,2100,4041,1032,9.6576850277479345,-5.4819844487164655,9.6576850277479345,-5.6768812411972078,True,False,True,False,True,False
perle,270569,41,6,350,4106,1139,-1.2880085821230165,3.604883674092342,-1.2880085821230165,3.604883674092342,True,True,False,True,False,False
perle,270569,41,7,400,4107,1139,-1.055594273500841,3.3105465041584647,-1.055594273500841,3.3105465041584656,True,True,False,True,False,False
perle,270569,41,8,450,4108,1139,-0.82317996487866552,3.0162093342245875,-0.82317996487866552,3.0162093342245875,True,True,False,True,False,False
perle,270569,41,9,500,4109,1139,-0.59076565625649025,2.7218721642907107,-0.59076565625649025,2.7218721642907111,True,True,False,True,False,False
perle,270569,41,10,550,4110,1139,-0.35835134763431498,2.4275349943568338,-0.35835134763431498,2.4275349943568334,True,True,False,True,False,False
perle,270569,41,11,600,4111,1139,-0.12593703901213926,2.1331978244229561,-0.12593703901213926,2.1331978244229561,True,True,False,True,False,False
perle,270569,41,12,650,4112,1139,0.10647726961003601,1.8388606544890793,0.10647726961003601,1.8388606544890786,True,True,False,True,False,False
perle,270569,41,13,700,4113,1139,0.33889157823221128,1.5445234845552023,0.33889157823221128,1.5445234845552027,True,True,False,True,False,False
perle,270569,41,14,750,4114,1139,0.57130588685438655,1.2501863146213252,0.57130588685438655,1.2501863146213257,True,True,False,True,False,False
perle,270569,41,15,800,4115,1139,0.80372019547656226,0.95584914468744775,0.80372019547656226,0.95584914468744764,True,True,False,True,False,False
perle,270569,41,16,850,4116,1139,1.0361345040987375,0.66151197475357093,1.0361345040987375,0.66151197475357104,True,True,False,True,False,False
perle,270569,41,17,900,4117,1139,1.2685488127209132,0.36717480481969345,1.2685488127209132,0.36717480481969345,True,True,False,True,False,False
perle,270569,41,18,950,4118,1139,1.5009631213430885,0.072837634885816405,1.5009631213430885,0.072837634885816391,True,True,False,True,False,False
perle,270569,41,19,1000,4119,1139,1.7333774299652638,-0.22149953504806064,1.7333774299652638,-0.22149953504806064,True,True,False,True,False,False
perle,270569,41,20,1050,4120,1139,1.9657917385874391,-0.51583670498193746,1.9657917385874391,-0.51583670498193746,True,True,False,True,False,False
perle,270569,41,21,1100,4121,1139,2.1982060472096143,-0.81017387491581427,2.1982060472096143,-0.81017387491581427,True,True,False,True,False,False
perle,270569,41,22,1150,4122,1139,2.4306203558317896,-1.1045110448496915,2.4306203558317896,-1.1045110448496915,True,True,False,True,False,False
perle,270569,41,23,1200,4123,1139,2.6630346644539657,-1.3988482147835692,2.6630346644539657,-1.3988482147835695,True,True,False,True,False,False
perle,270569,41,24,1250,4124,1139,2.895448973076141,-1.6931853847174465,2.895448973076141,-1.6931853847174467,True,True,False,True,False,False
perle,270569,41,25,1300,4125,1139,3.1278632816983163,-1.9875225546513233,3.1278632816983163,-1.9875225546513238,True,True,False,True,False,False
perle,270569,41,26,1350,4126,1139,3.3602775903204916,-2.2818597245852001,3.3602775903204916,-2.2818597245851997,True,True,False,True,False,False
perle,270569,41,27,1400,4127,1139,3.5926918989426668,-2.5761968945190774,3.5926918989426668,-2.5761968945190774,True,True,False,True,False,False
perle,270569,41,28,1450,4128,1139,3.8251062075648421,-2.8705340644529538,3.8251062075648421,-2.8705340644529538,True,True,False,True,False,False
perle,270569,41,29,1500,4129,1139,4.0575205161870169,-3.1648712343868302,4.0575205161870169,-3.1648712343868302,True,True,False,True,False,False
perle,270569,41,30,1550,4130,1139,4.289934824809194,-3.4592084043207101,4.289934824809194,-3.4592084043207096,True,True,False,True,False,False
perle,270569,41,31,1600,4131,1139,4.5223491334313692,-3.7535455742545865,4.5223491334313692,-3.7535455742545869,True,True,False,True,False,False
perle,270569,41,32,1650,4132,1139,4.7547634420535445,-4.0478827441884633,4.7547634420535445,-4.0478827441884633,True,True,False,True,False,False
perle,270569,41,33,1700,4133,1139,4.9871777506757198,-4.3422199141223405,4.9871777506757198,-4.3422199141223388,True,True,False,True,False,False
perle,270569,41,34,1750,4134,1139,5.219592059297895,-4.6365570840562178,5.219592059297895,-4.6365570840562178,True,False,False,True,False,False
perle,270569,41,35,1800,4135,1139,5.4520063679200703,-4.9308942539900951,5.4520063679200703,-4.930894253990096,True,False,True,True,False,False
perle,270569,41,36,1850,4136,1139,5.6844206765422456,-5.2252314239239706,5.6844206765422456,-5.2252314239239714,True,False,True,True,False,False
perle,270569,41,37,1900,4137,1139,5.9168349851644209,-5.5195685938578478,5.9168349851644209,-5.5195685938578478,True,False,True,True,False,False
perle,270569,41,38,1950,4138,1139,6.1492492937865961,-5.8139057637917251,6.1492492937865961,-5.8139057637917242,True,False,True,True,False,False
perle,270569,41,39,2000,4139,1139,6.3816636024087714,-6.1082429337256023,6.3816636024087714,-6.1082429337256032,True,False,True,True,False,False
perle,270569,41,40,2050,4140,1139,6.6140779110309467,-6.4025801036594796,6.6140779110309467,-6.4025801036594796,True,False,True,True,False,False
perle,270569,41,41,2100,4141,1139,6.8464922196531219,-6.6969172735933569,6.8464922196531219,-6.6969172735933569,True,False,True,True,False,False
perle,270569,41,42,2150,4142,1139,7.0789065282752972,-6.9912544435272341,7.0789065282752972,-6.9912544435272332,True,False,True,True,False,False
perle,270569,41,43,2200,4143,1139,7.3113208368974725,-7.2855916134611096,7.3113208368974725,-7.2855916134611087,True,False,True,True,False,False
perle,270569,41,44,2250,4144,1139,7.5437351455196477,-7.5799287833949869,7.5437351455196477,-7.5799287833949887,True,False,True,True,False,False
perle,270569,41,45,2300,4145,1139,7.776149454141823,-7.8742659533288641,7.776149454141823,-7.8742659533288641,True,False,True,True,False,False
perle,270569,41,46,2350,4146,1139,8.0085637627639983,-8.1686031232627414,8.0085637627639983,-8.1686031232627432,True,False,True,True,False,False
perle,270569,41,47,2400,4147,1139,8.2409780713861753,-8.4629402931966204,8.2409780713861753,-8.462940293196624,True,False,True,True,False,False
perle,270569,41,48,2450,4148,1139,8.4733923800083506,-8.7572774631304977,8.4733923800083506,-8.7572774631304977,True,False,True,True,False,False
perle,270569,41,49,2500,4149,1139,8.7058066886305259,-9.051614633064375,8.7058066886305259,-9.051614633064375,True,False,True,True,False,False
perle,270569,41,50,2550,4150,1139,8.9382209972527011,-9.3459518029982505,8.9382209972527011,-9.3459518029982522,True,False,True,True,False,False
perle,270569,41,51,2600,4151,1139,9.1706353058748764,-9.6402889729321277,9.1706353058748764,-9.6402889729321277,True,False,True,True,False,False
perle,270569,41,52,2650,4152,1139,9.4030496144970517,-9.7451780353676938,9.4030496144970517,-9.53141943989956,True,False,True,True,False,True
perle,270569,41,53,2700,4153,1139,9.6354639231192269,-9.4508408654338165,9.6354639231192269,-8.5728676639718948,True,False,True,True,False,True
perle,270569,41,54,2750,4154,1139,9.8678782317414022,-9.1565036954999393,9.8678782317414022,-7.614315888044227,True,False,True,True,False,True
perle,273073,42,6,350,4206,1066,-1.152432219989926,7.4145418110890065,-1.152432219989926,7.4145418110890073,True,True,False,True,False,False
perle,273073,42,7,400,4207,1066,-0.81337488418882753,7.5770690052796974,-0.81337488418882753,7.5770690052796974,True,True,False,True,False,False
perle,273073,42,8,450,4208,1066,-0.47431754838772955,7.7395961994703875,-0.47431754838772955,7.7395961994703857,True,True,False,True,False,False
perle,273073,42,9,500,4209,1066,-0.13526021258663157,7.9021233936610775,-0.13526021258663157,7.9021233936610766,True,True,False,True,False,False
perle,273073,42,10,550,4210,1066,0.20379712321446641,8.0646505878517676,0.20379712321446641,8.0646505878517676,True,True,False,True,False,False
perle,273073,42,11,600,4211,1066,0.54285445901556439,8.2271777820424568,0.54285445901556439,8.2271777820424585,True,True,False,True,False,False
perle,273073,42,12,650,4212,1066,0.88191179481666282,8.3897049762331477,0.88191179481666282,8.3897049762331459,True,True,False,True,False,False
perle,273073,42,13,700,4213,1066,1.2209691306177604,8.5522321704238369,1.2209691306177604,8.5522321704238351,True,True,False,True,False,False
perle,273073,42,14,750,4214,1066,1.5600264664188588,8.7147593646145278,1.5600264664188588,8.7147593646145278,True,True,False,True,False,False
perle,273073,42,15,800,4215,1066,1.8990838022199572,8.8772865588052188,1.8990838022199572,8.8772865588052188,True,True,False,True,False,False
perle,273073,42,16,850,4216,1066,2.2381411380210547,9.0398137529959079,2.2381411380210547,9.0398137529959097,True,True,False,True,False,False
perle,273073,42,17,900,4217,1066,2.5771984738221532,9.2023409471865989,2.5771984738221532,9.2023409471865989,True,True,False,True,False,False
perle,273073,42,18,950,4218,1066,2.9162558096232507,9.3648681413772881,2.9162558096232507,9.3648681413772881,True,True,False,True,False,False
perle,273073,42,19,1000,4219,1066,3.2553131454243491,9.527395335567979,3.2553131454243491,9.527395335567979,True,True,False,True,False,False
perle,273073,42,20,1050,4220,1066,3.5943704812254476,9.6899225297586682,3.5943704812254476,9.6899225297586682,True,True,False,True,False,False
perle,273073,42,21,1100,4221,1066,3.9334278170265451,9.8432199965213414,3.9334278170265451,9.8423724241269426,True,True,False,True,False,True
perle,273073,42,22,1150,4222,1066,4.2724851528276435,9.685056420398908,4.2724851528276435,9.6547595878637686,True,True,False,True,False,True
perle,273073,42,23,1200,4223,1066,4.6115424886287411,9.5268928442764729,4.6115424886287411,9.4671467516005965,True,True,False,True,False,True
perle,273073,42,24,1250,4224,1066,4.9505998244298386,9.3687292681540395,4.9505998244298386,9.2795339153374208,True,True,False,True,False,True
perle,273073,42,25,1300,4225,1066,5.2896571602309379,9.2105656920316044,5.2896571602309379,9.0919210790742451,True,False,False,True,False,True
perle,273073,42,26,1350,4226,1066,5.6287144960320354,9.0524021159091692,5.6287144960320354,8.9043082428110711,True,False,True,True,False,True
perle,273073,42,27,1400,4227,1066,5.967771831833133,8.8942385397867358,5.967771831833133,8.716695406547899,True,False,True,True,False,True
perle,273073,42,28,1450,4228,1066,6.3068291676342323,8.7360749636643007,6.3068291676342323,8.5290825702847251,True,False,True,True,False,True
perle,273073,42,29,1500,4229,1066,6.6458865034353298,8.5779113875418673,6.6458865034353298,8.3414697340215511,True,False,True,True,False,True
perle,273073,42,30,1550,4230,1066,6.9849438392364274,8.4197478114194322,6.9849438392364274,8.1538568977583772,True,False,True,True,False,True
perle,273073,42,31,1600,4231,1066,7.3240011750375267,8.261584235296997,7.3240011750375267,7.9662440614952015,True,False,True,True,False,True
perle,273073,42,32,1650,4232,1066,7.6630585108386242,8.1034206591745637,7.6630585108386242,7.7786312252320275,True,False,True,True,False,True
perle,273073,42,33,1700,4233,1066,8.0021158466397218,7.9452570830521294,8.0021158466397218,7.5910183889688545,True,False,True,True,False,True
perle,273073,42,34,1750,4234,1066,8.3411731824408193,7.7870935069296952,8.3411731824408193,7.4034055527056806,True,False,True,True,False,True
perle,273073,42,35,1800,4235,1066,8.6802305182419186,7.62892993080726,8.6802305182419186,7.2157927164425057,True,False,True,True,False,True
perle,273073,42,36,1850,4236,1066,9.0192878540430161,7.4707663546848257,9.0192878540430161,7.0281798801793327,True,False,True,True,False,True
perle,273073,42,37,1900,4237,1066,9.3583451898441137,7.3126027785623924,9.3583451898441137,6.8405670439161588,True,False,True,True,False,True
perle,273073,42,38,1950,4238,1066,9.697402525645213,7.1544392024399572,9.697402525645213,6.652954207652984,True,False,True,True,False,True
perle,273515,43,6,350,4306,1051,-1.1574051235655238,8.0214149443973053,-1.1574051235655238,8.0214149443973071,True,True,False,True,False,False
perle,273515,43,7,400,4307,1051,-0.82081317882159999,8.1898000305241059,-0.82081317882159999,8.1898000305241077,True,True,False,True,False,False
perle,273515,43,8,450,4308,1051,-0.48422123407767614,8.3581851166509082,-0.48422123407767614,8.3581851166509047,True,True,False,True,False,False
perle,273515,43,9,500,4309,1051,-0.1476292893337523,8.5265702027777106,-0.1476292893337523,8.5265702027777106,True,True,False,True,False,False
perle,273515,43,10,550,4310,1051,0.18896265541017199,8.6949552889045112,0.18896265541017199,8.6949552889045094,True,True,False,True,False,False
perle,273515,43,11,600,4311,1051,0.52555460015409539,8.8633403750313136,0.52555460015409539,8.8633403750313136,True,True,False,True,False,False
perle,273515,43,12,650,4312,1051,0.86214654489801967,9.0317254611581141,0.86214654489801967,9.0317254611581159,True,True,False,True,False,False
perle,273515,43,13,700,4313,1051,1.1987384896419431,9.2001105472849165,1.1987384896419431,9.2001105472849165,True,True,False,True,False,False
perle,273515,43,14,750,4314,1051,1.5353304343858674,9.3684956334117189,1.5353304343858674,9.3684956334117206,True,True,False,True,False,False
perle,273515,43,15,800,4315,1051,1.8719223791297908,9.5368807195385195,1.8719223791297908,9.5368807195385177,True,True,False,True,False,False
perle,273515,43,16,850,4316,1051,2.208514323873715,9.7052658056653218,2.208514323873715,9.7052658056653218,True,True,False,True,False,False
perle,273515,43,17,900,4317,1051,2.5451062686176384,9.7544863180274799,2.5451062686176384,9.7552236843052658,True,True,False,True,False,True
perle,273515,43,18,950,4318,1051,2.8816982133615627,9.5903194657568278,2.8816982133615627,9.5931145961606425,True,True,False,True,False,True
perle,273515,43,19,1000,4319,1051,3.2182901581054861,9.4261526134861775,3.2182901581054861,9.4310055080160193,True,True,False,True,False,True
perle,273515,43,20,1050,4320,1051,3.5548821028494104,9.2619857612155254,3.5548821028494104,9.2688964198713979,True,True,False,True,False,True
perle,273515,43,21,1100,4321,1051,3.8914740475933347,9.0978189089448733,3.8914740475933347,9.1067873317267729,True,True,False,True,False,True
perle,273515,43,22,1150,4322,1051,4.2280659923372585,8.933652056674223,4.2280659923372585,8.9446782435821515,True,True,False,True,False,True
perle,273515,43,23,1200,4323,1051,4.5646579370811811,8.7694852044035727,4.5646579370811811,8.7825691554375283,True,True,False,True,False,True
perle,273515,43,24,1250,4324,1051,4.9012498818251053,8.6053183521329206,4.9012498818251053,8.6204600672929033,True,True,False,True,False,True
perle,273515,43,25,1300,4325,1051,5.2378418265690296,8.4411514998622685,5.2378418265690296,8.45835097914828,True,False,False,True,False,True
perle,273515,43,26,1350,4326,1051,5.5744337713129539,8.2769846475916165,5.5744337713129539,8.2962418910036568,True,False,True,True,False,True
perle,273515,43,27,1400,4327,1051,5.9110257160568764,8.1128177953209661,5.9110257160568764,8.1341328028590354,True,False,True,True,False,True
perle,273515,43,28,1450,4328,1051,6.2476176608008007,7.9486509430503141,6.2476176608008007,7.9720237147144122,True,False,True,True,False,True
perle,273515,43,29,1500,4329,1051,6.584209605544725,7.784484090779662,6.584209605544725,7.809914626569789,True,False,True,True,False,True
perle,273515,43,30,1550,4330,1051,6.9208015502886493,7.6203172385090108,6.9208015502886493,7.6478055384251658,True,False,True,True,False,True
perle,273515,43,31,1600,4331,1051,7.2573934950325718,7.4561503862383596,7.2573934950325718,7.4856964502805416,True,False,True,True,False,True
perle,273515,43,32,1650,4332,1051,7.5939854397764961,7.2919835339677084,7.5939854397764961,7.3235873621359184,True,False,True,True,False,True
perle,273515,43,33,1700,4333,1051,7.9305773845204204,7.1278166816970572,7.9305773845204204,7.1614782739912961,True,False,True,True,False,True
perle,273515,43,34,1750,4334,1051,8.2671693292643447,6.9636498294264051,8.2671693292643447,6.9993691858466729,True,False,True,True,False,True
perle,273515,43,35,1800,4335,1051,8.6037612740082672,6.7994829771557539,8.6037612740082672,6.8372600977020506,True,False,True,True,False,True
perle,273515,43,36,1850,4336,1051,8.9403532187521915,6.6353161248851027,8.9403532187521915,6.6751510095574265,True,False,True,True,False,True
perle,273515,43,37,1900,4337,1051,9.2769451634961158,6.4711492726144506,9.2769451634961158,6.5130419214128032,True,False,True,True,False,True
perle,273515,43,38,1950,4338,1051,9.61353710824004,6.3069824203437994,9.61353710824004,6.35093283326818,True,False,True,True,False,True
perle,273515,43,39,2000,4339,1051,9.9501290529839626,6.1428155680731482,9.9501290529839626,6.1888237451235577,True,False,True,True,False,True
perle,287936,44,6,350,4406,1049,-0.97393420084171334,7.3299391009974224,-0.97393420084171334,7.3436176683390233,True,True,False,False,True,False
perle,287936,44,7,400,4407,1049,-0.65723803979273043,7.1291377819215427,-0.65723803979273043,7.153047807162122,True,True,False,False,True,False
perle,287936,44,8,450,4408,1049,-0.34054187874374708,6.928336462845663,-0.34054187874374708,6.9624779459852206,True,True,False,False,True,False
perle,287936,44,9,500,4409,1049,-0.023845717694764179,6.7275351437697832,-0.023845717694764179,6.7719080848083184,True,True,False,False,True,False
perle,287936,44,10,550,4410,1049,0.29285044335421873,6.5267338246939035,0.29285044335421873,6.5813382236314171,True,True,False,False,True,False
perle,287936,44,11,600,4411,1049,0.60954660440320207,6.3259325056180238,0.60954660440320207,6.3907683624545149,True,True,False,False,True,False
perle,287936,44,12,650,4412,1049,0.92624276545218498,6.1251311865421441,0.92624276545218498,6.2001985012776135,True,True,False,False,True,False
perle,287936,44,13,700,4413,1049,1.2429389265011683,5.9243298674662634,1.2429389265011683,6.0096286401007122,True,True,False,False,True,False
perle,287936,44,14,750,4414,1049,1.5596350875501508,5.7235285483903846,1.5596350875501508,5.8190587789238108,True,True,False,False,True,False
perle,287936,44,15,800,4415,1049,1.8763312485991341,5.5227272293145049,1.8763312485991341,5.6284889177469095,True,True,False,False,True,False
perle,287936,44,16,850,4416,1049,2.1930274096481175,5.3219259102386243,2.1930274096481175,5.4379190565700082,True,True,False,False,True,False
perle,287936,44,17,900,4417,1049,2.5097235706971008,5.1211245911627445,2.5097235706971008,5.247349195393106,True,True,False,False,True,False
perle,287936,44,18,950,4418,1049,2.8264197317460833,4.9203232720868648,2.8264197317460833,5.0567793342162055,True,True,False,False,True,False
perle,287936,44,19,1000,4419,1049,3.1431158927950666,4.7195219530109851,3.1431158927950666,4.8662094730393033,True,True,False,False,True,False
perle,287936,44,20,1050,4420,1049,3.45981205384405,4.5187206339351054,3.45981205384405,4.675639611862402,True,True,False,False,True,False
perle,287936,44,21,1100,4421,1049,3.7765082148930325,4.3179193148592265,3.7765082148930325,4.4850697506855006,True,True,False,False,True,False
perle,287936,44,22,1150,4422,1049,4.0932043759420154,4.1171179957833459,4.0932043759420154,4.2944998895086002,True,True,False,False,True,False
perle,287936,44,23,1200,4423,1049,4.4099005369909996,3.9163166767074657,4.4099005369909996,4.1039300283316971,True,True,False,False,True,False
perle,287936,44,24,1250,4424,1049,4.7265966980399821,3.7155153576315865,4.7265966980399821,3.9133601671547957,True,True,False,False,True,False
perle,287936,44,25,1300,4425,1049,5.0432928590889645,3.5147140385557072,5.0432928590889645,3.7227903059778948,True,True,False,False,True,False
perle,287936,44,26,1350,4426,1049,5.359989020137947,3.3139127194798275,5.359989020137947,3.5322204448009935,True,False,False,False,True,False
perle,287936,44,27,1400,4427,1049,5.6766851811869312,3.1131114004039473,5.6766851811869312,3.3416505836240922,True,False,True,False,True,False
perle,287936,44,28,1450,4428,1049,5.9933813422359137,2.9123100813280676,5.9933813422359137,3.1510807224471908,True,False,True,False,True,False
perle,287936,44,29,1500,4429,1049,6.3100775032848961,2.7115087622521887,6.3100775032848961,2.9605108612702895,True,False,True,False,True,False
perle,287936,44,30,1550,4430,1049,6.6267736643338804,2.5107074431763081,6.6267736643338804,2.7699410000933868,True,False,True,False,True,False
perle,287936,44,31,1600,4431,1049,6.9434698253828628,2.3099061241004284,6.9434698253828628,2.5793711389164855,True,False,True,False,True,False
perle,287936,44,32,1650,4432,1049,7.2601659864318471,2.1091048050245478,7.2601659864318471,2.3888012777395824,True,False,True,False,True,False
perle,287936,44,33,1700,4433,1049,7.5768621474808295,1.9083034859486689,7.5768621474808295,2.1982314165626815,True,False,True,False,True,False
perle,287936,44,34,1750,4434,1049,7.893558308529812,1.7075021668727892,7.893558308529812,2.0076615553857806,True,False,True,False,True,False
perle,287936,44,35,1800,4435,1049,8.2102544695787962,1.5067008477969086,8.2102544695787962,1.8170916942088791,True,False,True,False,True,False
perle,287936,44,36,1850,4436,1049,8.5269506306277787,1.3058995287210298,8.5269506306277787,1.6265218330319777,True,False,True,False,True,False
perle,287936,44,37,1900,4437,1049,8.8436467916767612,1.10509820964515,8.8436467916767612,1.4359519718550768,True,False,True,False,True,False
perle,287936,44,38,1950,4438,1049,9.1603429527257454,0.90429689056926943,9.1603429527257454,1.2453821106781739,True,False,True,False,True,False
perle,287936,44,39,2000,4439,1049,9.4770391137747279,0.70349557149339059,9.4770391137747279,1.0548122495012731,True,False,True,False,True,False
perle,287936,44,40,2050,4440,1049,9.7937352748237103,0.50269425241751087,9.7937352748237103,0.86424238832437172,True,False,True,False,True,False
perle,297652,45,6,350,4506,1145,-0.75727628097860933,1.0404745826580264,-0.75727628097860933,1.0427606329041956,True,True,False,False,True,False
perle,297652,45,7,400,4507,1145,-0.42775264426315251,1.2194668552986929,-0.42775264426315251,1.2234497696478961,True,True,False,False,True,False
perle,297652,45,8,450,4508,1145,-0.098229007547695701,1.3984591279393592,-0.098229007547695701,1.4041389063915966,True,True,False,False,True,False
perle,297652,45,9,500,4509,1145,0.23129462916776111,1.5774514005800255,0.23129462916776111,1.5848280431352972,True,True,False,False,True,False
perle,297652,45,10,550,4510,1145,0.56081826588321793,1.7564436732206921,0.56081826588321793,1.7655171798789977,True,True,False,False,True,False
perle,297652,45,11,600,4511,1145,0.89034190259867474,1.9354359458613584,0.89034190259867474,1.9462063166226984,True,True,False,False,True,False
perle,297652,45,12,650,4512,1145,1.2198655393141316,2.1144282185020247,1.2198655393141316,2.1268954533663988,True,True,False,False,True,False
perle,297652,45,13,700,4513,1145,1.5493891760295879,2.2934204911426908,1.5493891760295879,2.3075845901100989,True,True,False,False,True,False
perle,297652,45,14,750,4514,1145,1.8789128127450452,2.4724127637833577,1.8789128127450452,2.4882737268537998,True,True,False,False,True,False
perle,297652,45,15,800,4515,1145,2.2084364494605015,2.6514050364240234,2.2084364494605015,2.6689628635975002,True,True,False,False,True,False
perle,297652,45,16,850,4516,1145,2.5379600861759579,2.8303973090646899,2.5379600861759579,2.8496520003412007,True,True,False,False,True,False
perle,297652,45,17,900,4517,1145,2.8674837228914152,3.0093895817053564,2.8674837228914152,3.0303411370849016,True,True,False,False,True,False
perle,297652,45,18,950,4518,1145,3.1970073596068715,3.1883818543460225,3.1970073596068715,3.2110302738286021,True,True,False,False,True,False
perle,297652,45,19,1000,4519,1145,3.5265309963223288,3.3673741269866895,3.5265309963223288,3.3917194105723025,True,True,False,False,True,False
perle,297652,45,20,1050,4520,1145,3.8560546330377852,3.5463663996273551,3.8560546330377852,3.5724085473160025,True,True,False,False,True,False
perle,297652,45,21,1100,4521,1145,4.1855782697532424,3.7253586722680216,4.1855782697532424,3.7530976840597039,True,True,False,False,True,False
perle,297652,45,22,1150,4522,1145,4.5151019064686988,3.9043509449086882,4.5151019064686988,3.933786820803403,True,True,False,False,True,False
perle,297652,45,23,1200,4523,1145,4.8446255431841561,4.0833432175493547,4.8446255431841561,4.1144759575471044,True,True,False,False,True,False
perle,297652,45,24,1250,4524,1145,5.1741491798996124,4.2623354901900212,5.1741491798996124,4.2951650942908053,True,False,False,False,True,False
perle,297652,45,25,1300,4525,1145,5.5036728166150697,4.4413277628306878,5.5036728166150697,4.4758542310345053,True,False,True,False,True,False
perle,297652,45,26,1350,4526,1145,5.8331964533305252,4.6203200354713534,5.8331964533305252,4.6565433677782053,True,False,True,False,True,False
perle,297652,45,27,1400,4527,1145,6.1627200900459824,4.7993123081120199,6.1627200900459824,4.8372325045219062,True,False,True,False,True,False
perle,297652,45,28,1450,4528,1145,6.4922437267614397,4.9783045807526864,6.4922437267614397,5.017921641265608,True,False,True,False,True,False
perle,297652,45,29,1500,4529,1145,6.8217673634768969,5.157296853393353,6.8217673634768969,5.198610778009308,True,False,True,False,True,False
perle,297652,45,30,1550,4530,1145,7.1512910001923524,5.3362891260340186,7.1512910001923524,5.3792999147530072,True,False,True,False,True,False
perle,297652,45,31,1600,4531,1145,7.4808146369078097,5.5152813986746851,7.4808146369078097,5.559989051496709,True,False,True,False,True,False
perle,297652,45,32,1650,4532,1145,7.8103382736232669,5.6942736713153517,7.8103382736232669,5.7406781882404099,True,False,True,False,True,False
perle,297652,45,33,1700,4533,1145,8.1398619103387233,5.8732659439560182,8.1398619103387233,5.9213673249841099,True,False,True,False,True,False
perle,297652,45,34,1750,4534,1145,8.4693855470541806,6.0522582165966847,8.4693855470541806,6.1020564617278108,True,False,True,False,True,False
perle,297652,45,35,1800,4535,1145,8.7989091837696378,6.2312504892373513,8.7989091837696378,6.2827455984715126,True,False,True,False,True,False
perle,297652,45,36,1850,4536,1145,9.1284328204850951,6.4102427618780178,9.1284328204850951,6.4634347352152126,True,False,True,False,True,False
perle,297652,45,37,1900,4537,1145,9.4579564572005488,6.5892350345186825,9.4579564572005488,6.6441238719589117,True,False,True,False,True,False
perle,297652,45,38,1950,4538,1145,9.787480093916006,6.7682273071593491,9.787480093916006,6.8248130087026126,True,False,True,False,True,False
perle,301600,46,6,350,4606,1130,-0.74541030554547083,5.1820923685225235,-0.74541030554547083,5.1934932205402458,True,True,False,False,True,False
perle,301600,46,7,400,4607,1130,-0.4072542158794854,5.019997183295307,-0.4072542158794854,5.0398788164226609,True,True,False,False,True,False
perle,301600,46,8,450,4608,1130,-0.069098126213499977,4.8579019980680913,-0.069098126213499977,4.8862644123050742,True,True,False,False,True,False
perle,301600,46,9,500,4609,1130,0.26905796345248545,4.6958068128408756,0.26905796345248545,4.7326500081874885,True,True,False,False,True,False
perle,301600,46,10,550,4610,1130,0.60721405311847132,4.5337116276136591,0.60721405311847132,4.5790356040699018,True,True,False,False,True,False
perle,301600,46,11,600,4611,1130,0.9453701427844563,4.3716164423864434,0.9453701427844563,4.425421199952317,True,True,False,False,True,False
perle,301600,46,12,650,4612,1130,1.2835262324504417,4.2095212571592278,1.2835262324504417,4.2718067958347312,True,True,False,False,True,False
perle,301600,46,13,700,4613,1130,1.6216823221164272,4.0474260719320112,1.6216823221164272,4.1181923917171446,True,True,False,False,True,False
perle,301600,46,14,750,4614,1130,1.9598384117824126,3.8853308867047955,1.9598384117824126,3.9645779875995579,True,True,False,False,True,False
perle,301600,46,15,800,4615,1130,2.297994501448398,3.7232357014775794,2.297994501448398,3.8109635834819731,True,True,False,False,True,False
perle,301600,46,16,850,4616,1130,2.6361505911143834,3.5611405162503633,2.6361505911143834,3.657349179364386,True,True,False,False,True,False
perle,301600,46,17,900,4617,1130,2.9743066807803689,3.3990453310231477,2.9743066807803689,3.5037347752468011,True,True,False,False,True,False
perle,301600,46,18,950,4618,1130,3.3124627704463543,3.2369501457959311,3.3124627704463543,3.3501203711292145,True,True,False,False,True,False
perle,301600,46,19,1000,4619,1130,3.6506188601123397,3.0748549605687154,3.6506188601123397,3.1965059670116287,True,True,False,False,True,False
perle,301600,46,20,1050,4620,1130,3.9887749497783251,2.9127597753414993,3.9887749497783251,3.0428915628940425,True,True,False,False,True,False
perle,301600,46,21,1100,4621,1130,4.326931039444311,2.7506645901142832,4.326931039444311,2.8892771587764559,True,True,False,False,True,False
perle,301600,46,22,1150,4622,1130,4.6650871291102973,2.5885694048870667,4.6650871291102973,2.7356627546588692,True,True,False,False,True,False
perle,301600,46,23,1200,4623,1130,5.0032432187762819,2.4264742196598514,5.0032432187762819,2.5820483505412843,True,True,False,False,True,False
perle,301600,46,24,1250,4624,1130,5.3413993084422682,2.2643790344326349,5.3413993084422682,2.4284339464236973,True,False,False,False,True,False
perle,301600,46,25,1300,4625,1130,5.6795553981082527,2.1022838492054192,5.6795553981082527,2.2748195423061119,True,False,True,False,True,False
perle,301600,46,26,1350,4626,1130,6.017711487774239,1.9401886639782027,6.017711487774239,2.1212051381885253,True,False,True,False,True,False
perle,301600,46,27,1400,4627,1130,6.3558675774402236,1.7780934787509874,6.3558675774402236,1.9675907340709398,True,False,True,False,True,False
perle,301600,46,28,1450,4628,1130,6.6940236671062099,1.6159982935237709,6.6940236671062099,1.8139763299533538,True,False,True,False,True,False
perle,301600,46,29,1500,4629,1130,7.0321797567721944,1.4539031082965552,7.0321797567721944,1.6603619258357682,True,False,True,False,True,False
perle,301600,46,30,1550,4630,1130,7.3703358464381807,1.2918079230693391,7.3703358464381807,1.5067475217181814,True,False,True,False,True,False
perle,301600,46,31,1600,4631,1130,7.7084919361041653,1.1297127378421234,7.7084919361041653,1.3531331176005961,True,False,True,False,True,False
perle,301600,46,32,1650,4632,1130,8.0466480257701516,0.9676175526149069,8.0466480257701516,1.1995187134830094,True,False,True,False,True,False
perle,301600,46,33,1700,4633,1130,8.3848041154361361,0.80552236738769167,8.3848041154361361,1.0459043093654237,True,False,True,False,True,False
perle,301600,46,34,1750,4634,1130,8.7229602051021224,0.64342718216047512,8.7229602051021224,0.89228990524783713,True,False,True,False,True,False
perle,301600,46,35,1800,4635,1130,9.061116294768107,0.48133199693325945,9.061116294768107,0.7386755011302516,True,False,True,False,True,False
perle,301600,46,36,1850,4636,1130,9.3992723844340933,0.3192368117060429,9.3992723844340933,0.58506109701266551,True,False,True,False,True,False
perle,301600,46,37,1900,4637,1130,9.7374284741000778,0.15714162647882723,9.7374284741000778,0.43144669289508003,True,False,True,False,True,False
perle,320246,47,6,350,4706,1115,-0.57113776566390939,8.2520446681150013,-0.57113776566390939,8.2520446681150048,True,True,False,True,False,False
perle,320246,47,7,400,4707,1115,-0.24666442808978983,8.4427391144435493,-0.24666442808978983,8.4427391144435493,True,True,False,True,False,False
perle,320246,47,8,450,4708,1115,0.077808909484330169,8.6334335607720991,0.077808909484330169,8.6334335607720991,True,True,False,True,False,False
perle,320246,47,9,500,4709,1115,0.40228224705845017,8.8241280071006472,0.40228224705845017,8.8241280071006472,True,True,False,True,False,False
perle,320246,47,10,550,4710,1115,0.72675558463257017,9.0148224534291952,0.72675558463257017,9.0148224534291952,True,True,False,True,False,False
perle,320246,47,11,600,4711,1115,1.0512289222066897,9.2055168997577432,1.0512289222066897,9.2055168997577415,True,True,False,True,False,False
perle,320246,47,12,650,4712,1115,1.3757022597808102,9.396211346086293,1.3757022597808102,9.3962113460862913,True,True,False,True,False,False
perle,320246,47,13,700,4713,1115,1.7001755973549302,9.5869057924148411,1.7001755973549302,9.5869057924148411,True,True,False,True,False,False
perle,320246,47,14,750,4714,1115,2.0246489349290493,9.7776002387433891,2.0246489349290493,9.7776002387433874,True,True,False,True,False,False
perle,320246,47,15,800,4715,1115,2.3491222725031693,9.7074742251575081,2.3491222725031693,9.7254951400489933,True,True,False,True,False,True
perle,320246,47,16,850,4716,1115,2.6735956100772893,9.5201370231147742,2.6735956100772893,9.5642773465979847,True,True,False,True,False,True
perle,320246,47,17,900,4717,1115,2.9980689476514093,9.3327998210720402,2.9980689476514093,9.4030595531469761,True,True,False,True,False,True
perle,320246,47,18,950,4718,1115,3.3225422852255293,9.1454626190293045,3.3225422852255293,9.2418417596959692,True,True,False,True,False,True
perle,320246,47,19,1000,4719,1115,3.6470156227996493,8.9581254169865705,3.6470156227996493,9.0806239662449588,True,True,False,True,False,True
perle,320246,47,20,1050,4720,1115,3.9714889603737693,8.7707882149438365,3.9714889603737693,8.9194061727939502,True,True,False,True,False,True
perle,320246,47,21,1100,4721,1115,4.2959622979478898,8.5834510129011008,4.2959622979478898,8.7581883793429434,True,True,False,True,False,True
perle,320246,47,22,1150,4722,1115,4.6204356355220089,8.3961138108583686,4.6204356355220089,8.5969705858919347,True,True,False,True,False,True
perle,320246,47,23,1200,4723,1115,4.944908973096128,8.2087766088156346,4.944908973096128,8.4357527924409261,True,True,False,True,False,True
perle,320246,47,24,1250,4724,1115,5.2693823106702489,8.0214394067728989,5.2693823106702489,8.2745349989899175,True,False,False,True,False,True
perle,320246,47,25,1300,4725,1115,5.5938556482443698,7.8341022047301649,5.5938556482443698,8.1133172055389071,True,False,True,True,False,True
perle,320246,47,26,1350,4726,1115,5.9183289858184889,7.646765002687431,5.9183289858184889,7.9520994120878985,True,False,True,True,False,True
perle,320246,47,27,1400,4727,1115,6.2428023233926098,7.4594278006446952,6.2428023233926098,7.7908816186368899,True,False,True,True,False,True
perle,320246,47,28,1450,4728,1115,6.5672756609667289,7.2720905986019613,6.5672756609667289,7.6296638251858822,True,False,True,True,False,True
perle,320246,47,29,1500,4729,1115,6.891748998540848,7.0847533965592282,6.891748998540848,7.4684460317348726,True,False,True,True,False,True
perle,320246,47,30,1550,4730,1115,7.2162223361149689,6.8974161945164933,7.2162223361149689,7.3072282382838649,True,False,True,True,False,True
perle,320246,47,31,1600,4731,1115,7.540695673689088,6.7100789924737594,7.540695673689088,7.1460104448328563,True,False,True,True,False,True
perle,320246,47,32,1650,4732,1115,7.8651690112632089,6.5227417904310245,7.8651690112632089,6.9847926513818477,True,False,True,True,False,True
perle,320246,47,33,1700,4733,1115,8.189642348837328,6.3354045883882906,8.189642348837328,6.82357485793084,True,False,True,True,False,True
perle,320246,47,34,1750,4734,1115,8.5141156864114489,6.1480673863455557,8.5141156864114489,6.6623570644798304,True,False,True,True,False,True
perle,320246,47,35,1800,4735,1115,8.838589023985568,5.9607301843028218,8.838589023985568,6.5011392710288227,True,False,True,True,False,True
perle,320246,47,36,1850,4736,1115,9.1630623615596889,5.7733929822600869,9.1630623615596889,6.3399214775778132,True,False,True,True,False,True
perle,320246,47,37,1900,4737,1115,9.487535699133808,5.5860557802173529,9.487535699133808,6.1787036841268055,True,False,True,True,False,True
perle,320246,47,38,1950,4738,1115,9.8120090367079271,5.398718578174619,9.8120090367079271,6.0174858906757978,True,False,True,True,False,True
perle,325813,48,6,350,4806,983,-0.41626304053734575,-4.1232210451020315,-0.41626304053734575,-4.1232210451020297,True,True,False,True,False,False
perle,325813,48,7,400,4807,983,-0.12933156477070984,-4.3649029841151714,-0.12933156477070984,-4.3649029841151705,True,True,False,True,False,False
perle,325813,48,8,450,4808,983,0.15759991099592563,-4.6065849231283105,0.15759991099592563,-4.6065849231283105,True,True,False,True,False,False
perle,325813,48,9,500,4809,983,0.4445313867625611,-4.8482668621414504,0.4445313867625611,-4.8482668621414504,True,True,False,True,False,False
perle,325813,48,10,550,4810,983,0.73146286252919657,-5.0899488011545895,0.73146286252919657,-5.0899488011545904,True,True,False,True,False,False
perle,325813,48,11,600,4811,983,1.018394338295832,-5.3316307401677294,1.018394338295832,-5.3316307401677303,True,True,False,True,False,False
perle,325813,48,12,650,4812,983,1.3053258140624675,-5.5733126791808685,1.3053258140624675,-5.5733126791808685,True,True,False,True,False,False
perle,325813,48,13,700,4813,983,1.5922572898291025,-5.8149946181940075,1.5922572898291025,-5.8149946181940084,True,True,False,True,False,False
perle,325813,48,14,750,4814,983,1.8791887655957384,-6.0566765572071475,1.8791887655957384,-6.0566765572071457,True,True,False,True,False,False
perle,325813,48,15,800,4815,983,2.1661202413623744,-6.2983584962202874,2.1661202413623744,-6.2983584962202874,True,True,False,True,False,False
perle,325813,48,16,850,4816,983,2.4530517171290094,-6.5400404352334265,2.4530517171290094,-6.5400404352334256,True,True,False,True,False,False
perle,325813,48,17,900,4817,983,2.7399831928956453,-6.7817223742465664,2.7399831928956453,-6.7817223742465682,True,True,False,True,False,False
perle,325813,48,18,950,4818,983,3.0269146686622803,-7.0234043132597055,3.0269146686622803,-7.0234043132597046,True,True,False,True,False,False
perle,325813,48,19,1000,4819,983,3.3138461444289162,-7.2650862522728445,3.3138461444289162,-7.2650862522728481,True,True,False,True,False,False
perle,325813,48,20,1050,4820,983,3.6007776201955513,-7.5067681912859836,3.6007776201955513,-7.5067681912859836,True,True,False,True,False,False
perle,325813,48,21,1100,4821,983,3.8877090959621872,-7.7484501302991244,3.8877090959621872,-7.7484501302991236,True,True,False,True,False,False
perle,325813,48,22,1150,4822,983,4.1746405717288226,-7.9901320693122635,4.1746405717288226,-7.9901320693122662,True,True,False,True,False,False
perle,325813,48,23,1200,4823,983,4.4615720474954585,-8.2318140083254043,4.4615720474954585,-8.2318140083254008,True,True,False,True,False,False
perle,325813,48,24,1250,4824,983,4.7485035232620927,-8.4734959473385416,4.7485035232620927,-8.4734959473385381,True,True,False,True,False,False
perle,325813,48,25,1300,4825,983,5.0354349990287286,-8.7151778863516824,5.0354349990287286,-8.7151778863516842,True,True,False,True,False,False
perle,325813,48,26,1350,4826,983,5.3223664747953645,-8.9568598253648215,5.3223664747953645,-8.9568598253648197,True,False,False,True,False,False
perle,325813,48,27,1400,4827,983,5.6092979505619986,-9.1985417643779606,5.6092979505619986,-9.1985417643779606,True,False,True,True,False,False
perle,325813,48,28,1450,4828,983,5.8962294263286346,-9.4402237033910996,5.8962294263286346,-9.4402237033910996,True,False,True,True,False,False
perle,325813,48,29,1500,4829,983,6.1831609020952705,-9.6819056424042387,6.1831609020952705,-9.6819056424042422,True,False,True,True,False,False
perle,325813,48,30,1550,4830,983,6.4700923778619064,-9.7558923986188688,6.4700923778619064,-9.7339046205933375,True,False,True,True,False,True
perle,325813,48,31,1600,4831,983,6.7570238536285423,-9.515128267556257,6.7570238536285423,-9.4298833528551818,True,False,True,True,False,True
perle,325813,48,32,1650,4832,983,7.0439553293951764,-9.2743641364936487,7.0439553293951764,-9.1258620851170313,True,False,True,True,False,True
perle,325813,48,33,1700,4833,983,7.3308868051618123,-9.0336000054310368,7.3308868051618123,-8.8218408173788792,True,False,True,True,False,True
perle,325813,48,34,1750,4834,983,7.6178182809284483,-8.792835874368425,7.6178182809284483,-8.5178195496407252,True,False,True,True,False,True
perle,325813,48,35,1800,4835,983,7.9047497566950842,-8.5520717433058131,7.9047497566950842,-8.2137982819025712,True,False,True,True,False,True
perle,325813,48,36,1850,4836,983,8.1916812324617183,-8.3113076122432048,8.1916812324617183,-7.9097770141644208,True,False,True,True,False,True
perle,325813,48,37,1900,4837,983,8.4786127082283542,-8.0705434811805929,8.4786127082283542,-7.6057557464262668,True,False,True,True,False,True
perle,325813,48,38,1950,4838,983,8.7655441839949901,-7.8297793501179829,8.7655441839949901,-7.301734478688112,True,False,True,True,False,True
perle,325813,48,39,2000,4839,983,9.052475659761626,-7.5890152190553719,9.052475659761626,-6.9977132109499616,True,False,True,True,False,True
perle,325813,48,40,2050,4840,983,9.3394071355282602,-7.3482510879927618,9.3394071355282602,-6.6936919432118085,True,False,True,True,False,True
perle,325813,48,41,2100,4841,983,9.6263386112948961,-7.1074869569301509,9.6263386112948961,-6.3896706754736554,True,False,True,True,False,True
perle,325813,48,42,2150,4842,983,9.913270087061532,-6.8667228258675408,9.913270087061532,-6.0856494077355041,True,False,True,True,False,True
perle,328386,49,6,350,4906,1124,-0.36187454021968346,-1.4476424431877435,-0.36187454021968346,-1.4330172596589601,True,True,False,False,True,False
perle,328386,49,7,400,4907,1124,-0.035415473453508373,-1.6321674567039439,-0.035415473453508373,-1.6066446885849559,True,True,False,False,True,False
perle,328386,49,8,450,4908,1124,0.29104359331266627,-1.8166924702201441,0.29104359331266627,-1.7802721175109517,True,True,False,False,True,False
perle,328386,49,9,500,4909,1124,0.61750266007884136,-2.0012174837363448,0.61750266007884136,-1.9538995464369477,True,True,False,False,True,False
perle,328386,49,10,550,4910,1124,0.94396172684501645,-2.1857424972525452,0.94396172684501645,-2.1275269753629438,True,True,False,False,True,False
perle,328386,49,11,600,4911,1124,1.2704207936111915,-2.3702675107687456,1.2704207936111915,-2.3011544042889396,True,True,False,False,True,False
perle,328386,49,12,650,4912,1124,1.5968798603773666,-2.5547925242849461,1.5968798603773666,-2.4747818332149358,True,True,False,False,True,False
perle,328386,49,13,700,4913,1124,1.9233389271435413,-2.7393175378011461,1.9233389271435413,-2.6484092621409316,True,True,False,False,True,False
perle,328386,49,14,750,4914,1124,2.2497979939097159,-2.9238425513173461,2.2497979939097159,-2.822036691066927,True,True,False,False,True,False
perle,328386,49,15,800,4915,1124,2.5762570606758914,-3.1083675648335469,2.5762570606758914,-2.9956641199929233,True,True,False,False,True,False
perle,328386,49,16,850,4916,1124,2.9027161274420661,-3.2928925783497469,2.9027161274420661,-3.1692915489189195,True,True,False,False,True,False
perle,328386,49,17,900,4917,1124,3.2291751942082407,-3.4774175918659473,3.2291751942082407,-3.3429189778449149,True,True,False,False,True,False
perle,328386,49,18,950,4918,1124,3.5556342609744163,-3.6619426053821482,3.5556342609744163,-3.5165464067709107,True,True,False,False,True,False
perle,328386,49,19,1000,4919,1124,3.8820933277405909,-3.8464676188983482,3.8820933277405909,-3.6901738356969069,True,True,False,False,True,False
perle,328386,49,20,1050,4920,1124,4.208552394506766,-4.0309926324145486,4.208552394506766,-3.8638012646229032,True,True,False,False,True,False
perle,328386,49,21,1100,4921,1124,4.5350114612729406,-4.2155176459307491,4.5350114612729406,-4.0374286935488986,True,True,False,False,True,False
perle,328386,49,22,1150,4922,1124,4.8614705280391153,-4.4000426594469495,4.8614705280391153,-4.2110561224748952,True,True,False,False,True,False
perle,328386,49,23,1200,4923,1124,5.1879295948052917,-4.5845676729631499,5.1879295948052917,-4.3846835514008911,True,True,False,False,True,False
perle,328386,49,24,1250,4924,1124,5.5143886615714646,-4.7690926864793495,5.5143886615714646,-4.558310980326886,True,False,False,False,True,False
perle,328386,49,25,1300,4925,1124,5.840847728337641,-4.9536176999955508,5.840847728337641,-4.7319384092528827,True,False,True,False,True,False
perle,328386,49,26,1350,4926,1124,6.1673067951038156,-5.1381427135117512,6.1673067951038156,-4.9055658381788785,True,False,True,False,True,False
perle,328386,49,27,1400,4927,1124,6.4937658618699903,-5.3226677270279517,6.4937658618699903,-5.0791932671048743,True,False,True,False,True,False
perle,328386,49,28,1450,4928,1124,6.8202249286361649,-5.5071927405441512,6.8202249286361649,-5.2528206960308701,True,False,True,False,True,False
perle,328386,49,29,1500,4929,1124,7.1466839954023396,-5.6917177540603516,7.1466839954023396,-5.4264481249568659,True,False,True,False,True,False
perle,328386,49,30,1550,4930,1124,7.473143062168516,-5.876242767576553,7.473143062168516,-5.6000755538828626,True,False,True,False,True,False
perle,328386,49,31,1600,4931,1124,7.7996021289346906,-6.0607677810927525,7.7996021289346906,-5.7737029828088566,True,False,True,False,True,False
perle,328386,49,32,1650,4932,1124,8.1260611957008653,-6.2452927946089529,8.1260611957008653,-5.9473304117348533,True,False,True,False,True,False
perle,328386,49,33,1700,4933,1124,8.4525202624670399,-6.4298178081251534,8.4525202624670399,-6.12095784066085,True,False,True,False,True,False
perle,328386,49,34,1750,4934,1124,8.7789793292332146,-6.6143428216413538,8.7789793292332146,-6.2945852695868449,True,False,True,False,True,False
perle,328386,49,35,1800,4935,1124,9.1054383959993892,-6.7988678351575533,9.1054383959993892,-6.4682126985128408,True,False,True,False,True,False
perle,328386,49,36,1850,4936,1124,9.4318974627655656,-6.9833928486737546,9.4318974627655656,-6.6418401274388374,True,False,True,False,True,False
perle,328386,49,37,1900,4937,1124,9.7583565295317403,-7.1679178621899551,9.7583565295317403,-6.8154675563648333,True,False,True,False,True,False
perle,330797,50,6,350,5006,1016,-0.40288306153487285,0.88786143681068652,-0.40288306153487285,0.91024447706195954,True,True,False,False,True,False
perle,330797,50,7,400,5007,1016,-0.10809365126023884,0.65609046514057445,-0.10809365126023884,0.69515201573088659,True,True,False,False,True,False
perle,330797,50,8,450,5008,1016,0.18669575901439517,0.42431949347046233,0.18669575901439517,0.48005955439981352,True,True,False,False,True,False
perle,330797,50,9,500,5009,1016,0.48148516928902918,0.1925485218003502,0.48148516928902918,0.26496709306874056,True,True,False,False,True,False
perle,330797,50,10,550,5010,1016,0.77627457956366319,-0.039222449869761977,0.77627457956366319,0.049874631737667506,True,True,False,False,True,False
perle,330797,50,11,600,5011,1016,1.0710639898382972,-0.27099342153987405,1.0710639898382972,-0.16521782959340536,True,True,False,False,True,False
perle,330797,50,12,650,5012,1016,1.3658534001129312,-0.50276439320998623,1.3658534001129312,-0.38031029092447827,True,True,False,False,True,False
perle,330797,50,13,700,5013,1016,1.6606428103875652,-0.73453536488009841,1.6606428103875652,-0.59540275225555139,True,True,False,False,True,False
perle,330797,50,14,750,5014,1016,1.9554322206621988,-0.96630633655021014,1.9554322206621988,-0.8104952135866238,True,True,False,False,True,False
perle,330797,50,15,800,5015,1016,2.2502216309368333,-1.1980773082203227,2.2502216309368333,-1.0255876749176973,True,True,False,False,True,False
perle,330797,50,16,850,5016,1016,2.5450110412114668,-1.4298482798904342,2.5450110412114668,-1.2406801362487703,True,True,False,False,True,False
perle,330797,50,17,900,5017,1016,2.8398004514861013,-1.6616192515605466,2.8398004514861013,-1.4557725975798432,True,True,False,False,True,False
perle,330797,50,18,950,5018,1016,3.1345898617607348,-1.8933902232306585,3.1345898617607348,-1.670865058910916,True,True,False,False,True,False
perle,330797,50,19,1000,5019,1016,3.4293792720353693,-2.1251611949007709,3.4293792720353693,-1.8859575202419896,True,True,False,False,True,False
perle,330797,50,20,1050,5020,1016,3.7241686823100029,-2.3569321665708829,3.7241686823100029,-2.1010499815730621,True,True,False,False,True,False
perle,330797,50,21,1100,5021,1016,4.0189580925846373,-2.5887031382409953,4.0189580925846373,-2.3161424429041348,True,True,False,False,True,False
perle,330797,50,22,1150,5022,1016,4.3137475028592709,-2.8204741099111073,4.3137475028592709,-2.5312349042352076,True,True,False,False,True,False
perle,330797,50,23,1200,5023,1016,4.6085369131339053,-3.0522450815812197,4.6085369131339053,-2.7463273655662817,True,True,False,False,True,False
perle,330797,50,24,1250,5024,1016,4.9033263234085389,-3.2840160532513312,4.9033263234085389,-2.9614198268973535,True,True,False,False,True,False
perle,330797,50,25,1300,5025,1016,5.1981157336831734,-3.5157870249214436,5.1981157336831734,-3.1765122882284267,True,False,False,False,True,False
perle,330797,50,26,1350,5026,1016,5.4929051439578069,-3.747557996591556,5.4929051439578069,-3.391604749559499,True,False,True,False,True,False
perle,330797,50,27,1400,5027,1016,5.7876945542324414,-3.9793289682616684,5.7876945542324414,-3.606697210890573,True,False,True,False,True,False
perle,330797,50,28,1450,5028,1016,6.082483964507075,-4.2110999399317803,6.082483964507075,-3.8217896722216462,True,False,True,False,True,False
perle,330797,50,29,1500,5029,1016,6.3772733747817085,-4.4428709116018918,6.3772733747817085,-4.0368821335527185,True,False,True,False,True,False
perle,330797,50,30,1550,5030,1016,6.6720627850563439,-4.6746418832720051,6.6720627850563439,-4.2519745948837926,True,False,True,False,True,False
perle,330797,50,31,1600,5031,1016,6.9668521953309774,-4.9064128549421175,6.9668521953309774,-4.4670670562148667,True,False,True,False,True,False
perle,330797,50,32,1650,5032,1016,7.261641605605611,-5.1381838266122291,7.261641605605611,-4.6821595175459381,True,False,True,False,True,False
perle,330797,50,33,1700,5033,1016,7.5564310158802446,-5.3699547982823406,7.5564310158802446,-4.8972519788770104,True,False,True,False,True,False
perle,330797,50,34,1750,5034,1016,7.8512204261548799,-5.6017257699524539,7.8512204261548799,-5.1123444402080853,True,False,True,False,True,False
perle,330797,50,35,1800,5035,1016,8.1460098364295135,-5.8334967416225654,8.1460098364295135,-5.3274369015391567,True,False,True,False,True,False
perle,330797,50,36,1850,5036,1016,8.4407992467041471,-6.0652677132926778,8.4407992467041471,-5.5425293628702299,True,False,True,False,True,False
perle,330797,50,37,1900,5037,1016,8.7355886569787806,-6.2970386849627893,8.7355886569787806,-5.7576218242013031,True,False,True,False,True,False
perle,330797,50,38,1950,5038,1016,9.030378067253416,-6.5288096566329026,9.030378067253416,-5.9727142855323763,True,False,True,False,True,False
perle,330797,50,39,2000,5039,1016,9.3251674775280495,-6.7605806283030141,9.3251674775280495,-6.1878067468634486,True,False,True,False,True,False
perle,330797,50,40,2050,5040,1016,9.6199568878026831,-6.9923515999731256,9.6199568878026831,-6.4028992081945217,True,False,True,False,True,False
perle,330797,50,41,2100,5041,1016,9.9147462980773167,-7.224122571643238,9.9147462980773167,-6.6179916695255949,True,False,True,False,True,False
perle,332165,51,6,350,5106,879,-0.58389428285936162,2.1702840116853745,-0.58389428285936162,2.170284011685375,True,True,False,True,False,False
perle,332165,51,7,400,5107,879,-0.41475820721261125,1.8339649122432535,-0.41475820721261125,1.8339649122432535,True,True,False,True,False,False
perle,332165,51,8,450,5108,879,-0.2456221315658611,1.497645812801133,-0.2456221315658611,1.497645812801133,True,True,False,True,False,False
perle,332165,51,9,500,5109,879,-0.076486055919110729,1.1613267133590117,-0.076486055919110729,1.1613267133590117,True,True,False,True,False,False
perle,332165,51,10,550,5110,879,0.092650019727639643,0.8250076139168907,0.092650019727639643,0.82500761391689059,True,True,False,True,False,False
perle,332165,51,11,600,5111,879,0.26178609537438979,0.48868851447477002,0.26178609537438979,0.48868851447477002,True,True,False,True,False,False
perle,332165,51,12,650,5112,879,0.43092217102114039,0.15236941503264845,0.43092217102114039,0.15236941503264845,True,True,False,True,False,False
perle,332165,51,13,700,5113,879,0.60005824666789054,-0.18394968440947213,0.60005824666789054,-0.18394968440947215,True,True,False,True,False,False
perle,332165,51,14,750,5114,879,0.76919432231464069,-0.52026878385159292,0.76919432231464069,-0.52026878385159303,True,True,False,True,False,False
perle,332165,51,15,800,5115,879,0.93833039796139128,-0.85658788329371438,0.93833039796139128,-0.8565878832937146,True,True,False,True,False,False
perle,332165,51,16,850,5116,879,1.1074664736081414,-1.1929069827358352,1.1074664736081414,-1.1929069827358352,True,True,False,True,False,False
perle,332165,51,17,900,5117,879,1.2766025492548916,-1.5292260821779555,1.2766025492548916,-1.529226082177956,True,True,False,True,False,False
perle,332165,51,18,950,5118,879,1.4457386249016422,-1.8655451816200772,1.4457386249016422,-1.8655451816200777,True,True,False,True,False,False
perle,332165,51,19,1000,5119,879,1.6148747005483923,-2.201864281062198,1.6148747005483923,-2.2018642810621989,True,True,False,True,False,False
perle,332165,51,20,1050,5120,879,1.7840107761951425,-2.5381833805043184,1.7840107761951425,-2.5381833805043184,True,True,False,True,False,False
perle,332165,51,21,1100,5121,879,1.9531468518418931,-2.87450247994644,1.9531468518418931,-2.87450247994644,True,True,False,True,False,False
perle,332165,51,22,1150,5122,879,2.1222829274886434,-3.2108215793885608,2.1222829274886434,-3.2108215793885599,True,True,False,True,False,False
perle,332165,51,23,1200,5123,879,2.2914190031353936,-3.5471406788306816,2.2914190031353936,-3.5471406788306816,True,True,False,True,False,False
perle,332165,51,24,1250,5124,879,2.4605550787821437,-3.8834597782728024,2.4605550787821437,-3.8834597782728015,True,True,False,True,False,False
perle,332165,51,25,1300,5125,879,2.6296911544288948,-4.2197788777149245,2.6296911544288948,-4.2197788777149237,True,True,False,True,False,False
perle,332165,51,26,1350,5126,879,2.7988272300756449,-4.5560979771570462,2.7988272300756449,-4.5560979771570445,True,True,False,True,False,False
perle,332165,51,27,1400,5127,879,2.9679633057223951,-4.8924170765991661,2.9679633057223951,-4.8924170765991661,True,True,False,True,False,False
perle,332165,51,28,1450,5128,879,3.1370993813691452,-5.228736176041286,3.1370993813691452,-5.228736176041286,True,True,False,True,False,False
perle,332165,51,29,1500,5129,879,3.3062354570158954,-5.5650552754834077,3.3062354570158954,-5.5650552754834077,True,True,False,True,False,False
perle,332165,51,30,1550,5130,879,3.4753715326626455,-5.9013743749255276,3.4753715326626455,-5.9013743749255267,True,True,False,True,False,False
perle,332165,51,31,1600,5131,879,3.6445076083093966,-6.2376934743676511,3.6445076083093966,-6.2376934743676511,True,True,False,True,False,False
perle,332165,51,32,1650,5132,879,3.8136436839561467,-6.574012573809771,3.8136436839561467,-6.5740125738097683,True,True,False,True,False,False
perle,332165,51,33,1700,5133,879,3.9827797596028969,-6.9103316732518927,3.9827797596028969,-6.91033167325189,True,True,False,True,False,False
perle,332165,51,34,1750,5134,879,4.151915835249647,-7.2466507726940126,4.151915835249647,-7.2466507726940117,True,True,False,True,False,False
perle,332165,51,35,1800,5135,879,4.3210519108963972,-7.5829698721361325,4.3210519108963972,-7.5829698721361325,True,True,False,True,False,False
perle,332165,51,36,1850,5136,879,4.4901879865431473,-7.9192889715782542,4.4901879865431473,-7.9192889715782533,True,True,False,True,False,False
perle,332165,51,37,1900,5137,879,4.6593240621898984,-8.2556080710203759,4.6593240621898984,-8.2556080710203741,True,True,False,True,False,False
perle,332165,51,38,1950,5138,879,4.8284601378366485,-8.5919271704624958,4.8284601378366485,-8.5919271704624958,True,True,False,True,False,False
perle,332165,51,39,2000,5139,879,4.9975962134833987,-8.9282462699046174,4.9975962134833987,-8.9282462699046174,True,True,False,True,False,False
perle,332165,51,40,2050,5140,879,5.1667322891301488,-9.2645653693467374,5.1667322891301488,-9.2645653693467391,True,False,False,True,False,False
perle,332165,51,41,2100,5141,879,5.335868364776899,-9.600884468788859,5.335868364776899,-9.600884468788859,True,False,True,True,False,False
perle,332165,51,42,2150,5142,879,5.5050044404236491,-9.8779835212343468,5.5050044404236491,-9.8956157060716876,True,False,True,True,False,True
perle,332165,51,43,2200,5143,879,5.6741405160704002,-9.5460352839626594,5.6741405160704002,-9.762637476411868,True,False,True,True,False,True
perle,332165,51,44,2250,5144,879,5.8432765917171503,-9.2140870466909739,5.8432765917171503,-9.6296592467520483,True,False,True,True,False,True
perle,332165,51,45,2300,5145,879,6.0124126673639005,-8.8821388094192883,6.0124126673639005,-9.4966810170922287,True,False,True,True,False,True
perle,332165,51,46,2350,5146,879,6.1815487430106506,-8.550190572147601,6.1815487430106506,-9.3637027874324108,True,False,True,True,False,True
perle,332165,51,47,2400,5147,879,6.3506848186574008,-8.2182423348759155,6.3506848186574008,-9.2307245577725894,True,False,True,True,False,True
perle,332165,51,48,2450,5148,879,6.5198208943041518,-7.8862940976042282,6.5198208943041518,-9.0977463281127697,True,False,True,True,False,True
perle,332165,51,49,2500,5149,879,6.6889569699509011,-7.5543458603325444,6.6889569699509011,-8.9647680984529519,True,False,True,True,False,True
perle,332165,51,50,2550,5150,879,6.8580930455976521,-7.2223976230608553,6.8580930455976521,-8.8317898687931304,True,False,True,True,False,True
perle,332165,51,51,2600,5151,879,7.0272291212444031,-6.890449385789168,7.0272291212444031,-8.6988116391333108,True,False,True,True,False,True
perle,332165,51,52,2650,5152,879,7.1963651968911524,-6.5585011485174842,7.1963651968911524,-8.5658334094734929,True,False,True,True,False,True
perle,332165,51,53,2700,5153,879,7.3655012725379034,-6.2265529112457969,7.3655012725379034,-8.4328551798136715,True,False,True,True,False,True
perle,332165,51,54,2750,5154,879,7.5346373481846527,-5.8946046739741114,7.5346373481846527,-8.2998769501538536,True,False,True,True,False,True
perle,332165,51,55,2800,5155,879,7.7037734238314037,-5.562656436702424,7.7037734238314037,-8.166898720494034,True,False,True,True,False,True
perle,332165,51,56,2850,5156,879,7.872909499478153,-5.2307081994307403,7.872909499478153,-8.0339204908342143,True,False,True,True,False,True
perle,332165,51,57,2900,5157,879,8.042045575124904,-4.898759962159053,8.042045575124904,-7.9009422611743956,True,False,True,True,False,True
perle,332165,51,58,2950,5158,879,8.2111816507716551,-4.5668117248873656,8.2111816507716551,-7.7679640315145742,True,False,True,True,False,True
perle,332165,51,59,3000,5159,879,8.3803177264184043,-4.2348634876156801,8.3803177264184043,-7.6349858018547554,True,False,True,True,False,True
perle,332165,51,60,3050,5160,879,8.5494538020651554,-3.9029152503439946,8.5494538020651554,-7.5020075721949357,True,False,True,True,False,True
perle,332165,51,61,3100,5161,879,8.7185898777119046,-3.570967013072309,8.7185898777119046,-7.3690293425351179,True,False,True,True,False,True
perle,332165,51,62,3150,5162,879,8.8877259533586557,-3.2390187758006199,8.8877259533586557,-7.2360511128752973,True,False,True,True,False,True
perle,332165,51,63,3200,5163,879,9.0568620290054067,-2.9070705385289344,9.0568620290054067,-7.1030728832154768,True,False,True,True,False,True
perle,332165,51,64,3250,5164,879,9.225998104652156,-2.5751223012572488,9.225998104652156,-6.9700946535556589,True,False,True,True,False,True
perle,332165,51,65,3300,5165,879,9.395134180298907,-2.2431740639855597,9.395134180298907,-6.8371164238958384,True,False,True,True,False,True
perle,332165,51,66,3350,5166,879,9.5642702559456563,-1.9112258267138778,9.5642702559456563,-6.7041381942360196,True,False,True,True,False,True
perle,332165,51,67,3400,5167,879,9.7334063315924073,-1.5792775894421887,9.7334063315924073,-6.5711599645761991,True,False,True,True,False,True
perle,332165,51,68,3450,5168,879,9.9025424072391566,-1.2473293521705067,9.9025424072391566,-6.4381817349163812,True,False,True,True,False,True
perle,340684,52,6,350,5206,2073,-0.38968309308148008,-6.5284253249112378,-0.38968309308148008,-6.5284253249112378,True,True,False,True,False,False
perle,340684,52,7,400,5207,2073,-0.22934965185739409,-6.6263293725735446,-0.22934965185739409,-6.6263293725735473,True,True,False,True,False,False
perle,340684,52,8,450,5208,2073,-0.069016210633308095,-6.7242334202358522,-0.069016210633308095,-6.7242334202358522,True,True,False,True,False,False
perle,340684,52,9,500,5209,2073,0.091317230590777898,-6.8221374678981599,0.091317230590777898,-6.8221374678981608,True,True,False,True,False,False
perle,340684,52,10,550,5210,2073,0.25165067181486367,-6.9200415155604666,0.25165067181486367,-6.9200415155604693,True,True,False,True,False,False
perle,340684,52,11,600,5211,2073,0.41198411303894966,-7.0179455632227743,0.41198411303894966,-7.0179455632227761,True,True,False,True,False,False
perle,340684,52,12,650,5212,2073,0.57231755426303565,-7.1158496108850811,0.57231755426303565,-7.1158496108850793,True,True,False,True,False,False
perle,340684,52,13,700,5213,2073,0.73265099548712143,-7.2137536585473887,0.73265099548712143,-7.2137536585473896,True,True,False,True,False,False
perle,340684,52,14,750,5214,2073,0.89298443671120764,-7.3116577062096964,0.89298443671120764,-7.3116577062096981,True,True,False,True,False,False
perle,340684,52,15,800,5215,2073,1.0533178779352934,-7.4095617538720031,1.0533178779352934,-7.4095617538720022,True,True,False,True,False,False
perle,340684,52,16,850,5216,2073,1.2136513191593792,-7.5074658015343108,1.2136513191593792,-7.5074658015343099,True,True,False,True,False,False
perle,340684,52,17,900,5217,2073,1.3739847603834654,-7.6053698491966175,1.3739847603834654,-7.6053698491966193,True,True,False,True,False,False
perle,340684,52,18,950,5218,2073,1.5343182016075512,-7.7032738968589252,1.5343182016075512,-7.7032738968589269,True,True,False,True,False,False
perle,340684,52,19,1000,5219,2073,1.6946516428316374,-7.8011779445212319,1.6946516428316374,-7.8011779445212293,True,True,False,True,False,False
perle,340684,52,20,1050,5220,2073,1.8549850840557232,-7.8990819921835396,1.8549850840557232,-7.8990819921835387,True,True,False,True,False,False
perle,340684,52,21,1100,5221,2073,2.0153185252798087,-7.9969860398458472,2.0153185252798087,-7.9969860398458499,True,True,False,True,False,False
perle,340684,52,22,1150,5222,2073,2.1756519665038949,-8.0948900875081549,2.1756519665038949,-8.0948900875081584,True,True,False,True,False,False
perle,340684,52,23,1200,5223,2073,2.3359854077279811,-8.1927941351704625,2.3359854077279811,-8.1927941351704607,True,True,False,True,False,False
perle,340684,52,24,1250,5224,2073,2.4963188489520665,-8.2906981828327684,2.4963188489520665,-8.2906981828327684,True,True,False,True,False,False
perle,340684,52,25,1300,5225,2073,2.6566522901761527,-8.388602230495076,2.6566522901761527,-8.3886022304950778,True,True,False,True,False,False
perle,340684,52,26,1350,5226,2073,2.8169857314002389,-8.4865062781573837,2.8169857314002389,-8.4865062781573837,True,True,False,True,False,False
perle,340684,52,27,1400,5227,2073,2.9773191726243242,-8.5844103258196895,2.9773191726243242,-8.5844103258196895,True,True,False,True,False,False
perle,340684,52,28,1450,5228,2073,3.1376526138484104,-8.6823143734819972,3.1376526138484104,-8.682314373481999,True,True,False,True,False,False
perle,340684,52,29,1500,5229,2073,3.2979860550724966,-8.7802184211443048,3.2979860550724966,-8.7802184211443013,True,True,False,True,False,False
perle,340684,52,30,1550,5230,2073,3.458319496296582,-8.8781224688066125,3.458319496296582,-8.8781224688066107,True,True,False,True,False,False
perle,340684,52,31,1600,5231,2073,3.6186529375206682,-8.9760265164689201,3.6186529375206682,-8.9760265164689184,True,True,False,True,False,False
perle,340684,52,32,1650,5232,2073,3.7789863787447544,-9.0739305641312278,3.7789863787447544,-9.0739305641312278,True,True,False,True,False,False
perle,340684,52,33,1700,5233,2073,3.9393198199688397,-9.1718346117935337,3.9393198199688397,-9.1718346117935337,True,True,False,True,False,False
perle,340684,52,34,1750,5234,2073,4.0996532611929259,-9.2697386594558413,4.0996532611929259,-9.2697386594558395,True,True,False,True,False,False
perle,340684,52,35,1800,5235,2073,4.2599867024170122,-9.3676427071181489,4.2599867024170122,-9.3676427071181472,True,True,False,True,False,False
perle,340684,52,36,1850,5236,2073,4.4203201436410975,-9.4655467547804548,4.4203201436410975,-9.4655467547804584,True,True,False,True,False,False
perle,340684,52,37,1900,5237,2073,4.5806535848651837,-9.5634508024427625,4.5806535848651837,-9.5634508024427607,True,True,False,True,False,False
perle,340684,52,38,1950,5238,2073,4.7409870260892699,-9.6613548501050701,4.7409870260892699,-9.6613548501050683,True,True,False,True,False,False
perle,340684,52,39,2000,5239,2073,4.9013204673133561,-9.7592588977673778,4.9013204673133561,-9.7592588977673795,True,True,False,True,False,False
perle,340684,52,40,2050,5240,2073,5.0616539085374415,-9.7836365694884737,5.0616539085374415,-9.7737231766981623,True,False,False,True,False,True
perle,340684,52,41,2100,5241,2073,5.2219873497615277,-9.6872877872814698,5.2219873497615277,-9.6511837305494979,True,False,True,True,False,True
perle,340684,52,42,2150,5242,2073,5.3823207909856139,-9.5909390050744641,5.3823207909856139,-9.5286442844008388,True,False,True,True,False,True
perle,340684,52,43,2200,5243,2073,5.5426542322096992,-9.4945902228674619,5.5426542322096992,-9.4061048382521779,True,False,True,True,False,True
perle,340684,52,44,2250,5244,2073,5.7029876734337854,-9.3982414406604562,5.7029876734337854,-9.2835653921035171,True,False,True,True,False,True
perle,340684,52,45,2300,5245,2073,5.8633211146578716,-9.3018926584534523,5.8633211146578716,-9.1610259459548544,True,False,True,True,False,True
perle,340684,52,46,2350,5246,2073,6.023654555881957,-9.2055438762464483,6.023654555881957,-9.0384864998061936,True,False,True,True,False,True
perle,340684,52,47,2400,5247,2073,6.1839879971060432,-9.1091950940394426,6.1839879971060432,-8.9159470536575345,True,False,True,True,False,True
perle,340684,52,48,2450,5248,2073,6.3443214383301294,-9.0128463118324387,6.3443214383301294,-8.7934076075088701,True,False,True,True,False,True
perle,340684,52,49,2500,5249,2073,6.5046548795542147,-8.9164975296254347,6.5046548795542147,-8.6708681613602092,True,False,True,True,False,True
perle,340684,52,50,2550,5250,2073,6.6649883207783009,-8.8201487474184308,6.6649883207783009,-8.5483287152115501,True,False,True,True,False,True
perle,340684,52,51,2600,5251,2073,6.8253217620023872,-8.7237999652114269,6.8253217620023872,-8.4257892690628875,True,False,True,True,False,True
perle,340684,52,52,2650,5252,2073,6.9856552032264734,-8.6274511830044212,6.9856552032264734,-8.3032498229142266,True,False,True,True,False,True
perle,340684,52,53,2700,5253,2073,7.1459886444505596,-8.5311024007974172,7.1459886444505596,-8.180710376765564,True,False,True,True,False,True
perle,340684,52,54,2750,5254,2073,7.306322085674644,-8.4347536185904133,7.306322085674644,-8.0581709306169049,True,False,True,True,False,True
perle,340684,52,55,2800,5255,2073,7.4666555268987302,-8.3384048363834093,7.4666555268987302,-7.9356314844682432,True,False,True,True,False,True
perle,340684,52,56,2850,5256,2073,7.6269889681228165,-8.2420560541764054,7.6269889681228165,-7.8130920383195823,True,False,True,True,False,True
perle,340684,52,57,2900,5257,2073,7.7873224093469027,-8.1457072719693997,7.7873224093469027,-7.6905525921709206,True,False,True,True,False,True
perle,340684,52,58,2950,5258,2073,7.9476558505709889,-8.0493584897623958,7.9476558505709889,-7.5680131460222597,True,False,True,True,False,True
perle,340684,52,59,3000,5259,2073,8.1079892917950751,-7.9530097075553918,8.1079892917950751,-7.445473699873598,True,False,True,True,False,True
perle,340684,52,60,3050,5260,2073,8.2683227330191595,-7.8566609253483879,8.2683227330191595,-7.322934253724938,True,False,True,True,False,True
perle,340684,52,61,3100,5261,2073,8.4286561742432458,-7.760312143141384,8.4286561742432458,-7.2003948075762763,True,False,True,True,False,True
perle,340684,52,62,3150,5262,2073,8.588989615467332,-7.6639633609343791,8.588989615467332,-7.0778553614276154,True,False,True,True,False,True
perle,340684,52,63,3200,5263,2073,8.7493230566914182,-7.5676145787273743,8.7493230566914182,-6.9553159152789537,True,False,True,True,False,True
perle,340684,52,64,3250,5264,2073,8.9096564979155044,-7.4712657965203704,8.9096564979155044,-6.8327764691302937,True,False,True,True,False,True
perle,340684,52,65,3300,5265,2073,9.0699899391395906,-7.3749170143133655,9.0699899391395906,-6.7102370229816319,True,False,True,True,False,True
perle,340684,52,66,3350,5266,2073,9.2303233803636768,-7.2785682321063616,9.2303233803636768,-6.5876975768329702,True,False,True,True,False,True
perle,340684,52,67,3400,5267,2073,9.3906568215877613,-7.1822194498993577,9.3906568215877613,-6.4651581306843102,True,False,True,True,False,True
perle,340684,52,68,3450,5268,2073,9.5509902628118475,-7.0858706676923537,9.5509902628118475,-6.3426186845356485,True,False,True,True,False,True
perle,340684,52,69,3500,5269,2073,9.7113237040359337,-6.9895218854853489,9.7113237040359337,-6.2200792383869876,True,False,True,True,False,True
perle,340684,52,70,3550,5270,2073,9.8716571452600199,-6.8931731032783441,9.8716571452600199,-6.0975397922383259,True,False,True,True,False,True
perle,351612,53,6,350,5306,1066,-0.25568194110171549,4.032407745197002,-0.25568194110171549,4.0616062496622902,True,True,False,False,True,False
perle,351612,53,7,400,5307,1066,0.00067719073940253338,3.758719978672485,0.00067719073940253338,3.8096580122256243,True,True,False,False,True,False
perle,351612,53,8,450,5308,1066,0.25703632258052078,3.485032212147968,0.25703632258052078,3.5577097747889579,True,True,False,False,True,False
perle,351612,53,9,500,5309,1066,0.51339545442163903,3.2113444456234506,0.51339545442163903,3.3057615373522919,True,True,False,False,True,False
perle,351612,53,10,550,5310,1066,0.76975458626275728,2.9376566790989336,0.76975458626275728,3.053813299915626,True,True,False,False,True,False
perle,351612,53,11,600,5311,1066,1.0261137181038755,2.6639689125744166,1.0261137181038755,2.8018650624789605,True,True,False,False,True,False
perle,351612,53,12,650,5312,1066,1.2824728499449938,2.3902811460498996,1.2824728499449938,2.5499168250422946,True,True,False,False,True,False
perle,351612,53,13,700,5313,1066,1.538831981786112,2.1165933795253826,1.538831981786112,2.2979685876056282,True,True,False,False,True,False
perle,351612,53,14,750,5314,1066,1.7951911136272298,1.8429056130008661,1.7951911136272298,2.0460203501689627,True,True,False,False,True,False
perle,351612,53,15,800,5315,1066,2.0515502454683481,1.5692178464763491,2.0515502454683481,1.7940721127322969,True,True,False,False,True,False
perle,351612,53,16,850,5316,1066,2.3079093773094663,1.2955300799518321,2.3079093773094663,1.5421238752956306,True,True,False,False,True,False
perle,351612,53,17,900,5317,1066,2.5642685091505846,1.0218423134273151,2.5642685091505846,1.2901756378589648,True,True,False,False,True,False
perle,351612,53,18,950,5318,1066,2.8206276409917028,0.74815454690279815,2.8206276409917028,1.0382274004222987,True,True,False,False,True,False
perle,351612,53,19,1000,5319,1066,3.0769867728328211,0.47446678037828116,3.0769867728328211,0.78627916298563272,True,True,False,False,True,False
perle,351612,53,20,1050,5320,1066,3.3333459046739393,0.20077901385376418,3.3333459046739393,0.53433092554896711,True,True,False,False,True,False
perle,351612,53,21,1100,5321,1066,3.5897050365150576,-0.072908752670753252,3.5897050365150576,0.28238268811230083,True,True,False,False,True,False
perle,351612,53,22,1150,5322,1066,3.8460641683561758,-0.34659651919526979,3.8460641683561758,0.030434450675635199,True,True,False,False,True,False
perle,351612,53,23,1200,5323,1066,4.1024233001972945,-0.62028428571978722,4.1024233001972945,-0.22151378676103103,True,True,False,False,True,False
perle,351612,53,24,1250,5324,1066,4.3587824320384119,-0.89397205224430376,4.3587824320384119,-0.47346202419769623,True,True,False,False,True,False
perle,351612,53,25,1300,5325,1066,4.615141563879531,-1.1676598187688212,4.615141563879531,-0.72541026163436317,True,True,False,False,True,False
perle,351612,53,26,1350,5326,1066,4.8715006957206484,-1.4413475852933377,4.8715006957206484,-0.97735849907102768,True,True,False,False,True,False
perle,351612,53,27,1400,5327,1066,5.1278598275617675,-1.715035351817856,5.1278598275617675,-1.2293067365076951,True,True,False,False,True,False
perle,351612,53,28,1450,5328,1066,5.3842189594028849,-1.9887231183423717,5.3842189594028849,-1.4812549739443603,True,False,False,False,True,False
perle,351612,53,29,1500,5329,1066,5.6405780912440022,-2.2624108848668874,5.6405780912440022,-1.7332032113810252,True,False,True,False,True,False
perle,351612,53,30,1550,5330,1066,5.8969372230851214,-2.5360986513914057,5.8969372230851214,-1.9851514488176918,True,False,True,False,True,False
perle,351612,53,31,1600,5331,1066,6.1532963549262387,-2.8097864179159222,6.1532963549262387,-2.2370996862543575,True,False,True,False,True,False
perle,351612,53,32,1650,5332,1066,6.4096554867673579,-3.0834741844404396,6.4096554867673579,-2.4890479236910243,True,False,True,False,True,False
perle,351612,53,33,1700,5333,1066,6.6660146186084752,-3.3571619509649562,6.6660146186084752,-2.7409961611276894,True,False,True,False,True,False
perle,351612,53,34,1750,5334,1066,6.9223737504495944,-3.6308497174894736,6.9223737504495944,-2.9929443985643558,True,False,True,False,True,False
perle,351612,53,35,1800,5335,1066,7.1787328822907117,-3.9045374840139901,7.1787328822907117,-3.2448926360010208,True,False,True,False,True,False
perle,351612,53,36,1850,5336,1066,7.4350920141318309,-4.1782252505385076,7.4350920141318309,-3.4968408734376881,True,False,True,False,True,False
perle,351612,53,37,1900,5337,1066,7.6914511459729482,-4.4519130170630241,7.6914511459729482,-3.7487891108743527,True,False,True,False,True,False
perle,351612,53,38,1950,5338,1066,7.9478102778140656,-4.7256007835875398,7.9478102778140656,-4.0007373483110173,True,False,True,False,True,False
perle,351612,53,39,2000,5339,1066,8.2041694096551847,-4.9992885501120572,8.2041694096551847,-4.2526855857476846,True,False,True,False,True,False
perle,351612,53,40,2050,5340,1066,8.4605285414963021,-5.2729763166365746,8.4605285414963021,-4.5046338231843501,True,False,True,False,True,False
perle,351612,53,41,2100,5341,1066,8.7168876733374212,-5.5466640831610921,8.7168876733374212,-4.7565820606210174,True,False,True,False,True,False
perle,351612,53,42,2150,5342,1066,8.9732468051785386,-5.8203518496856077,8.9732468051785386,-5.008530298057682,True,False,True,False,True,False
perle,351612,53,43,2200,5343,1066,9.2296059370196577,-6.0940396162101269,9.2296059370196577,-5.2604785354943484,True,False,True,False,True,False
perle,351612,53,44,2250,5344,1066,9.4859650688607751,-6.3677273827346426,9.4859650688607751,-5.5124267729310139,True,False,True,False,True,False
perle,351612,53,45,2300,5345,1066,9.7423242007018942,-6.64141514925916,9.7423242007018942,-5.7643750103676803,True,False,True,False,True,False
perle,356164,54,6,350,5406,1105,0.051219313671332145,-8.7743152888507794,0.051219313671332145,-8.7269455668096629,True,True,False,False,True,False
perle,356164,54,7,400,5407,1105,0.38658389619912148,-8.6065394038011718,0.38658389619912148,-8.5240003842350056,True,True,False,False,True,False
perle,356164,54,8,450,5408,1105,0.72194847872691081,-8.4387635187515642,0.72194847872691081,-8.3210552016603501,True,True,False,False,True,False
perle,356164,54,9,500,5409,1105,1.0573130612547001,-8.2709876337019566,1.0573130612547001,-8.1181100190856927,True,True,False,False,True,False
perle,356164,54,10,550,5410,1105,1.3926776437824895,-8.1032117486523489,1.3926776437824895,-7.9151648365110354,True,True,False,False,True,False
perle,356164,54,11,600,5411,1105,1.7280422263102788,-7.9354358636027422,1.7280422263102788,-7.712219653936379,True,True,False,False,True,False
perle,356164,54,12,650,5412,1105,2.0634068088380686,-7.7676599785531346,2.0634068088380686,-7.5092744713617217,True,True,False,False,True,False
perle,356164,54,13,700,5413,1105,2.3987713913658575,-7.5998840935035279,2.3987713913658575,-7.3063292887870643,True,True,False,False,True,False
perle,356164,54,14,750,5414,1105,2.7341359738936473,-7.4321082084539203,2.7341359738936473,-7.103384106212407,True,True,False,False,True,False
perle,356164,54,15,800,5415,1105,3.0695005564214362,-7.2643323234043127,3.0695005564214362,-6.9004389236377497,True,True,False,False,True,False
perle,356164,54,16,850,5416,1105,3.4048651389492259,-7.0965564383547051,3.4048651389492259,-6.6974937410630933,True,True,False,False,True,False
perle,356164,54,17,900,5417,1105,3.7402297214770148,-6.9287805533050975,3.7402297214770148,-6.4945485584884368,True,True,False,False,True,False
perle,356164,54,18,950,5418,1105,4.0755943040048042,-6.7610046682554898,4.0755943040048042,-6.2916033759137795,True,True,False,False,True,False
perle,356164,54,19,1000,5419,1105,4.4109588865325939,-6.5932287832058822,4.4109588865325939,-6.0886581933391222,True,True,False,False,True,False
perle,356164,54,20,1050,5420,1105,4.7463234690603837,-6.4254528981562746,4.7463234690603837,-5.8857130107644648,True,True,False,False,True,False
perle,356164,54,21,1100,5421,1105,5.0816880515881717,-6.2576770131066688,5.0816880515881717,-5.6827678281898093,True,True,False,False,True,False
perle,356164,54,22,1150,5422,1105,5.4170526341159615,-6.0899011280570603,5.4170526341159615,-5.479822645615152,True,False,False,False,True,False
perle,356164,54,23,1200,5423,1105,5.7524172166437513,-5.9221252430074527,5.7524172166437513,-5.2768774630404938,True,False,True,False,True,False
perle,356164,54,24,1250,5424,1105,6.0877817991715411,-5.7543493579578451,6.0877817991715411,-5.0739322804658373,True,False,True,False,True,False
perle,356164,54,25,1300,5425,1105,6.4231463816993308,-5.5865734729082375,6.4231463816993308,-4.8709870978911809,True,False,True,False,True,False
perle,356164,54,26,1350,5426,1105,6.7585109642271188,-5.4187975878586307,6.7585109642271188,-4.6680419153165236,True,False,True,False,True,False
perle,356164,54,27,1400,5427,1105,7.0938755467549086,-5.2510217028090231,7.0938755467549086,-4.4650967327418654,True,False,True,False,True,False
perle,356164,54,28,1450,5428,1105,7.4292401292826984,-5.0832458177594155,7.4292401292826984,-4.2621515501672089,True,False,True,False,True,False
perle,356164,54,29,1500,5429,1105,7.7646047118104882,-4.9154699327098079,7.7646047118104882,-4.0592063675925516,True,False,True,False,True,False
perle,356164,54,30,1550,5430,1105,8.0999692943382762,-4.7476940476602012,8.0999692943382762,-3.8562611850178961,True,False,True,False,True,False
perle,356164,54,31,1600,5431,1105,8.4353338768660659,-4.5799181626105936,8.4353338768660659,-3.6533160024432378,True,False,True,False,True,False
perle,356164,54,32,1650,5432,1105,8.7706984593938557,-4.412142277560986,8.7706984593938557,-3.450370819868581,True,False,True,False,True,False
perle,356164,54,33,1700,5433,1105,9.1060630419216455,-4.2443663925113775,9.1060630419216455,-3.2474256372939236,True,False,True,False,True,False
perle,356164,54,34,1750,5434,1105,9.4414276244494353,-4.0765905074617699,9.4414276244494353,-3.0444804547192663,True,False,True,False,True,False
perle,356164,54,35,1800,5435,1105,9.7767922069772233,-3.9088146224121632,9.7767922069772233,-2.8415352721446108,True,False,True,False,True,False
perle,356765,55,6,350,5506,1096,0.038179930477254764,-8.1523504873987687,0.038179930477254764,-8.1252983495400866,True,True,False,False,True,False
perle,356765,55,7,400,5507,1096,0.36463547754900771,-7.9678248700042573,0.36463547754900771,-7.9206384111336678,True,True,False,False,True,False
perle,356765,55,8,450,5508,1096,0.69109102462076066,-7.7832992526097469,0.69109102462076066,-7.7159784727272465,True,True,False,False,True,False
perle,356765,55,9,500,5509,1096,1.0175465716925136,-7.5987736352152355,1.0175465716925136,-7.5113185343208277,True,True,False,False,True,False
perle,356765,55,10,550,5510,1096,1.3440021187642666,-7.4142480178207242,1.3440021187642666,-7.3066585959144055,True,True,False,False,True,False
perle,356765,55,11,600,5511,1096,1.6704576658360195,-7.2297224004262137,1.6704576658360195,-7.101998657507985,True,True,False,False,True,False
perle,356765,55,12,650,5512,1096,1.996913212907772,-7.0451967830317024,1.996913212907772,-6.8973387191015645,True,True,False,False,True,False
perle,356765,55,13,700,5513,1096,2.3233687599795254,-6.860671165637191,2.3233687599795254,-6.6926787806951431,True,True,False,False,True,False
perle,356765,55,14,750,5514,1096,2.6498243070512779,-6.6761455482426806,2.6498243070512779,-6.4880188422887226,True,True,False,False,True,False
perle,356765,55,15,800,5515,1096,2.9762798541230313,-6.4916199308481692,2.9762798541230313,-6.2833589038823012,True,True,False,False,True,False
perle,356765,55,16,850,5516,1096,3.3027354011947838,-6.3070943134536579,3.3027354011947838,-6.0786989654758816,True,True,False,False,True,False
perle,356765,55,17,900,5517,1096,3.6291909482665372,-6.1225686960591474,3.6291909482665372,-5.8740390270694611,True,True,False,False,True,False
perle,356765,55,18,950,5518,1096,3.9556464953382897,-5.9380430786646361,3.9556464953382897,-5.6693790886630406,True,True,False,False,True,False
perle,356765,55,19,1000,5519,1096,4.2821020424100436,-5.7535174612701248,4.2821020424100436,-5.4647191502566184,True,True,False,False,True,False
perle,356765,55,20,1050,5520,1096,4.6085575894817961,-5.5689918438756134,4.6085575894817961,-5.2600592118501979,True,True,False,False,True,False
perle,356765,55,21,1100,5521,1096,4.9350131365535486,-5.384466226481103,4.9350131365535486,-5.0553992734437774,True,True,False,False,True,False
perle,356765,55,22,1150,5522,1096,5.2614686836253011,-5.1999406090865925,5.2614686836253011,-4.8507393350373569,True,False,False,False,True,False
perle,356765,55,23,1200,5523,1096,5.5879242306970553,-5.0154149916920803,5.5879242306970553,-4.6460793966309355,True,False,True,False,True,False
perle,356765,55,24,1250,5524,1096,5.9143797777688079,-4.8308893742975698,5.9143797777688079,-4.4414194582245159,True,False,True,False,True,False
perle,356765,55,25,1300,5525,1096,6.2408353248405604,-4.6463637569030585,6.2408353248405604,-4.2367595198180963,True,False,True,False,True,False
perle,356765,55,26,1350,5526,1096,6.5672908719123146,-4.4618381395085471,6.5672908719123146,-4.032099581411674,True,False,True,False,True,False
perle,356765,55,27,1400,5527,1096,6.8937464189840671,-4.2773125221140358,6.8937464189840671,-3.8274396430052535,True,False,True,False,True,False
perle,356765,55,28,1450,5528,1096,7.2202019660558197,-4.0927869047195253,7.2202019660558197,-3.622779704598833,True,False,True,False,True,False
perle,356765,55,29,1500,5529,1096,7.5466575131275722,-3.908261287325014,7.5466575131275722,-3.418119766192413,True,False,True,False,True,False
perle,356765,55,30,1550,5530,1096,7.8731130601993247,-3.7237356699305035,7.8731130601993247,-3.2134598277859925,True,False,True,False,True,False
perle,356765,55,31,1600,5531,1096,8.1995686072710789,-3.5392100525359913,8.1995686072710789,-3.0087998893795707,True,False,True,False,True,False
perle,356765,55,32,1650,5532,1096,8.5260241543428315,-3.3546844351414808,8.5260241543428315,-2.8041399509731511,True,False,True,False,True,False
perle,356765,55,33,1700,5533,1096,8.852479701414584,-3.1701588177469695,8.852479701414584,-2.599480012566731,True,False,True,False,True,False
perle,356765,55,34,1750,5534,1096,9.1789352484863365,-2.985633200352459,9.1789352484863365,-2.3948200741603096,True,False,True,False,True,False
perle,356765,55,35,1800,5535,1096,9.5053907955580907,-2.8011075829579468,9.5053907955580907,-2.1901601357538887,True,False,True,False,True,False
perle,356765,55,36,1850,5536,1096,9.8318463426298432,-2.6165819655634364,9.8318463426298432,-1.9855001973474682,True,False,True,False,True,False
perle,370777,56,6,350,5606,1044,0.029279108630313022,4.9378703696675981,0.029279108630313022,4.9392454410859372,True,True,False,False,True,False
perle,370777,56,7,400,5607,1044,0.34932861214804056,4.7424392662664729,0.34932861214804056,4.744839597795063,True,True,False,False,True,False
perle,370777,56,8,450,5608,1044,0.66937811566576855,4.5470081628653469,0.66937811566576855,4.5504337545041862,True,True,False,False,True,False
perle,370777,56,9,500,5609,1044,0.98942761918349609,4.3515770594642209,0.98942761918349609,4.3560279112133093,True,True,False,False,True,False
perle,370777,56,10,550,5610,1044,1.3094771227012236,4.1561459560630949,1.3094771227012236,4.1616220679224352,True,True,False,False,True,False
perle,370777,56,11,600,5611,1044,1.6295266262189516,3.9607148526619689,1.6295266262189516,3.9672162246315583,True,True,False,False,True,False
perle,370777,56,12,650,5612,1044,1.9495761297366787,3.7652837492608437,1.9495761297366787,3.7728103813406833,True,True,False,False,True,False
perle,370777,56,13,700,5613,1044,2.2696256332544067,3.5698526458597173,2.2696256332544067,3.5784045380498068,True,True,False,False,True,False
perle,370777,56,14,750,5614,1044,2.5896751367721347,3.3744215424585913,2.5896751367721347,3.3839986947589309,True,True,False,False,True,False
perle,370777,56,15,800,5615,1044,2.9097246402898618,3.1789904390574657,2.9097246402898618,3.1895928514680558,True,True,False,False,True,False
perle,370777,56,16,850,5616,1044,3.2297741438075898,2.9835593356563397,3.2297741438075898,2.9951870081771794,True,True,False,False,True,False
perle,370777,56,17,900,5617,1044,3.5498236473253177,2.7881282322552137,3.5498236473253177,2.8007811648863035,True,True,False,False,True,False
perle,370777,56,18,950,5618,1044,3.8698731508430448,2.5926971288540881,3.8698731508430448,2.6063753215954275,True,True,False,False,True,False
perle,370777,56,19,1000,5619,1044,4.1899226543607728,2.3972660254529621,4.1899226543607728,2.4119694783045511,True,True,False,False,True,False
perle,370777,56,20,1050,5620,1044,4.5099721578785008,2.2018349220518361,4.5099721578785008,2.2175636350136756,True,True,False,False,True,False
perle,370777,56,21,1100,5621,1044,4.8300216613962279,2.0064038186507105,4.8300216613962279,2.0231577917228005,True,True,False,False,True,False
perle,370777,56,22,1150,5622,1044,5.1500711649139559,1.8109727152495845,5.1500711649139559,1.8287519484319243,True,True,False,False,True,False
perle,370777,56,23,1200,5623,1044,5.4701206684316839,1.6155416118484585,5.4701206684316839,1.6343461051410482,True,False,False,False,True,False
perle,370777,56,24,1250,5624,1044,5.7901701719494119,1.4201105084473324,5.7901701719494119,1.439940261850172,True,False,True,False,True,False
perle,370777,56,25,1300,5625,1044,6.1102196754671381,1.2246794050462073,6.1102196754671381,1.2455344185592976,True,False,True,False,True,False
perle,370777,56,26,1350,5626,1044,6.4302691789848661,1.0292483016450813,6.4302691789848661,1.0511285752684214,True,False,True,False,True,False
perle,370777,56,27,1400,5627,1044,6.750318682502594,0.83381719824395528,6.750318682502594,0.85672273197754534,True,False,True,False,True,False
perle,370777,56,28,1450,5628,1044,7.070368186020322,0.63838609484282927,7.070368186020322,0.66231688868666927,True,False,True,False,True,False
perle,370777,56,29,1500,5629,1044,7.39041768953805,0.44295499144170325,7.39041768953805,0.46791104539579315,True,False,True,False,True,False
perle,370777,56,30,1550,5630,1044,7.710467193055778,0.24752388804057723,7.710467193055778,0.27350520210491702,True,False,True,False,True,False
perle,370777,56,31,1600,5631,1044,8.0305166965735033,0.052092784639452105,8.0305166965735033,0.07909935881404169,True,False,True,False,True,False
perle,370777,56,32,1650,5632,1044,8.3505662000912331,-0.1433383187616748,8.3505662000912331,-0.11530648447683509,True,False,True,False,True,False
perle,370777,56,33,1700,5633,1044,8.6706157036089593,-0.33876942216279993,8.6706157036089593,-0.30971232776771052,True,False,True,False,True,False
perle,370777,56,34,1750,5634,1044,8.990665207126689,-0.53420052556392683,8.990665207126689,-0.50411817105858725,True,False,True,False,True,False
perle,370777,56,35,1800,5635,1044,9.3107147106444152,-0.72963162896505196,9.3107147106444152,-0.69852401434946199,True,False,True,False,True,False
perle,370777,56,36,1850,5636,1044,9.6307642141621415,-0.92506273236617709,9.6307642141621415,-0.89292985764033761,True,False,True,False,True,False
perle,377134,57,6,350,5706,1038,0.17483236743557318,-6.262022096001755,0.17483236743557318,-6.2593838842625589,True,True,False,False,True,False
perle,377134,57,7,400,5707,1038,0.45333468929398779,-6.0109028296894191,0.45333468929398779,-6.0063044083777086,True,True,False,False,True,False
perle,377134,57,8,450,5708,1038,0.73183701115240196,-5.7597835633770833,0.73183701115240196,-5.7532249324928593,True,True,False,False,True,False
perle,377134,57,9,500,5709,1038,1.0103393330108166,-5.5086642970647466,1.0103393330108166,-5.5001454566080099,True,True,False,False,True,False
perle,377134,57,10,550,5710,1038,1.2888416548692312,-5.2575450307524108,1.2888416548692312,-5.2470659807231623,True,True,False,False,True,False
perle,377134,57,11,600,5711,1038,1.5673439767276458,-5.006425764440074,1.5673439767276458,-4.993986504838313,True,True,False,False,True,False
perle,377134,57,12,650,5712,1038,1.84584629858606,-4.7553064981277382,1.84584629858606,-4.7409070289534645,True,True,False,False,True,False
perle,377134,57,13,700,5713,1038,2.1243486204444748,-4.5041872318154015,2.1243486204444748,-4.4878275530686143,True,True,False,False,True,False
perle,377134,57,14,750,5714,1038,2.402850942302889,-4.2530679655030657,2.402850942302889,-4.2347480771837649,True,True,False,False,True,False
perle,377134,57,15,800,5715,1038,2.681353264161304,-4.0019486991907289,2.681353264161304,-3.981668601298916,True,True,False,False,True,False
perle,377134,57,16,850,5716,1038,2.9598555860197182,-3.7508294328783927,2.9598555860197182,-3.7285891254140671,True,True,False,False,True,False
perle,377134,57,17,900,5717,1038,3.2383579078781324,-3.4997101665660568,3.2383579078781324,-3.4755096495292177,True,True,False,False,True,False
perle,377134,57,18,950,5718,1038,3.5168602297365474,-3.2485909002537201,3.5168602297365474,-3.2224301736443679,True,True,False,False,True,False
perle,377134,57,19,1000,5719,1038,3.7953625515949616,-2.9974716339413838,3.7953625515949616,-2.9693506977595199,True,True,False,False,True,False
perle,377134,57,20,1050,5720,1038,4.0738648734533767,-2.7463523676290471,4.0738648734533767,-2.7162712218746692,True,True,False,False,True,False
perle,377134,57,21,1100,5721,1038,4.3523671953117908,-2.4952331013167113,4.3523671953117908,-2.4631917459898207,True,True,False,False,True,False
perle,377134,57,22,1150,5722,1038,4.630869517170205,-2.2441138350043754,4.630869517170205,-2.2101122701049722,True,True,False,False,True,False
perle,377134,57,23,1200,5723,1038,4.9093718390286201,-1.9929945686920387,4.9093718390286201,-1.9570327942201227,True,True,False,False,True,False
perle,377134,57,24,1250,5724,1038,5.1878741608870342,-1.7418753023797029,5.1878741608870342,-1.7039533183352735,True,False,False,False,True,False
perle,377134,57,25,1300,5725,1038,5.4663764827454484,-1.4907560360673662,5.4663764827454484,-1.4508738424504242,True,False,True,False,True,False
perle,377134,57,26,1350,5726,1038,5.7448788046038635,-1.2396367697550295,5.7448788046038635,-1.197794366565575,True,False,True,False,True,False
perle,377134,57,27,1400,5727,1038,6.0233811264622776,-0.98851750344269362,6.0233811264622776,-0.94471489068072589,True,False,True,False,True,False
perle,377134,57,28,1450,5728,1038,6.3018834483206927,-0.7373982371303569,6.3018834483206927,-0.69163541479587654,True,False,True,False,True,False
perle,377134,57,29,1500,5729,1038,6.580385770179106,-0.48627897081802196,6.580385770179106,-0.4385559389110284,True,False,True,False,True,False
perle,377134,57,30,1550,5730,1038,6.858888092037521,-0.23515970450568524,6.858888092037521,-0.18547646302617923,True,False,True,False,True,False
perle,377134,57,31,1600,5731,1038,7.1373904138959361,0.015959561806651479,7.1373904138959361,0.067603012858670986,True,False,True,False,True,False
perle,377134,57,32,1650,5732,1038,7.4158927357543494,0.26707882811898642,7.4158927357543494,0.32068248874351901,True,False,True,False,True,False
perle,377134,57,33,1700,5733,1038,7.6943950576127644,0.51819809443132314,7.6943950576127644,0.57376196462836826,True,False,True,False,True,False
perle,377134,57,34,1750,5734,1038,7.9728973794711795,0.76931736074365986,7.9728973794711795,0.82684144051321851,True,False,True,False,True,False
perle,377134,57,35,1800,5735,1038,8.2513997013295928,1.0204366270559957,8.2513997013295928,1.0799209163980665,True,False,True,False,True,False
perle,377134,57,36,1850,5736,1038,8.5299020231880078,1.2715558933683324,8.5299020231880078,1.3330003922829159,True,False,True,False,True,False
perle,377134,57,37,1900,5737,1038,8.8084043450464229,1.5226751596806691,8.8084043450464229,1.586079868167765,True,False,True,False,True,False
perle,377134,57,38,1950,5738,1038,9.0869066669048379,1.7737944259930059,9.0869066669048379,1.8391593440526155,True,False,True,False,True,False
perle,377134,57,39,2000,5739,1038,9.3654089887632512,2.0249136923053408,9.3654089887632512,2.0922388199374637,True,False,True,False,True,False
perle,377134,57,40,2050,5740,1038,9.6439113106216663,2.2760329586176775,9.6439113106216663,2.3453182958223122,True,False,True,False,True,False
perle,377134,57,41,2100,5741,1038,9.9224136324800813,2.5271522249300142,9.9224136324800813,2.5983977717071625,True,False,True,False,True,False
perle,379400,58,6,350,5806,1031,-0.0073696657469097815,-4.2378013450094469,-0.0073696657469097815,-4.2600589950638019,True,True,False,False,True,False
perle,379400,58,7,400,5807,1031,0.13603464560828038,-4.1170096990300316,0.13603464560828038,-4.1558794351775488,True,True,False,False,True,False
perle,379400,58,8,450,5808,1031,0.27943895696347054,-3.9962180530506157,0.27943895696347054,-4.0516998752912974,True,True,False,False,True,False
perle,379400,58,9,500,5809,1031,0.42284326831866048,-3.8754264070712008,0.42284326831866048,-3.9475203154050433,True,True,False,False,True,False
perle,379400,58,10,550,5810,1031,0.56624757967385064,-3.754634761091785,0.56624757967385064,-3.8433407555187902,True,True,False,False,True,False
perle,379400,58,11,600,5811,1031,0.7096518910290408,-3.6338431151123696,0.7096518910290408,-3.7391611956325375,True,True,False,False,True,False
perle,379400,58,12,650,5812,1031,0.85305620238423074,-3.5130514691329542,0.85305620238423074,-3.6349816357462843,True,True,False,False,True,False
perle,379400,58,13,700,5813,1031,0.99646051373942068,-3.3922598231535388,0.99646051373942068,-3.5308020758600316,True,True,False,False,True,False
perle,379400,58,14,750,5814,1031,1.1398648250946111,-3.271468177174123,1.1398648250946111,-3.4266225159737789,True,True,False,False,True,False
perle,379400,58,15,800,5815,1031,1.283269136449801,-3.1506765311947076,1.283269136449801,-3.3224429560875253,True,True,False,False,True,False
perle,379400,58,16,850,5816,1031,1.4266734478049909,-3.0298848852152922,1.4266734478049909,-3.2182633962012726,True,True,False,False,True,False
perle,379400,58,17,900,5817,1031,1.5700777591601813,-2.9090932392358768,1.5700777591601813,-3.1140838363150194,True,True,False,False,True,False
perle,379400,58,18,950,5818,1031,1.7134820705153713,-2.7883015932564614,1.7134820705153713,-3.0099042764287667,True,True,False,False,True,False
perle,379400,58,19,1000,5819,1031,1.8568863818705612,-2.667509947277046,1.8568863818705612,-2.9057247165425131,True,True,False,False,True,False
perle,379400,58,20,1050,5820,1031,2.0002906932257516,-2.5467183012976307,2.0002906932257516,-2.8015451566562608,True,True,False,False,True,False
perle,379400,58,21,1100,5821,1031,2.1436950045809415,-2.4259266553182153,2.1436950045809415,-2.6973655967700076,True,True,False,False,True,False
perle,379400,58,22,1150,5822,1031,2.2870993159361315,-2.3051350093387999,2.2870993159361315,-2.5931860368837549,True,True,False,False,True,False
perle,379400,58,23,1200,5823,1031,2.4305036272913219,-2.1843433633593841,2.4305036272913219,-2.4890064769975013,True,True,False,False,True,False
perle,379400,58,24,1250,5824,1031,2.5739079386465118,-2.0635517173799687,2.5739079386465118,-2.3848269171112486,True,True,False,False,True,False
perle,379400,58,25,1300,5825,1031,2.7173122500017017,-1.9427600714005533,2.7173122500017017,-2.2806473572249959,True,True,False,False,True,False
perle,379400,58,26,1350,5826,1031,2.8607165613568921,-1.8219684254211375,2.8607165613568921,-2.1764677973387427,True,True,False,False,True,False
perle,379400,58,27,1400,5827,1031,3.0041208727120816,-1.7011767794417225,3.0041208727120816,-2.0722882374524905,True,True,False,False,True,False
perle,379400,58,28,1450,5828,1031,3.1475251840672724,-1.5803851334623067,3.1475251840672724,-1.9681086775662362,True,True,False,False,True,False
perle,379400,58,29,1500,5829,1031,3.2909294954224624,-1.4595934874828913,3.2909294954224624,-1.8639291176799839,True,True,False,False,True,False
perle,379400,58,30,1550,5830,1031,3.4343338067776523,-1.3388018415034759,3.4343338067776523,-1.7597495577937308,True,True,False,False,True,False
perle,379400,58,31,1600,5831,1031,3.5777381181328423,-1.2180101955240605,3.5777381181328423,-1.6555699979074783,True,True,False,False,True,False
perle,379400,58,32,1650,5832,1031,3.7211424294880322,-1.0972185495446451,3.7211424294880322,-1.5513904380212251,True,True,False,False,True,False
perle,379400,58,33,1700,5833,1031,3.8645467408432221,-0.97642690356522976,3.8645467408432221,-1.4472108781349722,True,True,False,False,True,False
perle,379400,58,34,1750,5834,1031,4.007951052198413,-0.85563525758581394,4.007951052198413,-1.3430313182487188,True,True,False,False,True,False
perle,379400,58,35,1800,5835,1031,4.1513553635536029,-0.73484361160639855,4.1513553635536029,-1.2388517583624656,True,True,False,False,True,False
perle,379400,58,36,1850,5836,1031,4.2947596749087928,-0.61405196562698316,4.2947596749087928,-1.1346721984762131,True,True,False,False,True,False
perle,379400,58,37,1900,5837,1031,4.4381639862639828,-0.49326031964756778,4.4381639862639828,-1.0304926385899602,True,True,False,False,True,False
perle,379400,58,38,1950,5838,1031,4.5815682976191727,-0.37246867366815239,4.5815682976191727,-0.92631307870370727,True,True,False,False,True,False
perle,379400,58,39,2000,5839,1031,4.7249726089743627,-0.25167702768873701,4.7249726089743627,-0.82213351881745433,True,True,False,False,True,False
perle,379400,58,40,2050,5840,1031,4.8683769203295535,-0.13088538170932118,4.8683769203295535,-0.71795395893120106,True,True,False,False,True,False
perle,379400,58,41,2100,5841,1031,5.0117812316847434,-0.010093735729905795,5.0117812316847434,-0.61377439904494824,True,True,False,False,True,False
perle,379400,58,42,2150,5842,1031,5.1551855430399334,0.11069791024950959,5.1551855430399334,-0.50959483915869497,True,False,False,False,True,False
perle,379400,58,43,2200,5843,1031,5.2985898543951233,0.23148955622892498,5.2985898543951233,-0.40541527927244264,True,False,True,False,True,False
perle,379400,58,44,2250,5844,1031,5.4419941657503133,0.35228120220834036,5.4419941657503133,-0.30123571938618943,True,False,True,False,True,False
perle,379400,58,45,2300,5845,1031,5.5853984771055032,0.47307284818775575,5.5853984771055032,-0.1970561594999371,True,False,True,False,True,False
perle,379400,58,46,2350,5846,1031,5.728802788460694,0.59386449416717202,5.728802788460694,-0.092876599613683136,True,False,True,False,True,False
perle,379400,58,47,2400,5847,1031,5.872207099815884,0.7146561401465874,5.872207099815884,0.011302960272569038,True,False,True,False,True,False
perle,379400,58,48,2450,5848,1031,6.0156114111710739,0.83544778612600279,6.0156114111710739,0.11548252015882234,True,False,True,False,True,False
perle,379400,58,49,2500,5849,1031,6.1590157225262638,0.95623943210541817,6.1590157225262638,0.21966208004507565,True,False,True,False,True,False
perle,379400,58,50,2550,5850,1031,6.3024200338814538,1.0770310780848327,6.3024200338814538,0.32384163993132797,True,False,True,False,True,False
perle,379400,58,51,2600,5851,1031,6.4458243452366437,1.1978227240642481,6.4458243452366437,0.42802119981758108,True,False,True,False,True,False
perle,379400,58,52,2650,5852,1031,6.5892286565918337,1.3186143700436634,6.5892286565918337,0.5322007597038334,True,False,True,False,True,False
perle,379400,58,53,2700,5853,1031,6.7326329679470245,1.4394060160230797,6.7326329679470245,0.63638031959008745,True,False,True,False,True,False
perle,379400,58,54,2750,5854,1031,6.8760372793022144,1.5601976620024951,6.8760372793022144,0.74055987947633972,True,False,True,False,True,False
perle,379400,58,55,2800,5855,1031,7.0194415906574035,1.6809893079819096,7.0194415906574035,0.84473943936259221,True,False,True,False,True,False
perle,379400,58,56,2850,5856,1031,7.1628459020125943,1.8017809539613259,7.1628459020125943,0.94891899924884604,True,False,True,False,True,False
perle,379400,58,57,2900,5857,1031,7.3062502133677851,1.9225725999407421,7.3062502133677851,1.0530985591350994,True,False,True,False,True,False
perle,379400,58,58,2950,5858,1031,7.4496545247229742,2.0433642459201566,7.4496545247229742,1.1572781190213517,True,False,True,False,True,False
perle,379400,58,59,3000,5859,1031,7.593058836078165,2.1641558918995729,7.593058836078165,1.2614576789076046,True,False,True,False,True,False
perle,379400,58,60,3050,5860,1031,7.7364631474333541,2.2849475378789874,7.7364631474333541,1.3656372387938569,True,False,True,False,True,False
perle,379400,58,61,3100,5861,1031,7.8798674587885449,2.4057391838584037,7.8798674587885449,1.4698167986801103,True,False,True,False,True,False
perle,379400,58,62,3150,5862,1031,8.0232717701437366,2.52653082983782,8.0232717701437366,1.5739963585663654,True,False,True,False,True,False
perle,379400,58,63,3200,5863,1031,8.1666760814989239,2.6473224758172336,8.1666760814989239,1.6781759184526159,True,False,True,False,True,False
perle,379400,58,64,3250,5864,1031,8.3100803928541147,2.768114121796649,8.3100803928541147,1.7823554783388689,True,False,True,False,True,False
perle,379400,58,65,3300,5865,1031,8.4534847042093055,2.8889057677760652,8.4534847042093055,1.8865350382251231,True,False,True,False,True,False
perle,379400,58,66,3350,5866,1031,8.5968890155644964,3.0096974137554815,8.5968890155644964,1.9907145981113759,True,False,True,False,True,False
perle,379400,58,67,3400,5867,1031,8.7402933269196836,3.1304890597348942,8.7402933269196836,2.0948941579976266,True,False,True,False,True,False
perle,379400,58,68,3450,5868,1031,8.8836976382748745,3.2512807057143105,8.8836976382748745,2.1990737178838811,True,False,True,False,True,False
perle,379400,58,69,3500,5869,1031,9.0271019496300653,3.3720723516937268,9.0271019496300653,2.3032532777701347,True,False,True,False,True,False
perle,379400,58,70,3550,5870,1031,9.1705062609852561,3.492863997673143,9.1705062609852561,2.4074328376563878,True,False,True,False,True,False
perle,379400,58,71,3600,5871,1031,9.3139105723404469,3.6136556436525593,9.3139105723404469,2.5116123975426414,True,False,True,False,True,False
perle,379400,58,72,3650,5872,1031,9.4573148836956342,3.734447289631972,9.4573148836956342,2.6157919574288924,True,False,True,False,True,False
perle,379400,58,73,3700,5873,1031,9.600719195050825,3.8552389356113883,9.600719195050825,2.719971517315146,True,False,True,False,True,False
perle,379400,58,74,3750,5874,1031,9.7441235064060159,3.9760305815908046,9.7441235064060159,2.8241510772013991,True,False,True,False,True,False
perle,379400,58,75,3800,5875,1031,9.8875278177612067,4.0968222275702209,9.8875278177612067,2.9283306370876532,True,False,True,False,True,False
perle,381514,59,6,350,5906,1086,0.0054086125585404154,-2.2547031579442374,0.0054086125585404154,-2.2704823522998465,True,True,False,False,True,False
perle,381514,59,7,400,5907,1086,0.15848084557436803,-2.1464212069054294,0.15848084557436803,-2.1739647072922916,True,True,False,False,True,False
perle,381514,59,8,450,5908,1086,0.31155307859019565,-2.0381392558666218,0.31155307859019565,-2.0774470622847363,True,True,False,False,True,False
perle,381514,59,9,500,5909,1086,0.46462531160602349,-1.9298573048278143,0.46462531160602349,-1.980929417277181,True,True,False,False,True,False
perle,381514,59,10,550,5910,1086,0.61769754462185111,-1.8215753537890065,0.61769754462185111,-1.8844117722696261,True,True,False,False,True,False
perle,381514,59,11,600,5911,1086,0.77076977763767873,-1.7132934027501989,0.77076977763767873,-1.7878941272620712,True,True,False,False,True,False
perle,381514,59,12,650,5912,1086,0.92384201065350657,-1.6050114517113911,0.92384201065350657,-1.6913764822545161,True,True,False,False,True,False
perle,381514,59,13,700,5913,1086,1.0769142436693342,-1.4967295006725836,1.0769142436693342,-1.594858837246961,True,True,False,False,True,False
perle,381514,59,14,750,5914,1086,1.229986476685162,-1.3884475496337756,1.229986476685162,-1.4983411922394059,True,True,False,False,True,False
perle,381514,59,15,800,5915,1086,1.3830587097009894,-1.280165598594968,1.3830587097009894,-1.401823547231851,True,True,False,False,True,False
perle,381514,59,16,850,5916,1086,1.5361309427168173,-1.1718836475561605,1.5361309427168173,-1.3053059022242957,True,True,False,False,True,False
perle,381514,59,17,900,5917,1086,1.6892031757326447,-1.0636016965173529,1.6892031757326447,-1.2087882572167408,True,True,False,False,True,False
perle,381514,59,18,950,5918,1086,1.8422754087484725,-0.95531974547854515,1.8422754087484725,-1.1122706122091854,True,True,False,False,True,False
perle,381514,59,19,1000,5919,1086,1.9953476417643004,-0.84703779443973737,1.9953476417643004,-1.0157529672016301,True,True,False,False,True,False
perle,381514,59,20,1050,5920,1086,2.148419874780128,-0.73875584340092981,2.148419874780128,-0.919235322194075,True,True,False,False,True,False
perle,381514,59,21,1100,5921,1086,2.3014921077959558,-0.63047389236212203,2.3014921077959558,-0.82271767718651978,True,True,False,False,True,False
perle,381514,59,22,1150,5922,1086,2.4545643408117837,-0.52219194132331404,2.4545643408117837,-0.72620003217896467,True,True,False,False,True,False
perle,381514,59,23,1200,5923,1086,2.6076365738276106,-0.41390999028450692,2.6076365738276106,-0.62968238717141001,True,True,False,False,True,False
perle,381514,59,24,1250,5924,1086,2.7607088068434384,-0.30562803924569915,2.7607088068434384,-0.53316474216385479,True,True,False,False,True,False
perle,381514,59,25,1300,5925,1086,2.9137810398592663,-0.19734608820689159,2.9137810398592663,-0.43664709715629979,True,True,False,False,True,False
perle,381514,59,26,1350,5926,1086,3.0668532728750941,-0.08906413716808359,3.0668532728750941,-0.34012945214874457,True,True,False,False,True,False
perle,381514,59,27,1400,5927,1086,3.219925505890922,0.019217813870723965,3.219925505890922,-0.24361180714118913,True,True,False,False,True,False
perle,381514,59,28,1450,5928,1086,3.3729977389067498,0.12749976490953197,3.3729977389067498,-0.14709416213363397,True,True,False,False,True,False
perle,381514,59,29,1500,5929,1086,3.5260699719225777,0.23578171594833996,3.5260699719225777,-0.050576517126078899,True,True,False,False,True,False
perle,381514,59,30,1550,5930,1086,3.6791422049384046,0.34406366698714708,3.6791422049384046,0.045941127881475891,True,True,False,False,True,False
perle,381514,59,31,1600,5931,1086,3.8322144379542324,0.45234561802595463,3.8322144379542324,0.14245877288903094,True,True,False,False,True,False
perle,381514,59,32,1650,5932,1086,3.9852866709700603,0.56062756906476263,3.9852866709700603,0.23897641789658611,True,True,False,False,True,False
perle,381514,59,33,1700,5933,1086,4.1383589039858881,0.66890952010357019,4.1383589039858881,0.33549406290414158,True,True,False,False,True,False
perle,381514,59,34,1750,5934,1086,4.291431137001716,0.77719147114237819,4.291431137001716,0.43201170791169669,True,True,False,False,True,False
perle,381514,59,35,1800,5935,1086,4.4445033700175429,0.8854734221811853,4.4445033700175429,0.52852935291925141,True,True,False,False,True,False
perle,381514,59,36,1850,5936,1086,4.5975756030333708,0.99375537321999285,4.5975756030333708,0.62504699792680651,True,True,False,False,True,False
perle,381514,59,37,1900,5937,1086,4.7506478360491986,1.1020373242588009,4.7506478360491986,0.72156464293436173,True,True,False,False,True,False
perle,381514,59,38,1950,5938,1086,4.9037200690650264,1.2103192752976084,4.9037200690650264,0.81808228794191717,True,True,False,False,True,False
perle,381514,59,39,2000,5939,1086,5.0567923020808543,1.3186012263364164,5.0567923020808543,0.91459993294947228,True,False,False,False,True,False
perle,381514,59,40,2050,5940,1086,5.2098645350966821,1.4268831773752244,5.2098645350966821,1.0111175779570274,True,False,True,False,True,False
perle,381514,59,41,2100,5941,1086,5.3629367681125091,1.5351651284140315,5.3629367681125091,1.1076352229645818,True,False,True,False,True,False
perle,381514,59,42,2150,5942,1086,5.5160090011283369,1.6434470794528391,5.5160090011283369,1.2041528679721372,True,False,True,False,True,False
perle,381514,59,43,2200,5943,1086,5.6690812341441648,1.7517290304916471,5.6690812341441648,1.3006705129796925,True,False,True,False,True,False
perle,381514,59,44,2250,5944,1086,5.8221534671599926,1.8600109815304546,5.8221534671599926,1.3971881579872478,True,False,True,False,True,False
perle,381514,59,45,2300,5945,1086,5.9752257001758204,1.9682929325692622,5.9752257001758204,1.4937058029948027,True,False,True,False,True,False
perle,381514,59,46,2350,5946,1086,6.1282979331916474,2.0765748836080697,6.1282979331916474,1.5902234480023572,True,False,True,False,True,False
perle,381514,59,47,2400,5947,1086,6.2813701662074752,2.1848568346468773,6.2813701662074752,1.6867410930099123,True,False,True,False,True,False
perle,381514,59,48,2450,5948,1086,6.4344423992233031,2.2931387856856849,6.4344423992233031,1.7832587380174676,True,False,True,False,True,False
perle,381514,59,49,2500,5949,1086,6.5875146322391309,2.4014207367244933,6.5875146322391309,1.8797763830250234,True,False,True,False,True,False
perle,381514,59,50,2550,5950,1086,6.7405868652549588,2.5097026877633009,6.7405868652549588,1.9762940280325787,True,False,True,False,True,False
perle,381514,59,51,2600,5951,1086,6.8936590982707866,2.6179846388021084,6.8936590982707866,2.0728116730401336,True,False,True,False,True,False
perle,381514,59,52,2650,5952,1086,7.0467313312866144,2.7262665898409169,7.0467313312866144,2.1693293180476889,True,False,True,False,True,False
perle,381514,59,53,2700,5953,1086,7.1998035643024414,2.8345485408797235,7.1998035643024414,2.2658469630552434,True,False,True,False,True,False
perle,381514,59,54,2750,5954,1086,7.3528757973182683,2.9428304919185311,7.3528757973182683,2.3623646080627982,True,False,True,False,True,False
perle,381514,59,55,2800,5955,1086,7.5059480303340971,3.0511124429573395,7.5059480303340971,2.458882253070354,True,False,True,False,True,False
perle,381514,59,56,2850,5956,1086,7.659020263349924,3.1593943939961462,7.659020263349924,2.555399898077908,True,False,True,False,True,False
perle,381514,59,57,2900,5957,1086,7.8120924963657528,3.2676763450349546,7.8120924963657528,2.6519175430854638,True,False,True,False,True,False
perle,381514,59,58,2950,5958,1086,7.9651647293815797,3.3759582960737622,7.9651647293815797,2.7484351880930178,True,False,True,False,True,False
perle,381514,59,59,3000,5959,1086,8.1182369623974076,3.4842402471125697,8.1182369623974076,2.8449528331005736,True,False,True,False,True,False
perle,381514,59,60,3050,5960,1086,8.2713091954132345,3.5925221981513773,8.2713091954132345,2.9414704781081289,True,False,True,False,True,False
perle,381514,59,61,3100,5961,1086,8.4243814284290615,3.700804149190184,8.4243814284290615,3.0379881231156833,True,False,True,False,True,False
perle,381514,59,62,3150,5962,1086,8.5774536614448902,3.8090861002289924,8.5774536614448902,3.1345057681232391,True,False,True,False,True,False
perle,381514,59,63,3200,5963,1086,8.7305258944607171,3.9173680512678,8.7305258944607171,3.2310234131307931,True,False,True,False,True,False
perle,381514,59,64,3250,5964,1086,8.8835981274765459,4.0256500023066089,8.8835981274765459,3.3275410581383493,True,False,True,False,True,False
perle,381514,59,65,3300,5965,1086,9.0366703604923728,4.1339319533454155,9.0366703604923728,3.4240587031459038,True,False,True,False,True,False
perle,381514,59,66,3350,5966,1086,9.1897425935081998,4.2422139043842222,9.1897425935081998,3.5205763481534587,True,False,True,False,True,False
perle,381514,59,67,3400,5967,1086,9.3428148265240285,4.3504958554230306,9.3428148265240285,3.6170939931610153,True,False,True,False,True,False
perle,381514,59,68,3450,5968,1086,9.4958870595398555,4.4587778064618373,9.4958870595398555,3.7136116381685693,True,False,True,False,True,False
perle,381514,59,69,3500,5969,1086,9.6489592925556842,4.5670597575006457,9.6489592925556842,3.8101292831761251,True,False,True,False,True,False
perle,381514,59,70,3550,5970,1086,9.8020315255715111,4.6753417085394542,9.8020315255715111,3.9066469281836791,True,False,True,False,True,False
perle,388571,60,6,350,6006,1079,-0.0074005879143914655,4.0378735228248912,-0.0074005879143914655,4.0414025443090438,True,True,False,False,True,False
perle,388571,60,7,400,6007,1079,0.13600113484616827,3.9170819699410391,0.13600113484616827,3.9233173013415512,True,True,False,False,True,False
perle,388571,60,8,450,6008,1079,0.27940285760672801,3.7962904170571869,0.27940285760672801,3.8052320583740582,True,True,False,False,True,False
perle,388571,60,9,500,6009,1079,0.42280458036728752,3.6754988641733348,0.42280458036728752,3.6871468154065661,True,True,False,False,True,False
perle,388571,60,10,550,6010,1079,0.56620630312784725,3.5547073112894827,0.56620630312784725,3.5690615724390744,True,True,False,False,True,False
perle,388571,60,11,600,6011,1079,0.70960802588840699,3.4339157584056306,0.70960802588840699,3.4509763294715814,True,True,False,False,True,False
perle,388571,60,12,650,6012,1079,0.85300974864896673,3.3131242055217784,0.85300974864896673,3.3328910865040888,True,True,False,False,True,False
perle,388571,60,13,700,6013,1079,0.99641147140952668,3.1923326526379263,0.99641147140952668,3.2148058435365967,True,True,False,False,True,False
perle,388571,60,14,750,6014,1079,1.1398131941700864,3.0715410997540742,1.1398131941700864,3.0967206005691037,True,True,False,False,True,False
perle,388571,60,15,800,6015,1079,1.2832149169306462,2.9507495468702221,1.2832149169306462,2.9786353576016111,True,True,False,False,True,False
perle,388571,60,16,850,6016,1079,1.4266166396912059,2.8299579939863699,1.4266166396912059,2.860550114634119,True,True,False,False,True,False
perle,388571,60,17,900,6017,1079,1.5700183624517656,2.7091664411025178,1.5700183624517656,2.7424648716666264,True,True,False,False,True,False
perle,388571,60,18,950,6018,1079,1.7134200852123249,2.5883748882186661,1.7134200852123249,2.6243796286991339,True,True,False,False,True,False
perle,388571,60,19,1000,6019,1079,1.8568218079728847,2.467583335334814,1.8568218079728847,2.5062943857316422,True,True,False,False,True,False
perle,388571,60,20,1050,6020,1079,2.0002235307334444,2.3467917824509619,2.0002235307334444,2.3882091427641492,True,True,False,False,True,False
perle,388571,60,21,1100,6021,1079,2.1436252534940041,2.2260002295671097,2.1436252534940041,2.2701238997966566,True,True,False,False,True,False
perle,388571,60,22,1150,6022,1079,2.2870269762545639,2.1052086766832576,2.2870269762545639,2.1520386568291645,True,True,False,False,True,False
perle,388571,60,23,1200,6023,1079,2.4304286990151236,1.9844171237994055,2.4304286990151236,2.0339534138616715,True,True,False,False,True,False
perle,388571,60,24,1250,6024,1079,2.5738304217756833,1.8636255709155534,2.5738304217756833,1.9158681708941796,True,True,False,False,True,False
perle,388571,60,25,1300,6025,1079,2.7172321445362431,1.7428340180317012,2.7172321445362431,1.7977829279266868,True,True,False,False,True,False
perle,388571,60,26,1350,6026,1079,2.8606338672968028,1.6220424651478491,2.8606338672968028,1.6796976849591942,True,True,False,False,True,False
perle,388571,60,27,1400,6027,1079,3.004035590057363,1.5012509122639965,3.004035590057363,1.5616124419917015,True,True,False,False,True,False
perle,388571,60,28,1450,6028,1079,3.1474373128179227,1.3804593593801444,3.1474373128179227,1.4435271990242085,True,True,False,False,True,False
perle,388571,60,29,1500,6029,1079,3.2908390355784825,1.2596678064962923,3.2908390355784825,1.3254419560567161,True,True,False,False,True,False
perle,388571,60,30,1550,6030,1079,3.4342407583390422,1.1388762536124402,3.4342407583390422,1.2073567130892233,True,True,False,False,True,False
perle,388571,60,31,1600,6031,1079,3.5776424810996019,1.018084700728588,3.5776424810996019,1.089271470121731,True,True,False,False,True,False
perle,388571,60,32,1650,6032,1079,3.7210442038601617,0.89729314784473591,3.7210442038601617,0.97118622715423852,True,True,False,False,True,False
perle,388571,60,33,1700,6033,1079,3.8644459266207214,0.77650159496088378,3.8644459266207214,0.85310098418674607,True,True,False,False,True,False
perle,388571,60,34,1750,6034,1079,4.0078476493812811,0.65571004207703165,4.0078476493812811,0.73501574121925362,True,True,False,False,True,False
perle,388571,60,35,1800,6035,1079,4.1512493721418409,0.53491848919317952,4.1512493721418409,0.61693049825176116,True,True,False,False,True,False
perle,388571,60,36,1850,6036,1079,4.2946510949023997,0.41412693630932784,4.2946510949023997,0.49884525528426965,True,True,False,False,True,False
perle,388571,60,37,1900,6037,1079,4.4380528176629594,0.29333538342547572,4.4380528176629594,0.38076001231677703,True,True,False,False,True,False
perle,388571,60,38,1950,6038,1079,4.5814545404235192,0.17254383054162359,4.5814545404235192,0.26267476934928463,True,True,False,False,True,False
perle,388571,60,39,2000,6039,1079,4.7248562631840789,0.051752277657771462,4.7248562631840789,0.14458952638179209,True,True,False,False,True,False
perle,388571,60,40,2050,6040,1079,4.8682579859446387,-0.069039275226080221,4.8682579859446387,0.026504283414299664,True,True,False,False,True,False
perle,388571,60,41,2100,6041,1079,5.0116597087051984,-0.18983082810993235,5.0116597087051984,-0.091580959553192898,True,True,False,False,True,False
perle,388571,60,42,2150,6042,1079,5.1550614314657581,-0.31062238099378447,5.1550614314657581,-0.20966620252068541,True,False,False,False,True,False
perle,388571,60,43,2200,6043,1079,5.2984631542263179,-0.4314139338776366,5.2984631542263179,-0.32775144548817792,True,False,True,False,True,False
perle,388571,60,44,2250,6044,1079,5.4418648769868776,-0.55220548676148873,5.4418648769868776,-0.44583668845567032,True,False,True,False,True,False
perle,388571,60,45,2300,6045,1079,5.5852665997474373,-0.67299703964534086,5.5852665997474373,-0.56392193142316294,True,False,True,False,True,False
perle,388571,60,46,2350,6046,1079,5.7286683225079971,-0.79378859252919298,5.7286683225079971,-0.68200717439065528,True,False,True,False,True,False
perle,388571,60,47,2400,6047,1079,5.8720700452685568,-0.91458014541304511,5.8720700452685568,-0.80009241735814796,True,False,True,False,True,False
perle,388571,60,48,2450,6048,1079,6.0154717680291165,-1.0353716982968972,6.0154717680291165,-0.9181776603256403,True,False,True,False,True,False
perle,388571,60,49,2500,6049,1079,6.1588734907896763,-1.1561632511807494,6.1588734907896763,-1.0362629032931328,True,False,True,False,True,False
perle,388571,60,50,2550,6050,1079,6.302275213550236,-1.2769548040646015,6.302275213550236,-1.1543481462606253,True,False,True,False,True,False
perle,388571,60,51,2600,6051,1079,6.4456769363107957,-1.3977463569484536,6.4456769363107957,-1.2724333892281179,True,False,True,False,True,False
perle,388571,60,52,2650,6052,1079,6.5890786590713555,-1.5185379098323057,6.5890786590713555,-1.3905186321956102,True,False,True,False,True,False
perle,388571,60,53,2700,6053,1079,6.7324803818319152,-1.6393294627161579,6.7324803818319152,-1.5086038751631028,True,False,True,False,True,False
perle,388571,60,54,2750,6054,1079,6.875882104592475,-1.76012101560001,6.875882104592475,-1.6266891181305951,True,False,True,False,True,False
perle,388571,60,55,2800,6055,1079,7.0192838273530356,-1.880912568483863,7.0192838273530356,-1.7447743610980888,True,False,True,False,True,False
perle,388571,60,56,2850,6056,1079,7.1626855501135953,-2.0017041213677151,7.1626855501135953,-1.8628596040655814,True,False,True,False,True,False
perle,388571,60,57,2900,6057,1079,7.306087272874155,-2.1224956742515673,7.306087272874155,-1.9809448470330737,True,False,True,False,True,False
perle,388571,60,58,2950,6058,1079,7.4494889956347148,-2.2432872271354194,7.4494889956347148,-2.0990300900005661,True,False,True,False,True,False
perle,388571,60,59,3000,6059,1079,7.5928907183952745,-2.3640787800192715,7.5928907183952745,-2.2171153329680586,True,False,True,False,True,False
perle,388571,60,60,3050,6060,1079,7.7362924411558343,-2.4848703329031236,7.7362924411558343,-2.3352005759355507,True,False,True,False,True,False
perle,388571,60,61,3100,6061,1079,7.879694163916394,-2.6056618857869758,7.879694163916394,-2.4532858189030438,True,False,True,False,True,False
perle,388571,60,62,3150,6062,1079,8.0230958866769537,-2.7264534386708279,8.0230958866769537,-2.5713710618705368,True,False,True,False,True,False
perle,388571,60,63,3200,6063,1079,8.1664976094375135,-2.84724499155468,8.1664976094375135,-2.6894563048380284,True,False,True,False,True,False
perle,388571,60,64,3250,6064,1079,8.3098993321980732,-2.9680365444385322,8.3098993321980732,-2.8075415478055206,True,False,True,False,True,False
perle,388571,60,65,3300,6065,1079,8.4533010549586329,-3.0888280973223843,8.4533010549586329,-2.9256267907730136,True,False,True,False,True,False
perle,388571,60,66,3350,6066,1079,8.5967027777191927,-3.2096196502062364,8.5967027777191927,-3.0437120337405057,True,False,True,False,True,False
perle,388571,60,67,3400,6067,1079,8.7401045004797524,-3.3304112030900885,8.7401045004797524,-3.1617972767079983,True,False,True,False,True,False
perle,388571,60,68,3450,6068,1079,8.8835062232403121,-3.4512027559739407,8.8835062232403121,-3.2798825196754913,True,False,True,False,True,False
perle,388571,60,69,3500,6069,1079,9.0269079460008719,-3.5719943088577928,9.0269079460008719,-3.3979677626429829,True,False,True,False,True,False
perle,388571,60,70,3550,6070,1079,9.1703096687614316,-3.6927858617416449,9.1703096687614316,-3.516053005610476,True,False,True,False,True,False
perle,388571,60,71,3600,6071,1079,9.3137113915219913,-3.813577414625497,9.3137113915219913,-3.6341382485779681,True,False,True,False,True,False
perle,388571,60,72,3650,6072,1079,9.4571131142825511,-3.9343689675093492,9.4571131142825511,-3.7522234915454606,True,False,True,False,True,False
perle,388571,60,73,3700,6073,1079,9.600514837043109,-4.0551605203932004,9.600514837043109,-3.8703087345129519,True,False,True,False,True,False
perle,388571,60,74,3750,6074,1079,9.7439165598036688,-4.1759520732770516,9.7439165598036688,-3.9883939774804458,True,False,True,False,True,False
perle,388571,60,75,3800,6075,1079,9.8873182825642285,-4.2967436261609047,9.8873182825642285,-4.1064792204479366,True,False,True,False,True,False
perle,394672,61,6,350,6106,992,0.2080010484658793,-7.8580693420017669,0.2080010484658793,-7.8816027419074688,True,True,False,False,True,False
perle,394672,61,7,400,6107,992,0.36287803703372046,-7.7523846337287186,0.36287803703372046,-7.7934444805751051,True,True,False,False,True,False
perle,394672,61,8,450,6108,992,0.51775502560156161,-7.6466999254556693,0.51775502560156161,-7.7052862192427387,True,True,False,False,True,False
perle,394672,61,9,500,6109,992,0.67263201416940277,-7.5410152171826201,0.67263201416940277,-7.617127957910375,True,True,False,False,True,False
perle,394672,61,10,550,6110,992,0.8275090027372437,-7.4353305089095718,0.8275090027372437,-7.5289696965780104,True,True,False,False,True,False
perle,394672,61,11,600,6111,992,0.98238599130508486,-7.3296458006365226,0.98238599130508486,-7.4408114352456458,True,True,False,False,True,False
perle,394672,61,12,650,6112,992,1.1372629798729257,-7.2239610923634743,1.1372629798729257,-7.3526531739132803,True,True,False,False,True,False
perle,394672,61,13,700,6113,992,1.2921399684407668,-7.1182763840904251,1.2921399684407668,-7.2644949125809166,True,True,False,False,True,False
perle,394672,61,14,750,6114,992,1.447016957008608,-7.0125916758173767,1.447016957008608,-7.1763366512485529,True,True,False,False,True,False
perle,394672,61,15,800,6115,992,1.6018939455764492,-6.9069069675443275,1.6018939455764492,-7.0881783899161865,True,True,False,False,True,False
perle,394672,61,16,850,6116,992,1.7567709341442903,-6.8012222592712792,1.7567709341442903,-7.0000201285838228,True,True,False,False,True,False
perle,394672,61,17,900,6117,992,1.9116479227121315,-6.69553755099823,1.9116479227121315,-6.9118618672514573,True,True,False,False,True,False
perle,394672,61,18,950,6118,992,2.0665249112799726,-6.5898528427251808,2.0665249112799726,-6.8237036059190928,True,True,False,False,True,False
perle,394672,61,19,1000,6119,992,2.2214018998478138,-6.4841681344521316,2.2214018998478138,-6.735545344586729,True,True,False,False,True,False
perle,394672,61,20,1050,6120,992,2.3762788884156545,-6.3784834261790833,2.3762788884156545,-6.6473870832543644,True,True,False,False,True,False
perle,394672,61,21,1100,6121,992,2.5311558769834956,-6.2727987179060349,2.5311558769834956,-6.559228821921999,True,True,False,False,True,False
perle,394672,61,22,1150,6122,992,2.6860328655513368,-6.1671140096329857,2.6860328655513368,-6.4710705605896344,True,True,False,False,True,False
perle,394672,61,23,1200,6123,992,2.840909854119178,-6.0614293013599365,2.840909854119178,-6.3829122992572698,True,True,False,False,True,False
perle,394672,61,24,1250,6124,992,2.9957868426870191,-5.9557445930868882,2.9957868426870191,-6.2947540379249052,True,True,False,False,True,False
perle,394672,61,25,1300,6125,992,3.1506638312548598,-5.8500598848138399,3.1506638312548598,-6.2065957765925406,True,True,False,False,True,False
perle,394672,61,26,1350,6126,992,3.3055408198227014,-5.7443751765407907,3.3055408198227014,-6.118437515260176,True,True,False,False,True,False
perle,394672,61,27,1400,6127,992,3.4604178083905421,-5.6386904682677415,3.4604178083905421,-6.0302792539278105,True,True,False,False,True,False
perle,394672,61,28,1450,6128,992,3.6152947969583837,-5.5330057599946922,3.6152947969583837,-5.9421209925954468,True,True,False,False,True,False
perle,394672,61,29,1500,6129,992,3.7701717855262245,-5.4273210517216439,3.7701717855262245,-5.8539627312630822,True,True,False,False,True,False
perle,394672,61,30,1550,6130,992,3.9250487740940661,-5.3216363434485947,3.9250487740940661,-5.7658044699307167,True,True,False,False,True,False
perle,394672,61,31,1600,6131,992,4.0799257626619072,-5.2159516351755464,4.0799257626619072,-5.677646208598353,True,True,False,False,True,False
perle,394672,61,32,1650,6132,992,4.2348027512297479,-5.1102669269024972,4.2348027512297479,-5.5894879472659884,True,True,False,False,True,False
perle,394672,61,33,1700,6133,992,4.3896797397975895,-5.004582218629448,4.3896797397975895,-5.5013296859336229,True,True,False,False,True,False
perle,394672,61,34,1750,6134,992,4.5445567283654302,-4.8988975103563996,4.5445567283654302,-5.4131714246012574,True,True,False,False,True,False
perle,394672,61,35,1800,6135,992,4.6994337169332718,-4.7932128020833504,4.6994337169332718,-5.3250131632688946,True,True,False,False,True,False
perle,394672,61,36,1850,6136,992,4.8543107055011125,-4.6875280938103021,4.8543107055011125,-5.2368549019365291,True,True,False,False,True,False
perle,394672,61,37,1900,6137,992,5.0091876940689541,-4.5818433855372529,5.0091876940689541,-5.1486966406041645,True,False,False,False,True,False
perle,394672,61,38,1950,6138,992,5.1640646826367949,-4.4761586772642037,5.1640646826367949,-5.0605383792717991,True,False,True,False,True,False
perle,394672,61,39,2000,6139,992,5.3189416712046365,-4.3704739689911545,5.3189416712046365,-4.9723801179394345,True,False,True,False,True,False
perle,394672,61,40,2050,6140,992,5.4738186597724772,-4.2647892607181062,5.4738186597724772,-4.8842218566070708,True,False,True,False,True,False
perle,394672,61,41,2100,6141,992,5.6286956483403179,-4.1591045524450578,5.6286956483403179,-4.796063595274707,True,False,True,False,True,False
perle,394672,61,42,2150,6142,992,5.7835726369081595,-4.0534198441720086,5.7835726369081595,-4.7079053339423407,True,False,True,False,True,False
perle,394672,61,43,2200,6143,992,5.9384496254760002,-3.9477351358989594,5.9384496254760002,-4.6197470726099761,True,False,True,False,True,False
perle,394672,61,44,2250,6144,992,6.0933266140438418,-3.8420504276259102,6.0933266140438418,-4.5315888112776106,True,False,True,False,True,False
perle,394672,61,45,2300,6145,992,6.2482036026116825,-3.7363657193528619,6.2482036026116825,-4.4434305499452469,True,False,True,False,True,False
perle,394672,61,46,2350,6146,992,6.4030805911795241,-3.6306810110798127,6.4030805911795241,-4.3552722886128832,True,False,True,False,True,False
perle,394672,61,47,2400,6147,992,6.5579575797473648,-3.5249963028067643,6.5579575797473648,-4.2671140272805168,True,False,True,False,True,False
perle,394672,61,48,2450,6148,992,6.7128345683152055,-3.419311594533716,6.7128345683152055,-4.1789557659481531,True,False,True,False,True,False
perle,394672,61,49,2500,6149,992,6.8677115568830471,-3.3136268862606668,6.8677115568830471,-4.0907975046157885,True,False,True,False,True,False
perle,394672,61,50,2550,6150,992,7.0225885454508878,-3.2079421779876176,7.0225885454508878,-4.0026392432834239,True,False,True,False,True,False
perle,394672,61,51,2600,6151,992,7.1774655340187286,-3.1022574697145693,7.1774655340187286,-3.9144809819510598,True,False,True,False,True,False
perle,394672,61,52,2650,6152,992,7.332342522586571,-2.9965727614415192,7.332342522586571,-3.8263227206186943,True,False,True,False,True,False
perle,394672,61,53,2700,6153,992,7.4872195111544118,-2.8908880531684709,7.4872195111544118,-3.7381644592863292,True,False,True,False,True,False
perle,394672,61,54,2750,6154,992,7.6420964997222525,-2.7852033448954225,7.6420964997222525,-3.650006197953966,True,False,True,False,True,False
perle,394672,61,55,2800,6155,992,7.7969734882900932,-2.6795186366223742,7.7969734882900932,-3.5618479366216009,True,False,True,False,True,False
perle,394672,61,56,2850,6156,992,7.9518504768579339,-2.573833928349325,7.9518504768579339,-3.4736896752892368,True,False,True,False,True,False
perle,394672,61,57,2900,6157,992,8.1067274654257755,-2.4681492200762758,8.1067274654257755,-3.3855314139568708,True,False,True,False,True,False
perle,394672,61,58,2950,6158,992,8.2616044539936162,-2.3624645118032275,8.2616044539936162,-3.2973731526245067,True,False,True,False,True,False
perle,394672,61,59,3000,6159,992,8.4164814425614569,-2.2567798035301792,8.4164814425614569,-3.2092148912921421,True,False,True,False,True,False
perle,394672,61,60,3050,6160,992,8.5713584311292976,-2.1510950952571299,8.5713584311292976,-3.1210566299597771,True,False,True,False,True,False
perle,394672,61,61,3100,6161,992,8.7262354196971401,-2.0454103869840807,8.7262354196971401,-3.032898368627412,True,False,True,False,True,False
perle,394672,61,62,3150,6162,992,8.8811124082649808,-1.9397256787110315,8.8811124082649808,-2.9447401072950474,True,False,True,False,True,False
perle,394672,61,63,3200,6163,992,9.0359893968328215,-1.8340409704379832,9.0359893968328215,-2.8565818459626837,True,False,True,False,True,False
perle,394672,61,64,3250,6164,992,9.1908663854006623,-1.7283562621649349,9.1908663854006623,-2.7684235846303187,True,False,True,False,True,False
perle,394672,61,65,3300,6165,992,9.345743373968503,-1.6226715538918866,9.345743373968503,-2.6802653232979545,True,False,True,False,True,False
perle,394672,61,66,3350,6166,992,9.5006203625363455,-1.5169868456188365,9.5006203625363455,-2.592107061965589,True,False,True,False,True,False
perle,394672,61,67,3400,6167,992,9.6554973511041862,-1.4113021373457881,9.6554973511041862,-2.503948800633224,True,False,True,False,True,False
perle,394672,61,68,3450,6168,992,9.8103743396720269,-1.3056174290727389,9.8103743396720269,-2.4157905393008607,True,False,True,False,True,False
perle,396358,62,6,350,6206,1039,0.42998450667279053,-6.1375806537653954,0.42998450667279053,-6.1435732146206918,True,True,False,False,True,False
perle,396358,62,7,400,6207,1039,0.75000947796421347,-5.9421491071296941,0.75000947796421347,-5.9527222110243843,True,True,False,False,True,False
perle,396358,62,8,450,6208,1039,1.070034449255636,-5.7467175604939946,1.070034449255636,-5.7618712074280785,True,True,False,False,True,False
perle,396358,62,9,500,6209,1039,1.3900594205470589,-5.5512860138582933,1.3900594205470589,-5.5710202038317718,True,True,False,False,True,False
perle,396358,62,10,550,6210,1039,1.7100843918384818,-5.355854467222593,1.7100843918384818,-5.3801692002354642,True,True,False,False,True,False
perle,396358,62,11,600,6211,1039,2.0301093631299048,-5.1604229205868926,2.0301093631299048,-5.1893181966391584,True,True,False,False,True,False
perle,396358,62,12,650,6212,1039,2.3501343344213272,-4.9649913739511922,2.3501343344213272,-4.9984671930428517,True,True,False,False,True,False
perle,396358,62,13,700,6213,1039,2.6701593057127506,-4.7695598273154918,2.6701593057127506,-4.807616189446545,True,True,False,False,True,False
perle,396358,62,14,750,6214,1039,2.9901842770041731,-4.5741282806797914,2.9901842770041731,-4.6167651858502383,True,True,False,False,True,False
perle,396358,62,15,800,6215,1039,3.3102092482955965,-4.3786967340440901,3.3102092482955965,-4.4259141822539299,True,True,False,False,True,False
perle,396358,62,16,850,6216,1039,3.630234219587019,-4.1832651874083897,3.630234219587019,-4.2350631786576241,True,True,False,False,True,False
perle,396358,62,17,900,6217,1039,3.9502591908784415,-3.9878336407726898,3.9502591908784415,-4.0442121750613182,True,True,False,False,True,False
perle,396358,62,18,950,6218,1039,4.2702841621698653,-3.7924020941369885,4.2702841621698653,-3.8533611714650098,True,True,False,False,True,False
perle,396358,62,19,1000,6219,1039,4.5903091334612878,-3.5969705475012881,4.5903091334612878,-3.6625101678687035,True,True,False,False,True,False
perle,396358,62,20,1050,6220,1039,4.9103341047527103,-3.4015390008655881,4.9103341047527103,-3.4716591642723973,True,True,False,False,True,False
perle,396358,62,21,1100,6221,1039,5.2303590760441327,-3.2061074542298877,5.2303590760441327,-3.2808081606760902,True,False,False,False,True,False
perle,396358,62,22,1150,6222,1039,5.550384047335557,-3.0106759075941865,5.550384047335557,-3.0899571570797835,True,False,True,False,True,False
perle,396358,62,23,1200,6223,1039,5.8704090186269795,-2.8152443609584861,5.8704090186269795,-2.8991061534834768,True,False,True,False,True,False
perle,396358,62,24,1250,6224,1039,6.190433989918402,-2.6198128143227857,6.190433989918402,-2.7082551498871701,True,False,True,False,True,False
perle,396358,62,25,1300,6225,1039,6.5104589612098245,-2.4243812676870853,6.5104589612098245,-2.517404146290863,True,False,True,False,True,False
perle,396358,62,26,1350,6226,1039,6.8304839325012487,-2.228949721051384,6.8304839325012487,-2.3265531426945563,True,False,True,False,True,False
perle,396358,62,27,1400,6227,1039,7.1505089037926712,-2.0335181744156836,7.1505089037926712,-2.1357021390982496,True,False,True,False,True,False
perle,396358,62,28,1450,6228,1039,7.4705338750840937,-1.8380866277799832,7.4705338750840937,-1.9448511355019431,True,False,True,False,True,False
perle,396358,62,29,1500,6229,1039,7.7905588463755162,-1.6426550811442828,7.7905588463755162,-1.7540001319056362,True,False,True,False,True,False
perle,396358,62,30,1550,6230,1039,8.1105838176669387,-1.4472235345085824,8.1105838176669387,-1.5631491283093295,True,False,True,False,True,False
perle,396358,62,31,1600,6231,1039,8.430608788958363,-1.2517919878728812,8.430608788958363,-1.3722981247130224,True,False,True,False,True,False
perle,396358,62,32,1650,6232,1039,8.7506337602497855,-1.0563604412371808,8.7506337602497855,-1.1814471211167155,True,False,True,False,True,False
perle,396358,62,33,1700,6233,1039,9.0706587315412079,-0.86092889460148125,9.0706587315412079,-0.99059611752040921,True,False,True,False,True,False
perle,396358,62,34,1750,6234,1039,9.3906837028326304,-0.66549734796578086,9.3906837028326304,-0.79974511392410241,True,False,True,False,True,False
perle,396358,62,35,1800,6235,1039,9.7107086741240529,-0.47006580133008047,9.7107086741240529,-0.60889411032779583,True,False,True,False,True,False
perle,400995,63,6,350,6306,1147,0.41183089376064275,-2.2913169962068727,0.41183089376064275,-2.2377018262994435,True,True,False,False,True,False
perle,400995,63,7,400,6307,1147,0.71797523812158981,-2.5078809376673354,0.71797523812158981,-2.4144031638346948,True,True,False,False,True,False
perle,400995,63,8,450,6308,1147,1.0241195824825373,-2.7244448791277982,1.0241195824825373,-2.5911045013699465,True,True,False,False,True,False
perle,400995,63,9,500,6309,1147,1.3302639268434844,-2.941008820588261,1.3302639268434844,-2.7678058389051978,True,True,False,False,True,False
perle,400995,63,10,550,6310,1147,1.6364082712044319,-3.1575727620487237,1.6364082712044319,-2.9445071764404496,True,True,False,False,True,False
perle,400995,63,11,600,6311,1147,1.9425526155653789,-3.3741367035091865,1.9425526155653789,-3.1212085139757013,True,True,False,False,True,False
perle,400995,63,12,650,6312,1147,2.2486969599263267,-3.5907006449696497,2.2486969599263267,-3.2979098515109531,True,True,False,False,True,False
perle,400995,63,13,700,6313,1147,2.5548413042872742,-3.8072645864301125,2.5548413042872742,-3.4746111890462048,True,True,False,False,True,False
perle,400995,63,14,750,6314,1147,2.8609856486482217,-4.0238285278905757,2.8609856486482217,-3.6513125265814561,True,True,False,False,True,False
perle,400995,63,15,800,6315,1147,3.1671299930091683,-4.240392469351038,3.1671299930091683,-3.8280138641167083,True,True,False,False,True,False
perle,400995,63,16,850,6316,1147,3.4732743373701158,-4.4569564108115003,3.4732743373701158,-4.00471520165196,True,True,False,False,True,False
perle,400995,63,17,900,6317,1147,3.7794186817310633,-4.6735203522719635,3.7794186817310633,-4.1814165391872109,True,True,False,False,True,False
perle,400995,63,18,950,6318,1147,4.0855630260920108,-4.8900842937324267,4.0855630260920108,-4.3581178767224635,True,True,False,False,True,False
perle,400995,63,19,1000,6319,1147,4.3917073704529574,-5.106648235192889,4.3917073704529574,-4.5348192142577135,True,True,False,False,True,False
perle,400995,63,20,1050,6320,1147,4.697851714813905,-5.3232121766533513,4.697851714813905,-4.7115205517929661,True,True,False,False,True,False
perle,400995,63,21,1100,6321,1147,5.0039960591748525,-5.5397761181138145,5.0039960591748525,-4.888221889328217,True,True,False,False,True,False
perle,400995,63,22,1150,6322,1147,5.3101404035358,-5.7563400595742777,5.3101404035358,-5.0649232268634687,True,False,False,False,True,False
perle,400995,63,23,1200,6323,1147,5.6162847478967466,-5.9729040010347401,5.6162847478967466,-5.2416245643987196,True,False,True,False,True,False
perle,400995,63,24,1250,6324,1147,5.9224290922576941,-6.1894679424952024,5.9224290922576941,-5.4183259019339731,True,False,True,False,True,False
perle,400995,63,25,1300,6325,1147,6.2285734366186416,-6.4060318839556665,6.2285734366186416,-5.595027239469224,True,False,True,False,True,False
perle,400995,63,26,1350,6326,1147,6.5347177809795882,-6.6225958254161288,6.5347177809795882,-5.7717285770044748,True,False,True,False,True,False
perle,400995,63,27,1400,6327,1147,6.8408621253405366,-6.8391597668765911,6.8408621253405366,-5.9484299145397275,True,False,True,False,True,False
perle,400995,63,28,1450,6328,1147,7.1470064697014832,-7.0557237083370534,7.1470064697014832,-6.1251312520749783,True,False,True,False,True,False
perle,400995,63,29,1500,6329,1147,7.4531508140624316,-7.2722876497975175,7.4531508140624316,-6.301832589610231,True,False,True,False,True,False
perle,400995,63,30,1550,6330,1147,7.7592951584233782,-7.4888515912579798,7.7592951584233782,-6.4785339271454818,True,False,True,False,True,False
perle,400995,63,31,1600,6331,1147,8.065439502784324,-7.7054155327184422,8.065439502784324,-6.6552352646807336,True,False,True,False,True,False
perle,400995,63,32,1650,6332,1147,8.3715838471452724,-7.9219794741789045,8.3715838471452724,-6.8319366022159853,True,False,True,False,True,False
perle,400995,63,33,1700,6333,1147,8.677728191506219,-8.1385434156393668,8.677728191506219,-7.0086379397512362,True,False,True,False,True,False
perle,400995,63,34,1750,6334,1147,8.9838725358671656,-8.3551073570998291,8.9838725358671656,-7.1853392772864879,True,False,True,False,True,False
perle,400995,63,35,1800,6335,1147,9.290016880228114,-8.5716712985602932,9.290016880228114,-7.3620406148217405,True,False,True,False,True,False
perle,400995,63,36,1850,6336,1147,9.5961612245890606,-8.7882352400207555,9.5961612245890606,-7.5387419523569914,True,False,True,False,True,False
perle,400995,63,37,1900,6337,1147,9.902305568950009,-9.0047991814812196,9.902305568950009,-7.7154432898922432,True,False,True,False,True,False
perle,401673,64,6,350,6406,1042,0.41089384266582551,-1.6906501282968163,0.41089384266582551,-1.650963075539768,True,True,False,False,True,False
perle,401673,64,7,400,6407,1042,0.71703749999475241,-1.9072140097628401,0.71703749999475241,-1.8379475124488078,True,True,False,False,True,False
perle,401673,64,8,450,6408,1042,1.0231811573236793,-2.1237778912288641,1.0231811573236793,-2.0249319493578475,True,True,False,False,True,False
perle,401673,64,9,500,6409,1042,1.3293248146526062,-2.3403417726948881,1.3293248146526062,-2.2119163862668878,True,True,False,False,True,False
perle,401673,64,10,550,6410,1042,1.6354684719815336,-2.5569056541609121,1.6354684719815336,-2.3989008231759277,True,True,False,False,True,False
perle,401673,64,11,600,6411,1042,1.9416121293104605,-2.7734695356269361,1.9416121293104605,-2.585885260084968,True,True,False,False,True,False
perle,401673,64,12,650,6412,1042,2.2477557866393871,-2.9900334170929597,2.2477557866393871,-2.7728696969940074,True,True,False,False,True,False
perle,401673,64,13,700,6413,1042,2.553899443968314,-3.2065972985589832,2.553899443968314,-2.9598541339030482,True,True,False,False,True,False
perle,401673,64,14,750,6414,1042,2.8600431012972409,-3.4231611800250068,2.8600431012972409,-3.1468385708120881,True,True,False,False,True,False
perle,401673,64,15,800,6415,1042,3.1661867586261678,-3.6397250614910313,3.1661867586261678,-3.3338230077211279,True,True,False,False,True,False
perle,401673,64,16,850,6416,1042,3.4723304159550947,-3.8562889429570548,3.4723304159550947,-3.5208074446301678,True,True,False,False,True,False
perle,401673,64,17,900,6417,1042,3.7784740732840216,-4.0728528244230784,3.7784740732840216,-3.7077918815392077,True,True,False,False,True,False
perle,401673,64,18,950,6418,1042,4.0846177306129485,-4.2894167058891028,4.0846177306129485,-3.8947763184482476,True,True,False,False,True,False
perle,401673,64,19,1000,6419,1042,4.3907613879418754,-4.5059805873551264,4.3907613879418754,-4.081760755357287,True,True,False,False,True,False
perle,401673,64,20,1050,6420,1042,4.6969050452708032,-4.7225444688211509,4.6969050452708032,-4.2687451922663282,True,True,False,False,True,False
perle,401673,64,21,1100,6421,1042,5.0030487025997301,-4.9391083502871744,5.0030487025997301,-4.4557296291753676,True,True,False,False,True,False
perle,401673,64,22,1150,6422,1042,5.309192359928657,-5.1556722317531989,5.309192359928657,-4.642714066084408,True,False,False,False,True,False
perle,401673,64,23,1200,6423,1042,5.6153360172575839,-5.3722361132192225,5.6153360172575839,-4.8296985029934474,True,False,True,False,True,False
perle,401673,64,24,1250,6424,1042,5.9214796745865108,-5.5887999946852469,5.9214796745865108,-5.0166829399024886,True,False,True,False,True,False
perle,401673,64,25,1300,6425,1042,6.2276233319154377,-5.8053638761512705,6.2276233319154377,-5.2036673768115271,True,False,True,False,True,False
perle,401673,64,26,1350,6426,1042,6.5337669892443637,-6.021927757617294,6.5337669892443637,-5.3906518137205666,True,False,True,False,True,False
perle,401673,64,27,1400,6427,1042,6.8399106465732915,-6.2384916390833185,6.8399106465732915,-5.5776362506296069,True,False,True,False,True,False
perle,401673,64,28,1450,6428,1042,7.1460543039022193,-6.455055520549343,7.1460543039022193,-5.7646206875386481,True,False,True,False,True,False
perle,401673,64,29,1500,6429,1042,7.4521979612311453,-6.6716194020153656,7.4521979612311453,-5.9516051244476866,True,False,True,False,True,False
perle,401673,64,30,1550,6430,1042,7.7583416185600731,-6.8881832834813901,7.7583416185600731,-6.138589561356727,True,False,True,False,True,False
perle,401673,64,31,1600,6431,1042,8.064485275889,-7.1047471649474137,8.064485275889,-6.3255739982657682,True,False,True,False,True,False
perle,401673,64,32,1650,6432,1042,8.3706289332179278,-7.321311046413439,8.3706289332179278,-6.5125584351748076,True,False,True,False,True,False
perle,401673,64,33,1700,6433,1042,8.6767725905468538,-7.5378749278794617,8.6767725905468538,-6.6995428720838488,True,False,True,False,True,False
perle,401673,64,34,1750,6434,1042,8.9829162478757816,-7.7544388093454861,8.9829162478757816,-6.8865273089928891,True,False,True,False,True,False
perle,401673,64,35,1800,6435,1042,9.2890599052047076,-7.9710026908115097,9.2890599052047076,-7.0735117459019285,True,False,True,False,True,False
perle,401673,64,36,1850,6436,1042,9.5952035625336354,-8.1875665722775341,9.5952035625336354,-7.260496182810968,True,False,True,False,True,False
perle,401673,64,37,1900,6437,1042,9.9013472198625614,-8.4041304537435568,9.9013472198625614,-7.4474806197200083,True,False,True,False,True,False
perle,406460,65,6,350,6506,1043,0.20333372533145289,2.6510231183705062,0.20333372533145289,2.6539453655993372,True,True,False,False,True,False
perle,406460,65,7,400,6507,1043,0.35455375317724869,2.5401747341741205,0.35455375317724869,2.5453240050991379,True,True,False,False,True,False
perle,406460,65,8,450,6508,1043,0.50577378102304449,2.4293263499777349,0.50577378102304449,2.4367026445989382,True,True,False,False,True,False
perle,406460,65,9,500,6509,1043,0.65699380886884007,2.3184779657813492,0.65699380886884007,2.3280812840987388,True,True,False,False,True,False
perle,406460,65,10,550,6510,1043,0.80821383671463587,2.2076295815849631,0.80821383671463587,2.2194599235985386,True,True,False,False,True,False
perle,406460,65,11,600,6511,1043,0.95943386456043167,2.0967811973885775,0.95943386456043167,2.1108385630983393,True,True,False,False,True,False
perle,406460,65,12,650,6512,1043,1.1106538924062272,1.9859328131921918,1.1106538924062272,2.00221720259814,True,True,False,False,True,False
perle,406460,65,13,700,6513,1043,1.2618739202520228,1.8750844289958062,1.2618739202520228,1.8935958420979402,True,True,False,False,True,False
perle,406460,65,14,750,6514,1043,1.4130939480978186,1.7642360447994205,1.4130939480978186,1.7849744815977404,True,True,False,False,True,False
perle,406460,65,15,800,6515,1043,1.5643139759436144,1.6533876606030347,1.5643139759436144,1.6763531210975411,True,True,False,False,True,False
perle,406460,65,16,850,6516,1043,1.7155340037894102,1.5425392764066488,1.7155340037894102,1.5677317605973415,True,True,False,False,True,False
perle,406460,65,17,900,6517,1043,1.866754031635206,1.4316908922102629,1.866754031635206,1.4591104000971418,True,True,False,False,True,False
perle,406460,65,18,950,6518,1043,2.0179740594810021,1.320842508013877,2.0179740594810021,1.3504890395969416,True,True,False,False,True,False
perle,406460,65,19,1000,6519,1043,2.1691940873267974,1.2099941238174916,2.1691940873267974,1.2418676790967422,True,True,False,False,True,False
perle,406460,65,20,1050,6520,1043,2.3204141151725928,1.0991457396211062,2.3204141151725928,1.1332463185965429,True,True,False,False,True,False
perle,406460,65,21,1100,6521,1043,2.471634143018389,0.98829735542471986,2.471634143018389,1.0246249580963431,True,True,False,False,True,False
perle,406460,65,22,1150,6522,1043,2.6228541708641844,0.87744897122833443,2.6228541708641844,0.91600359759614336,True,True,False,False,True,False
perle,406460,65,23,1200,6523,1043,2.7740741987099806,0.76660058703194833,2.7740741987099806,0.80738223709594381,True,True,False,False,True,False
perle,406460,65,24,1250,6524,1043,2.925294226555776,0.65575220283556268,2.925294226555776,0.69876087659574426,True,True,False,False,True,False
perle,406460,65,25,1300,6525,1043,3.0765142544015713,0.54490381863917747,3.0765142544015713,0.59013951609554505,True,True,False,False,True,False
perle,406460,65,26,1350,6526,1043,3.2277342822473676,0.43405543444279138,3.2277342822473676,0.48151815559534494,True,True,False,False,True,False
perle,406460,65,27,1400,6527,1043,3.3789543100931629,0.32320705024640572,3.3789543100931629,0.37289679509514562,True,True,False,False,True,False
perle,406460,65,28,1450,6528,1043,3.5301743379389592,0.21235866605001963,3.5301743379389592,0.26427543459494551,True,True,False,False,True,False
perle,406460,65,29,1500,6529,1043,3.6813943657847545,0.10151028185363398,3.6813943657847545,0.15565407409474616,True,True,False,False,True,False
perle,406460,65,30,1550,6530,1043,3.8326143936305508,-0.0093381023427521193,3.8326143936305508,0.047032713594546395,True,True,False,False,True,False
perle,406460,65,31,1600,6531,1043,3.9838344214763461,-0.12018648653913733,3.9838344214763461,-0.061588646905652952,True,True,False,False,True,False
perle,406460,65,32,1650,6532,1043,4.1350544493221424,-0.23103487073552342,4.1350544493221424,-0.17021000740585351,True,True,False,False,True,False
perle,406460,65,33,1700,6533,1043,4.2862744771679377,-0.34188325493190908,4.2862744771679377,-0.27883136790605284,True,True,False,False,True,False
perle,406460,65,34,1750,6534,1043,4.4374945050137331,-0.45273163912829473,4.4374945050137331,-0.38745272840625217,True,True,False,False,True,False
perle,406460,65,35,1800,6535,1043,4.5887145328595293,-0.56358002332468082,4.5887145328595293,-0.49607408890645149,True,True,False,False,True,False
perle,406460,65,36,1850,6536,1043,4.7399345607053247,-0.67442840752106603,4.7399345607053247,-0.60469544940665088,True,True,False,False,True,False
perle,406460,65,37,1900,6537,1043,4.891154588551121,-0.78527679171745213,4.891154588551121,-0.71331680990685131,True,True,False,False,True,False
perle,406460,65,38,1950,6538,1043,5.0423746163969163,-0.89612517591383778,5.0423746163969163,-0.82193817040705064,True,False,False,False,True,False
perle,406460,65,39,2000,6539,1043,5.1935946442427117,-1.0069735601102234,5.1935946442427117,-0.93055953090725008,True,False,True,False,True,False
perle,406460,65,40,2050,6540,1043,5.3448146720885079,-1.1178219443066095,5.3448146720885079,-1.0391808914074494,True,False,True,False,True,False
perle,406460,65,41,2100,6541,1043,5.4960346999343033,-1.2286703285029947,5.4960346999343033,-1.147802251907649,True,False,True,False,True,False
perle,406460,65,42,2150,6542,1043,5.6472547277800995,-1.3395187126993813,5.6472547277800995,-1.2564236124078496,True,False,True,False,True,False
perle,406460,65,43,2200,6543,1043,5.7984747556258949,-1.450367096895766,5.7984747556258949,-1.3650449729080489,True,False,True,False,True,False
perle,406460,65,44,2250,6544,1043,5.9496947834716902,-1.5612154810921517,5.9496947834716902,-1.4736663334082483,True,False,True,False,True,False
perle,406460,65,45,2300,6545,1043,6.1009148113174865,-1.6720638652885382,6.1009148113174865,-1.5822876939084476,True,False,True,False,True,False
perle,406460,65,46,2350,6546,1043,6.2521348391632818,-1.7829122494849239,6.2521348391632818,-1.6909090544086469,True,False,True,False,True,False
perle,406460,65,47,2400,6547,1043,6.4033548670090781,-1.8937606336813095,6.4033548670090781,-1.799530414908848,True,False,True,False,True,False
perle,406460,65,48,2450,6548,1043,6.5545748948548734,-2.0046090178776952,6.5545748948548734,-1.9081517754090471,True,False,True,False,True,False
perle,406460,65,49,2500,6549,1043,6.7057949227006697,-2.1154574020740817,6.7057949227006697,-2.0167731359092467,True,False,True,False,True,False
perle,406460,65,50,2550,6550,1043,6.857014950546465,-2.2263057862704665,6.857014950546465,-2.1253944964094464,True,False,True,False,True,False
perle,406460,65,51,2600,6551,1043,7.0082349783922604,-2.3371541704668521,7.0082349783922604,-2.2340158569096453,True,False,True,False,True,False
perle,406460,65,52,2650,6552,1043,7.1594550062380566,-2.4480025546632387,7.1594550062380566,-2.3426372174098455,True,False,True,False,True,False
perle,406460,65,53,2700,6553,1043,7.310675034083852,-2.5588509388596234,7.310675034083852,-2.4512585779100444,True,False,True,False,True,False
perle,406460,65,54,2750,6554,1043,7.4618950619296474,-2.6696993230560091,7.4618950619296474,-2.5598799384102442,True,False,True,False,True,False
perle,406460,65,55,2800,6555,1043,7.6131150897754427,-2.7805477072523948,7.6131150897754427,-2.6685012989104435,True,False,True,False,True,False
perle,406460,65,56,2850,6556,1043,7.7643351176212398,-2.8913960914487813,7.7643351176212398,-2.7771226594106442,True,False,True,False,True,False
perle,406460,65,57,2900,6557,1043,7.9155551454670352,-3.0022444756451669,7.9155551454670352,-2.8857440199108439,True,False,True,False,True,False
perle,406460,65,58,2950,6558,1043,8.0667751733128306,-3.1130928598415526,8.0667751733128306,-2.9943653804110433,True,False,True,False,True,False
perle,406460,65,59,3000,6559,1043,8.2179952011586259,-3.2239412440379382,8.2179952011586259,-3.1029867409112426,True,False,True,False,True,False
perle,406460,65,60,3050,6560,1043,8.3692152290044231,-3.3347896282343248,8.3692152290044231,-3.2116081014114437,True,False,True,False,True,False
perle,406460,65,61,3100,6561,1043,8.5204352568502184,-3.4456380124307104,8.5204352568502184,-3.3202294619116426,True,False,True,False,True,False
perle,406460,65,62,3150,6562,1043,8.6716552846960138,-3.5564863966270961,8.6716552846960138,-3.4288508224118419,True,False,True,False,True,False
perle,406460,65,63,3200,6563,1043,8.8228753125418091,-3.6673347808234809,8.8228753125418091,-3.5374721829120412,True,False,True,False,True,False
perle,406460,65,64,3250,6564,1043,8.9740953403876045,-3.7781831650198665,8.9740953403876045,-3.6460935434122406,True,False,True,False,True,False
perle,406460,65,65,3300,6565,1043,9.1253153682334016,-3.8890315492162539,9.1253153682334016,-3.7547149039124408,True,False,True,False,True,False
perle,406460,65,66,3350,6566,1043,9.276535396079197,-3.9998799334126387,9.276535396079197,-3.8633362644126406,True,False,True,False,True,False
perle,406460,65,67,3400,6567,1043,9.4277554239249923,-4.1107283176090244,9.4277554239249923,-3.9719576249128403,True,False,True,False,True,False
perle,406460,65,68,3450,6568,1043,9.5789754517707877,-4.22157670180541,9.5789754517707877,-4.0805789854130392,True,False,True,False,True,False
perle,406460,65,69,3500,6569,1043,9.730195479616583,-4.3324250860017957,9.730195479616583,-4.189200345913239,True,False,True,False,True,False
perle,406460,65,70,3550,6570,1043,9.8814155074623802,-4.4432734701981822,9.8814155074623802,-4.2978217064134387,True,False,True,False,True,False
perle,413189,66,6,350,6606,1099,0.52501077229737758,-8.6158297115669882,0.52501077229737758,-8.639313545243116,True,True,False,False,True,False
perle,413189,66,7,400,6607,1099,0.76719504905879132,-8.3295254829799337,0.76719504905879132,-8.3705452593014762,True,True,False,False,True,False
perle,413189,66,8,450,6608,1099,1.0093793258202051,-8.0432212543928792,1.0093793258202051,-8.1017769733598346,True,True,False,False,True,False
perle,413189,66,9,500,6609,1099,1.2515636025816188,-7.7569170258058255,1.2515636025816188,-7.8330086874181939,True,True,False,False,True,False
perle,413189,66,10,550,6610,1099,1.4937478793430321,-7.4706127972187719,1.4937478793430321,-7.5642404014765541,True,True,False,False,True,False
perle,413189,66,11,600,6611,1099,1.7359321561044458,-7.1843085686317174,1.7359321561044458,-7.2954721155349134,True,True,False,False,True,False
perle,413189,66,12,650,6612,1099,1.9781164328658596,-6.8980043400446638,1.9781164328658596,-7.0267038295932736,True,True,False,False,True,False
perle,413189,66,13,700,6613,1099,2.2203007096272733,-6.6117001114576102,2.2203007096272733,-6.757935543651632,True,True,False,False,True,False
perle,413189,66,14,750,6614,1099,2.4624849863886871,-6.3253958828705557,2.4624849863886871,-6.4891672577099913,True,True,False,False,True,False
perle,413189,66,15,800,6615,1099,2.7046692631501008,-6.0390916542835011,2.7046692631501008,-6.2203989717683505,True,True,False,False,True,False
perle,413189,66,16,850,6616,1099,2.9468535399115146,-5.7527874256964475,2.9468535399115146,-5.9516306858267098,True,True,False,False,True,False
perle,413189,66,17,900,6617,1099,3.1890378166729283,-5.4664831971093939,3.1890378166729283,-5.68286239988507,True,True,False,False,True,False
perle,413189,66,18,950,6618,1099,3.431222093434342,-5.1801789685223394,3.431222093434342,-5.4140941139434293,True,True,False,False,True,False
perle,413189,66,19,1000,6619,1099,3.6734063701957558,-4.8938747399352849,3.6734063701957558,-5.1453258280017886,True,True,False,False,True,False
perle,413189,66,20,1050,6620,1099,3.9155906469571686,-4.6075705113482321,3.9155906469571686,-4.8765575420601488,True,True,False,False,True,False
perle,413189,66,21,1100,6621,1099,4.1577749237185824,-4.3212662827611785,4.1577749237185824,-4.6077892561185081,True,True,False,False,True,False
perle,413189,66,22,1150,6622,1099,4.3999592004799961,-4.034962054174124,4.3999592004799961,-4.3390209701768674,True,True,False,False,True,False
perle,413189,66,23,1200,6623,1099,4.6421434772414099,-3.7486578255870704,4.6421434772414099,-4.0702526842352285,True,True,False,False,True,False
perle,413189,66,24,1250,6624,1099,4.8843277540028236,-3.4623535970000159,4.8843277540028236,-3.8014843982935873,True,True,False,False,True,False
perle,413189,66,25,1300,6625,1099,5.1265120307642373,-3.1760493684129623,5.1265120307642373,-3.5327161123519466,True,False,False,False,True,False
perle,413189,66,26,1350,6626,1099,5.3686963075256511,-2.8897451398259077,5.3686963075256511,-3.263947826410305,True,False,True,False,True,False
perle,413189,66,27,1400,6627,1099,5.6108805842870648,-2.6034409112388541,5.6108805842870648,-2.9951795404686647,True,False,True,False,True,False
perle,413189,66,28,1450,6628,1099,5.8530648610484786,-2.3171366826517996,5.8530648610484786,-2.726411254527024,True,False,True,False,True,False
perle,413189,66,29,1500,6629,1099,6.0952491378098923,-2.030832454064746,6.0952491378098923,-2.4576429685853842,True,False,True,False,True,False
perle,413189,66,30,1550,6630,1099,6.337433414571306,-1.7445282254776915,6.337433414571306,-2.1888746826437431,True,False,True,False,True,False
perle,413189,66,31,1600,6631,1099,6.5796176913327198,-1.4582239968906379,6.5796176913327198,-1.9201063967021028,True,False,True,False,True,False
perle,413189,66,32,1650,6632,1099,6.8218019680941335,-1.1719197683035834,6.8218019680941335,-1.6513381107604626,True,False,True,False,True,False
perle,413189,66,33,1700,6633,1099,7.0639862448555473,-0.88561553971652884,7.0639862448555473,-1.3825698248188221,True,False,True,False,True,False
perle,413189,66,34,1750,6634,1099,7.306170521616961,-0.59931131112947611,7.306170521616961,-1.1138015388771805,True,False,True,False,True,False
perle,413189,66,35,1800,6635,1099,7.5483547983783748,-0.3130070825424216,7.5483547983783748,-0.84503325293553999,True,False,True,False,True,False
perle,413189,66,36,1850,6636,1099,7.7905390751397885,-0.02670285395536709,7.7905390751397885,-0.57626496699389962,True,False,True,False,True,False
perle,413189,66,37,1900,6637,1099,8.0327233519012022,0.25960137463168564,8.0327233519012022,-0.30749668105225925,True,False,True,False,True,False
perle,413189,66,38,1950,6638,1099,8.274907628662616,0.54590560321874015,8.274907628662616,-0.038728395110618818,True,False,True,False,True,False
perle,413189,66,39,2000,6639,1099,8.5170919054240297,0.83220983180579466,8.5170919054240297,0.23003989083102161,True,False,True,False,True,False
perle,413189,66,40,2050,6640,1099,8.7592761821854417,1.1185140603928474,8.7592761821854417,0.49880817677266104,True,False,True,False,True,False
perle,413189,66,41,2100,6641,1099,9.0014604589468554,1.4048182889799001,9.0014604589468554,0.76757646271430136,True,False,True,False,True,False
perle,413189,66,42,2150,6642,1099,9.2436447357082692,1.6911225175669546,9.2436447357082692,1.0363447486559418,True,False,True,False,True,False
perle,413189,66,43,2200,6643,1099,9.4858290124696829,1.9774267461540092,9.4858290124696829,1.3051130345975823,True,False,True,False,True,False
perle,413189,66,44,2250,6644,1099,9.7280132892310966,2.2637309747410619,9.7280132892310966,1.5738813205392228,True,False,True,False,True,False
perle,413189,66,45,2300,6645,1099,9.9701975659925104,2.5500352033281164,9.9701975659925104,1.8426496064808631,True,False,True,False,True,False
perle,413513,67,6,350,6706,1069,0.61593979092891749,-8.3163969775958435,0.61593979092891749,-8.3075224084056121,True,True,False,False,True,False
perle,413513,67,7,400,6707,1069,0.92566000445992325,-8.1050265155652692,0.92566000445992325,-8.089735545746132,True,True,False,False,True,False
perle,413513,67,8,450,6708,1069,1.2353802179909286,-7.8936560535346949,1.2353802179909286,-7.8719486830866527,True,True,False,False,True,False
perle,413513,67,9,500,6709,1069,1.5451004315219343,-7.6822855915041215,1.5451004315219343,-7.6541618204271735,True,True,False,False,True,False
perle,413513,67,10,550,6710,1069,1.8548206450529401,-7.4709151294735472,1.8548206450529401,-7.4363749577676952,True,True,False,False,True,False
perle,413513,67,11,600,6711,1069,2.1645408585839458,-7.2595446674429729,2.1645408585839458,-7.2185880951082142,True,True,False,False,True,False
perle,413513,67,12,650,6712,1069,2.4742610721149516,-7.0481742054123986,2.4742610721149516,-7.0008012324487359,True,True,False,False,True,False
perle,413513,67,13,700,6713,1069,2.7839812856459574,-6.8368037433818252,2.7839812856459574,-6.7830143697892566,True,True,False,False,True,False
perle,413513,67,14,750,6714,1069,3.0937014991769631,-6.6254332813512509,3.0937014991769631,-6.5652275071297774,True,True,False,False,True,False
perle,413513,67,15,800,6715,1069,3.4034217127079689,-6.4140628193206766,3.4034217127079689,-6.3474406444702973,True,True,False,False,True,False
perle,413513,67,16,850,6716,1069,3.7131419262389747,-6.2026923572901023,3.7131419262389747,-6.1296537818108181,True,True,False,False,True,False
perle,413513,67,17,900,6717,1069,4.0228621397699795,-5.9913218952595289,4.0228621397699795,-5.9118669191513398,True,True,False,False,True,False
perle,413513,67,18,950,6718,1069,4.3325823533009853,-5.7799514332289554,4.3325823533009853,-5.6940800564918614,True,True,False,False,True,False
perle,413513,67,19,1000,6719,1069,4.6423025668319911,-5.5685809711983811,4.6423025668319911,-5.4762931938323822,True,True,False,False,True,False
perle,413513,67,20,1050,6720,1069,4.9520227803629968,-5.3572105091678068,4.9520227803629968,-5.258506331172903,True,True,False,False,True,False
perle,413513,67,21,1100,6721,1069,5.2617429938940026,-5.1458400471372325,5.2617429938940026,-5.040719468513422,True,False,False,False,True,False
perle,413513,67,22,1150,6722,1069,5.5714632074250083,-4.9344695851066582,5.5714632074250083,-4.8229326058539437,True,False,True,False,True,False
perle,413513,67,23,1200,6723,1069,5.8811834209560141,-4.7230991230760839,5.8811834209560141,-4.6051457431944636,True,False,True,False,True,False
perle,413513,67,24,1250,6724,1069,6.1909036344870199,-4.5117286610455105,6.1909036344870199,-4.3873588805349852,True,False,True,False,True,False
perle,413513,67,25,1300,6725,1069,6.5006238480180256,-4.3003581990149362,6.5006238480180256,-4.169572017875506,True,False,True,False,True,False
perle,413513,67,26,1350,6726,1069,6.8103440615490305,-4.0889877369843628,6.8103440615490305,-3.9517851552160264,True,False,True,False,True,False
perle,413513,67,27,1400,6727,1069,7.1200642750800371,-3.8776172749537876,7.1200642750800371,-3.7339982925565463,True,False,True,False,True,False
perle,413513,67,28,1450,6728,1069,7.429784488611042,-3.6662468129232142,7.429784488611042,-3.5162114298970684,True,False,True,False,True,False
perle,413513,67,29,1500,6729,1069,7.7395047021420487,-3.4548763508926399,7.7395047021420487,-3.2984245672375883,True,False,True,False,True,False
perle,413513,67,30,1550,6730,1069,8.0492249156730544,-3.2435058888620656,8.0492249156730544,-3.0806377045781099,True,False,True,False,True,False
perle,413513,67,31,1600,6731,1069,8.3589451292040593,-3.0321354268314922,8.3589451292040593,-2.8628508419186307,True,False,True,False,True,False
perle,413513,67,32,1650,6732,1069,8.6686653427350642,-2.8207649648009188,8.6686653427350642,-2.6450639792591524,True,False,True,False,True,False
perle,413513,67,33,1700,6733,1069,8.9783855562660726,-2.6093945027703427,8.9783855562660726,-2.42727711659967,True,False,True,False,True,False
perle,413513,67,34,1750,6734,1069,9.2881057697970775,-2.3980240407397693,9.2881057697970775,-2.2094902539401922,True,False,True,False,True,False
perle,413513,67,35,1800,6735,1069,9.5978259833280823,-2.1866535787091959,9.5978259833280823,-1.9917033912807136,True,False,True,False,True,False
perle,413513,67,36,1850,6736,1069,9.9075461968590872,-1.9752831166786216,9.9075461968590872,-1.7739165286212353,True,False,True,False,True,False
perle,420020,68,6,350,6806,1104,0.6536938652014519,-1.1825217804144783,0.6536938652014519,-1.1446978169085036,True,True,False,False,True,False
perle,420020,68,7,400,6807,1104,0.99184988918024786,-1.02042662487506,0.99184988918024786,-0.95441097864809732,True,True,False,False,True,False
perle,420020,68,8,450,6808,1104,1.3300059131590434,-0.85833146933564197,1.3300059131590434,-0.76412414038769139,True,True,False,False,True,False
perle,420020,68,9,500,6809,1104,1.6681619371378389,-0.69623631379622386,1.6681619371378389,-0.57383730212728556,True,True,False,False,True,False
perle,420020,68,10,550,6810,1104,2.0063179611166344,-0.53414115825680575,2.0063179611166344,-0.38355046386687974,True,True,False,False,True,False
perle,420020,68,11,600,6811,1104,2.3444739850954299,-0.37204600271738753,2.3444739850954299,-0.19326362560647378,True,True,False,False,True,False
perle,420020,68,12,650,6812,1104,2.6826300090742254,-0.20995084717796941,2.6826300090742254,-0.0029767873460677134,True,True,False,False,True,False
perle,420020,68,13,700,6813,1104,3.020786033053021,-0.047855691638551301,3.020786033053021,0.18731005091433819,True,True,False,False,True,False
perle,420020,68,14,750,6814,1104,3.3589420570318165,0.11423946390086659,3.3589420570318165,0.37759688917474415,True,True,False,False,True,False
perle,420020,68,15,800,6815,1104,3.6970980810106129,0.27633461944028515,3.6970980810106129,0.56788372743515025,True,True,False,False,True,False
perle,420020,68,16,850,6816,1104,4.0352541049894084,0.43842977497970326,4.0352541049894084,0.75817056569555619,True,True,False,False,True,False
perle,420020,68,17,900,6817,1104,4.3734101289682039,0.60052493051912137,4.3734101289682039,0.94845740395596256,True,True,False,False,True,False
perle,420020,68,18,950,6818,1104,4.7115661529469994,0.76262008605853948,4.7115661529469994,1.1387442422163685,True,True,False,False,True,False
perle,420020,68,19,1000,6819,1104,5.0497221769257949,0.92471524159795759,5.0497221769257949,1.3290310804767742,True,True,False,False,True,False
perle,420020,68,20,1050,6820,1104,5.3878782009045905,1.0868103971373757,5.3878782009045905,1.5193179187371797,True,False,False,False,True,False
perle,420020,68,21,1100,6821,1104,5.726034224883386,1.2489055526767938,5.726034224883386,1.7096047569975861,True,False,True,False,True,False
perle,420020,68,22,1150,6822,1104,6.0641902488621815,1.4110007082162119,6.0641902488621815,1.899891595257992,True,False,True,False,True,False
perle,420020,68,23,1200,6823,1104,6.402346272840977,1.57309586375563,6.402346272840977,2.0901784335183975,True,False,True,False,True,False
perle,420020,68,24,1250,6824,1104,6.7405022968197725,1.7351910192950482,6.7405022968197725,2.2804652717788034,True,False,True,False,True,False
perle,420020,68,25,1300,6825,1104,7.078658320798568,1.8972861748344663,7.078658320798568,2.4707521100392094,True,False,True,False,True,False
perle,420020,68,26,1350,6826,1104,7.4168143447773636,2.0593813303738844,7.4168143447773636,2.6610389482996153,True,False,True,False,True,False
perle,420020,68,27,1400,6827,1104,7.7549703687561591,2.2214764859133025,7.7549703687561591,2.8513257865600212,True,False,True,False,True,False
perle,420020,68,28,1450,6828,1104,8.0931263927349555,2.383571641452721,8.0931263927349555,3.0416126248204272,True,False,True,False,True,False
perle,420020,68,29,1500,6829,1104,8.4312824167137492,2.5456667969921387,8.4312824167137492,3.2318994630808322,True,False,True,False,True,False
perle,420020,68,30,1550,6830,1104,8.7694384406925465,2.7077619525315573,8.7694384406925465,3.422186301341239,True,False,True,False,True,False
perle,420020,68,31,1600,6831,1104,9.1075944646713438,2.8698571080709758,9.1075944646713438,3.6124731396016458,True,False,True,False,True,False
perle,420020,68,32,1650,6832,1104,9.4457504886501376,3.0319522636103935,9.4457504886501376,3.8027599778620504,True,False,True,False,True,False
perle,420020,68,33,1700,6833,1104,9.7839065126289348,3.1940474191498121,9.7839065126289348,3.9930468161224573,True,False,True,False,True,False
perle,428615,69,6,350,6906,1074,0.39521292627971183,7.9534768427753795,0.39521292627971183,7.9534768427753786,True,True,False,True,False,False
perle,428615,69,7,400,6907,1074,0.54290445357658557,8.069592203733178,0.54290445357658557,8.069592203733178,True,True,False,True,False,False
perle,428615,69,8,450,6908,1074,0.69059598087345908,8.1857075646909774,0.69059598087345908,8.1857075646909792,True,True,False,True,False,False
perle,428615,69,9,500,6909,1074,0.83828750817033282,8.3018229256487768,0.83828750817033282,8.3018229256487768,True,True,False,True,False,False
perle,428615,69,10,550,6910,1074,0.98597903546720633,8.4179382866065762,0.98597903546720633,8.4179382866065762,True,True,False,True,False,False
perle,428615,69,11,600,6911,1074,1.1336705627640802,8.5340536475643756,1.1336705627640802,8.5340536475643756,True,True,False,True,False,False
perle,428615,69,12,650,6912,1074,1.2813620900609535,8.650169008522175,1.2813620900609535,8.650169008522175,True,True,False,True,False,False
perle,428615,69,13,700,6913,1074,1.4290536173578272,8.7662843694799744,1.4290536173578272,8.7662843694799726,True,True,False,True,False,False
perle,428615,69,14,750,6914,1074,1.5767451446547009,8.8823997304377738,1.5767451446547009,8.8823997304377738,True,True,False,True,False,False
perle,428615,69,15,800,6915,1074,1.7244366719515747,8.9985150913955732,1.7244366719515747,8.9985150913955732,True,True,False,True,False,False
perle,428615,69,16,850,6916,1074,1.8721281992484484,9.1146304523533725,1.8721281992484484,9.1146304523533708,True,True,False,True,False,False
perle,428615,69,17,900,6917,1074,2.0198197265453217,9.2307458133111719,2.0198197265453217,9.2307458133111719,True,True,False,True,False,False
perle,428615,69,18,950,6918,1074,2.1675112538421955,9.3468611742689713,2.1675112538421955,9.3468611742689731,True,True,False,True,False,False
perle,428615,69,19,1000,6919,1074,2.3152027811390692,9.4629765352267707,2.3152027811390692,9.4629765352267707,True,True,False,True,False,False
perle,428615,69,20,1050,6920,1074,2.4628943084359429,9.5790918961845701,2.4628943084359429,9.5790918961845701,True,True,False,True,False,False
perle,428615,69,21,1100,6921,1074,2.6105858357328162,9.6952072571423678,2.6105858357328162,9.6952072571423695,True,True,False,True,False,False
perle,428615,69,22,1150,6922,1074,2.75827736302969,9.806093671337182,2.75827736302969,9.8056535661603057,True,True,False,True,False,True
perle,428615,69,23,1200,6923,1074,2.9059688903265637,9.690703173561765,2.9059688903265637,9.6707778964135134,True,True,False,True,False,True
perle,428615,69,24,1250,6924,1074,3.0536604176234374,9.5753126757863463,3.0536604176234374,9.5359022266667246,True,True,False,True,False,True
perle,428615,69,25,1300,6925,1074,3.2013519449203107,9.4599221780109275,3.2013519449203107,9.4010265569199341,True,True,False,True,False,True
perle,428615,69,26,1350,6926,1074,3.3490434722171845,9.3445316802355105,3.3490434722171845,9.2661508871731453,True,True,False,True,False,True
perle,428615,69,27,1400,6927,1074,3.4967349995140578,9.2291411824600917,3.4967349995140578,9.1312752174263547,True,True,False,True,False,True
perle,428615,69,28,1450,6928,1074,3.6444265268109315,9.1137506846846748,3.6444265268109315,8.9963995476795642,True,True,False,True,False,True
perle,428615,69,29,1500,6929,1074,3.7921180541078052,8.998360186909256,3.7921180541078052,8.8615238779327736,True,True,False,True,False,True
perle,428615,69,30,1550,6930,1074,3.939809581404679,8.8829696891338372,3.939809581404679,8.7266482081859831,True,True,False,True,False,True
perle,428615,69,31,1600,6931,1074,4.0875011087015523,8.7675791913584202,4.0875011087015523,8.5917725384391943,True,True,False,True,False,True
perle,428615,69,32,1650,6932,1074,4.235192635998426,8.6521886935830015,4.235192635998426,8.4568968686924038,True,True,False,True,False,True
perle,428615,69,33,1700,6933,1074,4.3828841632952997,8.5367981958075845,4.3828841632952997,8.3220211989456132,True,True,False,True,False,True
perle,428615,69,34,1750,6934,1074,4.5305756905921735,8.4214076980321657,4.5305756905921735,8.1871455291988227,True,True,False,True,False,True
perle,428615,69,35,1800,6935,1074,4.6782672178890463,8.3060172002567487,4.6782672178890463,8.0522698594520339,True,True,False,True,False,True
perle,428615,69,36,1850,6936,1074,4.8259587451859201,8.19062670248133,4.8259587451859201,7.9173941897052407,True,True,False,True,False,True
perle,428615,69,37,1900,6937,1074,4.9736502724827938,8.0752362047059112,4.9736502724827938,7.7825185199584519,True,True,False,True,False,True
perle,428615,69,38,1950,6938,1074,5.1213417997796675,7.9598457069304933,5.1213417997796675,7.6476428502116622,True,False,False,True,False,True
perle,428615,69,39,2000,6939,1074,5.2690333270765413,7.8444552091550754,5.2690333270765413,7.5127671804648717,True,False,True,True,False,True
perle,428615,69,40,2050,6940,1074,5.416724854373415,7.7290647113796576,5.416724854373415,7.3778915107180811,True,False,True,True,False,True
perle,428615,69,41,2100,6941,1074,5.5644163816702887,7.6136742136042397,5.5644163816702887,7.2430158409712897,True,False,True,True,False,True
perle,428615,69,42,2150,6942,1074,5.7121079089671625,7.4982837158288209,5.7121079089671625,7.1081401712245,True,False,True,True,False,True
perle,428615,69,43,2200,6943,1074,5.8597994362640353,7.3828932180534039,5.8597994362640353,6.9732645014777095,True,False,True,True,False,True
perle,428615,69,44,2250,6944,1074,6.0074909635609091,7.2675027202779852,6.0074909635609091,6.8383888317309198,True,False,True,True,False,True
perle,428615,69,45,2300,6945,1074,6.1551824908577828,7.1521122225025673,6.1551824908577828,6.7035131619841293,True,False,True,True,False,True
perle,428615,69,46,2350,6946,1074,6.3028740181546565,7.0367217247271494,6.3028740181546565,6.5686374922373396,True,False,True,True,False,True
perle,428615,69,47,2400,6947,1074,6.4505655454515303,6.9213312269517306,6.4505655454515303,6.4337618224905491,True,False,True,True,False,True
perle,428615,69,48,2450,6948,1074,6.598257072748404,6.8059407291763128,6.598257072748404,6.2988861527437585,True,False,True,True,False,True
perle,428615,69,49,2500,6949,1074,6.7459486000452777,6.6905502314008949,6.7459486000452777,6.1640104829969689,True,False,True,True,False,True
perle,428615,69,50,2550,6950,1074,6.8936401273421515,6.575159733625477,6.8936401273421515,6.0291348132501783,True,False,True,True,False,True
perle,428615,69,51,2600,6951,1074,7.0413316546390243,6.4597692358500591,7.0413316546390243,5.8942591435033878,True,False,True,True,False,True
perle,428615,69,52,2650,6952,1074,7.1890231819358981,6.3443787380746413,7.1890231819358981,5.7593834737565981,True,False,True,True,False,True
perle,428615,69,53,2700,6953,1074,7.3367147092327718,6.2289882402992225,7.3367147092327718,5.6245078040098075,True,False,True,True,False,True
perle,428615,69,54,2750,6954,1074,7.4844062365296455,6.1135977425238046,7.4844062365296455,5.489632134263017,True,False,True,True,False,True
perle,428615,69,55,2800,6955,1074,7.6320977638265184,5.9982072447483876,7.6320977638265184,5.3547564645162273,True,False,True,True,False,True
perle,428615,69,56,2850,6956,1074,7.779789291123393,5.8828167469729689,7.779789291123393,5.2198807947694368,True,False,True,True,False,True
perle,428615,69,57,2900,6957,1074,7.9274808184202659,5.767426249197551,7.9274808184202659,5.0850051250226471,True,False,True,True,False,True
perle,428615,69,58,2950,6958,1074,8.0751723457171405,5.6520357514221322,8.0751723457171405,4.9501294552758548,True,False,True,True,False,True
perle,428615,69,59,3000,6959,1074,8.2228638730140133,5.5366452536467143,8.2228638730140133,4.815253785529066,True,False,True,True,False,True
perle,428615,69,60,3050,6960,1074,8.370555400310888,5.4212547558712956,8.370555400310888,4.6803781157822746,True,False,True,True,False,True
perle,428615,69,61,3100,6961,1074,8.5182469276077608,5.3058642580958786,8.5182469276077608,4.5455024460354858,True,False,True,True,False,True
perle,428615,69,62,3150,6962,1074,8.6659384549046354,5.1904737603204598,8.6659384549046354,4.4106267762886935,True,False,True,True,False,True
perle,428615,69,63,3200,6963,1074,8.8136299822015083,5.0750832625450419,8.8136299822015083,4.2757511065419047,True,False,True,True,False,True
perle,428615,69,64,3250,6964,1074,8.9613215094983811,4.959692764769625,8.9613215094983811,4.140875436795115,True,False,True,True,False,True
perle,428615,69,65,3300,6965,1074,9.1090130367952558,4.8443022669942062,9.1090130367952558,4.0059997670483236,True,False,True,True,False,True
perle,428615,69,66,3350,6966,1074,9.2567045640921286,4.7289117692187883,9.2567045640921286,3.8711240973015335,True,False,True,True,False,True
perle,428615,69,67,3400,6967,1074,9.4043960913890032,4.6135212714433695,9.4043960913890032,3.7362484275547425,True,False,True,True,False,True
perle,428615,69,68,3450,6968,1074,9.5520876186858761,4.4981307736679526,9.5520876186858761,3.6013727578079533,True,False,True,True,False,True
perle,428615,69,69,3500,6969,1074,9.6997791459827507,4.3827402758925329,9.6997791459827507,3.4664970880611619,True,False,True,True,False,True
perle,428615,69,70,3550,6970,1074,9.8474706732796236,4.2673497781171159,9.8474706732796236,3.3316214183143718,True,False,True,True,False,True
perle,435203,70,6,350,7006,1034,0.84984447997387913,-1.9749724360131427,0.84984447997387913,-1.9398788252491468,True,True,False,False,True,False
perle,435203,70,7,400,7007,1034,1.1852157115107651,-1.8071963767603356,1.1852157115107651,-1.7459514512151681,True,True,False,False,True,False
perle,435203,70,8,450,7008,1034,1.5205869430476515,-1.6394203175075286,1.5205869430476515,-1.5520240771811891,True,True,False,False,True,False
perle,435203,70,9,500,7009,1034,1.8559581745845375,-1.4716442582547216,1.8559581745845375,-1.3580967031472104,True,True,False,False,True,False
perle,435203,70,10,550,7010,1034,2.1913294061214241,-1.3038681990019145,2.1913294061214241,-1.1641693291132313,True,True,False,False,True,False
perle,435203,70,11,600,7011,1034,2.5267006376583101,-1.1360921397491075,2.5267006376583101,-0.97024195507925226,True,True,False,False,True,False
perle,435203,70,12,650,7012,1034,2.862071869195197,-0.96831608049630025,2.862071869195197,-0.77631458104527284,True,True,False,False,True,False
perle,435203,70,13,700,7013,1034,3.1974431007320829,-0.80054002124349322,3.1974431007320829,-0.58238720701129409,True,True,False,False,True,False
perle,435203,70,14,750,7014,1034,3.5328143322689689,-0.63276396199068641,3.5328143322689689,-0.3884598329773154,True,True,False,False,True,False
perle,435203,70,15,800,7015,1034,3.8681855638058549,-0.4649879027378796,3.8681855638058549,-0.19453245894333668,True,True,False,False,True,False
perle,435203,70,16,850,7016,1034,4.2035567953427417,-0.29721184348507235,4.2035567953427417,-0.00060508490935735296,True,True,False,False,True,False
perle,435203,70,17,900,7017,1034,4.5389280268796277,-0.12943578423226532,4.5389280268796277,0.19332228912462165,True,True,False,False,True,False
perle,435203,70,18,950,7018,1034,4.8742992584165137,0.038340275020541714,4.8742992584165137,0.38724966315860038,True,True,False,False,True,False
perle,435203,70,19,1000,7019,1034,5.2096704899533997,0.2061163342733483,5.2096704899533997,0.58117703719257896,True,False,False,False,True,False
perle,435203,70,20,1050,7020,1034,5.5450417214902865,0.37389239352615578,5.5450417214902865,0.77510441122655782,True,False,True,False,True,False
perle,435203,70,21,1100,7021,1034,5.8804129530271725,0.54166845277896281,5.8804129530271725,0.96903178526053646,True,False,True,False,True,False
perle,435203,70,22,1150,7022,1034,6.2157841845640585,0.70944451203176984,6.2157841845640585,1.1629591592945152,True,False,True,False,True,False
perle,435203,70,23,1200,7023,1034,6.5511554161009444,0.87722057128457642,6.5511554161009444,1.3568865333284938,True,False,True,False,True,False
perle,435203,70,24,1250,7024,1034,6.8865266476378304,1.0449966305373835,6.8865266476378304,1.5508139073624727,True,False,True,False,True,False
perle,435203,70,25,1300,7025,1034,7.2218978791747181,1.2127726897901914,7.2218978791747181,1.7447412813964527,True,False,True,False,True,False
perle,435203,70,26,1350,7026,1034,7.5572691107116041,1.380548749042998,7.5572691107116041,1.9386686554304313,True,False,True,False,True,False
perle,435203,70,27,1400,7027,1034,7.8926403422484901,1.548324808295805,7.8926403422484901,2.13259602946441,True,False,True,False,True,False
perle,435203,70,28,1450,7028,1034,8.2280115737853752,1.7161008675486111,8.2280115737853752,2.3265234034983888,True,False,True,False,True,False
perle,435203,70,29,1500,7029,1034,8.5633828053222611,1.8838769268014182,8.5633828053222611,2.5204507775323677,True,False,True,False,True,False
perle,435203,70,30,1550,7030,1034,8.8987540368591471,2.0516529860542252,8.8987540368591471,2.7143781515663465,True,False,True,False,True,False
perle,435203,70,31,1600,7031,1034,9.2341252683960331,2.2194290453070322,9.2341252683960331,2.9083055256003258,True,False,True,False,True,False
perle,435203,70,32,1650,7032,1034,9.5694964999329191,2.3872051045598393,9.5694964999329191,3.1022328996343047,True,False,True,False,True,False
perle,435203,70,33,1700,7033,1034,9.9048677314698068,2.5549811638126472,9.9048677314698068,3.296160273668284,True,False,True,False,True,False
perle,448412,71,6,350,7106,1092,0.9684978327946967,-3.8564810136672327,0.9684978327946967,-3.869146758178843,True,True,False,False,True,False
perle,448412,71,7,400,7107,1092,1.2427053089381364,-3.6006994815487992,1.2427053089381364,-3.6229514638249696,True,True,False,False,True,False
perle,448412,71,8,450,7108,1092,1.5169127850815762,-3.3449179494303651,1.5169127850815762,-3.3767561694710948,True,True,False,False,True,False
perle,448412,71,9,500,7109,1092,1.7911202612250161,-3.0891364173119316,1.7911202612250161,-3.1305608751172209,True,True,False,False,True,False
perle,448412,71,10,550,7110,1092,2.065327737368456,-2.833354885193498,2.065327737368456,-2.8843655807633466,True,True,False,False,True,False
perle,448412,71,11,600,7111,1092,2.3395352135118959,-2.5775733530750644,2.3395352135118959,-2.6381702864094727,True,True,False,False,True,False
perle,448412,71,12,650,7112,1092,2.6137426896553357,-2.3217918209566308,2.6137426896553357,-2.3919749920555979,True,True,False,False,True,False
perle,448412,71,13,700,7113,1092,2.8879501657987756,-2.0660102888381968,2.8879501657987756,-2.1457796977017241,True,True,False,False,True,False
perle,448412,71,14,750,7114,1092,3.162157641942215,-1.8102287567197637,3.162157641942215,-1.8995844033478497,True,True,False,False,True,False
perle,448412,71,15,800,7115,1092,3.4363651180856549,-1.5544472246013301,3.4363651180856549,-1.6533891089939756,True,True,False,False,True,False
perle,448412,71,16,850,7116,1092,3.7105725942290948,-1.2986656924828965,3.7105725942290948,-1.4071938146401017,True,True,False,False,True,False
perle,448412,71,17,900,7117,1092,3.9847800703725347,-1.0428841603644625,3.9847800703725347,-1.1609985202862272,True,True,False,False,True,False
perle,448412,71,18,950,7118,1092,4.258987546515975,-0.7871026282460285,4.258987546515975,-0.91480322593235264,True,True,False,False,True,False
perle,448412,71,19,1000,7119,1092,4.5331950226594149,-0.53132109612759493,4.5331950226594149,-0.66860793157847853,True,True,False,False,True,False
perle,448412,71,20,1050,7120,1092,4.8074024988028548,-0.27553956400916135,4.8074024988028548,-0.42241263722460454,True,True,False,False,True,False
perle,448412,71,21,1100,7121,1092,5.0816099749462946,-0.019758031890727779,5.0816099749462946,-0.17621734287073049,True,True,False,False,True,False
perle,448412,71,22,1150,7122,1092,5.3558174510897345,0.2360235002277058,5.3558174510897345,0.069977951483144063,True,False,False,False,True,False
perle,448412,71,23,1200,7123,1092,5.6300249272331744,0.49180503234614026,5.6300249272331744,0.31617324583701761,True,False,True,False,True,False
perle,448412,71,24,1250,7124,1092,5.9042324033766143,0.74758656446457383,5.9042324033766143,0.56236854019089222,True,False,True,False,True,False
perle,448412,71,25,1300,7125,1092,6.1784398795200541,1.0033680965830074,6.1784398795200541,0.80856383454476677,True,False,True,False,True,False
perle,448412,71,26,1350,7126,1092,6.452647355663494,1.259149628701441,6.452647355663494,1.05475912889864,True,False,True,False,True,False
perle,448412,71,27,1400,7127,1092,6.7268548318069339,1.5149311608198746,6.7268548318069339,1.300954423252515,True,False,True,False,True,False
perle,448412,71,28,1450,7128,1092,7.0010623079503738,1.7707126929383081,7.0010623079503738,1.5471497176063891,True,False,True,False,True,False
perle,448412,71,29,1500,7129,1092,7.2752697840938119,2.0264942250567408,7.2752697840938119,1.7933450119602621,True,False,True,False,True,False
perle,448412,71,30,1550,7130,1092,7.5494772602372517,2.2822757571751744,7.5494772602372517,2.0395403063141355,True,False,True,False,True,False
perle,448412,71,31,1600,7131,1092,7.8236847363806916,2.538057289293608,7.8236847363806916,2.2857356006680098,True,False,True,False,True,False
perle,448412,71,32,1650,7132,1092,8.0978922125241315,2.7938388214120415,8.0978922125241315,2.5319308950218846,True,False,True,False,True,False
perle,448412,71,33,1700,7133,1092,8.3720996886675714,3.0496203535304751,8.3720996886675714,2.7781261893757581,True,False,True,False,True,False
perle,448412,71,34,1750,7134,1092,8.6463071648110112,3.3054018856489087,8.6463071648110112,3.0243214837296328,True,False,True,False,True,False
perle,448412,71,35,1800,7135,1092,8.9205146409544511,3.5611834177673423,8.9205146409544511,3.2705167780835072,True,False,True,False,True,False
perle,448412,71,36,1850,7136,1092,9.194722117097891,3.8169649498857758,9.194722117097891,3.516712072437381,True,False,True,False,True,False
perle,448412,71,37,1900,7137,1092,9.4689295932413309,4.0727464820042094,9.4689295932413309,3.7629073667912554,True,False,True,False,True,False
perle,448412,71,38,1950,7138,1092,9.7431370693847708,4.328528014122643,9.7431370693847708,4.0091026611451301,True,False,True,False,True,False
perle,454477,72,6,350,7206,1084,0.95585591476304044,2.8448935201316941,0.95585591476304044,2.8660581964832024,True,True,False,False,True,False
perle,454477,72,7,400,7207,1084,1.2213003555646451,2.5800081691074395,1.2213003555646451,2.6169602003073531,True,True,False,False,True,False
perle,454477,72,8,450,7208,1084,1.4867447963662492,2.3151228180831858,1.4867447963662492,2.3678622041315043,True,True,False,False,True,False
perle,454477,72,9,500,7209,1084,1.7521892371678538,2.0502374670589321,1.7521892371678538,2.118764207955655,True,True,False,False,True,False
perle,454477,72,10,550,7210,1084,2.0176336779694584,1.7853521160346779,2.0176336779694584,1.869666211779806,True,True,False,False,True,False
perle,454477,72,11,600,7211,1084,2.2830781187710625,1.5204667650104242,2.2830781187710625,1.6205682156039571,True,True,False,False,True,False
perle,454477,72,12,650,7212,1084,2.548522559572667,1.2555814139861701,2.548522559572667,1.3714702194281081,True,True,False,False,True,False
perle,454477,72,13,700,7213,1084,2.8139670003742716,0.99069606296191592,2.8139670003742716,1.1223722232522593,True,True,False,False,True,False
perle,454477,72,14,750,7214,1084,3.0794114411758757,0.72581071193766267,3.0794114411758757,0.87327422707641023,True,True,False,False,True,False
perle,454477,72,15,800,7215,1084,3.3448558819774807,0.46092536091340808,3.3448558819774807,0.62417623090056062,True,True,False,False,True,False
perle,454477,72,16,850,7216,1084,3.6103003227790844,0.19604000988915482,3.6103003227790844,0.37507823472471236,True,True,False,False,True,False
perle,454477,72,17,900,7217,1084,3.875744763580689,-0.068845341135099325,3.875744763580689,0.12598023854886312,True,True,False,False,True,False
perle,454477,72,18,950,7218,1084,4.1411892043822931,-0.33373069215935258,4.1411892043822931,-0.12311775762698561,True,True,False,False,True,False
perle,454477,72,19,1000,7219,1084,4.4066336451838977,-0.59861604318360717,4.4066336451838977,-0.37221575380283478,True,True,False,False,True,False
perle,454477,72,20,1050,7220,1084,4.6720780859855022,-0.86350139420786087,4.6720780859855022,-0.6213137499786836,True,True,False,False,True,False
perle,454477,72,21,1100,7221,1084,4.9375225267871068,-1.1283867452321155,4.9375225267871068,-0.87041174615453321,True,True,False,False,True,False
perle,454477,72,22,1150,7222,1084,5.2029669675887105,-1.3932720962563683,5.2029669675887105,-1.1195097423303815,True,False,False,False,True,False
perle,454477,72,23,1200,7223,1084,5.468411408390315,-1.658157447280622,5.468411408390315,-1.3686077385062299,True,False,True,False,True,False
perle,454477,72,24,1250,7224,1084,5.7338558491919196,-1.9230427983048766,5.7338558491919196,-1.6177057346820796,True,False,True,False,True,False
perle,454477,72,25,1300,7225,1084,5.9993002899935242,-2.1879281493291303,5.9993002899935242,-1.8668037308579282,True,False,True,False,True,False
perle,454477,72,26,1350,7226,1084,6.2647447307951287,-2.4528135003533849,6.2647447307951287,-2.1159017270337781,True,False,True,False,True,False
perle,454477,72,27,1400,7227,1084,6.5301891715967333,-2.7176988513776386,6.5301891715967333,-2.3649997232096265,True,False,True,False,True,False
perle,454477,72,28,1450,7228,1084,6.7956336123983379,-2.9825842024018931,6.7956336123983379,-2.6140977193854762,True,False,True,False,True,False
perle,454477,72,29,1500,7229,1084,7.0610780531999415,-3.247469553426146,7.0610780531999415,-2.863195715561325,True,False,True,False,True,False
perle,454477,72,30,1550,7230,1084,7.3265224940015461,-3.5123549044503997,7.3265224940015461,-3.112293711737173,True,False,True,False,True,False
perle,454477,72,31,1600,7231,1084,7.5919669348031515,-3.7772402554746551,7.5919669348031515,-3.3613917079130227,True,False,True,False,True,False
perle,454477,72,32,1650,7232,1084,7.8574113756047552,-4.0421256064989084,7.8574113756047552,-3.6104897040888715,True,False,True,False,True,False
perle,454477,72,33,1700,7233,1084,8.1228558164063589,-4.3070109575231612,8.1228558164063589,-3.859587700264719,True,False,True,False,True,False
perle,454477,72,34,1750,7234,1084,8.3883002572079643,-4.5718963085474158,8.3883002572079643,-4.1086856964405705,True,False,True,False,True,False
perle,454477,72,35,1800,7235,1084,8.653744698009568,-4.8367816595716686,8.653744698009568,-4.357783692616418,True,False,True,False,True,False
perle,454477,72,36,1850,7236,1084,8.9191891388111735,-5.1016670105959232,8.9191891388111735,-4.6068816887922681,True,False,True,False,True,False
perle,454477,72,37,1900,7237,1084,9.1846335796127772,-5.3665523616201778,9.1846335796127772,-4.8559796849681165,True,False,True,False,True,False
perle,454477,72,38,1950,7238,1084,9.4500780204143826,-5.6314377126444324,9.4500780204143826,-5.1050776811439658,True,False,True,False,True,False
perle,454477,72,39,2000,7239,1084,9.7155224612159863,-5.8963230636686852,9.7155224612159863,-5.3541756773198133,True,False,True,False,True,False
perle,454477,72,40,2050,7240,1084,9.98096690201759,-6.161208414692938,9.98096690201759,-5.6032736734956625,True,False,True,False,True,False
perle,456038,73,6,350,7306,1118,0.90783208982345109,5.3639067482464675,0.90783208982345109,5.3639067482464675,True,True,False,True,False,False
perle,456038,73,7,400,7307,1118,1.1522886262953926,5.6528934953744496,1.1522886262953926,5.6528934953744496,True,True,False,True,False,False
perle,456038,73,8,450,7308,1118,1.3967451627673344,5.9418802425024317,1.3967451627673344,5.9418802425024317,True,True,False,True,False,False
perle,456038,73,9,500,7309,1118,1.6412016992392759,6.2308669896304139,1.6412016992392759,6.2308669896304139,True,True,False,True,False,False
perle,456038,73,10,550,7310,1118,1.8856582357112175,6.519853736758396,1.8856582357112175,6.5198537367583942,True,True,False,True,False,False
perle,456038,73,11,600,7311,1118,2.130114772183159,6.8088404838863781,2.130114772183159,6.8088404838863781,True,True,False,True,False,False
perle,456038,73,12,650,7312,1118,2.3745713086551006,7.0978272310143602,2.3745713086551006,7.097827231014362,True,True,False,True,False,False
perle,456038,73,13,700,7313,1118,2.6190278451270421,7.3868139781423423,2.6190278451270421,7.3868139781423414,True,True,False,True,False,False
perle,456038,73,14,750,7314,1118,2.8634843815989837,7.6758007252703244,2.8634843815989837,7.6758007252703226,True,True,False,True,False,False
perle,456038,73,15,800,7315,1118,3.1079409180709252,7.9647874723983065,3.1079409180709252,7.9647874723983065,True,True,False,True,False,False
perle,456038,73,16,850,7316,1118,3.3523974545428668,8.2537742195262886,3.3523974545428668,8.2537742195262886,True,True,False,True,False,False
perle,456038,73,17,900,7317,1118,3.5968539910148087,8.5427609666542708,3.5968539910148087,8.542760966654269,True,True,False,True,False,False
perle,456038,73,18,950,7318,1118,3.8413105274867498,8.8317477137822529,3.8413105274867498,8.8317477137822511,True,True,False,True,False,False
perle,456038,73,19,1000,7319,1118,4.0857670639586914,9.120734460910235,4.0857670639586914,9.120734460910235,True,True,False,True,False,False
perle,456038,73,20,1050,7320,1118,4.3302236004306334,9.4097212080382171,4.3302236004306334,9.4097212080382207,True,True,False,True,False,False
perle,456038,73,21,1100,7321,1118,4.5746801369025754,9.6987079551661992,4.5746801369025754,9.6987079551661992,True,True,False,True,False,False
perle,456038,73,22,1150,7322,1118,4.8191366733745156,9.7498909373032632,4.8191366733745156,9.7800289407204382,True,True,False,True,False,True
perle,456038,73,23,1200,7323,1118,5.0635932098464576,9.4686758428725213,5.0635932098464576,9.5710782406319552,True,True,False,True,False,True
perle,456038,73,24,1250,7324,1118,5.3080497463183995,9.1874607484417812,5.3080497463183995,9.3621275405434741,True,False,False,True,False,True
perle,456038,73,25,1300,7325,1118,5.5525062827903415,8.9062456540110411,5.5525062827903415,9.1531768404549929,True,False,True,True,False,True
perle,456038,73,26,1350,7326,1118,5.7969628192622835,8.625030559580301,5.7969628192622835,8.94422614036651,True,False,True,True,False,True
perle,456038,73,27,1400,7327,1118,6.0414193557342237,8.3438154651495626,6.0414193557342237,8.7352754402780288,True,False,True,True,False,True
perle,456038,73,28,1450,7328,1118,6.2858758922061657,8.0626003707188225,6.2858758922061657,8.5263247401895477,True,False,True,True,False,True
perle,456038,73,29,1500,7329,1118,6.5303324286781077,7.7813852762880815,6.5303324286781077,8.3173740401010647,True,False,True,True,False,True
perle,456038,73,30,1550,7330,1118,6.7747889651500497,7.5001701818573414,6.7747889651500497,8.1084233400125836,True,False,True,True,False,True
perle,456038,73,31,1600,7331,1118,7.0192455016219899,7.2189550874266022,7.0192455016219899,7.8994726399241015,True,False,True,True,False,True
perle,456038,73,32,1650,7332,1118,7.2637020380939319,6.9377399929958621,7.2637020380939319,7.6905219398356195,True,False,True,True,False,True
perle,456038,73,33,1700,7333,1118,7.5081585745658739,6.656524898565122,7.5081585745658739,7.4815712397471374,True,False,True,True,False,True
perle,456038,73,34,1750,7334,1118,7.7526151110378159,6.3753098041343819,7.7526151110378159,7.2726205396586554,True,False,True,True,False,True
perle,456038,73,35,1800,7335,1118,7.9970716475097579,6.0940947097036418,7.9970716475097579,7.0636698395701734,True,False,True,True,False,True
perle,456038,73,36,1850,7336,1118,8.2415281839816998,5.8128796152729016,8.2415281839816998,6.8547191394816904,True,False,True,True,False,True
perle,456038,73,37,1900,7337,1118,8.4859847204536401,5.5316645208421633,8.4859847204536401,6.6457684393932102,True,False,True,True,False,True
perle,456038,73,38,1950,7338,1118,8.730441256925582,5.2504494264114232,8.730441256925582,6.436817739304729,True,False,True,True,False,True
perle,456038,73,39,2000,7339,1118,8.974897793397524,4.9692343319806813,8.974897793397524,6.2278670392162461,True,False,True,True,False,True
perle,456038,73,40,2050,7340,1118,9.219354329869466,4.6880192375499412,9.219354329869466,6.018916339127764,True,False,True,True,False,True
perle,456038,73,41,2100,7341,1118,9.4638108663414062,4.4068041431192029,9.4638108663414062,5.8099656390392838,True,False,True,True,False,True
perle,456038,73,42,2150,7342,1118,9.7082674028133482,4.1255890486884628,9.7082674028133482,5.6010149389508008,True,False,True,True,False,True
perle,456038,73,43,2200,7343,1118,9.9527239392852902,3.8443739542577227,9.9527239392852902,5.3920642388623188,True,False,True,True,False,True
perle,460651,74,6,350,7406,1084,1.1857038537893572,-6.2751250528098748,1.1857038537893572,-6.2771899924718468,True,True,False,False,True,False
perle,460651,74,7,400,7407,1084,1.472517749578242,-6.0335418536632242,1.472517749578242,-6.0371446961929225,True,True,False,False,True,False
perle,460651,74,8,450,7408,1084,1.7593316453671273,-5.7919586545165735,1.7593316453671273,-5.7970993999139955,True,True,False,False,True,False
perle,460651,74,9,500,7409,1084,2.0461455411560121,-5.5503754553699229,2.0461455411560121,-5.5570541036350711,True,True,False,False,True,False
perle,460651,74,10,550,7410,1084,2.3329594369448969,-5.3087922562232723,2.3329594369448969,-5.3170088073561459,True,True,False,False,True,False
perle,460651,74,11,600,7411,1084,2.6197733327337818,-5.0672090570766217,2.6197733327337818,-5.0769635110772207,True,True,False,False,True,False
perle,460651,74,12,650,7412,1084,2.9065872285226666,-4.8256258579299711,2.9065872285226666,-4.8369182147982963,True,True,False,False,True,False
perle,460651,74,13,700,7413,1084,3.1934011243115514,-4.5840426587833205,3.1934011243115514,-4.5968729185193702,True,True,False,False,True,False
perle,460651,74,14,750,7414,1084,3.4802150201004367,-4.3424594596366699,3.4802150201004367,-4.356827622240445,True,True,False,False,True,False
perle,460651,74,15,800,7415,1084,3.7670289158893211,-4.1008762604900193,3.7670289158893211,-4.1167823259615206,True,True,False,False,True,False
perle,460651,74,16,850,7416,1084,4.0538428116782068,-3.8592930613433678,4.0538428116782068,-3.876737029682594,True,True,False,False,True,False
perle,460651,74,17,900,7417,1084,4.3406567074670921,-3.6177098621967168,4.3406567074670921,-3.6366917334036688,True,True,False,False,True,False
perle,460651,74,18,950,7418,1084,4.6274706032559765,-3.3761266630500666,4.6274706032559765,-3.3966464371247445,True,True,False,False,True,False
perle,460651,74,19,1000,7419,1084,4.9142844990448618,-3.1345434639034151,4.9142844990448618,-3.1566011408458188,True,True,False,False,True,False
perle,460651,74,20,1050,7420,1084,5.2010983948337461,-2.8929602647567654,5.2010983948337461,-2.9165558445668935,True,False,False,False,True,False
perle,460651,74,21,1100,7421,1084,5.4879122906226314,-2.6513770656101139,5.4879122906226314,-2.6765105482879679,True,False,True,False,True,False
perle,460651,74,22,1150,7422,1084,5.7747261864115158,-2.4097938664634642,5.7747261864115158,-2.4364652520090444,True,False,True,False,True,False
perle,460651,74,23,1200,7423,1084,6.0615400822004011,-2.1682106673168127,6.0615400822004011,-2.1964199557301187,True,False,True,False,True,False
perle,460651,74,24,1250,7424,1084,6.3483539779892864,-1.9266274681701621,6.3483539779892864,-1.9563746594511935,True,False,True,False,True,False
perle,460651,74,25,1300,7425,1084,6.6351678737781707,-1.6850442690235115,6.6351678737781707,-1.7163293631722676,True,False,True,False,True,False
perle,460651,74,26,1350,7426,1084,6.921981769567056,-1.4434610698768608,6.921981769567056,-1.4762840668933419,True,False,True,False,True,False
perle,460651,74,27,1400,7427,1084,7.2087956653559404,-1.2018778707302102,7.2087956653559404,-1.2362387706144182,True,False,True,False,True,False
perle,460651,74,28,1450,7428,1084,7.4956095611448257,-0.96029467158355963,7.4956095611448257,-0.99619347433549232,True,False,True,False,True,False
perle,460651,74,29,1500,7429,1084,7.782423456933711,-0.71871147243690814,7.782423456933711,-0.75614817805656731,True,False,True,False,True,False
perle,460651,74,30,1550,7430,1084,8.0692373527225953,-0.47712827329025842,8.0692373527225953,-0.51610288177764152,True,False,True,False,True,False
perle,460651,74,31,1600,7431,1084,8.3560512485114788,-0.2355450741436087,8.3560512485114788,-0.27605758549871762,True,False,True,False,True,False
perle,460651,74,32,1650,7432,1084,8.6428651443003641,0.0060381250030419054,8.6428651443003641,-0.03601228921979182,True,False,True,False,True,False
perle,460651,74,33,1700,7433,1084,8.9296790400892494,0.2476213241496934,8.9296790400892494,0.2040330070591331,True,False,True,False,True,False
perle,460651,74,34,1750,7434,1084,9.2164929358781347,0.48920452329634401,9.2164929358781347,0.4440783033380587,True,False,True,False,True,False
perle,460651,74,35,1800,7435,1084,9.5033068316670199,0.73078772244299461,9.5033068316670199,0.68412359961698443,True,False,True,False,True,False
perle,460651,74,36,1850,7436,1084,9.7901207274559034,0.97237092158964433,9.7901207274559034,0.92416889589590845,True,False,True,False,True,False
perle,463174,75,6,350,7506,949,0.98237570792946993,-2.7455417697542042,0.98237570792946993,-2.7455417697542042,True,True,False,True,False,False
perle,463174,75,7,400,7507,949,1.1223544843639714,-2.3967316584499074,1.1223544843639714,-2.3967316584499079,True,True,False,True,False,False
perle,463174,75,8,450,7508,949,1.262333260798473,-2.0479215471456107,1.262333260798473,-2.0479215471456103,True,True,False,True,False,False
perle,463174,75,9,500,7509,949,1.4023120372329745,-1.699111435841314,1.4023120372329745,-1.6991114358413135,True,True,False,True,False,False
perle,463174,75,10,550,7510,949,1.542290813667476,-1.3503013245370172,1.542290813667476,-1.3503013245370177,True,True,False,True,False,False
perle,463174,75,11,600,7511,949,1.6822695901019777,-1.0014912132327201,1.6822695901019777,-1.0014912132327201,True,True,False,True,False,False
perle,463174,75,12,650,7512,949,1.8222483665364793,-0.65268110192842244,1.8222483665364793,-0.65268110192842244,True,True,False,True,False,False
perle,463174,75,13,700,7513,949,1.9622271429709808,-0.3038709906241257,1.9622271429709808,-0.30387099062412576,True,True,False,True,False,False
perle,463174,75,14,750,7514,949,2.1022059194054825,0.04493912068017103,2.1022059194054825,0.04493912068017103,True,True,False,True,False,False
perle,463174,75,15,800,7515,949,2.2421846958399843,0.39374923198446865,2.2421846958399843,0.39374923198446865,True,True,False,True,False,False
perle,463174,75,16,850,7516,949,2.3821634722744855,0.74255934328876538,2.3821634722744855,0.74255934328876527,True,True,False,True,False,False
perle,463174,75,17,900,7517,949,2.5221422487089873,1.0913694545930621,2.5221422487089873,1.0913694545930619,True,True,False,True,False,False
perle,463174,75,18,950,7518,949,2.662121025143489,1.4401795658973597,2.662121025143489,1.4401795658973597,True,True,False,True,False,False
perle,463174,75,19,1000,7519,949,2.8020998015779903,1.7889896772016556,2.8020998015779903,1.7889896772016556,True,True,False,True,False,False
perle,463174,75,20,1050,7520,949,2.9420785780124921,2.1377997885059532,2.9420785780124921,2.1377997885059523,True,True,False,True,False,False
perle,463174,75,21,1100,7521,949,3.0820573544469934,2.4866098998102499,3.0820573544469934,2.4866098998102504,True,True,False,True,False,False
perle,463174,75,22,1150,7522,949,3.2220361308814951,2.8354200111145476,3.2220361308814951,2.8354200111145476,True,True,False,True,False,False
perle,463174,75,23,1200,7523,949,3.3620149073159968,3.1842301224188452,3.3620149073159968,3.1842301224188452,True,True,False,True,False,False
perle,463174,75,24,1250,7524,949,3.5019936837504981,3.533040233723141,3.5019936837504981,3.5330402337231415,True,True,False,True,False,False
perle,463174,75,25,1300,7525,949,3.6419724601849999,3.8818503450274386,3.6419724601849999,3.8818503450274386,True,True,False,True,False,False
perle,463174,75,26,1350,7526,949,3.7819512366195012,4.2306604563317345,3.7819512366195012,4.2306604563317336,True,True,False,True,False,False
perle,463174,75,27,1400,7527,949,3.9219300130540029,4.5794705676360321,3.9219300130540029,4.5794705676360312,True,True,False,True,False,False
perle,463174,75,28,1450,7528,949,4.0619087894885038,4.9282806789403262,4.0619087894885038,4.9282806789403271,True,True,False,True,False,False
perle,463174,75,29,1500,7529,949,4.2018875659230055,5.2770907902446238,4.2018875659230055,5.2770907902446229,True,True,False,True,False,False
perle,463174,75,30,1550,7530,949,4.3418663423575072,5.6259009015489214,4.3418663423575072,5.6259009015489214,True,True,False,True,False,False
perle,463174,75,31,1600,7531,949,4.481845118792009,5.974711012853219,4.481845118792009,5.974711012853219,True,True,False,True,False,False
perle,463174,75,32,1650,7532,949,4.6218238952265107,6.3235211241575167,4.6218238952265107,6.3235211241575184,True,True,False,True,False,False
perle,463174,75,33,1700,7533,949,4.7618026716610116,6.6723312354618107,4.7618026716610116,6.6723312354618107,True,True,False,True,False,False
perle,463174,75,34,1750,7534,949,4.9017814480955133,7.0211413467661083,4.9017814480955133,7.021141346766111,True,True,False,True,False,False
perle,463174,75,35,1800,7535,949,5.041760224530015,7.369951458070406,5.041760224530015,7.3699514580704051,True,True,False,True,False,False
perle,463174,75,36,1850,7536,949,5.1817390009645168,7.7187615693747036,5.1817390009645168,7.7187615693747054,True,False,False,True,False,False
perle,463174,75,37,1900,7537,949,5.3217177773990185,8.0675716806790021,5.3217177773990185,8.0675716806790057,True,False,True,True,False,False
perle,463174,75,38,1950,7538,949,5.4616965538335194,8.4163817919832979,5.4616965538335194,8.4163817919832979,True,False,True,True,False,False
perle,463174,75,39,2000,7539,949,5.6016753302680211,8.7651919032875938,5.6016753302680211,8.7651919032875902,True,False,True,True,False,False
perle,463174,75,40,2050,7540,949,5.7416541067025229,9.1140020145918896,5.7416541067025229,9.1140020145918914,True,False,True,True,False,False
perle,463174,75,41,2100,7541,949,5.8816328831370246,9.462812125896189,5.8816328831370246,9.4628121258961908,True,False,True,True,False,False
perle,463174,75,42,2150,7542,949,6.0216116595715263,9.8116222372004849,6.0216116595715263,9.8116222372004831,True,False,True,True,False,False
perle,463174,75,43,2200,7543,949,6.1615904360060272,9.6590483589204705,6.1615904360060272,9.7805846754023751,True,False,True,True,False,True
perle,463174,75,44,2250,7544,949,6.3015692124405289,9.3125744226118776,6.3015692124405289,9.6026487534918044,True,False,True,True,False,True
perle,463174,75,45,2300,7545,949,6.4415479888750307,8.9661004863032865,6.4415479888750307,9.4247128315812354,True,False,True,True,False,True
perle,463174,75,46,2350,7546,949,6.5815267653095324,8.6196265499946954,6.5815267653095324,9.2467769096706665,True,False,True,True,False,True
perle,463174,75,47,2400,7547,949,6.7215055417440341,8.2731526136861042,6.7215055417440341,9.0688409877600957,True,False,True,True,False,True
perle,463174,75,48,2450,7548,949,6.861484318178535,7.9266786773775131,6.861484318178535,8.8909050658495286,True,False,True,True,False,True
perle,463174,75,49,2500,7549,949,7.0014630946130367,7.5802047410689219,7.0014630946130367,8.7129691439389578,True,False,True,True,False,True
perle,463174,75,50,2550,7550,949,7.1414418710475385,7.2337308047603308,7.1414418710475385,8.5350332220283889,True,False,True,True,False,True
perle,463174,75,51,2600,7551,949,7.2814206474820402,6.8872568684517397,7.2814206474820402,8.3570973001178182,True,False,True,True,False,True
perle,463174,75,52,2650,7552,949,7.4213994239165419,6.540782932143145,7.4213994239165419,8.1791613782072492,True,False,True,True,False,True
perle,463174,75,53,2700,7553,949,7.5613782003510428,6.1943089958345574,7.5613782003510428,8.0012254562966802,True,False,True,True,False,True
perle,463174,75,54,2750,7554,949,7.7013569767855445,5.8478350595259663,7.7013569767855445,7.8232895343861113,True,False,True,True,False,True
perle,463174,75,55,2800,7555,949,7.8413357532200463,5.5013611232173751,7.8413357532200463,7.6453536124755415,True,False,True,True,False,True
perle,463174,75,56,2850,7556,949,7.981314529654548,5.1548871869087804,7.981314529654548,7.4674176905649716,True,False,True,True,False,True
perle,463174,75,57,2900,7557,949,8.1212933060890489,4.8084132506001929,8.1212933060890489,7.2894817686544036,True,False,True,True,False,True
perle,463174,75,58,2950,7558,949,8.2612720825235506,4.4619393142916017,8.2612720825235506,7.1115458467438337,True,False,True,True,False,True
perle,463174,75,59,3000,7559,949,8.4012508589580523,4.115465377983007,8.4012508589580523,6.9336099248332648,True,False,True,True,False,True
perle,463174,75,60,3050,7560,949,8.5412296353925541,3.7689914416744159,8.5412296353925541,6.7556740029226949,True,False,True,True,False,True
perle,463174,75,61,3100,7561,949,8.6812084118270558,3.4225175053658248,8.6812084118270558,6.577738081012126,True,False,True,True,False,True
perle,463174,75,62,3150,7562,949,8.8211871882615576,3.0760435690572336,8.8211871882615576,6.3998021591015561,True,False,True,True,False,True
perle,463174,75,63,3200,7563,949,8.9611659646960593,2.7295696327486425,8.9611659646960593,6.2218662371909872,True,False,True,True,False,True
perle,463174,75,64,3250,7564,949,9.101144741130561,2.3830956964400514,9.101144741130561,6.0439303152804165,True,False,True,True,False,True
perle,463174,75,65,3300,7565,949,9.2411235175650628,2.0366217601314567,9.2411235175650628,5.8659943933698484,True,False,True,True,False,True
perle,463174,75,66,3350,7566,949,9.3811022939995627,1.6901478238228691,9.3811022939995627,5.6880584714592795,True,False,True,True,False,True
perle,463174,75,67,3400,7567,949,9.5210810704340645,1.343673887514278,9.5210810704340645,5.5101225495487114,True,False,True,True,False,True
perle,463174,75,68,3450,7568,949,9.6610598468685662,0.99719995120568683,9.6610598468685662,5.3321866276381407,True,False,True,True,False,True
perle,463174,75,69,3500,7569,949,9.801038623303068,0.65072601489709569,9.801038623303068,5.1542507057275717,True,False,True,True,False,True
perle,463174,75,70,3550,7570,949,9.9410173997375697,0.30425207858850456,9.9410173997375697,4.9763147838170019,True,False,True,True,False,True
perle,464785,76,6,350,7606,1067,1.0272549789726508,-1.1088808923319657,1.0272549789726508,-1.1009264077135994,True,True,False,False,True,False
perle,464785,76,7,400,7607,1067,1.1963264735423329,-1.1899285564947748,1.1963264735423329,-1.1760128972190338,True,True,False,False,True,False
perle,464785,76,8,450,7608,1067,1.365397968112015,-1.2709762206575834,1.365397968112015,-1.2510993867244684,True,True,False,False,True,False
perle,464785,76,9,500,7609,1067,1.534469462681697,-1.3520238848203925,1.534469462681697,-1.326185876229903,True,True,False,False,True,False
perle,464785,76,10,550,7610,1067,1.7035409572513791,-1.4330715489832011,1.7035409572513791,-1.4012723657353379,True,True,False,False,True,False
perle,464785,76,11,600,7611,1067,1.872612451821061,-1.5141192131460099,1.872612451821061,-1.4763588552407725,True,True,False,False,True,False
perle,464785,76,12,650,7612,1067,2.041683946390743,-1.5951668773088188,2.041683946390743,-1.5514453447462071,True,True,False,False,True,False
perle,464785,76,13,700,7613,1067,2.2107554409604249,-1.6762145414716274,2.2107554409604249,-1.6265318342516417,True,True,False,False,True,False
perle,464785,76,14,750,7614,1067,2.3798269355301072,-1.7572622056344365,2.3798269355301072,-1.7016183237570763,True,True,False,False,True,False
perle,464785,76,15,800,7615,1067,2.548898430099789,-1.8383098697972451,2.548898430099789,-1.7767048132625112,True,True,False,False,True,False
perle,464785,76,16,850,7616,1067,2.7179699246694708,-1.9193575339600537,2.7179699246694708,-1.8517913027679456,True,True,False,False,True,False
perle,464785,76,17,900,7617,1067,2.8870414192391531,-2.0004051981228628,2.8870414192391531,-1.9268777922733804,True,True,False,False,True,False
perle,464785,76,18,950,7618,1067,3.056112913808835,-2.0814528622856714,3.056112913808835,-2.001964281778815,True,True,False,False,True,False
perle,464785,76,19,1000,7619,1067,3.2251844083785173,-2.1625005264484805,3.2251844083785173,-2.0770507712842501,True,True,False,False,True,False
perle,464785,76,20,1050,7620,1067,3.3942559029481991,-2.2435481906112891,3.3942559029481991,-2.1521372607896843,True,True,False,False,True,False
perle,464785,76,21,1100,7621,1067,3.5633273975178814,-2.3245958547740981,3.5633273975178814,-2.2272237502951189,True,True,False,False,True,False
perle,464785,76,22,1150,7622,1067,3.7323988920875633,-2.4056435189369068,3.7323988920875633,-2.3023102398005535,True,True,False,False,True,False
perle,464785,76,23,1200,7623,1067,3.9014703866572451,-2.4866911830997158,3.9014703866572451,-2.3773967293059886,True,True,False,False,True,False
perle,464785,76,24,1250,7624,1067,4.0705418812269274,-2.5677388472625244,4.0705418812269274,-2.4524832188114232,True,True,False,False,True,False
perle,464785,76,25,1300,7625,1067,4.2396133757966101,-2.6487865114253339,4.2396133757966101,-2.5275697083168578,True,True,False,False,True,False
perle,464785,76,26,1350,7626,1067,4.408684870366292,-2.7298341755881426,4.408684870366292,-2.6026561978222928,True,True,False,False,True,False
perle,464785,76,27,1400,7627,1067,4.5777563649359738,-2.8108818397509512,4.5777563649359738,-2.6777426873277275,True,True,False,False,True,False
perle,464785,76,28,1450,7628,1067,4.7468278595056557,-2.8919295039137602,4.7468278595056557,-2.7528291768331621,True,True,False,False,True,False
perle,464785,76,29,1500,7629,1067,4.9158993540753384,-2.9729771680765693,4.9158993540753384,-2.8279156663385967,True,True,False,False,True,False
perle,464785,76,30,1550,7630,1067,5.0849708486450202,-3.0540248322393779,5.0849708486450202,-2.9030021558440313,True,False,False,False,True,False
perle,464785,76,31,1600,7631,1067,5.2540423432147021,-3.1350724964021865,5.2540423432147021,-2.9780886453494659,True,False,True,False,True,False
perle,464785,76,32,1650,7632,1067,5.4231138377843839,-3.2161201605649956,5.4231138377843839,-3.0531751348549006,True,False,True,False,True,False
perle,464785,76,33,1700,7633,1067,5.5921853323540658,-3.2971678247278042,5.5921853323540658,-3.1282616243603352,True,False,True,False,True,False
perle,464785,76,34,1750,7634,1067,5.7612568269237485,-3.3782154888906133,5.7612568269237485,-3.2033481138657707,True,False,True,False,True,False
perle,464785,76,35,1800,7635,1067,5.9303283214934304,-3.4592631530534219,5.9303283214934304,-3.2784346033712048,True,False,True,False,True,False
perle,464785,76,36,1850,7636,1067,6.0993998160631122,-3.540310817216231,6.0993998160631122,-3.3535210928766399,True,False,True,False,True,False
perle,464785,76,37,1900,7637,1067,6.2684713106327941,-3.6213584813790396,6.2684713106327941,-3.4286075823820741,True,False,True,False,True,False
perle,464785,76,38,1950,7638,1067,6.4375428052024759,-3.7024061455418482,6.4375428052024759,-3.5036940718875091,True,False,True,False,True,False
perle,464785,76,39,2000,7639,1067,6.6066142997721586,-3.7834538097046573,6.6066142997721586,-3.5787805613929433,True,False,True,False,True,False
perle,464785,76,40,2050,7640,1067,6.7756857943418405,-3.8645014738674663,6.7756857943418405,-3.6538670508983775,True,False,True,False,True,False
perle,464785,76,41,2100,7641,1067,6.9447572889115223,-3.945549138030275,6.9447572889115223,-3.7289535404038125,True,False,True,False,True,False
perle,464785,76,42,2150,7642,1067,7.1138287834812042,-4.0265968021930831,7.1138287834812042,-3.8040400299092472,True,False,True,False,True,False
perle,464785,76,43,2200,7643,1067,7.2829002780508869,-4.1076444663558922,7.2829002780508869,-3.8791265194146827,True,False,True,False,True,False
perle,464785,76,44,2250,7644,1067,7.4519717726205688,-4.1886921305187013,7.4519717726205688,-3.9542130089201173,True,False,True,False,True,False
perle,464785,76,45,2300,7645,1067,7.6210432671902506,-4.2697397946815103,7.6210432671902506,-4.0292994984255515,True,False,True,False,True,False
perle,464785,76,46,2350,7646,1067,7.7901147617599324,-4.3507874588443185,7.7901147617599324,-4.1043859879309865,True,False,True,False,True,False
perle,464785,76,47,2400,7647,1067,7.9591862563296143,-4.4318351230071276,7.9591862563296143,-4.1794724774364198,True,False,True,False,True,False
perle,464785,76,48,2450,7648,1067,8.1282577508992961,-4.5128827871699366,8.1282577508992961,-4.2545589669418558,True,False,True,False,True,False
perle,464785,76,49,2500,7649,1067,8.297329245468978,-4.5939304513327448,8.297329245468978,-4.3296454564472899,True,False,True,False,True,False
perle,464785,76,50,2550,7650,1067,8.4664007400386616,-4.6749781154955548,8.4664007400386616,-4.4047319459527268,True,False,True,False,True,False
perle,464785,76,51,2600,7651,1067,8.6354722346083435,-4.7560257796583629,8.6354722346083435,-4.4798184354581601,True,False,True,False,True,False
perle,464785,76,52,2650,7652,1067,8.8045437291780253,-4.837073443821172,8.8045437291780253,-4.5549049249635951,True,False,True,False,True,False
perle,464785,76,53,2700,7653,1067,8.9736152237477071,-4.9181211079839802,8.9736152237477071,-4.6299914144690293,True,False,True,False,True,False
perle,464785,76,54,2750,7654,1067,9.142686718317389,-4.9991687721467892,9.142686718317389,-4.7050779039744643,True,False,True,False,True,False
perle,464785,76,55,2800,7655,1067,9.3117582128870708,-5.0802164363095983,9.3117582128870708,-4.7801643934798985,True,False,True,False,True,False
perle,464785,76,56,2850,7656,1067,9.4808297074567527,-5.1612641004724065,9.4808297074567527,-4.8552508829853318,True,False,True,False,True,False
perle,464785,76,57,2900,7657,1067,9.6499012020264345,-5.2423117646352155,9.6499012020264345,-4.9303373724907678,True,False,True,False,True,False
perle,464785,76,58,2950,7658,1067,9.8189726965961164,-5.3233594287980246,9.8189726965961164,-5.0054238619962028,True,False,True,False,True,False
perle,464785,76,59,3000,7659,1067,9.9880441911658,-5.4044070929608337,9.9880441911658,-5.0805103515016379,True,False,True,False,True,False
perle,465431,77,6,350,7706,1101,1.0189362010958374,-0.3237448211007925,1.0189362010958374,-0.31400949426235042,True,True,False,False,True,False
perle,465431,77,7,400,7707,1101,1.1821651575843133,-0.41600728568571466,1.1821651575843133,-0.39900983082193348,True,True,False,False,True,False
perle,465431,77,8,450,7708,1101,1.345394114072789,-0.50826975027063659,1.345394114072789,-0.48401016738151648,True,True,False,False,True,False
perle,465431,77,9,500,7709,1101,1.5086230705612647,-0.60053221485555841,1.5086230705612647,-0.56901050394109942,True,True,False,False,True,False
perle,465431,77,10,550,7710,1101,1.6718520270497403,-0.69279467944048034,1.6718520270497403,-0.65401084050068237,True,True,False,False,True,False
perle,465431,77,11,600,7711,1101,1.8350809835382162,-0.78505714402540239,1.8350809835382162,-0.73901117706026553,True,True,False,False,True,False
perle,465431,77,12,650,7712,1101,1.9983099400266919,-0.87731960861032432,1.9983099400266919,-0.82401151361984848,True,True,False,False,True,False
perle,465431,77,13,700,7713,1101,2.1615388965151676,-0.96958207319524625,2.1615388965151676,-0.90901185017943154,True,True,False,False,True,False
perle,465431,77,14,750,7714,1101,2.3247678530036433,-1.0618445377801682,2.3247678530036433,-0.99401218673901437,True,True,False,False,True,False
perle,465431,77,15,800,7715,1101,2.4879968094921194,-1.1541070023650903,2.4879968094921194,-1.0790125232985974,True,True,False,False,True,False
perle,465431,77,16,850,7716,1101,2.6512257659805951,-1.2463694669500123,2.6512257659805951,-1.1640128598581805,True,True,False,False,True,False
perle,465431,77,17,900,7717,1101,2.8144547224690708,-1.3386319315349342,2.8144547224690708,-1.2490131964177635,True,True,False,False,True,False
perle,465431,77,18,950,7718,1101,2.9776836789575465,-1.4308943961198561,2.9776836789575465,-1.3340135329773464,True,True,False,False,True,False
perle,465431,77,19,1000,7719,1101,3.1409126354460222,-1.5231568607047781,3.1409126354460222,-1.4190138695369294,True,True,False,False,True,False
perle,465431,77,20,1050,7720,1101,3.3041415919344979,-1.6154193252897,3.3041415919344979,-1.5040142060965123,True,True,False,False,True,False
perle,465431,77,21,1100,7721,1101,3.4673705484229735,-1.7076817898746219,3.4673705484229735,-1.5890145426560953,True,True,False,False,True,False
perle,465431,77,22,1150,7722,1101,3.6305995049114497,-1.7999442544595443,3.6305995049114497,-1.6740148792156786,True,True,False,False,True,False
perle,465431,77,23,1200,7723,1101,3.7938284613999254,-1.8922067190444662,3.7938284613999254,-1.7590152157752617,True,True,False,False,True,False
perle,465431,77,24,1250,7724,1101,3.9570574178884006,-1.9844691836293877,3.9570574178884006,-1.8440155523348443,True,True,False,False,True,False
perle,465431,77,25,1300,7725,1101,4.1202863743768763,-2.0767316482143094,4.1202863743768763,-1.9290158888944271,True,True,False,False,True,False
perle,465431,77,26,1350,7726,1101,4.2835153308653524,-2.1689941127992318,4.2835153308653524,-2.0140162254540104,True,True,False,False,True,False
perle,465431,77,27,1400,7727,1101,4.4467442873538277,-2.2612565773841533,4.4467442873538277,-2.0990165620135932,True,True,False,False,True,False
perle,465431,77,28,1450,7728,1101,4.6099732438423038,-2.3535190419690757,4.6099732438423038,-2.184016898573176,True,True,False,False,True,False
perle,465431,77,29,1500,7729,1101,4.773202200330779,-2.4457815065539972,4.773202200330779,-2.2690172351327593,True,True,False,False,True,False
perle,465431,77,30,1550,7730,1101,4.9364311568192552,-2.5380439711389196,4.9364311568192552,-2.3540175716923422,True,True,False,False,True,False
perle,465431,77,31,1600,7731,1101,5.0996601133077313,-2.6303064357238419,5.0996601133077313,-2.4390179082519254,True,False,False,False,True,False
perle,465431,77,32,1650,7732,1101,5.2628890697962065,-2.7225689003087634,5.2628890697962065,-2.5240182448115078,True,False,True,False,True,False
perle,465431,77,33,1700,7733,1101,5.4261180262846826,-2.8148313648936858,5.4261180262846826,-2.6090185813710911,True,False,True,False,True,False
perle,465431,77,34,1750,7734,1101,5.5893469827731579,-2.9070938294786073,5.5893469827731579,-2.6940189179306744,True,False,True,False,True,False
perle,465431,77,35,1800,7735,1101,5.752575939261634,-2.9993562940635297,5.752575939261634,-2.7790192544902581,True,False,True,False,True,False
perle,465431,77,36,1850,7736,1101,5.9158048957501093,-3.0916187586484511,5.9158048957501093,-2.8640195910498396,True,False,True,False,True,False
perle,465431,77,37,1900,7737,1101,6.0790338522385854,-3.1838812232333735,6.0790338522385854,-2.9490199276094229,True,False,True,False,True,False
perle,465431,77,38,1950,7738,1101,6.2422628087270615,-3.2761436878182959,6.2422628087270615,-3.0340202641690066,True,False,True,False,True,False
perle,465431,77,39,2000,7739,1101,6.4054917652155368,-3.3684061524032174,6.4054917652155368,-3.1190206007285894,True,False,True,False,True,False
perle,465431,77,40,2050,7740,1101,6.5687207217040129,-3.4606686169881398,6.5687207217040129,-3.2040209372881723,True,False,True,False,True,False
perle,465431,77,41,2100,7741,1101,6.7319496781924881,-3.5529310815730613,6.7319496781924881,-3.2890212738477547,True,False,True,False,True,False
perle,465431,77,42,2150,7742,1101,6.8951786346809643,-3.6451935461579836,6.8951786346809643,-3.3740216104073379,True,False,True,False,True,False
perle,465431,77,43,2200,7743,1101,7.0584075911694395,-3.7374560107429051,7.0584075911694395,-3.4590219469669217,True,False,True,False,True,False
perle,465431,77,44,2250,7744,1101,7.2216365476579156,-3.8297184753278275,7.2216365476579156,-3.5440222835265041,True,False,True,False,True,False
perle,465431,77,45,2300,7745,1101,7.3848655041463918,-3.9219809399127499,7.3848655041463918,-3.6290226200860873,True,False,True,False,True,False
perle,465431,77,46,2350,7746,1101,7.548094460634867,-4.0142434044976714,7.548094460634867,-3.7140229566456697,True,False,True,False,True,False
perle,465431,77,47,2400,7747,1101,7.7113234171233431,-4.1065058690825937,7.7113234171233431,-3.7990232932052534,True,False,True,False,True,False
perle,465431,77,48,2450,7748,1101,7.8745523736118184,-4.1987683336675152,7.8745523736118184,-3.8840236297648367,True,False,True,False,True,False
perle,465431,77,49,2500,7749,1101,8.0377813301002945,-4.2910307982524376,8.0377813301002945,-3.96902396632442,True,False,True,False,True,False
perle,465431,77,50,2550,7750,1101,8.2010102865887706,-4.3832932628373591,8.2010102865887706,-4.0540243028840024,True,False,True,False,True,False
perle,465431,77,51,2600,7751,1101,8.3642392430772468,-4.4755557274222815,8.3642392430772468,-4.1390246394435861,True,False,True,False,True,False
perle,465431,77,52,2650,7752,1101,8.5274681995657229,-4.5678181920072038,8.5274681995657229,-4.224024976003169,True,False,True,False,True,False
perle,465431,77,53,2700,7753,1101,8.690697156054199,-4.6600806565921262,8.690697156054199,-4.3090253125627527,True,False,True,False,True,False
perle,465431,77,54,2750,7754,1101,8.8539261125426734,-4.7523431211770468,8.8539261125426734,-4.3940256491223346,True,False,True,False,True,False
perle,465431,77,55,2800,7755,1101,9.0171550690311495,-4.8446055857619692,9.0171550690311495,-4.4790259856819183,True,False,True,False,True,False
perle,465431,77,56,2850,7756,1101,9.1803840255196256,-4.9368680503468916,9.1803840255196256,-4.5640263222415021,True,False,True,False,True,False
perle,465431,77,57,2900,7757,1101,9.3436129820081018,-5.029130514931814,9.3436129820081018,-4.649026658801084,True,False,True,False,True,False
perle,465431,77,58,2950,7758,1101,9.5068419384965779,-5.1213929795167363,9.5068419384965779,-4.7340269953606677,True,False,True,False,True,False
perle,465431,77,59,3000,7759,1101,9.6700708949850522,-5.2136554441016569,9.6700708949850522,-4.8190273319202497,True,False,True,False,True,False
perle,465431,77,60,3050,7760,1101,9.8332998514735284,-5.3059179086865793,9.8332998514735284,-4.9040276684798325,True,False,True,False,True,False
perle,469268,78,6,350,7806,1083,1.116217694715079,4.9612809276128669,1.116217694715079,4.9612809276128678,True,True,False,True,False,False
perle,469268,78,7,400,7807,1083,1.3651147020337695,5.2456474474417103,1.3651147020337695,5.2456474474417103,True,True,False,True,False,False
perle,469268,78,8,450,7808,1083,1.61401170935246,5.5300139672705546,1.61401170935246,5.5300139672705555,True,True,False,True,False,False
perle,469268,78,9,500,7809,1083,1.8629087166711509,5.8143804870993989,1.8629087166711509,5.8143804870993989,True,True,False,True,False,False
perle,469268,78,10,550,7810,1083,2.1118057239898413,6.0987470069282432,2.1118057239898413,6.0987470069282432,True,True,False,True,False,False
perle,469268,78,11,600,7811,1083,2.3607027313085318,6.3831135267570875,2.3607027313085318,6.3831135267570867,True,True,False,True,False,False
perle,469268,78,12,650,7812,1083,2.6095997386272223,6.667480046585931,2.6095997386272223,6.667480046585931,True,True,False,True,False,False
perle,469268,78,13,700,7813,1083,2.8584967459459132,6.9518465664147762,2.8584967459459132,6.9518465664147744,True,True,False,True,False,False
perle,469268,78,14,750,7814,1083,3.1073937532646037,7.2362130862436196,3.1073937532646037,7.2362130862436223,True,True,False,True,False,False
perle,469268,78,15,800,7815,1083,3.3562907605832941,7.5205796060724648,3.3562907605832941,7.5205796060724657,True,True,False,True,False,False
perle,469268,78,16,850,7816,1083,3.605187767901985,7.8049461259013082,3.605187767901985,7.8049461259013082,True,True,False,True,False,False
perle,469268,78,17,900,7817,1083,3.8540847752206751,8.0893126457301516,3.8540847752206751,8.0893126457301516,True,True,False,True,False,False
perle,469268,78,18,950,7818,1083,4.1029817825393664,8.3736791655589968,4.1029817825393664,8.3736791655589968,True,True,False,True,False,False
perle,469268,78,19,1000,7819,1083,4.3518787898580573,8.658045685387842,4.3518787898580573,8.658045685387842,True,True,False,True,False,False
perle,469268,78,20,1050,7820,1083,4.6007757971767473,8.9424122052166855,4.6007757971767473,8.9424122052166872,True,True,False,True,False,False
perle,469268,78,21,1100,7821,1083,4.8496728044954382,9.2267787250455306,4.8496728044954382,9.2267787250455324,True,True,False,True,False,False
perle,469268,78,22,1150,7822,1083,5.0985698118141292,9.5111452448743741,5.0985698118141292,9.5111452448743723,True,True,False,True,False,False
perle,469268,78,23,1200,7823,1083,5.3474668191328192,9.7955117647032175,5.3474668191328192,9.7955117647032193,True,False,False,True,False,False
perle,469268,78,24,1250,7824,1083,5.5963638264515101,9.6612305303086892,5.5963638264515101,9.7287327052881878,True,False,True,True,False,True
perle,469268,78,25,1300,7825,1083,5.8452608337702001,9.3847966550124333,5.8452608337702001,9.5427214968244076,True,False,True,True,False,True
perle,469268,78,26,1350,7826,1083,6.094157841088891,9.1083627797161739,6.094157841088891,9.3567102883606292,True,False,True,True,False,True
perle,469268,78,27,1400,7827,1083,6.3430548484075819,8.8319289044199145,6.3430548484075819,9.1706990798968508,True,False,True,True,False,True
perle,469268,78,28,1450,7828,1083,6.591951855726272,8.5554950291236551,6.591951855726272,8.9846878714330707,True,False,True,True,False,True
perle,469268,78,29,1500,7829,1083,6.8408488630449629,8.2790611538273975,6.8408488630449629,8.7986766629692923,True,False,True,True,False,True
perle,469268,78,30,1550,7830,1083,7.0897458703636538,8.0026272785311381,7.0897458703636538,8.6126654545055139,True,False,True,True,False,True
perle,469268,78,31,1600,7831,1083,7.3386428776823438,7.7261934032348805,7.3386428776823438,8.4266542460417355,True,False,True,True,False,True
perle,469268,78,32,1650,7832,1083,7.5875398850010347,7.4497595279386211,7.5875398850010347,8.2406430375779554,True,False,True,True,False,True
perle,469268,78,33,1700,7833,1083,7.8364368923197256,7.1733256526423634,7.8364368923197256,8.0546318291141787,True,False,True,True,False,True
perle,469268,78,34,1750,7834,1083,8.0853338996384156,6.896891777346104,8.0853338996384156,7.8686206206504004,True,False,True,True,False,True
perle,469268,78,35,1800,7835,1083,8.3342309069571048,6.6204579020498482,8.3342309069571048,7.6826094121866229,True,False,True,True,False,True
perle,469268,78,36,1850,7836,1083,8.5831279142757957,6.3440240267535888,8.5831279142757957,7.4965982037228427,True,False,True,True,False,True
perle,469268,78,37,1900,7837,1083,8.8320249215944866,6.0675901514573294,8.8320249215944866,7.3105869952590634,True,False,True,True,False,True
perle,469268,78,38,1950,7838,1083,9.0809219289131775,5.7911562761610718,9.0809219289131775,7.1245757867952841,True,False,True,True,False,True
perle,469268,78,39,2000,7839,1083,9.3298189362318684,5.5147224008648124,9.3298189362318684,6.9385645783315057,True,False,True,True,False,True
perle,469268,78,40,2050,7840,1083,9.5787159435505576,5.2382885255685547,9.5787159435505576,6.7525533698677283,True,False,True,True,False,True
perle,469268,78,41,2100,7841,1083,9.8276129508692485,4.9618546502722971,9.8276129508692485,6.5665421614039481,True,False,True,True,False,True
