animal,representation,epoch,metric,null_mean,null_sd,null_q025,null_q975,n_random_statistics,n_splits,n_conditions_mean,n_bins_mean,raw_preprocessing,objective_mean,objective_split_sd,objective_minus_null,objective_empirical_random_at_least_as_good_fraction,behavior_mean,behavior_split_sd,behavior_minus_null,behavior_empirical_random_at_least_as_good_fraction
mahler,FA50,full,r,0.22440156090783281,0.032298126088258799,0.1676885832135018,0.2859205727960904,1000,100,39.57,1701.1500000000001,fail,0.49277287909596262,0.044021215314783597,0.2683713181881297,0,0.46959711576745122,0.046342415347765002,0.2451955548596183,0
mahler,FA50,full,RMSE,5.2652882450198231,0.138731956588106,4.984302792580201,5.5295081669207713,1000,100,39.57,1701.1500000000001,fail,4.5909401514015276,0.28050531244579158,-0.67434809361829551,0,4.6129003178482089,0.29287494956920429,-0.6523879271716142,0
mahler,FA50,full,bias,-0.065989207478890893,0.061050567036844201,-0.18368473907608671,0.047374467781824699,1000,100,39.57,1701.1500000000001,fail,-0.067635563649434294,0.90460029268557596,-0.0016463561705434,,-0.067676403927124998,0.90798904427417682,-0.001687196448234,
mahler,FA50,full,target_sd,5.1035612953013008,0.1014682534746891,4.9046193727132605,5.293367831842974,1000,100,39.57,1701.1500000000001,fail,5.1454801627851339,0.23392917975773711,0.041918867483833097,,5.0828876281464224,0.2456439176832568,-0.020673667154878301,
mahler,FA50,full,prediction_sd,2.5463757937197729,0.084380907794518803,2.377220278650606,2.7105381884220483,1000,100,39.57,1701.1500000000001,fail,2.982968386237046,0.1881527602842136,0.43659259251727311,,2.9362170700089121,0.19141386681413181,0.38984127628913873,
mahler,FA50,full,amplitude_ratio,0.50039747639539056,0.0102970386256048,0.48189323941953771,0.52078911292427654,1000,100,39.57,1701.1500000000001,fail,0.58158058758660902,0.053173756650426597,0.081183111191218293,,0.57986071315831023,0.056693032646203199,0.079463236762919498,
mahler,FA50,full,target_min,-9.8446666635833289,0.0089668495975479007,-9.861203130811008,-9.8292244082385594,1000,100,39.57,1701.1500000000001,fail,-9.8440031137896131,0.035525949194295199,0.00066354979371569998,,-9.8556913040157994,0.040605629660397997,-0.0110246404324723,
mahler,FA50,full,target_max,9.8237650081534476,0.0048492017334717998,9.8152287638508184,9.8323939055932552,1000,100,39.57,1701.1500000000001,fail,9.8333834576094947,0.0141861717762485,0.0096184494560471005,,9.8322210401670649,0.0128944618286053,0.0084560320136173005,
mahler,FA50,full,SSE,47301.561741808495,2490.2017746607798,42353.217919538576,52149.945126256091,1000,100,39.57,1701.1500000000001,fail,35979.28983965455,4513.7725892326052,-11322.271902153943,,36337.38729859265,4758.1980634805004,-10964.174443215845,
mahler,FA50,full,baseline_SSE,12118.668733864111,376.89314954072472,11363.494259374904,12836.525351646218,1000,100,39.57,1701.1500000000001,fail,13300.977366787298,1655.8376174381408,1182.3086329231865,,11299.16192037092,1231.0754142014323,-819.50681349319166,
mahler,FA50,full,skill,-2.9484677466727942,0.2184211025085081,-3.377958068064725,-2.5260460789687365,1000,100,39.57,1701.1500000000001,fail,-1.754291811998633,0.53016131487465434,1.1941759346741612,0,-2.2594039558320689,0.58656456262626022,0.68906379084072533,0.001
mahler,FA50,full,objective_distance_RMSE,3.7758439880877464,0.22585248822974041,3.305492485037488,4.2214948077510339,1000,100,39.57,1701.1500000000001,fail,0,0,-3.7758439880877464,,0.67492805773336317,0.075674794942980406,-3.1009159303543834,
mahler,FA50,full,baseline_r,0.85728980830045065,0.0068956755242167,0.84391513477307656,0.87022448510065098,1000,100,39.57,1701.1500000000001,fail,0.8434021302208532,0.027269722399848699,-0.0138876780795974,,0.86529712166290162,0.022715075124192099,0.0080073133624508994,
mahler,FA50,full,baseline_RMSE,2.6649543386109791,0.041155371588685999,2.5811158817862694,2.7415959929534721,1000,100,39.57,1701.1500000000001,fail,2.7914628524720411,0.17304441738145479,0.1265085138610624,,2.5738642064588197,0.1364576789748716,-0.091090132152159706,
mahler,FA50,visible,r,0.29310753417681867,0.0253589915226165,0.24303140653594521,0.34205537239198758,1000,100,39.57,976.32000000000005,fail,0.42993233932285613,0.056718597683717897,0.1368248051460374,0,0.40966970134910369,0.0582046745612253,0.116562167172285,0
mahler,FA50,visible,RMSE,5.2521181993514094,0.1106928091042791,5.0346377159431279,5.454273503543182,1000,100,39.57,976.32000000000005,fail,4.7691491111618936,0.27903887837363389,-0.48296908818951578,0,4.7964990116462403,0.27788289357400831,-0.45561918770516913,0
mahler,FA50,visible,bias,0.022798159139196701,0.061565390780065003,-0.098262316067520603,0.1427621327509517,1000,100,39.57,976.32000000000005,fail,-0.0394589302080448,0.95665234626993956,-0.062257089347241501,,-0.045771205077387897,0.96101707548862159,-0.068569364216584702,
mahler,FA50,visible,target_sd,5.2855088450715932,0.096824008969286599,5.0992775224581601,5.4636968555080792,1000,100,39.57,976.32000000000005,fail,5.1380646824044716,0.27784774215602881,-0.1474441626671234,,5.1023216561004059,0.28220358605908991,-0.18318718897118819,
mahler,FA50,visible,prediction_sd,2.5081238167710151,0.0846693683052019,2.3398811750743875,2.668504039265537,1000,100,39.57,976.32000000000005,fail,2.7519725044808481,0.18657740144549029,0.2438486877098329,,2.721579135895642,0.1906253998373266,0.2134553191246269,
mahler,FA50,visible,amplitude_ratio,0.47647279802004122,0.0105024464464143,0.45641165810543499,0.49657316399700502,1000,100,39.57,976.32000000000005,fail,0.53807330069636627,0.056559147640161199,0.061600502676325102,,0.53605315387455721,0.058602187196178698,0.059580355854515897,
mahler,FA50,visible,target_min,-9.8146441438062233,0.0086470841133098001,-9.831226548828452,-9.8005143711559128,1000,100,39.57,976.32000000000005,fail,-9.8104411736637793,0.024087926635490801,0.0042029701424456997,,-9.8178540715978855,0.016559715428058099,-0.0032099277916585998,
mahler,FA50,visible,target_max,9.8094859080322205,0.0051693642669915999,9.8008252962167433,9.8190866360797795,1000,100,39.57,976.32000000000005,fail,9.816640799556323,0.030435882568317699,0.0071548915241042002,,9.8176323430488832,0.0262526216807243,0.0081464350166626006,
mahler,FA50,visible,SSE,27011.613724833602,1135.7371595205605,24814.990137956585,29119.923207778247,1000,100,39.57,976.32000000000005,fail,22274.200494288747,2657.8076078724348,-4737.4132305448557,,22528.943895474971,2663.7231327025961,-4482.669829358626,
mahler,FA50,visible,baseline_SSE,2116.0491005750014,130.33894432450001,1862.49121260334,2382.4424218822828,1000,100,39.57,976.32000000000005,fail,2535.6227488282761,403.85334497150922,419.57364825327386,,1990.5973706438649,314.24570586086298,-125.4517299311367,
mahler,FA50,visible,skill,-12.135431307879175,0.92000702130998435,-14.042495323969924,-10.402916117156218,1000,100,39.57,976.32000000000005,fail,-8.0782097711140448,2.1374380323385558,4.0572215367651294,0,-10.691603897682482,2.7368268549081165,1.4438274101966933,0.0519999999999999
mahler,FA50,visible,objective_distance_RMSE,2.1285980262714705,0.15976760056497499,1.7979748854363546,2.4299275782826038,1000,100,39.57,976.32000000000005,fail,0,0,-2.1285980262714705,,0.28795327149865202,0.0283815941837656,-1.8406447547728184,
mahler,FA50,visible,baseline_r,0.96170397878694258,0.0026885444243483999,0.95651193740193075,0.96701950833696515,1000,100,39.57,976.32000000000005,fail,0.95108450225514041,0.0112668837981103,-0.010619476531802299,,0.96133042398786639,0.0090040180621360991,-0.00037355479907629998,
mahler,FA50,visible,baseline_RMSE,1.4671313666495449,0.045120765295939197,1.3766288489785767,1.5570949206907418,1000,100,39.57,976.32000000000005,fail,1.606257861247762,0.1237414407519033,0.1391264945982173,,1.4232572755259807,0.1081236196445844,-0.043874091123563698,
mahler,FA50,hidden,r,0.1156560061408281,0.050873113635438803,0.0237956453371456,0.21696672489851279,1000,100,39.57,685.25999999999999,fail,0.56443181748902493,0.064910748068200505,0.44877581134819672,0,0.5406495527232269,0.0747940961217467,0.42499354658239868,0
mahler,FA50,hidden,RMSE,5.300672422801779,0.1958389820653979,4.9157015310723979,5.6792703455536877,1000,100,39.57,685.25999999999999,fail,4.3630131620392198,0.41570641765203781,-0.93765926076255923,0,4.373486407643397,0.46759485932355022,-0.92718601515838195,0
mahler,FA50,hidden,bias,-0.18782482131386499,0.1042553230083518,-0.3944992058676054,0.0092268034710820002,1000,100,39.57,685.25999999999999,fail,-0.11092247119953851,0.98658030081166603,0.076902350114326501,,-0.1011123580848737,0.99637755583394905,0.086712463228991302,
mahler,FA50,hidden,target_sd,4.8025270261819983,0.13759666074604679,4.5321371362361971,5.0703735018790859,1000,100,39.57,685.25999999999999,fail,5.1298013515296939,0.279512856271799,0.32727432534769552,,5.0326120915855048,0.30989497849739261,0.2300850654035064,
mahler,FA50,hidden,prediction_sd,2.5590103186163664,0.1001330796492068,2.372235324489357,2.769423628741265,1000,100,39.57,685.25999999999999,fail,3.2458116499974601,0.24934745004973391,0.68680133138109356,,3.1843924328202542,0.24645677064796651,0.62538211420388767,
mahler,FA50,hidden,amplitude_ratio,0.5349165473529699,0.016890878885565501,0.50476908495156791,0.57146002285811004,1000,100,39.57,685.25999999999999,fail,0.6353769981905093,0.0674083309920403,0.10046045083753941,,0.6360479781654097,0.071024732125798101,0.1011314308124398,
mahler,FA50,hidden,target_min,-9.7428178969825314,0.016869927468329899,-9.7744689473003987,-9.7102792809436718,1000,100,39.57,685.25999999999999,fail,-9.7943707482584941,0.155985061941502,-0.051552851275962597,,-9.7821184402978911,0.25808034714836309,-0.039300543315359697,
mahler,FA50,hidden,target_max,9.7208388079949319,0.020769819356503402,9.6729808214949689,9.7565374942409733,1000,100,39.57,685.25999999999999,fail,9.7566296805071495,0.28325303697659487,0.035790872512215702,,9.7587611616355936,0.28664444115597931,0.037922353640659802,
mahler,FA50,hidden,SSE,19375.749427804269,1431.4977317732037,16616.742199248754,22196.59686609963,1000,100,39.57,685.25999999999999,fail,13169.241045825398,2612.0797988466875,-6206.5083819788715,,13267.717895846954,2969.793783043307,-6108.0315319573147,
mahler,FA50,hidden,baseline_SSE,9729.7811803324039,284.64262974522046,9184.7031270232728,10252.253152511475,1000,100,39.57,685.25999999999999,fail,10451.48213385326,1274.2713996530133,721.70095352085616,,9063.9209547871687,949.78765974476835,-665.86022554523697,
mahler,FA50,hidden,skill,-1.0076054159501886,0.14517279478309561,-1.2971642714986282,-0.73189320351916975,1000,100,39.57,685.25999999999999,fail,-0.27688892824689287,0.29294213790734752,0.73071648770329556,0,-0.47555427949012002,0.34856693242525078,0.53205113646006852,0.001
mahler,FA50,hidden,objective_distance_RMSE,5.3015049753851127,0.30887484864509501,4.6560465044016963,5.9021620028357598,1000,100,39.57,685.25999999999999,fail,0,0,-5.3015049753851127,,0.99621919576957341,0.12455222011869491,-4.3052857796155397,
mahler,FA50,hidden,baseline_r,0.63965947554587321,0.025387834073884601,0.59048908071874118,0.68695330219995798,1000,100,39.57,685.25999999999999,fail,0.66561773674143654,0.062830488732821002,0.025958261195563301,,0.70944646448628401,0.057949482797135903,0.069786988940410702,
mahler,FA50,hidden,baseline_RMSE,3.7634569202055288,0.054486662177378603,3.6580983663147015,3.8616650452447039,1000,100,39.57,685.25999999999999,fail,3.9003502890448578,0.2431358421258514,0.13689336883932809,,3.6334765978125798,0.18827008194457259,-0.1299803223929489,
mahler,FA50,bounce,r,0.35774224093683882,0.0365007103660153,0.28551911828644649,0.42568430999632162,1000,100,12.94,600.99000000000001,fail,0.56600340316679132,0.063812488901286393,0.20826116222995239,0,0.55284983953736055,0.066284214955462897,0.19510759860052171,0
mahler,FA50,bounce,RMSE,6.3029101579763509,0.1816964335060639,5.9776699185287283,6.6683848035788316,1000,100,12.94,600.99000000000001,fail,5.9282370601667242,0.41650482290289281,-0.3746730978096266,0.016,6.0918996786606083,0.42375163403327532,-0.2110104793157434,0.11600000000000001
mahler,FA50,bounce,bias,-0.55590022440022724,0.28808718806102263,-1.1319740175664117,-0.0028728415723996001,1000,100,12.94,600.99000000000001,fail,-0.56274570037056015,1.6034574279873768,-0.0068454759703329999,,-0.54040057918344053,1.6523068819428015,0.015499645216786701,
mahler,FA50,bounce,target_sd,6.5024468954605341,0.1401966121420701,6.2511468341644925,6.8020101281766916,1000,100,12.94,600.99000000000001,fail,6.8525676938960949,0.259397847365267,0.35012079843556071,,6.9700976820716702,0.23565660922263279,0.46765078661113613,
mahler,FA50,bounce,prediction_sd,2.7271278043193616,0.1077623690745115,2.506342984799665,2.9322347034357028,1000,100,12.94,600.99000000000001,fail,3.186810483655067,0.36998833055328062,0.45968267933570528,,3.1317057679054749,0.35546830655869688,0.40457796358611331,
mahler,FA50,bounce,amplitude_ratio,0.42023987494160342,0.014717423431575401,0.39202045505465188,0.44839722749185512,1000,100,12.94,600.99000000000001,fail,0.46571413703362918,0.057322121589459499,0.045474262092025798,,0.44977406611772208,0.053213658758790597,0.029534191176118701,
mahler,FA50,bounce,target_min,-9.8446666635833289,0.0089668495975479007,-9.861203130811008,-9.8292244082385594,1000,100,12.94,600.99000000000001,fail,-9.8440031137896131,0.035525949194295199,0.00066354979371569998,,-9.8556913040157994,0.040605629660397997,-0.0110246404324723,
mahler,FA50,bounce,target_max,9.8237650081534476,0.0048492017334717998,9.8152287638508184,9.8323939055932552,1000,100,12.94,600.99000000000001,fail,9.8333834576094947,0.0141861717762485,0.0096184494560471005,,9.8322210401670649,0.0128944618286053,0.0084560320136173005,
mahler,FA50,bounce,SSE,24210.768732882399,1407.7203140365614,21737.684457418651,27086.153334005667,1000,100,12.94,600.99000000000001,fail,21410.743839679799,5465.2339318478316,-2800.0248932025934,,22599.467447253846,5757.7976650029459,-1611.3012856285495,
mahler,FA50,bounce,baseline_SSE,2654.4165759055454,361.47426660969438,1968.0468935508447,3367.9466799704383,1000,100,12.94,600.99000000000001,fail,1994.4952666364543,489.4216327043813,-659.92130926909158,,2367.270549281352,517.73648093964368,-287.14602662419384,
mahler,FA50,bounce,skill,-8.5381974131800451,1.4035845548454473,-11.758846018080009,-6.2932614886805514,1000,100,12.94,600.99000000000001,fail,-9.9409779566013476,2.0974928011424447,-1.4027805434213023,0.86099999999999988,-8.6034716623021819,1.5261588305459683,-0.065274249122136696,0.55300000000000005
mahler,FA50,bounce,objective_distance_RMSE,2.7070163548890078,0.2806838702776393,2.1398299402898799,3.2021887744665709,1000,100,12.94,600.99000000000001,fail,0,0,-2.7070163548890078,,0.82377687340731198,0.18301397353292689,-1.883239481481696,
mahler,FA50,bounce,baseline_r,0.94939166043550405,0.0068949674854577002,0.93549023005695942,0.96204239917038603,1000,100,12.94,600.99000000000001,fail,0.96747093161819642,0.0052685340385312997,0.0180792711826923,,0.96273979145118682,0.0052293645100910998,0.0133481310156828,
mahler,FA50,bounce,baseline_RMSE,2.0886894410930936,0.14554666657725579,1.7993211488237832,2.3640899174190122,1000,100,12.94,600.99000000000001,fail,1.8127205861237856,0.16969373256635251,-0.27596885496930801,,1.977897904965628,0.13593364733761559,-0.1107915361274658,
mahler,FA50,no_bounce,r,0.1179381307153325,0.046714634118339302,0.0289397466463872,0.21612717759634339,1000,100,26.629999999999999,1100.1600000000001,fail,0.45584087184540589,0.056991970160088397,0.3379027411300734,0,0.42610720245474848,0.0598858106147485,0.30816907173941599,0
mahler,FA50,no_bounce,RMSE,4.5609793618560124,0.1627082860229361,4.2291484117640286,4.8695141099624593,1000,100,26.629999999999999,1100.1600000000001,fail,3.6318989960435335,0.192277767916884,-0.92908036581247844,0,3.5249013756770209,0.1921979026767221,-1.0360779861789915,0
mahler,FA50,no_bounce,bias,0.2141386965958412,0.16637454539821731,-0.10789650220246789,0.55976263518354274,1000,100,26.629999999999999,1100.1600000000001,fail,0.21857828442148919,0.65334318257846125,0.0044395878256478999,,0.20576866401143229,0.63517049497136535,-0.0083700325844088992,
mahler,FA50,no_bounce,target_sd,4.0513368116134414,0.16803872911100309,3.711544558263189,4.3689565856795998,1000,100,26.629999999999999,1100.1600000000001,fail,3.8107821245431479,0.15374103590127761,-0.2405546870702934,,3.5540625511010013,0.1318818794866804,-0.49727426051244,
mahler,FA50,no_bounce,prediction_sd,2.4083206319312902,0.075668354682524003,2.2627310748562546,2.5563093177584268,1000,100,26.629999999999999,1100.1600000000001,fail,2.8410871206471437,0.19204187329274719,0.4327664887158526,,2.7983174427899891,0.2030851584796726,0.38999681085869881,
mahler,FA50,no_bounce,amplitude_ratio,0.59760144709646557,0.0203271980737318,0.56177830634974235,0.64100717759412984,1000,100,26.629999999999999,1100.1600000000001,fail,0.74685974808410305,0.060058162222316802,0.14925830098763729,,0.78845594951262443,0.064290660564288699,0.1908545024161587,
mahler,FA50,no_bounce,target_min,-8.7077531845907128,0.096927235057320399,-8.8606365518877119,-8.4993110685742845,1000,100,26.629999999999999,1100.1600000000001,fail,-9.2818078399229709,0.38000363666097853,-0.5740546553322563,,-8.6684195456152011,0.1266201908252973,0.039333638975513403,
mahler,FA50,no_bounce,target_max,7.5485878296717903,0.099252117420225106,7.3844616158311442,7.7270003698433491,1000,100,26.629999999999999,1100.1600000000001,fail,8.1536693864588017,0.38399512783044393,0.60508155678701125,,7.4991031024052033,0.49669843314351558,-0.049484727266587002,
mahler,FA50,no_bounce,SSE,23090.793008926095,1649.0335281357975,19810.007253545464,26319.722645829646,1000,100,26.629999999999999,1100.1600000000001,fail,14568.545999974747,2225.9256265097529,-8522.2470089513499,,13737.919851338807,2222.1826858967383,-9352.8731575872898,
mahler,FA50,no_bounce,baseline_SSE,9464.2521579585664,583.37348618016563,8294.7217352842472,10645.543763361173,1000,100,26.629999999999999,1100.1600000000001,fail,11306.482100150846,1734.6395988721561,1842.2299421922801,,8931.8913710895704,1348.1562586755197,-532.360786868996,
mahler,FA50,no_bounce,skill,-1.4566173693477449,0.18514630285149669,-1.8120270763748929,-1.091375444782507,1000,100,26.629999999999999,1100.1600000000001,fail,-0.30265404773823951,0.18637790592896511,1.1539633216095051,0,-0.55505852092302022,0.2385441916036877,0.90155884842472456,0
mahler,FA50,no_bounce,objective_distance_RMSE,4.2341074775171421,0.30307773013846712,3.6042403960711296,4.8011364351509327,1000,100,26.629999999999999,1100.1600000000001,fail,0,0,-4.2341074775171421,,0.56437561400189318,0.0592682802485716,-3.6697318635152487,
mahler,FA50,no_bounce,baseline_r,0.70847887957135613,0.0279958570439576,0.64854932303203361,0.76130083463430198,1000,100,26.629999999999999,1100.1600000000001,fail,0.59049560254964517,0.052563022328494698,-0.1179832770217108,,0.64201745310451785,0.0503801719267555,-0.066461426466838197,
mahler,FA50,no_bounce,baseline_RMSE,2.9270002938474278,0.090589685156637498,2.7416639017078701,3.1079856798208647,1000,100,26.629999999999999,1100.1600000000001,fail,3.200073391133563,0.19581281009443491,0.27307309728613571,,2.844019937815176,0.16316046896110509,-0.082980356032251207,
mahler,FA50,post_bounce,r,0.40051594701913112,0.044212568980241,0.31398211492995631,0.47982222867112251,1000,100,12.94,318.60000000000002,fail,0.61368586745818288,0.075349822409927103,0.21316992043905181,0,0.60196616144852921,0.077047903795227496,0.20145021442939801,0
mahler,FA50,post_bounce,RMSE,5.9514087417849444,0.3183352053727031,5.372822128901352,6.6203873645944249,1000,100,12.94,318.60000000000002,fail,5.8091476542885161,0.53092770633503794,-0.1422610874964283,0.34300000000000003,6.0618240442578761,0.54725594591979332,0.1104153024729317,0.64300000000000002
mahler,FA50,post_bounce,bias,-0.63313911581809446,0.48119670751576199,-1.5671687950364499,0.29224209315954602,1000,100,12.94,318.60000000000002,fail,-0.72702693507902683,1.6851570285120123,-0.093887819260932204,,-0.67362792807007854,1.7640788664866931,-0.040488812251983898,
mahler,FA50,post_bounce,target_sd,6.2121436219251525,0.27164081115945221,5.7153560746562473,6.7842638318701969,1000,100,12.94,318.60000000000002,fail,6.9215387224500819,0.29935053187826333,0.7093951005249286,,7.1396354993392892,0.2867146605570251,0.92749187741413675,
mahler,FA50,post_bounce,prediction_sd,2.7924337146689475,0.1123128289896132,2.578278564000501,3.0074728279067497,1000,100,12.94,318.60000000000002,fail,3.33995284093402,0.34408052929361682,0.54751912626507204,,3.2925983898070101,0.33986670240390238,0.50016467513806262,
mahler,FA50,post_bounce,amplitude_ratio,0.45176106885621581,0.020196017964492101,0.41266335905964852,0.48989764112848078,1000,100,12.94,318.60000000000002,fail,0.4831244722941414,0.051090588259527697,0.031363403437925499,,0.46164403879114291,0.048609087164846798,0.0098829699349270005,
mahler,FA50,post_bounce,target_min,-9.8441348242499433,0.0091036672419646004,-9.8609790549368714,-9.8285852519585948,1000,100,12.94,318.60000000000002,fail,-9.8439826761680234,0.035563660749118702,0.00015214808192170001,,-9.8556565781132459,0.040672265839016598,-0.011521753863300699,
mahler,FA50,post_bounce,target_max,9.8198477000280295,0.0052970084352438997,9.8101447119813834,9.8293721260354907,1000,100,12.94,318.60000000000002,fail,9.8300066114547686,0.0218865535686814,0.0101589114267408,,9.829658911431018,0.018386004449215902,0.0098112114029902005,
mahler,FA50,post_bounce,SSE,11488.914014808402,1247.4227196902559,9310.0438875910531,14228.32612424264,1000,100,12.94,318.60000000000002,fail,10921.380851933987,3061.756317794182,-567.53316287441339,,11879.350062497168,3310.9140043706188,390.43604768876691,
mahler,FA50,post_bounce,baseline_SSE,2654.4165759055454,361.47426660969438,1968.0468935508447,3367.9466799704383,1000,100,12.94,318.60000000000002,fail,1994.4952666364543,489.4216327043813,-659.92130926909158,,2367.270549281352,517.7364809396438,-287.14602662419384,
mahler,FA50,post_bounce,skill,-3.4821197827332573,0.69285213643936794,-4.8887356971510219,-2.3055264191746025,1000,100,12.94,318.60000000000002,fail,-4.599481206941908,1.3602855106641862,-1.1173614242086507,0.93500000000000005,-4.0633249725272256,1.0755281262018963,-0.58120518979396818,0.80700000000000005
mahler,FA50,post_bounce,objective_distance_RMSE,3.7212488724906878,0.38582948326277472,2.9393058795811644,4.4026508516854399,1000,100,12.94,318.60000000000002,fail,0,0,-3.7212488724906878,,1.1327500752103044,0.25482383523133062,-2.5884987972803839,
mahler,FA50,post_bounce,baseline_r,0.89827704414664056,0.015388752511090099,0.867756861427048,0.92659039186630121,1000,100,12.94,318.60000000000002,fail,0.94666258843731965,0.0091464963552223,0.048385544290678997,,0.94146604222195762,0.0090937594067490007,0.043188998075317002,
mahler,FA50,post_bounce,baseline_RMSE,2.8684328344754482,0.1993302666248023,2.4731634284917003,3.2454376359383703,1000,100,12.94,318.60000000000002,fail,2.4950640968481483,0.26849771801719419,-0.37336873762729927,,2.7229168457622648,0.2407154674213306,-0.14551598871318289,
mahler,FA50,endpoint_influence,r,0.2043062629599442,0.035850721862499997,0.1385392810866696,0.27202717532444698,1000,100,39.57,1418.76,fail,0.49704480229996412,0.047410662851554,0.29273853934001992,0,0.47245377057534932,0.0505015024086828,0.26814750761540512,0
mahler,FA50,endpoint_influence,RMSE,4.9296529730699934,0.16063657531492659,4.6087892378495443,5.2346681520142724,1000,100,39.57,1418.76,fail,4.237382005953938,0.2426671421431455,-0.6922709671160554,0,4.247582530227767,0.25664879233256083,-0.6820704428422264,0
mahler,FA50,endpoint_influence,bias,0.013958660290396999,0.071633776963617904,-0.12700693536518559,0.15356915961905229,1000,100,39.57,1418.76,fail,-0.0061402394959970998,0.79499329583350054,-0.0200988997863942,,-0.0031504267732195999,0.79284660686432873,-0.017109087063616701,
mahler,FA50,endpoint_influence,target_sd,4.6751646378117897,0.13309535987893639,4.4123367214949853,4.921105135200766,1000,100,39.57,1418.76,fail,4.7413993878119838,0.20824063132866,0.066234750000194006,,4.6585045914573433,0.221912509852562,-0.016660046354446401,
mahler,FA50,endpoint_influence,prediction_sd,2.5240599983925995,0.082230487125639407,2.3646255017312248,2.6825656720822844,1000,100,39.57,1418.76,fail,2.9779075619691322,0.1646029830547123,0.45384756357653261,,2.9350232836845138,0.17187323286762049,0.41096328529191423,
mahler,FA50,endpoint_influence,amplitude_ratio,0.54186926027784366,0.0104235948789513,0.52375617975152677,0.56418763785904003,1000,100,39.57,1418.76,fail,0.62991820839196122,0.052795113956144002,0.088048948114117398,,0.63231278601704854,0.057911926332587703,0.090443525739204694,
mahler,FA50,endpoint_influence,target_min,-9.8441348242499433,0.0091036672419646004,-9.8609790549368714,-9.8285852519585948,1000,100,39.57,1418.76,fail,-9.8439826761680234,0.035563660749118702,0.00015214808192170001,,-9.8556565781132459,0.040672265839016598,-0.011521753863300699,
mahler,FA50,endpoint_influence,target_max,9.8198477000280295,0.0052970084352438997,9.8101447119813834,9.8293721260354907,1000,100,39.57,1418.76,fail,9.8300066114547686,0.0218865535686814,0.0101589114267408,,9.829658911431018,0.018386004449215902,0.0098112114029902005,
mahler,FA50,endpoint_influence,SSE,34579.707023734503,2251.1692118925307,30195.499925640055,38943.751994835497,1000,100,39.57,1418.76,fail,25489.926851908745,2638.2233115429995,-9089.7801718257579,,25617.269913835986,2780.8118543943629,-8962.4371098985212,
mahler,FA50,endpoint_influence,baseline_SSE,12118.668733864111,376.89314954072472,11363.494259374904,12836.525351646218,1000,100,39.57,1418.76,fail,13300.977366787298,1655.8376174381413,1182.3086329231865,,11299.16192037092,1231.0754142014323,-819.50681349319166,
mahler,FA50,endpoint_influence,skill,-1.8753039267273479,0.19062524024620911,-2.251107768758692,-1.5024068222183211,1000,100,39.57,1418.76,fail,-0.94634445343596085,0.31547806993518462,0.92895947329138695,0,-1.2943833444470627,0.35251654399798371,0.58092058228028487,0.001
mahler,FA50,endpoint_influence,objective_distance_RMSE,4.1355108119577766,0.24723180561258321,3.6210855028892737,4.6229966079058569,1000,100,39.57,1418.76,fail,0,0,-4.1355108119577766,,0.74005951835210415,0.088550155099405295,-3.3954512936056722,
mahler,FA50,endpoint_influence,baseline_r,0.79057509032725515,0.0136941073272028,0.76314765119403127,0.81562463878039682,1000,100,39.57,1418.76,fail,0.77241585592245454,0.034115104115704203,-0.0181592344048007,,0.80317093833643005,0.029050943949144498,0.0125958480091749,
mahler,FA50,endpoint_influence,baseline_RMSE,2.9188345231345947,0.0449070976117001,2.8266079631212802,3.0021142045717824,1000,100,39.57,1418.76,fail,3.057427386350664,0.18042848215253071,0.13859286321606931,,2.8194717385825001,0.14668918107585091,-0.099362784552095004,
mahler,GPFA50,full,r,0.2515169097599515,0.037317820069370101,0.18004073505973911,0.32436675656350011,1000,100,39.57,1701.1500000000001,fail,0.53736603945968353,0.052457563033898202,0.28584912969973192,0,0.51259503452834931,0.055116524013696898,0.2610781247683977,0
mahler,GPFA50,full,RMSE,5.251022211250187,0.15071860326004119,4.950674685249556,5.534301156580657,1000,100,39.57,1701.1500000000001,fail,4.4458337514682844,0.30738381226452388,-0.80518845978190245,0,4.478077894011661,0.3225762352256718,-0.77294431723852586,0
mahler,GPFA50,full,bias,-0.059710626577569301,0.073437281865975104,-0.2007925117090178,0.0807268828969675,1000,100,39.57,1701.1500000000001,fail,-0.087206115604527804,0.88949946096122912,-0.027495489026958399,,-0.080167464060919097,0.89509286187452786,-0.0204568374833498,
mahler,GPFA50,full,target_sd,5.1035612953013008,0.1014682534746891,4.9046193727132605,5.293367831842974,1000,100,39.57,1701.1500000000001,fail,5.1454801627851339,0.23392917975773711,0.041918867483833097,,5.0828876281464224,0.2456439176832568,-0.020673667154878301,
mahler,GPFA50,full,prediction_sd,2.7521553409465533,0.092170304549462304,2.570778418090796,2.9173712669120149,1000,100,39.57,1701.1500000000001,fail,3.1328255522781552,0.26455353192229991,0.38067021133160178,,3.0556753089163369,0.25365885504480201,0.30351996796978348,
mahler,GPFA50,full,amplitude_ratio,0.54058954910093637,0.011882907788168799,0.51915215486370847,0.56585800518948925,1000,100,39.57,1701.1500000000001,fail,0.61055330261281493,0.062757593181746202,0.069963753511878404,,0.60316215103962745,0.063322695869700907,0.062572601938690894,
mahler,GPFA50,full,target_min,-9.8446666635833289,0.0089668495975479007,-9.861203130811008,-9.8292244082385594,1000,100,39.57,1701.1500000000001,fail,-9.8440031137896131,0.035525949194295199,0.00066354979371569998,,-9.8556913040157994,0.040605629660397997,-0.0110246404324723,
mahler,GPFA50,full,target_max,9.8237650081534476,0.0048492017334717998,9.8152287638508184,9.8323939055932552,1000,100,39.57,1701.1500000000001,fail,9.8333834576094947,0.0141861717762485,0.0096184494560471005,,9.8322210401670649,0.0128944618286053,0.0084560320136173005,
mahler,GPFA50,full,SSE,47087.942814178015,2702.5301142498647,41793.982707434559,52277.453849848484,1000,100,39.57,1701.1500000000001,fail,33782.782435782894,4809.4316043347571,-13305.160378395129,,34292.215304371224,5109.2406436992569,-12795.727509806798,
mahler,GPFA50,full,baseline_SSE,12118.668733864111,376.89314954072472,11363.494259374904,12836.525351646218,1000,100,39.57,1701.1500000000001,fail,13300.977366787298,1655.8376174381408,1182.3086329231865,,11299.16192037092,1231.0754142014323,-819.50681349319166,
mahler,GPFA50,full,skill,-2.9314277578032799,0.23381074964295981,-3.4004092372738719,-2.4900229811081163,1000,100,39.57,1701.1500000000001,fail,-1.5883021453403436,0.54003108974808123,1.3431256124629365,0,-2.0766011749974527,0.60010661706343904,0.8548265828058268,0
mahler,GPFA50,full,objective_distance_RMSE,3.7758439880877464,0.22585248822974041,3.305492485037488,4.2214948077510339,1000,100,39.57,1701.1500000000001,fail,0,0,-3.7758439880877464,,0.67492805773336317,0.075674794942980406,-3.1009159303543834,
mahler,GPFA50,full,baseline_r,0.85728980830045065,0.0068956755242167,0.84391513477307656,0.87022448510065098,1000,100,39.57,1701.1500000000001,fail,0.8434021302208532,0.027269722399848699,-0.0138876780795974,,0.86529712166290162,0.022715075124192099,0.0080073133624508994,
mahler,GPFA50,full,baseline_RMSE,2.6649543386109791,0.041155371588685999,2.5811158817862694,2.7415959929534721,1000,100,39.57,1701.1500000000001,fail,2.7914628524720411,0.17304441738145479,0.1265085138610624,,2.5738642064588197,0.1364576789748716,-0.091090132152159706,
mahler,GPFA50,visible,r,0.32839937220760268,0.029808441993142702,0.27184560188971602,0.38520462095791402,1000,100,39.57,976.32000000000005,fail,0.4685180719965274,0.065295144300467095,0.14011869978892461,0,0.4466049636881177,0.066005942216936495,0.118205591480515,0
mahler,GPFA50,visible,RMSE,5.1983199899483123,0.1207508190734554,4.9617851630423484,5.4331009722696173,1000,100,39.57,976.32000000000005,fail,4.6603027015038059,0.31221810423641522,-0.53801728844450547,0,4.6939872451032718,0.30630579888574472,-0.50433274484503965,0
mahler,GPFA50,visible,bias,0.021745913961719598,0.073854189113657501,-0.1161644398177972,0.16186425185523751,1000,100,39.57,976.32000000000005,fail,-0.057459836674048602,0.95127115364978843,-0.079205750635768193,,-0.047635145502863602,0.95924429184881976,-0.0693810594645832,
mahler,GPFA50,visible,target_sd,5.2855088450715932,0.096824008969286599,5.0992775224581601,5.4636968555080792,1000,100,39.57,976.32000000000005,fail,5.1380646824044716,0.27784774215602881,-0.1474441626671234,,5.1023216561004059,0.28220358605908991,-0.18318718897118819,
mahler,GPFA50,visible,prediction_sd,2.7362457209351798,0.092375270766329107,2.5486631872323704,2.9132687033718514,1000,100,39.57,976.32000000000005,fail,2.8598940027338999,0.2619556407310763,0.1236482817987201,,2.8051361819588982,0.25070524700715369,0.068890461023718402,
mahler,GPFA50,visible,amplitude_ratio,0.5194592542053581,0.011946911034092501,0.49653469436840503,0.54334572974015938,1000,100,39.57,976.32000000000005,fail,0.5588638735067657,0.065118081054846594,0.039404619301407498,,0.5521607716708441,0.064355598659650501,0.032701517465485899,
mahler,GPFA50,visible,target_min,-9.8146441438062233,0.0086470841133098001,-9.831226548828452,-9.8005143711559128,1000,100,39.57,976.32000000000005,fail,-9.8104411736637793,0.024087926635490801,0.0042029701424456997,,-9.8178540715978855,0.016559715428058099,-0.0032099277916585998,
mahler,GPFA50,visible,target_max,9.8094859080322205,0.0051693642669915999,9.8008252962167433,9.8190866360797795,1000,100,39.57,976.32000000000005,fail,9.816640799556323,0.030435882568317699,0.0071548915241042002,,9.8176323430488832,0.0262526216807243,0.0081464350166626006,
mahler,GPFA50,visible,SSE,26483.060037627922,1226.5329481413544,24120.814083704001,28910.651007216449,1000,100,39.57,976.32000000000005,fail,21293.961987627968,2910.6520752897518,-5189.0980499999496,,21597.229748230591,2878.1667720660644,-4885.8302893973269,
mahler,GPFA50,visible,baseline_SSE,2116.0491005750014,130.33894432450001,1862.49121260334,2382.4424218822828,1000,100,39.57,976.32000000000005,fail,2535.6227488282761,403.85334497150922,419.57364825327386,,1990.5973706438649,314.24570586086298,-125.4517299311367,
mahler,GPFA50,visible,skill,-11.886527591230079,0.92765865291010441,-13.77788696521894,-10.143300337969748,1000,100,39.57,976.32000000000005,fail,-7.6792658217298895,2.1315224721237147,4.2072617695001888,0,-10.211043950573876,2.729618193063124,1.6754836406562037,0.0359999999999999
mahler,GPFA50,visible,objective_distance_RMSE,2.1285980262714705,0.15976760056497499,1.7979748854363546,2.4299275782826038,1000,100,39.57,976.32000000000005,fail,0,0,-2.1285980262714705,,0.28795327149865202,0.0283815941837656,-1.8406447547728184,
mahler,GPFA50,visible,baseline_r,0.96170397878694258,0.0026885444243483999,0.95651193740193075,0.96701950833696515,1000,100,39.57,976.32000000000005,fail,0.95108450225514041,0.0112668837981103,-0.010619476531802299,,0.96133042398786639,0.0090040180621360991,-0.00037355479907629998,
mahler,GPFA50,visible,baseline_RMSE,1.4671313666495449,0.045120765295939197,1.3766288489785767,1.5570949206907418,1000,100,39.57,976.32000000000005,fail,1.606257861247762,0.1237414407519033,0.1391264945982173,,1.4232572755259807,0.1081236196445844,-0.043874091123563698,
mahler,GPFA50,hidden,r,0.12777176418499431,0.059045033737228803,0.0119905810276364,0.23997583018624671,1000,100,39.57,685.25999999999999,fail,0.61773285372630804,0.069899857707538898,0.48996108954131362,0,0.59281059672002945,0.081697580100561495,0.46503883253503497,0
mahler,GPFA50,hidden,RMSE,5.3400738489053214,0.21151647104648141,4.9227794759649059,5.7539969915465523,1000,100,39.57,685.25999999999999,fail,4.1563291531017672,0.44686339422342791,-1.1837446958035542,0,4.1806250351688332,0.51585159072029496,-1.1594488137364871,0
mahler,GPFA50,hidden,bias,-0.17860720996977,0.11134234000919301,-0.39762109216421188,0.040378639524187798,1000,100,39.57,685.25999999999999,fail,-0.1342807659257074,0.95839194344774081,0.044326444044062503,,-0.1309227295824634,0.96780319687750316,0.047684480387306501,
mahler,GPFA50,hidden,target_sd,4.8025270261819983,0.13759666074604679,4.5321371362361971,5.0703735018790859,1000,100,39.57,685.25999999999999,fail,5.1298013515296939,0.279512856271799,0.32727432534769552,,5.0326120915855048,0.30989497849739261,0.2300850654035064,
mahler,GPFA50,hidden,prediction_sd,2.7266014510951364,0.1118027339707226,2.5213822952808469,2.9468358986496388,1000,100,39.57,685.25999999999999,fail,3.4421028936069824,0.33667847577204979,0.715501442511846,,3.3414038900627445,0.3255384152074593,0.61480243896760811,
mahler,GPFA50,hidden,amplitude_ratio,0.56992197686874624,0.019261097433380499,0.5343152636046764,0.611572337109622,1000,100,39.57,685.25999999999999,fail,0.67368141190040776,0.080989586766541999,0.1037594350316616,,0.66735014041644802,0.083315329502591101,0.097428163547701702,
mahler,GPFA50,hidden,target_min,-9.7428178969825314,0.016869927468329899,-9.7744689473003987,-9.7102792809436718,1000,100,39.57,685.25999999999999,fail,-9.7943707482584941,0.155985061941502,-0.051552851275962597,,-9.7821184402978911,0.25808034714836309,-0.039300543315359697,
mahler,GPFA50,hidden,target_max,9.7208388079949319,0.020769819356503402,9.6729808214949689,9.7565374942409733,1000,100,39.57,685.25999999999999,fail,9.7566296805071495,0.28325303697659487,0.035790872512215702,,9.7587611616355936,0.28664444115597931,0.037922353640659802,
mahler,GPFA50,hidden,SSE,19693.091261854261,1559.3748428214765,16717.694061190861,22821.82971832449,1000,100,39.57,685.25999999999999,fail,11988.656691721342,2697.0993113951522,-7704.4345701329185,,12178.456851754194,3138.679732482829,-7514.6344101000668,
mahler,GPFA50,hidden,baseline_SSE,9729.7811803324039,284.64262974522046,9184.7031270232728,10252.253152511475,1000,100,39.57,685.25999999999999,fail,10451.48213385326,1274.2713996530133,721.70095352085616,,9063.9209547871687,949.78765974476835,-665.86022554523697,
mahler,GPFA50,hidden,skill,-1.0411059560215217,0.15868406780992059,-1.3574574488466919,-0.73736268219203971,1000,100,39.57,685.25999999999999,fail,-0.16455361038150471,0.30256909736596382,0.87655234564001683,0,-0.35473247172692079,0.36430726185496359,0.68637348429460066,0
mahler,GPFA50,hidden,objective_distance_RMSE,5.3015049753851127,0.30887484864509501,4.6560465044016963,5.9021620028357598,1000,100,39.57,685.25999999999999,fail,0,0,-5.3015049753851127,,0.99621919576957341,0.12455222011869491,-4.3052857796155397,
mahler,GPFA50,hidden,baseline_r,0.63965947554587321,0.025387834073884601,0.59048908071874118,0.68695330219995798,1000,100,39.57,685.25999999999999,fail,0.66561773674143654,0.062830488732821002,0.025958261195563301,,0.70944646448628401,0.057949482797135903,0.069786988940410702,
mahler,GPFA50,hidden,baseline_RMSE,3.7634569202055288,0.054486662177378603,3.6580983663147015,3.8616650452447039,1000,100,39.57,685.25999999999999,fail,3.9003502890448578,0.2431358421258514,0.13689336883932809,,3.6334765978125798,0.18827008194457259,-0.1299803223929489,
mahler,GPFA50,bounce,r,0.38837728520111808,0.041377963008232502,0.30960107245183688,0.46564573781963231,1000,100,12.94,600.99000000000001,fail,0.60755301481642054,0.072553073445241006,0.21917572961530241,0,0.59329879687125797,0.076161257699195906,0.20492151167013989,0
mahler,GPFA50,bounce,RMSE,6.2386219968475176,0.2023191659191389,5.8743082428008311,6.6385604492015435,1000,100,12.94,600.99000000000001,fail,5.7253068760379726,0.47901793100600443,-0.513315120809545,0.0040000000000000001,5.8996773477729016,0.49064390236001432,-0.33894464907461591,0.0359999999999999
mahler,GPFA50,bounce,bias,-0.56759806528709311,0.31022336352739949,-1.1715738126294872,0.020725632858105299,1000,100,12.94,600.99000000000001,fail,-0.65729540794292474,1.5337065576849185,-0.089697342655831597,,-0.58905484397348173,1.5982796369893324,-0.021456778686388601,
mahler,GPFA50,bounce,target_sd,6.5024468954605341,0.1401966121420701,6.2511468341644925,6.8020101281766916,1000,100,12.94,600.99000000000001,fail,6.8525676938960949,0.259397847365267,0.35012079843556071,,6.9700976820716702,0.23565660922263279,0.46765078661113613,
mahler,GPFA50,bounce,prediction_sd,3.0732272231322897,0.13977251401669519,2.8132062241494897,3.3720895326021294,1000,100,12.94,600.99000000000001,fail,3.4886578014382201,0.57388515261260153,0.41543057830593,,3.3881126337823946,0.53651290498069548,0.31488541065010478,
mahler,GPFA50,bounce,amplitude_ratio,0.47342453417452879,0.0198309626242202,0.43735611769183103,0.51464405166936977,1000,100,12.94,600.99000000000001,fail,0.50960201582914633,0.084667464741607995,0.036177481654617399,,0.48643015010451029,0.077091151875041494,0.0130056159299815,
mahler,GPFA50,bounce,target_min,-9.8446666635833289,0.0089668495975479007,-9.861203130811008,-9.8292244082385594,1000,100,12.94,600.99000000000001,fail,-9.8440031137896131,0.035525949194295199,0.00066354979371569998,,-9.8556913040157994,0.040605629660397997,-0.0110246404324723,
mahler,GPFA50,bounce,target_max,9.8237650081534476,0.0048492017334717998,9.8152287638508184,9.8323939055932552,1000,100,12.94,600.99000000000001,fail,9.8333834576094947,0.0141861717762485,0.0096184494560471005,,9.8322210401670649,0.0128944618286053,0.0084560320136173005,
mahler,GPFA50,bounce,SSE,23821.493634316848,1554.8684909974711,21094.261308017783,27003.305400234185,1000,100,12.94,600.99000000000001,fail,20063.043846972025,5598.0402804410051,-3758.4497873448272,,21291.528389595889,5915.8310198758845,-2529.9652447209664,
mahler,GPFA50,bounce,baseline_SSE,2654.4165759055454,361.47426660969438,1968.0468935508447,3367.9466799704383,1000,100,12.94,600.99000000000001,fail,1994.4952666364543,489.4216327043813,-659.92130926909158,,2367.270549281352,517.73648093964368,-287.14602662419384,
mahler,GPFA50,bounce,skill,-8.3653592990098087,1.4107256702200688,-11.500489925738677,-6.1148119424990188,1000,100,12.94,600.99000000000001,fail,-9.2289600034751462,2.1573605560355573,-0.86360070446533932,0.76500000000000001,-8.0156510414091411,1.5727970649959946,0.34970825760066582,0.433
mahler,GPFA50,bounce,objective_distance_RMSE,2.7070163548890078,0.2806838702776393,2.1398299402898799,3.2021887744665709,1000,100,12.94,600.99000000000001,fail,0,0,-2.7070163548890078,,0.82377687340731198,0.18301397353292689,-1.883239481481696,
mahler,GPFA50,bounce,baseline_r,0.94939166043550405,0.0068949674854577002,0.93549023005695942,0.96204239917038603,1000,100,12.94,600.99000000000001,fail,0.96747093161819642,0.0052685340385312997,0.0180792711826923,,0.96273979145118682,0.0052293645100910998,0.0133481310156828,
mahler,GPFA50,bounce,baseline_RMSE,2.0886894410930936,0.14554666657725579,1.7993211488237832,2.3640899174190122,1000,100,12.94,600.99000000000001,fail,1.8127205861237856,0.16969373256635251,-0.27596885496930801,,1.977897904965628,0.13593364733761559,-0.1107915361274658,
mahler,GPFA50,no_bounce,r,0.1301708604971292,0.055828778744095302,0.025186865869736601,0.25252523349257561,1000,100,26.629999999999999,1100.1600000000001,fail,0.49632792267233272,0.062930609310331106,0.3661570621752035,0,0.4631639018685148,0.064785589853057102,0.33299304137138558,0
mahler,GPFA50,no_bounce,RMSE,4.577232302061792,0.1737650694327833,4.2169238544999308,4.9203402890307126,1000,100,26.629999999999999,1100.1600000000001,fail,3.5234836761774138,0.2095374356349303,-1.0537486258843782,0,3.4288102251199621,0.2046681193580967,-1.1484220769418301,0
mahler,GPFA50,no_bounce,bias,0.2323794525811532,0.16974127120577159,-0.098521405035228896,0.57500508963750196,1000,100,26.629999999999999,1100.1600000000001,fail,0.23997866651198549,0.67700424043711882,0.0075992139308322,,0.21419506405120101,0.65672370112563461,-0.018184388529952199,
mahler,GPFA50,no_bounce,target_sd,4.0513368116134414,0.16803872911100309,3.711544558263189,4.3689565856795998,1000,100,26.629999999999999,1100.1600000000001,fail,3.8107821245431479,0.15374103590127761,-0.2405546870702934,,3.5540625511010013,0.1318818794866804,-0.49727426051244,
mahler,GPFA50,no_bounce,prediction_sd,2.504303452216583,0.076708061390519694,2.3607788746495548,2.6498393514505234,1000,100,26.629999999999999,1100.1600000000001,fail,2.877814207101995,0.2214424419330781,0.37351075488541191,,2.8177737305939661,0.2280289792135301,0.313470278377383,
mahler,GPFA50,no_bounce,amplitude_ratio,0.62147589191171648,0.020673055371307099,0.58449259850983626,0.66368060418131358,1000,100,26.629999999999999,1100.1600000000001,fail,0.75626507207356264,0.064362212040768293,0.13478918016184599,,0.79382867200217577,0.069734994173214701,0.17235278009045921,
mahler,GPFA50,no_bounce,target_min,-8.7077531845907128,0.096927235057320399,-8.8606365518877119,-8.4993110685742845,1000,100,26.629999999999999,1100.1600000000001,fail,-9.2818078399229709,0.38000363666097853,-0.5740546553322563,,-8.6684195456152011,0.1266201908252973,0.039333638975513403,
mahler,GPFA50,no_bounce,target_max,7.5485878296717903,0.099252117420225106,7.3844616158311442,7.7270003698433491,1000,100,26.629999999999999,1100.1600000000001,fail,8.1536693864588017,0.38399512783044393,0.60508155678701125,,7.4991031024052033,0.49669843314351558,-0.049484727266587002,
mahler,GPFA50,no_bounce,SSE,23266.449179861171,1766.3966278455273,19688.336128675368,26863.277105534518,1000,100,26.629999999999999,1100.1600000000001,fail,13719.738588810867,2203.3123805252558,-9546.7105910503069,,13000.68691477533,2152.8859216707165,-10265.762265085845,
mahler,GPFA50,no_bounce,baseline_SSE,9464.2521579585664,583.37348618016563,8294.7217352842472,10645.543763361173,1000,100,26.629999999999999,1100.1600000000001,fail,11306.482100150846,1734.6395988721561,1842.2299421922801,,8931.8913710895704,1348.1562586755197,-532.360786868996,
mahler,GPFA50,no_bounce,skill,-1.4765316808960165,0.19657167703393449,-1.8749140999874521,-1.0773225695446802,1000,100,26.629999999999999,1100.1600000000001,fail,-0.22755864319810301,0.19151619404173739,1.2489730376979131,0,-0.47231353217912492,0.23685174613341489,1.0042181487168913,0
mahler,GPFA50,no_bounce,objective_distance_RMSE,4.2341074775171421,0.30307773013846712,3.6042403960711296,4.8011364351509327,1000,100,26.629999999999999,1100.1600000000001,fail,0,0,-4.2341074775171421,,0.56437561400189318,0.0592682802485716,-3.6697318635152487,
mahler,GPFA50,no_bounce,baseline_r,0.70847887957135613,0.0279958570439576,0.64854932303203361,0.76130083463430198,1000,100,26.629999999999999,1100.1600000000001,fail,0.59049560254964517,0.052563022328494698,-0.1179832770217108,,0.64201745310451785,0.0503801719267555,-0.066461426466838197,
mahler,GPFA50,no_bounce,baseline_RMSE,2.9270002938474278,0.090589685156637498,2.7416639017078701,3.1079856798208647,1000,100,26.629999999999999,1100.1600000000001,fail,3.200073391133563,0.19581281009443491,0.27307309728613571,,2.844019937815176,0.16316046896110509,-0.082980356032251207,
mahler,GPFA50,post_bounce,r,0.43771446990109969,0.051102460966163499,0.33943316350512159,0.53368438872981028,1000,100,12.94,318.60000000000002,fail,0.67065646789367706,0.082336291950307394,0.23294199799257739,0,0.65797480317928092,0.0864798013045429,0.22026033327818109,0
mahler,GPFA50,post_bounce,RMSE,5.8499369318385908,0.33389941826315039,5.252816678028263,6.5589338862342315,1000,100,12.94,318.60000000000002,fail,5.4888533832945896,0.59932031865413604,-0.3610835485440011,0.13200000000000001,5.751643567888741,0.64124440355086743,-0.098293363949849694,0.40600000000000003
mahler,GPFA50,post_bounce,bias,-0.62946790967339183,0.48897916206206621,-1.5671308282943626,0.29715066261082462,1000,100,12.94,318.60000000000002,fail,-0.81363329812033158,1.6009883833301042,-0.1841653884469398,,-0.72542298765466595,1.6898426044389692,-0.095955077981274103,
mahler,GPFA50,post_bounce,target_sd,6.2121436219251525,0.27164081115945221,5.7153560746562473,6.7842638318701969,1000,100,12.94,318.60000000000002,fail,6.9215387224500819,0.29935053187826333,0.7093951005249286,,7.1396354993392892,0.2867146605570251,0.92749187741413675,
mahler,GPFA50,post_bounce,prediction_sd,3.1203794072705646,0.1404582509688489,2.8683792991612602,3.406434969160812,1000,100,12.94,318.60000000000002,fail,3.665022596953603,0.54868363115071406,0.54464318968303826,,3.5807232411119747,0.53061607390040877,0.46034383384140998,
mahler,GPFA50,post_bounce,amplitude_ratio,0.5047502491494259,0.0248140188780368,0.45734886391244117,0.55518198031716492,1000,100,12.94,318.60000000000002,fail,0.5297423328961437,0.077211942368877698,0.0249920837467177,,0.50182497891764155,0.072955350436715402,-0.0029252702317842001,
mahler,GPFA50,post_bounce,target_min,-9.8441348242499433,0.0091036672419646004,-9.8609790549368714,-9.8285852519585948,1000,100,12.94,318.60000000000002,fail,-9.8439826761680234,0.035563660749118702,0.00015214808192170001,,-9.8556565781132459,0.040672265839016598,-0.011521753863300699,
mahler,GPFA50,post_bounce,target_max,9.8198477000280295,0.0052970084352438997,9.8101447119813834,9.8293721260354907,1000,100,12.94,318.60000000000002,fail,9.8300066114547686,0.0218865535686814,0.0101589114267408,,9.829658911431018,0.018386004449215902,0.0098112114029902005,
mahler,GPFA50,post_bounce,SSE,11162.198566537038,1289.3154083218938,8941.9722623507823,13969.314463694642,1000,100,12.94,318.60000000000002,fail,9813.5684740288889,3087.7223192208121,-1348.6300925081505,,10769.800548621441,3405.1218710409221,-392.39801791559881,
mahler,GPFA50,post_bounce,baseline_SSE,2654.4165759055454,361.47426660969438,1968.0468935508447,3367.9466799704383,1000,100,12.94,318.60000000000002,fail,1994.4952666364543,489.4216327043813,-659.92130926909158,,2367.270549281352,517.7364809396438,-287.14602662419384,
mahler,GPFA50,post_bounce,skill,-3.3453957569894355,0.69249744345930098,-4.8118120051887887,-2.1392459290898587,1000,100,12.94,318.60000000000002,fail,-4.0243990852960794,1.3742412321183648,-0.67900332830664301,0.83799999999999986,-3.5711488820818107,1.0986137974755563,-0.22575312509237519,0.65400000000000003
mahler,GPFA50,post_bounce,objective_distance_RMSE,3.7212488724906878,0.38582948326277472,2.9393058795811644,4.4026508516854399,1000,100,12.94,318.60000000000002,fail,0,0,-3.7212488724906878,,1.1327500752103044,0.25482383523133062,-2.5884987972803839,
mahler,GPFA50,post_bounce,baseline_r,0.89827704414664056,0.015388752511090099,0.867756861427048,0.92659039186630121,1000,100,12.94,318.60000000000002,fail,0.94666258843731965,0.0091464963552223,0.048385544290678997,,0.94146604222195762,0.0090937594067490007,0.043188998075317002,
mahler,GPFA50,post_bounce,baseline_RMSE,2.8684328344754482,0.1993302666248023,2.4731634284917003,3.2454376359383703,1000,100,12.94,318.60000000000002,fail,2.4950640968481483,0.26849771801719419,-0.37336873762729927,,2.7229168457622648,0.2407154674213306,-0.14551598871318289,
mahler,GPFA50,endpoint_influence,r,0.2307647568353994,0.042085502079041798,0.1487385267709557,0.31144168677064521,1000,100,39.57,1418.76,fail,0.54905623902631251,0.055923740886045799,0.31829148219091302,0,0.52333638810187455,0.059811344652901798,0.29257163126647512,0
mahler,GPFA50,endpoint_influence,RMSE,4.9173641429668882,0.17127594516087169,4.5691772698082085,5.2469671995183482,1000,100,39.57,1418.76,fail,4.0695245583098885,0.26490005233410863,-0.84783958465699971,0,4.0892088751326403,0.28589884891922063,-0.82815526783424775,0
mahler,GPFA50,endpoint_influence,bias,0.028280357314585999,0.079702922886991601,-0.13331858608884301,0.18219493537610421,1000,100,39.57,1418.76,fail,-0.0088910793096690002,0.79273327895706613,-0.037171436624255101,,-0.0086222681787594003,0.78915096271895646,-0.036902625493345498,
mahler,GPFA50,endpoint_influence,target_sd,4.6751646378117897,0.13309535987893639,4.4123367214949853,4.921105135200766,1000,100,39.57,1418.76,fail,4.7413993878119838,0.20824063132866,0.066234750000194006,,4.6585045914573433,0.221912509852562,-0.016660046354446401,
mahler,GPFA50,endpoint_influence,prediction_sd,2.6900069056910683,0.084983323250165305,2.5260671710791214,2.8459131444032084,1000,100,39.57,1418.76,fail,3.0989985801523607,0.2067180902040594,0.40899167446129292,,3.0322186294910383,0.20737129857181591,0.34221172379997,
mahler,GPFA50,endpoint_influence,amplitude_ratio,0.57730249215118234,0.011196664397439601,0.55616744236985438,0.6006106049603781,1000,100,39.57,1418.76,fail,0.65524707336602683,0.056526831938081203,0.077944581214844405,,0.65294827913665887,0.0602698726905814,0.075645786985476596,
mahler,GPFA50,endpoint_influence,target_min,-9.8441348242499433,0.0091036672419646004,-9.8609790549368714,-9.8285852519585948,1000,100,39.57,1418.76,fail,-9.8439826761680234,0.035563660749118702,0.00015214808192170001,,-9.8556565781132459,0.040672265839016598,-0.011521753863300699,
mahler,GPFA50,endpoint_influence,target_max,9.8198477000280295,0.0052970084352438997,9.8101447119813834,9.8293721260354907,1000,100,39.57,1418.76,fail,9.8300066114547686,0.0218865535686814,0.0101589114267408,,9.829658911431018,0.018386004449215902,0.0098112114029902005,
mahler,GPFA50,endpoint_influence,SSE,34428.647746398208,2395.8701122624634,29673.037738270719,39155.596804429326,1000,100,39.57,1418.76,fail,23533.307062839755,2842.8283642939641,-10895.340683558454,,23770.48746339677,3064.7870567750497,-10658.160283001434,
mahler,GPFA50,endpoint_influence,baseline_SSE,12118.668733864111,376.89314954072472,11363.494259374904,12836.525351646218,1000,100,39.57,1418.76,fail,13300.977366787298,1655.8376174381413,1182.3086329231865,,11299.16192037092,1231.0754142014323,-819.50681349319166,
mahler,GPFA50,endpoint_influence,skill,-1.86365728457825,0.20183663495321361,-2.2707958390572518,-1.4703107728953713,1000,100,39.57,1418.76,fail,-0.79847353162702572,0.3209116002658115,1.0651837529512242,0,-1.1291990201889284,0.35989013975746492,0.7344582643893216,0
mahler,GPFA50,endpoint_influence,objective_distance_RMSE,4.1355108119577766,0.24723180561258321,3.6210855028892737,4.6229966079058569,1000,100,39.57,1418.76,fail,0,0,-4.1355108119577766,,0.74005951835210415,0.088550155099405295,-3.3954512936056722,
mahler,GPFA50,endpoint_influence,baseline_r,0.79057509032725515,0.0136941073272028,0.76314765119403127,0.81562463878039682,1000,100,39.57,1418.76,fail,0.77241585592245454,0.034115104115704203,-0.0181592344048007,,0.80317093833643005,0.029050943949144498,0.0125958480091749,
mahler,GPFA50,endpoint_influence,baseline_RMSE,2.9188345231345947,0.0449070976117001,2.8266079631212802,3.0021142045717824,1000,100,39.57,1418.76,fail,3.057427386350664,0.18042848215253071,0.13859286321606931,,2.8194717385825001,0.14668918107585091,-0.099362784552095004,
perle,FA50,full,r,0.48299881862587019,0.032488763956942703,0.42232928389148078,0.54367124637784325,1000,100,39.57,1701.1500000000001,fail,0.70186173541760055,0.0360056904993254,0.21886291679173031,0,0.69103953116199235,0.0385834090132103,0.20804071253612211,0
perle,FA50,full,RMSE,4.5855840072215104,0.12695806362396561,4.3355541579460768,4.8244568609797218,1000,100,39.57,1701.1500000000001,fail,3.8586265549022647,0.3044686676730865,-0.72695745231924525,0,3.8828563889236847,0.31326363913966471,-0.70272761829782571,0
perle,FA50,full,bias,-0.041892499779743901,0.063895726588477503,-0.16353148311864249,0.076692007570150003,1000,100,39.57,1701.1500000000001,fail,-0.039755303317607203,0.80488460604490841,0.0021371964621365999,,-0.036863585729571498,0.81506482190845442,0.0050289140501723001,
perle,FA50,full,target_sd,5.1381575878178039,0.1078491212423368,4.9247082237320061,5.3606211458640809,1000,100,39.57,1701.1500000000001,fail,5.1455780584406252,0.23392129213036369,0.0074204706228212999,,5.118979853625186,0.24161111892305301,-0.019177734192617799,
perle,FA50,full,prediction_sd,2.38968821345708,0.049014467591217303,2.300237057747724,2.4909464437770081,1000,100,39.57,1701.1500000000001,fail,2.6983197540250159,0.16032169260891321,0.30863154056793579,,2.6706366704128777,0.1604871298096428,0.28094845695579762,
perle,FA50,full,amplitude_ratio,0.46628388037628649,0.0069462777506871997,0.45302079067250689,0.48058262850882322,1000,100,39.57,1701.1500000000001,fail,0.52602929095578521,0.046154318506963797,0.059745410579498601,,0.52342187587422406,0.046674230713209003,0.057137995497937598,
perle,FA50,full,target_min,-9.8442991433203648,0.0089088611344187996,-9.8606034797063593,-9.8287997060093115,1000,100,39.57,1701.1500000000001,fail,-9.8443016793729221,0.035573441457567002,-2.536052559065638e-06,,-9.8535081866385088,0.042247062216099099,-0.0092090433181457008,
perle,FA50,full,target_max,9.8253627909155643,0.0052434337757689001,9.8166268876859544,9.8354141109316515,1000,100,39.57,1701.1500000000001,fail,9.8335111874705987,0.0145424339514213,0.0081483965550344008,,9.8330108751906753,0.0141671512957036,0.0076480842751108996,
perle,FA50,full,SSE,35921.710947841464,1994.733054605256,32094.883485429826,39759.783077916218,1000,100,39.57,1701.1500000000001,fail,25483.565495098512,4070.4396534905968,-10438.145452742952,,25814.78753891206,4238.7511524502142,-10106.923408929404,
perle,FA50,full,baseline_SSE,12622.762374858705,402.61586091672882,11811.455117355685,13458.180975873158,1000,100,39.57,1701.1500000000001,fail,13301.347630627746,1655.8682537778177,678.58525576904321,,11881.551689498112,1351.4684230413131,-741.21068536059101,
perle,FA50,full,skill,-1.8770912609642316,0.16705903026476229,-2.2216899684908933,-1.542290825125902,1000,100,39.57,1701.1500000000001,fail,-0.9487053620588104,0.41502031667108902,0.928385898905421,0,-1.2057219747613954,0.47174354694957671,0.67136928620283587,0
perle,FA50,full,objective_distance_RMSE,3.8160213440777513,0.24635999860896629,3.3295312053027444,4.2734650347648087,1000,100,39.57,1701.1500000000001,fail,0,0,-3.8160213440777513,,0.55352373617278561,0.084617779649341002,-3.2624976079049648,
perle,FA50,full,baseline_r,0.85304159661659162,0.0077767788647128003,0.83803149082839012,0.86782442281974714,1000,100,39.57,1701.1500000000001,fail,0.84340358838586027,0.027269538936002799,-0.0096380082307311998,,0.86016470035375137,0.023537181947475502,0.0071231037371597998,
perle,FA50,full,baseline_RMSE,2.7195835380766238,0.043083418571046,2.6313743310498534,2.8064751402255661,1000,100,39.57,1701.1500000000001,fail,2.7915016683289209,0.17304460766781091,0.071918130252297,,2.639092309972968,0.1477552271853993,-0.080491228103655804,
perle,FA50,visible,r,0.60755074880301196,0.0213935256143165,0.56222547741105344,0.64671230397919932,1000,100,39.57,976.32000000000005,fail,0.67167896349459955,0.040001857269241797,0.064128214691587498,0,0.66637644644319183,0.041985178887458299,0.058825697640179697,0.001
perle,FA50,visible,RMSE,4.331251752483241,0.11574412814828949,4.1109390205484244,4.5550287065446389,1000,100,39.57,976.32000000000005,fail,3.9777091517351137,0.31482499858988278,-0.35354260074812721,0,3.9917628128756255,0.31996409290910921,-0.33948893960761461,0
perle,FA50,visible,bias,0.02355112913284,0.061786241968362403,-0.097043794812374906,0.13774945460280349,1000,100,39.57,976.32000000000005,fail,0.00090883941833090002,0.8345187267085431,-0.022642289714509,,0.0026150906653414998,0.84055680668532218,-0.020936038467498402,
perle,FA50,visible,target_sd,5.2936072882907972,0.1007717625701106,5.1035341504766398,5.5009830142803455,1000,100,39.57,976.32000000000005,fail,5.1381680656864219,0.27784603770419081,-0.1554392226043752,,5.1274618835152923,0.27959270067253938,-0.1661454047755048,
perle,FA50,visible,prediction_sd,2.6643596231644304,0.043040587349711598,2.5815097369477669,2.7462097776820849,1000,100,39.57,976.32000000000005,fail,2.6281864662575583,0.1764805053141919,-0.036173156906872103,,2.6067143761468334,0.1771904260108306,-0.057645247017596497,
perle,FA50,visible,amplitude_ratio,0.50476722682259967,0.0083924488217397997,0.48850952134155351,0.52074952047756207,1000,100,39.57,976.32000000000005,fail,0.51319104474651034,0.0464686315584091,0.0084238179239105003,,0.51005570889307561,0.046231498716350801,0.0052884820704758003,
perle,FA50,visible,target_min,-9.8141873455031927,0.0085522845022977002,-9.8329707024132826,-9.8006845432063177,1000,100,39.57,976.32000000000005,fail,-9.8109084148093277,0.023771906994335599,0.0032789306938649002,,-9.8140256194385422,0.017996495453745199,0.00016172606465219999,
perle,FA50,visible,target_max,9.811529291257008,0.0053324372460063999,9.802536632223747,9.821966384210528,1000,100,39.57,976.32000000000005,fail,9.8170791751585309,0.030715464840450801,0.0055498839015228002,,9.8180581312201927,0.027620715834032101,0.0065288399631827998,
perle,FA50,visible,SSE,18420.426841605131,984.35511725647916,16580.900779717642,20363.585544936614,1000,100,39.57,976.32000000000005,fail,15542.309961824363,2500.7392763859439,-2878.1168797807691,,15653.776068087103,2553.8405460550289,-2766.6507735180312,
perle,FA50,visible,baseline_SSE,2199.2700537361402,145.73586653653538,1929.5629134626747,2499.2731104245918,1000,100,39.57,976.32000000000005,fail,2535.7715938630122,403.88545867499562,336.50154012687153,,2169.3867500058968,345.44415110388388,-29.88330373024337,
perle,FA50,visible,skill,-7.6311222962687006,0.68079937037591076,-8.9816806463388144,-6.3470853475635272,1000,100,39.57,976.32000000000005,fail,-5.3408193940628292,1.6701306102671505,2.2903029022058723,0,-6.4725961748447212,2.0106106128939114,1.1585261214239804,0.041000000000000002
perle,FA50,visible,objective_distance_RMSE,2.1453533686702189,0.1726056958685068,1.787436525573205,2.4673830757391975,1000,100,39.57,976.32000000000005,fail,0,0,-2.1453533686702189,,0.19649632811508211,0.022975609243662098,-1.9488570405551369,
perle,FA50,visible,baseline_r,0.96030302269652845,0.0030224757951401002,0.95399235125024584,0.96570430586332323,1000,100,39.57,976.32000000000005,fail,0.95108354468997203,0.011267085778257101,-0.0092194780065566004,,0.95811703463206643,0.0096174818861245008,-0.0021859880644619998,
perle,FA50,visible,baseline_RMSE,1.4954393176577592,0.049395156329059602,1.4019913977164404,1.5945332108409651,1000,100,39.57,976.32000000000005,fail,1.606304761294973,0.12374803391031609,0.1108654436372138,,1.4857227074008537,0.1140143213603721,-0.0097166102569054991,
perle,FA50,hidden,r,0.2230888972176642,0.068354311260687597,0.1000152065264968,0.35814335697036298,1000,100,39.57,685.25999999999999,fail,0.73910178401811977,0.042315730476245102,0.51601288680045565,0,0.72163789190904126,0.048554920820892702,0.49854899469137709,0
perle,FA50,hidden,RMSE,4.9271693377946644,0.16649849994044011,4.5920317810917251,5.2582555851253554,1000,100,39.57,685.25999999999999,fail,3.703782625336467,0.36577360496039402,-1.2233867124581963,0,3.7421240253166856,0.3920238626360773,-1.1850453124779778,0
perle,FA50,hidden,bias,-0.1401263853642519,0.104097334706132,-0.33450072327661251,0.057272539085065903,1000,100,39.57,685.25999999999999,fail,-0.099637779570753301,0.86635891629702921,0.040488605793498597,,-0.0949332295515605,0.88923853750638304,0.045193155812691302,
perle,FA50,hidden,target_sd,4.868981072697661,0.1446503253668617,4.5852235892293374,5.1470049757496401,1000,100,39.57,685.25999999999999,fail,5.1298903644531855,0.27949807106361307,0.26090929175552441,,5.0777318535436233,0.30075754816391748,0.2087507808459623,
perle,FA50,hidden,prediction_sd,1.8723506138111263,0.087102221529837598,1.7178594348785112,2.0552952456235385,1000,100,39.57,685.25999999999999,fail,2.7722693137248462,0.20464765242837091,0.89991869991372031,,2.7335598615043337,0.2082142635068894,0.86120924769320728,
perle,FA50,hidden,amplitude_ratio,0.38631243174769292,0.0124974892989796,0.36395839184529688,0.41331587225275729,1000,100,39.57,685.25999999999999,fail,0.54301831814855483,0.059788629768817901,0.15670588640086189,,0.5413735374726294,0.063570146617177303,0.15506110572493639,
perle,FA50,hidden,target_min,-9.7427238708148476,0.016780103390379102,-9.7764382549129785,-9.7120633322951608,1000,100,39.57,685.25999999999999,fail,-9.7947671456528358,0.1560080192877939,-0.0520432748379882,,-9.7573117505332547,0.31179319603589922,-0.0145878797184053,
perle,FA50,hidden,target_max,9.7331935471841895,0.019175753298811399,9.6915584357419196,9.7658712559961511,1000,100,39.57,685.25999999999999,fail,9.7560500401839008,0.28306598672801181,0.022856492999711198,,9.7628379585718488,0.25909655508229912,0.029644411387657402,
perle,FA50,hidden,SSE,16727.731998737956,1135.6754593087619,14524.415637890685,19031.442659829328,1000,100,39.57,685.25999999999999,fail,9497.3227197864981,1916.6410227706367,-7230.409278951458,,9711.8675297694008,2078.7429340735771,-7015.8644689685552,
perle,FA50,hidden,baseline_SSE,10139.586825565097,303.24578744366391,9546.4792140862428,10714.260645237588,1000,100,39.57,685.25999999999999,fail,10451.693046066272,1274.2666260948886,312.1062205011749,,9442.5096851484541,1031.1079087167495,-697.07714041664258,
perle,FA50,hidden,skill,-0.66120949943363905,0.1094366659532048,-0.88784672365842288,-0.45351291809937022,1000,100,39.57,685.25999999999999,fail,0.080518711151161201,0.20774641372012961,0.74172821058480043,0,-0.039219649496054401,0.24788446914701739,0.62198984993758455,0
perle,FA50,hidden,objective_distance_RMSE,5.3611680896823568,0.33767562045233829,4.7066679852695854,5.9970517525421183,1000,100,39.57,685.25999999999999,fail,0,0,-5.3611680896823568,,0.83327177681851183,0.1389283559799778,-4.5278963128638452,
perle,FA50,hidden,baseline_r,0.63340815110151372,0.027940164213545299,0.57868087962255743,0.68490007747433845,1000,100,39.57,685.25999999999999,fail,0.66562312320779082,0.062828348750346694,0.0322149721062771,,0.70166331236619384,0.057951173954590797,0.068255161264680106,
perle,FA50,hidden,baseline_RMSE,3.8415414522964522,0.056920454836989501,3.7292070966923809,3.9487147021902422,1000,100,39.57,685.25999999999999,fail,3.9003897543407735,0.24313129501795669,0.058848302044321697,,3.708450068296739,0.20536544290094039,-0.13309138399971271,
perle,FA50,bounce,r,0.66317335643218345,0.028365047033864998,0.60432987873973121,0.71496980874498628,1000,100,12.94,600.99000000000001,fail,0.78682984812839374,0.042242448651161703,0.12365649169621019,0,0.77758957402452955,0.045422867269707998,0.1144162175923462,0
perle,FA50,bounce,RMSE,5.3351331069575805,0.1765607035047505,4.9994106827231217,5.6840574626001672,1000,100,12.94,600.99000000000001,fail,5.1159198254569969,0.43347662483695282,-0.21921328150058361,0.111,5.2585467849840271,0.42195842621099822,-0.076586321973553403,0.33000000000000002
perle,FA50,bounce,bias,-0.46758472252913741,0.27290603574066508,-1.0035796941673929,0.058507238234998697,1000,100,12.94,600.99000000000001,fail,-0.33365601026413833,1.4401040687871267,0.13392871226499911,,-0.3723632374883723,1.4768806635411686,0.095221485040765094,
perle,FA50,bounce,target_sd,6.5294366867321996,0.1496360113638785,6.2422539526405618,6.8235192409740737,1000,100,12.94,600.99000000000001,fail,6.8526608764692272,0.2593799030829928,0.32322418973702838,,6.9463276987718654,0.2339775562871009,0.41689101203966761,
perle,FA50,bounce,prediction_sd,2.6924902023237038,0.069176990798739194,2.5625684937115549,2.8282625769464778,1000,100,12.94,600.99000000000001,fail,2.8886787475153635,0.29557895114841098,0.1961885451916596,,2.8642526780525954,0.29455574980395582,0.1717624757288915,
perle,FA50,bounce,amplitude_ratio,0.41294354476903239,0.0119406338579166,0.39035507194338931,0.43657118151797297,1000,100,12.94,600.99000000000001,fail,0.42212800879790058,0.045974571041542997,0.0091844640288681993,,0.41268656789087771,0.043479815057258002,-0.0002569768781546,
perle,FA50,bounce,target_min,-9.8442991433203648,0.0089088611344187996,-9.8606034797063593,-9.8287997060093115,1000,100,12.94,600.99000000000001,fail,-9.8443016793729221,0.035573441457567002,-2.536052559065638e-06,,-9.8535081866385088,0.042247062216099099,-0.0092090433181457008,
perle,FA50,bounce,target_max,9.8253627909155643,0.0052434337757689001,9.8166268876859544,9.8354141109316515,1000,100,12.94,600.99000000000001,fail,9.8335111874705987,0.0145424339514213,0.0081483965550344008,,9.8330108751906753,0.0141671512957036,0.0076480842751108996,
perle,FA50,bounce,SSE,17425.255948726059,1168.6356199290226,15245.490834040533,19788.980757000329,1000,100,12.94,600.99000000000001,fail,16015.382344550591,4338.5314992614094,-1409.8736041754671,,16913.411580584547,4527.4531664200031,-511.84436814151201,
perle,FA50,bounce,baseline_SSE,2781.8717917153976,394.02941894500231,2031.1907706758475,3577.4822674995662,1000,100,12.94,600.99000000000001,fail,1994.4887604487024,489.34466305889856,-787.38303126669507,,2239.6376842659388,498.64157570016874,-542.23410744945886,
perle,FA50,bounce,skill,-5.540074575102043,0.92125380504120635,-7.6784688840645954,-4.0858494883063852,1000,100,12.94,600.99000000000001,fail,-7.0926223217408326,1.3706453992597836,-1.5525477466387896,0.94499999999999995,-6.555683231527178,1.2006595901449888,-1.0156086564251361,0.86399999999999988
perle,FA50,bounce,objective_distance_RMSE,2.7222843898383973,0.28488812472048353,2.1752792771835043,3.3039371225045735,1000,100,12.94,600.99000000000001,fail,0,0,-2.7222843898383973,,0.7627474245883612,0.1802533058406468,-1.9595369652500361,
perle,FA50,bounce,baseline_r,0.94732460000129404,0.0073999626378283999,0.93241455730745981,0.96123050017304923,1000,100,12.94,600.99000000000001,fail,0.96747168664363559,0.0052673296906203997,0.020147086642341602,,0.96472045936252881,0.0050196512878375003,0.017395859361234702,
perle,FA50,bounce,baseline_RMSE,2.1373405677948663,0.1544760812485661,1.8254343933515105,2.4312819458582502,1000,100,12.94,600.99000000000001,fail,1.8127244599531704,0.16964688380849291,-0.32461610784169581,,1.923281141101252,0.13220998085036689,-0.21405942669361419,
perle,FA50,no_bounce,r,0.31544055728981929,0.046717611699274797,0.2269194106752136,0.40822700863126982,1000,100,26.629999999999999,1100.1600000000001,fail,0.65578791359095301,0.046913406532388797,0.34034735630113361,0,0.64878753858346006,0.048505440410738003,0.33334698129364071,0
perle,FA50,no_bounce,RMSE,4.0838864703516817,0.15991420302713641,3.767975647285625,4.3988431804353008,1000,100,26.629999999999999,1100.1600000000001,fail,2.9276976266199521,0.1841316460319774,-1.1561888437317296,0,2.8384164196697466,0.18229950461528299,-1.2454700506819352,0
perle,FA50,no_bounce,bias,0.1944110992300502,0.15562741469294961,-0.094027361972189402,0.52306908638980498,1000,100,26.629999999999999,1100.1600000000001,fail,0.126411478399517,0.55297527979278038,-0.067999620830533097,,0.1509875511361177,0.54562832909063741,-0.0434235480939325,
perle,FA50,no_bounce,target_sd,4.0968118618481295,0.1635649941189927,3.768199276370221,4.4124982677189886,1000,100,26.629999999999999,1100.1600000000001,fail,3.8108987429915566,0.15376129028946381,-0.28591311885657239,,3.6558858878362952,0.14686946181391361,-0.4409259740118347,
perle,FA50,no_bounce,prediction_sd,2.1969347335059801,0.053662445142672002,2.0924579862522421,2.2982065057217942,1000,100,26.629999999999999,1100.1600000000001,fail,2.5801365451273255,0.17459251977993329,0.3832018116213462,,2.5498596702556044,0.1762854968373446,0.35292493674962472,
perle,FA50,no_bounce,amplitude_ratio,0.53877780353153892,0.0178052025865446,0.50667131141626165,0.57525142698099574,1000,100,26.629999999999999,1100.1600000000001,fail,0.67786217939393523,0.049557794403682499,0.1390843758623963,,0.69822616998775267,0.050901747614074802,0.1594483664562138,
perle,FA50,no_bounce,target_min,-8.6939422069107586,0.10081315203331349,-8.8512717500911737,-8.4748550283632831,1000,100,26.629999999999999,1100.1600000000001,fail,-9.2821232137055976,0.38004530660131491,-0.58818100679483887,,-8.6591243187503952,0.12839877826531801,0.034817888160363297,
perle,FA50,no_bounce,target_max,7.677934590998909,0.093412852074297295,7.5089475720463428,7.8379309045436596,1000,100,26.629999999999999,1100.1600000000001,fail,8.1535362827075524,0.38394824217157009,0.47560169170864253,,7.649704871902502,0.33316186331645081,-0.028229719096406002,
perle,FA50,no_bounce,SSE,18496.45499911542,1452.3783117487783,15721.845848208097,21411.546403329641,1000,100,26.629999999999999,1100.1600000000001,fail,9468.1831505479222,1487.514608015809,-9028.2718485674959,,8901.3759583275078,1425.9157256810529,-9595.079040787914,
perle,FA50,no_bounce,baseline_SSE,9840.8905831433058,618.08043553110838,8648.3669220404336,11045.255653583399,1000,100,26.629999999999999,1100.1600000000001,fail,11306.858870179043,1734.6797445557081,1465.9682870357374,,9641.9140052321727,1474.5983735382747,-198.97657791113303,
perle,FA50,no_bounce,skill,-0.89362637535245815,0.15104877095901059,-1.1919119311596773,-0.59411437602121397,1000,100,26.629999999999999,1100.1600000000001,fail,0.15149184910930369,0.142030268428297,1.0451182244617621,0,0.0622844407560013,0.17198009209813769,0.95591081610845963,0
perle,FA50,no_bounce,objective_distance_RMSE,4.2840298110253752,0.3255744395685064,3.65160325353277,4.8976315644930768,1000,100,26.629999999999999,1100.1600000000001,fail,0,0,-4.2840298110253752,,0.3821139386101905,0.044829851184438101,-3.9019158724151848,
perle,FA50,no_bounce,baseline_r,0.70253179675873922,0.0296705672483852,0.63621658974158835,0.75667066069727551,1000,100,26.629999999999999,1100.1600000000001,fail,0.59050635210519675,0.052567261045529903,-0.1120254446535424,,0.63139167643670335,0.051189102834088902,-0.071140120322035802,
perle,FA50,no_bounce,baseline_RMSE,2.9843397812537069,0.093990899197585298,2.7957923839733314,3.1656305673646039,1000,100,26.629999999999999,1100.1600000000001,fail,3.2001268120058541,0.19581386289070271,0.2157870307521472,,2.9552763292543989,0.1819035847573055,-0.029063451999308001,
perle,FA50,post_bounce,r,0.66588350285631825,0.041375554312547802,0.58180601114785002,0.73969342253734638,1000,100,12.94,318.60000000000002,fail,0.84100495623017935,0.040302065030141797,0.17512145337386101,0,0.82995945924355941,0.045065874817428998,0.16407595638724101,0
perle,FA50,post_bounce,RMSE,5.1038780127803962,0.29532863703335849,4.5387385760043539,5.6755057564953102,1000,100,12.94,318.60000000000002,fail,4.8967915135398803,0.52201285594342084,-0.20708649924051589,0.246,5.1279530081237068,0.51483786122700004,0.0240749953433105,0.53400000000000003
perle,FA50,post_bounce,bias,-0.48359455716410599,0.47698189325771712,-1.4297100433314087,0.43400609406688367,1000,100,12.94,318.60000000000002,fail,-0.28108561634211437,1.4428933867546707,0.20250894082199161,,-0.3854357160819058,1.5046004780167863,0.098158841082200202,
perle,FA50,post_bounce,target_sd,6.2672572265716244,0.28866168808348491,5.7027958347336174,6.8231729903408089,1000,100,12.94,318.60000000000002,fail,6.9217164483336298,0.29930851766790573,0.65445922176200533,,7.0954278796534833,0.2754017080381716,0.82817065308185878,
perle,FA50,post_bounce,prediction_sd,2.7038566629841352,0.1014284644746499,2.5230429101086509,2.9064433534114964,1000,100,12.94,318.60000000000002,fail,2.996175301348297,0.32498362837017691,0.29231863836416222,,2.9842713320721428,0.32315932762231198,0.28041466908800761,
perle,FA50,post_bounce,amplitude_ratio,0.4334315340026702,0.019172862383214501,0.39762847854431133,0.47322231133600712,1000,100,12.94,318.60000000000002,fail,0.43369690625090013,0.050562835028843303,0.00026537224822990001,,0.42112754621864767,0.047289601768918901,-0.0123039877840224,
perle,FA50,post_bounce,target_min,-9.8437077961168349,0.0090903478869639003,-9.8603258817449735,-9.8276661491695556,1000,100,12.94,318.60000000000002,fail,-9.8443016793729221,0.035573441457567002,-0.00059388325608539998,,-9.8534497850065073,0.042353145451758799,-0.0097419888896722994,
perle,FA50,post_bounce,target_max,9.8219477394343624,0.0059624799579645997,9.8116359255223458,9.8339353878376752,1000,100,12.94,318.60000000000002,fail,9.8302319651587187,0.022049836565069699,0.0082842257243544003,,9.830530752396788,0.0190573544787844,0.0085830129624273003,
perle,FA50,post_bounce,SSE,8497.1999635201737,1001.4295576957468,6672.3917441370932,10529.097072724557,1000,100,12.94,318.60000000000002,fail,7790.7043241161746,2269.7290378283201,-706.49563940399912,,8536.4264170760071,2444.8246681147089,39.226453555833359,
perle,FA50,post_bounce,baseline_SSE,2781.8717917153976,394.02941894500231,2031.1907706758475,3577.4822674995662,1000,100,12.94,318.60000000000002,fail,1994.4887604487024,489.34466305889856,-787.38303126669507,,2239.6376842659388,498.64157570016863,-542.23410744945886,
perle,FA50,post_bounce,skill,-2.1459596707194977,0.44098741987860879,-3.1103274959361364,-1.3562494710418294,1000,100,12.94,318.60000000000002,fail,-2.9249727244675894,0.77214340349530486,-0.77901305374809171,0.95299999999999996,-2.8039007333351398,0.6995822648337654,-0.65794106261564156,0.93400000000000005
perle,FA50,post_bounce,objective_distance_RMSE,3.7417628589468328,0.39165002502120128,2.9895801184547914,4.5398261366476804,1000,100,12.94,318.60000000000002,fail,0,0,-3.7417628589468328,,1.0489867004863718,0.25102052556913818,-2.692776158460461,
perle,FA50,post_bounce,baseline_r,0.89496558062552178,0.016424468017888001,0.86111229188536986,0.9256487090515666,1000,100,12.94,318.60000000000002,fail,0.94666459021236604,0.0091451060130809999,0.051699009586844098,,0.94461586221940474,0.0087724161222871994,0.049650281593883003,
perle,FA50,post_bounce,baseline_RMSE,2.9351671571232392,0.21161755157914369,2.5071517351966595,3.340349383966577,1000,100,12.94,318.60000000000002,fail,2.4950688278829194,0.26843580866665018,-0.44009832924031972,,2.6473790624947444,0.2313997982415093,-0.2877880946284947,
perle,FA50,endpoint_influence,r,0.4312091931304658,0.038704572501260297,0.36210324244523268,0.50441806460043237,1000,100,39.57,1418.76,fail,0.70702609782872916,0.0344269476394716,0.27581690469826342,0,0.69644796456874636,0.036445460580969098,0.26523877143828062,0
perle,FA50,endpoint_influence,RMSE,4.3535432889668222,0.14279914711807651,4.0691815321682796,4.63306635352507,1000,100,39.57,1418.76,fail,3.484547397865335,0.25811784425880191,-0.86899589110148723,0,3.5022164667750184,0.2701600630084397,-0.85132682219180367,0
perle,FA50,endpoint_influence,bias,0.037302951752567599,0.075123183790932704,-0.1141869452013987,0.17901333089165569,1000,100,39.57,1418.76,fail,0.0295602386695469,0.68993307978127072,-0.0077427130830206,,0.0257324575059312,0.69720569905914165,-0.011570494246636301,
perle,FA50,endpoint_influence,target_sd,4.7238902325207457,0.14070281234075041,4.4414079129394874,5.0102693921323658,1000,100,39.57,1418.76,fail,4.741530396851954,0.20823876553354151,0.017640164331209102,,4.7090182563832128,0.22136390038274381,-0.0148719761375328,
perle,FA50,endpoint_influence,prediction_sd,2.3367797544597648,0.057435339749373399,2.2280812569456918,2.452198489042249,1000,100,39.57,1418.76,fail,2.6898217131727367,0.1608918506920709,0.35304195871297223,,2.6649430983142808,0.1613482484597823,0.3281633438545159,
perle,FA50,endpoint_influence,amplitude_ratio,0.49618169812851121,0.0090362542731586993,0.479582292979014,0.51405329713919168,1000,100,39.57,1418.76,fail,0.56878020943612995,0.047112283398165498,0.072598511307618796,,0.56756765990503533,0.048292195874315699,0.071385961776524107,
perle,FA50,endpoint_influence,target_min,-9.8437077961168349,0.0090903478869639003,-9.8603258817449735,-9.8276661491695556,1000,100,39.57,1418.76,fail,-9.8443016793729221,0.035573441457567002,-0.00059388325608539998,,-9.8534497850065073,0.042353145451758799,-0.0097419888896722994,
perle,FA50,endpoint_influence,target_max,9.8219477394343624,0.0059624799579645997,9.8116359255223458,9.8339353878376752,1000,100,39.57,1418.76,fail,9.8302319651587187,0.022049836565069699,0.0082842257243544003,,9.830530752396788,0.0190573544787844,0.0085830129624273003,
perle,FA50,endpoint_influence,SSE,26993.654962635592,1779.7437981697014,23527.014108144023,30549.612761122775,1000,100,39.57,1418.76,fail,17258.887474664098,2272.2519514034047,-9734.7674879714941,,17437.802375403513,2394.0776826785541,-9555.8525872320806,
perle,FA50,endpoint_influence,baseline_SSE,12622.762374858705,402.61586091672882,11811.455117355685,13458.180975873158,1000,100,39.57,1418.76,fail,13301.347630627746,1655.8682537778182,678.58525576904321,,11881.551689498112,1351.4684230413134,-741.21068536059101,
perle,FA50,endpoint_influence,skill,-1.1537656583773033,0.1433235012200258,-1.4426083518527912,-0.86616228411921148,1000,100,39.57,1418.76,fail,-0.3175032185451151,0.240670484938034,0.83626243983218806,0,-0.48863379072868651,0.27959591254694471,0.66513186764861665,0
perle,FA50,endpoint_influence,objective_distance_RMSE,4.1795068080161997,0.26967064109516492,3.6481961611401927,4.6801171718478791,1000,100,39.57,1418.76,fail,0,0,-4.1795068080161997,,0.6070768217441036,0.096986505654016703,-3.5724299862720961,
perle,FA50,endpoint_influence,baseline_r,0.78575324025033233,0.015255999835698499,0.75679979147242282,0.81440879125380528,1000,100,39.57,1418.76,fail,0.77242233764330392,0.034114830128104498,-0.0133309026070284,,0.79706375405217511,0.030025350323991801,0.011310513801842699,
perle,FA50,endpoint_influence,baseline_RMSE,2.9786772149429663,0.047043124751113503,2.8824785027185689,3.0732036221226671,1000,100,39.57,1418.76,fail,3.0574698025233782,0.18042687746075459,0.078792587580411799,,2.890866728917592,0.15808305275493489,-0.087810486025374307,
perle,GPFA50,full,r,0.49348929722515089,0.033824289190456901,0.4291024817846088,0.55586077405809442,1000,100,39.57,1701.1500000000001,fail,0.72038614228752207,0.036739373360552503,0.22689684506237121,0,0.70938625385049547,0.039460225221234699,0.21589695662534461,0
perle,GPFA50,full,RMSE,4.5621372094783821,0.12786661962313081,4.3071162535948524,4.8063331270351553,1000,100,39.57,1701.1500000000001,fail,3.8004724502741656,0.31556227625205241,-0.7616647592042165,0,3.8265474711983729,0.32455118796494331,-0.73558973828000906,0
perle,GPFA50,full,bias,-0.069885084002545797,0.070894712974087198,-0.21515380329836381,0.058095527456804803,1000,100,39.57,1701.1500000000001,fail,-0.052401968082926902,0.81490744778831925,0.017483115919618802,,-0.057253470416533898,0.82277790872747525,0.0126316135860118,
perle,GPFA50,full,target_sd,5.1381575878178039,0.1078491212423368,4.9247082237320061,5.3606211458640809,1000,100,39.57,1701.1500000000001,fail,5.1455780584406252,0.23392129213036369,0.0074204706228212999,,5.118979853625186,0.24161111892305301,-0.019177734192617799,
perle,GPFA50,full,prediction_sd,2.331712115906841,0.048294567226347097,2.2430798484264942,2.4297716111823409,1000,100,39.57,1701.1500000000001,fail,2.669720800204423,0.1642381906038807,0.33800868429758202,,2.639876338931177,0.1641470990188964,0.30816422302433549,
perle,GPFA50,full,amplitude_ratio,0.4549552001294207,0.0080041433396985991,0.43985205437997787,0.471266115591984,1000,100,39.57,1701.1500000000001,fail,0.5204172349673758,0.045979055778832302,0.065462034837954999,,0.51735744723161314,0.046457418093229903,0.062402247102192401,
perle,GPFA50,full,target_min,-9.8442991433203648,0.0089088611344187996,-9.8606034797063593,-9.8287997060093115,1000,100,39.57,1701.1500000000001,fail,-9.8443016793729221,0.035573441457567002,-2.536052559065638e-06,,-9.8535081866385088,0.042247062216099099,-0.0092090433181457008,
perle,GPFA50,full,target_max,9.8253627909155643,0.0052434337757689001,9.8166268876859544,9.8354141109316515,1000,100,39.57,1701.1500000000001,fail,9.8335111874705987,0.0145424339514213,0.0081483965550344008,,9.8330108751906753,0.0141671512957036,0.0076480842751108996,
perle,GPFA50,full,SSE,35572.763090259978,1999.502524451668,31667.218721616639,39480.428702611141,1000,100,39.57,1701.1500000000001,fail,24739.818342926606,4164.874761457545,-10832.944747333371,,25090.393968733064,4334.2686602270733,-10482.369121526914,
perle,GPFA50,full,baseline_SSE,12622.762374858705,402.61586091672882,11811.455117355685,13458.180975873158,1000,100,39.57,1701.1500000000001,fail,13301.347630627746,1655.8682537778177,678.58525576904321,,11881.551689498112,1351.4684230413131,-741.21068536059101,
perle,GPFA50,full,skill,-1.8486068776344051,0.1671259236393946,-2.1902408385966474,-1.514676438756291,1000,100,39.57,1701.1500000000001,fail,-0.89225777931515338,0.4176087953958581,0.95634909831925174,0,-1.1444563751944172,0.4763035889816078,0.70415050243998811,0
perle,GPFA50,full,objective_distance_RMSE,3.8160213440777513,0.24635999860896629,3.3295312053027444,4.2734650347648087,1000,100,39.57,1701.1500000000001,fail,0,0,-3.8160213440777513,,0.55352373617278561,0.084617779649341002,-3.2624976079049648,
perle,GPFA50,full,baseline_r,0.85304159661659162,0.0077767788647128003,0.83803149082839012,0.86782442281974714,1000,100,39.57,1701.1500000000001,fail,0.84340358838586027,0.027269538936002799,-0.0096380082307311998,,0.86016470035375137,0.023537181947475502,0.0071231037371597998,
perle,GPFA50,full,baseline_RMSE,2.7195835380766238,0.043083418571046,2.6313743310498534,2.8064751402255661,1000,100,39.57,1701.1500000000001,fail,2.7915016683289209,0.17304460766781091,0.071918130252297,,2.639092309972968,0.1477552271853993,-0.080491228103655804,
perle,GPFA50,visible,r,0.61301778569110044,0.021999986318415401,0.56692353901147508,0.6530491007826591,1000,100,39.57,976.32000000000005,fail,0.67963295628543086,0.041801524383531803,0.066615170594330503,0,0.67415760174420303,0.043893351999436302,0.061139816053102501,0
perle,GPFA50,visible,RMSE,4.3240847917722736,0.1166115810253746,4.0969468988357534,4.5465032074843226,1000,100,39.57,976.32000000000005,fail,3.9696094448918418,0.32358524463616972,-0.35447534688043131,0,3.9850652942471054,0.32951586397349369,-0.33901949752516758,0
perle,GPFA50,visible,bias,-0.0013221381065458,0.070906787267360397,-0.1405731007423382,0.13248195042092559,1000,100,39.57,976.32000000000005,fail,-0.0054348630789644,0.85101519513410395,-0.0041127249724186004,,-0.011556651905877,0.85585672129822743,-0.0102345137993311,
perle,GPFA50,visible,target_sd,5.2936072882907972,0.1007717625701106,5.1035341504766398,5.5009830142803455,1000,100,39.57,976.32000000000005,fail,5.1381680656864219,0.27784603770419081,-0.1554392226043752,,5.1274618835152923,0.27959270067253938,-0.1661454047755048,
perle,GPFA50,visible,prediction_sd,2.6055516239446752,0.044349278314147797,2.5164633205588296,2.6901154294203642,1000,100,39.57,976.32000000000005,fail,2.5555412435958136,0.1848883370385517,-0.050010380348861599,,2.5294014636176665,0.18490854080067559,-0.076150160327008706,
perle,GPFA50,visible,amplitude_ratio,0.493588159546758,0.009400311469547,0.47522699561651632,0.51213476730590501,1000,100,39.57,976.32000000000005,fail,0.498922273709617,0.046268385331868597,0.0053341141628589998,,0.49484101117936508,0.0458939870089283,0.0012528516326071001,
perle,GPFA50,visible,target_min,-9.8141873455031927,0.0085522845022977002,-9.8329707024132826,-9.8006845432063177,1000,100,39.57,976.32000000000005,fail,-9.8109084148093277,0.023771906994335599,0.0032789306938649002,,-9.8140256194385422,0.017996495453745199,0.00016172606465219999,
perle,GPFA50,visible,target_max,9.811529291257008,0.0053324372460063999,9.802536632223747,9.821966384210528,1000,100,39.57,976.32000000000005,fail,9.8170791751585309,0.030715464840450801,0.0055498839015228002,,9.8180581312201927,0.027620715834032101,0.0065288399631827998,
perle,GPFA50,visible,SSE,18370.464646195207,991.08403084654844,16487.690335623109,20285.068279175081,1000,100,39.57,976.32000000000005,fail,15484.907617138097,2570.930852109283,-2885.5570290571159,,15607.414233519732,2630.7936513230261,-2763.0504126754786,
perle,GPFA50,visible,baseline_SSE,2199.2700537361402,145.73586653653538,1929.5629134626747,2499.2731104245918,1000,100,39.57,976.32000000000005,fail,2535.7715938630122,403.88545867499562,336.50154012687153,,2169.3867500058968,345.44415110388388,-29.88330373024337,
perle,GPFA50,visible,skill,-7.6061351032114732,0.68143590360169837,-8.9492198114597095,-6.3128145163423968,1000,100,39.57,976.32000000000005,fail,-5.318228859502856,1.6880744249987798,2.2879062437086173,0,-6.4526042789999236,2.0396122699445898,1.1535308242115496,0.041000000000000002
perle,GPFA50,visible,objective_distance_RMSE,2.1453533686702189,0.1726056958685068,1.787436525573205,2.4673830757391975,1000,100,39.57,976.32000000000005,fail,0,0,-2.1453533686702189,,0.19649632811508211,0.022975609243662098,-1.9488570405551369,
perle,GPFA50,visible,baseline_r,0.96030302269652845,0.0030224757951401002,0.95399235125024584,0.96570430586332323,1000,100,39.57,976.32000000000005,fail,0.95108354468997203,0.011267085778257101,-0.0092194780065566004,,0.95811703463206643,0.0096174818861245008,-0.0021859880644619998,
perle,GPFA50,visible,baseline_RMSE,1.4954393176577592,0.049395156329059602,1.4019913977164404,1.5945332108409651,1000,100,39.57,976.32000000000005,fail,1.606304761294973,0.12374803391031609,0.1108654436372138,,1.4857227074008537,0.1140143213603721,-0.0097166102569054991,
perle,GPFA50,hidden,r,0.2419148695805424,0.0724765874345107,0.1088399443717462,0.38476026968203431,1000,100,39.57,685.25999999999999,fail,0.77049812354544678,0.041437423756439398,0.52858325396490435,0,0.7533628776850726,0.0483033442574448,0.51144800810453006,0
perle,GPFA50,hidden,RMSE,4.886233095499346,0.1679294070674672,4.5462472214222673,5.2191572752210975,1000,100,39.57,685.25999999999999,fail,3.5718022318022844,0.38032401143368311,-1.3144308636970616,0,3.6129680923604233,0.40874952097077222,-1.2732650031389232,0
perle,GPFA50,hidden,bias,-0.1691912889322725,0.1076172534349589,-0.37245815496933149,0.036410120106989498,1000,100,39.57,685.25999999999999,fail,-0.11665515142133639,0.8617710630581118,0.052536137510936103,,-0.1193459532733462,0.88215422296213186,0.0498453356589263,
perle,GPFA50,hidden,target_sd,4.868981072697661,0.1446503253668617,4.5852235892293374,5.1470049757496401,1000,100,39.57,685.25999999999999,fail,5.1298903644531855,0.27949807106361307,0.26090929175552441,,5.0777318535436233,0.30075754816391748,0.2087507808459623,
perle,GPFA50,hidden,prediction_sd,1.805677799866729,0.090171395141450103,1.6451429459261648,1.9975846735953384,1000,100,39.57,685.25999999999999,fail,2.7981128749492026,0.21517092309509689,0.99243507508247364,,2.7608303907816638,0.21869598527824841,0.95515259091493476,
perle,GPFA50,hidden,amplitude_ratio,0.37260166494199348,0.0139449139738352,0.34788355153755468,0.40307272875055411,1000,100,39.57,685.25999999999999,fail,0.54807404506213708,0.061445598891558498,0.1754723801201436,,0.5468007259121006,0.065550265084272599,0.17419906097010701,
perle,GPFA50,hidden,target_min,-9.7427238708148476,0.016780103390379102,-9.7764382549129785,-9.7120633322951608,1000,100,39.57,685.25999999999999,fail,-9.7947671456528358,0.1560080192877939,-0.0520432748379882,,-9.7573117505332547,0.31179319603589922,-0.0145878797184053,
perle,GPFA50,hidden,target_max,9.7331935471841895,0.019175753298811399,9.6915584357419196,9.7658712559961511,1000,100,39.57,685.25999999999999,fail,9.7560500401839008,0.28306598672801181,0.022856492999711198,,9.7628379585718488,0.25909655508229912,0.029644411387657402,
perle,GPFA50,hidden,SSE,16459.710328026344,1136.2209926125572,14224.776902308216,18760.760360917146,1000,100,39.57,685.25999999999999,fail,8848.8883384401743,1917.9249886664672,-7610.8219895861694,,9072.0434313670048,2084.4532140926121,-7387.6668966593406,
perle,GPFA50,hidden,baseline_SSE,10139.586825565097,303.24578744366391,9546.4792140862428,10714.260645237588,1000,100,39.57,685.25999999999999,fail,10451.693046066272,1274.2666260948886,312.1062205011749,,9442.5096851484541,1031.1079087167495,-697.07714041664258,
perle,GPFA50,hidden,skill,-0.63419753011141466,0.1093437218638611,-0.8592601176735627,-0.42703608809235383,1000,100,39.57,685.25999999999999,fail,0.1429711576872528,0.20687953166478831,0.77716868779866755,0,0.028825662751190501,0.2480903657522579,0.66302319286260525,0
perle,GPFA50,hidden,objective_distance_RMSE,5.3611680896823568,0.33767562045233829,4.7066679852695854,5.9970517525421183,1000,100,39.57,685.25999999999999,fail,0,0,-5.3611680896823568,,0.83327177681851183,0.1389283559799778,-4.5278963128638452,
perle,GPFA50,hidden,baseline_r,0.63340815110151372,0.027940164213545299,0.57868087962255743,0.68490007747433845,1000,100,39.57,685.25999999999999,fail,0.66562312320779082,0.062828348750346694,0.0322149721062771,,0.70166331236619384,0.057951173954590797,0.068255161264680106,
perle,GPFA50,hidden,baseline_RMSE,3.8415414522964522,0.056920454836989501,3.7292070966923809,3.9487147021902422,1000,100,39.57,685.25999999999999,fail,3.9003897543407735,0.24313129501795669,0.058848302044321697,,3.708450068296739,0.20536544290094039,-0.13309138399971271,
perle,GPFA50,bounce,r,0.67679106366958763,0.028839336293151201,0.61723488200312815,0.72905827005892543,1000,100,12.94,600.99000000000001,fail,0.80302726756865572,0.0417912110145204,0.12623620389906801,0,0.79390079655140011,0.045064119298610199,0.1171097328818124,0
perle,GPFA50,bounce,RMSE,5.3040344768839676,0.1770533350025334,4.9696225909449847,5.6551144140415017,1000,100,12.94,600.99000000000001,fail,5.065806394194122,0.44395127011252961,-0.23822808268984461,0.091999999999999901,5.2108034263058878,0.4318829131472709,-0.093231050578079705,0.29999999999999988
perle,GPFA50,bounce,bias,-0.47274979144503948,0.27616149261927381,-1.0195660270242339,0.057377834791261399,1000,100,12.94,600.99000000000001,fail,-0.32842617509565231,1.4426210864459756,0.1443236163493872,,-0.37322558637586151,1.4769977379670785,0.099524205069178001,
perle,GPFA50,bounce,target_sd,6.5294366867321996,0.1496360113638785,6.2422539526405618,6.8235192409740737,1000,100,12.94,600.99000000000001,fail,6.8526608764692272,0.2593799030829928,0.32322418973702838,,6.9463276987718654,0.2339775562871009,0.41689101203966761,
perle,GPFA50,bounce,prediction_sd,2.653290035272871,0.0719734769839767,2.5163469002642009,2.791541386952554,1000,100,12.94,600.99000000000001,fail,2.8640697743343448,0.30678687882122019,0.21077973906147379,,2.836245871784052,0.30577578353408841,0.18295583651118091,
perle,GPFA50,bounce,amplitude_ratio,0.40691073989003862,0.012542937559977201,0.3829317904483337,0.4316900642870079,1000,100,12.94,600.99000000000001,fail,0.41852257092410933,0.047407108906500503,0.011611831034070701,,0.40864004194468878,0.044951879139736403,0.0017293020546502,
perle,GPFA50,bounce,target_min,-9.8442991433203648,0.0089088611344187996,-9.8606034797063593,-9.8287997060093115,1000,100,12.94,600.99000000000001,fail,-9.8443016793729221,0.035573441457567002,-2.536052559065638e-06,,-9.8535081866385088,0.042247062216099099,-0.0092090433181457008,
perle,GPFA50,bounce,target_max,9.8253627909155643,0.0052434337757689001,9.8166268876859544,9.8354141109316515,1000,100,12.94,600.99000000000001,fail,9.8335111874705987,0.0145424339514213,0.0081483965550344008,,9.8330108751906753,0.0141671512957036,0.0076480842751108996,
perle,GPFA50,bounce,SSE,17237.692111744738,1165.8082152648408,15072.598685955296,19599.06777342649,1000,100,12.94,600.99000000000001,fail,15717.50126814856,4327.478158306717,-1520.1908435961775,,16620.71286729605,4514.4954804909394,-616.97924444868841,
perle,GPFA50,bounce,baseline_SSE,2781.8717917153976,394.02941894500231,2031.1907706758475,3577.4822674995662,1000,100,12.94,600.99000000000001,fail,1994.4887604487024,489.34466305889856,-787.38303126669507,,2239.6376842659388,498.64157570016874,-542.23410744945886,
perle,GPFA50,bounce,skill,-5.4673086754144196,0.91063808471524998,-7.5990182702117117,-4.0179358412313286,1000,100,12.94,600.99000000000001,fail,-6.935362470545023,1.3720281368428553,-1.4680537951306034,0.94099999999999995,-6.4209217257704427,1.2102661025657586,-0.95361305035602317,0.85099999999999987
perle,GPFA50,bounce,objective_distance_RMSE,2.7222843898383973,0.28488812472048353,2.1752792771835043,3.3039371225045735,1000,100,12.94,600.99000000000001,fail,0,0,-2.7222843898383973,,0.7627474245883612,0.1802533058406468,-1.9595369652500361,
perle,GPFA50,bounce,baseline_r,0.94732460000129404,0.0073999626378283999,0.93241455730745981,0.96123050017304923,1000,100,12.94,600.99000000000001,fail,0.96747168664363559,0.0052673296906203997,0.020147086642341602,,0.96472045936252881,0.0050196512878375003,0.017395859361234702,
perle,GPFA50,bounce,baseline_RMSE,2.1373405677948663,0.1544760812485661,1.8254343933515105,2.4312819458582502,1000,100,12.94,600.99000000000001,fail,1.8127244599531704,0.16964688380849291,-0.32461610784169581,,1.923281141101252,0.13220998085036689,-0.21405942669361419,
perle,GPFA50,no_bounce,r,0.31823449510707091,0.049286027666697402,0.22107615868187669,0.4166088744167476,1000,100,26.629999999999999,1100.1600000000001,fail,0.67682861804478112,0.047050886325927598,0.35859412293771009,0,0.66964523906666706,0.049081164553551299,0.35141074395959621,0
perle,GPFA50,no_bounce,RMSE,4.0641657464761431,0.16250880334004469,3.7460415217117906,4.3868412421506484,1000,100,26.629999999999999,1100.1600000000001,fail,2.85714033178933,0.19656824851487301,-1.2070254146868131,0,2.7679043902228586,0.19650898918444781,-1.296261356253285,0
perle,GPFA50,no_bounce,bias,0.15396322064027021,0.1557541950643592,-0.1249004133748315,0.48806674611774292,1000,100,26.629999999999999,1100.1600000000001,fail,0.103963447760877,0.56489390299531461,-0.049999772879393098,,0.1199986719282449,0.55639986017061382,-0.0339645487120252,
perle,GPFA50,no_bounce,target_sd,4.0968118618481295,0.1635649941189927,3.768199276370221,4.4124982677189886,1000,100,26.629999999999999,1100.1600000000001,fail,3.8108987429915566,0.15376129028946381,-0.28591311885657239,,3.6558858878362952,0.14686946181391361,-0.4409259740118347,
perle,GPFA50,no_bounce,prediction_sd,2.1244942557548394,0.053044970711837197,2.0219622435524776,2.2274860687172087,1000,100,26.629999999999999,1100.1600000000001,fail,2.5468338829556765,0.1820399720596477,0.42233962720083701,,2.5148567475725838,0.18377254633747361,0.39036249181774391,
perle,GPFA50,no_bounce,amplitude_ratio,0.5210152408763532,0.018428925466420401,0.48732385969544062,0.55806315996010514,1000,100,26.629999999999999,1100.1600000000001,fail,0.6690626814767543,0.050626226947155302,0.14804744060040101,,0.68859612004459203,0.052204427370649301,0.1675808791682388,
perle,GPFA50,no_bounce,target_min,-8.6939422069107586,0.10081315203331349,-8.8512717500911737,-8.4748550283632831,1000,100,26.629999999999999,1100.1600000000001,fail,-9.2821232137055976,0.38004530660131491,-0.58818100679483887,,-8.6591243187503952,0.12839877826531801,0.034817888160363297,
perle,GPFA50,no_bounce,target_max,7.677934590998909,0.093412852074297295,7.5089475720463428,7.8379309045436596,1000,100,26.629999999999999,1100.1600000000001,fail,8.1535362827075524,0.38394824217157009,0.47560169170864253,,7.649704871902502,0.33316186331645081,-0.028229719096406002,
perle,GPFA50,no_bounce,SSE,18335.070978515239,1470.0219968883539,15553.441888003952,21289.165874060425,1000,100,26.629999999999999,1100.1600000000001,fail,9022.3170747780441,1489.7994819784085,-9312.7539037371916,,8469.681101437016,1436.7550621456139,-9865.3898770782216,
perle,GPFA50,no_bounce,baseline_SSE,9840.8905831433058,618.08043553110838,8648.3669220404336,11045.255653583399,1000,100,26.629999999999999,1100.1600000000001,fail,11306.858870179043,1734.6797445557081,1465.9682870357374,,9641.9140052321727,1474.5983735382747,-198.97657791113303,
perle,GPFA50,no_bounce,skill,-0.87632281699855574,0.15227104487174209,-1.1700608709989171,-0.56769919921592116,1000,100,26.629999999999999,1100.1600000000001,fail,0.1906880222688162,0.1461324300281403,1.0670108392673721,0,0.1065426926575434,0.17774035411165751,0.9828655096560992,0
perle,GPFA50,no_bounce,objective_distance_RMSE,4.2840298110253752,0.3255744395685064,3.65160325353277,4.8976315644930768,1000,100,26.629999999999999,1100.1600000000001,fail,0,0,-4.2840298110253752,,0.3821139386101905,0.044829851184438101,-3.9019158724151848,
perle,GPFA50,no_bounce,baseline_r,0.70253179675873922,0.0296705672483852,0.63621658974158835,0.75667066069727551,1000,100,26.629999999999999,1100.1600000000001,fail,0.59050635210519675,0.052567261045529903,-0.1120254446535424,,0.63139167643670335,0.051189102834088902,-0.071140120322035802,
perle,GPFA50,no_bounce,baseline_RMSE,2.9843397812537069,0.093990899197585298,2.7957923839733314,3.1656305673646039,1000,100,26.629999999999999,1100.1600000000001,fail,3.2001268120058541,0.19581386289070271,0.2157870307521472,,2.9552763292543989,0.1819035847573055,-0.029063451999308001,
perle,GPFA50,post_bounce,r,0.68479911744910982,0.0419803953760466,0.59965123299049516,0.76232059378369255,1000,100,12.94,318.60000000000002,fail,0.86077036246794625,0.039622122557982697,0.17597124501883649,0,0.84991206229116656,0.044710666400487403,0.1651129448420568,0
perle,GPFA50,post_bounce,RMSE,5.0456850314700006,0.29629211765394697,4.4787664546394801,5.6278260196638525,1000,100,12.94,318.60000000000002,fail,4.8035569315998794,0.53022088950008872,-0.24212809987012199,0.22,5.0392244438773801,0.52117164829922225,-0.0064605875926204001,0.48899999999999988
perle,GPFA50,post_bounce,bias,-0.47319675644018089,0.47795691385249028,-1.416668223954451,0.44348670834682902,1000,100,12.94,318.60000000000002,fail,-0.2606262094683936,1.4339430896433654,0.21257054697178729,,-0.37082944371632087,1.4937956760110809,0.10236731272386,
perle,GPFA50,post_bounce,target_sd,6.2672572265716244,0.28866168808348491,5.7027958347336174,6.8231729903408089,1000,100,12.94,318.60000000000002,fail,6.9217164483336298,0.29930851766790573,0.65445922176200533,,7.0954278796534833,0.2754017080381716,0.82817065308185878,
perle,GPFA50,post_bounce,prediction_sd,2.6861992733847111,0.104645798676008,2.5032573925626287,2.8918917838326603,1000,100,12.94,318.60000000000002,fail,3.0056064366521964,0.34141138671087817,0.31940716326748531,,2.9884606644445166,0.33941144229733877,0.30226139105980587,
perle,GPFA50,post_bounce,amplitude_ratio,0.43057257905222918,0.019827009664621399,0.39330974760583282,0.47221994326239902,1000,100,12.94,318.60000000000002,fail,0.4350172790502802,0.052464391939455103,0.0044446999980508996,,0.42166885698528772,0.049095585351699597,-0.0089037220669415003,
perle,GPFA50,post_bounce,target_min,-9.8437077961168349,0.0090903478869639003,-9.8603258817449735,-9.8276661491695556,1000,100,12.94,318.60000000000002,fail,-9.8443016793729221,0.035573441457567002,-0.00059388325608539998,,-9.8534497850065073,0.042353145451758799,-0.0097419888896722994,
perle,GPFA50,post_bounce,target_max,9.8219477394343624,0.0059624799579645997,9.8116359255223458,9.8339353878376752,1000,100,12.94,318.60000000000002,fail,9.8302319651587187,0.022049836565069699,0.0082842257243544003,,9.830530752396788,0.0190573544787844,0.0085830129624273003,
perle,GPFA50,post_bounce,SSE,8318.7869794126964,994.44421747437025,6502.2870264478697,10353.44201033183,1000,100,12.94,318.60000000000002,fail,7510.2264876404461,2239.3561265112367,-808.5604917722502,,8256.0521834667961,2412.9911828194095,-62.73479594590026,
perle,GPFA50,post_bounce,baseline_SSE,2781.8717917153976,394.02941894500231,2031.1907706758475,3577.4822674995662,1000,100,12.94,318.60000000000002,fail,1994.4887604487024,489.34466305889856,-787.38303126669507,,2239.6376842659388,498.64157570016863,-542.23410744945886,
perle,GPFA50,post_bounce,skill,-2.076854930515065,0.4315500668881655,-3.006722611380892,-1.3008031063408418,1000,100,12.94,318.60000000000002,fail,-2.7799496913671846,0.77618166798387955,-0.70309476085211908,0.94499999999999995,-2.6760972350544745,0.70349777624359133,-0.59924230453940897,0.91700000000000004
perle,GPFA50,post_bounce,objective_distance_RMSE,3.7417628589468328,0.39165002502120128,2.9895801184547914,4.5398261366476804,1000,100,12.94,318.60000000000002,fail,0,0,-3.7417628589468328,,1.0489867004863718,0.25102052556913818,-2.692776158460461,
perle,GPFA50,post_bounce,baseline_r,0.89496558062552178,0.016424468017888001,0.86111229188536986,0.9256487090515666,1000,100,12.94,318.60000000000002,fail,0.94666459021236604,0.0091451060130809999,0.051699009586844098,,0.94461586221940474,0.0087724161222871994,0.049650281593883003,
perle,GPFA50,post_bounce,baseline_RMSE,2.9351671571232392,0.21161755157914369,2.5071517351966595,3.340349383966577,1000,100,12.94,318.60000000000002,fail,2.4950688278829194,0.26843580866665018,-0.44009832924031972,,2.6473790624947444,0.2313997982415093,-0.2877880946284947,
perle,GPFA50,endpoint_influence,r,0.44236182634467291,0.040300800038601203,0.36948027638123693,0.52043086854731058,1000,100,39.57,1418.76,fail,0.72893595138194578,0.0346813916230614,0.28657412503727292,0,0.71825409783179495,0.036940898687295998,0.27589227148712192,0
perle,GPFA50,endpoint_influence,RMSE,4.3245755912988475,0.14346153454601679,4.0376333458277642,4.6096009165954577,1000,100,39.57,1418.76,fail,3.4092813102642641,0.26875015901144361,-0.91529428103458244,0,3.4287177332232321,0.28155611249311091,-0.89585785807561491,0
perle,GPFA50,endpoint_influence,bias,0.0085707808514217006,0.081706465222166499,-0.15768984920851109,0.15838383482910071,1000,100,39.57,1418.76,fail,0.016969886193094998,0.69922808881090781,0.0083991053416732995,,0.0051738867365616996,0.70423565317306447,-0.0033968941148600001,
perle,GPFA50,endpoint_influence,target_sd,4.7238902325207457,0.14070281234075041,4.4414079129394874,5.0102693921323658,1000,100,39.57,1418.76,fail,4.741530396851954,0.20823876553354151,0.017640164331209102,,4.7090182563832128,0.22136390038274381,-0.0148719761375328,
perle,GPFA50,endpoint_influence,prediction_sd,2.2800901275354728,0.056508381875537299,2.1730259346591208,2.3877027598168654,1000,100,39.57,1418.76,fail,2.6691069023862606,0.16509645239073761,0.38901677485078773,,2.6418513081955912,0.1650048024814838,0.36176118066011842,
perle,GPFA50,endpoint_influence,amplitude_ratio,0.4841181430421963,0.0101922054265346,0.46517382062055201,0.50538181191510834,1000,100,39.57,1418.76,fail,0.56433943587963986,0.046817447657449301,0.0802212928374436,,0.5625895634758582,0.047901206308511503,0.078471420433661801,
perle,GPFA50,endpoint_influence,target_min,-9.8437077961168349,0.0090903478869639003,-9.8603258817449735,-9.8276661491695556,1000,100,39.57,1418.76,fail,-9.8443016793729221,0.035573441457567002,-0.00059388325608539998,,-9.8534497850065073,0.042353145451758799,-0.0097419888896722994,
perle,GPFA50,endpoint_influence,target_max,9.8219477394343624,0.0059624799579645997,9.8116359255223458,9.8339353878376752,1000,100,39.57,1418.76,fail,9.8302319651587187,0.022049836565069699,0.0082842257243544003,,9.830530752396788,0.0190573544787844,0.0085830129624273003,
perle,GPFA50,endpoint_influence,SSE,26653.857957927936,1777.566310042246,23192.328116994169,30224.067156783829,1000,100,39.57,1418.76,fail,16532.543562418494,2344.0927632489111,-10121.314395509442,,16725.733284903814,2473.6351122128399,-9928.1246730241219,
perle,GPFA50,endpoint_influence,baseline_SSE,12622.762374858705,402.61586091672882,11811.455117355685,13458.180975873158,1000,100,39.57,1418.76,fail,13301.347630627746,1655.8682537778182,678.58525576904321,,11881.551689498112,1351.4684230413134,-741.21068536059101,
perle,GPFA50,endpoint_influence,skill,-1.1260342502005414,0.1429402589912957,-1.4086316462038586,-0.8443659155517248,1000,100,39.57,1418.76,fail,-0.2625789039718156,0.2431047362817747,0.86345534622872566,0,-0.42856042199110839,0.28377505265361391,0.69747382820943293,0
perle,GPFA50,endpoint_influence,objective_distance_RMSE,4.1795068080161997,0.26967064109516492,3.6481961611401927,4.6801171718478791,1000,100,39.57,1418.76,fail,0,0,-4.1795068080161997,,0.6070768217441036,0.096986505654016703,-3.5724299862720961,
perle,GPFA50,endpoint_influence,baseline_r,0.78575324025033233,0.015255999835698499,0.75679979147242282,0.81440879125380528,1000,100,39.57,1418.76,fail,0.77242233764330392,0.034114830128104498,-0.0133309026070284,,0.79706375405217511,0.030025350323991801,0.011310513801842699,
perle,GPFA50,endpoint_influence,baseline_RMSE,2.9786772149429663,0.047043124751113503,2.8824785027185689,3.0732036221226671,1000,100,39.57,1418.76,fail,3.0574698025233782,0.18042687746075459,0.078792587580411799,,2.890866728917592,0.15808305275493489,-0.087810486025374307,
