axis,axis_value,metric,direction,null,observed_mean,observed_ci_low,observed_ci_high,null_mean,null_ci_low,null_ci_high,paired_superiority,split_null_failures,split_null_failure_rate,standardized_separation,n_splits
neuron_count,128.0,acceleration_direction_cosine,higher,block_shuffle_16,0.48749586853329435,0.4511151850437468,0.5255888516419873,0.003523953018153543,-0.10402217443739713,0.11801094553664013,1.0,0,0.0,10.868863243920188,100
neuron_count,128.0,acceleration_direction_cosine,higher,circular_shift,0.48749586853329435,0.4511151850437468,0.5255888516419873,-0.0007197139148781806,-0.08319185905240736,0.0847547491918383,1.0,0,0.0,13.557422177409512,100
neuron_count,128.0,acceleration_direction_cosine,higher,condition_shuffle,0.48749586853329435,0.4511151850437468,0.5255888516419873,-0.008155237122875112,-0.07344525946676783,0.0508084013479377,1.0,0,0.0,17.390542636820186,100
neuron_count,128.0,acceleration_direction_cosine,higher,independent_neuron_shift,0.48749586853329435,0.4511151850437468,0.5255888516419873,0.003883524450547569,-0.090710484796788,0.10679966247459947,1.0,0,0.0,12.794136579502876,100
neuron_count,128.0,acceleration_direction_cosine,higher,time_reversal,0.48749586853329435,0.4511151850437468,0.5255888516419873,0.09332592740401852,0.05794673730696871,0.12760645057743852,1.0,0,0.0,19.322155554408756,100
neuron_count,128.0,best_lag_correlation,higher,block_shuffle_16,0.8264802240582846,0.7765382869065105,0.8570304192601627,0.427970014382127,0.3482675351242246,0.5273677973994788,1.0,0,0.0,10.432941344166668,100
neuron_count,128.0,best_lag_correlation,higher,circular_shift,0.8264802240582846,0.7765382869065105,0.8570304192601627,0.33241526280808387,0.2632023355223783,0.41765787957396594,1.0,0,0.0,14.232752137779539,100
neuron_count,128.0,best_lag_correlation,higher,condition_shuffle,0.8264802240582846,0.7765382869065105,0.8570304192601627,0.01354864276149128,-0.08720982406054667,0.14329448728044544,1.0,0,0.0,18.348988767639547,100
neuron_count,128.0,best_lag_correlation,higher,independent_neuron_shift,0.8264802240582846,0.7765382869065105,0.8570304192601627,0.473029801241219,0.408719568775839,0.5313059559300204,1.0,0,0.0,13.31089058644931,100
neuron_count,128.0,best_lag_correlation,higher,time_reversal,0.8264802240582846,0.7765382869065105,0.8570304192601627,0.45386581393673725,0.4185313504087799,0.4769630800841548,1.0,0,0.0,20.359528406826282,100
neuron_count,128.0,normalized_position_rmse,lower,block_shuffle_16,0.615097893898069,0.5480448437772613,0.7217868459844141,1.1123803515431312,0.9959897300586218,1.2627429014731948,1.0,0,0.0,8.767393184737374,100
neuron_count,128.0,normalized_position_rmse,lower,circular_shift,0.615097893898069,0.5480448437772613,0.7217868459844141,1.2197215745134569,1.1085051805862254,1.3362995860027724,1.0,0,0.0,10.547209521376645,100
neuron_count,128.0,normalized_position_rmse,lower,condition_shuffle,0.615097893898069,0.5480448437772613,0.7217868459844141,1.4544151232887421,1.293543678110564,1.608773184868045,1.0,0,0.0,13.233015823306085,100
neuron_count,128.0,normalized_position_rmse,lower,independent_neuron_shift,0.615097893898069,0.5480448437772613,0.7217868459844141,1.0045415871797325,0.9251823449776223,1.091778346474882,1.0,0,0.0,8.412495783331499,100
neuron_count,128.0,normalized_position_rmse,lower,time_reversal,0.615097893898069,0.5480448437772613,0.7217868459844141,1.0884338398855447,0.9931087621182346,1.2031445061900592,1.0,0,0.0,9.143127745679527,100
neuron_count,128.0,path_length_similarity,higher,block_shuffle_16,0.940258052106332,0.8409697938873688,0.9965823026956193,0.9263737895800307,0.7975913003431685,0.9978307282824089,0.63,37,0.37,0.2729868351281348,100
neuron_count,128.0,path_length_similarity,higher,circular_shift,0.940258052106332,0.8409697938873688,0.9965823026956193,0.9409945235620651,0.8443621088205243,0.9943234835183753,0.49,51,0.51,-0.017489908655989764,100
neuron_count,128.0,path_length_similarity,higher,condition_shuffle,0.940258052106332,0.8409697938873688,0.9965823026956193,0.9005624524699992,0.789991342607501,0.9916626062683034,0.74,26,0.26,0.7619482873022736,100
neuron_count,128.0,path_length_similarity,higher,independent_neuron_shift,0.940258052106332,0.8409697938873688,0.9965823026956193,0.766332198598697,0.6705396690008391,0.8782006620610623,0.95,5,0.05,3.353540383926129,100
neuron_count,128.0,path_length_similarity,higher,time_reversal,0.940258052106332,0.8409697938873688,0.9965823026956193,0.9406020557047526,0.8461690549773361,0.9976623408867078,0.46,54,0.54,-0.008196908487887514,100
neuron_count,128.0,position_correlation,higher,block_shuffle_16,0.8172520519971688,0.7653888337666659,0.8489931858233707,0.34850882808541267,0.2632409412375749,0.4511383338498335,1.0,0,0.0,11.610668903108593,100
neuron_count,128.0,position_correlation,higher,circular_shift,0.8172520519971688,0.7653888337666659,0.8489931858233707,0.2610954271047198,0.1768261061022776,0.3567816479925949,1.0,0,0.0,15.04334210228655,100
neuron_count,128.0,position_correlation,higher,condition_shuffle,0.8172520519971688,0.7653888337666659,0.8489931858233707,-0.048079968280599614,-0.1573182952340301,0.0866612197592036,1.0,0,0.0,19.033001980562826,100
neuron_count,128.0,position_correlation,higher,independent_neuron_shift,0.8172520519971688,0.7653888337666659,0.8489931858233707,0.40595554950591434,0.34782815224195185,0.4847459641503945,1.0,0,0.0,14.287797920853222,100
neuron_count,128.0,position_correlation,higher,time_reversal,0.8172520519971688,0.7653888337666659,0.8489931858233707,0.415847662532862,0.37881711316704936,0.44004969589534265,1.0,0,0.0,21.13825310823166,100
neuron_count,128.0,position_cosine,higher,block_shuffle_16,0.7929048200395269,0.7328718380690872,0.8275400500605314,0.3410799045737967,0.24865111727137298,0.43530149489670267,1.0,0,0.0,10.94134135577335,100
neuron_count,128.0,position_cosine,higher,circular_shift,0.7929048200395269,0.7328718380690872,0.8275400500605314,0.25405426171640955,0.16785410352999983,0.3557820303276953,1.0,0,0.0,13.607569413692612,100
neuron_count,128.0,position_cosine,higher,condition_shuffle,0.7929048200395269,0.7328718380690872,0.8275400500605314,-0.03802993746457051,-0.14387993603469776,0.09227069294203619,1.0,0,0.0,17.946612570075846,100
neuron_count,128.0,position_cosine,higher,independent_neuron_shift,0.7929048200395269,0.7328718380690872,0.8275400500605314,0.3782970149567705,0.3171092731251684,0.43194538076533945,1.0,0,0.0,14.02092506191745,100
neuron_count,128.0,position_cosine,higher,time_reversal,0.7929048200395269,0.7328718380690872,0.8275400500605314,0.3858644362415125,0.3467048338281798,0.4121228608005001,1.0,0,0.0,19.039908610116356,100
neuron_count,128.0,speed_profile_correlation,higher,block_shuffle_16,0.6406258460568891,0.5511047619175188,0.729817497108916,0.19680730180221445,0.07241187175349231,0.3258698442513256,1.0,0,0.0,7.299339891564714,100
neuron_count,128.0,speed_profile_correlation,higher,circular_shift,0.6406258460568891,0.5511047619175188,0.729817497108916,0.15093350701446287,0.03954557162385754,0.25758181119006573,1.0,0,0.0,8.87857286591937,100
neuron_count,128.0,speed_profile_correlation,higher,condition_shuffle,0.6406258460568891,0.5511047619175188,0.729817497108916,0.010826597463655066,-0.21312204880537383,0.22848584067475142,1.0,0,0.0,6.7893304759849435,100
neuron_count,128.0,speed_profile_correlation,higher,independent_neuron_shift,0.6406258460568891,0.5511047619175188,0.729817497108916,0.18371352888120068,0.027956854461119993,0.3082098234977141,1.0,0,0.0,7.348705609131494,100
neuron_count,128.0,speed_profile_correlation,higher,time_reversal,0.6406258460568891,0.5511047619175188,0.729817497108916,0.10814965581450296,0.0468074782470598,0.16365135702908953,1.0,0,0.0,13.426930221698912,100
neuron_count,128.0,velocity_direction_cosine,higher,block_shuffle_16,0.5702148666094018,0.5305959731682086,0.609775446890448,0.006515805291175819,-0.09947406016227535,0.13406391328446557,1.0,0,0.0,12.829937671455077,100
neuron_count,128.0,velocity_direction_cosine,higher,circular_shift,0.5702148666094018,0.5305959731682086,0.609775446890448,-0.002817422677863273,-0.07869051034497712,0.07954650027183496,1.0,0,0.0,16.657572089585596,100
neuron_count,128.0,velocity_direction_cosine,higher,condition_shuffle,0.5702148666094018,0.5305959731682086,0.609775446890448,0.005315185451712458,-0.055691295742080385,0.06064382400870311,1.0,0,0.0,20.485832433312517,100
neuron_count,128.0,velocity_direction_cosine,higher,independent_neuron_shift,0.5702148666094018,0.5305959731682086,0.609775446890448,0.0077361703030080055,-0.09602776789449283,0.09678106638196961,1.0,0,0.0,14.732565196278049,100
neuron_count,128.0,velocity_direction_cosine,higher,time_reversal,0.5702148666094018,0.5305959731682086,0.609775446890448,0.09974729911438461,0.06317054588178715,0.13235965533569066,1.0,0,0.0,22.250122338415345,100
neuron_count,128.0,zero_lag_correlation,higher,block_shuffle_16,0.826406597512988,0.7765382869065105,0.8568760904520959,0.3819581548006846,0.3002831853506215,0.47758564643147766,1.0,0,0.0,11.609612792399375,100
neuron_count,128.0,zero_lag_correlation,higher,circular_shift,0.826406597512988,0.7765382869065105,0.8568760904520959,0.2968654704120724,0.215699211790773,0.39093471242964634,1.0,0,0.0,14.879303751503743,100
neuron_count,128.0,zero_lag_correlation,higher,condition_shuffle,0.826406597512988,0.7765382869065105,0.8568760904520959,0.0023247437656105812,-0.09452665206016123,0.13306082974579675,1.0,0,0.0,19.068424009801653,100
neuron_count,128.0,zero_lag_correlation,higher,independent_neuron_shift,0.826406597512988,0.7765382869065105,0.8568760904520959,0.4406795347428,0.3885040017307694,0.5134373934475189,1.0,0,0.0,14.178099134736748,100
neuron_count,128.0,zero_lag_correlation,higher,time_reversal,0.826406597512988,0.7765382869065105,0.8568760904520959,0.44416156119543104,0.40662327240784585,0.46725508566333135,1.0,0,0.0,20.691598845327533,100
neuron_count,256.0,acceleration_direction_cosine,higher,block_shuffle_16,0.5090066667534502,0.45734103241324126,0.5520256851408334,-0.006077037649138856,-0.13741409668441168,0.10181712390335262,1.0,0,0.0,11.555118544076361,100
neuron_count,256.0,acceleration_direction_cosine,higher,circular_shift,0.5090066667534502,0.45734103241324126,0.5520256851408334,0.009114597397122705,-0.06380638561687696,0.09590419779175709,1.0,0,0.0,13.759393471424582,100
neuron_count,256.0,acceleration_direction_cosine,higher,condition_shuffle,0.5090066667534502,0.45734103241324126,0.5520256851408334,-0.004550297694543532,-0.09066801501487541,0.1085558733039538,1.0,0,0.0,12.588983261046426,100
neuron_count,256.0,acceleration_direction_cosine,higher,independent_neuron_shift,0.5090066667534502,0.45734103241324126,0.5520256851408334,-0.008030260863814745,-0.1034966641831818,0.0716454582462048,1.0,0,0.0,13.801326221121915,100
neuron_count,256.0,acceleration_direction_cosine,higher,time_reversal,0.5090066667534502,0.45734103241324126,0.5520256851408334,0.11929422677873423,0.08262257715347628,0.1591373927725388,1.0,0,0.0,17.20698319923348,100
neuron_count,256.0,best_lag_correlation,higher,block_shuffle_16,0.8412697672898539,0.7824389082996809,0.8764704547348028,0.30750733625876364,0.19732493558969819,0.4244542195795245,1.0,0,0.0,11.649971939000865,100
neuron_count,256.0,best_lag_correlation,higher,circular_shift,0.8412697672898539,0.7824389082996809,0.8764704547348028,0.19738879349848637,0.12463896604945132,0.279295297059795,1.0,0,0.0,19.640665760471943,100
neuron_count,256.0,best_lag_correlation,higher,condition_shuffle,0.8412697672898539,0.7824389082996809,0.8764704547348028,-0.0020809997202610553,-0.08257385122719267,0.1220635329096946,1.0,0,0.0,20.810955173004903,100
neuron_count,256.0,best_lag_correlation,higher,independent_neuron_shift,0.8412697672898539,0.7824389082996809,0.8764704547348028,0.36912617725415087,0.3048605449677022,0.4332853459926394,1.0,0,0.0,16.335117902019377,100
neuron_count,256.0,best_lag_correlation,higher,time_reversal,0.8412697672898539,0.7824389082996809,0.8764704547348028,0.27706453594937236,0.25217319745742656,0.3020362648602225,1.0,0,0.0,31.771609962075726,100
neuron_count,256.0,normalized_position_rmse,lower,block_shuffle_16,0.5812734478346079,0.49650761847361,0.7060260313370452,1.2032050734333593,1.0410387884056194,1.3549073765383401,1.0,0,0.0,9.452562084435343,100
neuron_count,256.0,normalized_position_rmse,lower,circular_shift,0.5812734478346079,0.49650761847361,0.7060260313370452,1.3191300765062905,1.2010180869616915,1.4687476207801384,1.0,0,0.0,11.895155085612602,100
neuron_count,256.0,normalized_position_rmse,lower,condition_shuffle,0.5812734478346079,0.49650761847361,0.7060260313370452,1.451386320156618,1.321035450259578,1.5954078032533108,1.0,0,0.0,13.239362249492396,100
neuron_count,256.0,normalized_position_rmse,lower,independent_neuron_shift,0.5812734478346079,0.49650761847361,0.7060260313370452,1.0245071853516723,0.9562418196895974,1.1218965269999015,1.0,0,0.0,9.369061562414686,100
neuron_count,256.0,normalized_position_rmse,lower,time_reversal,0.5812734478346079,0.49650761847361,0.7060260313370452,1.2295537436156596,1.1355119095708053,1.340706436959746,1.0,0,0.0,11.66867473240681,100
neuron_count,256.0,path_length_similarity,higher,block_shuffle_16,0.9391775959129715,0.8603300212880876,0.9962612086174598,0.8577903509901972,0.7325859700073951,0.9911331238774743,0.89,11,0.11,1.4785803479330233,100
neuron_count,256.0,path_length_similarity,higher,circular_shift,0.9391775959129715,0.8603300212880876,0.9962612086174598,0.9335404307417537,0.8502304684971904,0.9955708352387564,0.63,37,0.37,0.13184797769444365,100
neuron_count,256.0,path_length_similarity,higher,condition_shuffle,0.9391775959129715,0.8603300212880876,0.9962612086174598,0.8232071497615197,0.7060439160260406,0.9728687109336314,0.92,8,0.08,1.889449759823553,100
neuron_count,256.0,path_length_similarity,higher,independent_neuron_shift,0.9391775959129715,0.8603300212880876,0.9962612086174598,0.7144534448880395,0.618881548714098,0.8121927622199399,1.0,0,0.0,4.679830467354246,100
neuron_count,256.0,path_length_similarity,higher,time_reversal,0.9391775959129715,0.8603300212880876,0.9962612086174598,0.9391686820998112,0.8601841244571067,0.99735669796114,0.52,48,0.48,0.00021946590636949775,100
neuron_count,256.0,position_correlation,higher,block_shuffle_16,0.8380548842887946,0.7792661615149294,0.8737312296318744,0.2447302133774328,0.14567639050034634,0.3733936352260216,1.0,0,0.0,13.008298132731074,100
neuron_count,256.0,position_correlation,higher,circular_shift,0.8380548842887946,0.7792661615149294,0.8737312296318744,0.13810238654774953,0.061123050649386036,0.23075831783146614,1.0,0,0.0,19.727082265647283,100
neuron_count,256.0,position_correlation,higher,condition_shuffle,0.8380548842887946,0.7792661615149294,0.8737312296318744,-0.03644025049481302,-0.11234160530471758,0.08814066299883201,1.0,0,0.0,22.007448324650458,100
neuron_count,256.0,position_correlation,higher,independent_neuron_shift,0.8380548842887946,0.7792661615149294,0.8737312296318744,0.3153683974812249,0.2476784654881481,0.37794512785604545,1.0,0,0.0,17.270609043903352,100
neuron_count,256.0,position_correlation,higher,time_reversal,0.8380548842887946,0.7792661615149294,0.8737312296318744,0.2567862479785894,0.23100336300066707,0.27913892743634805,1.0,0,0.0,32.831124643567655,100
neuron_count,256.0,position_cosine,higher,block_shuffle_16,0.7775489063073314,0.7333608284482663,0.8145217166844869,0.3032457484508023,0.21603789363227335,0.4046064546498427,1.0,0,0.0,12.214728974969333,100
neuron_count,256.0,position_cosine,higher,circular_shift,0.7775489063073314,0.7333608284482663,0.8145217166844869,0.2100120787562194,0.12244800588200193,0.30881866214929415,1.0,0,0.0,15.308569781267312,100
neuron_count,256.0,position_cosine,higher,condition_shuffle,0.7775489063073314,0.7333608284482663,0.8145217166844869,-0.030980876630098565,-0.13786902160031794,0.12509800926120146,1.0,0,0.0,15.519559234467115,100
neuron_count,256.0,position_cosine,higher,independent_neuron_shift,0.7775489063073314,0.7333608284482663,0.8145217166844869,0.35122060794377097,0.28220064528253813,0.424352989875473,1.0,0,0.0,13.99992598168227,100
neuron_count,256.0,position_cosine,higher,time_reversal,0.7775489063073314,0.7333608284482663,0.8145217166844869,0.3346562902654016,0.2999605888146637,0.3627454446300392,1.0,0,0.0,23.345105804861436,100
neuron_count,256.0,speed_profile_correlation,higher,block_shuffle_16,0.7817489345037636,0.7257534243936419,0.8280146623030651,0.2693709368764116,0.09703536377312154,0.46143061430886595,1.0,0,0.0,7.0468185013619005,100
neuron_count,256.0,speed_profile_correlation,higher,circular_shift,0.7817489345037636,0.7257534243936419,0.8280146623030651,0.1756966683016926,0.06525575909672315,0.30042337271115527,1.0,0,0.0,13.175274777541564,100
neuron_count,256.0,speed_profile_correlation,higher,condition_shuffle,0.7817489345037636,0.7257534243936419,0.8280146623030651,-0.04601377983882328,-0.2449790599996405,0.23364883759979468,1.0,0,0.0,8.513735446821443,100
neuron_count,256.0,speed_profile_correlation,higher,independent_neuron_shift,0.7817489345037636,0.7257534243936419,0.8280146623030651,0.25731607421096847,0.09937805071858057,0.39848753610956367,1.0,0,0.0,8.72569476944927,100
neuron_count,256.0,speed_profile_correlation,higher,time_reversal,0.7817489345037636,0.7257534243936419,0.8280146623030651,0.14374508492522264,0.10593145535993075,0.17422994340851988,1.0,0,0.0,26.785258163000606,100
neuron_count,256.0,velocity_direction_cosine,higher,block_shuffle_16,0.5706928549401761,0.5305486323471653,0.6039734204429046,-0.004449322989925981,-0.10990893336832268,0.10930233141722694,1.0,0,0.0,14.445803997597741,100
neuron_count,256.0,velocity_direction_cosine,higher,circular_shift,0.5706928549401761,0.5305486323471653,0.6039734204429046,0.003330782615454842,-0.06959656039270516,0.090806829132907,1.0,0,0.0,17.364350854750402,100
neuron_count,256.0,velocity_direction_cosine,higher,condition_shuffle,0.5706928549401761,0.5305486323471653,0.6039734204429046,-0.004207650745474273,-0.08786341866426639,0.08213626413035159,1.0,0,0.0,16.424777608718188,100
neuron_count,256.0,velocity_direction_cosine,higher,independent_neuron_shift,0.5706928549401761,0.5305486323471653,0.6039734204429046,-0.00660009858701333,-0.08430305093142448,0.07070327916639506,1.0,0,0.0,17.304989836775245,100
neuron_count,256.0,velocity_direction_cosine,higher,time_reversal,0.5706928549401761,0.5305486323471653,0.6039734204429046,0.13560229561469428,0.09832131990695513,0.1678557349396777,1.0,0,0.0,22.060713074017155,100
neuron_count,256.0,zero_lag_correlation,higher,block_shuffle_16,0.8411941605642705,0.7824389082996809,0.8764704547348028,0.25912595673638633,0.160657245188242,0.38668656497091974,1.0,0,0.0,12.961110851771936,100
neuron_count,256.0,zero_lag_correlation,higher,circular_shift,0.8411941605642705,0.7824389082996809,0.8764704547348028,0.15356046452738062,0.07715576403959239,0.24404522628615405,1.0,0,0.0,19.60357081525342,100
neuron_count,256.0,zero_lag_correlation,higher,condition_shuffle,0.8411941605642705,0.7824389082996809,0.8764704547348028,-0.01804423654157213,-0.09058646007163938,0.10477692114289862,1.0,0,0.0,21.919480659274644,100
neuron_count,256.0,zero_lag_correlation,higher,independent_neuron_shift,0.8411941605642705,0.7824389082996809,0.8764704547348028,0.3323187321620616,0.2641028279124155,0.39529805052584377,1.0,0,0.0,17.11283114983198,100
neuron_count,256.0,zero_lag_correlation,higher,time_reversal,0.8411941605642705,0.7824389082996809,0.8764704547348028,0.27007019180939723,0.24434098346995436,0.2935439387430251,1.0,0,0.0,32.36753239805218,100
neuron_count,512.0,acceleration_direction_cosine,higher,block_shuffle_16,0.5576051617500851,0.5269606939099655,0.5906875643965291,0.0038872303596284652,-0.08077401168019836,0.10896625246401233,1.0,0,0.0,14.104709412906084,100
neuron_count,512.0,acceleration_direction_cosine,higher,circular_shift,0.5576051617500851,0.5269606939099655,0.5906875643965291,-0.002098388499806767,-0.09108040168118553,0.0857072674253515,1.0,0,0.0,17.263397882956536,100
neuron_count,512.0,acceleration_direction_cosine,higher,condition_shuffle,0.5576051617500851,0.5269606939099655,0.5906875643965291,-0.012105910099306942,-0.08223061735949216,0.07228788577274271,1.0,0,0.0,18.151336805056765,100
neuron_count,512.0,acceleration_direction_cosine,higher,independent_neuron_shift,0.5576051617500851,0.5269606939099655,0.5906875643965291,-0.006981887187967471,-0.09329453000174348,0.07533062528719396,1.0,0,0.0,16.150327950753294,100
neuron_count,512.0,acceleration_direction_cosine,higher,time_reversal,0.5576051617500851,0.5269606939099655,0.5906875643965291,0.11483251830001506,0.08473418003733746,0.14615759950851417,1.0,0,0.0,25.4184845207139,100
neuron_count,512.0,best_lag_correlation,higher,block_shuffle_16,0.8606187148960206,0.8231595474700638,0.8880087018687853,0.3317535609390475,0.22325068416821775,0.44892913619025737,1.0,0,0.0,11.833048640159717,100
neuron_count,512.0,best_lag_correlation,higher,circular_shift,0.8606187148960206,0.8231595474700638,0.8880087018687853,0.23703966280585426,0.149222190187728,0.32259113513462384,1.0,0,0.0,17.541263610940916,100
neuron_count,512.0,best_lag_correlation,higher,condition_shuffle,0.8606187148960206,0.8231595474700638,0.8880087018687853,0.006413922574601247,-0.07282916766752114,0.11509230946522332,1.0,0,0.0,22.678159202659987,100
neuron_count,512.0,best_lag_correlation,higher,independent_neuron_shift,0.8606187148960206,0.8231595474700638,0.8880087018687853,0.4480453034639095,0.39734161973121246,0.5222550812728886,1.0,0,0.0,16.101406302208936,100
neuron_count,512.0,best_lag_correlation,higher,time_reversal,0.8606187148960206,0.8231595474700638,0.8880087018687853,0.30487151294778103,0.283582543548803,0.32235251207140875,1.0,0,0.0,40.46215089519816,100
neuron_count,512.0,normalized_position_rmse,lower,block_shuffle_16,0.5497856811303798,0.47866109742534174,0.6357505913132633,1.194040103737884,1.0792705746417885,1.3155129275506852,1.0,0,0.0,11.353438398928425,100
neuron_count,512.0,normalized_position_rmse,lower,circular_shift,0.5497856811303798,0.47866109742534174,0.6357505913132633,1.3040358355399788,1.1882514886980282,1.4197917494439922,1.0,0,0.0,13.726848808969475,100
neuron_count,512.0,normalized_position_rmse,lower,condition_shuffle,0.5497856811303798,0.47866109742534174,0.6357505913132633,1.4579322357228497,1.3211242796663532,1.5989634037141085,1.0,0,0.0,14.580344211149095,100
neuron_count,512.0,normalized_position_rmse,lower,independent_neuron_shift,0.5497856811303798,0.47866109742534174,0.6357505913132633,0.9583885789752249,0.8946682072763553,1.0143615046289836,1.0,0,0.0,10.79421010911822,100
neuron_count,512.0,normalized_position_rmse,lower,time_reversal,0.5497856811303798,0.47866109742534174,0.6357505913132633,1.2086534685947656,1.1227901301937602,1.3011999222256239,1.0,0,0.0,13.816720889311739,100
neuron_count,512.0,path_length_similarity,higher,block_shuffle_16,0.9434131006424161,0.8664577712938166,0.9973915389517138,0.8364331450057576,0.7276689786375543,0.9741599801272819,0.88,12,0.12,1.9176829489349811,100
neuron_count,512.0,path_length_similarity,higher,circular_shift,0.9434131006424161,0.8664577712938166,0.9973915389517138,0.9381981311196459,0.8551445767595558,0.9919749510498572,0.69,31,0.31,0.128968952792069,100
neuron_count,512.0,path_length_similarity,higher,condition_shuffle,0.9434131006424161,0.8664577712938166,0.9973915389517138,0.8424096367265248,0.7150292183252688,0.9926629757018115,0.86,14,0.14,1.6847916584186173,100
neuron_count,512.0,path_length_similarity,higher,independent_neuron_shift,0.9434131006424161,0.8664577712938166,0.9973915389517138,0.573898331878836,0.5015315228543046,0.649060371884615,1.0,0,0.0,9.078263385256957,100
neuron_count,512.0,path_length_similarity,higher,time_reversal,0.9434131006424161,0.8664577712938166,0.9973915389517138,0.944080358347234,0.8688395317397601,0.9979855812359549,0.36,64,0.64,-0.016831577686138646,100
neuron_count,512.0,position_correlation,higher,block_shuffle_16,0.8553609474849243,0.8166815615406966,0.8840444589804302,0.25449951104452667,0.1475722861847849,0.3759258150000995,1.0,0,0.0,12.860194975459002,100
neuron_count,512.0,position_correlation,higher,circular_shift,0.8553609474849243,0.8166815615406966,0.8840444589804302,0.15725633285400098,0.05241953694657047,0.24710388226701388,1.0,0,0.0,19.091269569178028,100
neuron_count,512.0,position_correlation,higher,condition_shuffle,0.8553609474849243,0.8166815615406966,0.8840444589804302,-0.049462387572113124,-0.1297263394890404,0.07695674222745395,1.0,0,0.0,21.322252977841647,100
neuron_count,512.0,position_correlation,higher,independent_neuron_shift,0.8553609474849243,0.8166815615406966,0.8840444589804302,0.3886343729272647,0.31835878313521226,0.4633871385062875,1.0,0,0.0,16.195603106443773,100
neuron_count,512.0,position_correlation,higher,time_reversal,0.8553609474849243,0.8166815615406966,0.8840444589804302,0.2800062722779754,0.25859201208608823,0.29685533833944705,1.0,0,0.0,40.69208248749073,100
neuron_count,512.0,position_cosine,higher,block_shuffle_16,0.8257728188752514,0.7998569689061263,0.8530068680530201,0.3050503004230174,0.20610014074789917,0.41561220576944313,1.0,0,0.0,12.553085417323144,100
neuron_count,512.0,position_cosine,higher,circular_shift,0.8257728188752514,0.7998569689061263,0.8530068680530201,0.209568325486066,0.1124931406033243,0.3015558262889018,1.0,0,0.0,16.94851281439717,100
neuron_count,512.0,position_cosine,higher,condition_shuffle,0.8257728188752514,0.7998569689061263,0.8530068680530201,-0.05803468196981938,-0.15452644784619254,0.06409787409202684,1.0,0,0.0,20.67142789516446,100
neuron_count,512.0,position_cosine,higher,independent_neuron_shift,0.8257728188752514,0.7998569689061263,0.8530068680530201,0.3995454275900602,0.3243232692366894,0.4739923271733806,1.0,0,0.0,16.649801448165725,100
neuron_count,512.0,position_cosine,higher,time_reversal,0.8257728188752514,0.7998569689061263,0.8530068680530201,0.32534760343753333,0.3066096930543661,0.3453330525142531,1.0,0,0.0,38.42031522190694,100
neuron_count,512.0,speed_profile_correlation,higher,block_shuffle_16,0.7704573814250903,0.6914574942845673,0.8339180161452443,0.23995677690812858,0.07733582420809856,0.36349476801797964,1.0,0,0.0,8.657916897388183,100
neuron_count,512.0,speed_profile_correlation,higher,circular_shift,0.7704573814250903,0.6914574942845673,0.8339180161452443,0.18690297779443327,0.08606826666286134,0.31435279938438315,1.0,0,0.0,11.540237700901507,100
neuron_count,512.0,speed_profile_correlation,higher,condition_shuffle,0.7704573814250903,0.6914574942845673,0.8339180161452443,-0.06803936619451992,-0.24826968776139863,0.1672824052238033,1.0,0,0.0,9.361237557369265,100
neuron_count,512.0,speed_profile_correlation,higher,independent_neuron_shift,0.7704573814250903,0.6914574942845673,0.8339180161452443,0.2446512044975837,0.09880045983560691,0.38443487375400726,1.0,0,0.0,8.67326261505181,100
neuron_count,512.0,speed_profile_correlation,higher,time_reversal,0.7704573814250903,0.6914574942845673,0.8339180161452443,0.2142863977738215,0.1783077973899267,0.24682219466221433,1.0,0,0.0,19.86930575976939,100
neuron_count,512.0,velocity_direction_cosine,higher,block_shuffle_16,0.6342524574095372,0.591103252896429,0.6679210891514382,0.004485960231057339,-0.08880963571256816,0.10706317407155774,1.0,0,0.0,16.14028687497087,100
neuron_count,512.0,velocity_direction_cosine,higher,circular_shift,0.6342524574095372,0.591103252896429,0.6679210891514382,-0.004731676803023782,-0.11252247621480774,0.07805500224757465,1.0,0,0.0,16.739879287588,100
neuron_count,512.0,velocity_direction_cosine,higher,condition_shuffle,0.6342524574095372,0.591103252896429,0.6679210891514382,-0.00757005274067932,-0.0759011442152145,0.07261356955618402,1.0,0,0.0,19.990193099766515,100
neuron_count,512.0,velocity_direction_cosine,higher,independent_neuron_shift,0.6342524574095372,0.591103252896429,0.6679210891514382,0.0017696221563249046,-0.08118250691115579,0.09334309826012034,1.0,0,0.0,18.174103197304703,100
neuron_count,512.0,velocity_direction_cosine,higher,time_reversal,0.6342524574095372,0.591103252896429,0.6679210891514382,0.13170995724233295,0.11108951351304419,0.15540660798480452,1.0,0,0.0,30.448597235329842,100
neuron_count,512.0,zero_lag_correlation,higher,block_shuffle_16,0.86058556952123,0.822973575160715,0.8880087018687853,0.28035805847711887,0.1772284096668432,0.39685071984621334,1.0,0,0.0,12.859146739565208,100
neuron_count,512.0,zero_lag_correlation,higher,circular_shift,0.86058556952123,0.822973575160715,0.8880087018687853,0.1850824621864201,0.08295201304252856,0.2726646148714667,1.0,0,0.0,19.065189182780355,100
neuron_count,512.0,zero_lag_correlation,higher,condition_shuffle,0.86058556952123,0.822973575160715,0.8880087018687853,-0.015004417658642825,-0.09243856402151543,0.10731955810024052,1.0,0,0.0,21.313700401230466,100
neuron_count,512.0,zero_lag_correlation,higher,independent_neuron_shift,0.86058556952123,0.822973575160715,0.8880087018687853,0.41788468377163057,0.34922248231847947,0.4904385464447152,1.0,0,0.0,16.01222931061479,100
neuron_count,512.0,zero_lag_correlation,higher,time_reversal,0.86058556952123,0.822973575160715,0.8880087018687853,0.3038175945553384,0.2828260732275474,0.32139087700374536,1.0,0,0.0,40.56272547494744,100
latent_dim,4.0,acceleration_direction_cosine,higher,block_shuffle_16,0.5576051617500851,0.5269606939099655,0.5906875643965291,0.0038872303596284652,-0.08077401168019836,0.10896625246401233,1.0,0,0.0,14.104709412906084,100
latent_dim,4.0,acceleration_direction_cosine,higher,circular_shift,0.5576051617500851,0.5269606939099655,0.5906875643965291,-0.002098388499806767,-0.09108040168118553,0.0857072674253515,1.0,0,0.0,17.263397882956536,100
latent_dim,4.0,acceleration_direction_cosine,higher,condition_shuffle,0.5576051617500851,0.5269606939099655,0.5906875643965291,-0.012105910099306942,-0.08223061735949216,0.07228788577274271,1.0,0,0.0,18.151336805056765,100
latent_dim,4.0,acceleration_direction_cosine,higher,independent_neuron_shift,0.5576051617500851,0.5269606939099655,0.5906875643965291,-0.006981887187967471,-0.09329453000174348,0.07533062528719396,1.0,0,0.0,16.150327950753294,100
latent_dim,4.0,acceleration_direction_cosine,higher,time_reversal,0.5576051617500851,0.5269606939099655,0.5906875643965291,0.11483251830001506,0.08473418003733746,0.14615759950851417,1.0,0,0.0,25.4184845207139,100
latent_dim,4.0,best_lag_correlation,higher,block_shuffle_16,0.8606187148960206,0.8231595474700638,0.8880087018687853,0.3317535609390475,0.22325068416821775,0.44892913619025737,1.0,0,0.0,11.833048640159717,100
latent_dim,4.0,best_lag_correlation,higher,circular_shift,0.8606187148960206,0.8231595474700638,0.8880087018687853,0.23703966280585426,0.149222190187728,0.32259113513462384,1.0,0,0.0,17.541263610940916,100
latent_dim,4.0,best_lag_correlation,higher,condition_shuffle,0.8606187148960206,0.8231595474700638,0.8880087018687853,0.006413922574601247,-0.07282916766752114,0.11509230946522332,1.0,0,0.0,22.678159202659987,100
latent_dim,4.0,best_lag_correlation,higher,independent_neuron_shift,0.8606187148960206,0.8231595474700638,0.8880087018687853,0.4480453034639095,0.39734161973121246,0.5222550812728886,1.0,0,0.0,16.101406302208936,100
latent_dim,4.0,best_lag_correlation,higher,time_reversal,0.8606187148960206,0.8231595474700638,0.8880087018687853,0.30487151294778103,0.283582543548803,0.32235251207140875,1.0,0,0.0,40.46215089519816,100
latent_dim,4.0,normalized_position_rmse,lower,block_shuffle_16,0.5497856811303798,0.47866109742534174,0.6357505913132633,1.194040103737884,1.0792705746417885,1.3155129275506852,1.0,0,0.0,11.353438398928425,100
latent_dim,4.0,normalized_position_rmse,lower,circular_shift,0.5497856811303798,0.47866109742534174,0.6357505913132633,1.3040358355399788,1.1882514886980282,1.4197917494439922,1.0,0,0.0,13.726848808969475,100
latent_dim,4.0,normalized_position_rmse,lower,condition_shuffle,0.5497856811303798,0.47866109742534174,0.6357505913132633,1.4579322357228497,1.3211242796663532,1.5989634037141085,1.0,0,0.0,14.580344211149095,100
latent_dim,4.0,normalized_position_rmse,lower,independent_neuron_shift,0.5497856811303798,0.47866109742534174,0.6357505913132633,0.9583885789752249,0.8946682072763553,1.0143615046289836,1.0,0,0.0,10.79421010911822,100
latent_dim,4.0,normalized_position_rmse,lower,time_reversal,0.5497856811303798,0.47866109742534174,0.6357505913132633,1.2086534685947656,1.1227901301937602,1.3011999222256239,1.0,0,0.0,13.816720889311739,100
latent_dim,4.0,path_length_similarity,higher,block_shuffle_16,0.9434131006424161,0.8664577712938166,0.9973915389517138,0.8364331450057576,0.7276689786375543,0.9741599801272819,0.88,12,0.12,1.9176829489349811,100
latent_dim,4.0,path_length_similarity,higher,circular_shift,0.9434131006424161,0.8664577712938166,0.9973915389517138,0.9381981311196459,0.8551445767595558,0.9919749510498572,0.69,31,0.31,0.128968952792069,100
latent_dim,4.0,path_length_similarity,higher,condition_shuffle,0.9434131006424161,0.8664577712938166,0.9973915389517138,0.8424096367265248,0.7150292183252688,0.9926629757018115,0.86,14,0.14,1.6847916584186173,100
latent_dim,4.0,path_length_similarity,higher,independent_neuron_shift,0.9434131006424161,0.8664577712938166,0.9973915389517138,0.573898331878836,0.5015315228543046,0.649060371884615,1.0,0,0.0,9.078263385256957,100
latent_dim,4.0,path_length_similarity,higher,time_reversal,0.9434131006424161,0.8664577712938166,0.9973915389517138,0.944080358347234,0.8688395317397601,0.9979855812359549,0.36,64,0.64,-0.016831577686138646,100
latent_dim,4.0,position_correlation,higher,block_shuffle_16,0.8553609474849243,0.8166815615406966,0.8840444589804302,0.25449951104452667,0.1475722861847849,0.3759258150000995,1.0,0,0.0,12.860194975459002,100
latent_dim,4.0,position_correlation,higher,circular_shift,0.8553609474849243,0.8166815615406966,0.8840444589804302,0.15725633285400098,0.05241953694657047,0.24710388226701388,1.0,0,0.0,19.091269569178028,100
latent_dim,4.0,position_correlation,higher,condition_shuffle,0.8553609474849243,0.8166815615406966,0.8840444589804302,-0.049462387572113124,-0.1297263394890404,0.07695674222745395,1.0,0,0.0,21.322252977841647,100
latent_dim,4.0,position_correlation,higher,independent_neuron_shift,0.8553609474849243,0.8166815615406966,0.8840444589804302,0.3886343729272647,0.31835878313521226,0.4633871385062875,1.0,0,0.0,16.195603106443773,100
latent_dim,4.0,position_correlation,higher,time_reversal,0.8553609474849243,0.8166815615406966,0.8840444589804302,0.2800062722779754,0.25859201208608823,0.29685533833944705,1.0,0,0.0,40.69208248749073,100
latent_dim,4.0,position_cosine,higher,block_shuffle_16,0.8257728188752514,0.7998569689061263,0.8530068680530201,0.3050503004230174,0.20610014074789917,0.41561220576944313,1.0,0,0.0,12.553085417323144,100
latent_dim,4.0,position_cosine,higher,circular_shift,0.8257728188752514,0.7998569689061263,0.8530068680530201,0.209568325486066,0.1124931406033243,0.3015558262889018,1.0,0,0.0,16.94851281439717,100
latent_dim,4.0,position_cosine,higher,condition_shuffle,0.8257728188752514,0.7998569689061263,0.8530068680530201,-0.05803468196981938,-0.15452644784619254,0.06409787409202684,1.0,0,0.0,20.67142789516446,100
latent_dim,4.0,position_cosine,higher,independent_neuron_shift,0.8257728188752514,0.7998569689061263,0.8530068680530201,0.3995454275900602,0.3243232692366894,0.4739923271733806,1.0,0,0.0,16.649801448165725,100
latent_dim,4.0,position_cosine,higher,time_reversal,0.8257728188752514,0.7998569689061263,0.8530068680530201,0.32534760343753333,0.3066096930543661,0.3453330525142531,1.0,0,0.0,38.42031522190694,100
latent_dim,4.0,speed_profile_correlation,higher,block_shuffle_16,0.7704573814250903,0.6914574942845673,0.8339180161452443,0.23995677690812858,0.07733582420809856,0.36349476801797964,1.0,0,0.0,8.657916897388183,100
latent_dim,4.0,speed_profile_correlation,higher,circular_shift,0.7704573814250903,0.6914574942845673,0.8339180161452443,0.18690297779443327,0.08606826666286134,0.31435279938438315,1.0,0,0.0,11.540237700901507,100
latent_dim,4.0,speed_profile_correlation,higher,condition_shuffle,0.7704573814250903,0.6914574942845673,0.8339180161452443,-0.06803936619451992,-0.24826968776139863,0.1672824052238033,1.0,0,0.0,9.361237557369265,100
latent_dim,4.0,speed_profile_correlation,higher,independent_neuron_shift,0.7704573814250903,0.6914574942845673,0.8339180161452443,0.2446512044975837,0.09880045983560691,0.38443487375400726,1.0,0,0.0,8.67326261505181,100
latent_dim,4.0,speed_profile_correlation,higher,time_reversal,0.7704573814250903,0.6914574942845673,0.8339180161452443,0.2142863977738215,0.1783077973899267,0.24682219466221433,1.0,0,0.0,19.86930575976939,100
latent_dim,4.0,velocity_direction_cosine,higher,block_shuffle_16,0.6342524574095372,0.591103252896429,0.6679210891514382,0.004485960231057339,-0.08880963571256816,0.10706317407155774,1.0,0,0.0,16.14028687497087,100
latent_dim,4.0,velocity_direction_cosine,higher,circular_shift,0.6342524574095372,0.591103252896429,0.6679210891514382,-0.004731676803023782,-0.11252247621480774,0.07805500224757465,1.0,0,0.0,16.739879287588,100
latent_dim,4.0,velocity_direction_cosine,higher,condition_shuffle,0.6342524574095372,0.591103252896429,0.6679210891514382,-0.00757005274067932,-0.0759011442152145,0.07261356955618402,1.0,0,0.0,19.990193099766515,100
latent_dim,4.0,velocity_direction_cosine,higher,independent_neuron_shift,0.6342524574095372,0.591103252896429,0.6679210891514382,0.0017696221563249046,-0.08118250691115579,0.09334309826012034,1.0,0,0.0,18.174103197304703,100
latent_dim,4.0,velocity_direction_cosine,higher,time_reversal,0.6342524574095372,0.591103252896429,0.6679210891514382,0.13170995724233295,0.11108951351304419,0.15540660798480452,1.0,0,0.0,30.448597235329842,100
latent_dim,4.0,zero_lag_correlation,higher,block_shuffle_16,0.86058556952123,0.822973575160715,0.8880087018687853,0.28035805847711887,0.1772284096668432,0.39685071984621334,1.0,0,0.0,12.859146739565208,100
latent_dim,4.0,zero_lag_correlation,higher,circular_shift,0.86058556952123,0.822973575160715,0.8880087018687853,0.1850824621864201,0.08295201304252856,0.2726646148714667,1.0,0,0.0,19.065189182780355,100
latent_dim,4.0,zero_lag_correlation,higher,condition_shuffle,0.86058556952123,0.822973575160715,0.8880087018687853,-0.015004417658642825,-0.09243856402151543,0.10731955810024052,1.0,0,0.0,21.313700401230466,100
latent_dim,4.0,zero_lag_correlation,higher,independent_neuron_shift,0.86058556952123,0.822973575160715,0.8880087018687853,0.41788468377163057,0.34922248231847947,0.4904385464447152,1.0,0,0.0,16.01222931061479,100
latent_dim,4.0,zero_lag_correlation,higher,time_reversal,0.86058556952123,0.822973575160715,0.8880087018687853,0.3038175945553384,0.2828260732275474,0.32139087700374536,1.0,0,0.0,40.56272547494744,100
latent_dim,8.0,acceleration_direction_cosine,higher,block_shuffle_16,0.5640723738664274,0.5314793154659135,0.5941556475028411,-0.0025445969343608566,-0.09023126483791792,0.08633251605039012,1.0,0,0.0,15.610313850866396,100
latent_dim,8.0,acceleration_direction_cosine,higher,circular_shift,0.5640723738664274,0.5314793154659135,0.5941556475028411,0.0017652128277778228,-0.08741278668118138,0.07934058103032886,1.0,0,0.0,17.067812993765468,100
latent_dim,8.0,acceleration_direction_cosine,higher,condition_shuffle,0.5640723738664274,0.5314793154659135,0.5941556475028411,0.007431793280174896,-0.03949460037282131,0.05953982636361528,1.0,0,0.0,24.354326766125798,100
latent_dim,8.0,acceleration_direction_cosine,higher,independent_neuron_shift,0.5640723738664274,0.5314793154659135,0.5941556475028411,-0.002420630558274773,-0.06839909113971598,0.07035394885373367,1.0,0,0.0,20.873511179207156,100
latent_dim,8.0,acceleration_direction_cosine,higher,time_reversal,0.5640723738664274,0.5314793154659135,0.5941556475028411,0.08206532320464388,0.060099649677179255,0.10165969677704106,1.0,0,0.0,33.313606189461204,100
latent_dim,8.0,best_lag_correlation,higher,block_shuffle_16,0.8460044306857007,0.8099256019591689,0.8770275467102064,0.35091830046499284,0.2605729528653359,0.45939458287008117,1.0,0,0.0,12.558262691081987,100
latent_dim,8.0,best_lag_correlation,higher,circular_shift,0.8460044306857007,0.8099256019591689,0.8770275467102064,0.2527598303503245,0.167920228558398,0.3393797442315438,1.0,0,0.0,17.53815326986657,100
latent_dim,8.0,best_lag_correlation,higher,condition_shuffle,0.8460044306857007,0.8099256019591689,0.8770275467102064,0.011432533148291069,-0.05855568340076144,0.08969588955294022,1.0,0,0.0,28.301089800242444,100
latent_dim,8.0,best_lag_correlation,higher,independent_neuron_shift,0.8460044306857007,0.8099256019591689,0.8770275467102064,0.4534101796677736,0.4002231101035137,0.5042839440077537,1.0,0,0.0,18.516880883512943,100
latent_dim,8.0,best_lag_correlation,higher,time_reversal,0.8460044306857007,0.8099256019591689,0.8770275467102064,0.31246764464467086,0.2985225267520929,0.32737216626241655,1.0,0,0.0,41.34004877147543,100
latent_dim,8.0,normalized_position_rmse,lower,block_shuffle_16,0.5775048806142237,0.5176887295706486,0.6449837959460671,1.1733993817547657,1.0795182797792513,1.2764451673376154,1.0,0,0.0,12.534967859382517,100
latent_dim,8.0,normalized_position_rmse,lower,circular_shift,0.5775048806142237,0.5176887295706486,0.6449837959460671,1.2888537731903695,1.1911323577100594,1.3753555018527344,1.0,0,0.0,15.483596217928117,100
latent_dim,8.0,normalized_position_rmse,lower,condition_shuffle,0.5775048806142237,0.5176887295706486,0.6449837959460671,1.4539484244638439,1.3456277293139867,1.564655730371186,1.0,0,0.0,18.302980767224092,100
latent_dim,8.0,normalized_position_rmse,lower,independent_neuron_shift,0.5775048806142237,0.5176887295706486,0.6449837959460671,0.963787937617888,0.9234591799386271,1.0101412584760259,1.0,0,0.0,12.45500511404163,100
latent_dim,8.0,normalized_position_rmse,lower,time_reversal,0.5775048806142237,0.5176887295706486,0.6449837959460671,1.2086738618596344,1.1438414772611407,1.28463087100893,1.0,0,0.0,16.014509691066277,100
latent_dim,8.0,path_length_similarity,higher,block_shuffle_16,0.9485152347165,0.8577434177571299,0.9973223991701071,0.8488418512944403,0.7433311706558081,0.9732904546910824,0.91,9,0.09,1.9199725599153417,100
latent_dim,8.0,path_length_similarity,higher,circular_shift,0.9485152347165,0.8577434177571299,0.9973223991701071,0.9434572637711353,0.8580718006670914,0.9958724838222834,0.63,37,0.37,0.12586862974705074,100
latent_dim,8.0,path_length_similarity,higher,condition_shuffle,0.9485152347165,0.8577434177571299,0.9973223991701071,0.8835277062581391,0.7592640817340066,0.9959163815183073,0.83,17,0.17,1.236155462050014,100
latent_dim,8.0,path_length_similarity,higher,independent_neuron_shift,0.9485152347165,0.8577434177571299,0.9973223991701071,0.6065801051121964,0.5357114958754752,0.6824736308406192,1.0,0,0.0,8.50477764108522,100
latent_dim,8.0,path_length_similarity,higher,time_reversal,0.9485152347165,0.8577434177571299,0.9973223991701071,0.9488268991026956,0.8567951962834306,0.998233281595009,0.41,59,0.59,-0.007981759774496007,100
latent_dim,8.0,position_correlation,higher,block_shuffle_16,0.8377707130256035,0.7997135515593228,0.870949966099713,0.27464844884935147,0.1729743601995126,0.3810839792147688,1.0,0,0.0,13.231544140058418,100
latent_dim,8.0,position_correlation,higher,circular_shift,0.8377707130256035,0.7997135515593228,0.870949966099713,0.1724123629437509,0.09124128898925987,0.24292880981420736,1.0,0,0.0,20.33432894586837,100
latent_dim,8.0,position_correlation,higher,condition_shuffle,0.8377707130256035,0.7997135515593228,0.870949966099713,-0.04800152958792957,-0.11667860107313109,0.03711848897813194,1.0,0,0.0,28.122477981937816,100
latent_dim,8.0,position_correlation,higher,independent_neuron_shift,0.8377707130256035,0.7997135515593228,0.870949966099713,0.3909688827529223,0.33127371078635753,0.4431622745229283,1.0,0,0.0,18.96058553912364,100
latent_dim,8.0,position_correlation,higher,time_reversal,0.8377707130256035,0.7997135515593228,0.870949966099713,0.27614469058406177,0.2625951848782451,0.29144138887012844,1.0,0,0.0,41.57679334654788,100
latent_dim,8.0,position_cosine,higher,block_shuffle_16,0.8326377610310852,0.8025445823473154,0.8578064597417061,0.32192976942886486,0.2275553261916165,0.42261767936704736,1.0,0,0.0,13.513751876234112,100
latent_dim,8.0,position_cosine,higher,circular_shift,0.8326377610310852,0.8025445823473154,0.8578064597417061,0.22141799679447183,0.13308684584493258,0.3059277421159031,1.0,0,0.0,17.538338574226675,100
latent_dim,8.0,position_cosine,higher,condition_shuffle,0.8326377610310852,0.8025445823473154,0.8578064597417061,-0.04815367607936068,-0.11375478127989047,0.03194923213298706,1.0,0,0.0,29.91656612324996,100
latent_dim,8.0,position_cosine,higher,independent_neuron_shift,0.8326377610310852,0.8025445823473154,0.8578064597417061,0.40825729918262155,0.3599098976654719,0.45591058047787225,1.0,0,0.0,20.600711960474698,100
latent_dim,8.0,position_cosine,higher,time_reversal,0.8326377610310852,0.8025445823473154,0.8578064597417061,0.30769594204931644,0.2911264799398242,0.32360926723197825,1.0,0,0.0,45.86456604450458,100
latent_dim,8.0,speed_profile_correlation,higher,block_shuffle_16,0.7687466042889529,0.6885982281700319,0.8288757487936373,0.22365578734858732,0.03475442054943634,0.3525277871429836,1.0,0,0.0,8.755035188046193,100
latent_dim,8.0,speed_profile_correlation,higher,circular_shift,0.7687466042889529,0.6885982281700319,0.8288757487936373,0.16012823535808862,0.04451110664273039,0.29394527642614215,1.0,0,0.0,10.976365063064387,100
latent_dim,8.0,speed_profile_correlation,higher,condition_shuffle,0.7687466042889529,0.6885982281700319,0.8288757487936373,-0.08291888219410037,-0.2614157111032361,0.13429730656498431,1.0,0,0.0,10.311346949928248,100
latent_dim,8.0,speed_profile_correlation,higher,independent_neuron_shift,0.7687466042889529,0.6885982281700319,0.8288757487936373,0.27369442425766105,0.1323248343752888,0.4033985359676036,1.0,0,0.0,8.517872241189936,100
latent_dim,8.0,speed_profile_correlation,higher,time_reversal,0.7687466042889529,0.6885982281700319,0.8288757487936373,0.15288118132017667,0.11380715885518627,0.19984152844147357,1.0,0,0.0,21.303829157186527,100
latent_dim,8.0,velocity_direction_cosine,higher,block_shuffle_16,0.6226903025177699,0.5933303666050684,0.6494855884316166,0.0003935606020462227,-0.0813173775096273,0.08435784220933609,1.0,0,0.0,18.433921198461444,100
latent_dim,8.0,velocity_direction_cosine,higher,circular_shift,0.6226903025177699,0.5933303666050684,0.6494855884316166,-0.00201386427391286,-0.07864731413526789,0.06796269933210047,1.0,0,0.0,21.538590630737772,100
latent_dim,8.0,velocity_direction_cosine,higher,condition_shuffle,0.6226903025177699,0.5933303666050684,0.6494855884316166,0.017925050494745166,-0.0327664356436825,0.07433293137887256,1.0,0,0.0,26.94534510965213,100
latent_dim,8.0,velocity_direction_cosine,higher,independent_neuron_shift,0.6226903025177699,0.5933303666050684,0.6494855884316166,0.003879865501868935,-0.05538542560382854,0.07329525252041638,1.0,0,0.0,23.91440116358836,100
latent_dim,8.0,velocity_direction_cosine,higher,time_reversal,0.6226903025177699,0.5933303666050684,0.6494855884316166,0.08515604535076678,0.06782774700677986,0.10918568473759857,1.0,0,0.0,41.5794251398071,100
latent_dim,8.0,zero_lag_correlation,higher,block_shuffle_16,0.8459718259607846,0.8099256019591689,0.8770275467102064,0.3128583021824855,0.21753433010418344,0.41504749384951584,1.0,0,0.0,13.225912679071493,100
latent_dim,8.0,zero_lag_correlation,higher,circular_shift,0.8459718259607846,0.8099256019591689,0.8770275467102064,0.21372342326908045,0.13806971902337256,0.27960096006984697,1.0,0,0.0,20.521967530649494,100
latent_dim,8.0,zero_lag_correlation,higher,condition_shuffle,0.8459718259607846,0.8099256019591689,0.8770275467102064,0.003985708054179932,-0.06010476384645487,0.08361117373571984,1.0,0,0.0,28.10834155854399,100
latent_dim,8.0,zero_lag_correlation,higher,independent_neuron_shift,0.8459718259607846,0.8099256019591689,0.8770275467102064,0.43327697158548256,0.3777989009187278,0.4800168532764247,1.0,0,0.0,18.63050163909521,100
latent_dim,8.0,zero_lag_correlation,higher,time_reversal,0.8459718259607846,0.8099256019591689,0.8770275467102064,0.3121737877932501,0.2985030497789763,0.3271405790873801,1.0,0,0.0,41.34751431678056,100
latent_dim,12.0,acceleration_direction_cosine,higher,block_shuffle_16,0.5778076357291166,0.5519402186116408,0.6069999096324906,-0.002175158680493487,-0.08216873872137388,0.07896443349587026,1.0,0,0.0,18.43027970316599,100
latent_dim,12.0,acceleration_direction_cosine,higher,circular_shift,0.5778076357291166,0.5519402186116408,0.6069999096324906,0.0013962092512799916,-0.06628443107907267,0.06134594670710874,1.0,0,0.0,21.507729167750032,100
latent_dim,12.0,acceleration_direction_cosine,higher,condition_shuffle,0.5778076357291166,0.5519402186116408,0.6069999096324906,0.01966043288184674,-0.025876385433656255,0.06536819064707346,1.0,0,0.0,27.565881959501795,100
latent_dim,12.0,acceleration_direction_cosine,higher,independent_neuron_shift,0.5778076357291166,0.5519402186116408,0.6069999096324906,-0.0032794006887019046,-0.04739153470372956,0.04692563392422274,1.0,0,0.0,28.424457903477524,100
latent_dim,12.0,acceleration_direction_cosine,higher,time_reversal,0.5778076357291166,0.5519402186116408,0.6069999096324906,0.06993949880994706,0.049773886773716844,0.0912482889601083,1.0,0,0.0,41.658452337601595,100
latent_dim,12.0,best_lag_correlation,higher,block_shuffle_16,0.8657114690148365,0.8330790607565185,0.8906730408766439,0.35651659765447674,0.265728039197767,0.45903977247045324,1.0,0,0.0,12.805891133434548,100
latent_dim,12.0,best_lag_correlation,higher,circular_shift,0.8657114690148365,0.8330790607565185,0.8906730408766439,0.25875310457039835,0.1728818564689588,0.3406842481201632,1.0,0,0.0,17.42765951357886,100
latent_dim,12.0,best_lag_correlation,higher,condition_shuffle,0.8657114690148365,0.8330790607565185,0.8906730408766439,0.053232990688646516,-0.01750844583364615,0.13001363349766548,1.0,0,0.0,27.215779890057366,100
latent_dim,12.0,best_lag_correlation,higher,independent_neuron_shift,0.8657114690148365,0.8330790607565185,0.8906730408766439,0.45781130945767073,0.4257247848787017,0.49596420479971337,1.0,0,0.0,23.230201792957054,100
latent_dim,12.0,best_lag_correlation,higher,time_reversal,0.8657114690148365,0.8330790607565185,0.8906730408766439,0.2835851273598016,0.27259770126029786,0.2934621418971874,1.0,0,0.0,54.6227923640698,100
latent_dim,12.0,normalized_position_rmse,lower,block_shuffle_16,0.5481951350248147,0.49270645460829204,0.6120005941955889,1.1842230187047236,1.0781486199039638,1.282891854644773,1.0,0,0.0,14.154416879110707,100
latent_dim,12.0,normalized_position_rmse,lower,circular_shift,0.5481951350248147,0.49270645460829204,0.6120005941955889,1.3025326736504024,1.1950882746418707,1.3942172714199925,1.0,0,0.0,16.69212105895796,100
latent_dim,12.0,normalized_position_rmse,lower,condition_shuffle,0.5481951350248147,0.49270645460829204,0.6120005941955889,1.442150230267327,1.3332673848873966,1.5496581252154678,1.0,0,0.0,18.85766816605701,100
latent_dim,12.0,normalized_position_rmse,lower,independent_neuron_shift,0.5481951350248147,0.49270645460829204,0.6120005941955889,0.9803273573582794,0.9324784783498576,1.0227577200180125,1.0,0,0.0,14.544938698091618,100
latent_dim,12.0,normalized_position_rmse,lower,time_reversal,0.5481951350248147,0.49270645460829204,0.6120005941955889,1.2527552971688463,1.1844290968211593,1.3332938012809068,1.0,0,0.0,17.728430455987606,100
latent_dim,12.0,path_length_similarity,higher,block_shuffle_16,0.9488003872049058,0.8629484501275886,0.9970774646515983,0.8572356488015994,0.7442162196308236,0.9793530568032704,0.9,10,0.1,1.7756378317494048,100
latent_dim,12.0,path_length_similarity,higher,circular_shift,0.9488003872049058,0.8629484501275886,0.9970774646515983,0.9452047561763609,0.8614739997104904,0.9992971533123189,0.62,38,0.38,0.08928477076317426,100
latent_dim,12.0,path_length_similarity,higher,condition_shuffle,0.9488003872049058,0.8629484501275886,0.9970774646515983,0.8827898560025313,0.7633108803560292,0.9933898853397947,0.84,16,0.16,1.2592303402955736,100
latent_dim,12.0,path_length_similarity,higher,independent_neuron_shift,0.9488003872049058,0.8629484501275886,0.9970774646515983,0.6308017757700918,0.5550038901670283,0.7088223393027263,1.0,0,0.0,7.760518520118407,100
latent_dim,12.0,path_length_similarity,higher,time_reversal,0.9488003872049058,0.8629484501275886,0.9970774646515983,0.9489165248100592,0.8637187968620338,0.9976556313788496,0.44,56,0.56,-0.0029705182028043316,100
latent_dim,12.0,position_correlation,higher,block_shuffle_16,0.8533963809501616,0.817680191897858,0.8808816943872968,0.2540692770289565,0.16223316490917702,0.36799326830921,1.0,0,0.0,14.307587796728567,100
latent_dim,12.0,position_correlation,higher,circular_shift,0.8533963809501616,0.817680191897858,0.8808816943872968,0.15201675339754311,0.06184038741851505,0.24236285193550403,1.0,0,0.0,20.68251530228932,100
latent_dim,12.0,position_correlation,higher,condition_shuffle,0.8533963809501616,0.817680191897858,0.8808816943872968,-0.034471292388371606,-0.10724379882876425,0.05160196376675312,1.0,0,0.0,27.160707846687107,100
latent_dim,12.0,position_correlation,higher,independent_neuron_shift,0.8533963809501616,0.817680191897858,0.8808816943872968,0.36558131325387583,0.3205005041115106,0.4201478451194208,1.0,0,0.0,23.25949962472781,100
latent_dim,12.0,position_correlation,higher,time_reversal,0.8533963809501616,0.817680191897858,0.8808816943872968,0.21972266484080666,0.20826394387863117,0.2289862895524048,1.0,0,0.0,54.809923173384355,100
latent_dim,12.0,position_cosine,higher,block_shuffle_16,0.8431559274535049,0.8142831430955542,0.8667838930858689,0.31206220720514954,0.2306234625700034,0.42001219956029007,1.0,0,0.0,14.105871052553026,100
latent_dim,12.0,position_cosine,higher,circular_shift,0.8431559274535049,0.8142831430955542,0.8667838930858689,0.21083252342623382,0.11755420717573105,0.30275701250712256,1.0,0,0.0,18.098038124519046,100
latent_dim,12.0,position_cosine,higher,condition_shuffle,0.8431559274535049,0.8142831430955542,0.8667838930858689,-0.03643123338135476,-0.10148711999386253,0.035318865945941004,1.0,0,0.0,29.385020126347168,100
latent_dim,12.0,position_cosine,higher,independent_neuron_shift,0.8431559274535049,0.8142831430955542,0.8667838930858689,0.39808914477375223,0.3596169215731985,0.4484055919101332,1.0,0,0.0,24.003000280391092,100
latent_dim,12.0,position_cosine,higher,time_reversal,0.8431559274535049,0.8142831430955542,0.8667838930858689,0.27362817365643183,0.2597645532389542,0.2858922545588822,1.0,0,0.0,55.11173873749711,100
latent_dim,12.0,speed_profile_correlation,higher,block_shuffle_16,0.7895814788003984,0.6989716175280533,0.8521207499515167,0.26021718027315205,0.09452630848476914,0.38016023550678824,1.0,0,0.0,8.844638664082137,100
latent_dim,12.0,speed_profile_correlation,higher,circular_shift,0.7895814788003984,0.6989716175280533,0.8521207499515167,0.20520247544009387,0.08480663704214528,0.35790526575397075,1.0,0,0.0,10.011402281658176,100
latent_dim,12.0,speed_profile_correlation,higher,condition_shuffle,0.7895814788003984,0.6989716175280533,0.8521207499515167,-0.08457003902377837,-0.2921878221875083,0.18329633745665377,1.0,0,0.0,9.021338159874157,100
latent_dim,12.0,speed_profile_correlation,higher,independent_neuron_shift,0.7895814788003984,0.6989716175280533,0.8521207499515167,0.32490282891274214,0.17812173112525884,0.44934865372586685,1.0,0,0.0,7.930993704921928,100
latent_dim,12.0,speed_profile_correlation,higher,time_reversal,0.7895814788003984,0.6989716175280533,0.8521207499515167,0.1405845088480982,0.10121582392704943,0.18784020632547954,1.0,0,0.0,21.732969455764856,100
latent_dim,12.0,velocity_direction_cosine,higher,block_shuffle_16,0.6406944747023081,0.6137307720529895,0.6658009434063573,-0.001243877664521415,-0.08414295884000376,0.07791417626597466,1.0,0,0.0,20.220492026711756,100
latent_dim,12.0,velocity_direction_cosine,higher,circular_shift,0.6406944747023081,0.6137307720529895,0.6658009434063573,-0.0025233193042604246,-0.06050854995933975,0.0515801782050226,1.0,0,0.0,25.29959383625457,100
latent_dim,12.0,velocity_direction_cosine,higher,condition_shuffle,0.6406944747023081,0.6137307720529895,0.6658009434063573,0.030390911575924485,-0.015320603485647705,0.07410689077134214,1.0,0,0.0,29.892210337733808,100
latent_dim,12.0,velocity_direction_cosine,higher,independent_neuron_shift,0.6406944747023081,0.6137307720529895,0.6658009434063573,0.005162575821727435,-0.04479213142451073,0.05497204046078334,1.0,0,0.0,29.989966254980885,100
latent_dim,12.0,velocity_direction_cosine,higher,time_reversal,0.6406944747023081,0.6137307720529895,0.6658009434063573,0.07594983053096033,0.06120184923066923,0.09325502358361976,1.0,0,0.0,48.37428378907244,100
latent_dim,12.0,zero_lag_correlation,higher,block_shuffle_16,0.8656987204477002,0.8330790607565185,0.8906730408766439,0.3185871128518844,0.23554429413983607,0.4226476526496336,1.0,0,0.0,14.288523722476361,100
latent_dim,12.0,zero_lag_correlation,higher,circular_shift,0.8656987204477002,0.8330790607565185,0.8906730408766439,0.2213564569486711,0.14024775667048486,0.3049216931961311,1.0,0,0.0,20.766440058659,100
latent_dim,12.0,zero_lag_correlation,higher,condition_shuffle,0.8656987204477002,0.8330790607565185,0.8906730408766439,0.04968363412993439,-0.017533552338362405,0.12893159944437343,1.0,0,0.0,27.183179818617212,100
latent_dim,12.0,zero_lag_correlation,higher,independent_neuron_shift,0.8656987204477002,0.8330790607565185,0.8906730408766439,0.4367578342814963,0.39727239977726697,0.48279500520305263,1.0,0,0.0,22.748277330321617,100
latent_dim,12.0,zero_lag_correlation,higher,time_reversal,0.8656987204477002,0.8330790607565185,0.8906730408766439,0.2833231461125706,0.2722868840523199,0.29312393531942493,1.0,0,0.0,54.64488187003092,100
latent_dim,16.0,acceleration_direction_cosine,higher,block_shuffle_16,0.569948575296749,0.5433235222584792,0.5929906444353176,-0.0021918224960932567,-0.07707837674713597,0.07162915072287952,1.0,0,0.0,19.46267271973652,100
latent_dim,16.0,acceleration_direction_cosine,higher,circular_shift,0.569948575296749,0.5433235222584792,0.5929906444353176,0.0030592991879553034,-0.05016471304574208,0.054578374369578436,1.0,0,0.0,24.149880712534454,100
latent_dim,16.0,acceleration_direction_cosine,higher,condition_shuffle,0.569948575296749,0.5433235222584792,0.5929906444353176,0.016330745523201667,-0.02540950616748794,0.05583111661027886,1.0,0,0.0,32.05925339346381,100
latent_dim,16.0,acceleration_direction_cosine,higher,independent_neuron_shift,0.569948575296749,0.5433235222584792,0.5929906444353176,-0.0033046914201328216,-0.03653798346099857,0.04132750350347951,1.0,0,0.0,30.361605681187772,100
latent_dim,16.0,acceleration_direction_cosine,higher,time_reversal,0.569948575296749,0.5433235222584792,0.5929906444353176,0.04323315345773916,0.02709529830785844,0.0608437802975693,1.0,0,0.0,47.96267249154813,100
latent_dim,16.0,best_lag_correlation,higher,block_shuffle_16,0.855789692525951,0.8230747373463673,0.8815404819390056,0.3258518699489038,0.23266079371731863,0.43672536069870627,1.0,0,0.0,13.574950255564875,100
latent_dim,16.0,best_lag_correlation,higher,circular_shift,0.855789692525951,0.8230747373463673,0.8815404819390056,0.2234130330106024,0.1447760633914573,0.3004817527160048,1.0,0,0.0,20.081006611052185,100
latent_dim,16.0,best_lag_correlation,higher,condition_shuffle,0.855789692525951,0.8230747373463673,0.8815404819390056,0.0454001162884584,-0.011071289371899438,0.10744182518119841,1.0,0,0.0,34.118766752767606,100
latent_dim,16.0,best_lag_correlation,higher,independent_neuron_shift,0.855789692525951,0.8230747373463673,0.8815404819390056,0.4126785027795182,0.37858462831792467,0.4517836019765204,1.0,0,0.0,26.099216202860962,100
latent_dim,16.0,best_lag_correlation,higher,time_reversal,0.855789692525951,0.8230747373463673,0.8815404819390056,0.2435450266042237,0.23349766628524066,0.25238000138191874,1.0,0,0.0,58.28706680488085,100
latent_dim,16.0,normalized_position_rmse,lower,block_shuffle_16,0.563245969957433,0.5112725546164593,0.6266623637689733,1.2014410812885004,1.1018160803940817,1.30211241643106,1.0,0,0.0,14.508959170243543,100
latent_dim,16.0,normalized_position_rmse,lower,circular_shift,0.563245969957433,0.5112725546164593,0.6266623637689733,1.3203270712873085,1.2094612000402538,1.4095123562216292,1.0,0,0.0,17.219981024496324,100
latent_dim,16.0,normalized_position_rmse,lower,condition_shuffle,0.563245969957433,0.5112725546164593,0.6266623637689733,1.4381062913384577,1.3385212751531026,1.5290121729423791,1.0,0,0.0,19.520736331062622,100
latent_dim,16.0,normalized_position_rmse,lower,independent_neuron_shift,0.563245969957433,0.5112725546164593,0.6266623637689733,1.0062955609987347,0.9656918368690516,1.051370276489583,1.0,0,0.0,15.19964388812513,100
latent_dim,16.0,normalized_position_rmse,lower,time_reversal,0.563245969957433,0.5112725546164593,0.6266623637689733,1.27848950166254,1.2106880775889244,1.3650239601792267,1.0,0,0.0,17.97392362336426,100
latent_dim,16.0,path_length_similarity,higher,block_shuffle_16,0.9486956371190358,0.8742300203415946,0.9969341669568939,0.8692530652691469,0.753373781644996,0.9819873935665595,0.86,14,0.14,1.565843177452055,100
latent_dim,16.0,path_length_similarity,higher,circular_shift,0.9486956371190358,0.8742300203415946,0.9969341669568939,0.9462739036386003,0.8725955753867237,0.9985836451933858,0.59,41,0.41,0.06081638491251678,100
latent_dim,16.0,path_length_similarity,higher,condition_shuffle,0.9486956371190358,0.8742300203415946,0.9969341669568939,0.8848080663137935,0.7587421166222402,0.9861433214143477,0.85,15,0.15,1.2419323501786905,100
latent_dim,16.0,path_length_similarity,higher,independent_neuron_shift,0.9486956371190358,0.8742300203415946,0.9969341669568939,0.6610714334377353,0.577117199173622,0.7428330264737937,1.0,0,0.0,6.8523928062820305,100
latent_dim,16.0,path_length_similarity,higher,time_reversal,0.9486956371190358,0.8742300203415946,0.9969341669568939,0.9487540515984796,0.8741136385273357,0.9970972891552435,0.43,57,0.57,-0.0015240949640936826,100
latent_dim,16.0,position_correlation,higher,block_shuffle_16,0.8446776939867549,0.8094680119644562,0.8726908613634291,0.23037019668268482,0.1324854436936218,0.34355321173006914,1.0,0,0.0,15.042360374571082,100
latent_dim,16.0,position_correlation,higher,circular_shift,0.8446776939867549,0.8094680119644562,0.8726908613634291,0.1283734329440882,0.05414101080586484,0.21927072537236125,1.0,0,0.0,22.232655330327507,100
latent_dim,16.0,position_correlation,higher,condition_shuffle,0.8446776939867549,0.8094680119644562,0.8726908613634291,-0.029188167024318146,-0.08787186825646462,0.03928846005549044,1.0,0,0.0,34.188775848634975,100
latent_dim,16.0,position_correlation,higher,independent_neuron_shift,0.8446776939867549,0.8094680119644562,0.8726908613634291,0.3288135899078788,0.28532255402121437,0.37673870329548936,1.0,0,0.0,25.430056935055198,100
latent_dim,16.0,position_correlation,higher,time_reversal,0.8446776939867549,0.8094680119644562,0.8726908613634291,0.18650945170723002,0.17646457682261685,0.1951015955341753,1.0,0,0.0,58.570101174303176,100
latent_dim,16.0,position_cosine,higher,block_shuffle_16,0.8334047733525306,0.8042153891915289,0.8559967797872491,0.28988632568746037,0.20272529590467625,0.3944271474171725,1.0,0,0.0,14.33333994416418,100
latent_dim,16.0,position_cosine,higher,circular_shift,0.8334047733525306,0.8042153891915289,0.8559967797872491,0.18668226549855071,0.1057361890537224,0.2745596995077254,1.0,0,0.0,20.035960458800563,100
latent_dim,16.0,position_cosine,higher,condition_shuffle,0.8334047733525306,0.8042153891915289,0.8559967797872491,-0.03259132951068072,-0.0915711831153163,0.02498344465626582,1.0,0,0.0,33.82992835634476,100
latent_dim,16.0,position_cosine,higher,independent_neuron_shift,0.8334047733525306,0.8042153891915289,0.8559967797872491,0.3636646670742431,0.32302077929801026,0.4109036687217907,1.0,0,0.0,25.98131335386993,100
latent_dim,16.0,position_cosine,higher,time_reversal,0.8334047733525306,0.8042153891915289,0.8559967797872491,0.25078965612086335,0.2386989827866717,0.26385634535761315,1.0,0,0.0,55.6099699475878,100
latent_dim,16.0,speed_profile_correlation,higher,block_shuffle_16,0.7957978932927255,0.7100405278116491,0.8601137991990664,0.27800610583569946,0.10924490959941542,0.38945212883694263,1.0,0,0.0,8.8026189993633,100
latent_dim,16.0,speed_profile_correlation,higher,circular_shift,0.7957978932927255,0.7100405278116491,0.8601137991990664,0.2193267684300439,0.09803585072075592,0.3744390078074326,1.0,0,0.0,9.836556628099444,100
latent_dim,16.0,speed_profile_correlation,higher,condition_shuffle,0.7957978932927255,0.7100405278116491,0.8601137991990664,-0.08898306824657101,-0.30272430637896736,0.18375846942313695,1.0,0,0.0,8.946768241381418,100
latent_dim,16.0,speed_profile_correlation,higher,independent_neuron_shift,0.7957978932927255,0.7100405278116491,0.8601137991990664,0.34595805606391844,0.19593480589807957,0.4490240339710786,1.0,0,0.0,8.177592389677057,100
latent_dim,16.0,speed_profile_correlation,higher,time_reversal,0.7957978932927255,0.7100405278116491,0.8601137991990664,0.18542288920382827,0.14358281920418528,0.22345435153537233,1.0,0,0.0,20.404905529844033,100
latent_dim,16.0,velocity_direction_cosine,higher,block_shuffle_16,0.630500021606045,0.6027617052026293,0.6512770151118237,-0.0007320210197801833,-0.08122878543100444,0.07665657380614785,1.0,0,0.0,20.963399067341346,100
latent_dim,16.0,velocity_direction_cosine,higher,circular_shift,0.630500021606045,0.6027617052026293,0.6512770151118237,-0.0006360852003734199,-0.05499840533894127,0.04691728851227881,1.0,0,0.0,28.910259943359325,100
latent_dim,16.0,velocity_direction_cosine,higher,condition_shuffle,0.630500021606045,0.6027617052026293,0.6512770151118237,0.02241099584653705,-0.012482771533463253,0.053325946248029395,1.0,0,0.0,37.340042598813525,100
latent_dim,16.0,velocity_direction_cosine,higher,independent_neuron_shift,0.630500021606045,0.6027617052026293,0.6512770151118237,0.0035321821268731683,-0.037863847688451545,0.05020558628984023,1.0,0,0.0,32.34151510390062,100
latent_dim,16.0,velocity_direction_cosine,higher,time_reversal,0.630500021606045,0.6027617052026293,0.6512770151118237,0.04546882982602323,0.03156222701649909,0.06047915259180096,1.0,0,0.0,54.73898082759761,100
latent_dim,16.0,zero_lag_correlation,higher,block_shuffle_16,0.8557871428807377,0.8230747373463673,0.8815404819390056,0.28764509352522927,0.19751785328228022,0.3928435268991645,1.0,0,0.0,15.011349395152255,100
latent_dim,16.0,zero_lag_correlation,higher,circular_shift,0.8557871428807377,0.8230747373463673,0.8815404819390056,0.18951913629518338,0.12153200940648115,0.27471234466977484,1.0,0,0.0,22.273664070375467,100
latent_dim,16.0,zero_lag_correlation,higher,condition_shuffle,0.8557871428807377,0.8230747373463673,0.8815404819390056,0.04266433403843561,-0.01138984329806121,0.10651438943182785,1.0,0,0.0,34.218893572435036,100
latent_dim,16.0,zero_lag_correlation,higher,independent_neuron_shift,0.8557871428807377,0.8230747373463673,0.8815404819390056,0.3938915413800565,0.3521281738064556,0.4354161993999028,1.0,0,0.0,24.93317201626814,100
latent_dim,16.0,zero_lag_correlation,higher,time_reversal,0.8557871428807377,0.8230747373463673,0.8815404819390056,0.24339681656550882,0.23324625000821986,0.2522546401195881,1.0,0,0.0,58.29354683430849,100
selected_train_fraction,0.25,acceleration_direction_cosine,higher,block_shuffle_16,0.5225124697394362,0.4806250678713421,0.5660095866269105,0.003755162887386304,-0.08624893364486176,0.12051625666150886,1.0,0,0.0,12.087973471045668,100
selected_train_fraction,0.25,acceleration_direction_cosine,higher,circular_shift,0.5225124697394362,0.4806250678713421,0.5660095866269105,-0.005312514339915888,-0.08419557560095667,0.07211771320881641,1.0,0,0.0,15.839306884736496,100
selected_train_fraction,0.25,acceleration_direction_cosine,higher,condition_shuffle,0.5225124697394362,0.4806250678713421,0.5660095866269105,-0.007414171372274723,-0.09712635372114217,0.06401732235372462,1.0,0,0.0,14.426609660772419,100
selected_train_fraction,0.25,acceleration_direction_cosine,higher,independent_neuron_shift,0.5225124697394362,0.4806250678713421,0.5660095866269105,-0.007262520644363617,-0.0979843046196571,0.07048598479432104,1.0,0,0.0,14.553121310360684,100
selected_train_fraction,0.25,acceleration_direction_cosine,higher,time_reversal,0.5225124697394362,0.4806250678713421,0.5660095866269105,0.07289190615823585,0.03638875850525868,0.10818899275284621,1.0,0,0.0,22.361905001097497,100
selected_train_fraction,0.25,best_lag_correlation,higher,block_shuffle_16,0.8528537921804933,0.8182317601836573,0.8784351231295491,0.31184772209785455,0.19504767601188785,0.43296243589293426,1.0,0,0.0,11.431826202058764,100
selected_train_fraction,0.25,best_lag_correlation,higher,circular_shift,0.8528537921804933,0.8182317601836573,0.8784351231295491,0.21046203882342443,0.13696731916402252,0.31153585392692995,1.0,0,0.0,17.293470860039164,100
selected_train_fraction,0.25,best_lag_correlation,higher,condition_shuffle,0.8528537921804933,0.8182317601836573,0.8784351231295491,-0.034745189584282056,-0.1388530559788811,0.07023938305318024,1.0,0,0.0,20.79960403423584,100
selected_train_fraction,0.25,best_lag_correlation,higher,independent_neuron_shift,0.8528537921804933,0.8182317601836573,0.8784351231295491,0.4101985025052423,0.3476844292392109,0.4828744946981379,1.0,0,0.0,15.864697566769891,100
selected_train_fraction,0.25,best_lag_correlation,higher,time_reversal,0.8528537921804933,0.8182317601836573,0.8784351231295491,0.27295797999400895,0.2547185891366019,0.2847671693098383,1.0,0,0.0,44.500780330344554,100
selected_train_fraction,0.25,normalized_position_rmse,lower,block_shuffle_16,0.5542141425424744,0.4933399057103974,0.6258295627822666,1.1914360136724944,1.0810271440497345,1.3041540935114402,1.0,0,0.0,12.098959912721002,100
selected_train_fraction,0.25,normalized_position_rmse,lower,circular_shift,0.5542141425424744,0.4933399057103974,0.6258295627822666,1.302790519937737,1.1813089081206352,1.4082903530043982,1.0,0,0.0,14.526991277376126,100
selected_train_fraction,0.25,normalized_position_rmse,lower,condition_shuffle,0.5542141425424744,0.4933399057103974,0.6258295627822666,1.4573490665836968,1.3300787585801335,1.6067970151185906,1.0,0,0.0,14.987823331701017,100
selected_train_fraction,0.25,normalized_position_rmse,lower,independent_neuron_shift,0.5542141425424744,0.4933399057103974,0.6258295627822666,0.9715949993742425,0.9093759449592127,1.0327039055750338,1.0,0,0.0,11.713495839925615,100
selected_train_fraction,0.25,normalized_position_rmse,lower,time_reversal,0.5542141425424744,0.4933399057103974,0.6258295627822666,1.2154258147097234,1.1353458884519267,1.2993920026710024,1.0,0,0.0,14.931062799785225,100
selected_train_fraction,0.25,path_length_similarity,higher,block_shuffle_16,0.9418089657395234,0.8571542444806952,0.9976968859091953,0.8342809511341963,0.7249696608320919,0.9824626570201621,0.9,10,0.1,1.9351854838969629,100
selected_train_fraction,0.25,path_length_similarity,higher,circular_shift,0.9418089657395234,0.8571542444806952,0.9976968859091953,0.9379599517401225,0.8526264869809568,0.9934422857717085,0.65,35,0.35,0.09576672323514665,100
selected_train_fraction,0.25,path_length_similarity,higher,condition_shuffle,0.9418089657395234,0.8571542444806952,0.9976968859091953,0.8523037351803621,0.7304650758833517,0.9878682926190908,0.87,13,0.13,1.558498786559532,100
selected_train_fraction,0.25,path_length_similarity,higher,independent_neuron_shift,0.9418089657395234,0.8571542444806952,0.9976968859091953,0.6467576392991293,0.5680518132552576,0.7317889530056918,1.0,0,0.0,6.694625683372655,100
selected_train_fraction,0.25,path_length_similarity,higher,time_reversal,0.9418089657395234,0.8571542444806952,0.9976968859091953,0.9427067385908245,0.856342661655038,0.99836031215499,0.4,60,0.6,-0.022434656006867858,100
selected_train_fraction,0.25,position_correlation,higher,block_shuffle_16,0.8518680609645941,0.8172707466465986,0.8778543620604418,0.2581770218077206,0.15646922944114355,0.3701068736240307,1.0,0,0.0,13.126833004235664,100
selected_train_fraction,0.25,position_correlation,higher,circular_shift,0.8518680609645941,0.8172707466465986,0.8778543620604418,0.1565097096976654,0.07598161821670413,0.23871332855121274,1.0,0,0.0,20.287117335718605,100
selected_train_fraction,0.25,position_correlation,higher,condition_shuffle,0.8518680609645941,0.8172707466465986,0.8778543620604418,-0.0512684439781759,-0.14787476915401335,0.05954173419041905,1.0,0,0.0,20.222835520871634,100
selected_train_fraction,0.25,position_correlation,higher,independent_neuron_shift,0.8518680609645941,0.8172707466465986,0.8778543620604418,0.3788831271987988,0.30766217122713985,0.44408226255569344,1.0,0,0.0,16.39096936928379,100
selected_train_fraction,0.25,position_correlation,higher,time_reversal,0.8518680609645941,0.8172707466465986,0.8778543620604418,0.26939273451771667,0.25137262536792976,0.28022702255419407,1.0,0,0.0,44.60816060192549,100
selected_train_fraction,0.25,position_cosine,higher,block_shuffle_16,0.8385265029528784,0.8141571867322456,0.8691181222452726,0.31581908116585256,0.2169541759247256,0.42776124357164574,1.0,0,0.0,12.36600582595078,100
selected_train_fraction,0.25,position_cosine,higher,circular_shift,0.8385265029528784,0.8141571867322456,0.8691181222452726,0.21532576396641973,0.1345675957908067,0.3047082580220445,1.0,0,0.0,17.70337936136666,100
selected_train_fraction,0.25,position_cosine,higher,condition_shuffle,0.8385265029528784,0.8141571867322456,0.8691181222452726,-0.050041434200559565,-0.15057520119524762,0.0695411049022942,1.0,0,0.0,19.148033073238903,100
selected_train_fraction,0.25,position_cosine,higher,independent_neuron_shift,0.8385265029528784,0.8141571867322456,0.8691181222452726,0.3934625191031471,0.32975664931059673,0.46345917546483567,1.0,0,0.0,16.798893294338047,100
selected_train_fraction,0.25,position_cosine,higher,time_reversal,0.8385265029528784,0.8141571867322456,0.8691181222452726,0.2975093536984508,0.2762199540536101,0.31859508197462794,1.0,0,0.0,44.04993356727156,100
selected_train_fraction,0.25,speed_profile_correlation,higher,block_shuffle_16,0.7253320981979233,0.6432731897890123,0.8009111231197639,0.21478014770582143,0.04986431097222579,0.3490708310840904,1.0,0,0.0,8.105492840425049,100
selected_train_fraction,0.25,speed_profile_correlation,higher,circular_shift,0.7253320981979233,0.6432731897890123,0.8009111231197639,0.152616524849945,0.020012187744599688,0.2958683477410733,1.0,0,0.0,10.056385502812871,100
selected_train_fraction,0.25,speed_profile_correlation,higher,condition_shuffle,0.7253320981979233,0.6432731897890123,0.8009111231197639,-0.06248542061117462,-0.23198743203732453,0.1467682858988433,1.0,0,0.0,9.865640679714673,100
selected_train_fraction,0.25,speed_profile_correlation,higher,independent_neuron_shift,0.7253320981979233,0.6432731897890123,0.8009111231197639,0.21558101101219537,0.08474892521667561,0.3414353848074417,1.0,0,0.0,8.907602884507778,100
selected_train_fraction,0.25,speed_profile_correlation,higher,time_reversal,0.7253320981979233,0.6432731897890123,0.8009111231197639,0.1539444907152398,0.1103037714969832,0.19070238506734208,1.0,0,0.0,17.25532046416024,100
selected_train_fraction,0.25,velocity_direction_cosine,higher,block_shuffle_16,0.5964871073362341,0.5575236184506575,0.6274150163874427,0.003961083638309589,-0.09733870561615976,0.10880529612599223,1.0,0,0.0,14.56975603490056,100
selected_train_fraction,0.25,velocity_direction_cosine,higher,circular_shift,0.5964871073362341,0.5575236184506575,0.6274150163874427,-0.005943837107462876,-0.0851398033155267,0.05987052186393832,1.0,0,0.0,18.02776836382655,100
selected_train_fraction,0.25,velocity_direction_cosine,higher,condition_shuffle,0.5964871073362341,0.5575236184506575,0.6274150163874427,0.004623777608043154,-0.0588103879774959,0.07183571834261926,1.0,0,0.0,20.74498088955371,100
selected_train_fraction,0.25,velocity_direction_cosine,higher,independent_neuron_shift,0.5964871073362341,0.5575236184506575,0.6274150163874427,0.0001915921070624847,-0.07363305900722451,0.07669828340937306,1.0,0,0.0,17.922418567454056,100
selected_train_fraction,0.25,velocity_direction_cosine,higher,time_reversal,0.5964871073362341,0.5575236184506575,0.6274150163874427,0.12098842254882468,0.09538603919416326,0.1480754099765435,1.0,0,0.0,29.02816043517773,100
selected_train_fraction,0.25,zero_lag_correlation,higher,block_shuffle_16,0.8527409668290251,0.8181212132271852,0.8784351231295491,0.26187367065927036,0.16158069395633023,0.3728549424823535,1.0,0,0.0,13.126770585514663,100
selected_train_fraction,0.25,zero_lag_correlation,higher,circular_shift,0.8527409668290251,0.8181212132271852,0.8784351231295491,0.1604043324798712,0.07995924339276833,0.24235217171481913,1.0,0,0.0,20.28574786850674,100
selected_train_fraction,0.25,zero_lag_correlation,higher,condition_shuffle,0.8527409668290251,0.8181212132271852,0.8784351231295491,-0.046518489933330874,-0.1424139008846062,0.06366457021362383,1.0,0,0.0,20.23730373126017,100
selected_train_fraction,0.25,zero_lag_correlation,higher,independent_neuron_shift,0.8527409668290251,0.8181212132271852,0.8784351231295491,0.3830234933407039,0.31217413443602837,0.44731901827822834,1.0,0,0.0,16.362025629170056,100
selected_train_fraction,0.25,zero_lag_correlation,higher,time_reversal,0.8527409668290251,0.8181212132271852,0.8784351231295491,0.2727455848469021,0.25471848661475155,0.28428507659527613,1.0,0,0.0,44.459549990941944,100
selected_train_fraction,0.5,acceleration_direction_cosine,higher,block_shuffle_16,0.5674665064471136,0.5324304150289306,0.6003089313520494,0.001225862018971772,-0.09355488088929675,0.10120004618934408,1.0,0,0.0,13.943864989080003,100
selected_train_fraction,0.5,acceleration_direction_cosine,higher,circular_shift,0.5674665064471136,0.5324304150289306,0.6003089313520494,-0.004748861782232898,-0.08542892717600009,0.0725856804348625,1.0,0,0.0,17.87419321371781,100
selected_train_fraction,0.5,acceleration_direction_cosine,higher,condition_shuffle,0.5674665064471136,0.5324304150289306,0.6003089313520494,-0.01654312578418793,-0.09265120294757345,0.05739684770019002,1.0,0,0.0,18.530622939480587,100
selected_train_fraction,0.5,acceleration_direction_cosine,higher,independent_neuron_shift,0.5674665064471136,0.5324304150289306,0.6003089313520494,-0.007700303056079276,-0.09486434423656752,0.06599895622442432,1.0,0,0.0,16.625880956302126,100
selected_train_fraction,0.5,acceleration_direction_cosine,higher,time_reversal,0.5674665064471136,0.5324304150289306,0.6003089313520494,0.09556679865137312,0.0633748098291858,0.12793281512899063,1.0,0,0.0,26.89112896570378,100
selected_train_fraction,0.5,best_lag_correlation,higher,block_shuffle_16,0.8717441453582145,0.8337358985959443,0.9000606022998713,0.3520831836122788,0.2453526481198356,0.4730480456641262,1.0,0,0.0,11.746882425971762,100
selected_train_fraction,0.5,best_lag_correlation,higher,circular_shift,0.8717441453582145,0.8337358985959443,0.9000606022998713,0.2551307480727006,0.17272125812321407,0.3433010343620863,1.0,0,0.0,17.11862607385745,100
selected_train_fraction,0.5,best_lag_correlation,higher,condition_shuffle,0.8717441453582145,0.8337358985959443,0.9000606022998713,-0.02227602420915082,-0.13092321391479533,0.12954097436026335,1.0,0,0.0,18.33268805328057,100
selected_train_fraction,0.5,best_lag_correlation,higher,independent_neuron_shift,0.8717441453582145,0.8337358985959443,0.9000606022998713,0.46916251037243745,0.41834948793520155,0.5409653845660598,1.0,0,0.0,15.89284134656343,100
selected_train_fraction,0.5,best_lag_correlation,higher,time_reversal,0.8717441453582145,0.8337358985959443,0.9000606022998713,0.3574278143427348,0.3411992155758479,0.3710238001647287,1.0,0,0.0,39.44708820838918,100
selected_train_fraction,0.5,normalized_position_rmse,lower,block_shuffle_16,0.5209149476345915,0.45065958119578103,0.598199927571154,1.1642584706107273,1.0556982560129355,1.2763773775283924,1.0,0,0.0,12.02707503534184,100
selected_train_fraction,0.5,normalized_position_rmse,lower,circular_shift,0.5209149476345915,0.45065958119578103,0.598199927571154,1.2741033542625344,1.1704508813808745,1.3814709193594576,1.0,0,0.0,14.165657752962847,100
selected_train_fraction,0.5,normalized_position_rmse,lower,condition_shuffle,0.5209149476345915,0.45065958119578103,0.598199927571154,1.461440753562173,1.3161642503421598,1.5981347939510762,1.0,0,0.0,14.353444368687502,100
selected_train_fraction,0.5,normalized_position_rmse,lower,independent_neuron_shift,0.5209149476345915,0.45065958119578103,0.598199927571154,0.9364617846606251,0.8736207106378545,0.9845192600594749,1.0,0,0.0,11.732562848113597,100
selected_train_fraction,0.5,normalized_position_rmse,lower,time_reversal,0.5209149476345915,0.45065958119578103,0.598199927571154,1.1488254925826882,1.0665341775290809,1.232677834854933,1.0,0,0.0,14.164112778458366,100
selected_train_fraction,0.5,path_length_similarity,higher,block_shuffle_16,0.9420558316473102,0.8748731017823733,0.9983924641230807,0.833368978392942,0.7196696768246946,0.9775809036594826,0.89,11,0.11,1.9285705812451652,100
selected_train_fraction,0.5,path_length_similarity,higher,circular_shift,0.9420558316473102,0.8748731017823733,0.9983924641230807,0.9368166109129297,0.8623526273650963,0.9967948966456587,0.68,32,0.32,0.12870955348782342,100
selected_train_fraction,0.5,path_length_similarity,higher,condition_shuffle,0.9420558316473102,0.8748731017823733,0.9983924641230807,0.8421374844349507,0.7074041434454269,0.9870458999839397,0.87,13,0.13,1.6868980281556345,100
selected_train_fraction,0.5,path_length_similarity,higher,independent_neuron_shift,0.9420558316473102,0.8748731017823733,0.9983924641230807,0.5946682057993076,0.5260452506475798,0.677440906952191,1.0,0,0.0,8.357624830775995,100
selected_train_fraction,0.5,path_length_similarity,higher,time_reversal,0.9420558316473102,0.8748731017823733,0.9983924641230807,0.9427833369649045,0.8757984449502758,0.9965659810149282,0.37,63,0.63,-0.01806270468355295,100
selected_train_fraction,0.5,position_correlation,higher,block_shuffle_16,0.8698005759124389,0.8316553924730645,0.898651495257813,0.29244640273115036,0.1853171168340567,0.39982653417297,1.0,0,0.0,13.159037749723105,100
selected_train_fraction,0.5,position_correlation,higher,circular_shift,0.8698005759124389,0.8316553924730645,0.898651495257813,0.1945378070742184,0.10686476027715962,0.29015395174519465,1.0,0,0.0,19.37813035177468,100
selected_train_fraction,0.5,position_correlation,higher,condition_shuffle,0.8698005759124389,0.8316553924730645,0.898651495257813,-0.05677067580271842,-0.1711454181830987,0.10600159416630571,1.0,0,0.0,17.145319957452372,100
selected_train_fraction,0.5,position_correlation,higher,independent_neuron_shift,0.8698005759124389,0.8316553924730645,0.898651495257813,0.428674476702084,0.3692074263165658,0.4976786386565916,1.0,0,0.0,16.816831278109078,100
selected_train_fraction,0.5,position_correlation,higher,time_reversal,0.8698005759124389,0.8316553924730645,0.898651495257813,0.3486088800608351,0.3318791508683661,0.3621817318657333,1.0,0,0.0,39.467456256849324,100
selected_train_fraction,0.5,position_cosine,higher,block_shuffle_16,0.8452976021325083,0.8176248704487038,0.874959530467622,0.34569356074137675,0.2536379782349691,0.4522812379233394,1.0,0,0.0,12.505430274243572,100
selected_train_fraction,0.5,position_cosine,higher,circular_shift,0.8452976021325083,0.8176248704487038,0.874959530467622,0.2532414212814846,0.16420673231819954,0.33434148950098935,1.0,0,0.0,17.227400858309,100
selected_train_fraction,0.5,position_cosine,higher,condition_shuffle,0.8452976021325083,0.8176248704487038,0.874959530467622,-0.06620655269546613,-0.19299415256583366,0.08541297253152755,1.0,0,0.0,17.36065932282285,100
selected_train_fraction,0.5,position_cosine,higher,independent_neuron_shift,0.8452976021325083,0.8176248704487038,0.874959530467622,0.4389730448395842,0.3752750798489364,0.4991604349141133,1.0,0,0.0,16.0075633087022,100
selected_train_fraction,0.5,position_cosine,higher,time_reversal,0.8452976021325083,0.8176248704487038,0.874959530467622,0.36891300360701484,0.3465855800517227,0.3910852920799999,1.0,0,0.0,36.41786179964229,100
selected_train_fraction,0.5,speed_profile_correlation,higher,block_shuffle_16,0.7591049782960433,0.6736663147320208,0.8242157319421034,0.24183944815635336,0.06365102235519998,0.3747019163911876,1.0,0,0.0,8.344492261408483,100
selected_train_fraction,0.5,speed_profile_correlation,higher,circular_shift,0.7591049782960433,0.6736663147320208,0.8242157319421034,0.17845669387639407,0.06901969750227893,0.3171448029050977,1.0,0,0.0,11.266998550393595,100
selected_train_fraction,0.5,speed_profile_correlation,higher,condition_shuffle,0.7591049782960433,0.6736663147320208,0.8242157319421034,-0.08130998507371602,-0.26043067841762285,0.1379324417265051,1.0,0,0.0,9.955024038839005,100
selected_train_fraction,0.5,speed_profile_correlation,higher,independent_neuron_shift,0.7591049782960433,0.6736663147320208,0.8242157319421034,0.2386564286184177,0.09998706483878315,0.3515635376430583,1.0,0,0.0,9.121489515580851,100
selected_train_fraction,0.5,speed_profile_correlation,higher,time_reversal,0.7591049782960433,0.6736663147320208,0.8242157319421034,0.20233691318361108,0.16450038389500138,0.23551918194146299,1.0,0,0.0,18.776934992243802,100
selected_train_fraction,0.5,velocity_direction_cosine,higher,block_shuffle_16,0.6296509627201731,0.5988197393255132,0.6566321529609954,0.003650274018216779,-0.09585784504333766,0.09563704536046012,1.0,0,0.0,16.322385439659623,100
selected_train_fraction,0.5,velocity_direction_cosine,higher,circular_shift,0.6296509627201731,0.5988197393255132,0.6566321529609954,-0.005209850707970285,-0.10557917782091612,0.07493120288125557,1.0,0,0.0,17.78069286920963,100
selected_train_fraction,0.5,velocity_direction_cosine,higher,condition_shuffle,0.6296509627201731,0.5988197393255132,0.6566321529609954,-0.011137413037844442,-0.07868783123628367,0.05958460771190325,1.0,0,0.0,21.33193399360051,100
selected_train_fraction,0.5,velocity_direction_cosine,higher,independent_neuron_shift,0.6296509627201731,0.5988197393255132,0.6566321529609954,0.002201114998542895,-0.07929142962887102,0.07039247846930846,1.0,0,0.0,19.07276750173842,100
selected_train_fraction,0.5,velocity_direction_cosine,higher,time_reversal,0.6296509627201731,0.5988197393255132,0.6566321529609954,0.12321867574105061,0.09836205692031519,0.15004457687592984,1.0,0,0.0,33.821078078688,100
selected_train_fraction,0.5,zero_lag_correlation,higher,block_shuffle_16,0.8716918848498623,0.8337358985959443,0.9000606022998713,0.3021107822867635,0.19756761427955774,0.40758649010409664,1.0,0,0.0,13.150548778495002,100
selected_train_fraction,0.5,zero_lag_correlation,higher,circular_shift,0.8716918848498623,0.8337358985959443,0.9000606022998713,0.20501312911804453,0.11847776351758911,0.29961590132458704,1.0,0,0.0,19.399229641623428,100
selected_train_fraction,0.5,zero_lag_correlation,higher,condition_shuffle,0.8716918848498623,0.8337358985959443,0.9000606022998713,-0.04314670304938071,-0.15739450893223192,0.11744390634240637,1.0,0,0.0,17.13143839546115,100
selected_train_fraction,0.5,zero_lag_correlation,higher,independent_neuron_shift,0.8716918848498623,0.8337358985959443,0.9000606022998713,0.43922303108171223,0.3798101586562572,0.5073071820640569,1.0,0,0.0,16.74219822110258,100
selected_train_fraction,0.5,zero_lag_correlation,higher,time_reversal,0.8716918848498623,0.8337358985959443,0.9000606022998713,0.35713549868662603,0.34082461174322914,0.37089888754463196,1.0,0,0.0,39.449652599045415,100
selected_train_fraction,0.75,acceleration_direction_cosine,higher,block_shuffle_16,0.557359173960977,0.5263937203247743,0.5910736654091774,0.0014253420061208259,-0.08201796498896173,0.11154304189053486,1.0,0,0.0,13.943050650508255,100
selected_train_fraction,0.75,acceleration_direction_cosine,higher,circular_shift,0.557359173960977,0.5263937203247743,0.5910736654091774,-0.0022105912073435586,-0.08534921525697195,0.07734998742580487,1.0,0,0.0,17.710642046876632,100
selected_train_fraction,0.75,acceleration_direction_cosine,higher,condition_shuffle,0.557359173960977,0.5263937203247743,0.5910736654091774,-0.009797890192447442,-0.08411304115460656,0.06977182996681404,1.0,0,0.0,19.084342937860065,100
selected_train_fraction,0.75,acceleration_direction_cosine,higher,independent_neuron_shift,0.557359173960977,0.5263937203247743,0.5910736654091774,-0.007253612094135597,-0.10007919388160456,0.07281537303699386,1.0,0,0.0,16.424872905557034,100
selected_train_fraction,0.75,acceleration_direction_cosine,higher,time_reversal,0.557359173960977,0.5263937203247743,0.5910736654091774,0.11428015827677498,0.08480394519865776,0.1459800638099208,1.0,0,0.0,26.827212072620995,100
selected_train_fraction,0.75,best_lag_correlation,higher,block_shuffle_16,0.8627707440619211,0.8237413517803603,0.8922782420078627,0.3478380085164773,0.24032356557488152,0.46178135627675815,1.0,0,0.0,11.842326890809785,100
selected_train_fraction,0.75,best_lag_correlation,higher,circular_shift,0.8627707440619211,0.8237413517803603,0.8922782420078627,0.2525120802199613,0.16740432223645102,0.3356728026816251,1.0,0,0.0,17.720775351378567,100
selected_train_fraction,0.75,best_lag_correlation,higher,condition_shuffle,0.8627707440619211,0.8237413517803603,0.8922782420078627,0.007378881995460167,-0.08536611204669665,0.13001998797481215,1.0,0,0.0,20.700013453270206,100
selected_train_fraction,0.75,best_lag_correlation,higher,independent_neuron_shift,0.8627707440619211,0.8237413517803603,0.8922782420078627,0.46407534634036424,0.41327199099707307,0.5330348441745304,1.0,0,0.0,15.845244956732794,100
selected_train_fraction,0.75,best_lag_correlation,higher,time_reversal,0.8627707440619211,0.8237413517803603,0.8922782420078627,0.3325684798249957,0.3094497652637228,0.3491825782173057,1.0,0,0.0,37.451625365219996,100
selected_train_fraction,0.75,normalized_position_rmse,lower,block_shuffle_16,0.5471433685106929,0.47595486515649443,0.6285229212232635,1.1848765266994763,1.0739058990074208,1.3051039714378243,1.0,0,0.0,11.350916367753186,100
selected_train_fraction,0.75,normalized_position_rmse,lower,circular_shift,0.5471433685106929,0.47595486515649443,0.6285229212232635,1.2935902829887846,1.1798331156887867,1.4077099307991454,1.0,0,0.0,13.551955326557206,100
selected_train_fraction,0.75,normalized_position_rmse,lower,condition_shuffle,0.5471433685106929,0.47595486515649443,0.6285229212232635,1.4637210684652482,1.3241037742445687,1.6117259097602805,1.0,0,0.0,14.085547772176005,100
selected_train_fraction,0.75,normalized_position_rmse,lower,independent_neuron_shift,0.5471433685106929,0.47595486515649443,0.6285229212232635,0.9533578553792811,0.8903921654274386,1.0080365845361066,1.0,0,0.0,10.771000979084745,100
selected_train_fraction,0.75,normalized_position_rmse,lower,time_reversal,0.5471433685106929,0.47595486515649443,0.6285229212232635,1.1886861632954049,1.1022328878784036,1.281673098837159,1.0,0,0.0,13.4823189194592,100
selected_train_fraction,0.75,path_length_similarity,higher,block_shuffle_16,0.9416172078168838,0.8653090529138974,0.9978290145935962,0.8369413763237933,0.7235153961053623,0.9813078295775944,0.89,11,0.11,1.804444250212688,100
selected_train_fraction,0.75,path_length_similarity,higher,circular_shift,0.9416172078168838,0.8653090529138974,0.9978290145935962,0.9362549033889388,0.8526275839736863,0.9909638839372872,0.68,32,0.32,0.1266532132419475,100
selected_train_fraction,0.75,path_length_similarity,higher,condition_shuffle,0.9416172078168838,0.8653090529138974,0.9978290145935962,0.8444270237130723,0.715557056045559,0.9919120184676414,0.87,13,0.13,1.6000955381077329,100
selected_train_fraction,0.75,path_length_similarity,higher,independent_neuron_shift,0.9416172078168838,0.8653090529138974,0.9978290145935962,0.581417310534155,0.5093945490094466,0.6597555079748837,1.0,0,0.0,8.495621135761754,100
selected_train_fraction,0.75,path_length_similarity,higher,time_reversal,0.9416172078168838,0.8653090529138974,0.9978290145935962,0.9422659258438941,0.8678761746538366,0.9982789056852656,0.39,61,0.61,-0.015542256508364707,100
selected_train_fraction,0.75,position_correlation,higher,block_shuffle_16,0.8564487395169952,0.816331311796013,0.8870203580042938,0.26594237867507126,0.16282359753110207,0.3869680958448533,1.0,0,0.0,13.027871964541077,100
selected_train_fraction,0.75,position_correlation,higher,circular_shift,0.8564487395169952,0.816331311796013,0.8870203580042938,0.17063280697365746,0.07316837247100813,0.2509605268835163,1.0,0,0.0,19.788916546891226,100
selected_train_fraction,0.75,position_correlation,higher,condition_shuffle,0.8564487395169952,0.816331311796013,0.8870203580042938,-0.05875027698440431,-0.1538787375767012,0.08632755956421094,1.0,0,0.0,18.84283595245792,100
selected_train_fraction,0.75,position_correlation,higher,independent_neuron_shift,0.8564487395169952,0.816331311796013,0.8870203580042938,0.39980380070654126,0.3288819210360417,0.46361007457979286,1.0,0,0.0,16.370749837896234,100
selected_train_fraction,0.75,position_correlation,higher,time_reversal,0.8564487395169952,0.816331311796013,0.8870203580042938,0.30324579346456404,0.27998864492114645,0.3190546402223792,1.0,0,0.0,37.86096834771275,100
selected_train_fraction,0.75,position_cosine,higher,block_shuffle_16,0.8246798413662438,0.7951839940837354,0.8558447159364138,0.31533408579074385,0.21344837213984366,0.4294655294487096,1.0,0,0.0,12.187256877791455,100
selected_train_fraction,0.75,position_cosine,higher,circular_shift,0.8246798413662438,0.7951839940837354,0.8558447159364138,0.22227462537366682,0.13039822013430583,0.30629522102616236,1.0,0,0.0,17.21338933240434,100
selected_train_fraction,0.75,position_cosine,higher,condition_shuffle,0.8246798413662438,0.7951839940837354,0.8558447159364138,-0.0651297141134342,-0.17893770878181767,0.08121712162434237,1.0,0,0.0,18.41383938028657,100
selected_train_fraction,0.75,position_cosine,higher,independent_neuron_shift,0.8246798413662438,0.7951839940837354,0.8558447159364138,0.410605141511001,0.340283882602944,0.47981921459064153,1.0,0,0.0,16.388905228691048,100
selected_train_fraction,0.75,position_cosine,higher,time_reversal,0.8246798413662438,0.7951839940837354,0.8558447159364138,0.3460500466569165,0.3236570768168526,0.3702649474187022,1.0,0,0.0,34.07572037727673,100
selected_train_fraction,0.75,speed_profile_correlation,higher,block_shuffle_16,0.7643993309578119,0.6780097093995846,0.8283088752480258,0.23392593353932817,0.056438835647452584,0.3644430752576197,1.0,0,0.0,8.363652058761705,100
selected_train_fraction,0.75,speed_profile_correlation,higher,circular_shift,0.7643993309578119,0.6780097093995846,0.8283088752480258,0.17588830655887244,0.07765042459011924,0.3036495245718962,1.0,0,0.0,11.520740545747394,100
selected_train_fraction,0.75,speed_profile_correlation,higher,condition_shuffle,0.7643993309578119,0.6780097093995846,0.8283088752480258,-0.07101051393485898,-0.24553621949428595,0.15699677531942355,1.0,0,0.0,9.542248597159261,100
selected_train_fraction,0.75,speed_profile_correlation,higher,independent_neuron_shift,0.7643993309578119,0.6780097093995846,0.8283088752480258,0.2441959762786315,0.08825084719146647,0.3668780633330849,1.0,0,0.0,8.458164690958952,100
selected_train_fraction,0.75,speed_profile_correlation,higher,time_reversal,0.7643993309578119,0.6780097093995846,0.8283088752480258,0.18479596544082547,0.14790255675469155,0.21874378128492106,1.0,0,0.0,19.82912644443826,100
selected_train_fraction,0.75,velocity_direction_cosine,higher,block_shuffle_16,0.629713790831404,0.5916745601902119,0.6604611559388212,0.003959449074650812,-0.08945900990243154,0.10021023302941584,1.0,0,0.0,16.19573796222513,100
selected_train_fraction,0.75,velocity_direction_cosine,higher,circular_shift,0.629713790831404,0.5916745601902119,0.6604611559388212,-0.004028401822958418,-0.10883208845525677,0.08488874030794301,1.0,0,0.0,17.25425812451413,100
selected_train_fraction,0.75,velocity_direction_cosine,higher,condition_shuffle,0.629713790831404,0.5916745601902119,0.6604611559388212,-0.00864146217667833,-0.07553110091024684,0.06626808684717704,1.0,0,0.0,20.793709840844873,100
selected_train_fraction,0.75,velocity_direction_cosine,higher,independent_neuron_shift,0.629713790831404,0.5916745601902119,0.6604611559388212,0.0022907843820968625,-0.08707844609172967,0.08324027888067317,1.0,0,0.0,18.633453840386217,100
selected_train_fraction,0.75,velocity_direction_cosine,higher,time_reversal,0.629713790831404,0.5916745601902119,0.6604611559388212,0.14159952816405208,0.12003633589686405,0.1663608031326505,1.0,0,0.0,32.230959499898105,100
selected_train_fraction,0.75,zero_lag_correlation,higher,block_shuffle_16,0.8627292771588073,0.8237413517803603,0.8922782420078627,0.29670660324211084,0.1988021154195256,0.41105935813320027,1.0,0,0.0,13.019557381525798,100
selected_train_fraction,0.75,zero_lag_correlation,higher,circular_shift,0.8627292771588073,0.8237413517803603,0.8922782420078627,0.2037799638901334,0.10922420237698673,0.2812339444386759,1.0,0,0.0,19.75190564542238,100
selected_train_fraction,0.75,zero_lag_correlation,higher,condition_shuffle,0.8627292771588073,0.8237413517803603,0.8922782420078627,-0.016666171393218708,-0.10997446142541702,0.12283760210773564,1.0,0,0.0,18.830646718015952,100
selected_train_fraction,0.75,zero_lag_correlation,higher,independent_neuron_shift,0.8627292771588073,0.8237413517803603,0.8922782420078627,0.434041099385486,0.3643956156669804,0.4978650165623004,1.0,0,0.0,16.02807675581034,100
selected_train_fraction,0.75,zero_lag_correlation,higher,time_reversal,0.8627292771588073,0.8237413517803603,0.8922782420078627,0.3311650715086454,0.30821164298357256,0.3480202493397373,1.0,0,0.0,37.573428410759654,100
selected_train_fraction,1.0,acceleration_direction_cosine,higher,block_shuffle_16,0.5576051617500851,0.5269606939099655,0.5906875643965291,0.0038872303596284652,-0.08077401168019836,0.10896625246401233,1.0,0,0.0,14.104709412906084,100
selected_train_fraction,1.0,acceleration_direction_cosine,higher,circular_shift,0.5576051617500851,0.5269606939099655,0.5906875643965291,-0.002098388499806767,-0.09108040168118553,0.0857072674253515,1.0,0,0.0,17.263397882956536,100
selected_train_fraction,1.0,acceleration_direction_cosine,higher,condition_shuffle,0.5576051617500851,0.5269606939099655,0.5906875643965291,-0.012105910099306942,-0.08223061735949216,0.07228788577274271,1.0,0,0.0,18.151336805056765,100
selected_train_fraction,1.0,acceleration_direction_cosine,higher,independent_neuron_shift,0.5576051617500851,0.5269606939099655,0.5906875643965291,-0.006981887187967471,-0.09329453000174348,0.07533062528719396,1.0,0,0.0,16.150327950753294,100
selected_train_fraction,1.0,acceleration_direction_cosine,higher,time_reversal,0.5576051617500851,0.5269606939099655,0.5906875643965291,0.11483251830001506,0.08473418003733746,0.14615759950851417,1.0,0,0.0,25.4184845207139,100
selected_train_fraction,1.0,best_lag_correlation,higher,block_shuffle_16,0.8606187148960206,0.8231595474700638,0.8880087018687853,0.3317535609390475,0.22325068416821775,0.44892913619025737,1.0,0,0.0,11.833048640159717,100
selected_train_fraction,1.0,best_lag_correlation,higher,circular_shift,0.8606187148960206,0.8231595474700638,0.8880087018687853,0.23703966280585426,0.149222190187728,0.32259113513462384,1.0,0,0.0,17.541263610940916,100
selected_train_fraction,1.0,best_lag_correlation,higher,condition_shuffle,0.8606187148960206,0.8231595474700638,0.8880087018687853,0.006413922574601247,-0.07282916766752114,0.11509230946522332,1.0,0,0.0,22.678159202659987,100
selected_train_fraction,1.0,best_lag_correlation,higher,independent_neuron_shift,0.8606187148960206,0.8231595474700638,0.8880087018687853,0.4480453034639095,0.39734161973121246,0.5222550812728886,1.0,0,0.0,16.101406302208936,100
selected_train_fraction,1.0,best_lag_correlation,higher,time_reversal,0.8606187148960206,0.8231595474700638,0.8880087018687853,0.30487151294778103,0.283582543548803,0.32235251207140875,1.0,0,0.0,40.46215089519816,100
selected_train_fraction,1.0,normalized_position_rmse,lower,block_shuffle_16,0.5497856811303798,0.47866109742534174,0.6357505913132633,1.194040103737884,1.0792705746417885,1.3155129275506852,1.0,0,0.0,11.353438398928425,100
selected_train_fraction,1.0,normalized_position_rmse,lower,circular_shift,0.5497856811303798,0.47866109742534174,0.6357505913132633,1.3040358355399788,1.1882514886980282,1.4197917494439922,1.0,0,0.0,13.726848808969475,100
selected_train_fraction,1.0,normalized_position_rmse,lower,condition_shuffle,0.5497856811303798,0.47866109742534174,0.6357505913132633,1.4579322357228497,1.3211242796663532,1.5989634037141085,1.0,0,0.0,14.580344211149095,100
selected_train_fraction,1.0,normalized_position_rmse,lower,independent_neuron_shift,0.5497856811303798,0.47866109742534174,0.6357505913132633,0.9583885789752249,0.8946682072763553,1.0143615046289836,1.0,0,0.0,10.79421010911822,100
selected_train_fraction,1.0,normalized_position_rmse,lower,time_reversal,0.5497856811303798,0.47866109742534174,0.6357505913132633,1.2086534685947656,1.1227901301937602,1.3011999222256239,1.0,0,0.0,13.816720889311739,100
selected_train_fraction,1.0,path_length_similarity,higher,block_shuffle_16,0.9434131006424161,0.8664577712938166,0.9973915389517138,0.8364331450057576,0.7276689786375543,0.9741599801272819,0.88,12,0.12,1.9176829489349811,100
selected_train_fraction,1.0,path_length_similarity,higher,circular_shift,0.9434131006424161,0.8664577712938166,0.9973915389517138,0.9381981311196459,0.8551445767595558,0.9919749510498572,0.69,31,0.31,0.128968952792069,100
selected_train_fraction,1.0,path_length_similarity,higher,condition_shuffle,0.9434131006424161,0.8664577712938166,0.9973915389517138,0.8424096367265248,0.7150292183252688,0.9926629757018115,0.86,14,0.14,1.6847916584186173,100
selected_train_fraction,1.0,path_length_similarity,higher,independent_neuron_shift,0.9434131006424161,0.8664577712938166,0.9973915389517138,0.573898331878836,0.5015315228543046,0.649060371884615,1.0,0,0.0,9.078263385256957,100
selected_train_fraction,1.0,path_length_similarity,higher,time_reversal,0.9434131006424161,0.8664577712938166,0.9973915389517138,0.944080358347234,0.8688395317397601,0.9979855812359549,0.36,64,0.64,-0.016831577686138646,100
selected_train_fraction,1.0,position_correlation,higher,block_shuffle_16,0.8553609474849243,0.8166815615406966,0.8840444589804302,0.25449951104452667,0.1475722861847849,0.3759258150000995,1.0,0,0.0,12.860194975459002,100
selected_train_fraction,1.0,position_correlation,higher,circular_shift,0.8553609474849243,0.8166815615406966,0.8840444589804302,0.15725633285400098,0.05241953694657047,0.24710388226701388,1.0,0,0.0,19.091269569178028,100
selected_train_fraction,1.0,position_correlation,higher,condition_shuffle,0.8553609474849243,0.8166815615406966,0.8840444589804302,-0.049462387572113124,-0.1297263394890404,0.07695674222745395,1.0,0,0.0,21.322252977841647,100
selected_train_fraction,1.0,position_correlation,higher,independent_neuron_shift,0.8553609474849243,0.8166815615406966,0.8840444589804302,0.3886343729272647,0.31835878313521226,0.4633871385062875,1.0,0,0.0,16.195603106443773,100
selected_train_fraction,1.0,position_correlation,higher,time_reversal,0.8553609474849243,0.8166815615406966,0.8840444589804302,0.2800062722779754,0.25859201208608823,0.29685533833944705,1.0,0,0.0,40.69208248749073,100
selected_train_fraction,1.0,position_cosine,higher,block_shuffle_16,0.8257728188752514,0.7998569689061263,0.8530068680530201,0.3050503004230174,0.20610014074789917,0.41561220576944313,1.0,0,0.0,12.553085417323144,100
selected_train_fraction,1.0,position_cosine,higher,circular_shift,0.8257728188752514,0.7998569689061263,0.8530068680530201,0.209568325486066,0.1124931406033243,0.3015558262889018,1.0,0,0.0,16.94851281439717,100
selected_train_fraction,1.0,position_cosine,higher,condition_shuffle,0.8257728188752514,0.7998569689061263,0.8530068680530201,-0.05803468196981938,-0.15452644784619254,0.06409787409202684,1.0,0,0.0,20.67142789516446,100
selected_train_fraction,1.0,position_cosine,higher,independent_neuron_shift,0.8257728188752514,0.7998569689061263,0.8530068680530201,0.3995454275900602,0.3243232692366894,0.4739923271733806,1.0,0,0.0,16.649801448165725,100
selected_train_fraction,1.0,position_cosine,higher,time_reversal,0.8257728188752514,0.7998569689061263,0.8530068680530201,0.32534760343753333,0.3066096930543661,0.3453330525142531,1.0,0,0.0,38.42031522190694,100
selected_train_fraction,1.0,speed_profile_correlation,higher,block_shuffle_16,0.7704573814250903,0.6914574942845673,0.8339180161452443,0.23995677690812858,0.07733582420809856,0.36349476801797964,1.0,0,0.0,8.657916897388183,100
selected_train_fraction,1.0,speed_profile_correlation,higher,circular_shift,0.7704573814250903,0.6914574942845673,0.8339180161452443,0.18690297779443327,0.08606826666286134,0.31435279938438315,1.0,0,0.0,11.540237700901507,100
selected_train_fraction,1.0,speed_profile_correlation,higher,condition_shuffle,0.7704573814250903,0.6914574942845673,0.8339180161452443,-0.06803936619451992,-0.24826968776139863,0.1672824052238033,1.0,0,0.0,9.361237557369265,100
selected_train_fraction,1.0,speed_profile_correlation,higher,independent_neuron_shift,0.7704573814250903,0.6914574942845673,0.8339180161452443,0.2446512044975837,0.09880045983560691,0.38443487375400726,1.0,0,0.0,8.67326261505181,100
selected_train_fraction,1.0,speed_profile_correlation,higher,time_reversal,0.7704573814250903,0.6914574942845673,0.8339180161452443,0.2142863977738215,0.1783077973899267,0.24682219466221433,1.0,0,0.0,19.86930575976939,100
selected_train_fraction,1.0,velocity_direction_cosine,higher,block_shuffle_16,0.6342524574095372,0.591103252896429,0.6679210891514382,0.004485960231057339,-0.08880963571256816,0.10706317407155774,1.0,0,0.0,16.14028687497087,100
selected_train_fraction,1.0,velocity_direction_cosine,higher,circular_shift,0.6342524574095372,0.591103252896429,0.6679210891514382,-0.004731676803023782,-0.11252247621480774,0.07805500224757465,1.0,0,0.0,16.739879287588,100
selected_train_fraction,1.0,velocity_direction_cosine,higher,condition_shuffle,0.6342524574095372,0.591103252896429,0.6679210891514382,-0.00757005274067932,-0.0759011442152145,0.07261356955618402,1.0,0,0.0,19.990193099766515,100
selected_train_fraction,1.0,velocity_direction_cosine,higher,independent_neuron_shift,0.6342524574095372,0.591103252896429,0.6679210891514382,0.0017696221563249046,-0.08118250691115579,0.09334309826012034,1.0,0,0.0,18.174103197304703,100
selected_train_fraction,1.0,velocity_direction_cosine,higher,time_reversal,0.6342524574095372,0.591103252896429,0.6679210891514382,0.13170995724233295,0.11108951351304419,0.15540660798480452,1.0,0,0.0,30.448597235329842,100
selected_train_fraction,1.0,zero_lag_correlation,higher,block_shuffle_16,0.86058556952123,0.822973575160715,0.8880087018687853,0.28035805847711887,0.1772284096668432,0.39685071984621334,1.0,0,0.0,12.859146739565208,100
selected_train_fraction,1.0,zero_lag_correlation,higher,circular_shift,0.86058556952123,0.822973575160715,0.8880087018687853,0.1850824621864201,0.08295201304252856,0.2726646148714667,1.0,0,0.0,19.065189182780355,100
selected_train_fraction,1.0,zero_lag_correlation,higher,condition_shuffle,0.86058556952123,0.822973575160715,0.8880087018687853,-0.015004417658642825,-0.09243856402151543,0.10731955810024052,1.0,0,0.0,21.313700401230466,100
selected_train_fraction,1.0,zero_lag_correlation,higher,independent_neuron_shift,0.86058556952123,0.822973575160715,0.8880087018687853,0.41788468377163057,0.34922248231847947,0.4904385464447152,1.0,0,0.0,16.01222931061479,100
selected_train_fraction,1.0,zero_lag_correlation,higher,time_reversal,0.86058556952123,0.822973575160715,0.8880087018687853,0.3038175945553384,0.2828260732275474,0.32139087700374536,1.0,0,0.0,40.56272547494744,100
random_seed,42.0,acceleration_direction_cosine,higher,block_shuffle_16,0.5576051617500851,0.5269606939099655,0.5906875643965291,0.0038872303596284652,-0.08077401168019836,0.10896625246401233,1.0,0,0.0,14.104709412906084,100
random_seed,42.0,acceleration_direction_cosine,higher,circular_shift,0.5576051617500851,0.5269606939099655,0.5906875643965291,-0.002098388499806767,-0.09108040168118553,0.0857072674253515,1.0,0,0.0,17.263397882956536,100
random_seed,42.0,acceleration_direction_cosine,higher,condition_shuffle,0.5576051617500851,0.5269606939099655,0.5906875643965291,-0.012105910099306942,-0.08223061735949216,0.07228788577274271,1.0,0,0.0,18.151336805056765,100
random_seed,42.0,acceleration_direction_cosine,higher,independent_neuron_shift,0.5576051617500851,0.5269606939099655,0.5906875643965291,-0.006981887187967471,-0.09329453000174348,0.07533062528719396,1.0,0,0.0,16.150327950753294,100
random_seed,42.0,acceleration_direction_cosine,higher,time_reversal,0.5576051617500851,0.5269606939099655,0.5906875643965291,0.11483251830001506,0.08473418003733746,0.14615759950851417,1.0,0,0.0,25.4184845207139,100
random_seed,42.0,best_lag_correlation,higher,block_shuffle_16,0.8606187148960206,0.8231595474700638,0.8880087018687853,0.3317535609390475,0.22325068416821775,0.44892913619025737,1.0,0,0.0,11.833048640159717,100
random_seed,42.0,best_lag_correlation,higher,circular_shift,0.8606187148960206,0.8231595474700638,0.8880087018687853,0.23703966280585426,0.149222190187728,0.32259113513462384,1.0,0,0.0,17.541263610940916,100
random_seed,42.0,best_lag_correlation,higher,condition_shuffle,0.8606187148960206,0.8231595474700638,0.8880087018687853,0.006413922574601247,-0.07282916766752114,0.11509230946522332,1.0,0,0.0,22.678159202659987,100
random_seed,42.0,best_lag_correlation,higher,independent_neuron_shift,0.8606187148960206,0.8231595474700638,0.8880087018687853,0.4480453034639095,0.39734161973121246,0.5222550812728886,1.0,0,0.0,16.101406302208936,100
random_seed,42.0,best_lag_correlation,higher,time_reversal,0.8606187148960206,0.8231595474700638,0.8880087018687853,0.30487151294778103,0.283582543548803,0.32235251207140875,1.0,0,0.0,40.46215089519816,100
random_seed,42.0,normalized_position_rmse,lower,block_shuffle_16,0.5497856811303798,0.47866109742534174,0.6357505913132633,1.194040103737884,1.0792705746417885,1.3155129275506852,1.0,0,0.0,11.353438398928425,100
random_seed,42.0,normalized_position_rmse,lower,circular_shift,0.5497856811303798,0.47866109742534174,0.6357505913132633,1.3040358355399788,1.1882514886980282,1.4197917494439922,1.0,0,0.0,13.726848808969475,100
random_seed,42.0,normalized_position_rmse,lower,condition_shuffle,0.5497856811303798,0.47866109742534174,0.6357505913132633,1.4579322357228497,1.3211242796663532,1.5989634037141085,1.0,0,0.0,14.580344211149095,100
random_seed,42.0,normalized_position_rmse,lower,independent_neuron_shift,0.5497856811303798,0.47866109742534174,0.6357505913132633,0.9583885789752249,0.8946682072763553,1.0143615046289836,1.0,0,0.0,10.79421010911822,100
random_seed,42.0,normalized_position_rmse,lower,time_reversal,0.5497856811303798,0.47866109742534174,0.6357505913132633,1.2086534685947656,1.1227901301937602,1.3011999222256239,1.0,0,0.0,13.816720889311739,100
random_seed,42.0,path_length_similarity,higher,block_shuffle_16,0.9434131006424161,0.8664577712938166,0.9973915389517138,0.8364331450057576,0.7276689786375543,0.9741599801272819,0.88,12,0.12,1.9176829489349811,100
random_seed,42.0,path_length_similarity,higher,circular_shift,0.9434131006424161,0.8664577712938166,0.9973915389517138,0.9381981311196459,0.8551445767595558,0.9919749510498572,0.69,31,0.31,0.128968952792069,100
random_seed,42.0,path_length_similarity,higher,condition_shuffle,0.9434131006424161,0.8664577712938166,0.9973915389517138,0.8424096367265248,0.7150292183252688,0.9926629757018115,0.86,14,0.14,1.6847916584186173,100
random_seed,42.0,path_length_similarity,higher,independent_neuron_shift,0.9434131006424161,0.8664577712938166,0.9973915389517138,0.573898331878836,0.5015315228543046,0.649060371884615,1.0,0,0.0,9.078263385256957,100
random_seed,42.0,path_length_similarity,higher,time_reversal,0.9434131006424161,0.8664577712938166,0.9973915389517138,0.944080358347234,0.8688395317397601,0.9979855812359549,0.36,64,0.64,-0.016831577686138646,100
random_seed,42.0,position_correlation,higher,block_shuffle_16,0.8553609474849243,0.8166815615406966,0.8840444589804302,0.25449951104452667,0.1475722861847849,0.3759258150000995,1.0,0,0.0,12.860194975459002,100
random_seed,42.0,position_correlation,higher,circular_shift,0.8553609474849243,0.8166815615406966,0.8840444589804302,0.15725633285400098,0.05241953694657047,0.24710388226701388,1.0,0,0.0,19.091269569178028,100
random_seed,42.0,position_correlation,higher,condition_shuffle,0.8553609474849243,0.8166815615406966,0.8840444589804302,-0.049462387572113124,-0.1297263394890404,0.07695674222745395,1.0,0,0.0,21.322252977841647,100
random_seed,42.0,position_correlation,higher,independent_neuron_shift,0.8553609474849243,0.8166815615406966,0.8840444589804302,0.3886343729272647,0.31835878313521226,0.4633871385062875,1.0,0,0.0,16.195603106443773,100
random_seed,42.0,position_correlation,higher,time_reversal,0.8553609474849243,0.8166815615406966,0.8840444589804302,0.2800062722779754,0.25859201208608823,0.29685533833944705,1.0,0,0.0,40.69208248749073,100
random_seed,42.0,position_cosine,higher,block_shuffle_16,0.8257728188752514,0.7998569689061263,0.8530068680530201,0.3050503004230174,0.20610014074789917,0.41561220576944313,1.0,0,0.0,12.553085417323144,100
random_seed,42.0,position_cosine,higher,circular_shift,0.8257728188752514,0.7998569689061263,0.8530068680530201,0.209568325486066,0.1124931406033243,0.3015558262889018,1.0,0,0.0,16.94851281439717,100
random_seed,42.0,position_cosine,higher,condition_shuffle,0.8257728188752514,0.7998569689061263,0.8530068680530201,-0.05803468196981938,-0.15452644784619254,0.06409787409202684,1.0,0,0.0,20.67142789516446,100
random_seed,42.0,position_cosine,higher,independent_neuron_shift,0.8257728188752514,0.7998569689061263,0.8530068680530201,0.3995454275900602,0.3243232692366894,0.4739923271733806,1.0,0,0.0,16.649801448165725,100
random_seed,42.0,position_cosine,higher,time_reversal,0.8257728188752514,0.7998569689061263,0.8530068680530201,0.32534760343753333,0.3066096930543661,0.3453330525142531,1.0,0,0.0,38.42031522190694,100
random_seed,42.0,speed_profile_correlation,higher,block_shuffle_16,0.7704573814250903,0.6914574942845673,0.8339180161452443,0.23995677690812858,0.07733582420809856,0.36349476801797964,1.0,0,0.0,8.657916897388183,100
random_seed,42.0,speed_profile_correlation,higher,circular_shift,0.7704573814250903,0.6914574942845673,0.8339180161452443,0.18690297779443327,0.08606826666286134,0.31435279938438315,1.0,0,0.0,11.540237700901507,100
random_seed,42.0,speed_profile_correlation,higher,condition_shuffle,0.7704573814250903,0.6914574942845673,0.8339180161452443,-0.06803936619451992,-0.24826968776139863,0.1672824052238033,1.0,0,0.0,9.361237557369265,100
random_seed,42.0,speed_profile_correlation,higher,independent_neuron_shift,0.7704573814250903,0.6914574942845673,0.8339180161452443,0.2446512044975837,0.09880045983560691,0.38443487375400726,1.0,0,0.0,8.67326261505181,100
random_seed,42.0,speed_profile_correlation,higher,time_reversal,0.7704573814250903,0.6914574942845673,0.8339180161452443,0.2142863977738215,0.1783077973899267,0.24682219466221433,1.0,0,0.0,19.86930575976939,100
random_seed,42.0,velocity_direction_cosine,higher,block_shuffle_16,0.6342524574095372,0.591103252896429,0.6679210891514382,0.004485960231057339,-0.08880963571256816,0.10706317407155774,1.0,0,0.0,16.14028687497087,100
random_seed,42.0,velocity_direction_cosine,higher,circular_shift,0.6342524574095372,0.591103252896429,0.6679210891514382,-0.004731676803023782,-0.11252247621480774,0.07805500224757465,1.0,0,0.0,16.739879287588,100
random_seed,42.0,velocity_direction_cosine,higher,condition_shuffle,0.6342524574095372,0.591103252896429,0.6679210891514382,-0.00757005274067932,-0.0759011442152145,0.07261356955618402,1.0,0,0.0,19.990193099766515,100
random_seed,42.0,velocity_direction_cosine,higher,independent_neuron_shift,0.6342524574095372,0.591103252896429,0.6679210891514382,0.0017696221563249046,-0.08118250691115579,0.09334309826012034,1.0,0,0.0,18.174103197304703,100
random_seed,42.0,velocity_direction_cosine,higher,time_reversal,0.6342524574095372,0.591103252896429,0.6679210891514382,0.13170995724233295,0.11108951351304419,0.15540660798480452,1.0,0,0.0,30.448597235329842,100
random_seed,42.0,zero_lag_correlation,higher,block_shuffle_16,0.86058556952123,0.822973575160715,0.8880087018687853,0.28035805847711887,0.1772284096668432,0.39685071984621334,1.0,0,0.0,12.859146739565208,100
random_seed,42.0,zero_lag_correlation,higher,circular_shift,0.86058556952123,0.822973575160715,0.8880087018687853,0.1850824621864201,0.08295201304252856,0.2726646148714667,1.0,0,0.0,19.065189182780355,100
random_seed,42.0,zero_lag_correlation,higher,condition_shuffle,0.86058556952123,0.822973575160715,0.8880087018687853,-0.015004417658642825,-0.09243856402151543,0.10731955810024052,1.0,0,0.0,21.313700401230466,100
random_seed,42.0,zero_lag_correlation,higher,independent_neuron_shift,0.86058556952123,0.822973575160715,0.8880087018687853,0.41788468377163057,0.34922248231847947,0.4904385464447152,1.0,0,0.0,16.01222931061479,100
random_seed,42.0,zero_lag_correlation,higher,time_reversal,0.86058556952123,0.822973575160715,0.8880087018687853,0.3038175945553384,0.2828260732275474,0.32139087700374536,1.0,0,0.0,40.56272547494744,100
random_seed,314.0,acceleration_direction_cosine,higher,block_shuffle_16,0.5540329762880052,0.5157566237167854,0.5864187681870535,0.00025076721959406813,-0.08930117935865567,0.09062066614725829,1.0,0,0.0,15.18248436221523,100
random_seed,314.0,acceleration_direction_cosine,higher,circular_shift,0.5540329762880052,0.5157566237167854,0.5864187681870535,-0.004757466353237891,-0.0831855362006946,0.07549687819641693,1.0,0,0.0,16.03430857064751,100
random_seed,314.0,acceleration_direction_cosine,higher,condition_shuffle,0.5540329762880052,0.5157566237167854,0.5864187681870535,-0.012371670419293372,-0.08627568277080386,0.0680747987115533,1.0,0,0.0,17.092235996208753,100
random_seed,314.0,acceleration_direction_cosine,higher,independent_neuron_shift,0.5540329762880052,0.5157566237167854,0.5864187681870535,8.267710079635105e-05,-0.10254991600489446,0.08930210026734224,1.0,0,0.0,16.347859201494636,100
random_seed,314.0,acceleration_direction_cosine,higher,time_reversal,0.5540329762880052,0.5157566237167854,0.5864187681870535,0.11205456092406754,0.07856144134691788,0.14498134243600813,1.0,0,0.0,23.730402279720852,100
random_seed,314.0,best_lag_correlation,higher,block_shuffle_16,0.8569658420572372,0.8164785167630325,0.8870595495114117,0.31722243607652123,0.20814589918922394,0.4380971263115874,1.0,0,0.0,12.907263117662565,100
random_seed,314.0,best_lag_correlation,higher,circular_shift,0.8569658420572372,0.8164785167630325,0.8870595495114117,0.22169210981823834,0.15187301983934048,0.31781867101142425,1.0,0,0.0,19.38857465001123,100
random_seed,314.0,best_lag_correlation,higher,condition_shuffle,0.8569658420572372,0.8164785167630325,0.8870595495114117,-0.0070518294629616516,-0.09191759684482334,0.10244551573232115,1.0,0,0.0,21.021203583430584,100
random_seed,314.0,best_lag_correlation,higher,independent_neuron_shift,0.8569658420572372,0.8164785167630325,0.8870595495114117,0.41852349690909846,0.3509472030160286,0.4722818542498921,1.0,0,0.0,16.498101248532958,100
random_seed,314.0,best_lag_correlation,higher,time_reversal,0.8569658420572372,0.8164785167630325,0.8870595495114117,0.2829184145654431,0.2615927458635065,0.30089827823836063,1.0,0,0.0,36.557521204741754,100
random_seed,314.0,normalized_position_rmse,lower,block_shuffle_16,0.5480254486853218,0.48150002260570535,0.6334873895588784,1.1900734091074028,1.08534601603644,1.315067419667309,1.0,0,0.0,12.227157402878131,100
random_seed,314.0,normalized_position_rmse,lower,circular_shift,0.5480254486853218,0.48150002260570535,0.6334873895588784,1.3007870363885567,1.182194467140515,1.4252675173036773,1.0,0,0.0,14.004146310263838,100
random_seed,314.0,normalized_position_rmse,lower,condition_shuffle,0.5480254486853218,0.48150002260570535,0.6334873895588784,1.4497233928850264,1.3263767251626186,1.6025796070658025,1.0,0,0.0,14.384090184425723,100
random_seed,314.0,normalized_position_rmse,lower,independent_neuron_shift,0.5480254486853218,0.48150002260570535,0.6334873895588784,0.9671711135736034,0.9137433451096648,1.0505234360224498,1.0,0,0.0,11.044238171292045,100
random_seed,314.0,normalized_position_rmse,lower,time_reversal,0.5480254486853218,0.48150002260570535,0.6334873895588784,1.212582191577808,1.1207677180556008,1.3161352790155805,1.0,0,0.0,14.295074945287325,100
random_seed,314.0,path_length_similarity,higher,block_shuffle_16,0.9479008740901287,0.8703647519462572,0.99783308932004,0.836357603739394,0.7271499916711945,0.9611289142568861,0.91,9,0.09,2.115342111765723,100
random_seed,314.0,path_length_similarity,higher,circular_shift,0.9479008740901287,0.8703647519462572,0.99783308932004,0.9437708925298619,0.8671975343455226,0.9978044804784192,0.67,33,0.33,0.10261992307116909,100
random_seed,314.0,path_length_similarity,higher,condition_shuffle,0.9479008740901287,0.8703647519462572,0.99783308932004,0.8436627349113153,0.7499175023326289,0.9801034429177153,0.89,11,0.11,1.8389936268818592,100
random_seed,314.0,path_length_similarity,higher,independent_neuron_shift,0.9479008740901287,0.8703647519462572,0.99783308932004,0.5733991601349235,0.48370004794894705,0.6380527390497541,1.0,0,0.0,9.37210583179196,100
random_seed,314.0,path_length_similarity,higher,time_reversal,0.9479008740901287,0.8703647519462572,0.99783308932004,0.9481662796698118,0.8697570716040959,0.9967306562754306,0.47,53,0.53,-0.006709444658070076,100
random_seed,314.0,position_correlation,higher,block_shuffle_16,0.8543127097368913,0.8133273702068098,0.8847633456340662,0.2538282145754502,0.1576703697831539,0.3489779365340018,1.0,0,0.0,15.558543558382155,100
random_seed,314.0,position_correlation,higher,circular_shift,0.8543127097368913,0.8133273702068098,0.8847633456340662,0.15543818782323204,0.06356687342991706,0.24662980756219133,1.0,0,0.0,19.523188747378104,100
random_seed,314.0,position_correlation,higher,condition_shuffle,0.8543127097368913,0.8133273702068098,0.8847633456340662,-0.04450189242994292,-0.13034559552190947,0.07454291777896085,1.0,0,0.0,20.959162642196976,100
random_seed,314.0,position_correlation,higher,independent_neuron_shift,0.8543127097368913,0.8133273702068098,0.8847633456340662,0.37132626830957954,0.29412678401973813,0.44126993848983903,1.0,0,0.0,16.24784828761639,100
random_seed,314.0,position_correlation,higher,time_reversal,0.8543127097368913,0.8133273702068098,0.8847633456340662,0.2699682368523197,0.2491635041722269,0.287127772582893,1.0,0,0.0,37.1427659303962,100
random_seed,314.0,position_cosine,higher,block_shuffle_16,0.8179512995200783,0.777443275112193,0.8556075657785631,0.2996700033360169,0.21261680777845282,0.3840094072899241,1.0,0,0.0,14.037813498037947,100
random_seed,314.0,position_cosine,higher,circular_shift,0.8179512995200783,0.777443275112193,0.8556075657785631,0.2064417267962973,0.11319786283647992,0.3126148716046352,1.0,0,0.0,15.712983176456934,100
random_seed,314.0,position_cosine,higher,condition_shuffle,0.8179512995200783,0.777443275112193,0.8556075657785631,-0.049714942418315484,-0.18071523345582174,0.06774540851321022,1.0,0,0.0,18.493756815807348,100
random_seed,314.0,position_cosine,higher,independent_neuron_shift,0.8179512995200783,0.777443275112193,0.8556075657785631,0.3856781519980445,0.3140556748403245,0.4532711297870959,1.0,0,0.0,15.080370297428416,100
random_seed,314.0,position_cosine,higher,time_reversal,0.8179512995200783,0.777443275112193,0.8556075657785631,0.31252054673172003,0.27997653918849535,0.33750408878997185,1.0,0,0.0,28.775417580179905,100
random_seed,314.0,speed_profile_correlation,higher,block_shuffle_16,0.7755535526099391,0.6961621007449725,0.8239083515533538,0.24506222187414956,0.1351806792459274,0.3707968910801366,1.0,0,0.0,10.442249995394763,100
random_seed,314.0,speed_profile_correlation,higher,circular_shift,0.7755535526099391,0.6961621007449725,0.8239083515533538,0.19424745928862294,0.11716306799247506,0.3221200281661332,1.0,0,0.0,12.91911826511643,100
random_seed,314.0,speed_profile_correlation,higher,condition_shuffle,0.7755535526099391,0.6961621007449725,0.8239083515533538,-0.06766955540437433,-0.23307989384155636,0.18667160391802928,1.0,0,0.0,10.098815326441706,100
random_seed,314.0,speed_profile_correlation,higher,independent_neuron_shift,0.7755535526099391,0.6961621007449725,0.8239083515533538,0.23505151648642666,0.11788764372498037,0.39206181394676143,1.0,0,0.0,9.886260628157437,100
random_seed,314.0,speed_profile_correlation,higher,time_reversal,0.7755535526099391,0.6961621007449725,0.8239083515533538,0.21862329073683825,0.18925063719982105,0.249252867032819,1.0,0,0.0,21.584698115708377,100
random_seed,314.0,velocity_direction_cosine,higher,block_shuffle_16,0.6341189713888298,0.6005535292504928,0.6657091343393711,0.0042941524903631,-0.0883172228095741,0.11725702801509491,1.0,0,0.0,16.682118024901797,100
random_seed,314.0,velocity_direction_cosine,higher,circular_shift,0.6341189713888298,0.6005535292504928,0.6657091343393711,-0.01104922979172865,-0.11221940987201359,0.06144306080814037,1.0,0,0.0,18.944803687997744,100
random_seed,314.0,velocity_direction_cosine,higher,condition_shuffle,0.6341189713888298,0.6005535292504928,0.6657091343393711,-0.010421294900713854,-0.08321971383529227,0.07967112517550483,1.0,0,0.0,18.96937781596857,100
random_seed,314.0,velocity_direction_cosine,higher,independent_neuron_shift,0.6341189713888298,0.6005535292504928,0.6657091343393711,0.0057843516113864,-0.08562992294882575,0.08589021542949497,1.0,0,0.0,19.132647549142515,100
random_seed,314.0,velocity_direction_cosine,higher,time_reversal,0.6341189713888298,0.6005535292504928,0.6657091343393711,0.12865105664327983,0.10060419199269492,0.15671237068408864,1.0,0,0.0,32.137856855902776,100
random_seed,314.0,zero_lag_correlation,higher,block_shuffle_16,0.8569120979220117,0.8164785167630325,0.8870595495114117,0.2670023878770267,0.17389416682009642,0.3592272149778888,1.0,0,0.0,15.5864625403725,100
random_seed,314.0,zero_lag_correlation,higher,circular_shift,0.8569120979220117,0.8164785167630325,0.8870595495114117,0.16946376326283852,0.07821223593290699,0.25882899606632387,1.0,0,0.0,19.47610334386258,100
random_seed,314.0,zero_lag_correlation,higher,condition_shuffle,0.8569120979220117,0.8164785167630325,0.8870595495114117,-0.02729368930910977,-0.11269170099533668,0.09139876849789205,1.0,0,0.0,20.938978671465158,100
random_seed,314.0,zero_lag_correlation,higher,independent_neuron_shift,0.8569120979220117,0.8164785167630325,0.8870595495114117,0.3864772735132698,0.310506631487422,0.4546846523729855,1.0,0,0.0,16.14811077713979,100
random_seed,314.0,zero_lag_correlation,higher,time_reversal,0.8569120979220117,0.8164785167630325,0.8870595495114117,0.282091910108962,0.2605685840319591,0.3000029098554746,1.0,0,0.0,36.67047340491734,100
random_seed,2718.0,acceleration_direction_cosine,higher,block_shuffle_16,0.5557959050137355,0.5090447468998527,0.5955066261937084,-0.0005594781468134157,-0.08844848209111036,0.09482981692157982,1.0,0,0.0,14.483030819968686,100
random_seed,2718.0,acceleration_direction_cosine,higher,circular_shift,0.5557959050137355,0.5090447468998527,0.5955066261937084,-0.0019648196858289622,-0.07942809646092105,0.0797296373017696,1.0,0,0.0,16.8295461754446,100
random_seed,2718.0,acceleration_direction_cosine,higher,condition_shuffle,0.5557959050137355,0.5090447468998527,0.5955066261937084,-0.012673207227138945,-0.09072142998967053,0.06488560436652346,1.0,0,0.0,18.075809472793335,100
random_seed,2718.0,acceleration_direction_cosine,higher,independent_neuron_shift,0.5557959050137355,0.5090447468998527,0.5955066261937084,-0.0024294473366728137,-0.06453656931492727,0.07294928799506875,1.0,0,0.0,17.835009469696356,100
random_seed,2718.0,acceleration_direction_cosine,higher,time_reversal,0.5557959050137355,0.5090447468998527,0.5955066261937084,0.11314684358359649,0.08721571755202233,0.1401940849375717,1.0,0,0.0,24.270719609702695,100
random_seed,2718.0,best_lag_correlation,higher,block_shuffle_16,0.8583338382970683,0.8216949761244902,0.8931800943295618,0.3305642566958642,0.2163623203907534,0.45311485658611395,1.0,0,0.0,11.493416695596734,100
random_seed,2718.0,best_lag_correlation,higher,circular_shift,0.8583338382970683,0.8216949761244902,0.8931800943295618,0.22666082648404934,0.14162735065484294,0.30542993092612186,1.0,0,0.0,19.425818215061152,100
random_seed,2718.0,best_lag_correlation,higher,condition_shuffle,0.8583338382970683,0.8216949761244902,0.8931800943295618,0.00033698493902835786,-0.08570323420968876,0.10915039477726955,1.0,0,0.0,20.962953600872435,100
random_seed,2718.0,best_lag_correlation,higher,independent_neuron_shift,0.8583338382970683,0.8216949761244902,0.8931800943295618,0.430338111824138,0.36870514952888356,0.49117516381508547,1.0,0,0.0,15.184453958590778,100
random_seed,2718.0,best_lag_correlation,higher,time_reversal,0.8583338382970683,0.8216949761244902,0.8931800943295618,0.2895629743465243,0.26981373927810565,0.31075110036514814,1.0,0,0.0,35.29579511735889,100
random_seed,2718.0,normalized_position_rmse,lower,block_shuffle_16,0.5539542533060826,0.47336196184146867,0.6622193420340347,1.1917851710637195,1.0461240025950027,1.3243304698342728,1.0,0,0.0,10.410315898849305,100
random_seed,2718.0,normalized_position_rmse,lower,circular_shift,0.5539542533060826,0.47336196184146867,0.6622193420340347,1.3081917646740713,1.167050419972822,1.4286730703239154,1.0,0,0.0,12.529236178258051,100
random_seed,2718.0,normalized_position_rmse,lower,condition_shuffle,0.5539542533060826,0.47336196184146867,0.6622193420340347,1.4602346261902681,1.325130513789643,1.6088958119729029,1.0,0,0.0,14.46518152457689,100
random_seed,2718.0,normalized_position_rmse,lower,independent_neuron_shift,0.5539542533060826,0.47336196184146867,0.6622193420340347,0.9706764058518279,0.9151061459605153,1.0467116259488873,1.0,0,0.0,10.11280422269242,100
random_seed,2718.0,normalized_position_rmse,lower,time_reversal,0.5539542533060826,0.47336196184146867,0.6622193420340347,1.2217941514173447,1.1264681160503422,1.3342265918559055,1.0,0,0.0,12.955639937114483,100
random_seed,2718.0,path_length_similarity,higher,block_shuffle_16,0.9395515383713813,0.8458524421297695,0.9993421954387652,0.8362840063421495,0.725694993607001,0.9751588690100664,0.88,12,0.12,1.8225431097574203,100
random_seed,2718.0,path_length_similarity,higher,circular_shift,0.9395515383713813,0.8458524421297695,0.9993421954387652,0.933815055813497,0.8462009713407547,0.9929391548745885,0.67,33,0.33,0.12579941161489078,100
random_seed,2718.0,path_length_similarity,higher,condition_shuffle,0.9395515383713813,0.8458524421297695,0.9993421954387652,0.8356838222587516,0.6977702636805251,0.9915455983011857,0.85,15,0.15,1.5227527800265463,100
random_seed,2718.0,path_length_similarity,higher,independent_neuron_shift,0.9395515383713813,0.8458524421297695,0.9993421954387652,0.5798239866013667,0.4936151310313169,0.671051047671768,1.0,0,0.0,7.831670507067174,100
random_seed,2718.0,path_length_similarity,higher,time_reversal,0.9395515383713813,0.8458524421297695,0.9993421954387652,0.9401846972806741,0.8470064170359403,0.9983152474565666,0.43,57,0.57,-0.01388136175665445,100
random_seed,2718.0,position_correlation,higher,block_shuffle_16,0.8531939912786344,0.8152356861980489,0.8899173321284296,0.2582429865938735,0.1481438628974177,0.4102724856528458,1.0,0,0.0,11.832614384468163,100
random_seed,2718.0,position_correlation,higher,circular_shift,0.8531939912786344,0.8152356861980489,0.8899173321284296,0.1536866544235947,0.06320118087602786,0.25189119902357066,1.0,0,0.0,18.548255792174803,100
random_seed,2718.0,position_correlation,higher,condition_shuffle,0.8531939912786344,0.8152356861980489,0.8899173321284296,-0.050893002680399285,-0.14565568382544034,0.06940178097523202,1.0,0,0.0,19.892887047517924,100
random_seed,2718.0,position_correlation,higher,independent_neuron_shift,0.8531939912786344,0.8152356861980489,0.8899173321284296,0.3714026812056516,0.3024280320797553,0.4320093450426542,1.0,0,0.0,17.437363691437678,100
random_seed,2718.0,position_correlation,higher,time_reversal,0.8531939912786344,0.8152356861980489,0.8899173321284296,0.2658553918463607,0.24588034447520152,0.28656601108695434,1.0,0,0.0,35.198586553169726,100
random_seed,2718.0,position_cosine,higher,block_shuffle_16,0.8202217489166926,0.773723622752284,0.860204575344837,0.2999633691090905,0.20581094978213274,0.4171841607235555,1.0,0,0.0,12.362636797988534,100
random_seed,2718.0,position_cosine,higher,circular_shift,0.8202217489166926,0.773723622752284,0.860204575344837,0.1914014141923092,0.1045625395542691,0.2782284262732073,1.0,0,0.0,16.839734128616932,100
random_seed,2718.0,position_cosine,higher,condition_shuffle,0.8202217489166926,0.773723622752284,0.860204575344837,-0.055087653956623364,-0.18128598629352627,0.07917448697470025,1.0,0,0.0,17.71138025754156,100
random_seed,2718.0,position_cosine,higher,independent_neuron_shift,0.8202217489166926,0.773723622752284,0.860204575344837,0.3796543943384472,0.31544153395888636,0.4533226970521225,1.0,0,0.0,14.89454262604214,100
random_seed,2718.0,position_cosine,higher,time_reversal,0.8202217489166926,0.773723622752284,0.860204575344837,0.30839923993263346,0.27741106374511537,0.33077685848536126,1.0,0,0.0,27.947378413127623,100
random_seed,2718.0,speed_profile_correlation,higher,block_shuffle_16,0.7727295842663817,0.7028101861201316,0.8373511369258735,0.2409710452603476,0.13407762682162042,0.37606645089035823,1.0,0,0.0,9.603171282589459,100
random_seed,2718.0,speed_profile_correlation,higher,circular_shift,0.7727295842663817,0.7028101861201316,0.8373511369258735,0.20671785383738908,0.09714014033432887,0.3453933790828288,1.0,0,0.0,11.178263043021799,100
random_seed,2718.0,speed_profile_correlation,higher,condition_shuffle,0.7727295842663817,0.7028101861201316,0.8373511369258735,-0.08939461672485909,-0.24559610264677426,0.14703544491966095,1.0,0,0.0,10.424561829636136,100
random_seed,2718.0,speed_profile_correlation,higher,independent_neuron_shift,0.7727295842663817,0.7028101861201316,0.8373511369258735,0.24224926294958815,0.12636604249161598,0.36514064342530195,1.0,0,0.0,9.695738943260574,100
random_seed,2718.0,speed_profile_correlation,higher,time_reversal,0.7727295842663817,0.7028101861201316,0.8373511369258735,0.21981031548483407,0.1788650410294458,0.25549850333530444,1.0,0,0.0,18.952746525842414,100
random_seed,2718.0,velocity_direction_cosine,higher,block_shuffle_16,0.6362263870771057,0.6010704840139189,0.6695003277881763,0.004169364997178704,-0.08768334185746436,0.10167775901166115,1.0,0,0.0,17.197907902431577,100
random_seed,2718.0,velocity_direction_cosine,higher,circular_shift,0.6362263870771057,0.6010704840139189,0.6695003277881763,-0.006872061485325492,-0.10496901634165598,0.07769704086632159,1.0,0,0.0,17.127852664284138,100
random_seed,2718.0,velocity_direction_cosine,higher,condition_shuffle,0.6362263870771057,0.6010704840139189,0.6695003277881763,-0.010882674209623484,-0.10598159725855964,0.06890023160316558,1.0,0,0.0,19.684337496036825,100
random_seed,2718.0,velocity_direction_cosine,higher,independent_neuron_shift,0.6362263870771057,0.6010704840139189,0.6695003277881763,0.0028544982486368845,-0.06303649921324757,0.06100310575040186,1.0,0,0.0,22.49661448937692,100
random_seed,2718.0,velocity_direction_cosine,higher,time_reversal,0.6362263870771057,0.6010704840139189,0.6695003277881763,0.130232047413746,0.10533584739843498,0.1541861385484897,1.0,0,0.0,33.16233591085172,100
random_seed,2718.0,zero_lag_correlation,higher,block_shuffle_16,0.8583184209389798,0.8216949761244902,0.8931800943295618,0.2822259745908298,0.17554207278763265,0.4283981606826655,1.0,0,0.0,11.885410664052385,100
random_seed,2718.0,zero_lag_correlation,higher,circular_shift,0.8583184209389798,0.8216949761244902,0.8931800943295618,0.17973598130250262,0.09447571318867899,0.2754248928932943,1.0,0,0.0,18.581432629255882,100
random_seed,2718.0,zero_lag_correlation,higher,condition_shuffle,0.8583184209389798,0.8216949761244902,0.8931800943295618,-0.018763591728301963,-0.11108762898415814,0.09626142478317916,1.0,0,0.0,19.911831112299726,100
random_seed,2718.0,zero_lag_correlation,higher,independent_neuron_shift,0.8583184209389798,0.8216949761244902,0.8931800943295618,0.399697964873508,0.3317686376836318,0.4570995000510893,1.0,0,0.0,17.27090702872619,100
random_seed,2718.0,zero_lag_correlation,higher,time_reversal,0.8583184209389798,0.8216949761244902,0.8931800943295618,0.28851720264439534,0.26864604577254964,0.30922257879035947,1.0,0,0.0,35.40420804888761,100
observation_step,4.0,acceleration_direction_cosine,higher,block_shuffle_16,0.5576051617500851,0.5269606939099655,0.5906875643965291,0.0038872303596284652,-0.08077401168019836,0.10896625246401233,1.0,0,0.0,14.104709412906084,100
observation_step,4.0,acceleration_direction_cosine,higher,circular_shift,0.5576051617500851,0.5269606939099655,0.5906875643965291,-0.002098388499806767,-0.09108040168118553,0.0857072674253515,1.0,0,0.0,17.263397882956536,100
observation_step,4.0,acceleration_direction_cosine,higher,condition_shuffle,0.5576051617500851,0.5269606939099655,0.5906875643965291,-0.012105910099306942,-0.08223061735949216,0.07228788577274271,1.0,0,0.0,18.151336805056765,100
observation_step,4.0,acceleration_direction_cosine,higher,independent_neuron_shift,0.5576051617500851,0.5269606939099655,0.5906875643965291,-0.006981887187967471,-0.09329453000174348,0.07533062528719396,1.0,0,0.0,16.150327950753294,100
observation_step,4.0,acceleration_direction_cosine,higher,time_reversal,0.5576051617500851,0.5269606939099655,0.5906875643965291,0.11483251830001506,0.08473418003733746,0.14615759950851417,1.0,0,0.0,25.4184845207139,100
observation_step,4.0,best_lag_correlation,higher,block_shuffle_16,0.8606187148960206,0.8231595474700638,0.8880087018687853,0.3317535609390475,0.22325068416821775,0.44892913619025737,1.0,0,0.0,11.833048640159717,100
observation_step,4.0,best_lag_correlation,higher,circular_shift,0.8606187148960206,0.8231595474700638,0.8880087018687853,0.23703966280585426,0.149222190187728,0.32259113513462384,1.0,0,0.0,17.541263610940916,100
observation_step,4.0,best_lag_correlation,higher,condition_shuffle,0.8606187148960206,0.8231595474700638,0.8880087018687853,0.006413922574601247,-0.07282916766752114,0.11509230946522332,1.0,0,0.0,22.678159202659987,100
observation_step,4.0,best_lag_correlation,higher,independent_neuron_shift,0.8606187148960206,0.8231595474700638,0.8880087018687853,0.4480453034639095,0.39734161973121246,0.5222550812728886,1.0,0,0.0,16.101406302208936,100
observation_step,4.0,best_lag_correlation,higher,time_reversal,0.8606187148960206,0.8231595474700638,0.8880087018687853,0.30487151294778103,0.283582543548803,0.32235251207140875,1.0,0,0.0,40.46215089519816,100
observation_step,4.0,normalized_position_rmse,lower,block_shuffle_16,0.5497856811303798,0.47866109742534174,0.6357505913132633,1.194040103737884,1.0792705746417885,1.3155129275506852,1.0,0,0.0,11.353438398928425,100
observation_step,4.0,normalized_position_rmse,lower,circular_shift,0.5497856811303798,0.47866109742534174,0.6357505913132633,1.3040358355399788,1.1882514886980282,1.4197917494439922,1.0,0,0.0,13.726848808969475,100
observation_step,4.0,normalized_position_rmse,lower,condition_shuffle,0.5497856811303798,0.47866109742534174,0.6357505913132633,1.4579322357228497,1.3211242796663532,1.5989634037141085,1.0,0,0.0,14.580344211149095,100
observation_step,4.0,normalized_position_rmse,lower,independent_neuron_shift,0.5497856811303798,0.47866109742534174,0.6357505913132633,0.9583885789752249,0.8946682072763553,1.0143615046289836,1.0,0,0.0,10.79421010911822,100
observation_step,4.0,normalized_position_rmse,lower,time_reversal,0.5497856811303798,0.47866109742534174,0.6357505913132633,1.2086534685947656,1.1227901301937602,1.3011999222256239,1.0,0,0.0,13.816720889311739,100
observation_step,4.0,path_length_similarity,higher,block_shuffle_16,0.9434131006424161,0.8664577712938166,0.9973915389517138,0.8364331450057576,0.7276689786375543,0.9741599801272819,0.88,12,0.12,1.9176829489349811,100
observation_step,4.0,path_length_similarity,higher,circular_shift,0.9434131006424161,0.8664577712938166,0.9973915389517138,0.9381981311196459,0.8551445767595558,0.9919749510498572,0.69,31,0.31,0.128968952792069,100
observation_step,4.0,path_length_similarity,higher,condition_shuffle,0.9434131006424161,0.8664577712938166,0.9973915389517138,0.8424096367265248,0.7150292183252688,0.9926629757018115,0.86,14,0.14,1.6847916584186173,100
observation_step,4.0,path_length_similarity,higher,independent_neuron_shift,0.9434131006424161,0.8664577712938166,0.9973915389517138,0.573898331878836,0.5015315228543046,0.649060371884615,1.0,0,0.0,9.078263385256957,100
observation_step,4.0,path_length_similarity,higher,time_reversal,0.9434131006424161,0.8664577712938166,0.9973915389517138,0.944080358347234,0.8688395317397601,0.9979855812359549,0.36,64,0.64,-0.016831577686138646,100
observation_step,4.0,position_correlation,higher,block_shuffle_16,0.8553609474849243,0.8166815615406966,0.8840444589804302,0.25449951104452667,0.1475722861847849,0.3759258150000995,1.0,0,0.0,12.860194975459002,100
observation_step,4.0,position_correlation,higher,circular_shift,0.8553609474849243,0.8166815615406966,0.8840444589804302,0.15725633285400098,0.05241953694657047,0.24710388226701388,1.0,0,0.0,19.091269569178028,100
observation_step,4.0,position_correlation,higher,condition_shuffle,0.8553609474849243,0.8166815615406966,0.8840444589804302,-0.049462387572113124,-0.1297263394890404,0.07695674222745395,1.0,0,0.0,21.322252977841647,100
observation_step,4.0,position_correlation,higher,independent_neuron_shift,0.8553609474849243,0.8166815615406966,0.8840444589804302,0.3886343729272647,0.31835878313521226,0.4633871385062875,1.0,0,0.0,16.195603106443773,100
observation_step,4.0,position_correlation,higher,time_reversal,0.8553609474849243,0.8166815615406966,0.8840444589804302,0.2800062722779754,0.25859201208608823,0.29685533833944705,1.0,0,0.0,40.69208248749073,100
observation_step,4.0,position_cosine,higher,block_shuffle_16,0.8257728188752514,0.7998569689061263,0.8530068680530201,0.3050503004230174,0.20610014074789917,0.41561220576944313,1.0,0,0.0,12.553085417323144,100
observation_step,4.0,position_cosine,higher,circular_shift,0.8257728188752514,0.7998569689061263,0.8530068680530201,0.209568325486066,0.1124931406033243,0.3015558262889018,1.0,0,0.0,16.94851281439717,100
observation_step,4.0,position_cosine,higher,condition_shuffle,0.8257728188752514,0.7998569689061263,0.8530068680530201,-0.05803468196981938,-0.15452644784619254,0.06409787409202684,1.0,0,0.0,20.67142789516446,100
observation_step,4.0,position_cosine,higher,independent_neuron_shift,0.8257728188752514,0.7998569689061263,0.8530068680530201,0.3995454275900602,0.3243232692366894,0.4739923271733806,1.0,0,0.0,16.649801448165725,100
observation_step,4.0,position_cosine,higher,time_reversal,0.8257728188752514,0.7998569689061263,0.8530068680530201,0.32534760343753333,0.3066096930543661,0.3453330525142531,1.0,0,0.0,38.42031522190694,100
observation_step,4.0,speed_profile_correlation,higher,block_shuffle_16,0.7704573814250903,0.6914574942845673,0.8339180161452443,0.23995677690812858,0.07733582420809856,0.36349476801797964,1.0,0,0.0,8.657916897388183,100
observation_step,4.0,speed_profile_correlation,higher,circular_shift,0.7704573814250903,0.6914574942845673,0.8339180161452443,0.18690297779443327,0.08606826666286134,0.31435279938438315,1.0,0,0.0,11.540237700901507,100
observation_step,4.0,speed_profile_correlation,higher,condition_shuffle,0.7704573814250903,0.6914574942845673,0.8339180161452443,-0.06803936619451992,-0.24826968776139863,0.1672824052238033,1.0,0,0.0,9.361237557369265,100
observation_step,4.0,speed_profile_correlation,higher,independent_neuron_shift,0.7704573814250903,0.6914574942845673,0.8339180161452443,0.2446512044975837,0.09880045983560691,0.38443487375400726,1.0,0,0.0,8.67326261505181,100
observation_step,4.0,speed_profile_correlation,higher,time_reversal,0.7704573814250903,0.6914574942845673,0.8339180161452443,0.2142863977738215,0.1783077973899267,0.24682219466221433,1.0,0,0.0,19.86930575976939,100
observation_step,4.0,velocity_direction_cosine,higher,block_shuffle_16,0.6342524574095372,0.591103252896429,0.6679210891514382,0.004485960231057339,-0.08880963571256816,0.10706317407155774,1.0,0,0.0,16.14028687497087,100
observation_step,4.0,velocity_direction_cosine,higher,circular_shift,0.6342524574095372,0.591103252896429,0.6679210891514382,-0.004731676803023782,-0.11252247621480774,0.07805500224757465,1.0,0,0.0,16.739879287588,100
observation_step,4.0,velocity_direction_cosine,higher,condition_shuffle,0.6342524574095372,0.591103252896429,0.6679210891514382,-0.00757005274067932,-0.0759011442152145,0.07261356955618402,1.0,0,0.0,19.990193099766515,100
observation_step,4.0,velocity_direction_cosine,higher,independent_neuron_shift,0.6342524574095372,0.591103252896429,0.6679210891514382,0.0017696221563249046,-0.08118250691115579,0.09334309826012034,1.0,0,0.0,18.174103197304703,100
observation_step,4.0,velocity_direction_cosine,higher,time_reversal,0.6342524574095372,0.591103252896429,0.6679210891514382,0.13170995724233295,0.11108951351304419,0.15540660798480452,1.0,0,0.0,30.448597235329842,100
observation_step,4.0,zero_lag_correlation,higher,block_shuffle_16,0.86058556952123,0.822973575160715,0.8880087018687853,0.28035805847711887,0.1772284096668432,0.39685071984621334,1.0,0,0.0,12.859146739565208,100
observation_step,4.0,zero_lag_correlation,higher,circular_shift,0.86058556952123,0.822973575160715,0.8880087018687853,0.1850824621864201,0.08295201304252856,0.2726646148714667,1.0,0,0.0,19.065189182780355,100
observation_step,4.0,zero_lag_correlation,higher,condition_shuffle,0.86058556952123,0.822973575160715,0.8880087018687853,-0.015004417658642825,-0.09243856402151543,0.10731955810024052,1.0,0,0.0,21.313700401230466,100
observation_step,4.0,zero_lag_correlation,higher,independent_neuron_shift,0.86058556952123,0.822973575160715,0.8880087018687853,0.41788468377163057,0.34922248231847947,0.4904385464447152,1.0,0,0.0,16.01222931061479,100
observation_step,4.0,zero_lag_correlation,higher,time_reversal,0.86058556952123,0.822973575160715,0.8880087018687853,0.3038175945553384,0.2828260732275474,0.32139087700374536,1.0,0,0.0,40.56272547494744,100
observation_step,1.0,acceleration_direction_cosine,higher,block_shuffle_16,0.44598743808484764,0.410392551433629,0.4848668526261976,0.010787505472416765,-0.05554082014364432,0.10388526235446167,1.0,0,0.0,12.663828249150335,100
observation_step,1.0,acceleration_direction_cosine,higher,circular_shift,0.44598743808484764,0.410392551433629,0.4848668526261976,-0.0024492928267230932,-0.07690449866981855,0.0656742035808824,1.0,0,0.0,14.964544571697909,100
observation_step,1.0,acceleration_direction_cosine,higher,condition_shuffle,0.44598743808484764,0.410392551433629,0.4848668526261976,-0.010565210967134964,-0.06558735013934715,0.048302270088787125,1.0,0,0.0,16.994231506835224,100
observation_step,1.0,acceleration_direction_cosine,higher,independent_neuron_shift,0.44598743808484764,0.410392551433629,0.4848668526261976,-0.0036301775315431745,-0.07101024410448087,0.06769872518068966,1.0,0,0.0,14.920623485822937,100
observation_step,1.0,acceleration_direction_cosine,higher,time_reversal,0.44598743808484764,0.410392551433629,0.4848668526261976,0.06381067915204847,0.0322234219441817,0.10099474548114204,1.0,0,0.0,19.409479696560144,100
observation_step,1.0,best_lag_correlation,higher,block_shuffle_16,0.8479563904634051,0.8104799648211163,0.8747759684830464,0.2987801628829402,0.1956898007010292,0.41633332047879656,1.0,0,0.0,12.660779343813525,100
observation_step,1.0,best_lag_correlation,higher,circular_shift,0.8479563904634051,0.8104799648211163,0.8747759684830464,0.21060317913398624,0.13341853086207858,0.2877322028429025,1.0,0,0.0,18.75504489035365,100
observation_step,1.0,best_lag_correlation,higher,condition_shuffle,0.8479563904634051,0.8104799648211163,0.8747759684830464,-0.007003516061017681,-0.07684550132200312,0.09450774784957792,1.0,0,0.0,23.82179638803987,100
observation_step,1.0,best_lag_correlation,higher,independent_neuron_shift,0.8479563904634051,0.8104799648211163,0.8747759684830464,0.4066427254976407,0.35736532675038557,0.48142020197514757,1.0,0,0.0,16.953250572758563,100
observation_step,1.0,best_lag_correlation,higher,time_reversal,0.8479563904634051,0.8104799648211163,0.8747759684830464,0.2880386824131235,0.26749940756178914,0.30601370598352623,1.0,0,0.0,40.44830810356924,100
observation_step,1.0,normalized_position_rmse,lower,block_shuffle_16,0.5670297908654232,0.49719353376115627,0.6487597248264112,1.2249501873129383,1.1051432143491289,1.3420527790682988,1.0,0,0.0,11.884925959169465,100
observation_step,1.0,normalized_position_rmse,lower,circular_shift,0.5670297908654232,0.49719353376115627,0.6487597248264112,1.3156799294695136,1.1998131079656078,1.4276865304631954,1.0,0,0.0,13.927572964640326,100
observation_step,1.0,normalized_position_rmse,lower,condition_shuffle,0.5670297908654232,0.49719353376115627,0.6487597248264112,1.4546891029521667,1.3224350421149804,1.596031506357532,1.0,0,0.0,14.761285708610236,100
observation_step,1.0,normalized_position_rmse,lower,independent_neuron_shift,0.5670297908654232,0.49719353376115627,0.6487597248264112,0.9768696870944935,0.9173185415078406,1.0308587625865575,1.0,0,0.0,11.238367832721012,100
observation_step,1.0,normalized_position_rmse,lower,time_reversal,0.5670297908654232,0.49719353376115627,0.6487597248264112,1.2144549662437814,1.1282236636356362,1.3072333612184386,1.0,0,0.0,13.841447578765571,100
observation_step,1.0,path_length_similarity,higher,block_shuffle_16,0.944335391043939,0.8724197244967706,0.9954725103172536,0.815562182755507,0.7132597714398241,0.958587415799919,0.94,6,0.06,2.420167065523791,100
observation_step,1.0,path_length_similarity,higher,circular_shift,0.944335391043939,0.8724197244967706,0.9954725103172536,0.9399713125208237,0.8551940797102825,0.9983842233426062,0.64,36,0.36,0.1059855017902712,100
observation_step,1.0,path_length_similarity,higher,condition_shuffle,0.944335391043939,0.8724197244967706,0.9954725103172536,0.8576054241750657,0.7376383205648924,0.9864965842435062,0.84,16,0.16,1.490020859375223,100
observation_step,1.0,path_length_similarity,higher,independent_neuron_shift,0.944335391043939,0.8724197244967706,0.9954725103172536,0.6515015681824585,0.5774100546394874,0.7381327314815351,1.0,0,0.0,6.802439821697499,100
observation_step,1.0,path_length_similarity,higher,time_reversal,0.944335391043939,0.8724197244967706,0.9954725103172536,0.9443353910438834,0.8724197244962872,0.9954725103182094,0.56,44,0.44,1.4135998070093747e-12,100
observation_step,1.0,position_correlation,higher,block_shuffle_16,0.8448730034079823,0.8068800621817755,0.8726036861462501,0.22967806363237467,0.13250935172694514,0.33859711216706306,1.0,0,0.0,13.686310830995572,100
observation_step,1.0,position_correlation,higher,circular_shift,0.8448730034079823,0.8068800621817755,0.8726036861462501,0.1431067279986321,0.04550976915878849,0.2328064483346163,1.0,0,0.0,19.8315867880391,100
observation_step,1.0,position_correlation,higher,condition_shuffle,0.8448730034079823,0.8068800621817755,0.8726036861462501,-0.04538166684256159,-0.12101582006670195,0.07305105689279145,1.0,0,0.0,22.389889663346533,100
observation_step,1.0,position_correlation,higher,independent_neuron_shift,0.8448730034079823,0.8068800621817755,0.8726036861462501,0.3579320155621724,0.2926075284183334,0.4298066104008671,1.0,0,0.0,17.45438938952922,100
observation_step,1.0,position_correlation,higher,time_reversal,0.8448730034079823,0.8068800621817755,0.8726036861462501,0.27315133275260195,0.25228377129717305,0.2897242436455979,1.0,0,0.0,40.78133183103539,100
observation_step,1.0,position_cosine,higher,block_shuffle_16,0.8085583085214538,0.7839003204874361,0.8346127121702417,0.28129314696874874,0.18049601605558552,0.38353086886992016,1.0,0,0.0,13.380213547204985,100
observation_step,1.0,position_cosine,higher,circular_shift,0.8085583085214538,0.7839003204874361,0.8346127121702417,0.19310466394967146,0.10236190039944648,0.27883729888380726,1.0,0,0.0,17.86410776559128,100
observation_step,1.0,position_cosine,higher,condition_shuffle,0.8085583085214538,0.7839003204874361,0.8346127121702417,-0.05365951564216859,-0.14601566553861292,0.06406079587296162,1.0,0,0.0,21.309800298885314,100
observation_step,1.0,position_cosine,higher,independent_neuron_shift,0.8085583085214538,0.7839003204874361,0.8346127121702417,0.3736050530545938,0.29822040562739416,0.44091888239528815,1.0,0,0.0,18.010496921862757,100
observation_step,1.0,position_cosine,higher,time_reversal,0.8085583085214538,0.7839003204874361,0.8346127121702417,0.31107078946953526,0.2908162464794099,0.33335156259084464,1.0,0,0.0,38.93104931652881,100
observation_step,1.0,speed_profile_correlation,higher,block_shuffle_16,0.7508289864328495,0.6869537843940324,0.8060666704311233,0.21479713385526936,0.08023672869935963,0.3393841208832969,1.0,0,0.0,10.214238833042161,100
observation_step,1.0,speed_profile_correlation,higher,circular_shift,0.7508289864328495,0.6869537843940324,0.8060666704311233,0.15686247708439416,0.056247511160456065,0.2929802813210338,1.0,0,0.0,12.22462087339062,100
observation_step,1.0,speed_profile_correlation,higher,condition_shuffle,0.7508289864328495,0.6869537843940324,0.8060666704311233,-0.06092087367137521,-0.2218830955557963,0.12769579201773024,1.0,0,0.0,11.544946306633891,100
observation_step,1.0,speed_profile_correlation,higher,independent_neuron_shift,0.7508289864328495,0.6869537843940324,0.8060666704311233,0.2131971930081301,0.09049413637069767,0.31682061956210117,1.0,0,0.0,10.551247013888778,100
observation_step,1.0,speed_profile_correlation,higher,time_reversal,0.7508289864328495,0.6869537843940324,0.8060666704311233,0.19560858206447385,0.16840210489440208,0.22490654885029016,1.0,0,0.0,22.593545915083435,100
observation_step,1.0,velocity_direction_cosine,higher,block_shuffle_16,0.5364610230834911,0.501094729226648,0.5696906199746248,0.0038942407542566166,-0.06786691582984329,0.0968581988835425,1.0,0,0.0,15.755828568770482,100
observation_step,1.0,velocity_direction_cosine,higher,circular_shift,0.5364610230834911,0.501094729226648,0.5696906199746248,-0.007068476328448144,-0.09127543852949133,0.06022113864029842,1.0,0,0.0,18.51783216445455,100
observation_step,1.0,velocity_direction_cosine,higher,condition_shuffle,0.5364610230834911,0.501094729226648,0.5696906199746248,-0.0022924296811242502,-0.04974897550753071,0.04934202943030996,1.0,0,0.0,21.55262129746452,100
observation_step,1.0,velocity_direction_cosine,higher,independent_neuron_shift,0.5364610230834911,0.501094729226648,0.5696906199746248,-0.0028165495161693306,-0.07329108413504,0.06311132510149718,1.0,0,0.0,19.006458360593705,100
observation_step,1.0,velocity_direction_cosine,higher,time_reversal,0.5364610230834911,0.501094729226648,0.5696906199746248,0.09529379902888117,0.07607698664949164,0.11976248675921142,1.0,0,0.0,28.154849270316024,100
observation_step,1.0,zero_lag_correlation,higher,block_shuffle_16,0.8479517362284749,0.8104799648211163,0.8747759684830464,0.24409057727675795,0.1483447594647604,0.35012434078423205,1.0,0,0.0,13.676056886517397,100
observation_step,1.0,zero_lag_correlation,higher,circular_shift,0.8479517362284749,0.8104799648211163,0.8747759684830464,0.15855345058229273,0.06229360611761757,0.24723278544818086,1.0,0,0.0,19.87764072071123,100
observation_step,1.0,zero_lag_correlation,higher,condition_shuffle,0.8479517362284749,0.8104799648211163,0.8747759684830464,-0.0266652076595208,-0.1026838179646916,0.08944019689157429,1.0,0,0.0,22.366871673797185,100
observation_step,1.0,zero_lag_correlation,higher,independent_neuron_shift,0.8479517362284749,0.8104799648211163,0.8747759684830464,0.37501069509678864,0.3108865496273112,0.4449054440973464,1.0,0,0.0,17.402707325329075,100
observation_step,1.0,zero_lag_correlation,higher,time_reversal,0.8479517362284749,0.8104799648211163,0.8747759684830464,0.2862713675030875,0.266004880488798,0.3045527852538176,1.0,0,0.0,40.60294042428553,100
