split,metric,value
0,position_correlation,0.8948951789801054
0,position_cosine,0.871597164209799
0,normalized_position_rmse,0.45351265283469483
0,velocity_direction_cosine,0.6837444741482641
0,speed_profile_correlation,0.8015788225816951
0,path_length_similarity,0.9705081528819344
0,acceleration_direction_cosine,0.6186540263775471
0,zero_lag_correlation,0.8970866750375935
0,best_lag_correlation,0.8970866750375935
1,position_correlation,0.8636316924923944
1,position_cosine,0.8485716136689894
1,normalized_position_rmse,0.5274236915114716
1,velocity_direction_cosine,0.6828557730652889
1,speed_profile_correlation,0.7890414718276192
1,path_length_similarity,0.996446978729428
1,acceleration_direction_cosine,0.6455707252688339
1,zero_lag_correlation,0.8660707484065222
1,best_lag_correlation,0.8660707484065222
2,position_correlation,0.8652596184706768
2,position_cosine,0.8569457494120629
2,normalized_position_rmse,0.5168894983205664
2,velocity_direction_cosine,0.6648081357166813
2,speed_profile_correlation,0.7473557621393171
2,path_length_similarity,0.981009997816475
2,acceleration_direction_cosine,0.619538948900865
2,zero_lag_correlation,0.8676436194764499
2,best_lag_correlation,0.8676436194764499
3,position_correlation,0.8258720691888638
3,position_cosine,0.816801962660449
3,normalized_position_rmse,0.5888896191448375
3,velocity_direction_cosine,0.6555554464977015
3,speed_profile_correlation,0.7265109404583988
3,path_length_similarity,0.9490456551412566
3,acceleration_direction_cosine,0.625066632906213
3,zero_lag_correlation,0.8293721207840847
3,best_lag_correlation,0.8293721207840847
4,position_correlation,0.8688990009371266
4,position_cosine,0.8545808317748309
4,normalized_position_rmse,0.5433055912354741
4,velocity_direction_cosine,0.6547625065233174
4,speed_profile_correlation,0.7381635586674234
4,path_length_similarity,0.9324606974892925
4,acceleration_direction_cosine,0.6168002339771225
4,zero_lag_correlation,0.8709410253523289
4,best_lag_correlation,0.8709410253523289
5,position_correlation,0.8390713576003889
5,position_cosine,0.8237021287003709
5,normalized_position_rmse,0.6615437733087748
5,velocity_direction_cosine,0.6489505392503058
5,speed_profile_correlation,0.780433034300547
5,path_length_similarity,0.898857305894022
5,acceleration_direction_cosine,0.6140039771568676
5,zero_lag_correlation,0.8432175062095069
5,best_lag_correlation,0.8432175062095069
6,position_correlation,0.8344136404490434
6,position_cosine,0.8372211885090167
6,normalized_position_rmse,0.5523370227158628
6,velocity_direction_cosine,0.6620169063030095
6,speed_profile_correlation,0.7172687865431099
6,path_length_similarity,0.8914012893801568
6,acceleration_direction_cosine,0.617209774488806
6,zero_lag_correlation,0.8385787696328537
6,best_lag_correlation,0.8385787696328537
7,position_correlation,0.8250742255041535
7,position_cosine,0.8369944248047377
7,normalized_position_rmse,0.5978364995112097
7,velocity_direction_cosine,0.6431472809659864
7,speed_profile_correlation,0.6608640332602645
7,path_length_similarity,0.9886939003039363
7,acceleration_direction_cosine,0.6129412101652295
7,zero_lag_correlation,0.8279724213455282
7,best_lag_correlation,0.8279724213455282
8,position_correlation,0.8544090075980889
8,position_cosine,0.8315234029850305
8,normalized_position_rmse,0.5265994925293792
8,velocity_direction_cosine,0.6368928520500838
8,speed_profile_correlation,0.717788644535599
8,path_length_similarity,0.98157799903338
8,acceleration_direction_cosine,0.5917010121647504
8,zero_lag_correlation,0.8574001138004986
8,best_lag_correlation,0.8574001138004986
9,position_correlation,0.8431208716249381
9,position_cosine,0.8323578469178263
9,normalized_position_rmse,0.5674579891003573
9,velocity_direction_cosine,0.6780629055457377
9,speed_profile_correlation,0.722616515985861
9,path_length_similarity,0.9665631462650185
9,acceleration_direction_cosine,0.6301271397715614
9,zero_lag_correlation,0.8453966038127965
9,best_lag_correlation,0.8453966038127965
10,position_correlation,0.8596922977739718
10,position_cosine,0.8397463207563539
10,normalized_position_rmse,0.5186940831217055
10,velocity_direction_cosine,0.6757678702170193
10,speed_profile_correlation,0.7544908333609364
10,path_length_similarity,0.9732951567294862
10,acceleration_direction_cosine,0.6423033813125951
10,zero_lag_correlation,0.8620353454477279
10,best_lag_correlation,0.8620353454477279
11,position_correlation,0.845660774950048
11,position_cosine,0.8317170709980408
11,normalized_position_rmse,0.5395532913974939
11,velocity_direction_cosine,0.6694822765324984
11,speed_profile_correlation,0.762386651598117
11,path_length_similarity,0.9046675048275318
11,acceleration_direction_cosine,0.63182503209045
11,zero_lag_correlation,0.8488892878358829
11,best_lag_correlation,0.8488892878358829
12,position_correlation,0.8561093002071102
12,position_cosine,0.8539336823578594
12,normalized_position_rmse,0.5450841926263845
12,velocity_direction_cosine,0.6604625524749675
12,speed_profile_correlation,0.7086121217881217
12,path_length_similarity,0.9731936089963446
12,acceleration_direction_cosine,0.5931540183708057
12,zero_lag_correlation,0.8591006271999164
12,best_lag_correlation,0.8591006271999164
13,position_correlation,0.8301934917278275
13,position_cosine,0.835246515141629
13,normalized_position_rmse,0.5900382171441204
13,velocity_direction_cosine,0.6647262956888569
13,speed_profile_correlation,0.7091639193562892
13,path_length_similarity,0.963383836187115
13,acceleration_direction_cosine,0.5998293973883011
13,zero_lag_correlation,0.8331250065487785
13,best_lag_correlation,0.8342450497263508
14,position_correlation,0.865822656318548
14,position_cosine,0.8481350807302297
14,normalized_position_rmse,0.5144440743579273
14,velocity_direction_cosine,0.6723980266896238
14,speed_profile_correlation,0.7523013222558419
14,path_length_similarity,0.9724365128627603
14,acceleration_direction_cosine,0.6280992295195262
14,zero_lag_correlation,0.8678871492955273
14,best_lag_correlation,0.8678871492955273
15,position_correlation,0.8625358941393045
15,position_cosine,0.8380407371518611
15,normalized_position_rmse,0.5221599141948645
15,velocity_direction_cosine,0.6673686943979674
15,speed_profile_correlation,0.7809265748086316
15,path_length_similarity,0.9638983137859233
15,acceleration_direction_cosine,0.6230045078020475
15,zero_lag_correlation,0.8647820199758172
15,best_lag_correlation,0.8651438334371158
16,position_correlation,0.8546854501249681
16,position_cosine,0.8440511996625325
16,normalized_position_rmse,0.5274661244514294
16,velocity_direction_cosine,0.6676004986461161
16,speed_profile_correlation,0.7134938455506913
16,path_length_similarity,0.9502441723736861
16,acceleration_direction_cosine,0.5915828223720625
16,zero_lag_correlation,0.8580803480464594
16,best_lag_correlation,0.8580803480464594
17,position_correlation,0.8603385022444205
17,position_cosine,0.8300787523321588
17,normalized_position_rmse,0.5242232957780782
17,velocity_direction_cosine,0.6752605454090123
17,speed_profile_correlation,0.7409051792388969
17,path_length_similarity,0.9685990022440419
17,acceleration_direction_cosine,0.616651722770398
17,zero_lag_correlation,0.8627702771441359
17,best_lag_correlation,0.8627702771441359
18,position_correlation,0.8362610360550222
18,position_cosine,0.8211086560507417
18,normalized_position_rmse,0.5955374866889244
18,velocity_direction_cosine,0.6537810816610891
18,speed_profile_correlation,0.7138457146805304
18,path_length_similarity,0.9916715071484742
18,acceleration_direction_cosine,0.6159515828707126
18,zero_lag_correlation,0.8389882109464535
18,best_lag_correlation,0.8389882109464535
19,position_correlation,0.8552503254073107
19,position_cosine,0.8396608617107104
19,normalized_position_rmse,0.528413720983565
19,velocity_direction_cosine,0.6508143943717033
19,speed_profile_correlation,0.7481843987805944
19,path_length_similarity,0.9855699667309142
19,acceleration_direction_cosine,0.6179655919115746
19,zero_lag_correlation,0.8584563525224953
19,best_lag_correlation,0.8584563525224953
20,position_correlation,0.8685729046661941
20,position_cosine,0.8528795190653744
20,normalized_position_rmse,0.5820194510794678
20,velocity_direction_cosine,0.6669249221096211
20,speed_profile_correlation,0.7711310529778145
20,path_length_similarity,0.8222341297123106
20,acceleration_direction_cosine,0.6117608002679265
20,zero_lag_correlation,0.8728380652780852
20,best_lag_correlation,0.8728380652780852
21,position_correlation,0.8901848517443667
21,position_cosine,0.8681338722894115
21,normalized_position_rmse,0.4956970860156751
21,velocity_direction_cosine,0.6560199279696833
21,speed_profile_correlation,0.7939192450541925
21,path_length_similarity,0.9336166885909042
21,acceleration_direction_cosine,0.6078072641979194
21,zero_lag_correlation,0.89178672554176
21,best_lag_correlation,0.89178672554176
22,position_correlation,0.8617452810307679
22,position_cosine,0.8461226951315366
22,normalized_position_rmse,0.5418910773098106
22,velocity_direction_cosine,0.6675262522905697
22,speed_profile_correlation,0.7553407417075891
22,path_length_similarity,0.8908174667228254
22,acceleration_direction_cosine,0.6232512540464584
22,zero_lag_correlation,0.86463493952933
22,best_lag_correlation,0.86463493952933
23,position_correlation,0.8286055029374988
23,position_cosine,0.816579561444078
23,normalized_position_rmse,0.589029262346093
23,velocity_direction_cosine,0.6994507524157115
23,speed_profile_correlation,0.7232317114293548
23,path_length_similarity,0.9448585760311394
23,acceleration_direction_cosine,0.6484251490071234
23,zero_lag_correlation,0.8319745899393034
23,best_lag_correlation,0.8323743894398565
24,position_correlation,0.8655906055661098
24,position_cosine,0.8660782283679861
24,normalized_position_rmse,0.5022507550140772
24,velocity_direction_cosine,0.6791005995475031
24,speed_profile_correlation,0.7401519873622283
24,path_length_similarity,0.9726878177384407
24,acceleration_direction_cosine,0.6303978019496974
24,zero_lag_correlation,0.8681905130724602
24,best_lag_correlation,0.8681905130724602
25,position_correlation,0.8677370734317202
25,position_cosine,0.865435516247123
25,normalized_position_rmse,0.5076780368971271
25,velocity_direction_cosine,0.6594550943806213
25,speed_profile_correlation,0.7538060094963406
25,path_length_similarity,0.9207831874344815
25,acceleration_direction_cosine,0.599943120173042
25,zero_lag_correlation,0.8705113989447602
25,best_lag_correlation,0.8705113989447602
26,position_correlation,0.8516035190653657
26,position_cosine,0.8458448708385256
26,normalized_position_rmse,0.544362356584303
26,velocity_direction_cosine,0.6351419469631298
26,speed_profile_correlation,0.6904788846997993
26,path_length_similarity,0.9736422339908974
26,acceleration_direction_cosine,0.5791310614391167
26,zero_lag_correlation,0.8539904942146073
26,best_lag_correlation,0.8539904942146073
27,position_correlation,0.8699603952341273
27,position_cosine,0.8434065311873905
27,normalized_position_rmse,0.5037548564887091
27,velocity_direction_cosine,0.6751391152557312
27,speed_profile_correlation,0.7389177792175229
27,path_length_similarity,0.9924732424907532
27,acceleration_direction_cosine,0.6193904138769616
27,zero_lag_correlation,0.8721081781664967
27,best_lag_correlation,0.8721081781664967
28,position_correlation,0.8471045542433906
28,position_cosine,0.837499598114108
28,normalized_position_rmse,0.582619989718959
28,velocity_direction_cosine,0.6351152539139642
28,speed_profile_correlation,0.7604148076897275
28,path_length_similarity,0.970118794281906
28,acceleration_direction_cosine,0.5962585253810027
28,zero_lag_correlation,0.8498579145376988
28,best_lag_correlation,0.8514866622793217
29,position_correlation,0.8555325760889455
29,position_cosine,0.8400828677746643
29,normalized_position_rmse,0.5378212471648484
29,velocity_direction_cosine,0.6819672377036547
29,speed_profile_correlation,0.7519914965996234
29,path_length_similarity,0.8449520001882417
29,acceleration_direction_cosine,0.6410197256306363
29,zero_lag_correlation,0.8578707203707485
29,best_lag_correlation,0.8578707203707485
30,position_correlation,0.8517108458980311
30,position_cosine,0.8319561112351546
30,normalized_position_rmse,0.5438282001931359
30,velocity_direction_cosine,0.6653378335853879
30,speed_profile_correlation,0.7122416359983211
30,path_length_similarity,0.9285468629432333
30,acceleration_direction_cosine,0.5958129527022343
30,zero_lag_correlation,0.8545098259940085
30,best_lag_correlation,0.8545098259940085
31,position_correlation,0.8724272419615959
31,position_cosine,0.8798931546586954
31,normalized_position_rmse,0.5086295492680971
31,velocity_direction_cosine,0.6743720209314285
31,speed_profile_correlation,0.749493331024885
31,path_length_similarity,0.9880952604316472
31,acceleration_direction_cosine,0.622990859226774
31,zero_lag_correlation,0.8746243301804701
31,best_lag_correlation,0.8746243301804701
32,position_correlation,0.8658200734204163
32,position_cosine,0.8554778053101739
32,normalized_position_rmse,0.5275001384905236
32,velocity_direction_cosine,0.6621296138203043
32,speed_profile_correlation,0.798829337990906
32,path_length_similarity,0.9310871792866123
32,acceleration_direction_cosine,0.6129820224734193
32,zero_lag_correlation,0.8680511195530747
32,best_lag_correlation,0.8680511195530747
33,position_correlation,0.8334617459739297
33,position_cosine,0.8261805578522216
33,normalized_position_rmse,0.5618632710592227
33,velocity_direction_cosine,0.6581364994234385
33,speed_profile_correlation,0.7396303890659575
33,path_length_similarity,0.9042661328694584
33,acceleration_direction_cosine,0.6232274018793901
33,zero_lag_correlation,0.8375633026839195
33,best_lag_correlation,0.8375633026839195
34,position_correlation,0.8196012578882945
34,position_cosine,0.8278976017865544
34,normalized_position_rmse,0.5924878307975249
34,velocity_direction_cosine,0.6712841218202815
34,speed_profile_correlation,0.7248996028247403
34,path_length_similarity,0.9495883802283666
34,acceleration_direction_cosine,0.613849098473912
34,zero_lag_correlation,0.8226291145850979
34,best_lag_correlation,0.8226291145850979
35,position_correlation,0.842450629055792
35,position_cosine,0.8425327834810317
35,normalized_position_rmse,0.5890512243971177
35,velocity_direction_cosine,0.6616266230936195
35,speed_profile_correlation,0.7000706634742202
35,path_length_similarity,0.9801893639488963
35,acceleration_direction_cosine,0.6172830263454789
35,zero_lag_correlation,0.8462079709959756
35,best_lag_correlation,0.8462079709959756
36,position_correlation,0.8394949879256127
36,position_cosine,0.8286832753649425
36,normalized_position_rmse,0.5888702357462142
36,velocity_direction_cosine,0.6380138913054306
36,speed_profile_correlation,0.7188791137438632
36,path_length_similarity,0.9198061793185872
36,acceleration_direction_cosine,0.6058236289677845
36,zero_lag_correlation,0.8426993938076314
36,best_lag_correlation,0.8426993938076314
37,position_correlation,0.875267369166382
37,position_cosine,0.8516541826266357
37,normalized_position_rmse,0.5567599109845912
37,velocity_direction_cosine,0.6615020003739485
37,speed_profile_correlation,0.7601421870810916
37,path_length_similarity,0.8775164162524491
37,acceleration_direction_cosine,0.6184734800093602
37,zero_lag_correlation,0.8780788460596625
37,best_lag_correlation,0.8780788460596625
38,position_correlation,0.8713641974269604
38,position_cosine,0.8450832302451821
38,normalized_position_rmse,0.4949538338576819
38,velocity_direction_cosine,0.656626596140801
38,speed_profile_correlation,0.7960427415821916
38,path_length_similarity,0.8735613289329113
38,acceleration_direction_cosine,0.5916341669771219
38,zero_lag_correlation,0.8757129079085398
38,best_lag_correlation,0.8757129079085398
39,position_correlation,0.8550022473114791
39,position_cosine,0.8419032472397214
39,normalized_position_rmse,0.5569545128130382
39,velocity_direction_cosine,0.6984302000339832
39,speed_profile_correlation,0.7701533945397053
39,path_length_similarity,0.9600345668893084
39,acceleration_direction_cosine,0.6629444494910041
39,zero_lag_correlation,0.8579558427280386
39,best_lag_correlation,0.8579558427280386
40,position_correlation,0.8483837350795969
40,position_cosine,0.8428768257855556
40,normalized_position_rmse,0.5650692732024101
40,velocity_direction_cosine,0.6615561829468553
40,speed_profile_correlation,0.7378577309158408
40,path_length_similarity,0.9915548662387311
40,acceleration_direction_cosine,0.6271849271065594
40,zero_lag_correlation,0.850824859685277
40,best_lag_correlation,0.850824859685277
41,position_correlation,0.8533547556362595
41,position_cosine,0.8360091777462897
41,normalized_position_rmse,0.5783408019653258
41,velocity_direction_cosine,0.6913540344407132
41,speed_profile_correlation,0.7700637397900754
41,path_length_similarity,0.9356133956886655
41,acceleration_direction_cosine,0.6426204823218803
41,zero_lag_correlation,0.8560783222339909
41,best_lag_correlation,0.8560783222339909
42,position_correlation,0.8457274835794909
42,position_cosine,0.8260763893310723
42,normalized_position_rmse,0.5960056495281578
42,velocity_direction_cosine,0.6271682453179512
42,speed_profile_correlation,0.724603740495689
42,path_length_similarity,0.9022961191528609
42,acceleration_direction_cosine,0.5819816289270916
42,zero_lag_correlation,0.8492454080254406
42,best_lag_correlation,0.8492454080254406
43,position_correlation,0.8654940082903231
43,position_cosine,0.8659152035131737
43,normalized_position_rmse,0.5249984920474697
43,velocity_direction_cosine,0.6655743336693319
43,speed_profile_correlation,0.7402582046520653
43,path_length_similarity,0.9440528731579161
43,acceleration_direction_cosine,0.604013597977478
43,zero_lag_correlation,0.8679421093652329
43,best_lag_correlation,0.8679421093652329
44,position_correlation,0.876675734253806
44,position_cosine,0.8500713447030053
44,normalized_position_rmse,0.5249126000315478
44,velocity_direction_cosine,0.6724634713545291
44,speed_profile_correlation,0.7704744448602602
44,path_length_similarity,0.9752126251633834
44,acceleration_direction_cosine,0.6051993279836823
44,zero_lag_correlation,0.8795477745482345
44,best_lag_correlation,0.8795477745482345
45,position_correlation,0.85988298518391
45,position_cosine,0.840535491712147
45,normalized_position_rmse,0.5899425318880831
45,velocity_direction_cosine,0.674330022076929
45,speed_profile_correlation,0.7593341495408814
45,path_length_similarity,0.8830487644860885
45,acceleration_direction_cosine,0.6280548753698856
45,zero_lag_correlation,0.8643450125902679
45,best_lag_correlation,0.8643450125902679
46,position_correlation,0.8591373027332005
46,position_cosine,0.8372976466265074
46,normalized_position_rmse,0.530359454205843
46,velocity_direction_cosine,0.6394786971503381
46,speed_profile_correlation,0.7297153861242234
46,path_length_similarity,0.86633650063307
46,acceleration_direction_cosine,0.5833155165294535
46,zero_lag_correlation,0.862989412942446
46,best_lag_correlation,0.862989412942446
47,position_correlation,0.8330414212246668
47,position_cosine,0.8510607490590688
47,normalized_position_rmse,0.5863475506607736
47,velocity_direction_cosine,0.6545975087619228
47,speed_profile_correlation,0.6651245885512991
47,path_length_similarity,0.9497216232605479
47,acceleration_direction_cosine,0.611631714529914
47,zero_lag_correlation,0.836226653855508
47,best_lag_correlation,0.836226653855508
48,position_correlation,0.8302239558426648
48,position_cosine,0.8326128573331019
48,normalized_position_rmse,0.604139418894729
48,velocity_direction_cosine,0.6641555741304821
48,speed_profile_correlation,0.7015443869914744
48,path_length_similarity,0.918427828842557
48,acceleration_direction_cosine,0.6204150419260416
48,zero_lag_correlation,0.833308367291173
48,best_lag_correlation,0.833308367291173
49,position_correlation,0.860045006142605
49,position_cosine,0.8507607733875703
49,normalized_position_rmse,0.5345758568802157
49,velocity_direction_cosine,0.6175165616273908
49,speed_profile_correlation,0.740223861645584
49,path_length_similarity,0.9920043720969263
49,acceleration_direction_cosine,0.5754915785594891
49,zero_lag_correlation,0.8623458509244833
49,best_lag_correlation,0.8623458509244833
50,position_correlation,0.8338876029952693
50,position_cosine,0.8369471004729166
50,normalized_position_rmse,0.6187053764894366
50,velocity_direction_cosine,0.6517080712345512
50,speed_profile_correlation,0.6990215870620285
50,path_length_similarity,0.9006831705740574
50,acceleration_direction_cosine,0.6003708956826095
50,zero_lag_correlation,0.8369297111020102
50,best_lag_correlation,0.8369297111020102
51,position_correlation,0.8846566820478415
51,position_cosine,0.8782620704171077
51,normalized_position_rmse,0.48478773037287154
51,velocity_direction_cosine,0.6729336048103746
51,speed_profile_correlation,0.7597486878898294
51,path_length_similarity,0.9581919199250949
51,acceleration_direction_cosine,0.6119005899519745
51,zero_lag_correlation,0.8867460872097627
51,best_lag_correlation,0.8867460872097627
52,position_correlation,0.853441644472086
52,position_cosine,0.8405230586155051
52,normalized_position_rmse,0.5527141967268717
52,velocity_direction_cosine,0.648276360750326
52,speed_profile_correlation,0.711347853334496
52,path_length_similarity,0.9195141958545188
52,acceleration_direction_cosine,0.5909094358472685
52,zero_lag_correlation,0.8558627987186882
52,best_lag_correlation,0.8558627987186882
53,position_correlation,0.8500716661181731
53,position_cosine,0.8432536108491517
53,normalized_position_rmse,0.5447222280032462
53,velocity_direction_cosine,0.6635412557877117
53,speed_profile_correlation,0.7254752993334321
53,path_length_similarity,0.9764505991285805
53,acceleration_direction_cosine,0.6135434865740721
53,zero_lag_correlation,0.8525451812826993
53,best_lag_correlation,0.8525451812826993
54,position_correlation,0.8700254533199141
54,position_cosine,0.8723640396917371
54,normalized_position_rmse,0.5173724976603408
54,velocity_direction_cosine,0.6772066583943387
54,speed_profile_correlation,0.7420709411972528
54,path_length_similarity,0.8595185731286119
54,acceleration_direction_cosine,0.6395064274343748
54,zero_lag_correlation,0.8721659632922485
54,best_lag_correlation,0.8721659632922485
55,position_correlation,0.8635664610616981
55,position_cosine,0.8405894436107197
55,normalized_position_rmse,0.5395586617721773
55,velocity_direction_cosine,0.6981236960789624
55,speed_profile_correlation,0.7948024857327209
55,path_length_similarity,0.9693570282194265
55,acceleration_direction_cosine,0.6658861054782564
55,zero_lag_correlation,0.8664876436207405
55,best_lag_correlation,0.8664876436207405
56,position_correlation,0.8598685671964342
56,position_cosine,0.8379146891604872
56,normalized_position_rmse,0.533455680880578
56,velocity_direction_cosine,0.6914381922618297
56,speed_profile_correlation,0.8138972934765575
56,path_length_similarity,0.9366400394213225
56,acceleration_direction_cosine,0.6530260444682385
56,zero_lag_correlation,0.8621972780494056
56,best_lag_correlation,0.8621972780494056
57,position_correlation,0.8685771844624446
57,position_cosine,0.8383307306550201
57,normalized_position_rmse,0.49841997567905566
57,velocity_direction_cosine,0.6633466423710246
57,speed_profile_correlation,0.7586167363606351
57,path_length_similarity,0.9483656273918425
57,acceleration_direction_cosine,0.6202775023958268
57,zero_lag_correlation,0.871156981601211
57,best_lag_correlation,0.871156981601211
58,position_correlation,0.873389313131054
58,position_cosine,0.8719933539080974
58,normalized_position_rmse,0.5080902048790079
58,velocity_direction_cosine,0.7050775299921858
58,speed_profile_correlation,0.7579527564260771
58,path_length_similarity,0.9258755679051985
58,acceleration_direction_cosine,0.6428537887645239
58,zero_lag_correlation,0.8755673553335748
58,best_lag_correlation,0.8755673553335748
59,position_correlation,0.8607931976613986
59,position_cosine,0.8491135312980599
59,normalized_position_rmse,0.5254782106001114
59,velocity_direction_cosine,0.6781135169964593
59,speed_profile_correlation,0.7292007659088992
59,path_length_similarity,0.9226993258104507
59,acceleration_direction_cosine,0.6382127342562887
59,zero_lag_correlation,0.8640949952012192
59,best_lag_correlation,0.8640949952012192
60,position_correlation,0.8432248848244559
60,position_cosine,0.8152358714773144
60,normalized_position_rmse,0.5540225573121266
60,velocity_direction_cosine,0.6162769008717497
60,speed_profile_correlation,0.6905561475476031
60,path_length_similarity,0.9508124468589823
60,acceleration_direction_cosine,0.5633039644035945
60,zero_lag_correlation,0.8462455556151697
60,best_lag_correlation,0.8462455556151697
61,position_correlation,0.8341709419487829
61,position_cosine,0.8451498615745816
61,normalized_position_rmse,0.585854670033391
61,velocity_direction_cosine,0.6504796542955592
61,speed_profile_correlation,0.7117172533306797
61,path_length_similarity,0.9851631137164621
61,acceleration_direction_cosine,0.6018269553106755
61,zero_lag_correlation,0.836954229183562
61,best_lag_correlation,0.836954229183562
62,position_correlation,0.8666797674802322
62,position_cosine,0.8518994811094895
62,normalized_position_rmse,0.5233145075587644
62,velocity_direction_cosine,0.6777901902057146
62,speed_profile_correlation,0.7786694503689155
62,path_length_similarity,0.986290260238305
62,acceleration_direction_cosine,0.6428672925299831
62,zero_lag_correlation,0.8691454988735198
62,best_lag_correlation,0.8691454988735198
63,position_correlation,0.851038247817872
63,position_cosine,0.8515124429955713
63,normalized_position_rmse,0.5858637603884894
63,velocity_direction_cosine,0.6547326926341078
63,speed_profile_correlation,0.7168492945918431
63,path_length_similarity,0.8950188657192668
63,acceleration_direction_cosine,0.6149274438053807
63,zero_lag_correlation,0.8546643018625264
63,best_lag_correlation,0.8550746488394124
64,position_correlation,0.8369716656177077
64,position_cosine,0.8372063076772769
64,normalized_position_rmse,0.5945533010634342
64,velocity_direction_cosine,0.6608602114237307
64,speed_profile_correlation,0.7280543460747239
64,path_length_similarity,0.9664775818584962
64,acceleration_direction_cosine,0.6089967312041886
64,zero_lag_correlation,0.8400961048344175
64,best_lag_correlation,0.8400961048344175
65,position_correlation,0.8488962119539548
65,position_cosine,0.837344676057839
65,normalized_position_rmse,0.5669221323507466
65,velocity_direction_cosine,0.6546799698921335
65,speed_profile_correlation,0.7186595733105752
65,path_length_similarity,0.9585235132611027
65,acceleration_direction_cosine,0.6065747261041873
65,zero_lag_correlation,0.8517320592686468
65,best_lag_correlation,0.853477319405915
66,position_correlation,0.8388061947846649
66,position_cosine,0.8446213727525111
66,normalized_position_rmse,0.5741236281214872
66,velocity_direction_cosine,0.6573193002397881
66,speed_profile_correlation,0.7143901850924905
66,path_length_similarity,0.9700974815788422
66,acceleration_direction_cosine,0.6005072191382762
66,zero_lag_correlation,0.8414851141671005
66,best_lag_correlation,0.8433492524404456
67,position_correlation,0.8491850559125598
67,position_cosine,0.8377706042558354
67,normalized_position_rmse,0.5926742155955323
67,velocity_direction_cosine,0.6521591964283023
67,speed_profile_correlation,0.7445442306460368
67,path_length_similarity,0.8770747237642538
67,acceleration_direction_cosine,0.6022986876484268
67,zero_lag_correlation,0.85197051944951
67,best_lag_correlation,0.85197051944951
68,position_correlation,0.8705574410392269
68,position_cosine,0.8662125512565069
68,normalized_position_rmse,0.5261786051378948
68,velocity_direction_cosine,0.6984730861933596
68,speed_profile_correlation,0.8223237060682278
68,path_length_similarity,0.9930669997371883
68,acceleration_direction_cosine,0.6613178215712946
68,zero_lag_correlation,0.873302159523969
68,best_lag_correlation,0.873302159523969
69,position_correlation,0.8543786313066764
69,position_cosine,0.845612409132348
69,normalized_position_rmse,0.5311374681879569
69,velocity_direction_cosine,0.654223338682445
69,speed_profile_correlation,0.7289953990310247
69,path_length_similarity,0.9416577120059026
69,acceleration_direction_cosine,0.5938559946432832
69,zero_lag_correlation,0.8569003182384161
69,best_lag_correlation,0.8569003182384161
70,position_correlation,0.862929780300308
70,position_cosine,0.8575472099117484
70,normalized_position_rmse,0.5177265820802693
70,velocity_direction_cosine,0.66155946079248
70,speed_profile_correlation,0.7415063906711146
70,path_length_similarity,0.9443625442134392
70,acceleration_direction_cosine,0.6313643388659897
70,zero_lag_correlation,0.8651272937633543
70,best_lag_correlation,0.8651272937633543
71,position_correlation,0.8336893528657453
71,position_cosine,0.8158174210624659
71,normalized_position_rmse,0.590645589862178
71,velocity_direction_cosine,0.6214984456973613
71,speed_profile_correlation,0.687373543503282
71,path_length_similarity,0.9577529902981351
71,acceleration_direction_cosine,0.5956234485320433
71,zero_lag_correlation,0.8368018129738681
71,best_lag_correlation,0.8368018129738681
72,position_correlation,0.8578885749386759
72,position_cosine,0.8420041397824064
72,normalized_position_rmse,0.535919657979815
72,velocity_direction_cosine,0.6372568539724689
72,speed_profile_correlation,0.7502304692541534
72,path_length_similarity,0.9907486502393575
72,acceleration_direction_cosine,0.593431994595477
72,zero_lag_correlation,0.8602836433813599
72,best_lag_correlation,0.8602836433813599
73,position_correlation,0.8567160401868095
73,position_cosine,0.8480916571234194
73,normalized_position_rmse,0.5649071176612454
73,velocity_direction_cosine,0.6755808514868199
73,speed_profile_correlation,0.7287925785030169
73,path_length_similarity,0.9452555648315615
73,acceleration_direction_cosine,0.6294582448625704
73,zero_lag_correlation,0.8598574919360671
73,best_lag_correlation,0.8598574919360671
74,position_correlation,0.8618560898545304
74,position_cosine,0.8422586795950853
74,normalized_position_rmse,0.5393819115011713
74,velocity_direction_cosine,0.7029216201561939
74,speed_profile_correlation,0.7666043207553305
74,path_length_similarity,0.9772821570521296
74,acceleration_direction_cosine,0.6431013567253493
74,zero_lag_correlation,0.864253742134321
74,best_lag_correlation,0.864253742134321
75,position_correlation,0.8115436291262985
75,position_cosine,0.8123708520256692
75,normalized_position_rmse,0.6101500261316339
75,velocity_direction_cosine,0.657818185559443
75,speed_profile_correlation,0.7178770571142414
75,path_length_similarity,0.9260638109200872
75,acceleration_direction_cosine,0.6165919492100757
75,zero_lag_correlation,0.8147994139755379
75,best_lag_correlation,0.8147994139755379
76,position_correlation,0.8467517517293781
76,position_cosine,0.8190337791365788
76,normalized_position_rmse,0.5837795633148094
76,velocity_direction_cosine,0.6891213892761823
76,speed_profile_correlation,0.7607082997398171
76,path_length_similarity,0.9689398229327422
76,acceleration_direction_cosine,0.6493634346336697
76,zero_lag_correlation,0.8496744449364592
76,best_lag_correlation,0.8496744449364592
77,position_correlation,0.8708990271506922
77,position_cosine,0.8713607639188249
77,normalized_position_rmse,0.5029245473253994
77,velocity_direction_cosine,0.6766540259543637
77,speed_profile_correlation,0.7442140906381114
77,path_length_similarity,0.9071152246875898
77,acceleration_direction_cosine,0.6221826320479522
77,zero_lag_correlation,0.8734870082559524
77,best_lag_correlation,0.8734870082559524
78,position_correlation,0.8157853267976023
78,position_cosine,0.8281196526540571
78,normalized_position_rmse,0.5907719713845978
78,velocity_direction_cosine,0.6568248086593041
78,speed_profile_correlation,0.6538773311297699
78,path_length_similarity,0.9656545450451851
78,acceleration_direction_cosine,0.6238188860929146
78,zero_lag_correlation,0.8201367254275507
78,best_lag_correlation,0.8201367254275507
79,position_correlation,0.8382363741197325
79,position_cosine,0.8295920488130596
79,normalized_position_rmse,0.5600665227727147
79,velocity_direction_cosine,0.6616741944487121
79,speed_profile_correlation,0.7097332969086522
79,path_length_similarity,0.8957273622617777
79,acceleration_direction_cosine,0.6274966381457644
79,zero_lag_correlation,0.8426345952956249
79,best_lag_correlation,0.8426345952956249
80,position_correlation,0.8614371180080684
80,position_cosine,0.8406136653958932
80,normalized_position_rmse,0.5229138994656445
80,velocity_direction_cosine,0.6814837023209882
80,speed_profile_correlation,0.7697352051405242
80,path_length_similarity,0.9703776839652615
80,acceleration_direction_cosine,0.6261355241353492
80,zero_lag_correlation,0.8637502805543575
80,best_lag_correlation,0.8637502805543575
81,position_correlation,0.8213408811880994
81,position_cosine,0.8306870366162419
81,normalized_position_rmse,0.5958300498492722
81,velocity_direction_cosine,0.669851967064451
81,speed_profile_correlation,0.7308533472325784
81,path_length_similarity,0.9380067083921492
81,acceleration_direction_cosine,0.6177777846905841
81,zero_lag_correlation,0.8244531069369079
81,best_lag_correlation,0.8244531069369079
82,position_correlation,0.8573621502467903
82,position_cosine,0.8503961113325648
82,normalized_position_rmse,0.5515760311359708
82,velocity_direction_cosine,0.6354683937268754
82,speed_profile_correlation,0.721780902385037
82,path_length_similarity,0.9533476694149562
82,acceleration_direction_cosine,0.5833077274124746
82,zero_lag_correlation,0.859139410750938
82,best_lag_correlation,0.859139410750938
83,position_correlation,0.8787785455132351
83,position_cosine,0.8609480263153709
83,normalized_position_rmse,0.4877520132347842
83,velocity_direction_cosine,0.7006474664932574
83,speed_profile_correlation,0.8104402058901716
83,path_length_similarity,0.8632996720188791
83,acceleration_direction_cosine,0.657318568865507
83,zero_lag_correlation,0.8808728941342578
83,best_lag_correlation,0.8808728941342578
84,position_correlation,0.8506403561452354
84,position_cosine,0.8586022121753136
84,normalized_position_rmse,0.5423503048415773
84,velocity_direction_cosine,0.6602362441137528
84,speed_profile_correlation,0.7610925909757515
84,path_length_similarity,0.918045717472316
84,acceleration_direction_cosine,0.6189740081739659
84,zero_lag_correlation,0.8532370552031938
84,best_lag_correlation,0.8532370552031938
85,position_correlation,0.86395680682976
85,position_cosine,0.8350926810184884
85,normalized_position_rmse,0.5249332682900725
85,velocity_direction_cosine,0.6271797505792636
85,speed_profile_correlation,0.7277229041891301
85,path_length_similarity,0.9612366780695617
85,acceleration_direction_cosine,0.5698957525839048
85,zero_lag_correlation,0.8662859989501637
85,best_lag_correlation,0.8662859989501637
86,position_correlation,0.8600583957568337
86,position_cosine,0.8444692598870039
86,normalized_position_rmse,0.5354151234616087
86,velocity_direction_cosine,0.6850915771368571
86,speed_profile_correlation,0.7769941705384282
86,path_length_similarity,0.9856705256138771
86,acceleration_direction_cosine,0.640747689635911
86,zero_lag_correlation,0.8626866761477179
86,best_lag_correlation,0.8626866761477179
87,position_correlation,0.8510773211405891
87,position_cosine,0.8471384177981585
87,normalized_position_rmse,0.5755755352308597
87,velocity_direction_cosine,0.6288936866400467
87,speed_profile_correlation,0.7056807166197461
87,path_length_similarity,0.9269185032644077
87,acceleration_direction_cosine,0.5893641584315981
87,zero_lag_correlation,0.8541239952673998
87,best_lag_correlation,0.8541239952673998
88,position_correlation,0.8462437681823904
88,position_cosine,0.8466421952559667
88,normalized_position_rmse,0.5408618025417834
88,velocity_direction_cosine,0.6433271608496266
88,speed_profile_correlation,0.7476049882077679
88,path_length_similarity,0.9756412256662763
88,acceleration_direction_cosine,0.6013688561565529
88,zero_lag_correlation,0.848927813421807
88,best_lag_correlation,0.848927813421807
89,position_correlation,0.8646823731826081
89,position_cosine,0.8538443543203442
89,normalized_position_rmse,0.5762878577943692
89,velocity_direction_cosine,0.64943002625849
89,speed_profile_correlation,0.7565813150057444
89,path_length_similarity,0.9197062322279174
89,acceleration_direction_cosine,0.6113908982816268
89,zero_lag_correlation,0.8681406340937473
89,best_lag_correlation,0.8681406340937473
90,position_correlation,0.8292669128354692
90,position_cosine,0.8308203101224396
90,normalized_position_rmse,0.5799486301192175
90,velocity_direction_cosine,0.6993996412824175
90,speed_profile_correlation,0.7589088748930084
90,path_length_similarity,0.938981144892427
90,acceleration_direction_cosine,0.6548916246385322
90,zero_lag_correlation,0.8321873229081139
90,best_lag_correlation,0.8321873229081139
91,position_correlation,0.8681142927342331
91,position_cosine,0.8578944920716658
91,normalized_position_rmse,0.5181920833437047
91,velocity_direction_cosine,0.6759327234819714
91,speed_profile_correlation,0.7603633345513053
91,path_length_similarity,0.9647597817040185
91,acceleration_direction_cosine,0.6290399517183869
91,zero_lag_correlation,0.8702830761219538
91,best_lag_correlation,0.8702830761219538
92,position_correlation,0.817439951358312
92,position_cosine,0.8272590087660424
92,normalized_position_rmse,0.5949513619920475
92,velocity_direction_cosine,0.6643075816667068
92,speed_profile_correlation,0.6898160643599069
92,path_length_similarity,0.9437370445880569
92,acceleration_direction_cosine,0.6233462981648374
92,zero_lag_correlation,0.8205499155608107
92,best_lag_correlation,0.8205499155608107
93,position_correlation,0.8313896381706236
93,position_cosine,0.8227792261696188
93,normalized_position_rmse,0.6265712535806921
93,velocity_direction_cosine,0.6368923554870726
93,speed_profile_correlation,0.6790291353812382
93,path_length_similarity,0.8644219072761666
93,acceleration_direction_cosine,0.5876927657660854
93,zero_lag_correlation,0.8349755341989393
93,best_lag_correlation,0.8349755341989393
94,position_correlation,0.8631419530610822
94,position_cosine,0.8231706255447351
94,normalized_position_rmse,0.5779440820321609
94,velocity_direction_cosine,0.6769825360661282
94,speed_profile_correlation,0.7907266863925907
94,path_length_similarity,0.9865021241585439
94,acceleration_direction_cosine,0.6218877914954478
94,zero_lag_correlation,0.8661382541367928
94,best_lag_correlation,0.8661382541367928
95,position_correlation,0.8588783990489388
95,position_cosine,0.8386902675715681
95,normalized_position_rmse,0.5350163403451815
95,velocity_direction_cosine,0.6772063159934831
95,speed_profile_correlation,0.7668469693577411
95,path_length_similarity,0.9834381278566032
95,acceleration_direction_cosine,0.6305393718972346
95,zero_lag_correlation,0.8610851451119191
95,best_lag_correlation,0.8610851451119191
96,position_correlation,0.8816850626687239
96,position_cosine,0.8488996210613932
96,normalized_position_rmse,0.47612707833872225
96,velocity_direction_cosine,0.6692036221680618
96,speed_profile_correlation,0.7784427110508054
96,path_length_similarity,0.9575018316080828
96,acceleration_direction_cosine,0.6136117756899498
96,zero_lag_correlation,0.8832564457574812
96,best_lag_correlation,0.8832564457574812
97,position_correlation,0.8446142966006116
97,position_cosine,0.8284790126886546
97,normalized_position_rmse,0.6110517004384409
97,velocity_direction_cosine,0.6387551237250528
97,speed_profile_correlation,0.6607426817740455
97,path_length_similarity,0.907908464719746
97,acceleration_direction_cosine,0.5867510693571488
97,zero_lag_correlation,0.847783861523177
97,best_lag_correlation,0.847783861523177
98,position_correlation,0.8470130469594317
98,position_cosine,0.8230053142683532
98,normalized_position_rmse,0.5393280528761697
98,velocity_direction_cosine,0.6287526453961126
98,speed_profile_correlation,0.7280304254422185
98,path_length_similarity,0.8432978814618112
98,acceleration_direction_cosine,0.6144228199880534
98,zero_lag_correlation,0.8505269518769287
98,best_lag_correlation,0.8505269518769287
99,position_correlation,0.8438306547860734
99,position_cosine,0.8314912721683719
99,normalized_position_rmse,0.6106824226514034
99,velocity_direction_cosine,0.6806384092909621
99,speed_profile_correlation,0.7229199708046393
99,path_length_similarity,0.8763577004094172
99,acceleration_direction_cosine,0.6261735134867541
99,zero_lag_correlation,0.8482677689347105
99,best_lag_correlation,0.8482677689347105
100,position_correlation,0.8456404852836645
100,position_cosine,0.8308861590376961
100,normalized_position_rmse,0.5632569333711642
100,velocity_direction_cosine,0.6571332368210469
100,speed_profile_correlation,0.7640983524989515
100,path_length_similarity,0.9979740548693153
100,acceleration_direction_cosine,0.6182871300449007
100,zero_lag_correlation,0.8481422547155973
100,best_lag_correlation,0.8481422547155973
101,position_correlation,0.833186547633149
101,position_cosine,0.8397655213756
101,normalized_position_rmse,0.5666013808202197
101,velocity_direction_cosine,0.6284380898933363
101,speed_profile_correlation,0.6969662820745675
101,path_length_similarity,0.9162431855935639
101,acceleration_direction_cosine,0.5933103047214874
101,zero_lag_correlation,0.8366196978816756
101,best_lag_correlation,0.8366196978816756
102,position_correlation,0.8260099145933475
102,position_cosine,0.8205898802959369
102,normalized_position_rmse,0.585055953707795
102,velocity_direction_cosine,0.6703738623912298
102,speed_profile_correlation,0.7074788597574073
102,path_length_similarity,0.8860648827027906
102,acceleration_direction_cosine,0.6246487146609337
102,zero_lag_correlation,0.829283467922979
102,best_lag_correlation,0.829283467922979
103,position_correlation,0.845265402720912
103,position_cosine,0.846298565026898
103,normalized_position_rmse,0.5407881969381362
103,velocity_direction_cosine,0.6716655458078177
103,speed_profile_correlation,0.7096634277326668
103,path_length_similarity,0.9944396785124411
103,acceleration_direction_cosine,0.6307316046029984
103,zero_lag_correlation,0.8472745576055413
103,best_lag_correlation,0.8472745576055413
104,position_correlation,0.8621577988258278
104,position_cosine,0.8337086164062262
104,normalized_position_rmse,0.5300926138681291
104,velocity_direction_cosine,0.6472676178293147
104,speed_profile_correlation,0.772411611645163
104,path_length_similarity,0.9891305541541792
104,acceleration_direction_cosine,0.5882341830623081
104,zero_lag_correlation,0.8644467103505503
104,best_lag_correlation,0.8644467103505503
105,position_correlation,0.8643114494704043
105,position_cosine,0.8550064405241621
105,normalized_position_rmse,0.5354619467497677
105,velocity_direction_cosine,0.6564098260332034
105,speed_profile_correlation,0.7436342778290568
105,path_length_similarity,0.9217534157649849
105,acceleration_direction_cosine,0.6051308797004549
105,zero_lag_correlation,0.86685100907298
105,best_lag_correlation,0.86685100907298
106,position_correlation,0.853619930343705
106,position_cosine,0.8527583058843984
106,normalized_position_rmse,0.5286139781863252
106,velocity_direction_cosine,0.6569474852229267
106,speed_profile_correlation,0.7393919037197796
106,path_length_similarity,0.9750437392725242
106,acceleration_direction_cosine,0.638933592036426
106,zero_lag_correlation,0.8559223083362985
106,best_lag_correlation,0.8559223083362985
107,position_correlation,0.8526123409232756
107,position_cosine,0.8326822627459245
107,normalized_position_rmse,0.553009014186189
107,velocity_direction_cosine,0.6852244189172052
107,speed_profile_correlation,0.725571878299747
107,path_length_similarity,0.9641699642681049
107,acceleration_direction_cosine,0.6249030739807362
107,zero_lag_correlation,0.8556091589181267
107,best_lag_correlation,0.8556091589181267
108,position_correlation,0.8451127654239995
108,position_cosine,0.8309855653162848
108,normalized_position_rmse,0.5390752168264158
108,velocity_direction_cosine,0.6466463669747063
108,speed_profile_correlation,0.6990752958093113
108,path_length_similarity,0.9595287651295843
108,acceleration_direction_cosine,0.5856479417591925
108,zero_lag_correlation,0.8479204373546613
108,best_lag_correlation,0.8479204373546613
109,position_correlation,0.8767884067884846
109,position_cosine,0.8413815477266127
109,normalized_position_rmse,0.48491456178032905
109,velocity_direction_cosine,0.6781054811913398
109,speed_profile_correlation,0.7758679152219354
109,path_length_similarity,0.9392668140901962
109,acceleration_direction_cosine,0.6196125481895985
109,zero_lag_correlation,0.8792372625019226
109,best_lag_correlation,0.8792372625019226
110,position_correlation,0.8849191299490898
110,position_cosine,0.8647026411308698
110,normalized_position_rmse,0.48226064881032205
110,velocity_direction_cosine,0.6744069883511444
110,speed_profile_correlation,0.7857703303107462
110,path_length_similarity,0.98014146231163
110,acceleration_direction_cosine,0.6342332186613444
110,zero_lag_correlation,0.8872918217203005
110,best_lag_correlation,0.8872918217203005
111,position_correlation,0.8560825039915031
111,position_cosine,0.8495627546071516
111,normalized_position_rmse,0.5314440768887486
111,velocity_direction_cosine,0.6695697009946321
111,speed_profile_correlation,0.7417268838411321
111,path_length_similarity,0.9564098035374364
111,acceleration_direction_cosine,0.6076405040741281
111,zero_lag_correlation,0.859288134570374
111,best_lag_correlation,0.859288134570374
112,position_correlation,0.8851087775748814
112,position_cosine,0.8625273157631015
112,normalized_position_rmse,0.49911810564856723
112,velocity_direction_cosine,0.681576579630533
112,speed_profile_correlation,0.7472008492309813
112,path_length_similarity,0.9492602142061481
112,acceleration_direction_cosine,0.6279735143926819
112,zero_lag_correlation,0.8870011609643269
112,best_lag_correlation,0.8870011609643269
113,position_correlation,0.8678809215532157
113,position_cosine,0.8534318171826459
113,normalized_position_rmse,0.5567826837863846
113,velocity_direction_cosine,0.6584077912024038
113,speed_profile_correlation,0.7693948190357874
113,path_length_similarity,0.9830529901854196
113,acceleration_direction_cosine,0.613839596263746
113,zero_lag_correlation,0.8707737538506422
113,best_lag_correlation,0.8707737538506422
114,position_correlation,0.8625574455623536
114,position_cosine,0.8599740303021329
114,normalized_position_rmse,0.5451190235654778
114,velocity_direction_cosine,0.6721130148026248
114,speed_profile_correlation,0.7181249695190889
114,path_length_similarity,0.9169783896117762
114,acceleration_direction_cosine,0.6183289180944864
114,zero_lag_correlation,0.8651852196855441
114,best_lag_correlation,0.8651852196855441
115,position_correlation,0.881237382006547
115,position_cosine,0.8465972632744138
115,normalized_position_rmse,0.48510285753754984
115,velocity_direction_cosine,0.6830996341391253
115,speed_profile_correlation,0.7620205926222883
115,path_length_similarity,0.8286511083164783
115,acceleration_direction_cosine,0.6145373662870971
115,zero_lag_correlation,0.8849004059267092
115,best_lag_correlation,0.8849004059267092
116,position_correlation,0.8359433092513586
116,position_cosine,0.8525215762840503
116,normalized_position_rmse,0.5889439287143015
116,velocity_direction_cosine,0.6585756065794055
116,speed_profile_correlation,0.6773023212187843
116,path_length_similarity,0.9419597833184163
116,acceleration_direction_cosine,0.6195357350291113
116,zero_lag_correlation,0.8384719569940764
116,best_lag_correlation,0.8384719569940764
117,position_correlation,0.8809725312815732
117,position_cosine,0.8547221467330565
117,normalized_position_rmse,0.48986209428641897
117,velocity_direction_cosine,0.669962698715308
117,speed_profile_correlation,0.7483141696864167
117,path_length_similarity,0.9165412543459376
117,acceleration_direction_cosine,0.6240635380656362
117,zero_lag_correlation,0.8829785783200295
117,best_lag_correlation,0.8829785783200295
118,position_correlation,0.8507597578419593
118,position_cosine,0.844013751320801
118,normalized_position_rmse,0.5453208052209352
118,velocity_direction_cosine,0.6835207426720806
118,speed_profile_correlation,0.7492123483418492
118,path_length_similarity,0.9808711359116783
118,acceleration_direction_cosine,0.6241409175118532
118,zero_lag_correlation,0.8534489199354514
118,best_lag_correlation,0.8548587831767323
119,position_correlation,0.8175423181059434
119,position_cosine,0.8209747672997922
119,normalized_position_rmse,0.599397842875455
119,velocity_direction_cosine,0.6768600875018143
119,speed_profile_correlation,0.7225214980094821
119,path_length_similarity,0.9545272215277464
119,acceleration_direction_cosine,0.6312029978533581
119,zero_lag_correlation,0.8210223327287877
119,best_lag_correlation,0.8210223327287877
120,position_correlation,0.8479444217885573
120,position_cosine,0.8300495927622414
120,normalized_position_rmse,0.5753320091379178
120,velocity_direction_cosine,0.6276729225926146
120,speed_profile_correlation,0.7032041349690633
120,path_length_similarity,0.9833556782748987
120,acceleration_direction_cosine,0.5960387351305589
120,zero_lag_correlation,0.8509512755667039
120,best_lag_correlation,0.8509512755667039
121,position_correlation,0.8721164793357782
121,position_cosine,0.8523604226059945
121,normalized_position_rmse,0.5934821755367484
121,velocity_direction_cosine,0.6555918926937934
121,speed_profile_correlation,0.7498314337717745
121,path_length_similarity,0.8292072187923745
121,acceleration_direction_cosine,0.6171843713494852
121,zero_lag_correlation,0.8748539098977358
121,best_lag_correlation,0.8748539098977358
122,position_correlation,0.8461552190209104
122,position_cosine,0.8365575496274753
122,normalized_position_rmse,0.5638153806083291
122,velocity_direction_cosine,0.6454418688286082
122,speed_profile_correlation,0.6991500364224255
122,path_length_similarity,0.9381053436062178
122,acceleration_direction_cosine,0.6190029249297718
122,zero_lag_correlation,0.8493086978514026
122,best_lag_correlation,0.8493086978514026
123,position_correlation,0.8379843351940124
123,position_cosine,0.852365083406726
123,normalized_position_rmse,0.5637212788595971
123,velocity_direction_cosine,0.6761345797834634
123,speed_profile_correlation,0.766442112219187
123,path_length_similarity,0.9946443378480709
123,acceleration_direction_cosine,0.6443843951293363
123,zero_lag_correlation,0.8406165252914645
123,best_lag_correlation,0.8406165252914645
124,position_correlation,0.8555701799112154
124,position_cosine,0.8361693491882006
124,normalized_position_rmse,0.534953771765133
124,velocity_direction_cosine,0.6195758466973434
124,speed_profile_correlation,0.7391485735254887
124,path_length_similarity,0.9912056591584407
124,acceleration_direction_cosine,0.5652840917967928
124,zero_lag_correlation,0.8578975286403476
124,best_lag_correlation,0.8578975286403476
125,position_correlation,0.8605601229597554
125,position_cosine,0.8460957535739575
125,normalized_position_rmse,0.5460461691291283
125,velocity_direction_cosine,0.6519709222531557
125,speed_profile_correlation,0.7332946213730173
125,path_length_similarity,0.9749306029300161
125,acceleration_direction_cosine,0.6082474097878745
125,zero_lag_correlation,0.8632242188428865
125,best_lag_correlation,0.8632242188428865
126,position_correlation,0.8573069562639606
126,position_cosine,0.826568343968097
126,normalized_position_rmse,0.524556739299999
126,velocity_direction_cosine,0.6620197094553154
126,speed_profile_correlation,0.7668550332295019
126,path_length_similarity,0.9933795769137819
126,acceleration_direction_cosine,0.6038434355094525
126,zero_lag_correlation,0.8594357752796946
126,best_lag_correlation,0.8594357752796946
127,position_correlation,0.8629896400692336
127,position_cosine,0.8571836308063528
127,normalized_position_rmse,0.5224211624228506
127,velocity_direction_cosine,0.6452130603485945
127,speed_profile_correlation,0.738861553289092
127,path_length_similarity,0.9551000973986395
127,acceleration_direction_cosine,0.5833324895763219
127,zero_lag_correlation,0.8655362060196401
127,best_lag_correlation,0.8655362060196401
128,position_correlation,0.8419541494002338
128,position_cosine,0.8424921388054378
128,normalized_position_rmse,0.5669271314631303
128,velocity_direction_cosine,0.6680867075896225
128,speed_profile_correlation,0.7308933708203277
128,path_length_similarity,0.9236794582771335
128,acceleration_direction_cosine,0.593984580986271
128,zero_lag_correlation,0.844519581546612
128,best_lag_correlation,0.844519581546612
129,position_correlation,0.8663273482008794
129,position_cosine,0.8701845514128066
129,normalized_position_rmse,0.5139445530800344
129,velocity_direction_cosine,0.6714596950732417
129,speed_profile_correlation,0.7846562007120748
129,path_length_similarity,0.9996885899963146
129,acceleration_direction_cosine,0.6352294072825233
129,zero_lag_correlation,0.8686093268575101
129,best_lag_correlation,0.8686093268575101
130,position_correlation,0.8797571053056377
130,position_cosine,0.8579408840137973
130,normalized_position_rmse,0.49507534171487627
130,velocity_direction_cosine,0.674447420622469
130,speed_profile_correlation,0.7930429597238562
130,path_length_similarity,0.9700340032540202
130,acceleration_direction_cosine,0.6187902918792787
130,zero_lag_correlation,0.881774713477157
130,best_lag_correlation,0.881774713477157
131,position_correlation,0.7713764462393142
131,position_cosine,0.7701044726917113
131,normalized_position_rmse,0.6849121289017298
131,velocity_direction_cosine,0.6230443565296431
131,speed_profile_correlation,0.6608404759841883
131,path_length_similarity,0.9857584774216225
131,acceleration_direction_cosine,0.601283915305418
131,zero_lag_correlation,0.7753147503511799
131,best_lag_correlation,0.7753778969475791
132,position_correlation,0.8859573742769139
132,position_cosine,0.8684571429128186
132,normalized_position_rmse,0.472425608885455
132,velocity_direction_cosine,0.6774762510041287
132,speed_profile_correlation,0.7826570631543546
132,path_length_similarity,0.9381609208342137
132,acceleration_direction_cosine,0.6143517098033027
132,zero_lag_correlation,0.8875465474531916
132,best_lag_correlation,0.8875465474531916
133,position_correlation,0.8451548691255744
133,position_cosine,0.8470769747587334
133,normalized_position_rmse,0.5514946544414362
133,velocity_direction_cosine,0.6418347460081888
133,speed_profile_correlation,0.7058373925838018
133,path_length_similarity,0.9665292984815671
133,acceleration_direction_cosine,0.6083417953219452
133,zero_lag_correlation,0.8475656232416555
133,best_lag_correlation,0.8475656232416555
134,position_correlation,0.8462081067496424
134,position_cosine,0.8325445071158639
134,normalized_position_rmse,0.6220072919615138
134,velocity_direction_cosine,0.6409805835109925
134,speed_profile_correlation,0.7467217684140494
134,path_length_similarity,0.933476641321183
134,acceleration_direction_cosine,0.5810224082958002
134,zero_lag_correlation,0.8496523208567794
134,best_lag_correlation,0.8496566216658199
135,position_correlation,0.8565118692348654
135,position_cosine,0.8235712507755878
135,normalized_position_rmse,0.5292192259001749
135,velocity_direction_cosine,0.6371108924194627
135,speed_profile_correlation,0.7150352397462142
135,path_length_similarity,0.8789362504274774
135,acceleration_direction_cosine,0.5740899886611025
135,zero_lag_correlation,0.8589155078345321
135,best_lag_correlation,0.8589155078345321
136,position_correlation,0.851672580289798
136,position_cosine,0.844335003500858
136,normalized_position_rmse,0.5550892334753679
136,velocity_direction_cosine,0.6664632258885709
136,speed_profile_correlation,0.7526456948136953
136,path_length_similarity,0.9656675201820571
136,acceleration_direction_cosine,0.6227250528439321
136,zero_lag_correlation,0.8540983764439467
136,best_lag_correlation,0.8540983764439467
137,position_correlation,0.7969217447166065
137,position_cosine,0.806327985339929
137,normalized_position_rmse,0.6292418413491607
137,velocity_direction_cosine,0.6425953862782438
137,speed_profile_correlation,0.6988107335382506
137,path_length_similarity,0.9921775801042023
137,acceleration_direction_cosine,0.5912918707407445
137,zero_lag_correlation,0.8003624342532805
137,best_lag_correlation,0.8003624342532805
138,position_correlation,0.869425923285291
138,position_cosine,0.8465604648759848
138,normalized_position_rmse,0.5234062908010901
138,velocity_direction_cosine,0.6389550034262139
138,speed_profile_correlation,0.7257332900977872
138,path_length_similarity,0.9941539665339311
138,acceleration_direction_cosine,0.5900257512798235
138,zero_lag_correlation,0.8716801490528706
138,best_lag_correlation,0.8716801490528706
139,position_correlation,0.8497972478565288
139,position_cosine,0.8365070102008987
139,normalized_position_rmse,0.5843942254900824
139,velocity_direction_cosine,0.6087217905397085
139,speed_profile_correlation,0.7091215634131642
139,path_length_similarity,0.9434790037870798
139,acceleration_direction_cosine,0.572544700180979
139,zero_lag_correlation,0.8522805875713735
139,best_lag_correlation,0.8522805875713735
140,position_correlation,0.8509777159424292
140,position_cosine,0.8614509662265479
140,normalized_position_rmse,0.5754376664836183
140,velocity_direction_cosine,0.6668340484365688
140,speed_profile_correlation,0.7845352430234187
140,path_length_similarity,0.859825111788817
140,acceleration_direction_cosine,0.6445688379368518
140,zero_lag_correlation,0.8543495604512208
140,best_lag_correlation,0.8543495604512208
141,position_correlation,0.8469204570547233
141,position_cosine,0.8393602970738139
141,normalized_position_rmse,0.5464321387251625
141,velocity_direction_cosine,0.6093277259955728
141,speed_profile_correlation,0.7217861003112737
141,path_length_similarity,0.9846557404882813
141,acceleration_direction_cosine,0.5867044136504342
141,zero_lag_correlation,0.8497469208722997
141,best_lag_correlation,0.8497469208722997
142,position_correlation,0.8653180250601722
142,position_cosine,0.8618458714032788
142,normalized_position_rmse,0.5208644063508893
142,velocity_direction_cosine,0.6438834482620567
142,speed_profile_correlation,0.7244447407553333
142,path_length_similarity,0.9782728988227861
142,acceleration_direction_cosine,0.6006322393390516
142,zero_lag_correlation,0.867875592675428
142,best_lag_correlation,0.867875592675428
143,position_correlation,0.8741851757181329
143,position_cosine,0.845082329318987
143,normalized_position_rmse,0.5094113857950829
143,velocity_direction_cosine,0.6635477875509904
143,speed_profile_correlation,0.769547449725593
143,path_length_similarity,0.9921281778885961
143,acceleration_direction_cosine,0.621416466255486
143,zero_lag_correlation,0.8764599894721175
143,best_lag_correlation,0.8764599894721175
144,position_correlation,0.8719227219554865
144,position_cosine,0.8559588491232296
144,normalized_position_rmse,0.5078935802547645
144,velocity_direction_cosine,0.6485593002059007
144,speed_profile_correlation,0.7709013681061643
144,path_length_similarity,0.96152529866686
144,acceleration_direction_cosine,0.6078535076054578
144,zero_lag_correlation,0.8743452656790369
144,best_lag_correlation,0.8743452656790369
145,position_correlation,0.8641737150927642
145,position_cosine,0.8282590400463262
145,normalized_position_rmse,0.515154130549319
145,velocity_direction_cosine,0.6261435727822471
145,speed_profile_correlation,0.7383192029063792
145,path_length_similarity,0.9725876667932883
145,acceleration_direction_cosine,0.5696989922323077
145,zero_lag_correlation,0.8663255371617212
145,best_lag_correlation,0.8663255371617212
146,position_correlation,0.8256512519780345
146,position_cosine,0.8097442396845979
146,normalized_position_rmse,0.6120345840224453
146,velocity_direction_cosine,0.6766969335816639
146,speed_profile_correlation,0.7255914189435999
146,path_length_similarity,0.9781640053626802
146,acceleration_direction_cosine,0.6467274265026441
146,zero_lag_correlation,0.8286338021597474
146,best_lag_correlation,0.8286338021597474
147,position_correlation,0.8413716289839575
147,position_cosine,0.8290091117942348
147,normalized_position_rmse,0.5761896820758315
147,velocity_direction_cosine,0.6472587825663305
147,speed_profile_correlation,0.7108035489905477
147,path_length_similarity,0.9704410049140039
147,acceleration_direction_cosine,0.6065140284879369
147,zero_lag_correlation,0.8438410079251435
147,best_lag_correlation,0.8438410079251435
148,position_correlation,0.8228293531725902
148,position_cosine,0.8373890602552274
148,normalized_position_rmse,0.5734949620303655
148,velocity_direction_cosine,0.6336799312846884
148,speed_profile_correlation,0.6725931128411208
148,path_length_similarity,0.8475327105442284
148,acceleration_direction_cosine,0.6059234850392637
148,zero_lag_correlation,0.8269896994564794
148,best_lag_correlation,0.8269896994564794
149,position_correlation,0.8783177215650314
149,position_cosine,0.8476381852564961
149,normalized_position_rmse,0.5042518702538134
149,velocity_direction_cosine,0.6597600975808422
149,speed_profile_correlation,0.7963766450403562
149,path_length_similarity,0.8817422025271785
149,acceleration_direction_cosine,0.615922993399302
149,zero_lag_correlation,0.8804486892181412
149,best_lag_correlation,0.8804486892181412
150,position_correlation,0.8678547373821796
150,position_cosine,0.8414977868027868
150,normalized_position_rmse,0.5317198537371582
150,velocity_direction_cosine,0.6655480180880897
150,speed_profile_correlation,0.7557528286000011
150,path_length_similarity,0.8904992183736443
150,acceleration_direction_cosine,0.6100403124602684
150,zero_lag_correlation,0.8699441125241717
150,best_lag_correlation,0.8699441125241717
151,position_correlation,0.8598465670406041
151,position_cosine,0.8358638870208207
151,normalized_position_rmse,0.530759206977714
151,velocity_direction_cosine,0.6931720106263674
151,speed_profile_correlation,0.7901408592997043
151,path_length_similarity,0.9489771860133254
151,acceleration_direction_cosine,0.656326863360065
151,zero_lag_correlation,0.86239492718681
151,best_lag_correlation,0.86239492718681
152,position_correlation,0.8410646794259411
152,position_cosine,0.8195601604165452
152,normalized_position_rmse,0.5670976614053298
152,velocity_direction_cosine,0.6428799473682713
152,speed_profile_correlation,0.7072386935593872
152,path_length_similarity,0.9198924344462739
152,acceleration_direction_cosine,0.5967249851496915
152,zero_lag_correlation,0.8443835322394648
152,best_lag_correlation,0.8443835322394648
153,position_correlation,0.8552219759946249
153,position_cosine,0.8367417834851518
153,normalized_position_rmse,0.5562520467613051
153,velocity_direction_cosine,0.6532184212936547
153,speed_profile_correlation,0.7675172864047439
153,path_length_similarity,0.8550282727863032
153,acceleration_direction_cosine,0.6029406635030337
153,zero_lag_correlation,0.8581104296611433
153,best_lag_correlation,0.8581104296611433
154,position_correlation,0.8633845016888843
154,position_cosine,0.8347870949217198
154,normalized_position_rmse,0.5194418183238256
154,velocity_direction_cosine,0.6383186451804613
154,speed_profile_correlation,0.766683628010535
154,path_length_similarity,0.9888665158399276
154,acceleration_direction_cosine,0.6131237314256717
154,zero_lag_correlation,0.8655566289513452
154,best_lag_correlation,0.8655566289513452
155,position_correlation,0.8581009547916476
155,position_cosine,0.8355397389550125
155,normalized_position_rmse,0.5468060724967568
155,velocity_direction_cosine,0.676757130220351
155,speed_profile_correlation,0.7510320310332264
155,path_length_similarity,0.9771638392855534
155,acceleration_direction_cosine,0.624374371213313
155,zero_lag_correlation,0.8601773137226412
155,best_lag_correlation,0.8601773137226412
156,position_correlation,0.8726844207036786
156,position_cosine,0.851184244645364
156,normalized_position_rmse,0.4896900958187701
156,velocity_direction_cosine,0.6453999384632126
156,speed_profile_correlation,0.7506000699735256
156,path_length_similarity,0.9727407532129249
156,acceleration_direction_cosine,0.5891126805656066
156,zero_lag_correlation,0.8763128016313991
156,best_lag_correlation,0.8763128016313991
157,position_correlation,0.8373343370207982
157,position_cosine,0.8349416870569946
157,normalized_position_rmse,0.5709924645785497
157,velocity_direction_cosine,0.6517386943240013
157,speed_profile_correlation,0.7121118906906377
157,path_length_similarity,0.9372441846241409
157,acceleration_direction_cosine,0.5970389337539461
157,zero_lag_correlation,0.8399275907260102
157,best_lag_correlation,0.8399275907260102
158,position_correlation,0.8223369245984684
158,position_cosine,0.8192656362467801
158,normalized_position_rmse,0.6428658925448342
158,velocity_direction_cosine,0.6486170936581043
158,speed_profile_correlation,0.7046661661537228
158,path_length_similarity,0.9044280164499904
158,acceleration_direction_cosine,0.5983469187356129
158,zero_lag_correlation,0.825458804519024
158,best_lag_correlation,0.825458804519024
159,position_correlation,0.8156158789146455
159,position_cosine,0.8422737934035889
159,normalized_position_rmse,0.6490648651807306
159,velocity_direction_cosine,0.6384923262605542
159,speed_profile_correlation,0.6845896123458782
159,path_length_similarity,0.9598929632788901
159,acceleration_direction_cosine,0.6033973925047469
159,zero_lag_correlation,0.8191556014721904
159,best_lag_correlation,0.8191556014721904
160,position_correlation,0.8815932688456594
160,position_cosine,0.8516366788347808
160,normalized_position_rmse,0.5004523958729004
160,velocity_direction_cosine,0.6377753659689861
160,speed_profile_correlation,0.7496326908923818
160,path_length_similarity,0.9715325982821997
160,acceleration_direction_cosine,0.5736174308173724
160,zero_lag_correlation,0.8835166888764807
160,best_lag_correlation,0.8835166888764807
161,position_correlation,0.8778403925593856
161,position_cosine,0.8468186230872324
161,normalized_position_rmse,0.4876976059047691
161,velocity_direction_cosine,0.6740247236493598
161,speed_profile_correlation,0.7740851847482796
161,path_length_similarity,0.9065773695048424
161,acceleration_direction_cosine,0.6141263376719552
161,zero_lag_correlation,0.8800392176755362
161,best_lag_correlation,0.8800392176755362
162,position_correlation,0.8645026555945754
162,position_cosine,0.8497950685366769
162,normalized_position_rmse,0.513605718505895
162,velocity_direction_cosine,0.6747309863777637
162,speed_profile_correlation,0.7497440527415131
162,path_length_similarity,0.9744294976913873
162,acceleration_direction_cosine,0.618476569279847
162,zero_lag_correlation,0.8669404496070209
162,best_lag_correlation,0.8669404496070209
163,position_correlation,0.8569014127155217
163,position_cosine,0.8459131393303094
163,normalized_position_rmse,0.5969506209056609
163,velocity_direction_cosine,0.6456873345096593
163,speed_profile_correlation,0.7165892155024253
163,path_length_similarity,0.8822958723367672
163,acceleration_direction_cosine,0.5986344896203436
163,zero_lag_correlation,0.8603486697801459
163,best_lag_correlation,0.8603486697801459
164,position_correlation,0.8612569344703226
164,position_cosine,0.8411183218945771
164,normalized_position_rmse,0.5258823513301419
164,velocity_direction_cosine,0.6473784331544956
164,speed_profile_correlation,0.7496272920655935
164,path_length_similarity,0.9952210758906259
164,acceleration_direction_cosine,0.6058898181619568
164,zero_lag_correlation,0.8641363657265663
164,best_lag_correlation,0.8645069376174164
165,position_correlation,0.8166618184347965
165,position_cosine,0.8137428046763404
165,normalized_position_rmse,0.6216170741515509
165,velocity_direction_cosine,0.6683263415354765
165,speed_profile_correlation,0.7542110391658617
165,path_length_similarity,0.8721777202802686
165,acceleration_direction_cosine,0.6247333484471728
165,zero_lag_correlation,0.8199615033255914
165,best_lag_correlation,0.8199615033255914
166,position_correlation,0.8366117515993692
166,position_cosine,0.8308206877250481
166,normalized_position_rmse,0.581138645274852
166,velocity_direction_cosine,0.6448939485495612
166,speed_profile_correlation,0.7569592627335234
166,path_length_similarity,0.9048721271035023
166,acceleration_direction_cosine,0.6193022404453136
166,zero_lag_correlation,0.8398645287841243
166,best_lag_correlation,0.8398645287841243
167,position_correlation,0.876249563848856
167,position_cosine,0.8430261005678515
167,normalized_position_rmse,0.48659659034239017
167,velocity_direction_cosine,0.6689430500407952
167,speed_profile_correlation,0.764861499063663
167,path_length_similarity,0.9528868895772317
167,acceleration_direction_cosine,0.6180834904618806
167,zero_lag_correlation,0.8782968265043788
167,best_lag_correlation,0.8782968265043788
168,position_correlation,0.848139512793658
168,position_cosine,0.8386201140813042
168,normalized_position_rmse,0.6425784016751519
168,velocity_direction_cosine,0.6945219606491387
168,speed_profile_correlation,0.740947559259153
168,path_length_similarity,0.8485035972957865
168,acceleration_direction_cosine,0.6403756353491812
168,zero_lag_correlation,0.8524191756286341
168,best_lag_correlation,0.8524191756286341
169,position_correlation,0.8923607871215801
169,position_cosine,0.8653266060895523
169,normalized_position_rmse,0.470820712838456
169,velocity_direction_cosine,0.654657494191514
169,speed_profile_correlation,0.7653441197254968
169,path_length_similarity,0.9405876618585532
169,acceleration_direction_cosine,0.6019916149934152
169,zero_lag_correlation,0.8942368086257769
169,best_lag_correlation,0.8942368086257769
170,position_correlation,0.8465607764082743
170,position_cosine,0.8358237801194821
170,normalized_position_rmse,0.5440318059385595
170,velocity_direction_cosine,0.6579713482992258
170,speed_profile_correlation,0.7263425754410191
170,path_length_similarity,0.9458585938482841
170,acceleration_direction_cosine,0.6154762100402675
170,zero_lag_correlation,0.8494920442807304
170,best_lag_correlation,0.8494920442807304
171,position_correlation,0.8863417107258107
171,position_cosine,0.8812741847676107
171,normalized_position_rmse,0.4800639860962394
171,velocity_direction_cosine,0.6887225953796751
171,speed_profile_correlation,0.7777313543625483
171,path_length_similarity,0.9997417464393025
171,acceleration_direction_cosine,0.6477200898654124
171,zero_lag_correlation,0.8884301648692057
171,best_lag_correlation,0.8884301648692057
172,position_correlation,0.8797166202410884
172,position_cosine,0.8737402462619871
172,normalized_position_rmse,0.4874963080317361
172,velocity_direction_cosine,0.685733119774904
172,speed_profile_correlation,0.765889969548826
172,path_length_similarity,0.8642089812970323
172,acceleration_direction_cosine,0.6392918468119408
172,zero_lag_correlation,0.8827435288374677
172,best_lag_correlation,0.8827435288374677
173,position_correlation,0.8383481026197697
173,position_cosine,0.8314612111738913
173,normalized_position_rmse,0.5738447843839584
173,velocity_direction_cosine,0.6536925269665573
173,speed_profile_correlation,0.6927326903672615
173,path_length_similarity,0.9668715168993575
173,acceleration_direction_cosine,0.6073895454868068
173,zero_lag_correlation,0.8413684861311443
173,best_lag_correlation,0.8413684861311443
174,position_correlation,0.8804819880920198
174,position_cosine,0.8451422052967371
174,normalized_position_rmse,0.48740526952239777
174,velocity_direction_cosine,0.6660549746864638
174,speed_profile_correlation,0.7991472618502561
174,path_length_similarity,0.92606609842349
174,acceleration_direction_cosine,0.6043087215914286
174,zero_lag_correlation,0.8826525992701233
174,best_lag_correlation,0.8826525992701233
175,position_correlation,0.8695319687427531
175,position_cosine,0.8503451091596655
175,normalized_position_rmse,0.5433019790719967
175,velocity_direction_cosine,0.6859332151051236
175,speed_profile_correlation,0.7603822814643323
175,path_length_similarity,0.8914473189506438
175,acceleration_direction_cosine,0.638449412143246
175,zero_lag_correlation,0.8716649432440913
175,best_lag_correlation,0.8716649432440913
176,position_correlation,0.8476454117600505
176,position_cosine,0.8314247589855389
176,normalized_position_rmse,0.5586540663800555
176,velocity_direction_cosine,0.662835291262189
176,speed_profile_correlation,0.7420874433079195
176,path_length_similarity,0.9915920167101325
176,acceleration_direction_cosine,0.617951507255142
176,zero_lag_correlation,0.8504971053114692
176,best_lag_correlation,0.8504971053114692
177,position_correlation,0.864539388969056
177,position_cosine,0.8408162817208256
177,normalized_position_rmse,0.5613408394626409
177,velocity_direction_cosine,0.6478326082146909
177,speed_profile_correlation,0.742845959448594
177,path_length_similarity,0.8910135329622546
177,acceleration_direction_cosine,0.6070306490788803
177,zero_lag_correlation,0.8677867400217265
177,best_lag_correlation,0.8694417047234066
178,position_correlation,0.8391288186262207
178,position_cosine,0.8319566878204896
178,normalized_position_rmse,0.5873550025834304
178,velocity_direction_cosine,0.6701384326005455
178,speed_profile_correlation,0.6892118831461345
178,path_length_similarity,0.9089311043172402
178,acceleration_direction_cosine,0.6270392356331254
178,zero_lag_correlation,0.8422387931025276
178,best_lag_correlation,0.8422387931025276
179,position_correlation,0.8424575301780637
179,position_cosine,0.8263633008761182
179,normalized_position_rmse,0.5725487571290435
179,velocity_direction_cosine,0.6391143633771516
179,speed_profile_correlation,0.7404675556296917
179,path_length_similarity,0.839234546512186
179,acceleration_direction_cosine,0.5911834495403998
179,zero_lag_correlation,0.8455480937371647
179,best_lag_correlation,0.8455480937371647
180,position_correlation,0.870853329528066
180,position_cosine,0.8578028581229155
180,normalized_position_rmse,0.5008158561377821
180,velocity_direction_cosine,0.6417831342691519
180,speed_profile_correlation,0.745496755256038
180,path_length_similarity,0.9421049531287217
180,acceleration_direction_cosine,0.5922626399908464
180,zero_lag_correlation,0.8727945424980346
180,best_lag_correlation,0.8727945424980346
181,position_correlation,0.8727274355513739
181,position_cosine,0.8568653119969816
181,normalized_position_rmse,0.5243583166150708
181,velocity_direction_cosine,0.6832119407690861
181,speed_profile_correlation,0.7266030427365877
181,path_length_similarity,0.9302129943557116
181,acceleration_direction_cosine,0.6295009233557655
181,zero_lag_correlation,0.8749188956816396
181,best_lag_correlation,0.8749188956816396
182,position_correlation,0.8398811368948164
182,position_cosine,0.816194095847677
182,normalized_position_rmse,0.5599549640151917
182,velocity_direction_cosine,0.6789807271539723
182,speed_profile_correlation,0.7252087853018208
182,path_length_similarity,0.9387139003397209
182,acceleration_direction_cosine,0.6179367442234791
182,zero_lag_correlation,0.8426022931441137
182,best_lag_correlation,0.8426022931441137
183,position_correlation,0.8506345601959262
183,position_cosine,0.850967440855381
183,normalized_position_rmse,0.5392782131596112
183,velocity_direction_cosine,0.6894747959020869
183,speed_profile_correlation,0.7143901275034087
183,path_length_similarity,0.9177807814614126
183,acceleration_direction_cosine,0.6398083991305811
183,zero_lag_correlation,0.8533078886338205
183,best_lag_correlation,0.8533078886338205
184,position_correlation,0.8533575480944756
184,position_cosine,0.8376688614099707
184,normalized_position_rmse,0.5447819128645178
184,velocity_direction_cosine,0.6758304158415155
184,speed_profile_correlation,0.7566129587902143
184,path_length_similarity,0.994657651881154
184,acceleration_direction_cosine,0.6375223534067472
184,zero_lag_correlation,0.8560282699219457
184,best_lag_correlation,0.8560282699219457
185,position_correlation,0.86311036830672
185,position_cosine,0.8450685440596172
185,normalized_position_rmse,0.5168983519556534
185,velocity_direction_cosine,0.6746512869033571
185,speed_profile_correlation,0.7258389056892299
185,path_length_similarity,0.9806498039171156
185,acceleration_direction_cosine,0.611062954286664
185,zero_lag_correlation,0.8650494037173189
185,best_lag_correlation,0.8650494037173189
186,position_correlation,0.8568949290767083
186,position_cosine,0.8460024902301566
186,normalized_position_rmse,0.5325842780232249
186,velocity_direction_cosine,0.6531059308752643
186,speed_profile_correlation,0.7450662890012297
186,path_length_similarity,0.9624351873481577
186,acceleration_direction_cosine,0.6073018497204208
186,zero_lag_correlation,0.8592374959042831
186,best_lag_correlation,0.8592374959042831
187,position_correlation,0.8496192238026017
187,position_cosine,0.844612388153242
187,normalized_position_rmse,0.5504821709709306
187,velocity_direction_cosine,0.6390386813483132
187,speed_profile_correlation,0.7259074702700882
187,path_length_similarity,0.8706719540752887
187,acceleration_direction_cosine,0.5858197924524922
187,zero_lag_correlation,0.8523886842498064
187,best_lag_correlation,0.8523886842498064
188,position_correlation,0.8682393245670872
188,position_cosine,0.8449874513775477
188,normalized_position_rmse,0.5028693268915125
188,velocity_direction_cosine,0.6803212688556224
188,speed_profile_correlation,0.794781535260172
188,path_length_similarity,0.997316586269405
188,acceleration_direction_cosine,0.6300945985737945
188,zero_lag_correlation,0.8702095897160897
188,best_lag_correlation,0.8702095897160897
189,position_correlation,0.8457477403292017
189,position_cosine,0.8284748350808886
189,normalized_position_rmse,0.6030735405134396
189,velocity_direction_cosine,0.6571226358239113
189,speed_profile_correlation,0.7061928266373051
189,path_length_similarity,0.8855582240326819
189,acceleration_direction_cosine,0.602684553416316
189,zero_lag_correlation,0.8479498513952245
189,best_lag_correlation,0.8479498513952245
190,position_correlation,0.8581961705816499
190,position_cosine,0.8323453719020223
190,normalized_position_rmse,0.533753638413145
190,velocity_direction_cosine,0.6668660762396158
190,speed_profile_correlation,0.7642729719522109
190,path_length_similarity,0.953708020819929
190,acceleration_direction_cosine,0.6398831602468825
190,zero_lag_correlation,0.8608163241606637
190,best_lag_correlation,0.8608163241606637
191,position_correlation,0.885633805580903
191,position_cosine,0.8625737588427209
191,normalized_position_rmse,0.491262065241626
191,velocity_direction_cosine,0.6632135425931832
191,speed_profile_correlation,0.7669796413157158
191,path_length_similarity,0.9667568362336034
191,acceleration_direction_cosine,0.6133127560271273
191,zero_lag_correlation,0.8879173345312834
191,best_lag_correlation,0.8879173345312834
192,position_correlation,0.8500842510025604
192,position_cosine,0.8338043664274906
192,normalized_position_rmse,0.53257404907602
192,velocity_direction_cosine,0.6362158241713086
192,speed_profile_correlation,0.7042587473269465
192,path_length_similarity,0.9793282971421787
192,acceleration_direction_cosine,0.5700255983467527
192,zero_lag_correlation,0.8534232633501998
192,best_lag_correlation,0.8534232633501998
193,position_correlation,0.8884292574353827
193,position_cosine,0.8599751743070365
193,normalized_position_rmse,0.4841738302807194
193,velocity_direction_cosine,0.6916539386367532
193,speed_profile_correlation,0.7718755028822394
193,path_length_similarity,0.9504289941749241
193,acceleration_direction_cosine,0.6617693222502395
193,zero_lag_correlation,0.8904176497848817
193,best_lag_correlation,0.8904176497848817
194,position_correlation,0.9035636867988637
194,position_cosine,0.8796968513790193
194,normalized_position_rmse,0.43817466789964044
194,velocity_direction_cosine,0.6320002265818084
194,speed_profile_correlation,0.8038152673632762
194,path_length_similarity,0.9645926334292366
194,acceleration_direction_cosine,0.5662011308866067
194,zero_lag_correlation,0.9051726496580662
194,best_lag_correlation,0.9051726496580662
195,position_correlation,0.8453501972503055
195,position_cosine,0.8402299547628921
195,normalized_position_rmse,0.5346614298905673
195,velocity_direction_cosine,0.6693784186733752
195,speed_profile_correlation,0.7330890688307766
195,path_length_similarity,0.8934986244396931
195,acceleration_direction_cosine,0.6241659474934834
195,zero_lag_correlation,0.8498524427885198
195,best_lag_correlation,0.8498524427885198
196,position_correlation,0.8281559050301801
196,position_cosine,0.8179665778650008
196,normalized_position_rmse,0.5929342983745293
196,velocity_direction_cosine,0.659937376026153
196,speed_profile_correlation,0.7283157963959914
196,path_length_similarity,0.952701963774088
196,acceleration_direction_cosine,0.6105516989181423
196,zero_lag_correlation,0.8313313806997531
196,best_lag_correlation,0.8313313806997531
197,position_correlation,0.7913183365265029
197,position_cosine,0.7961469232082375
197,normalized_position_rmse,0.6228292329198968
197,velocity_direction_cosine,0.6157214620525964
197,speed_profile_correlation,0.68653263788249
197,path_length_similarity,0.9336430874166534
197,acceleration_direction_cosine,0.57645019805062
197,zero_lag_correlation,0.7958071714080599
197,best_lag_correlation,0.7958071714080599
198,position_correlation,0.8644698521984265
198,position_cosine,0.8572846599202018
198,normalized_position_rmse,0.5444265416059987
198,velocity_direction_cosine,0.6979758886265366
198,speed_profile_correlation,0.7649046914031454
198,path_length_similarity,0.9970608540235278
198,acceleration_direction_cosine,0.6573624901546079
198,zero_lag_correlation,0.8667185628507319
198,best_lag_correlation,0.8667185628507319
199,position_correlation,0.8620170099950277
199,position_cosine,0.8528476493885633
199,normalized_position_rmse,0.5309413358433432
199,velocity_direction_cosine,0.6347658576363372
199,speed_profile_correlation,0.7206372360120678
199,path_length_similarity,0.9155282410114516
199,acceleration_direction_cosine,0.5986833704405183
199,zero_lag_correlation,0.8642970507907417
199,best_lag_correlation,0.8642970507907417
200,position_correlation,0.8564332351563639
200,position_cosine,0.8439128010961864
200,normalized_position_rmse,0.6060175502104503
200,velocity_direction_cosine,0.6442626450426774
200,speed_profile_correlation,0.7386980616212914
200,path_length_similarity,0.8652967191076615
200,acceleration_direction_cosine,0.5947281312472995
200,zero_lag_correlation,0.8593928740391489
200,best_lag_correlation,0.8593928740391489
201,position_correlation,0.8580006329101875
201,position_cosine,0.8553733896738187
201,normalized_position_rmse,0.5355125326022803
201,velocity_direction_cosine,0.6791994994447116
201,speed_profile_correlation,0.7608472263844537
201,path_length_similarity,0.9989407926833166
201,acceleration_direction_cosine,0.6491406909337669
201,zero_lag_correlation,0.860904808853935
201,best_lag_correlation,0.860904808853935
202,position_correlation,0.8293384209368265
202,position_cosine,0.8178907258142881
202,normalized_position_rmse,0.5770450519042051
202,velocity_direction_cosine,0.6591391796690903
202,speed_profile_correlation,0.7090376870207042
202,path_length_similarity,0.9974115546691467
202,acceleration_direction_cosine,0.6368913638964468
202,zero_lag_correlation,0.832209538848607
202,best_lag_correlation,0.832209538848607
203,position_correlation,0.8504082282972962
203,position_cosine,0.8439539110807053
203,normalized_position_rmse,0.5659465719510177
203,velocity_direction_cosine,0.6545611914391791
203,speed_profile_correlation,0.7256647120935459
203,path_length_similarity,0.9438628752931001
203,acceleration_direction_cosine,0.6136716646396755
203,zero_lag_correlation,0.8530357438224181
203,best_lag_correlation,0.8530357438224181
204,position_correlation,0.8773693424976303
204,position_cosine,0.8558411725671331
204,normalized_position_rmse,0.4947112126880962
204,velocity_direction_cosine,0.6597285753680742
204,speed_profile_correlation,0.7719128348789245
204,path_length_similarity,0.9928836984547807
204,acceleration_direction_cosine,0.6064959847500336
204,zero_lag_correlation,0.8796974334235064
204,best_lag_correlation,0.8796974334235064
205,position_correlation,0.8568499733356918
205,position_cosine,0.8276139053380024
205,normalized_position_rmse,0.5446419471540689
205,velocity_direction_cosine,0.657160966099835
205,speed_profile_correlation,0.7847924896302503
205,path_length_similarity,0.9619293740350883
205,acceleration_direction_cosine,0.595377506489799
205,zero_lag_correlation,0.8591519382093438
205,best_lag_correlation,0.8591519382093438
206,position_correlation,0.8714373484305864
206,position_cosine,0.8552641897399716
206,normalized_position_rmse,0.5554252886973567
206,velocity_direction_cosine,0.6715636039217284
206,speed_profile_correlation,0.7654578933329527
206,path_length_similarity,0.9104272955266554
206,acceleration_direction_cosine,0.6643963851630831
206,zero_lag_correlation,0.874125498319315
206,best_lag_correlation,0.874125498319315
207,position_correlation,0.831233970580584
207,position_cosine,0.8233768001724278
207,normalized_position_rmse,0.5690720827680416
207,velocity_direction_cosine,0.6589555715334389
207,speed_profile_correlation,0.7002730448489081
207,path_length_similarity,0.8872432280261213
207,acceleration_direction_cosine,0.6097965104372843
207,zero_lag_correlation,0.8350678334437759
207,best_lag_correlation,0.8350678334437759
208,position_correlation,0.8543434134972314
208,position_cosine,0.8264914869530379
208,normalized_position_rmse,0.5357023870353098
208,velocity_direction_cosine,0.636480623156867
208,speed_profile_correlation,0.7393531733281942
208,path_length_similarity,0.9386577709664049
208,acceleration_direction_cosine,0.5955533211224833
208,zero_lag_correlation,0.8568147324907398
208,best_lag_correlation,0.8568147324907398
209,position_correlation,0.8478673325168984
209,position_cosine,0.8334841508839563
209,normalized_position_rmse,0.5764685093499566
209,velocity_direction_cosine,0.6610194611193323
209,speed_profile_correlation,0.7505681883213186
209,path_length_similarity,0.9619468100356497
209,acceleration_direction_cosine,0.6394312776778428
209,zero_lag_correlation,0.8501811093518825
209,best_lag_correlation,0.8501811093518825
210,position_correlation,0.8499618193399118
210,position_cosine,0.8411203773265242
210,normalized_position_rmse,0.5426494006401984
210,velocity_direction_cosine,0.6613535348708514
210,speed_profile_correlation,0.7323868589531665
210,path_length_similarity,0.92787131217903
210,acceleration_direction_cosine,0.6099714212052176
210,zero_lag_correlation,0.8523831825880348
210,best_lag_correlation,0.8523831825880348
211,position_correlation,0.8757406921031091
211,position_cosine,0.8646778228896684
211,normalized_position_rmse,0.4884583422345035
211,velocity_direction_cosine,0.6632255255410886
211,speed_profile_correlation,0.7316727993919282
211,path_length_similarity,0.963293212842523
211,acceleration_direction_cosine,0.6285483822989681
211,zero_lag_correlation,0.8779924428719779
211,best_lag_correlation,0.8779924428719779
212,position_correlation,0.8435778968963273
212,position_cosine,0.8232469564510849
212,normalized_position_rmse,0.5419716794180325
212,velocity_direction_cosine,0.6493432274026257
212,speed_profile_correlation,0.740422506086239
212,path_length_similarity,0.918206533438688
212,acceleration_direction_cosine,0.6048806489734412
212,zero_lag_correlation,0.8466175164380381
212,best_lag_correlation,0.8466175164380381
213,position_correlation,0.8773564753206383
213,position_cosine,0.8702326216637964
213,normalized_position_rmse,0.5006912236734152
213,velocity_direction_cosine,0.6779637118066507
213,speed_profile_correlation,0.7446461035048019
213,path_length_similarity,0.9599253154599272
213,acceleration_direction_cosine,0.6323215956676203
213,zero_lag_correlation,0.8800819235646451
213,best_lag_correlation,0.8800819235646451
214,position_correlation,0.8364247999444984
214,position_cosine,0.8240621056132216
214,normalized_position_rmse,0.56202051369862
214,velocity_direction_cosine,0.6622963622558715
214,speed_profile_correlation,0.7045428998441875
214,path_length_similarity,0.9259761250179287
214,acceleration_direction_cosine,0.602420306668605
214,zero_lag_correlation,0.8397575148613695
214,best_lag_correlation,0.8397575148613695
215,position_correlation,0.8517815640973285
215,position_cosine,0.8441743710863447
215,normalized_position_rmse,0.5381138683315939
215,velocity_direction_cosine,0.6476593485187822
215,speed_profile_correlation,0.7507723447807158
215,path_length_similarity,0.9900415859371664
215,acceleration_direction_cosine,0.6255061587012397
215,zero_lag_correlation,0.8545327674776357
215,best_lag_correlation,0.8545327674776357
216,position_correlation,0.8594690002207253
216,position_cosine,0.842643217944886
216,normalized_position_rmse,0.5213548929781426
216,velocity_direction_cosine,0.6533289998456189
216,speed_profile_correlation,0.7430317263630393
216,path_length_similarity,0.985248961960687
216,acceleration_direction_cosine,0.6296246032758145
216,zero_lag_correlation,0.8617562337515005
216,best_lag_correlation,0.8617562337515005
217,position_correlation,0.8750179838143289
217,position_cosine,0.8767732946649539
217,normalized_position_rmse,0.49755384824928944
217,velocity_direction_cosine,0.6633458297715653
217,speed_profile_correlation,0.7237155459960941
217,path_length_similarity,0.978464290254942
217,acceleration_direction_cosine,0.60891356064383
217,zero_lag_correlation,0.8773873065209137
217,best_lag_correlation,0.8773873065209137
218,position_correlation,0.87098690371493
218,position_cosine,0.8475694564824072
218,normalized_position_rmse,0.5068705414305051
218,velocity_direction_cosine,0.658609332114651
218,speed_profile_correlation,0.7765348770757479
218,path_length_similarity,0.9843543620887772
218,acceleration_direction_cosine,0.5985852654961654
218,zero_lag_correlation,0.8731339653888166
218,best_lag_correlation,0.8731339653888166
219,position_correlation,0.8403552438385815
219,position_cosine,0.8187632332772009
219,normalized_position_rmse,0.6162847560065721
219,velocity_direction_cosine,0.644808825366583
219,speed_profile_correlation,0.7660540831282779
219,path_length_similarity,0.8730289909771778
219,acceleration_direction_cosine,0.6135960749810103
219,zero_lag_correlation,0.8439516133408618
219,best_lag_correlation,0.8439516133408618
220,position_correlation,0.8329476717475014
220,position_cosine,0.8360703432006134
220,normalized_position_rmse,0.5698983866315398
220,velocity_direction_cosine,0.6437320403504937
220,speed_profile_correlation,0.7097641233291101
220,path_length_similarity,0.908715678784184
220,acceleration_direction_cosine,0.6116743502294116
220,zero_lag_correlation,0.8358660056845089
220,best_lag_correlation,0.8358660056845089
221,position_correlation,0.8783689983976879
221,position_cosine,0.8506480088115216
221,normalized_position_rmse,0.5368741854402503
221,velocity_direction_cosine,0.7012693492579471
221,speed_profile_correlation,0.791513834560588
221,path_length_similarity,0.8926997756135276
221,acceleration_direction_cosine,0.6329688885099672
221,zero_lag_correlation,0.8812849695431473
221,best_lag_correlation,0.8812849695431473
222,position_correlation,0.8668634192072027
222,position_cosine,0.8613564321750373
222,normalized_position_rmse,0.5428683855647354
222,velocity_direction_cosine,0.6667196202514191
222,speed_profile_correlation,0.7567730382785939
222,path_length_similarity,0.9801092596819092
222,acceleration_direction_cosine,0.6288650816553445
222,zero_lag_correlation,0.8689763348011834
222,best_lag_correlation,0.8689763348011834
223,position_correlation,0.8876601588116411
223,position_cosine,0.8798482657748585
223,normalized_position_rmse,0.4701117831161784
223,velocity_direction_cosine,0.6652693958380859
223,speed_profile_correlation,0.7752232319273827
223,path_length_similarity,0.9648873459046077
223,acceleration_direction_cosine,0.5851353206998319
223,zero_lag_correlation,0.8896028863384522
223,best_lag_correlation,0.8896028863384522
224,position_correlation,0.8351359833136013
224,position_cosine,0.8114211763105952
224,normalized_position_rmse,0.5616460406142434
224,velocity_direction_cosine,0.6447646649789458
224,speed_profile_correlation,0.7347939705683655
224,path_length_similarity,0.9865747201095898
224,acceleration_direction_cosine,0.6067475994624502
224,zero_lag_correlation,0.8381483447907436
224,best_lag_correlation,0.8381483447907436
225,position_correlation,0.8624398584035535
225,position_cosine,0.8507590032212964
225,normalized_position_rmse,0.5700633443733745
225,velocity_direction_cosine,0.6294684791082102
225,speed_profile_correlation,0.7247839774160137
225,path_length_similarity,0.9731677523180122
225,acceleration_direction_cosine,0.5963208846692265
225,zero_lag_correlation,0.865218838079924
225,best_lag_correlation,0.865218838079924
226,position_correlation,0.8824680517657336
226,position_cosine,0.8543938009403622
226,normalized_position_rmse,0.47692406239911717
226,velocity_direction_cosine,0.6843936404655767
226,speed_profile_correlation,0.7959609852393861
226,path_length_similarity,0.9803391159774956
226,acceleration_direction_cosine,0.6165051916795917
226,zero_lag_correlation,0.8842119371034529
226,best_lag_correlation,0.8842119371034529
227,position_correlation,0.8623409717331341
227,position_cosine,0.8472241393546934
227,normalized_position_rmse,0.5222233862269969
227,velocity_direction_cosine,0.6791112986992236
227,speed_profile_correlation,0.767783567802884
227,path_length_similarity,0.9574627892781491
227,acceleration_direction_cosine,0.6331642042150456
227,zero_lag_correlation,0.8647273078894566
227,best_lag_correlation,0.8647273078894566
228,position_correlation,0.838715136728005
228,position_cosine,0.8188912927831771
228,normalized_position_rmse,0.5747285409869248
228,velocity_direction_cosine,0.6221501656423937
228,speed_profile_correlation,0.7405954593877778
228,path_length_similarity,0.9811115529629603
228,acceleration_direction_cosine,0.5710859674621848
228,zero_lag_correlation,0.8412550189378804
228,best_lag_correlation,0.8412550189378804
229,position_correlation,0.8144667474226842
229,position_cosine,0.8242767568896273
229,normalized_position_rmse,0.6090734990177402
229,velocity_direction_cosine,0.6269097931283912
229,speed_profile_correlation,0.6975078018166986
229,path_length_similarity,0.9661862647201369
229,acceleration_direction_cosine,0.6075011808194858
229,zero_lag_correlation,0.8173153776212128
229,best_lag_correlation,0.8173153776212128
230,position_correlation,0.8445207655759152
230,position_cosine,0.8378661276524899
230,normalized_position_rmse,0.5458263071937859
230,velocity_direction_cosine,0.6312825648136583
230,speed_profile_correlation,0.7078481382581531
230,path_length_similarity,0.8906961644631841
230,acceleration_direction_cosine,0.5921568484726673
230,zero_lag_correlation,0.8477713923166121
230,best_lag_correlation,0.8477713923166121
231,position_correlation,0.8796747514975229
231,position_cosine,0.8370786647396125
231,normalized_position_rmse,0.5339865596887636
231,velocity_direction_cosine,0.6896119563523506
231,speed_profile_correlation,0.7988298032230127
231,path_length_similarity,0.8941648929489991
231,acceleration_direction_cosine,0.6469921834205702
231,zero_lag_correlation,0.8828381257501656
231,best_lag_correlation,0.8828381257501656
232,position_correlation,0.8721720478387229
232,position_cosine,0.8688039120989071
232,normalized_position_rmse,0.5131669668088122
232,velocity_direction_cosine,0.670563542544021
232,speed_profile_correlation,0.7778252899141557
232,path_length_similarity,0.9388668441764925
232,acceleration_direction_cosine,0.6300476319974849
232,zero_lag_correlation,0.8745623876665893
232,best_lag_correlation,0.8745623876665893
233,position_correlation,0.8859668669771543
233,position_cosine,0.8785668030157427
233,normalized_position_rmse,0.49748306267285797
233,velocity_direction_cosine,0.6593440803337143
233,speed_profile_correlation,0.7562567245331516
233,path_length_similarity,0.8960386283567625
233,acceleration_direction_cosine,0.5979475103789187
233,zero_lag_correlation,0.8884603147824821
233,best_lag_correlation,0.8884603147824821
234,position_correlation,0.8760322851543154
234,position_cosine,0.8656513772371339
234,normalized_position_rmse,0.5050651573890402
234,velocity_direction_cosine,0.6830828167332591
234,speed_profile_correlation,0.7403273482672811
234,path_length_similarity,0.9562498427121056
234,acceleration_direction_cosine,0.6088023252905733
234,zero_lag_correlation,0.8785186152614441
234,best_lag_correlation,0.8785186152614441
235,position_correlation,0.8212090602812998
235,position_cosine,0.8110967510964446
235,normalized_position_rmse,0.5869187453486857
235,velocity_direction_cosine,0.6608534471390827
235,speed_profile_correlation,0.720924711372603
235,path_length_similarity,0.9173335595017593
235,acceleration_direction_cosine,0.6228735392652955
235,zero_lag_correlation,0.824420984671101
235,best_lag_correlation,0.824420984671101
236,position_correlation,0.860422535727395
236,position_cosine,0.8601194355039363
236,normalized_position_rmse,0.515698549919177
236,velocity_direction_cosine,0.6392002133078029
236,speed_profile_correlation,0.7048628590959559
236,path_length_similarity,0.8937737413975823
236,acceleration_direction_cosine,0.6088630728406621
236,zero_lag_correlation,0.8636236102377246
236,best_lag_correlation,0.8636236102377246
237,position_correlation,0.8315329137765106
237,position_cosine,0.8030395011656095
237,normalized_position_rmse,0.6106086828373349
237,velocity_direction_cosine,0.6265681239427604
237,speed_profile_correlation,0.7308823818669271
237,path_length_similarity,0.9522746796497494
237,acceleration_direction_cosine,0.5745662373664941
237,zero_lag_correlation,0.834138209554472
237,best_lag_correlation,0.834138209554472
238,position_correlation,0.8751247225647527
238,position_cosine,0.8581879338570575
238,normalized_position_rmse,0.4959396293347975
238,velocity_direction_cosine,0.6757177110621486
238,speed_profile_correlation,0.7631792839666549
238,path_length_similarity,0.9611906358557804
238,acceleration_direction_cosine,0.6273558625301711
238,zero_lag_correlation,0.8770257444317973
238,best_lag_correlation,0.8770257444317973
239,position_correlation,0.8395357958943186
239,position_cosine,0.8276178885852117
239,normalized_position_rmse,0.604688098912584
239,velocity_direction_cosine,0.6425199726945346
239,speed_profile_correlation,0.70318597864092
239,path_length_similarity,0.8777168025991916
239,acceleration_direction_cosine,0.5995971582608784
239,zero_lag_correlation,0.8427145070655244
239,best_lag_correlation,0.8427145070655244
240,position_correlation,0.8771509520503603
240,position_cosine,0.8601512107741238
240,normalized_position_rmse,0.48648381638932214
240,velocity_direction_cosine,0.6691413933055177
240,speed_profile_correlation,0.7577007872655827
240,path_length_similarity,0.8901845167143048
240,acceleration_direction_cosine,0.6186055359732802
240,zero_lag_correlation,0.8791833916692112
240,best_lag_correlation,0.8791833916692112
241,position_correlation,0.822409861362272
241,position_cosine,0.8096297368218732
241,normalized_position_rmse,0.5877059198865336
241,velocity_direction_cosine,0.6740865710703933
241,speed_profile_correlation,0.6715606581512028
241,path_length_similarity,0.9673050101954138
241,acceleration_direction_cosine,0.6057074260783533
241,zero_lag_correlation,0.8257272800381964
241,best_lag_correlation,0.8257272800381964
242,position_correlation,0.8619485771218371
242,position_cosine,0.8531465504459802
242,normalized_position_rmse,0.5132929181579052
242,velocity_direction_cosine,0.669895253486068
242,speed_profile_correlation,0.728238334980956
242,path_length_similarity,0.9454641186182391
242,acceleration_direction_cosine,0.6216716926183234
242,zero_lag_correlation,0.8643038763581946
242,best_lag_correlation,0.8643038763581946
243,position_correlation,0.8695418953108702
243,position_cosine,0.855311863636299
243,normalized_position_rmse,0.4972574659757604
243,velocity_direction_cosine,0.6809183516986039
243,speed_profile_correlation,0.7464826607099367
243,path_length_similarity,0.9560123954979257
243,acceleration_direction_cosine,0.6193413664427883
243,zero_lag_correlation,0.8721261243440415
243,best_lag_correlation,0.8721261243440415
244,position_correlation,0.8403547984231494
244,position_cosine,0.8423136601945772
244,normalized_position_rmse,0.5501940230932655
244,velocity_direction_cosine,0.6528064252269695
244,speed_profile_correlation,0.7021716766557837
244,path_length_similarity,0.9019424347831184
244,acceleration_direction_cosine,0.5796433509074418
244,zero_lag_correlation,0.8429317041676713
244,best_lag_correlation,0.8429317041676713
245,position_correlation,0.8604954849582984
245,position_cosine,0.8301769552135556
245,normalized_position_rmse,0.564331719327582
245,velocity_direction_cosine,0.6405209274871386
245,speed_profile_correlation,0.7626451684686112
245,path_length_similarity,0.873553997333064
245,acceleration_direction_cosine,0.5882628332352811
245,zero_lag_correlation,0.8638283522449748
245,best_lag_correlation,0.8638283522449748
246,position_correlation,0.8499598237273127
246,position_cosine,0.839921381321646
246,normalized_position_rmse,0.5369612059166193
246,velocity_direction_cosine,0.6548932896477048
246,speed_profile_correlation,0.7216061647229679
246,path_length_similarity,0.9059017981507206
246,acceleration_direction_cosine,0.6264508742784517
246,zero_lag_correlation,0.8529704223696641
246,best_lag_correlation,0.8529704223696641
247,position_correlation,0.8332857663504547
247,position_cosine,0.8105664730047623
247,normalized_position_rmse,0.6350080317932676
247,velocity_direction_cosine,0.6623294537753975
247,speed_profile_correlation,0.7627272376027694
247,path_length_similarity,0.9023324802054405
247,acceleration_direction_cosine,0.6257651366820948
247,zero_lag_correlation,0.8374861494423211
247,best_lag_correlation,0.8374861494423211
248,position_correlation,0.848487359551976
248,position_cosine,0.8335827289438249
248,normalized_position_rmse,0.5570794152360251
248,velocity_direction_cosine,0.6836046307050647
248,speed_profile_correlation,0.7471352811386243
248,path_length_similarity,0.9897978829996408
248,acceleration_direction_cosine,0.6269765083941751
248,zero_lag_correlation,0.8508637794094907
248,best_lag_correlation,0.8508637794094907
249,position_correlation,0.8417685189081707
249,position_cosine,0.8138674294517639
249,normalized_position_rmse,0.5870463245744747
249,velocity_direction_cosine,0.6523858315905143
249,speed_profile_correlation,0.76262611888151
249,path_length_similarity,0.9526999937534567
249,acceleration_direction_cosine,0.615760347564102
249,zero_lag_correlation,0.844167228034883
249,best_lag_correlation,0.844167228034883
250,position_correlation,0.8238265356696926
250,position_cosine,0.8148072609875223
250,normalized_position_rmse,0.5735923550783255
250,velocity_direction_cosine,0.6694164823597142
250,speed_profile_correlation,0.7218878511363968
250,path_length_similarity,0.8967237192065839
250,acceleration_direction_cosine,0.617225702255374
250,zero_lag_correlation,0.8294979070704132
250,best_lag_correlation,0.8294979070704132
251,position_correlation,0.8348770814496651
251,position_cosine,0.8341742646311909
251,normalized_position_rmse,0.586434461044146
251,velocity_direction_cosine,0.6817161715527273
251,speed_profile_correlation,0.7509978813359427
251,path_length_similarity,0.9523432260563239
251,acceleration_direction_cosine,0.6474498814097572
251,zero_lag_correlation,0.8380959204141692
251,best_lag_correlation,0.8380959204141692
252,position_correlation,0.8761702620349431
252,position_cosine,0.8562876757961368
252,normalized_position_rmse,0.48946641922525713
252,velocity_direction_cosine,0.671832688902499
252,speed_profile_correlation,0.7380252225445361
252,path_length_similarity,0.9856320599800056
252,acceleration_direction_cosine,0.6445748612287059
252,zero_lag_correlation,0.8785295301455156
252,best_lag_correlation,0.8785295301455156
253,position_correlation,0.8970870106477837
253,position_cosine,0.8638865348220911
253,normalized_position_rmse,0.4545674961478988
253,velocity_direction_cosine,0.6625225100864539
253,speed_profile_correlation,0.7859403501536595
253,path_length_similarity,0.9375004251430773
253,acceleration_direction_cosine,0.593937165600611
253,zero_lag_correlation,0.899942744281603
253,best_lag_correlation,0.899942744281603
254,position_correlation,0.8709604897702359
254,position_cosine,0.8483428759121402
254,normalized_position_rmse,0.5051200799894494
254,velocity_direction_cosine,0.6789319998318896
254,speed_profile_correlation,0.7816551431626497
254,path_length_similarity,0.9955917251315016
254,acceleration_direction_cosine,0.6282969936702887
254,zero_lag_correlation,0.8731083191169613
254,best_lag_correlation,0.8731083191169613
255,position_correlation,0.8124926594878997
255,position_cosine,0.795098607610926
255,normalized_position_rmse,0.6325027002226087
255,velocity_direction_cosine,0.6372848374179036
255,speed_profile_correlation,0.6980205888492385
255,path_length_similarity,0.8596398342938679
255,acceleration_direction_cosine,0.6042813891434987
255,zero_lag_correlation,0.8154803149105196
255,best_lag_correlation,0.8154803149105196
256,position_correlation,0.8499692864317068
256,position_cosine,0.8563212785701565
256,normalized_position_rmse,0.5284906736215775
256,velocity_direction_cosine,0.6433739981278074
256,speed_profile_correlation,0.6947948522475605
256,path_length_similarity,0.9300066982532481
256,acceleration_direction_cosine,0.6193760217829161
256,zero_lag_correlation,0.8538080996045574
256,best_lag_correlation,0.8538080996045574
257,position_correlation,0.8484617413225497
257,position_cosine,0.8306504916532482
257,normalized_position_rmse,0.5645787497997261
257,velocity_direction_cosine,0.6598856330795068
257,speed_profile_correlation,0.7170952423944883
257,path_length_similarity,0.9553290977112013
257,acceleration_direction_cosine,0.6269421484144391
257,zero_lag_correlation,0.8513565471463427
257,best_lag_correlation,0.8513565471463427
258,position_correlation,0.857900535023161
258,position_cosine,0.8311174378131345
258,normalized_position_rmse,0.5715556208618128
258,velocity_direction_cosine,0.6498861894597808
258,speed_profile_correlation,0.7524456747671933
258,path_length_similarity,0.940168540569739
258,acceleration_direction_cosine,0.6189580608620704
258,zero_lag_correlation,0.8599838110997956
258,best_lag_correlation,0.8599838110997956
259,position_correlation,0.8737180515144429
259,position_cosine,0.8659072396055367
259,normalized_position_rmse,0.49051121621464316
259,velocity_direction_cosine,0.700169811635621
259,speed_profile_correlation,0.7633664962220271
259,path_length_similarity,0.9405092515634164
259,acceleration_direction_cosine,0.656788544644527
259,zero_lag_correlation,0.8759158396895514
259,best_lag_correlation,0.8759158396895514
260,position_correlation,0.8744556000208552
260,position_cosine,0.8544046836096886
260,normalized_position_rmse,0.49386730586350636
260,velocity_direction_cosine,0.6774618248262118
260,speed_profile_correlation,0.7816092359138486
260,path_length_similarity,0.9016597703927339
260,acceleration_direction_cosine,0.615614321443922
260,zero_lag_correlation,0.8770710475127093
260,best_lag_correlation,0.8770710475127093
261,position_correlation,0.8474525008375631
261,position_cosine,0.8324700897833535
261,normalized_position_rmse,0.5981038684410226
261,velocity_direction_cosine,0.6267320452484075
261,speed_profile_correlation,0.7131982416338006
261,path_length_similarity,0.9472025847410953
261,acceleration_direction_cosine,0.5944967892758666
261,zero_lag_correlation,0.8507373010900374
261,best_lag_correlation,0.8507373010900374
262,position_correlation,0.8700024614405064
262,position_cosine,0.8708973175615686
262,normalized_position_rmse,0.5258653735257188
262,velocity_direction_cosine,0.6953075641209462
262,speed_profile_correlation,0.764688265440798
262,path_length_similarity,0.9472679335074946
262,acceleration_direction_cosine,0.621303359123443
262,zero_lag_correlation,0.8723961988053629
262,best_lag_correlation,0.8725546972721483
263,position_correlation,0.8094759353557239
263,position_cosine,0.7822142923714931
263,normalized_position_rmse,0.6058722599276457
263,velocity_direction_cosine,0.6454474891660517
263,speed_profile_correlation,0.7156174015376551
263,path_length_similarity,0.8760225282426117
263,acceleration_direction_cosine,0.5924249040081364
263,zero_lag_correlation,0.8158320595927326
263,best_lag_correlation,0.8158320595927326
264,position_correlation,0.8486713920602351
264,position_cosine,0.8573483021670597
264,normalized_position_rmse,0.5512474299922715
264,velocity_direction_cosine,0.6725881757021372
264,speed_profile_correlation,0.7203735025069964
264,path_length_similarity,0.958407563437663
264,acceleration_direction_cosine,0.6305167099095519
264,zero_lag_correlation,0.8510559003677688
264,best_lag_correlation,0.8510559003677688
265,position_correlation,0.8425716473168763
265,position_cosine,0.8358579256924732
265,normalized_position_rmse,0.5852372401279663
265,velocity_direction_cosine,0.6834177057057681
265,speed_profile_correlation,0.7464885402485975
265,path_length_similarity,0.931893793698915
265,acceleration_direction_cosine,0.6350277362099317
265,zero_lag_correlation,0.8461331843684949
265,best_lag_correlation,0.8461331843684949
266,position_correlation,0.8007852002362955
266,position_cosine,0.8123229311997514
266,normalized_position_rmse,0.61643344765823
266,velocity_direction_cosine,0.6343714254413427
266,speed_profile_correlation,0.7134551321598296
266,path_length_similarity,0.9822004413229574
266,acceleration_direction_cosine,0.5846892769120694
266,zero_lag_correlation,0.8046431974207999
266,best_lag_correlation,0.8046431974207999
267,position_correlation,0.8541214037729584
267,position_cosine,0.8522442439670118
267,normalized_position_rmse,0.5634574064405696
267,velocity_direction_cosine,0.6945020610597877
267,speed_profile_correlation,0.737572005741845
267,path_length_similarity,0.9493617537063543
267,acceleration_direction_cosine,0.6553968030017789
267,zero_lag_correlation,0.8570086634529436
267,best_lag_correlation,0.8570086634529436
268,position_correlation,0.8487807302362189
268,position_cosine,0.8324210027420337
268,normalized_position_rmse,0.5483589773148454
268,velocity_direction_cosine,0.655533905426369
268,speed_profile_correlation,0.7242607205019204
268,path_length_similarity,0.9878830467710729
268,acceleration_direction_cosine,0.608737758586297
268,zero_lag_correlation,0.8517517052383348
268,best_lag_correlation,0.8517517052383348
269,position_correlation,0.8809437708127206
269,position_cosine,0.865061000178574
269,normalized_position_rmse,0.4985971814004281
269,velocity_direction_cosine,0.6473554731252861
269,speed_profile_correlation,0.8213811815167895
269,path_length_similarity,0.9805142131756172
269,acceleration_direction_cosine,0.6050492827328351
269,zero_lag_correlation,0.8830578443509949
269,best_lag_correlation,0.8830578443509949
270,position_correlation,0.8561037459107868
270,position_cosine,0.8465350826947503
270,normalized_position_rmse,0.5358530426661438
270,velocity_direction_cosine,0.6312845320937444
270,speed_profile_correlation,0.7475766173014899
270,path_length_similarity,0.9294802929022469
270,acceleration_direction_cosine,0.6076456773038612
270,zero_lag_correlation,0.8584030841721202
270,best_lag_correlation,0.8584030841721202
271,position_correlation,0.8613210157048021
271,position_cosine,0.8529576142041615
271,normalized_position_rmse,0.5665959096624016
271,velocity_direction_cosine,0.665743028500261
271,speed_profile_correlation,0.7469989873502402
271,path_length_similarity,0.9091626938500527
271,acceleration_direction_cosine,0.640897710155156
271,zero_lag_correlation,0.8647115241046084
271,best_lag_correlation,0.8647115241046084
272,position_correlation,0.8611291370412548
272,position_cosine,0.8669910399546593
272,normalized_position_rmse,0.5219941273009532
272,velocity_direction_cosine,0.6374697146564758
272,speed_profile_correlation,0.7205336290781562
272,path_length_similarity,0.9302412762966871
272,acceleration_direction_cosine,0.5965407715606157
272,zero_lag_correlation,0.8636225709400234
272,best_lag_correlation,0.8636225709400234
273,position_correlation,0.8431859184820736
273,position_cosine,0.8485049106993425
273,normalized_position_rmse,0.5480838571215636
273,velocity_direction_cosine,0.6552125883800984
273,speed_profile_correlation,0.7285440093631003
273,path_length_similarity,0.9884267978358395
273,acceleration_direction_cosine,0.6261133778056445
273,zero_lag_correlation,0.8462215134345173
273,best_lag_correlation,0.8462215134345173
274,position_correlation,0.8537233637230572
274,position_cosine,0.835187856208708
274,normalized_position_rmse,0.5987031722491627
274,velocity_direction_cosine,0.695009141495128
274,speed_profile_correlation,0.752071691309691
274,path_length_similarity,0.8810959015046764
274,acceleration_direction_cosine,0.637070987219505
274,zero_lag_correlation,0.8577944580018928
274,best_lag_correlation,0.8577944580018928
275,position_correlation,0.833737766380069
275,position_cosine,0.837364565819588
275,normalized_position_rmse,0.5733271445823888
275,velocity_direction_cosine,0.656134238392988
275,speed_profile_correlation,0.6977741042996942
275,path_length_similarity,0.9907286713618916
275,acceleration_direction_cosine,0.5987698432090455
275,zero_lag_correlation,0.8365686221448722
275,best_lag_correlation,0.8381157602816971
276,position_correlation,0.8722622385439411
276,position_cosine,0.8391906546600665
276,normalized_position_rmse,0.5701585981398042
276,velocity_direction_cosine,0.6464594399840182
276,speed_profile_correlation,0.7711923120813012
276,path_length_similarity,0.8838042485754551
276,acceleration_direction_cosine,0.5943702811547945
276,zero_lag_correlation,0.8742342286550244
276,best_lag_correlation,0.8742342286550244
277,position_correlation,0.8574436862524437
277,position_cosine,0.8344015703742685
277,normalized_position_rmse,0.5430022621927807
277,velocity_direction_cosine,0.6566418560900553
277,speed_profile_correlation,0.7597472909546659
277,path_length_similarity,0.9937572058152216
277,acceleration_direction_cosine,0.6051271334995583
277,zero_lag_correlation,0.8597975196354788
277,best_lag_correlation,0.8597975196354788
278,position_correlation,0.8786372251873813
278,position_cosine,0.8590372670754189
278,normalized_position_rmse,0.50674148199417
278,velocity_direction_cosine,0.6628488818324064
278,speed_profile_correlation,0.7718044899758757
278,path_length_similarity,0.9388890910892165
278,acceleration_direction_cosine,0.6039118745352039
278,zero_lag_correlation,0.8809397671395403
278,best_lag_correlation,0.8809397671395403
279,position_correlation,0.8800344756364913
279,position_cosine,0.860448740856129
279,normalized_position_rmse,0.48755516287799283
279,velocity_direction_cosine,0.6633681550388658
279,speed_profile_correlation,0.7885448222226371
279,path_length_similarity,0.9978221136425107
279,acceleration_direction_cosine,0.6142138031790725
279,zero_lag_correlation,0.8823906017366612
279,best_lag_correlation,0.8823906017366612
280,position_correlation,0.8728823145356086
280,position_cosine,0.8593508729655044
280,normalized_position_rmse,0.5081845207431457
280,velocity_direction_cosine,0.6773130142340573
280,speed_profile_correlation,0.7865921376357797
280,path_length_similarity,0.9451565097862913
280,acceleration_direction_cosine,0.6446334660486597
280,zero_lag_correlation,0.8751889330792999
280,best_lag_correlation,0.8751889330792999
281,position_correlation,0.8561187522989679
281,position_cosine,0.8491440014496957
281,normalized_position_rmse,0.5203615489782597
281,velocity_direction_cosine,0.6880019131883157
281,speed_profile_correlation,0.7261244760517336
281,path_length_similarity,0.9721123463614508
281,acceleration_direction_cosine,0.633015209596041
281,zero_lag_correlation,0.8593266586353533
281,best_lag_correlation,0.8593266586353533
282,position_correlation,0.8636355792305676
282,position_cosine,0.8678765878201173
282,normalized_position_rmse,0.5376404951925833
282,velocity_direction_cosine,0.6612616448548044
282,speed_profile_correlation,0.7693854115928238
282,path_length_similarity,0.9805073391787348
282,acceleration_direction_cosine,0.6178871632192424
282,zero_lag_correlation,0.8658167115606779
282,best_lag_correlation,0.8658167115606779
283,position_correlation,0.799856951106457
283,position_cosine,0.7805863749698201
283,normalized_position_rmse,0.6428176715118337
283,velocity_direction_cosine,0.6681604383035326
283,speed_profile_correlation,0.7157442389850397
283,path_length_similarity,0.9394091335478356
283,acceleration_direction_cosine,0.6389979429804978
283,zero_lag_correlation,0.8030861160564022
283,best_lag_correlation,0.8030861160564022
284,position_correlation,0.8058324571737364
284,position_cosine,0.8156055519735519
284,normalized_position_rmse,0.6386861118603161
284,velocity_direction_cosine,0.7002999680832152
284,speed_profile_correlation,0.7438528611026951
284,path_length_similarity,0.9214772982851747
284,acceleration_direction_cosine,0.6622343600649399
284,zero_lag_correlation,0.8095087859289404
284,best_lag_correlation,0.8095087859289404
285,position_correlation,0.8605646833889066
285,position_cosine,0.8337561605535827
285,normalized_position_rmse,0.5138784717823618
285,velocity_direction_cosine,0.6647630119706096
285,speed_profile_correlation,0.7763262489299918
285,path_length_similarity,0.9614458799199952
285,acceleration_direction_cosine,0.6286826683282335
285,zero_lag_correlation,0.8636574424185555
285,best_lag_correlation,0.8636574424185555
286,position_correlation,0.8606633181826024
286,position_cosine,0.83548793797187
286,normalized_position_rmse,0.526347061755906
286,velocity_direction_cosine,0.6728229348278908
286,speed_profile_correlation,0.7966128722518415
286,path_length_similarity,0.8646876293833173
286,acceleration_direction_cosine,0.6135956221197135
286,zero_lag_correlation,0.8643684856632283
286,best_lag_correlation,0.8649299308802653
287,position_correlation,0.8560658867743991
287,position_cosine,0.8411792088763778
287,normalized_position_rmse,0.5249435653317482
287,velocity_direction_cosine,0.6404953049006464
287,speed_profile_correlation,0.6965679099838027
287,path_length_similarity,0.9842640875876855
287,acceleration_direction_cosine,0.598281088322576
287,zero_lag_correlation,0.8580747697134882
287,best_lag_correlation,0.8580747697134882
288,position_correlation,0.8758953112064156
288,position_cosine,0.8627009924563632
288,normalized_position_rmse,0.5351497687082682
288,velocity_direction_cosine,0.6505219113904073
288,speed_profile_correlation,0.7476804857030617
288,path_length_similarity,0.9193262918521972
288,acceleration_direction_cosine,0.6004586405945116
288,zero_lag_correlation,0.8785607353149666
288,best_lag_correlation,0.8785607353149666
289,position_correlation,0.8086207404028845
289,position_cosine,0.8166054390049137
289,normalized_position_rmse,0.6085767670718576
289,velocity_direction_cosine,0.6205805413064772
289,speed_profile_correlation,0.6442820335977989
289,path_length_similarity,0.9725345053091915
289,acceleration_direction_cosine,0.5778229833662197
289,zero_lag_correlation,0.8116254300201422
289,best_lag_correlation,0.8116254300201422
290,position_correlation,0.8500588023712521
290,position_cosine,0.8460825595495147
290,normalized_position_rmse,0.5547653672163934
290,velocity_direction_cosine,0.6478652624966295
290,speed_profile_correlation,0.7450865358565837
290,path_length_similarity,0.9536654664717716
290,acceleration_direction_cosine,0.6037847954554004
290,zero_lag_correlation,0.8527496119077371
290,best_lag_correlation,0.8527496119077371
291,position_correlation,0.8554491738072484
291,position_cosine,0.8375357543528691
291,normalized_position_rmse,0.5545159624552283
291,velocity_direction_cosine,0.6791084862233907
291,speed_profile_correlation,0.7404622750627922
291,path_length_similarity,0.9922488778471693
291,acceleration_direction_cosine,0.64649853338664
291,zero_lag_correlation,0.8585484657757747
291,best_lag_correlation,0.8585484657757747
292,position_correlation,0.8482610300155595
292,position_cosine,0.8432920435352047
292,normalized_position_rmse,0.5812188354961091
292,velocity_direction_cosine,0.6330463564485979
292,speed_profile_correlation,0.7189987740091909
292,path_length_similarity,0.8734588725624423
292,acceleration_direction_cosine,0.5631521257959119
292,zero_lag_correlation,0.851773952528758
292,best_lag_correlation,0.851773952528758
293,position_correlation,0.8542384370650541
293,position_cosine,0.8111639610325129
293,normalized_position_rmse,0.6632445506045
293,velocity_direction_cosine,0.6762852330087732
293,speed_profile_correlation,0.7363764192516915
293,path_length_similarity,0.8393260272113315
293,acceleration_direction_cosine,0.6101761873461365
293,zero_lag_correlation,0.8564546603906751
293,best_lag_correlation,0.857147562083137
294,position_correlation,0.8634407478746545
294,position_cosine,0.8488367933236228
294,normalized_position_rmse,0.5938205679273711
294,velocity_direction_cosine,0.6594495340295365
294,speed_profile_correlation,0.7471939697922011
294,path_length_similarity,0.9382833945379224
294,acceleration_direction_cosine,0.6174149309516631
294,zero_lag_correlation,0.8673768158275916
294,best_lag_correlation,0.8673768158275916
295,position_correlation,0.8536278075079259
295,position_cosine,0.8143221870051254
295,normalized_position_rmse,0.5655504786241607
295,velocity_direction_cosine,0.664460840481035
295,speed_profile_correlation,0.7613330187157853
295,path_length_similarity,0.9184726834406097
295,acceleration_direction_cosine,0.599827641455943
295,zero_lag_correlation,0.8565748797852537
295,best_lag_correlation,0.8565748797852537
296,position_correlation,0.8576403635477974
296,position_cosine,0.8295774690015681
296,normalized_position_rmse,0.5697199767577442
296,velocity_direction_cosine,0.6381515158505049
296,speed_profile_correlation,0.7428265275427033
296,path_length_similarity,0.9491785901101507
296,acceleration_direction_cosine,0.5793297660812649
296,zero_lag_correlation,0.8597027083002305
296,best_lag_correlation,0.8597027083002305
297,position_correlation,0.8401156280543285
297,position_cosine,0.8164940174937728
297,normalized_position_rmse,0.5939534528044101
297,velocity_direction_cosine,0.63872781829511
297,speed_profile_correlation,0.7436171196106355
297,path_length_similarity,0.9393177296255013
297,acceleration_direction_cosine,0.614742297159887
297,zero_lag_correlation,0.8428693716542073
297,best_lag_correlation,0.8428693716542073
298,position_correlation,0.8681089856628691
298,position_cosine,0.8480538214860543
298,normalized_position_rmse,0.5311230022397075
298,velocity_direction_cosine,0.6907932281612202
298,speed_profile_correlation,0.7618650670470644
298,path_length_similarity,0.8894217408527427
298,acceleration_direction_cosine,0.6467239365749718
298,zero_lag_correlation,0.8708602860719088
298,best_lag_correlation,0.8708602860719088
299,position_correlation,0.873180955815095
299,position_cosine,0.855805781209464
299,normalized_position_rmse,0.5317316811373605
299,velocity_direction_cosine,0.6749149738004323
299,speed_profile_correlation,0.7725506110087168
299,path_length_similarity,0.9073666789547696
299,acceleration_direction_cosine,0.6239993920183226
299,zero_lag_correlation,0.87584451351566
299,best_lag_correlation,0.87584451351566
300,position_correlation,0.8621585400867158
300,position_cosine,0.851584786179962
300,normalized_position_rmse,0.5335152227227675
300,velocity_direction_cosine,0.6736539435897301
300,speed_profile_correlation,0.7382699830711998
300,path_length_similarity,0.9215116983207193
300,acceleration_direction_cosine,0.6225920446048204
300,zero_lag_correlation,0.8646227426328467
300,best_lag_correlation,0.8646227426328467
301,position_correlation,0.8470998628634246
301,position_cosine,0.8469663103837908
301,normalized_position_rmse,0.5540259434862825
301,velocity_direction_cosine,0.6721552595982994
301,speed_profile_correlation,0.7364206399744455
301,path_length_similarity,0.9871757052155877
301,acceleration_direction_cosine,0.6290393016159895
301,zero_lag_correlation,0.8496680556795876
301,best_lag_correlation,0.8496680556795876
302,position_correlation,0.8857177910593654
302,position_cosine,0.8690816238762324
302,normalized_position_rmse,0.4715681752536712
302,velocity_direction_cosine,0.6658762556887798
302,speed_profile_correlation,0.7723985175591159
302,path_length_similarity,0.979621165888497
302,acceleration_direction_cosine,0.6081458042301139
302,zero_lag_correlation,0.8878409994063123
302,best_lag_correlation,0.8878409994063123
303,position_correlation,0.8413210936042742
303,position_cosine,0.8022151035018041
303,normalized_position_rmse,0.5572967610485674
303,velocity_direction_cosine,0.6718011304176775
303,speed_profile_correlation,0.7293628863740429
303,path_length_similarity,0.9782335849029091
303,acceleration_direction_cosine,0.6281091005818552
303,zero_lag_correlation,0.8439653503138248
303,best_lag_correlation,0.8439653503138248
304,position_correlation,0.853720836725222
304,position_cosine,0.8595392797961984
304,normalized_position_rmse,0.5319543924127036
304,velocity_direction_cosine,0.6676773850949478
304,speed_profile_correlation,0.7406546265129447
304,path_length_similarity,0.9722613261976355
304,acceleration_direction_cosine,0.6291729077570954
304,zero_lag_correlation,0.8563862611259871
304,best_lag_correlation,0.8563862611259871
305,position_correlation,0.8631211358813164
305,position_cosine,0.8461073946732363
305,normalized_position_rmse,0.5185807188641611
305,velocity_direction_cosine,0.638796346540631
305,speed_profile_correlation,0.7287389001370297
305,path_length_similarity,0.9998508173423879
305,acceleration_direction_cosine,0.5807354612840767
305,zero_lag_correlation,0.8655276525254878
305,best_lag_correlation,0.8655276525254878
306,position_correlation,0.8540395763644107
306,position_cosine,0.8495375206144079
306,normalized_position_rmse,0.570193917074417
306,velocity_direction_cosine,0.6508149193344945
306,speed_profile_correlation,0.7585085030279878
306,path_length_similarity,0.9265802617536965
306,acceleration_direction_cosine,0.6044545244489895
306,zero_lag_correlation,0.85648470364741
306,best_lag_correlation,0.85648470364741
307,position_correlation,0.877180935276801
307,position_cosine,0.8660607184897502
307,normalized_position_rmse,0.5085300078505601
307,velocity_direction_cosine,0.6683579347635082
307,speed_profile_correlation,0.7660082035978923
307,path_length_similarity,0.9062836730384215
307,acceleration_direction_cosine,0.6429254406033205
307,zero_lag_correlation,0.8794164340584841
307,best_lag_correlation,0.8794164340584841
308,position_correlation,0.8360273751216385
308,position_cosine,0.798868616335984
308,normalized_position_rmse,0.5619234094033684
308,velocity_direction_cosine,0.6349961916941084
308,speed_profile_correlation,0.7306089669217427
308,path_length_similarity,0.9940988503766474
308,acceleration_direction_cosine,0.5940603707717046
308,zero_lag_correlation,0.8385958661558579
308,best_lag_correlation,0.8385958661558579
309,position_correlation,0.8758558457835421
309,position_cosine,0.8589177322496654
309,normalized_position_rmse,0.5228049906144416
309,velocity_direction_cosine,0.6937817139879322
309,speed_profile_correlation,0.7314961030615765
309,path_length_similarity,0.9380840827494549
309,acceleration_direction_cosine,0.6206833907065342
309,zero_lag_correlation,0.8783504749859223
309,best_lag_correlation,0.8783504749859223
310,position_correlation,0.8324001788941011
310,position_cosine,0.8212745588013558
310,normalized_position_rmse,0.5625439306883595
310,velocity_direction_cosine,0.656442184186517
310,speed_profile_correlation,0.7185287940270696
310,path_length_similarity,0.9733712696481676
310,acceleration_direction_cosine,0.6253205484266826
310,zero_lag_correlation,0.8362978279318112
310,best_lag_correlation,0.8362978279318112
311,position_correlation,0.8469300862314357
311,position_cosine,0.8538402270020197
311,normalized_position_rmse,0.5398836580026776
311,velocity_direction_cosine,0.6546240032651441
311,speed_profile_correlation,0.71956356474509
311,path_length_similarity,0.9033105526505517
311,acceleration_direction_cosine,0.6015163209407643
311,zero_lag_correlation,0.8497646361961408
311,best_lag_correlation,0.8497646361961408
312,position_correlation,0.8687919608830259
312,position_cosine,0.859691518397053
312,normalized_position_rmse,0.5128161668902286
312,velocity_direction_cosine,0.6522999314339365
312,speed_profile_correlation,0.7087770910762579
312,path_length_similarity,0.9881501657810533
312,acceleration_direction_cosine,0.5986099865910381
312,zero_lag_correlation,0.8716123249899632
312,best_lag_correlation,0.8716123249899632
313,position_correlation,0.8584530378685711
313,position_cosine,0.8526978218237046
313,normalized_position_rmse,0.5186006211308782
313,velocity_direction_cosine,0.6650036617719901
313,speed_profile_correlation,0.7249335117434482
313,path_length_similarity,0.9764082152236626
313,acceleration_direction_cosine,0.6205936157517782
313,zero_lag_correlation,0.8610486903748406
313,best_lag_correlation,0.8612149554112656
314,position_correlation,0.8535167494189727
314,position_cosine,0.8378035275434781
314,normalized_position_rmse,0.5790065955257759
314,velocity_direction_cosine,0.6447957879315979
314,speed_profile_correlation,0.7336413531192558
314,path_length_similarity,0.9735713092873433
314,acceleration_direction_cosine,0.5911630120928957
314,zero_lag_correlation,0.8560668442886352
314,best_lag_correlation,0.8560668442886352
315,position_correlation,0.881962959093224
315,position_cosine,0.8482019674787957
315,normalized_position_rmse,0.48000436491375914
315,velocity_direction_cosine,0.6767366968549074
315,speed_profile_correlation,0.8084385279192347
315,path_length_similarity,0.9735191814127768
315,acceleration_direction_cosine,0.6402163642241061
315,zero_lag_correlation,0.8839749920998572
315,best_lag_correlation,0.8839749920998572
316,position_correlation,0.8691363279057752
316,position_cosine,0.8581062794521062
316,normalized_position_rmse,0.5071370752065255
316,velocity_direction_cosine,0.6507214864594929
316,speed_profile_correlation,0.7230370680900632
316,path_length_similarity,0.9213001112350377
316,acceleration_direction_cosine,0.5995104106121317
316,zero_lag_correlation,0.8715540442637032
316,best_lag_correlation,0.8715540442637032
317,position_correlation,0.8719490137437124
317,position_cosine,0.8375548828922085
317,normalized_position_rmse,0.4973137679221379
317,velocity_direction_cosine,0.6385401567590776
317,speed_profile_correlation,0.7620235648729351
317,path_length_similarity,0.9531482911674211
317,acceleration_direction_cosine,0.6002039024397722
317,zero_lag_correlation,0.8737027697385988
317,best_lag_correlation,0.8737027697385988
318,position_correlation,0.8715188230205524
318,position_cosine,0.8459839394092555
318,normalized_position_rmse,0.5135586910414082
318,velocity_direction_cosine,0.6731546128147816
318,speed_profile_correlation,0.780614123145766
318,path_length_similarity,0.9586447651638478
318,acceleration_direction_cosine,0.6378728289562053
318,zero_lag_correlation,0.8737849269973452
318,best_lag_correlation,0.8737849269973452
319,position_correlation,0.8633383866312653
319,position_cosine,0.8416395842379929
319,normalized_position_rmse,0.5329761036455255
319,velocity_direction_cosine,0.6577044828596952
319,speed_profile_correlation,0.7553317643074919
319,path_length_similarity,0.9263514278339328
319,acceleration_direction_cosine,0.5976399829286225
319,zero_lag_correlation,0.8655561397352649
319,best_lag_correlation,0.8655561397352649
320,position_correlation,0.8562104272883903
320,position_cosine,0.8410028639425718
320,normalized_position_rmse,0.5479872898675461
320,velocity_direction_cosine,0.6744261503708733
320,speed_profile_correlation,0.7552006969721671
320,path_length_similarity,0.9856355106230694
320,acceleration_direction_cosine,0.627169179325998
320,zero_lag_correlation,0.8592825994721702
320,best_lag_correlation,0.8592825994721702
321,position_correlation,0.8791655033554425
321,position_cosine,0.8432456378650639
321,normalized_position_rmse,0.48915520440088034
321,velocity_direction_cosine,0.6519194451636844
321,speed_profile_correlation,0.764919595103151
321,path_length_similarity,0.9375725509324598
321,acceleration_direction_cosine,0.5981806423780257
321,zero_lag_correlation,0.8819029331965129
321,best_lag_correlation,0.8819029331965129
322,position_correlation,0.8597417271371456
322,position_cosine,0.8665056906823241
322,normalized_position_rmse,0.5202119013178903
322,velocity_direction_cosine,0.6966566888045194
322,speed_profile_correlation,0.7471140479483114
322,path_length_similarity,0.9416161893397704
322,acceleration_direction_cosine,0.6464138052442342
322,zero_lag_correlation,0.8633636560868627
322,best_lag_correlation,0.8633636560868627
323,position_correlation,0.8594445726516544
323,position_cosine,0.8602577878542964
323,normalized_position_rmse,0.5315894072459628
323,velocity_direction_cosine,0.6399480273497583
323,speed_profile_correlation,0.7137894725733986
323,path_length_similarity,0.9671799846031404
323,acceleration_direction_cosine,0.586634340995017
323,zero_lag_correlation,0.8620786817273027
323,best_lag_correlation,0.8620786817273027
324,position_correlation,0.8581717037507033
324,position_cosine,0.8554645984239932
324,normalized_position_rmse,0.5160354568178311
324,velocity_direction_cosine,0.6622671645891925
324,speed_profile_correlation,0.7380419951339859
324,path_length_similarity,0.9626429800134636
324,acceleration_direction_cosine,0.6133015409401275
324,zero_lag_correlation,0.8605603917951232
324,best_lag_correlation,0.8605603917951232
325,position_correlation,0.8624027122272488
325,position_cosine,0.8404508123949092
325,normalized_position_rmse,0.5304802464056031
325,velocity_direction_cosine,0.6591635637807972
325,speed_profile_correlation,0.7629730909287582
325,path_length_similarity,0.9394385940403503
325,acceleration_direction_cosine,0.6138195857337273
325,zero_lag_correlation,0.8649671738455528
325,best_lag_correlation,0.8649671738455528
326,position_correlation,0.864755369331563
326,position_cosine,0.8347755604343738
326,normalized_position_rmse,0.5092935270038179
326,velocity_direction_cosine,0.614354942945918
326,speed_profile_correlation,0.7289390596329957
326,path_length_similarity,0.9271601842460148
326,acceleration_direction_cosine,0.593992215153263
326,zero_lag_correlation,0.8673479409310167
326,best_lag_correlation,0.8673479409310167
327,position_correlation,0.8621766603569174
327,position_cosine,0.8492183960375446
327,normalized_position_rmse,0.5511595040008809
327,velocity_direction_cosine,0.6336768203911274
327,speed_profile_correlation,0.7266517488489187
327,path_length_similarity,0.8978961624903242
327,acceleration_direction_cosine,0.565877961615453
327,zero_lag_correlation,0.8644406736421519
327,best_lag_correlation,0.8644406736421519
328,position_correlation,0.8310544541398959
328,position_cosine,0.8113442789785077
328,normalized_position_rmse,0.5771240828955153
328,velocity_direction_cosine,0.6323716915244137
328,speed_profile_correlation,0.722191881470711
328,path_length_similarity,0.9839486076275188
328,acceleration_direction_cosine,0.5838268572231072
328,zero_lag_correlation,0.8335712877569994
328,best_lag_correlation,0.8335712877569994
329,position_correlation,0.8843303021946376
329,position_cosine,0.8644784083219408
329,normalized_position_rmse,0.4714360639906523
329,velocity_direction_cosine,0.6855200989723702
329,speed_profile_correlation,0.7797450468962631
329,path_length_similarity,0.9509717326667119
329,acceleration_direction_cosine,0.637119800306909
329,zero_lag_correlation,0.8862082876063371
329,best_lag_correlation,0.8862082876063371
330,position_correlation,0.8581867257696363
330,position_cosine,0.8488966785244029
330,normalized_position_rmse,0.5370532805625934
330,velocity_direction_cosine,0.6484617025652653
330,speed_profile_correlation,0.7298615319009844
330,path_length_similarity,0.9593387937876047
330,acceleration_direction_cosine,0.6151503406971107
330,zero_lag_correlation,0.8610777794608104
330,best_lag_correlation,0.8610777794608104
331,position_correlation,0.8433088081745516
331,position_cosine,0.8139266580389609
331,normalized_position_rmse,0.5885947179153501
331,velocity_direction_cosine,0.6539260129969573
331,speed_profile_correlation,0.7487366747280423
331,path_length_similarity,0.8893756389599908
331,acceleration_direction_cosine,0.5979807497261878
331,zero_lag_correlation,0.8470441627351668
331,best_lag_correlation,0.8470441627351668
332,position_correlation,0.8603830209164989
332,position_cosine,0.8541151281607593
332,normalized_position_rmse,0.5295875036994098
332,velocity_direction_cosine,0.6560035008561794
332,speed_profile_correlation,0.7567626758205994
332,path_length_similarity,0.9516977832997304
332,acceleration_direction_cosine,0.606882421132288
332,zero_lag_correlation,0.8625926828201264
332,best_lag_correlation,0.8625926828201264
333,position_correlation,0.8353652255477656
333,position_cosine,0.8185781964112214
333,normalized_position_rmse,0.5747029727388718
333,velocity_direction_cosine,0.649642567569994
333,speed_profile_correlation,0.7176839135071545
333,path_length_similarity,0.9772189228167645
333,acceleration_direction_cosine,0.6034312611381648
333,zero_lag_correlation,0.8378656627054604
333,best_lag_correlation,0.8378656627054604
334,position_correlation,0.8590556424798754
334,position_cosine,0.8507615642577089
334,normalized_position_rmse,0.5437344614382219
334,velocity_direction_cosine,0.6625326036645052
334,speed_profile_correlation,0.7327486665120849
334,path_length_similarity,0.9665982245334073
334,acceleration_direction_cosine,0.6018468288967771
334,zero_lag_correlation,0.861442968219843
334,best_lag_correlation,0.861442968219843
335,position_correlation,0.8663494047151812
335,position_cosine,0.8721738520811347
335,normalized_position_rmse,0.5411602715626719
335,velocity_direction_cosine,0.6771536042617158
335,speed_profile_correlation,0.7294702704412253
335,path_length_similarity,0.9134165022595252
335,acceleration_direction_cosine,0.6243547496218096
335,zero_lag_correlation,0.8693650692448509
335,best_lag_correlation,0.8693650692448509
336,position_correlation,0.874208421476332
336,position_cosine,0.8774126682124902
336,normalized_position_rmse,0.5076231966181534
336,velocity_direction_cosine,0.6635218145969088
336,speed_profile_correlation,0.7692641806409128
336,path_length_similarity,0.9869049680489733
336,acceleration_direction_cosine,0.6180782094908435
336,zero_lag_correlation,0.8765620531435236
336,best_lag_correlation,0.8765620531435236
337,position_correlation,0.8366154352340163
337,position_cosine,0.8162308520172286
337,normalized_position_rmse,0.5852087195214862
337,velocity_direction_cosine,0.6842167918753239
337,speed_profile_correlation,0.7288849685811385
337,path_length_similarity,0.9751407547285408
337,acceleration_direction_cosine,0.6425999748434053
337,zero_lag_correlation,0.8393126320230513
337,best_lag_correlation,0.8393126320230513
338,position_correlation,0.8189557812875576
338,position_cosine,0.8144120833015519
338,normalized_position_rmse,0.6087579037314769
338,velocity_direction_cosine,0.6840650832034392
338,speed_profile_correlation,0.7091335034473524
338,path_length_similarity,0.9539705845109335
338,acceleration_direction_cosine,0.6304758914353376
338,zero_lag_correlation,0.8221471851886435
338,best_lag_correlation,0.8221471851886435
339,position_correlation,0.8547462586364551
339,position_cosine,0.8437162862815497
339,normalized_position_rmse,0.5352161037338348
339,velocity_direction_cosine,0.6623059729390738
339,speed_profile_correlation,0.6836146652936849
339,path_length_similarity,0.8838347417645327
339,acceleration_direction_cosine,0.6161598032086765
339,zero_lag_correlation,0.8588410688957404
339,best_lag_correlation,0.8588410688957404
340,position_correlation,0.8075574484594232
340,position_cosine,0.7824773611401428
340,normalized_position_rmse,0.6405279713229134
340,velocity_direction_cosine,0.6433795373573105
340,speed_profile_correlation,0.7021818354781678
340,path_length_similarity,0.9468260635767664
340,acceleration_direction_cosine,0.5997797167724929
340,zero_lag_correlation,0.8109190775931951
340,best_lag_correlation,0.8109190775931951
341,position_correlation,0.882448902225473
341,position_cosine,0.8659934937628888
341,normalized_position_rmse,0.4771323474283896
341,velocity_direction_cosine,0.6889560884815875
341,speed_profile_correlation,0.7629840092620278
341,path_length_similarity,0.921245735997224
341,acceleration_direction_cosine,0.6448530783913738
341,zero_lag_correlation,0.8846950480713687
341,best_lag_correlation,0.8846950480713687
342,position_correlation,0.8527705687824563
342,position_cosine,0.8319077270937438
342,normalized_position_rmse,0.5272911798667029
342,velocity_direction_cosine,0.6468883053442345
342,speed_profile_correlation,0.7644617618225688
342,path_length_similarity,0.9699766520224696
342,acceleration_direction_cosine,0.617285190945779
342,zero_lag_correlation,0.8551001683300709
342,best_lag_correlation,0.8551001683300709
343,position_correlation,0.8845912157108584
343,position_cosine,0.8660154822974955
343,normalized_position_rmse,0.4763958551873245
343,velocity_direction_cosine,0.6811701809202301
343,speed_profile_correlation,0.7660424532035089
343,path_length_similarity,0.9506456521374788
343,acceleration_direction_cosine,0.618094636914973
343,zero_lag_correlation,0.8869669633002181
343,best_lag_correlation,0.8869669633002181
344,position_correlation,0.8474122916048962
344,position_cosine,0.8376007461148653
344,normalized_position_rmse,0.5595372563603512
344,velocity_direction_cosine,0.6571542828784379
344,speed_profile_correlation,0.7317642611083582
344,path_length_similarity,0.9983429040255911
344,acceleration_direction_cosine,0.6010285603429565
344,zero_lag_correlation,0.8499297410130375
344,best_lag_correlation,0.8499297410130375
345,position_correlation,0.8432728817913652
345,position_cosine,0.8210906351248957
345,normalized_position_rmse,0.5640379103370622
345,velocity_direction_cosine,0.6615651459343385
345,speed_profile_correlation,0.7410940185490978
345,path_length_similarity,0.9596971854214164
345,acceleration_direction_cosine,0.6079133466499492
345,zero_lag_correlation,0.8460564508215087
345,best_lag_correlation,0.8460564508215087
346,position_correlation,0.8366462269466438
346,position_cosine,0.8073500465431228
346,normalized_position_rmse,0.642991012432666
346,velocity_direction_cosine,0.6451155594011266
346,speed_profile_correlation,0.7499399811044517
346,path_length_similarity,0.8529303265314259
346,acceleration_direction_cosine,0.6177493396945477
346,zero_lag_correlation,0.8404526429058268
346,best_lag_correlation,0.8404526429058268
347,position_correlation,0.8589735796312374
347,position_cosine,0.8371154406303543
347,normalized_position_rmse,0.5221091931744528
347,velocity_direction_cosine,0.6725390745805468
347,speed_profile_correlation,0.772165172049767
347,path_length_similarity,0.859210638475446
347,acceleration_direction_cosine,0.6310251911959321
347,zero_lag_correlation,0.8619232220039144
347,best_lag_correlation,0.8619232220039144
348,position_correlation,0.8585196127755332
348,position_cosine,0.8396828095849217
348,normalized_position_rmse,0.5286392479249667
348,velocity_direction_cosine,0.670433338948148
348,speed_profile_correlation,0.7702954275340397
348,path_length_similarity,0.973671444337028
348,acceleration_direction_cosine,0.6261156202021444
348,zero_lag_correlation,0.8609280069502305
348,best_lag_correlation,0.8609280069502305
349,position_correlation,0.8610443988369839
349,position_cosine,0.8720159256519893
349,normalized_position_rmse,0.5326531273537916
349,velocity_direction_cosine,0.6694774471174125
349,speed_profile_correlation,0.7323284628671783
349,path_length_similarity,0.923656093806014
349,acceleration_direction_cosine,0.6424657581305527
349,zero_lag_correlation,0.8631980943637917
349,best_lag_correlation,0.8631980943637917
350,position_correlation,0.8692501375826901
350,position_cosine,0.8598626157280822
350,normalized_position_rmse,0.5304038452678762
350,velocity_direction_cosine,0.6529023316670329
350,speed_profile_correlation,0.7398244066983778
350,path_length_similarity,0.9961262165934347
350,acceleration_direction_cosine,0.6180781202138499
350,zero_lag_correlation,0.8714113889625578
350,best_lag_correlation,0.8714113889625578
351,position_correlation,0.893465381536242
351,position_cosine,0.8923724198248931
351,normalized_position_rmse,0.46477243562125875
351,velocity_direction_cosine,0.6731490164613916
351,speed_profile_correlation,0.7473579495509115
351,path_length_similarity,0.9868105772301159
351,acceleration_direction_cosine,0.6286720029168894
351,zero_lag_correlation,0.8956631292488995
351,best_lag_correlation,0.8956631292488995
352,position_correlation,0.8692995245650841
352,position_cosine,0.8396618902764728
352,normalized_position_rmse,0.5057476745918529
352,velocity_direction_cosine,0.6503099138627324
352,speed_profile_correlation,0.7517288085143429
352,path_length_similarity,0.995373971178618
352,acceleration_direction_cosine,0.5974559585223419
352,zero_lag_correlation,0.8714546771819582
352,best_lag_correlation,0.8714546771819582
353,position_correlation,0.836219019581582
353,position_cosine,0.8396846847915332
353,normalized_position_rmse,0.5866739076184772
353,velocity_direction_cosine,0.7053177783971974
353,speed_profile_correlation,0.7209582624481384
353,path_length_similarity,0.9885499051951417
353,acceleration_direction_cosine,0.6834573813658965
353,zero_lag_correlation,0.8396485905074498
353,best_lag_correlation,0.8396485905074498
354,position_correlation,0.8694661811852565
354,position_cosine,0.8595357619034928
354,normalized_position_rmse,0.5051043263257048
354,velocity_direction_cosine,0.6954726672591448
354,speed_profile_correlation,0.7381689316511686
354,path_length_similarity,0.9496380510808221
354,acceleration_direction_cosine,0.638653276763609
354,zero_lag_correlation,0.8721848611122491
354,best_lag_correlation,0.8721848611122491
355,position_correlation,0.845252398933594
355,position_cosine,0.8479162646083029
355,normalized_position_rmse,0.5506878850316043
355,velocity_direction_cosine,0.6549174627033569
355,speed_profile_correlation,0.7431883525357574
355,path_length_similarity,0.9764928118084709
355,acceleration_direction_cosine,0.6196399266884225
355,zero_lag_correlation,0.8482641214043513
355,best_lag_correlation,0.8482641214043513
356,position_correlation,0.870399928807652
356,position_cosine,0.8557853180511511
356,normalized_position_rmse,0.5063599038539812
356,velocity_direction_cosine,0.6518297927933602
356,speed_profile_correlation,0.764844485808794
356,path_length_similarity,0.8980837287254283
356,acceleration_direction_cosine,0.6110945807215974
356,zero_lag_correlation,0.8729000393244454
356,best_lag_correlation,0.8729000393244454
357,position_correlation,0.8668750248089558
357,position_cosine,0.8410385818117525
357,normalized_position_rmse,0.5506472868457424
357,velocity_direction_cosine,0.6650474734796347
357,speed_profile_correlation,0.764332414611194
357,path_length_similarity,0.9856666943503779
357,acceleration_direction_cosine,0.622845420444962
357,zero_lag_correlation,0.8691871318013191
357,best_lag_correlation,0.8691871318013191
358,position_correlation,0.8578138087424392
358,position_cosine,0.836557973299026
358,normalized_position_rmse,0.5406058518603337
358,velocity_direction_cosine,0.670620981894543
358,speed_profile_correlation,0.7080460311147136
358,path_length_similarity,0.9709859222320132
358,acceleration_direction_cosine,0.6072950332839977
358,zero_lag_correlation,0.8598940399163162
358,best_lag_correlation,0.8598940399163162
359,position_correlation,0.866319789077199
359,position_cosine,0.8482350685399543
359,normalized_position_rmse,0.5187839036801243
359,velocity_direction_cosine,0.6589986330424117
359,speed_profile_correlation,0.7465015063614284
359,path_length_similarity,0.9172151175383988
359,acceleration_direction_cosine,0.613181799447027
359,zero_lag_correlation,0.86877370920741
359,best_lag_correlation,0.86877370920741
360,position_correlation,0.8402306931539008
360,position_cosine,0.824163729120674
360,normalized_position_rmse,0.5750967111865208
360,velocity_direction_cosine,0.6576019774835755
360,speed_profile_correlation,0.7138671338171955
360,path_length_similarity,0.9914870475940001
360,acceleration_direction_cosine,0.6046265625632985
360,zero_lag_correlation,0.8427266893479666
360,best_lag_correlation,0.8427266893479666
361,position_correlation,0.7860265377902733
361,position_cosine,0.7934627002854694
361,normalized_position_rmse,0.6397332428410887
361,velocity_direction_cosine,0.6349219390839183
361,speed_profile_correlation,0.6648491662282625
361,path_length_similarity,0.9214864321595128
361,acceleration_direction_cosine,0.6071013918029211
361,zero_lag_correlation,0.7902330168093591
361,best_lag_correlation,0.7902330168093591
362,position_correlation,0.8658080164945098
362,position_cosine,0.8526586149509694
362,normalized_position_rmse,0.5225204254223541
362,velocity_direction_cosine,0.6885229613445705
362,speed_profile_correlation,0.7524204416870945
362,path_length_similarity,0.969759028697835
362,acceleration_direction_cosine,0.6257863817731476
362,zero_lag_correlation,0.8679903556856547
362,best_lag_correlation,0.8679903556856547
363,position_correlation,0.867029801255923
363,position_cosine,0.8582730090542103
363,normalized_position_rmse,0.5034934124001531
363,velocity_direction_cosine,0.6617442372716484
363,speed_profile_correlation,0.7488027742237342
363,path_length_similarity,0.8581259368151944
363,acceleration_direction_cosine,0.6055656434532458
363,zero_lag_correlation,0.8703204656086736
363,best_lag_correlation,0.8703204656086736
364,position_correlation,0.8808496229777395
364,position_cosine,0.8694434714666516
364,normalized_position_rmse,0.47967945937310297
364,velocity_direction_cosine,0.667167056986033
364,speed_profile_correlation,0.799136133165427
364,path_length_similarity,0.9845325456235363
364,acceleration_direction_cosine,0.6191852419708056
364,zero_lag_correlation,0.8826021524292509
364,best_lag_correlation,0.8826021524292509
365,position_correlation,0.8428451157696929
365,position_cosine,0.8328652981593321
365,normalized_position_rmse,0.5421613922370591
365,velocity_direction_cosine,0.6642371413576372
365,speed_profile_correlation,0.7243172386364657
365,path_length_similarity,0.9258648079273418
365,acceleration_direction_cosine,0.6211233427899894
365,zero_lag_correlation,0.8459993254386851
365,best_lag_correlation,0.8459993254386851
366,position_correlation,0.8809112445526988
366,position_cosine,0.8706792486069926
366,normalized_position_rmse,0.5184265987036556
366,velocity_direction_cosine,0.6477685089180689
366,speed_profile_correlation,0.7215264373503583
366,path_length_similarity,0.8818833551609233
366,acceleration_direction_cosine,0.5891802659256642
366,zero_lag_correlation,0.8831230634815822
366,best_lag_correlation,0.8831230634815822
367,position_correlation,0.8905922318321773
367,position_cosine,0.864781490334841
367,normalized_position_rmse,0.4966100830730756
367,velocity_direction_cosine,0.6968626550942423
367,speed_profile_correlation,0.7803826935217156
367,path_length_similarity,0.9627334103032162
367,acceleration_direction_cosine,0.6228321812092492
367,zero_lag_correlation,0.8925187225270674
367,best_lag_correlation,0.8925187225270674
368,position_correlation,0.8298711753187071
368,position_cosine,0.8356244641742442
368,normalized_position_rmse,0.5671361739700458
368,velocity_direction_cosine,0.630468708207483
368,speed_profile_correlation,0.6824588174258027
368,path_length_similarity,0.9654316279405356
368,acceleration_direction_cosine,0.5761399641160497
368,zero_lag_correlation,0.8331662468321092
368,best_lag_correlation,0.8331662468321092
369,position_correlation,0.8419974753988364
369,position_cosine,0.8343669506035282
369,normalized_position_rmse,0.6031318682319141
369,velocity_direction_cosine,0.6480392801574375
369,speed_profile_correlation,0.7096767656098507
369,path_length_similarity,0.8889604379254358
369,acceleration_direction_cosine,0.6108042960355833
369,zero_lag_correlation,0.846390350177677
369,best_lag_correlation,0.846390350177677
370,position_correlation,0.8642301995837893
370,position_cosine,0.8420361386639121
370,normalized_position_rmse,0.525660730505171
370,velocity_direction_cosine,0.6761430544049789
370,speed_profile_correlation,0.7639277390231445
370,path_length_similarity,0.9867351521801032
370,acceleration_direction_cosine,0.6444897197645117
370,zero_lag_correlation,0.8668988261769421
370,best_lag_correlation,0.8668988261769421
371,position_correlation,0.8346413852283545
371,position_cosine,0.8379301948507015
371,normalized_position_rmse,0.5710389384944136
371,velocity_direction_cosine,0.6402646086845064
371,speed_profile_correlation,0.7240435112359096
371,path_length_similarity,0.9823293438123065
371,acceleration_direction_cosine,0.6043091706560635
371,zero_lag_correlation,0.8375325911613059
371,best_lag_correlation,0.8381472309416083
372,position_correlation,0.8366019441654906
372,position_cosine,0.8459746578305193
372,normalized_position_rmse,0.5740855151055285
372,velocity_direction_cosine,0.6418103814256678
372,speed_profile_correlation,0.7250438038611129
372,path_length_similarity,0.9428513994586588
372,acceleration_direction_cosine,0.588621692681213
372,zero_lag_correlation,0.8395971346376674
372,best_lag_correlation,0.8415092470302219
373,position_correlation,0.8758393683271599
373,position_cosine,0.8575952237987704
373,normalized_position_rmse,0.5214424558855628
373,velocity_direction_cosine,0.6597353490703599
373,speed_profile_correlation,0.7317242729543882
373,path_length_similarity,0.9550744105654384
373,acceleration_direction_cosine,0.6103871500219069
373,zero_lag_correlation,0.8787894441142705
373,best_lag_correlation,0.8787894441142705
374,position_correlation,0.8605479381103992
374,position_cosine,0.850754439279816
374,normalized_position_rmse,0.6001403612009668
374,velocity_direction_cosine,0.6591752890983986
374,speed_profile_correlation,0.731997313689862
374,path_length_similarity,0.8914545791885542
374,acceleration_direction_cosine,0.605247816573343
374,zero_lag_correlation,0.8637188507394731
374,best_lag_correlation,0.8645607424247386
375,position_correlation,0.8743682393707657
375,position_cosine,0.8521050303407998
375,normalized_position_rmse,0.49978704331705187
375,velocity_direction_cosine,0.6838742045650599
375,speed_profile_correlation,0.7670572659039001
375,path_length_similarity,0.8921685655108912
375,acceleration_direction_cosine,0.6297656874612517
375,zero_lag_correlation,0.876456707680989
375,best_lag_correlation,0.876456707680989
376,position_correlation,0.8873696965280826
376,position_cosine,0.8652381383441741
376,normalized_position_rmse,0.470155031783123
376,velocity_direction_cosine,0.6915319688092674
376,speed_profile_correlation,0.8092837808399912
376,path_length_similarity,0.969547310372613
376,acceleration_direction_cosine,0.6666800720832188
376,zero_lag_correlation,0.8895824373319708
376,best_lag_correlation,0.8895824373319708
377,position_correlation,0.8712997923995229
377,position_cosine,0.8567671121782775
377,normalized_position_rmse,0.4961168170338194
377,velocity_direction_cosine,0.6938206140571258
377,speed_profile_correlation,0.7859170437128083
377,path_length_similarity,0.9210198140784033
377,acceleration_direction_cosine,0.6498396169320506
377,zero_lag_correlation,0.8741288765960311
377,best_lag_correlation,0.8741288765960311
378,position_correlation,0.8904897606319024
378,position_cosine,0.856898808694307
378,normalized_position_rmse,0.46415663719654165
378,velocity_direction_cosine,0.7067922741314872
378,speed_profile_correlation,0.8009662858205066
378,path_length_similarity,0.9446364376219116
378,acceleration_direction_cosine,0.6759688638926933
378,zero_lag_correlation,0.8926417196132372
378,best_lag_correlation,0.8926417196132372
379,position_correlation,0.8468126199726176
379,position_cosine,0.8371283636724803
379,normalized_position_rmse,0.6269975984461212
379,velocity_direction_cosine,0.6750950225497404
379,speed_profile_correlation,0.757455421140537
379,path_length_similarity,0.8357287269620922
379,acceleration_direction_cosine,0.6294860601609754
379,zero_lag_correlation,0.8516466975913515
379,best_lag_correlation,0.8516466975913515
380,position_correlation,0.8269698228326076
380,position_cosine,0.8444676333180079
380,normalized_position_rmse,0.5799428096390108
380,velocity_direction_cosine,0.6388808372137769
380,speed_profile_correlation,0.7136982499330198
380,path_length_similarity,0.9910150059621564
380,acceleration_direction_cosine,0.5866336429935827
380,zero_lag_correlation,0.8296527111622393
380,best_lag_correlation,0.8296527111622393
381,position_correlation,0.8913729086178221
381,position_cosine,0.8599569442072071
381,normalized_position_rmse,0.4801325697465267
381,velocity_direction_cosine,0.6621326355821223
381,speed_profile_correlation,0.8111322809992844
381,path_length_similarity,0.9216966121332995
381,acceleration_direction_cosine,0.6092139474371617
381,zero_lag_correlation,0.893530153514677
381,best_lag_correlation,0.893530153514677
382,position_correlation,0.8868465321864787
382,position_cosine,0.8663871783694868
382,normalized_position_rmse,0.49255604518573576
382,velocity_direction_cosine,0.6955405885793482
382,speed_profile_correlation,0.8078560301762733
382,path_length_similarity,0.9967187104705425
382,acceleration_direction_cosine,0.6491495216820207
382,zero_lag_correlation,0.888655121465064
382,best_lag_correlation,0.888655121465064
383,position_correlation,0.8647498292647886
383,position_cosine,0.8409307346955002
383,normalized_position_rmse,0.5121755305650626
383,velocity_direction_cosine,0.6931780289034241
383,speed_profile_correlation,0.7647395447541709
383,path_length_similarity,0.9002376645812257
383,acceleration_direction_cosine,0.6677908951834777
383,zero_lag_correlation,0.8672273466082442
383,best_lag_correlation,0.8672273466082442
384,position_correlation,0.8465455817902511
384,position_cosine,0.8142088613002649
384,normalized_position_rmse,0.5606273260879562
384,velocity_direction_cosine,0.6241593803350912
384,speed_profile_correlation,0.7391619722436782
384,path_length_similarity,0.9166183857500609
384,acceleration_direction_cosine,0.5688691598914686
384,zero_lag_correlation,0.8490588441679611
384,best_lag_correlation,0.8490588441679611
385,position_correlation,0.8357115594053068
385,position_cosine,0.8381136400588213
385,normalized_position_rmse,0.5587812362289303
385,velocity_direction_cosine,0.6804927057447924
385,speed_profile_correlation,0.7538326389226905
385,path_length_similarity,0.9491173537916135
385,acceleration_direction_cosine,0.62792621758658
385,zero_lag_correlation,0.8386447490764394
385,best_lag_correlation,0.8386447490764394
386,position_correlation,0.8480919704735252
386,position_cosine,0.8513949018281308
386,normalized_position_rmse,0.5458915588035549
386,velocity_direction_cosine,0.6440623361049874
386,speed_profile_correlation,0.7376241334714783
386,path_length_similarity,0.9395585974790956
386,acceleration_direction_cosine,0.6044049507085542
386,zero_lag_correlation,0.850615981133952
386,best_lag_correlation,0.850615981133952
387,position_correlation,0.8686871441266613
387,position_cosine,0.8428335201386099
387,normalized_position_rmse,0.5429478013400725
387,velocity_direction_cosine,0.6663275931664794
387,speed_profile_correlation,0.7870435549096675
387,path_length_similarity,0.8975186292324561
387,acceleration_direction_cosine,0.6064278000439259
387,zero_lag_correlation,0.8715561654015183
387,best_lag_correlation,0.8715561654015183
388,position_correlation,0.866343375430161
388,position_cosine,0.8494399294594305
388,normalized_position_rmse,0.5377240973327444
388,velocity_direction_cosine,0.6779952163141725
388,speed_profile_correlation,0.7485560346570713
388,path_length_similarity,0.8766544287972485
388,acceleration_direction_cosine,0.6255779713044355
388,zero_lag_correlation,0.8688095658548101
388,best_lag_correlation,0.8688095658548101
389,position_correlation,0.8366452069570964
389,position_cosine,0.828836452928861
389,normalized_position_rmse,0.6095765326353568
389,velocity_direction_cosine,0.6542579704674791
389,speed_profile_correlation,0.7273405052461857
389,path_length_similarity,0.9424240045171048
389,acceleration_direction_cosine,0.6385504036391839
389,zero_lag_correlation,0.839389468182242
389,best_lag_correlation,0.839389468182242
390,position_correlation,0.8692596436544819
390,position_cosine,0.8557423196286318
390,normalized_position_rmse,0.5207880654729123
390,velocity_direction_cosine,0.6888111274185367
390,speed_profile_correlation,0.7737263456725393
390,path_length_similarity,0.9438012108425868
390,acceleration_direction_cosine,0.6345112365912335
390,zero_lag_correlation,0.8712971308377069
390,best_lag_correlation,0.8712971308377069
391,position_correlation,0.865640226753843
391,position_cosine,0.8452184421925464
391,normalized_position_rmse,0.5139935550729648
391,velocity_direction_cosine,0.6525903688322933
391,speed_profile_correlation,0.7715975833486735
391,path_length_similarity,0.9888591432472814
391,acceleration_direction_cosine,0.6004867122761463
391,zero_lag_correlation,0.867882163560338
391,best_lag_correlation,0.867882163560338
392,position_correlation,0.8791235652242589
392,position_cosine,0.8683725268188088
392,normalized_position_rmse,0.5270567231152801
392,velocity_direction_cosine,0.6685294689539705
392,speed_profile_correlation,0.7555627811487909
392,path_length_similarity,0.950595810974653
392,acceleration_direction_cosine,0.6338456041146193
392,zero_lag_correlation,0.8822143937004261
392,best_lag_correlation,0.8822143937004261
393,position_correlation,0.876361072087031
393,position_cosine,0.8610356142780605
393,normalized_position_rmse,0.48626083936421405
393,velocity_direction_cosine,0.6829637397447154
393,speed_profile_correlation,0.7616926793972484
393,path_length_similarity,0.9624205071786641
393,acceleration_direction_cosine,0.6392386114228358
393,zero_lag_correlation,0.8789834582171063
393,best_lag_correlation,0.8789834582171063
394,position_correlation,0.8625771163222666
394,position_cosine,0.8485307392491201
394,normalized_position_rmse,0.5616434714533917
394,velocity_direction_cosine,0.6653640789522333
394,speed_profile_correlation,0.7518337399657985
394,path_length_similarity,0.9487882452362828
394,acceleration_direction_cosine,0.6055725611442138
394,zero_lag_correlation,0.865091802722036
394,best_lag_correlation,0.865091802722036
395,position_correlation,0.8511205359813543
395,position_cosine,0.8289967884777185
395,normalized_position_rmse,0.5473064960514913
395,velocity_direction_cosine,0.637470670299017
395,speed_profile_correlation,0.7402912517688798
395,path_length_similarity,0.9560324887866847
395,acceleration_direction_cosine,0.6026555824334312
395,zero_lag_correlation,0.8536779489418115
395,best_lag_correlation,0.8536779489418115
396,position_correlation,0.846806248120277
396,position_cosine,0.8117322046947174
396,normalized_position_rmse,0.5414813993211087
396,velocity_direction_cosine,0.6509703977726575
396,speed_profile_correlation,0.7565991887656897
396,path_length_similarity,0.9884722793759316
396,acceleration_direction_cosine,0.6026160136974005
396,zero_lag_correlation,0.8512516021154569
396,best_lag_correlation,0.8512516021154569
397,position_correlation,0.8607020708314158
397,position_cosine,0.826669862976619
397,normalized_position_rmse,0.6354971999458527
397,velocity_direction_cosine,0.6527568825292371
397,speed_profile_correlation,0.7675285850058663
397,path_length_similarity,0.8631814636280741
397,acceleration_direction_cosine,0.6244263672116321
397,zero_lag_correlation,0.863571029416236
397,best_lag_correlation,0.863571029416236
398,position_correlation,0.8537124812384173
398,position_cosine,0.8473687349914936
398,normalized_position_rmse,0.5303436320198256
398,velocity_direction_cosine,0.637722695697239
398,speed_profile_correlation,0.708339034147807
398,path_length_similarity,0.9819010257707227
398,acceleration_direction_cosine,0.6096254215672189
398,zero_lag_correlation,0.8559687424380826
398,best_lag_correlation,0.8559687424380826
399,position_correlation,0.8739970920375553
399,position_cosine,0.8595387751167763
399,normalized_position_rmse,0.4927949363455504
399,velocity_direction_cosine,0.6727430225375132
399,speed_profile_correlation,0.7533104638870558
399,path_length_similarity,0.9746471865363553
399,acceleration_direction_cosine,0.6471469107080802
399,zero_lag_correlation,0.8762452793682494
399,best_lag_correlation,0.8762452793682494
400,position_correlation,0.8610414457941276
400,position_cosine,0.8230873360064043
400,normalized_position_rmse,0.5149374324502075
400,velocity_direction_cosine,0.6659353381635915
400,speed_profile_correlation,0.7183658892869784
400,path_length_similarity,0.9047725846443311
400,acceleration_direction_cosine,0.6229736202879006
400,zero_lag_correlation,0.865109370726115
400,best_lag_correlation,0.865109370726115
401,position_correlation,0.8774049193613795
401,position_cosine,0.8609921414361831
401,normalized_position_rmse,0.4828349995746792
401,velocity_direction_cosine,0.6837311725321954
401,speed_profile_correlation,0.7643928589562905
401,path_length_similarity,0.931191318921103
401,acceleration_direction_cosine,0.630228662655664
401,zero_lag_correlation,0.8806017354229735
401,best_lag_correlation,0.8806017354229735
402,position_correlation,0.8758926733113017
402,position_cosine,0.8441632173951146
402,normalized_position_rmse,0.501626506505474
402,velocity_direction_cosine,0.6768581376959294
402,speed_profile_correlation,0.7790005887019429
402,path_length_similarity,0.9909124132661181
402,acceleration_direction_cosine,0.6413291181818815
402,zero_lag_correlation,0.8783067716269537
402,best_lag_correlation,0.8783067716269537
403,position_correlation,0.8703626144773001
403,position_cosine,0.847917154889755
403,normalized_position_rmse,0.5297883306331409
403,velocity_direction_cosine,0.6975376968341065
403,speed_profile_correlation,0.781377698726957
403,path_length_similarity,0.9361335776665342
403,acceleration_direction_cosine,0.6348345397012333
403,zero_lag_correlation,0.8727178015671371
403,best_lag_correlation,0.8727178015671371
404,position_correlation,0.8465330177865314
404,position_cosine,0.8416345311313597
404,normalized_position_rmse,0.5585505769841442
404,velocity_direction_cosine,0.6497111930722417
404,speed_profile_correlation,0.7562714040061188
404,path_length_similarity,0.9902563675629621
404,acceleration_direction_cosine,0.6219590047235783
404,zero_lag_correlation,0.8495106344611685
404,best_lag_correlation,0.8495106344611685
405,position_correlation,0.8471982876910517
405,position_cosine,0.8376075534406908
405,normalized_position_rmse,0.5496279732333358
405,velocity_direction_cosine,0.6774369969223447
405,speed_profile_correlation,0.7297211594749989
405,path_length_similarity,0.9326773421401577
405,acceleration_direction_cosine,0.6252334185028924
405,zero_lag_correlation,0.8501023189704566
405,best_lag_correlation,0.8501023189704566
406,position_correlation,0.8411176207749386
406,position_cosine,0.8468375578971127
406,normalized_position_rmse,0.5633173681136109
406,velocity_direction_cosine,0.6543726504491899
406,speed_profile_correlation,0.6754206876809092
406,path_length_similarity,0.940540252213645
406,acceleration_direction_cosine,0.5878348449466804
406,zero_lag_correlation,0.8439602148986038
406,best_lag_correlation,0.8439602148986038
407,position_correlation,0.8598287245732333
407,position_cosine,0.8356735820584015
407,normalized_position_rmse,0.5673568119574449
407,velocity_direction_cosine,0.6585065914912418
407,speed_profile_correlation,0.7263932189474485
407,path_length_similarity,0.9198071662944945
407,acceleration_direction_cosine,0.602682463747774
407,zero_lag_correlation,0.8623408690120349
407,best_lag_correlation,0.8623408690120349
408,position_correlation,0.89254969735882
408,position_cosine,0.8537467758348993
408,normalized_position_rmse,0.4646169559658791
408,velocity_direction_cosine,0.6579860260360384
408,speed_profile_correlation,0.809583932720142
408,path_length_similarity,0.9843496678929686
408,acceleration_direction_cosine,0.6049861472805007
408,zero_lag_correlation,0.8944909513163508
408,best_lag_correlation,0.8945684844473148
409,position_correlation,0.814246504395131
409,position_cosine,0.804606009700745
409,normalized_position_rmse,0.5978648380098847
409,velocity_direction_cosine,0.659165648512146
409,speed_profile_correlation,0.6978622221864774
409,path_length_similarity,0.970280206976666
409,acceleration_direction_cosine,0.6226093394372023
409,zero_lag_correlation,0.8173262092583884
409,best_lag_correlation,0.8173262092583884
410,position_correlation,0.8727206570597712
410,position_cosine,0.8598971799724492
410,normalized_position_rmse,0.4920085851162176
410,velocity_direction_cosine,0.6879178359769323
410,speed_profile_correlation,0.7779995479010843
410,path_length_similarity,0.996532536601534
410,acceleration_direction_cosine,0.6498849920703302
410,zero_lag_correlation,0.8755683538851209
410,best_lag_correlation,0.8755683538851209
411,position_correlation,0.8837992718424037
411,position_cosine,0.8593603994024279
411,normalized_position_rmse,0.4829205368015836
411,velocity_direction_cosine,0.6714822491573501
411,speed_profile_correlation,0.746383146830825
411,path_length_similarity,0.9796664872100713
411,acceleration_direction_cosine,0.6270029210344633
411,zero_lag_correlation,0.8856079683747453
411,best_lag_correlation,0.8856079683747453
412,position_correlation,0.7908458317860134
412,position_cosine,0.808513316109479
412,normalized_position_rmse,0.6689355188554725
412,velocity_direction_cosine,0.6203079620599654
412,speed_profile_correlation,0.7068212362404743
412,path_length_similarity,0.927527965083929
412,acceleration_direction_cosine,0.602414165252018
412,zero_lag_correlation,0.7945697510187658
412,best_lag_correlation,0.7945697510187658
413,position_correlation,0.8740044604970496
413,position_cosine,0.8611091478672798
413,normalized_position_rmse,0.4938976543156182
413,velocity_direction_cosine,0.689260751060043
413,speed_profile_correlation,0.7729043839254179
413,path_length_similarity,0.936809428138423
413,acceleration_direction_cosine,0.6450680831800928
413,zero_lag_correlation,0.8760071611874787
413,best_lag_correlation,0.8774408428211018
414,position_correlation,0.8319458825260623
414,position_cosine,0.8105450320065514
414,normalized_position_rmse,0.561764583246588
414,velocity_direction_cosine,0.6568606285337328
414,speed_profile_correlation,0.721472797586654
414,path_length_similarity,0.9691938368057113
414,acceleration_direction_cosine,0.6383114928711353
414,zero_lag_correlation,0.836532254008618
414,best_lag_correlation,0.836532254008618
415,position_correlation,0.8628254564921045
415,position_cosine,0.8470851473322382
415,normalized_position_rmse,0.513232919573073
415,velocity_direction_cosine,0.6668848005066176
415,speed_profile_correlation,0.7494125939388011
415,path_length_similarity,0.8943978953569438
415,acceleration_direction_cosine,0.6117698717139959
415,zero_lag_correlation,0.8658105029067509
415,best_lag_correlation,0.8660027538954558
416,position_correlation,0.8287305437975707
416,position_cosine,0.8311239114835289
416,normalized_position_rmse,0.6114104768121099
416,velocity_direction_cosine,0.6335349051136508
416,speed_profile_correlation,0.7242561506522667
416,path_length_similarity,0.9088357483787424
416,acceleration_direction_cosine,0.6025308944626838
416,zero_lag_correlation,0.8317023179247629
416,best_lag_correlation,0.8318056009800234
417,position_correlation,0.8501322228352903
417,position_cosine,0.8259434374842652
417,normalized_position_rmse,0.5644571974947808
417,velocity_direction_cosine,0.6590947650846272
417,speed_profile_correlation,0.7783362723820145
417,path_length_similarity,0.9810324777034958
417,acceleration_direction_cosine,0.6147666516709096
417,zero_lag_correlation,0.8529299141213023
417,best_lag_correlation,0.8529299141213023
418,position_correlation,0.8711698266340421
418,position_cosine,0.849025975297947
418,normalized_position_rmse,0.5055383211913095
418,velocity_direction_cosine,0.6864197946077011
418,speed_profile_correlation,0.7446126996013862
418,path_length_similarity,0.9622777030997214
418,acceleration_direction_cosine,0.6159044092025536
418,zero_lag_correlation,0.8736186114753143
418,best_lag_correlation,0.8736186114753143
419,position_correlation,0.8633690725903345
419,position_cosine,0.8434615342137262
419,normalized_position_rmse,0.5114018197520245
419,velocity_direction_cosine,0.6686575123341745
419,speed_profile_correlation,0.7738549538060945
419,path_length_similarity,0.9339276522248382
419,acceleration_direction_cosine,0.6188488804077148
419,zero_lag_correlation,0.8668448811303151
419,best_lag_correlation,0.8668448811303151
420,position_correlation,0.8513199925767365
420,position_cosine,0.8465308310462282
420,normalized_position_rmse,0.5480542000476386
420,velocity_direction_cosine,0.6463212377831233
420,speed_profile_correlation,0.6923487800534767
420,path_length_similarity,0.9510303821785684
420,acceleration_direction_cosine,0.6040434465716702
420,zero_lag_correlation,0.8541734938761234
420,best_lag_correlation,0.8541734938761234
421,position_correlation,0.8386699843525698
421,position_cosine,0.8303242602403137
421,normalized_position_rmse,0.6069794091172914
421,velocity_direction_cosine,0.6590891394482637
421,speed_profile_correlation,0.7138739986530879
421,path_length_similarity,0.9444606267241596
421,acceleration_direction_cosine,0.6072879250880889
421,zero_lag_correlation,0.8417703128956399
421,best_lag_correlation,0.8417703128956399
422,position_correlation,0.862296792452
422,position_cosine,0.855345238267828
422,normalized_position_rmse,0.5309063099675974
422,velocity_direction_cosine,0.6713987566920553
422,speed_profile_correlation,0.7797264816257978
422,path_length_similarity,0.988847388133845
422,acceleration_direction_cosine,0.6420234157218077
422,zero_lag_correlation,0.8648275288224581
422,best_lag_correlation,0.8648275288224581
423,position_correlation,0.8380698084989955
423,position_cosine,0.8330509339625981
423,normalized_position_rmse,0.5541320135443919
423,velocity_direction_cosine,0.6289973791618315
423,speed_profile_correlation,0.7315584925555881
423,path_length_similarity,0.9631362785750145
423,acceleration_direction_cosine,0.5845028251270793
423,zero_lag_correlation,0.8409508443717235
423,best_lag_correlation,0.8409508443717235
424,position_correlation,0.8549555532210147
424,position_cosine,0.8330680339344742
424,normalized_position_rmse,0.5420485051892067
424,velocity_direction_cosine,0.703749769128186
424,speed_profile_correlation,0.8108158303537256
424,path_length_similarity,0.9652509595834097
424,acceleration_direction_cosine,0.6507046666009962
424,zero_lag_correlation,0.8573532996963396
424,best_lag_correlation,0.8573532996963396
425,position_correlation,0.8339092947069914
425,position_cosine,0.8226573120056033
425,normalized_position_rmse,0.5858485473408763
425,velocity_direction_cosine,0.6307955696909326
425,speed_profile_correlation,0.7366676614630701
425,path_length_similarity,0.9895879859442912
425,acceleration_direction_cosine,0.591874818428346
425,zero_lag_correlation,0.836417793934682
425,best_lag_correlation,0.836417793934682
426,position_correlation,0.8747421630755489
426,position_cosine,0.8594534160605499
426,normalized_position_rmse,0.5044857130031956
426,velocity_direction_cosine,0.6622948200382761
426,speed_profile_correlation,0.7294729895896601
426,path_length_similarity,0.9721688871721254
426,acceleration_direction_cosine,0.6099814753923343
426,zero_lag_correlation,0.8768012188633568
426,best_lag_correlation,0.8768012188633568
427,position_correlation,0.8210953612576996
427,position_cosine,0.8029150659881098
427,normalized_position_rmse,0.594311187088887
427,velocity_direction_cosine,0.6224095613227411
427,speed_profile_correlation,0.719157036764315
427,path_length_similarity,0.9680053727649104
427,acceleration_direction_cosine,0.593188150607262
427,zero_lag_correlation,0.823690812008171
427,best_lag_correlation,0.823690812008171
428,position_correlation,0.8282023255043731
428,position_cosine,0.8322357302384462
428,normalized_position_rmse,0.5791356227103401
428,velocity_direction_cosine,0.6814877499950406
428,speed_profile_correlation,0.7427350720455993
428,path_length_similarity,0.9663974948654612
428,acceleration_direction_cosine,0.6310763404829388
428,zero_lag_correlation,0.8307479952244098
428,best_lag_correlation,0.8310855777259681
429,position_correlation,0.8874417162495285
429,position_cosine,0.8645055909871077
429,normalized_position_rmse,0.4956975893010774
429,velocity_direction_cosine,0.6500082995091246
429,speed_profile_correlation,0.750146611077948
429,path_length_similarity,0.999707175379981
429,acceleration_direction_cosine,0.5910495202107694
429,zero_lag_correlation,0.8892269952551041
429,best_lag_correlation,0.8892269952551041
430,position_correlation,0.8637676038487259
430,position_cosine,0.8225678083106899
430,normalized_position_rmse,0.5332349731048086
430,velocity_direction_cosine,0.6398210370668985
430,speed_profile_correlation,0.744752096431309
430,path_length_similarity,0.9580481211651651
430,acceleration_direction_cosine,0.585765746823299
430,zero_lag_correlation,0.8660981840152611
430,best_lag_correlation,0.8660981840152611
431,position_correlation,0.8519194849049441
431,position_cosine,0.8449734024844192
431,normalized_position_rmse,0.5285452959100395
431,velocity_direction_cosine,0.6703133956611078
431,speed_profile_correlation,0.7049598327909259
431,path_length_similarity,0.9561499336610546
431,acceleration_direction_cosine,0.6051903365313606
431,zero_lag_correlation,0.8539100735387763
431,best_lag_correlation,0.8539100735387763
432,position_correlation,0.8666902740489806
432,position_cosine,0.8274327885863443
432,normalized_position_rmse,0.5614789784666352
432,velocity_direction_cosine,0.667347504681782
432,speed_profile_correlation,0.7467702625941991
432,path_length_similarity,0.9539781978796112
432,acceleration_direction_cosine,0.6300073897982923
432,zero_lag_correlation,0.8689894589805254
432,best_lag_correlation,0.8689894589805254
433,position_correlation,0.8703537470061193
433,position_cosine,0.856427235018676
433,normalized_position_rmse,0.4997114933535824
433,velocity_direction_cosine,0.6644688175667738
433,speed_profile_correlation,0.7485661413108124
433,path_length_similarity,0.9453574936566861
433,acceleration_direction_cosine,0.6356361856375495
433,zero_lag_correlation,0.8734239066792417
433,best_lag_correlation,0.8734239066792417
434,position_correlation,0.8606157783592432
434,position_cosine,0.855630228027296
434,normalized_position_rmse,0.5118450902485847
434,velocity_direction_cosine,0.643665013521164
434,speed_profile_correlation,0.7242206826676003
434,path_length_similarity,0.9820178870281135
434,acceleration_direction_cosine,0.6023863008948985
434,zero_lag_correlation,0.8620835094478004
434,best_lag_correlation,0.8620835094478004
435,position_correlation,0.8327461669282243
435,position_cosine,0.8101230992016979
435,normalized_position_rmse,0.5849427167849293
435,velocity_direction_cosine,0.6778839968583001
435,speed_profile_correlation,0.7630560813983006
435,path_length_similarity,0.9882379249727711
435,acceleration_direction_cosine,0.6292543413081719
435,zero_lag_correlation,0.8359586269755253
435,best_lag_correlation,0.8359586269755253
436,position_correlation,0.875308457824842
436,position_cosine,0.8616607259771393
436,normalized_position_rmse,0.504938703452689
436,velocity_direction_cosine,0.6827636963592509
436,speed_profile_correlation,0.7823474766325795
436,path_length_similarity,0.9907900634816971
436,acceleration_direction_cosine,0.6407781386862604
436,zero_lag_correlation,0.8773780670218301
436,best_lag_correlation,0.8773780670218301
437,position_correlation,0.8420652729936131
437,position_cosine,0.8195000007116169
437,normalized_position_rmse,0.5452420160484729
437,velocity_direction_cosine,0.6476526162149022
437,speed_profile_correlation,0.7546035600926156
437,path_length_similarity,0.9529209066383978
437,acceleration_direction_cosine,0.6175468472257608
437,zero_lag_correlation,0.8450614734243005
437,best_lag_correlation,0.8450614734243005
438,position_correlation,0.826928867698819
438,position_cosine,0.8184912797983882
438,normalized_position_rmse,0.5767929117949789
438,velocity_direction_cosine,0.5920494426708113
438,speed_profile_correlation,0.6954121773225097
438,path_length_similarity,0.8793524694110841
438,acceleration_direction_cosine,0.5632299052887053
438,zero_lag_correlation,0.8302882091441863
438,best_lag_correlation,0.8302882091441863
439,position_correlation,0.8657098498145903
439,position_cosine,0.8471995939486094
439,normalized_position_rmse,0.5158190560077718
439,velocity_direction_cosine,0.6487425291455634
439,speed_profile_correlation,0.7469907951968657
439,path_length_similarity,0.9804193209236925
439,acceleration_direction_cosine,0.6208772570244677
439,zero_lag_correlation,0.8680895035306686
439,best_lag_correlation,0.8680895035306686
440,position_correlation,0.8706693338212377
440,position_cosine,0.8591750519283193
440,normalized_position_rmse,0.4966923499452626
440,velocity_direction_cosine,0.6411463827230579
440,speed_profile_correlation,0.7609621505702702
440,path_length_similarity,0.9512033005849734
440,acceleration_direction_cosine,0.5909112330384413
440,zero_lag_correlation,0.8731589431582875
440,best_lag_correlation,0.8731589431582875
441,position_correlation,0.8817849624120978
441,position_cosine,0.8503925837962202
441,normalized_position_rmse,0.4852218282346421
441,velocity_direction_cosine,0.6353466481644456
441,speed_profile_correlation,0.7496414116926815
441,path_length_similarity,0.9114377474595904
441,acceleration_direction_cosine,0.5888923035332534
441,zero_lag_correlation,0.8840790687350648
441,best_lag_correlation,0.8840790687350648
442,position_correlation,0.8484671302275509
442,position_cosine,0.8389958869251136
442,normalized_position_rmse,0.5882328207860681
442,velocity_direction_cosine,0.6797978378869218
442,speed_profile_correlation,0.7358098641000115
442,path_length_similarity,0.9364814175759012
442,acceleration_direction_cosine,0.6490241722280355
442,zero_lag_correlation,0.8520870084439567
442,best_lag_correlation,0.8520870084439567
443,position_correlation,0.8344060077333579
443,position_cosine,0.8155701712635574
443,normalized_position_rmse,0.5586437907301327
443,velocity_direction_cosine,0.6456074454553458
443,speed_profile_correlation,0.7222444439998134
443,path_length_similarity,0.9255099790257196
443,acceleration_direction_cosine,0.6048173527225232
443,zero_lag_correlation,0.8392052096217156
443,best_lag_correlation,0.8392052096217156
444,position_correlation,0.8456989464610342
444,position_cosine,0.8281864852427968
444,normalized_position_rmse,0.5613054665304752
444,velocity_direction_cosine,0.629463784946377
444,speed_profile_correlation,0.712792717994532
444,path_length_similarity,0.9569737671775363
444,acceleration_direction_cosine,0.5760792136038233
444,zero_lag_correlation,0.8481590363771465
444,best_lag_correlation,0.8481590363771465
445,position_correlation,0.846815534695639
445,position_cosine,0.8509425131180234
445,normalized_position_rmse,0.5437712317758913
445,velocity_direction_cosine,0.6837196706220932
445,speed_profile_correlation,0.7122466255009763
445,path_length_similarity,0.9469748411360621
445,acceleration_direction_cosine,0.6133015521837262
445,zero_lag_correlation,0.8493349121342938
445,best_lag_correlation,0.851188794792691
446,position_correlation,0.8517956072818902
446,position_cosine,0.8433051801882836
446,normalized_position_rmse,0.5418680329811675
446,velocity_direction_cosine,0.6551291984869869
446,speed_profile_correlation,0.709664324197994
446,path_length_similarity,0.9736510803903182
446,acceleration_direction_cosine,0.5977733164873452
446,zero_lag_correlation,0.8543275074867963
446,best_lag_correlation,0.8543275074867963
447,position_correlation,0.8729362709986188
447,position_cosine,0.8727780001128458
447,normalized_position_rmse,0.4972725286484756
447,velocity_direction_cosine,0.6936851549791869
447,speed_profile_correlation,0.7371124943136941
447,path_length_similarity,0.961033781684229
447,acceleration_direction_cosine,0.611292400102534
447,zero_lag_correlation,0.8753577550547131
447,best_lag_correlation,0.8761059713717564
448,position_correlation,0.859509278222861
448,position_cosine,0.8521329955598339
448,normalized_position_rmse,0.5391638492112873
448,velocity_direction_cosine,0.6484965328011668
448,speed_profile_correlation,0.7033037908337268
448,path_length_similarity,0.9278361155127156
448,acceleration_direction_cosine,0.611257798845162
448,zero_lag_correlation,0.861863752495113
448,best_lag_correlation,0.861863752495113
449,position_correlation,0.8735758994317185
449,position_cosine,0.8787154930241828
449,normalized_position_rmse,0.5011327539597635
449,velocity_direction_cosine,0.6720560198708104
449,speed_profile_correlation,0.7530585720998442
449,path_length_similarity,0.9851736692687565
449,acceleration_direction_cosine,0.6460183797321014
449,zero_lag_correlation,0.8756442396786248
449,best_lag_correlation,0.8756442396786248
450,position_correlation,0.8798691520667179
450,position_cosine,0.8627667630376827
450,normalized_position_rmse,0.4826535667292232
450,velocity_direction_cosine,0.664178550589141
450,speed_profile_correlation,0.7847191020906981
450,path_length_similarity,0.9879754331384772
450,acceleration_direction_cosine,0.5953235656072202
450,zero_lag_correlation,0.8818097597198093
450,best_lag_correlation,0.8818097597198093
451,position_correlation,0.8838379729765444
451,position_cosine,0.856816917729375
451,normalized_position_rmse,0.475299383786986
451,velocity_direction_cosine,0.6667112146917683
451,speed_profile_correlation,0.7450089420266002
451,path_length_similarity,0.9939431484154939
451,acceleration_direction_cosine,0.6241105441045182
451,zero_lag_correlation,0.8859892103289904
451,best_lag_correlation,0.8859892103289904
452,position_correlation,0.8618139632179707
452,position_cosine,0.8630296795902717
452,normalized_position_rmse,0.5248854446788104
452,velocity_direction_cosine,0.6951418120834135
452,speed_profile_correlation,0.787644615358869
452,path_length_similarity,0.9307631083093449
452,acceleration_direction_cosine,0.6407223954896881
452,zero_lag_correlation,0.8641207326403575
452,best_lag_correlation,0.8641207326403575
453,position_correlation,0.8605062040361651
453,position_cosine,0.8455059755785842
453,normalized_position_rmse,0.5909247931824867
453,velocity_direction_cosine,0.6678118582289668
453,speed_profile_correlation,0.7599804088947282
453,path_length_similarity,0.9223045548752955
453,acceleration_direction_cosine,0.6278078691692118
453,zero_lag_correlation,0.8620125450548584
453,best_lag_correlation,0.8620125450548584
454,position_correlation,0.8729399563699338
454,position_cosine,0.8645273380101316
454,normalized_position_rmse,0.4971460598628748
454,velocity_direction_cosine,0.6621636523666664
454,speed_profile_correlation,0.7573470584665638
454,path_length_similarity,0.9673489148508073
454,acceleration_direction_cosine,0.5919416637679951
454,zero_lag_correlation,0.8749616207286608
454,best_lag_correlation,0.8749616207286608
455,position_correlation,0.8750084669085167
455,position_cosine,0.8553018342811343
455,normalized_position_rmse,0.4885433264171394
455,velocity_direction_cosine,0.6521676812944562
455,speed_profile_correlation,0.7456377912641052
455,path_length_similarity,0.885784019411544
455,acceleration_direction_cosine,0.5934355871684261
455,zero_lag_correlation,0.8777580231185584
455,best_lag_correlation,0.8777580231185584
456,position_correlation,0.8723951832811575
456,position_cosine,0.8708636643939578
456,normalized_position_rmse,0.4952188187674803
456,velocity_direction_cosine,0.6822079035577989
456,speed_profile_correlation,0.7553419371220813
456,path_length_similarity,0.955227376578747
456,acceleration_direction_cosine,0.6188848302032343
456,zero_lag_correlation,0.8746173606453579
456,best_lag_correlation,0.8746173606453579
457,position_correlation,0.8280256795437523
457,position_cosine,0.8268465611687619
457,normalized_position_rmse,0.5942052043354299
457,velocity_direction_cosine,0.6217153334757699
457,speed_profile_correlation,0.7283536599154277
457,path_length_similarity,0.9845883617246972
457,acceleration_direction_cosine,0.5763911816575851
457,zero_lag_correlation,0.8305539088024493
457,best_lag_correlation,0.8305539088024493
458,position_correlation,0.8592099593485016
458,position_cosine,0.8441553539305757
458,normalized_position_rmse,0.5512094513090227
458,velocity_direction_cosine,0.6603553939005969
458,speed_profile_correlation,0.7368418693330061
458,path_length_similarity,0.9576921996391295
458,acceleration_direction_cosine,0.6054538332515792
458,zero_lag_correlation,0.8614638078882226
458,best_lag_correlation,0.8614638078882226
459,position_correlation,0.869296745962093
459,position_cosine,0.8637077945492803
459,normalized_position_rmse,0.5262587269411554
459,velocity_direction_cosine,0.6835039958913712
459,speed_profile_correlation,0.752763486903019
459,path_length_similarity,0.997457364251687
459,acceleration_direction_cosine,0.632004684178139
459,zero_lag_correlation,0.8713585307334466
459,best_lag_correlation,0.8713585307334466
460,position_correlation,0.8655909762233785
460,position_cosine,0.830058723312906
460,normalized_position_rmse,0.5277645051122813
460,velocity_direction_cosine,0.6439791240726461
460,speed_profile_correlation,0.7574339318954176
460,path_length_similarity,0.9964548738604966
460,acceleration_direction_cosine,0.607493562523559
460,zero_lag_correlation,0.8679267191971407
460,best_lag_correlation,0.8679267191971407
461,position_correlation,0.8714718105109955
461,position_cosine,0.8398352972342856
461,normalized_position_rmse,0.5108816231708624
461,velocity_direction_cosine,0.6308253949643055
461,speed_profile_correlation,0.7646391876777912
461,path_length_similarity,0.970385506246641
461,acceleration_direction_cosine,0.5807239660516281
461,zero_lag_correlation,0.8740328855998769
461,best_lag_correlation,0.8740328855998769
462,position_correlation,0.8636540713228227
462,position_cosine,0.8519819908726706
462,normalized_position_rmse,0.6076264210423376
462,velocity_direction_cosine,0.6759418912196045
462,speed_profile_correlation,0.7758632417215028
462,path_length_similarity,0.8755268395613305
462,acceleration_direction_cosine,0.6234528205795475
462,zero_lag_correlation,0.8661689806328572
462,best_lag_correlation,0.8661689806328572
463,position_correlation,0.854455051792011
463,position_cosine,0.8327941065041183
463,normalized_position_rmse,0.5338660160652953
463,velocity_direction_cosine,0.6607245260414576
463,speed_profile_correlation,0.7277789100494783
463,path_length_similarity,0.9705567567107923
463,acceleration_direction_cosine,0.6251013130959112
463,zero_lag_correlation,0.857264382326548
463,best_lag_correlation,0.857264382326548
464,position_correlation,0.8525223330713816
464,position_cosine,0.8205935716487437
464,normalized_position_rmse,0.5323028542597201
464,velocity_direction_cosine,0.6305939003024055
464,speed_profile_correlation,0.7223222182664861
464,path_length_similarity,0.9692061178255664
464,acceleration_direction_cosine,0.6108304656585415
464,zero_lag_correlation,0.8558710930363593
464,best_lag_correlation,0.8558710930363593
465,position_correlation,0.859098228874873
465,position_cosine,0.8456984631431258
465,normalized_position_rmse,0.5636859582966309
465,velocity_direction_cosine,0.6929837420821253
465,speed_profile_correlation,0.7395632191087766
465,path_length_similarity,0.9368918948003896
465,acceleration_direction_cosine,0.6460791333211364
465,zero_lag_correlation,0.8617974499899423
465,best_lag_correlation,0.8617974499899423
466,position_correlation,0.8444172029929878
466,position_cosine,0.8180850729964719
466,normalized_position_rmse,0.5467276618430935
466,velocity_direction_cosine,0.6311578648750477
466,speed_profile_correlation,0.7096550466652978
466,path_length_similarity,0.9705430580858322
466,acceleration_direction_cosine,0.6118941079336017
466,zero_lag_correlation,0.8474847637263878
466,best_lag_correlation,0.8476293554465398
467,position_correlation,0.8646250952749142
467,position_cosine,0.8294875552827158
467,normalized_position_rmse,0.5735140564853991
467,velocity_direction_cosine,0.686398359366099
467,speed_profile_correlation,0.7850094886172173
467,path_length_similarity,0.8909788921773119
467,acceleration_direction_cosine,0.6241687087353015
467,zero_lag_correlation,0.8677635200005773
467,best_lag_correlation,0.8677635200005773
468,position_correlation,0.8771490163175664
468,position_cosine,0.8520513478168554
468,normalized_position_rmse,0.5360799580091646
468,velocity_direction_cosine,0.6467069567454902
468,speed_profile_correlation,0.718573895389496
468,path_length_similarity,0.9131693526135244
468,acceleration_direction_cosine,0.5805484649414792
468,zero_lag_correlation,0.8797504733260006
468,best_lag_correlation,0.8797504733260006
469,position_correlation,0.834466017045221
469,position_cosine,0.831111551195604
469,normalized_position_rmse,0.6923210474499956
469,velocity_direction_cosine,0.6684862420851354
469,speed_profile_correlation,0.6819201690203576
469,path_length_similarity,0.8582717215186417
469,acceleration_direction_cosine,0.6273158220179142
469,zero_lag_correlation,0.8400105543520816
469,best_lag_correlation,0.8400105543520816
470,position_correlation,0.8675064089068005
470,position_cosine,0.8430448691212677
470,normalized_position_rmse,0.5224818030764073
470,velocity_direction_cosine,0.6559679643450224
470,speed_profile_correlation,0.7778640280301254
470,path_length_similarity,0.9694235624856882
470,acceleration_direction_cosine,0.6018429835330924
470,zero_lag_correlation,0.8697305775647579
470,best_lag_correlation,0.8697305775647579
471,position_correlation,0.874345150273196
471,position_cosine,0.8738064800854186
471,normalized_position_rmse,0.5219418362559238
471,velocity_direction_cosine,0.7116458181286602
471,speed_profile_correlation,0.7465423566616256
471,path_length_similarity,0.9785705650933633
471,acceleration_direction_cosine,0.671032489121053
471,zero_lag_correlation,0.8763561933655772
471,best_lag_correlation,0.8763561933655772
472,position_correlation,0.8628388909731228
472,position_cosine,0.8492142877618974
472,normalized_position_rmse,0.5433136388863908
472,velocity_direction_cosine,0.66515047210501
472,speed_profile_correlation,0.7342084457262827
472,path_length_similarity,0.9410998645584543
472,acceleration_direction_cosine,0.6137234734382049
472,zero_lag_correlation,0.8657102837190465
472,best_lag_correlation,0.8657102837190465
473,position_correlation,0.8383587208389779
473,position_cosine,0.8222599094812031
473,normalized_position_rmse,0.6269706294321729
473,velocity_direction_cosine,0.6638177407996976
473,speed_profile_correlation,0.6842056982907205
473,path_length_similarity,0.8298695209618713
473,acceleration_direction_cosine,0.6049017839024792
473,zero_lag_correlation,0.8428152626055396
473,best_lag_correlation,0.8428152626055396
474,position_correlation,0.8681186277976909
474,position_cosine,0.860000677310371
474,normalized_position_rmse,0.5005123883344642
474,velocity_direction_cosine,0.6638774399429649
474,speed_profile_correlation,0.7339489274593456
474,path_length_similarity,0.8665000629649358
474,acceleration_direction_cosine,0.6049218817855034
474,zero_lag_correlation,0.8707363688678736
474,best_lag_correlation,0.8707363688678736
475,position_correlation,0.852198943843548
475,position_cosine,0.8382307904952107
475,normalized_position_rmse,0.5281885827206295
475,velocity_direction_cosine,0.6386354589194135
475,speed_profile_correlation,0.7271888869642013
475,path_length_similarity,0.9157545129606063
475,acceleration_direction_cosine,0.5751113017532576
475,zero_lag_correlation,0.8553181743610785
475,best_lag_correlation,0.8553181743610785
476,position_correlation,0.8604791892911064
476,position_cosine,0.8719297311867196
476,normalized_position_rmse,0.5199961527976756
476,velocity_direction_cosine,0.6949795708429517
476,speed_profile_correlation,0.7360739913725579
476,path_length_similarity,0.9300931948909327
476,acceleration_direction_cosine,0.6569332084011328
476,zero_lag_correlation,0.8631354959565731
476,best_lag_correlation,0.8631354959565731
477,position_correlation,0.8684551864238592
477,position_cosine,0.8355321209560536
477,normalized_position_rmse,0.5218834709912366
477,velocity_direction_cosine,0.6517215549805261
477,speed_profile_correlation,0.8067400877769081
477,path_length_similarity,0.9621062982645116
477,acceleration_direction_cosine,0.6298115318690172
477,zero_lag_correlation,0.8703216852540305
477,best_lag_correlation,0.8703216852540305
478,position_correlation,0.8637743315361841
478,position_cosine,0.8545307449216119
478,normalized_position_rmse,0.5111058416415679
478,velocity_direction_cosine,0.6567469786368015
478,speed_profile_correlation,0.7129340491303565
478,path_length_similarity,0.9431446628722604
478,acceleration_direction_cosine,0.6167910587046588
478,zero_lag_correlation,0.8659350001502292
478,best_lag_correlation,0.8659350001502292
479,position_correlation,0.8855596932914301
479,position_cosine,0.881071886396437
479,normalized_position_rmse,0.47448719599486894
479,velocity_direction_cosine,0.6681711401791928
479,speed_profile_correlation,0.7390338509446153
479,path_length_similarity,0.9114134835357895
479,acceleration_direction_cosine,0.6062731689050987
479,zero_lag_correlation,0.8877097222760899
479,best_lag_correlation,0.8877097222760899
480,position_correlation,0.8535457360490628
480,position_cosine,0.823517396310274
480,normalized_position_rmse,0.6067593817512432
480,velocity_direction_cosine,0.6314634939306127
480,speed_profile_correlation,0.764818041629178
480,path_length_similarity,0.8845732578825625
480,acceleration_direction_cosine,0.5754358310886202
480,zero_lag_correlation,0.8569779992748168
480,best_lag_correlation,0.8569779992748168
481,position_correlation,0.8589826950805883
481,position_cosine,0.8490237195825214
481,normalized_position_rmse,0.5269510536638907
481,velocity_direction_cosine,0.6682107903238529
481,speed_profile_correlation,0.7634972466005334
481,path_length_similarity,0.870898440725504
481,acceleration_direction_cosine,0.618540992517051
481,zero_lag_correlation,0.8625696591509207
481,best_lag_correlation,0.8625696591509207
482,position_correlation,0.8621439290096332
482,position_cosine,0.8519876058291911
482,normalized_position_rmse,0.5284860935891762
482,velocity_direction_cosine,0.6771376892718899
482,speed_profile_correlation,0.7565045493820568
482,path_length_similarity,0.9493891793736015
482,acceleration_direction_cosine,0.6222004141395807
482,zero_lag_correlation,0.8644480308452588
482,best_lag_correlation,0.8644480308452588
483,position_correlation,0.8773573911780468
483,position_cosine,0.8543179457305259
483,normalized_position_rmse,0.49597630407557236
483,velocity_direction_cosine,0.6693546843633807
483,speed_profile_correlation,0.7548668479627242
483,path_length_similarity,0.9875390599652273
483,acceleration_direction_cosine,0.6183386527901896
483,zero_lag_correlation,0.8796855877513858
483,best_lag_correlation,0.8796855877513858
484,position_correlation,0.8731613249050116
484,position_cosine,0.8592049808754036
484,normalized_position_rmse,0.5243594052937426
484,velocity_direction_cosine,0.6836753004624361
484,speed_profile_correlation,0.7551969352444761
484,path_length_similarity,0.8806376552015526
484,acceleration_direction_cosine,0.6337545191509236
484,zero_lag_correlation,0.8760049006162429
484,best_lag_correlation,0.8760049006162429
485,position_correlation,0.8349160513235023
485,position_cosine,0.8223120667180374
485,normalized_position_rmse,0.5605457642498854
485,velocity_direction_cosine,0.6499402199005563
485,speed_profile_correlation,0.7104732918384099
485,path_length_similarity,0.9232645159213853
485,acceleration_direction_cosine,0.6321471070311264
485,zero_lag_correlation,0.838463804668889
485,best_lag_correlation,0.838463804668889
486,position_correlation,0.8599494098076934
486,position_cosine,0.8295657947448674
486,normalized_position_rmse,0.5476449868209079
486,velocity_direction_cosine,0.6560851170379101
486,speed_profile_correlation,0.7519809462063348
486,path_length_similarity,0.9760310868531473
486,acceleration_direction_cosine,0.6290378394722256
486,zero_lag_correlation,0.8624473167672075
486,best_lag_correlation,0.8624473167672075
487,position_correlation,0.8452028708998853
487,position_cosine,0.8403038608130822
487,normalized_position_rmse,0.5709712096453481
487,velocity_direction_cosine,0.6817157852982945
487,speed_profile_correlation,0.7398523026972335
487,path_length_similarity,0.917379622222577
487,acceleration_direction_cosine,0.6465705682405976
487,zero_lag_correlation,0.8476076687314061
487,best_lag_correlation,0.8476076687314061
488,position_correlation,0.8194281494468543
488,position_cosine,0.7983393935529547
488,normalized_position_rmse,0.6058826910764805
488,velocity_direction_cosine,0.6435507490529921
488,speed_profile_correlation,0.7361976307393563
488,path_length_similarity,0.9219551284753018
488,acceleration_direction_cosine,0.6141516936134912
488,zero_lag_correlation,0.8222923723319027
488,best_lag_correlation,0.8222923723319027
489,position_correlation,0.8811037589756363
489,position_cosine,0.8695159153257782
489,normalized_position_rmse,0.5061113824813281
489,velocity_direction_cosine,0.6651780402637495
489,speed_profile_correlation,0.7807342008257803
489,path_length_similarity,0.9393824236694455
489,acceleration_direction_cosine,0.6148891332804403
489,zero_lag_correlation,0.8827613070056153
489,best_lag_correlation,0.8827613070056153
490,position_correlation,0.8614144361138599
490,position_cosine,0.8530041614875149
490,normalized_position_rmse,0.520701382021094
490,velocity_direction_cosine,0.6775600860144246
490,speed_profile_correlation,0.7626922671018661
490,path_length_similarity,0.8906141902554096
490,acceleration_direction_cosine,0.6242762543959931
490,zero_lag_correlation,0.8638483899670955
490,best_lag_correlation,0.8638483899670955
491,position_correlation,0.865778097665666
491,position_cosine,0.8389290570107637
491,normalized_position_rmse,0.5593593617484718
491,velocity_direction_cosine,0.6678752889075261
491,speed_profile_correlation,0.7508036875433153
491,path_length_similarity,0.8777650856053938
491,acceleration_direction_cosine,0.6251172057217396
491,zero_lag_correlation,0.8684457510488219
491,best_lag_correlation,0.8684457510488219
492,position_correlation,0.8596018949931397
492,position_cosine,0.8512672397404497
492,normalized_position_rmse,0.515469991020245
492,velocity_direction_cosine,0.6389090836205654
492,speed_profile_correlation,0.7427461511587053
492,path_length_similarity,0.9837759275529997
492,acceleration_direction_cosine,0.5881199793347321
492,zero_lag_correlation,0.8628876692115375
492,best_lag_correlation,0.8628876692115375
493,position_correlation,0.8586661589181195
493,position_cosine,0.8387869514496819
493,normalized_position_rmse,0.5494777626161156
493,velocity_direction_cosine,0.6650142845147928
493,speed_profile_correlation,0.7688475645850724
493,path_length_similarity,0.9790258679484231
493,acceleration_direction_cosine,0.6102324088665687
493,zero_lag_correlation,0.8614170343007318
493,best_lag_correlation,0.8614170343007318
494,position_correlation,0.8507011027853393
494,position_cosine,0.8343216962772061
494,normalized_position_rmse,0.5455059313212481
494,velocity_direction_cosine,0.6551127909531688
494,speed_profile_correlation,0.7437954821494447
494,path_length_similarity,0.9481267242553881
494,acceleration_direction_cosine,0.6038278877808232
494,zero_lag_correlation,0.8533515823408291
494,best_lag_correlation,0.8533515823408291
495,position_correlation,0.8534409925934827
495,position_cosine,0.8244760044042795
495,normalized_position_rmse,0.5282667847068174
495,velocity_direction_cosine,0.6891545842954574
495,speed_profile_correlation,0.7451150092578867
495,path_length_similarity,0.9901018211043744
495,acceleration_direction_cosine,0.6664528468761497
495,zero_lag_correlation,0.8578246281119019
495,best_lag_correlation,0.8578246281119019
496,position_correlation,0.8623826875491286
496,position_cosine,0.8373480824982314
496,normalized_position_rmse,0.5418417525404665
496,velocity_direction_cosine,0.6435773640568524
496,speed_profile_correlation,0.7414677191047676
496,path_length_similarity,0.8845323200850702
496,acceleration_direction_cosine,0.6102561545111868
496,zero_lag_correlation,0.8652885337796533
496,best_lag_correlation,0.8652885337796533
497,position_correlation,0.8650361679942071
497,position_cosine,0.8319276638260062
497,normalized_position_rmse,0.5119827754959673
497,velocity_direction_cosine,0.6696933245274489
497,speed_profile_correlation,0.7792280653317325
497,path_length_similarity,0.8580098221130281
497,acceleration_direction_cosine,0.6105224455399093
497,zero_lag_correlation,0.8675547319340021
497,best_lag_correlation,0.8675547319340021
498,position_correlation,0.8718246802397374
498,position_cosine,0.8728807312342236
498,normalized_position_rmse,0.5008579423028914
498,velocity_direction_cosine,0.6700109872131502
498,speed_profile_correlation,0.722493339795954
498,path_length_similarity,0.9627135204826546
498,acceleration_direction_cosine,0.6032473348647933
498,zero_lag_correlation,0.8743975806480966
498,best_lag_correlation,0.8743975806480966
499,position_correlation,0.852435338312888
499,position_cosine,0.8355081519957268
499,normalized_position_rmse,0.5856625949069061
499,velocity_direction_cosine,0.6669025437063957
499,speed_profile_correlation,0.731125812365561
499,path_length_similarity,0.8654529839880197
499,acceleration_direction_cosine,0.6126757366418816
499,zero_lag_correlation,0.8548841961538016
499,best_lag_correlation,0.8548841961538016
