animal,representation,data_mode,causal_status,epoch,coordinate,condition_id,n_test_splits,r_obj,r_obj_sd,r_obj_n_finite,r_beh,r_beh_sd,r_beh_n_finite,RMSE_obj,RMSE_obj_sd,RMSE_obj_n_finite,RMSE_beh,RMSE_beh_sd,RMSE_beh_n_finite,Delta_r,Delta_r_sd,Delta_r_n_finite,Delta_RMSE,Delta_RMSE_sd,Delta_RMSE_n_finite,bias_obj,bias_obj_sd,bias_obj_n_finite,bias_beh,bias_beh_sd,bias_beh_n_finite,amplitude_ratio_obj,amplitude_ratio_obj_sd,amplitude_ratio_obj_n_finite,amplitude_ratio_beh,amplitude_ratio_beh_sd,amplitude_ratio_beh_n_finite,condition_index,n_bins,path_separation_RMS,path_separation_MAE,path_separation_max_abs,path_RMS_over_RMSE_obj,path_RMS_over_RMSE_beh
mahler,FA50,condition_mean_neural_and_behavior,published_input_causal_train_only;raw_preprocessing_fail,bounce,y,29337,45,,,0,,,0,,,0,,,0,,,0,,,0,,,0,,,0,,,0,,,0,0,0,,,,,
mahler,FA50,condition_mean_neural_and_behavior,published_input_causal_train_only;raw_preprocessing_fail,bounce,y,55062,48,0.6039967238452802,0.0658921389529893,48,0.5242546724166482,0.0816556804524338,48,4.790144909561168,0.7949702382081894,48,4.530474329774898,0.8086697144367518,48,-0.0797420514286319,0.0325699969396376,48,0.2596705797862703,0.1160550382559614,48,4.227795589267207,0.8819020282904858,48,3.840952325492291,0.916052895557229,48,1.895043676717731,0.1810945871132675,48,1.7056156885570335,0.1725083428150254,48,1,50,0.4542729173082846,0.2718671700385285,1.1151987021844079,0.09483490079841889,0.10027049801888088
mahler,FA50,condition_mean_neural_and_behavior,published_input_causal_train_only;raw_preprocessing_fail,bounce,y,58244,58,,,0,,,0,,,0,,,0,,,0,,,0,,,0,,,0,,,0,,,0,2,0,,,,,
mahler,FA50,condition_mean_neural_and_behavior,published_input_causal_train_only;raw_preprocessing_fail,bounce,y,59920,43,,,0,,,0,,,0,,,0,,,0,,,0,,,0,,,0,,,0,,,0,3,0,,,,,
mahler,FA50,condition_mean_neural_and_behavior,published_input_causal_train_only;raw_preprocessing_fail,bounce,y,68220,53,,,0,,,0,,,0,,,0,,,0,,,0,,,0,,,0,,,0,,,0,4,0,,,,,
mahler,FA50,condition_mean_neural_and_behavior,published_input_causal_train_only;raw_preprocessing_fail,bounce,y,72780,47,0.3571169822026764,0.084808405545307,47,0.3444008511616982,0.0842370711611113,47,6.98966812135124,0.9738376563144148,47,7.123169315144904,0.953525742829876,47,-0.0127161310409782,0.0121524843897734,47,-0.1335011937936656,0.1171156576832385,47,-6.612382718775224,1.0456071686410997,47,-6.752430587299363,1.0231500299230238,47,1.6130034983794586,0.1597235095500607,47,1.6272869393084928,0.1673807078811105,47,5,49,0.04658385727423021,0.02931696148550029,0.10892266996158906,0.006664673696299136,0.006539765547224336
mahler,FA50,condition_mean_neural_and_behavior,published_input_causal_train_only;raw_preprocessing_fail,bounce,y,77046,50,,,0,,,0,,,0,,,0,,,0,,,0,,,0,,,0,,,0,,,0,6,0,,,,,
mahler,FA50,condition_mean_neural_and_behavior,published_input_causal_train_only;raw_preprocessing_fail,bounce,y,77944,48,,,0,,,0,,,0,,,0,,,0,,,0,,,0,,,0,,,0,,,0,7,0,,,,,
mahler,FA50,condition_mean_neural_and_behavior,published_input_causal_train_only;raw_preprocessing_fail,bounce,y,90751,53,,,0,,,0,,,0,,,0,,,0,,,0,,,0,,,0,,,0,,,0,8,0,,,,,
mahler,FA50,condition_mean_neural_and_behavior,published_input_causal_train_only;raw_preprocessing_fail,bounce,y,93053,48,0.4202315337399951,0.2026912840312673,48,0.4390723987025529,0.2070912205514359,48,4.04439261374124,1.1195211419085498,48,4.112838085107892,1.0102399722480448,48,0.0188408649625576,0.0237668297983333,48,-0.0684454713666518,0.2702061253987677,48,1.6504639251741064,2.7062288553937024,48,1.9126998338266408,2.6430348623757345,48,1.0201269744283892,0.1883245452648822,48,1.0288493529829097,0.1745258173180074,48,9,50,0.018922519657862145,0.00831406125318208,0.06217459049682805,0.004678704929281825,0.004600842354183206
mahler,FA50,condition_mean_neural_and_behavior,published_input_causal_train_only;raw_preprocessing_fail,bounce,y,99902,46,0.5505511740843924,0.0776781315360791,46,0.5551092414043072,0.0800830586910029,46,5.4936842177562015,0.8104659657159747,46,5.488486446541833,0.850571834309572,46,0.0045580673199147,0.011063902369006,46,0.0051977712143687,0.12338826495896,46,5.203616446202185,0.8516025875126108,46,5.200139260668913,0.8908477641052714,46,1.273010543153031,0.1151624447769126,46,1.272014568395036,0.1290835468755194,46,10,49,0.003965863286415818,0.0023795824007868892,0.009704220431955513,0.0007218950214862559,0.0007225786790299202
mahler,FA50,condition_mean_neural_and_behavior,published_input_causal_train_only;raw_preprocessing_fail,bounce,y,105802,56,0.1407313208371956,0.1329729987443641,56,0.1193809287794108,0.1380316322203095,56,5.329011881378049,0.8321566145593343,56,5.657830197849892,0.9196864419991896,56,-0.0213503920577847,0.0304988736960046,56,-0.328818316471843,0.1412512413732453,56,4.240993727221885,1.065601025190521,56,4.7435249369962875,1.0940035099172494,56,0.8066124129569632,0.0712365499247063,56,0.8959706883010957,0.0770240510187253,56,11,46,0.44872122307813256,0.37506687865821536,0.7959607427885331,0.0842034570510464,0.07930977201271561
mahler,FA50,condition_mean_neural_and_behavior,published_input_causal_train_only;raw_preprocessing_fail,bounce,y,118879,59,,,0,,,0,,,0,,,0,,,0,,,0,,,0,,,0,,,0,,,0,12,0,,,,,
mahler,FA50,condition_mean_neural_and_behavior,published_input_causal_train_only;raw_preprocessing_fail,bounce,y,122957,51,,,0,,,0,,,0,,,0,,,0,,,0,,,0,,,0,,,0,,,0,13,0,,,,,
mahler,FA50,condition_mean_neural_and_behavior,published_input_causal_train_only;raw_preprocessing_fail,bounce,y,126479,53,,,0,,,0,,,0,,,0,,,0,,,0,,,0,,,0,,,0,,,0,14,0,,,,,
mahler,FA50,condition_mean_neural_and_behavior,published_input_causal_train_only;raw_preprocessing_fail,bounce,y,158705,57,0.0873079246470492,0.1617233641737379,57,0.1226309885746733,0.1616800302581543,57,6.605621099568479,0.7398405182621653,57,6.698135127381224,0.7382495410563924,57,0.0353230639276241,0.0359964479422278,57,-0.0925140278127455,0.1121498178152269,57,-5.535865556577037,0.8707337223578101,57,-5.628280833713188,0.8609386636360084,57,0.5325937491575105,0.0575148825591611,57,0.5351890903321777,0.0594937165608933,57,15,48,0.1396458249800268,0.1155880716127863,0.25020963868183976,0.021140453391907288,0.020848463389335093
mahler,FA50,condition_mean_neural_and_behavior,published_input_causal_train_only;raw_preprocessing_fail,bounce,y,159613,50,,,0,,,0,,,0,,,0,,,0,,,0,,,0,,,0,,,0,,,0,16,0,,,,,
mahler,FA50,condition_mean_neural_and_behavior,published_input_causal_train_only;raw_preprocessing_fail,bounce,y,163248,39,,,0,,,0,,,0,,,0,,,0,,,0,,,0,,,0,,,0,,,0,17,0,,,,,
mahler,FA50,condition_mean_neural_and_behavior,published_input_causal_train_only;raw_preprocessing_fail,bounce,y,167848,56,,,0,,,0,,,0,,,0,,,0,,,0,,,0,,,0,,,0,,,0,18,0,,,,,
mahler,FA50,condition_mean_neural_and_behavior,published_input_causal_train_only;raw_preprocessing_fail,bounce,y,179553,58,,,0,,,0,,,0,,,0,,,0,,,0,,,0,,,0,,,0,,,0,19,0,,,,,
mahler,FA50,condition_mean_neural_and_behavior,published_input_causal_train_only;raw_preprocessing_fail,bounce,y,182748,51,0.438199838476823,0.1273095593056198,51,0.4002324237455972,0.1488684689114337,51,5.61139677954624,0.8322322030053558,51,5.817093959434324,0.8570786317119387,51,-0.0379674147312258,0.0344987214335636,51,-0.2056971798880824,0.1083159820153531,51,-4.891014680285217,0.9215216049154707,51,-5.082311025566404,0.9305321927450289,51,0.8172360654721504,0.097490363816706,51,0.7920938323594682,0.0994914518252345,51,20,49,0.10493406870777401,0.04665637092287949,0.3407794497310883,0.018700169107674365,0.01803891589847694
mahler,FA50,condition_mean_neural_and_behavior,published_input_causal_train_only;raw_preprocessing_fail,bounce,y,183171,51,,,0,,,0,,,0,,,0,,,0,,,0,,,0,,,0,,,0,,,0,21,0,,,,,
mahler,FA50,condition_mean_neural_and_behavior,published_input_causal_train_only;raw_preprocessing_fail,bounce,y,184642,57,,,0,,,0,,,0,,,0,,,0,,,0,,,0,,,0,,,0,,,0,22,0,,,,,
mahler,FA50,condition_mean_neural_and_behavior,published_input_causal_train_only;raw_preprocessing_fail,bounce,y,187617,54,0.0346557595882098,0.1525951772251972,54,0.0296819797000945,0.1586962492024854,54,5.912409756225543,0.8107023883381032,54,5.682581316976023,0.7960193210980779,54,-0.0049737798881153,0.0270590743490232,54,0.2298284392495189,0.0947671586998525,54,5.153330142294301,0.9285063426677524,54,4.769435712141716,0.9346646663548512,54,1.2825811112457632,0.1358367134008257,54,1.0945714638041435,0.1185901687658798,54,23,38,0.5067015493269945,0.41008386372246425,0.925154255809594,0.08570135870462244,0.08916749643569288
mahler,FA50,condition_mean_neural_and_behavior,published_input_causal_train_only;raw_preprocessing_fail,bounce,y,197632,47,,,0,,,0,,,0,,,0,,,0,,,0,,,0,,,0,,,0,,,0,24,0,,,,,
mahler,FA50,condition_mean_neural_and_behavior,published_input_causal_train_only;raw_preprocessing_fail,bounce,y,199564,49,,,0,,,0,,,0,,,0,,,0,,,0,,,0,,,0,,,0,,,0,25,0,,,,,
mahler,FA50,condition_mean_neural_and_behavior,published_input_causal_train_only;raw_preprocessing_fail,bounce,y,204372,53,,,0,,,0,,,0,,,0,,,0,,,0,,,0,,,0,,,0,,,0,26,0,,,,,
mahler,FA50,condition_mean_neural_and_behavior,published_input_causal_train_only;raw_preprocessing_fail,bounce,y,204678,45,0.5522893219089364,0.0690889786253445,45,0.5185037230842506,0.0726248368518326,45,6.8203371376862645,0.7970601990949494,45,6.972679704787831,0.8681231093063375,45,-0.0337855988246858,0.0177027023636109,45,-0.1523425671015671,0.174258674177171,45,-6.502816996692212,0.842936722312656,45,-6.655033526983369,0.9115873370089408,45,1.5142922272247707,0.1483326334844322,45,1.5037974949681787,0.1534326992328231,45,27,40,0.1273005546018471,0.061644761113471745,0.3786374692917711,0.018664847797396807,0.018257048938363746
mahler,FA50,condition_mean_neural_and_behavior,published_input_causal_train_only;raw_preprocessing_fail,bounce,y,206128,53,,,0,,,0,,,0,,,0,,,0,,,0,,,0,,,0,,,0,,,0,28,0,,,,,
mahler,FA50,condition_mean_neural_and_behavior,published_input_causal_train_only;raw_preprocessing_fail,bounce,y,217817,49,0.1144977073749944,0.1275490110509416,49,0.0902047012721391,0.1271434919421129,49,4.317307834916695,0.5450305818866815,49,4.268353723680353,0.5493205367060501,49,-0.0242930061028552,0.0198595682545134,49,0.0489541112363402,0.0718352885095483,49,3.138140286863497,0.7509795783383068,49,2.9769174246117376,0.7837165684167595,49,1.2183458221651422,0.0907750946782599,49,1.128297812662178,0.0861764428105124,49,29,39,0.20067860665689435,0.1570727843301981,0.378633102092631,0.046482348336128444,0.04701545833550572
mahler,FA50,condition_mean_neural_and_behavior,published_input_causal_train_only;raw_preprocessing_fail,bounce,y,218791,56,0.4263626560029711,0.1015120169576599,56,0.4230978722915417,0.0983520529898835,56,4.890547069198086,0.7850254739777931,56,5.260331268258006,0.8507505883903075,56,-0.0032647837114293,0.0249304612961577,56,-0.3697841990599191,0.1237522847808815,56,4.234453689898996,0.8891446328039391,56,4.783717865574872,0.9277682736371612,56,0.9461993306861884,0.0870378971031986,56,1.194320408176781,0.1124629910359427,56,30,44,0.7849337004020454,0.5751886223719841,1.5812648148131885,0.16050018316882342,0.1492175417047416
mahler,FA50,condition_mean_neural_and_behavior,published_input_causal_train_only;raw_preprocessing_fail,bounce,y,226533,59,,,0,,,0,,,0,,,0,,,0,,,0,,,0,,,0,,,0,,,0,31,0,,,,,
mahler,FA50,condition_mean_neural_and_behavior,published_input_causal_train_only;raw_preprocessing_fail,bounce,y,232533,53,,,0,,,0,,,0,,,0,,,0,,,0,,,0,,,0,,,0,,,0,32,0,,,,,
mahler,FA50,condition_mean_neural_and_behavior,published_input_causal_train_only;raw_preprocessing_fail,bounce,y,241919,43,0.3174519262906003,0.1170594523309388,43,0.3818083451103516,0.1299118548171723,43,5.063226904035117,0.8812296524008941,43,5.3524484398341645,0.9629858642449192,43,0.0643564188197512,0.0265472109832287,43,-0.2892215357990485,0.1623458313034358,43,4.309696755375337,1.0225975206847937,43,4.709142232888146,1.0866774396978969,43,1.173599441462146,0.1528292631442707,43,1.1360810594051465,0.1550020974828787,43,33,46,0.5403677274042853,0.2948861558397739,1.445413842692389,0.10672398011111087,0.10095711027924027
mahler,FA50,condition_mean_neural_and_behavior,published_input_causal_train_only;raw_preprocessing_fail,bounce,y,242380,50,0.2156641678160261,0.2237194916527297,50,0.209974121084613,0.2422043057291513,50,4.284302973293744,0.7167885682003174,50,4.265529824100208,0.7781749946704198,50,-0.0056900467314131,0.0434468642175322,50,0.0187731491935337,0.1303699193625642,50,-2.3059148015366326,0.972922779138862,50,-2.3906888231207004,1.029086088000165,50,0.6467314579495009,0.076400472052682,50,0.6353769122287392,0.0779093229752888,50,34,44,0.26706827092803437,0.05392135235370418,1.5886678449815896,0.062336457667164946,0.06261080849068287
mahler,FA50,condition_mean_neural_and_behavior,published_input_causal_train_only;raw_preprocessing_fail,bounce,y,244437,50,,,0,,,0,,,0,,,0,,,0,,,0,,,0,,,0,,,0,,,0,35,0,,,,,
mahler,FA50,condition_mean_neural_and_behavior,published_input_causal_train_only;raw_preprocessing_fail,bounce,y,245662,41,0.6339947085915645,0.0951045885665937,41,0.6046151600289635,0.0652468044920037,41,6.118706136792108,1.2717419624347883,41,6.876662671504643,1.3152151706496138,41,-0.029379548562601,0.0644363137020795,41,-0.7579565347125354,0.1595513193362785,41,-5.726255374227293,1.3020742428173848,41,-6.53248393007727,1.3046500038574038,41,1.3340200079605673,0.226170056548128,41,1.6857405874560627,0.2720420782720398,41,36,47,0.9834999029214119,0.648788528007387,2.195849031227114,0.16073658073029104,0.1430199429436631
mahler,FA50,condition_mean_neural_and_behavior,published_input_causal_train_only;raw_preprocessing_fail,bounce,y,248856,53,,,0,,,0,,,0,,,0,,,0,,,0,,,0,,,0,,,0,,,0,37,0,,,,,
mahler,FA50,condition_mean_neural_and_behavior,published_input_causal_train_only;raw_preprocessing_fail,bounce,y,251629,52,0.0961385262845907,0.1315580289282475,52,0.2513336074335401,0.1027412465767583,52,5.491841556424604,0.5800958335236922,52,6.1124068311241055,0.7225970813150971,52,0.1551950811489494,0.0699097871921887,52,-0.6205652746995008,0.1971537425874105,52,4.49167711739425,0.7388226911518454,52,5.626015330506548,0.7987785048792527,52,0.9247483612535928,0.0864202786528902,52,1.409170469015692,0.1396519227071211,52,38,50,1.695425062654027,1.1549513074220892,3.673822258162618,0.30871703876282486,0.2773743812373544
mahler,FA50,condition_mean_neural_and_behavior,published_input_causal_train_only;raw_preprocessing_fail,bounce,y,258471,53,,,0,,,0,,,0,,,0,,,0,,,0,,,0,,,0,,,0,,,0,39,0,,,,,
mahler,FA50,condition_mean_neural_and_behavior,published_input_causal_train_only;raw_preprocessing_fail,bounce,y,269179,52,,,0,,,0,,,0,,,0,,,0,,,0,,,0,,,0,,,0,,,0,40,0,,,,,
mahler,FA50,condition_mean_neural_and_behavior,published_input_causal_train_only;raw_preprocessing_fail,bounce,y,270569,46,0.3242545046896152,0.1493204694831572,46,0.3524386391467676,0.1522792432895817,46,4.4783695533084495,0.4209657747373169,46,4.339110721577976,0.3919846177058443,46,0.0281841344571523,0.0430868958519733,46,0.1392588317304748,0.1252340916420946,46,1.9419154521219908,1.0505905294812703,46,1.9105070210720647,1.0138761782503594,46,0.4977075571941624,0.0460953319603089,46,0.5078239058906175,0.0526913247908518,46,41,49,0.3236178816727649,0.06814752956749774,1.9541712800105309,0.07226243341925373,0.07458161416887674
mahler,FA50,condition_mean_neural_and_behavior,published_input_causal_train_only;raw_preprocessing_fail,bounce,y,273073,52,0.5243607870177202,0.1050021383397067,52,0.3526912641821097,0.1321578504371623,52,6.681318170993267,0.919124997632279,52,6.511328327774811,0.9466070582406731,52,-0.1716695228356104,0.042808961361427,52,0.1699898432184575,0.1284060749353307,52,-6.348107336516128,0.9797288539330262,52,-6.126007022467187,1.0261632520501245,52,3.042648361323766,0.27969845237585,52,2.225179255096524,0.2215307304770803,52,42,33,0.4926508853271353,0.3108867010836144,1.1377521922755571,0.07373558221878486,0.0756605811483468
mahler,FA50,condition_mean_neural_and_behavior,published_input_causal_train_only;raw_preprocessing_fail,bounce,y,273515,43,0.0632420337899854,0.123676347358858,43,0.0063684746119988,0.1179294101824735,43,7.168108564307805,0.8893072704427587,43,7.052161108455016,0.926207721372022,43,-0.0568735591779865,0.0180799757114527,43,0.1159474558527884,0.1090234297672081,43,-6.536638874707888,0.9892213193236796,43,-6.375859594417103,1.0428618927182387,43,2.6723116554787545,0.2240634473096823,43,2.273076760110108,0.1990106684898706,43,43,34,0.24538606891077475,0.17429266966107665,0.507108603304439,0.03423302907724175,0.034795868264633815
mahler,FA50,condition_mean_neural_and_behavior,published_input_causal_train_only;raw_preprocessing_fail,bounce,y,287936,52,,,0,,,0,,,0,,,0,,,0,,,0,,,0,,,0,,,0,,,0,44,0,,,,,
mahler,FA50,condition_mean_neural_and_behavior,published_input_causal_train_only;raw_preprocessing_fail,bounce,y,297652,55,,,0,,,0,,,0,,,0,,,0,,,0,,,0,,,0,,,0,,,0,45,0,,,,,
mahler,FA50,condition_mean_neural_and_behavior,published_input_causal_train_only;raw_preprocessing_fail,bounce,y,301600,50,,,0,,,0,,,0,,,0,,,0,,,0,,,0,,,0,,,0,,,0,46,0,,,,,
mahler,FA50,condition_mean_neural_and_behavior,published_input_causal_train_only;raw_preprocessing_fail,bounce,y,320246,53,-0.0169720144685307,0.1351225930681291,53,-0.0372890713079916,0.1434363361939273,53,5.649060125800828,0.9159064659804708,53,5.659954162311704,0.9304313842593338,53,-0.0203170568394608,0.0245250018717463,53,-0.0108940365108731,0.1077511533987515,53,-4.816778590332737,1.0708064776424433,53,-4.815956888734657,1.0979345270650938,53,1.954188411160556,0.1936023883778387,53,1.7752117524330169,0.1744069178387333,53,47,33,0.15061866828662307,0.1116894279372885,0.2984855519946681,0.026662606687209035,0.026611287647797074
mahler,FA50,condition_mean_neural_and_behavior,published_input_causal_train_only;raw_preprocessing_fail,bounce,y,325813,56,0.3725201739932965,0.1545264108776884,56,0.382345183339833,0.1690202525689552,56,5.766641210236654,1.0891489801975751,56,5.98207573897728,1.2045949184637506,56,0.0098250093465364,0.0346037466659361,56,-0.2154345287406261,0.2391946809137309,56,5.354460671644145,1.1891012064508235,56,5.598699856195828,1.3003989722940923,56,1.2940114625300545,0.1413455724395225,56,1.249148051248072,0.1409348081775061,56,48,37,0.14730198251133653,0.07522116658805138,0.416423648266635,0.025543809150091287,0.024623891260948806
mahler,FA50,condition_mean_neural_and_behavior,published_input_causal_train_only;raw_preprocessing_fail,bounce,y,328386,47,,,0,,,0,,,0,,,0,,,0,,,0,,,0,,,0,,,0,,,0,49,0,,,,,
mahler,FA50,condition_mean_neural_and_behavior,published_input_causal_train_only;raw_preprocessing_fail,bounce,y,330797,55,,,0,,,0,,,0,,,0,,,0,,,0,,,0,,,0,,,0,,,0,50,0,,,,,
mahler,FA50,condition_mean_neural_and_behavior,published_input_causal_train_only;raw_preprocessing_fail,bounce,y,332165,48,0.1972082656722686,0.176421948060889,48,0.1799763469587206,0.2299814732618053,48,3.9455806854440505,0.6118636860192389,48,4.8543088138599355,0.8973625686959723,48,-0.0172319187135479,0.0992401216161876,48,-0.9087281284158828,0.3427042889281394,48,1.672763370264583,1.1201832711106692,48,3.045794151722196,1.1437592695733505,48,0.5951399895862463,0.0584108807954059,48,0.5570803486003689,0.0537506651846558,48,51,63,2.07814451791262,1.1691422261985838,5.43728466543357,0.5267018174483834,0.42810307246608187
mahler,FA50,condition_mean_neural_and_behavior,published_input_causal_train_only;raw_preprocessing_fail,bounce,y,340684,52,0.3877957424413037,0.1412357192402076,52,0.3208528492931043,0.1497423849577442,52,7.371325641634223,0.7657766161129006,52,7.01584372774594,0.7876921843580302,52,-0.0669428931481994,0.0512738284409823,52,0.3554819138882827,0.1495388052065586,52,7.235811957422849,0.7753101561738281,52,6.856857136327566,0.8050804112409262,52,1.6011694068586448,0.1678012127593054,52,1.447320574408156,0.1557649752324855,52,52,65,0.25034349977166465,0.14944568286421026,0.6190104562203986,0.033961801708730845,0.03568259349643401
mahler,FA50,condition_mean_neural_and_behavior,published_input_causal_train_only;raw_preprocessing_fail,bounce,y,351612,48,,,0,,,0,,,0,,,0,,,0,,,0,,,0,,,0,,,0,,,0,53,0,,,,,
mahler,FA50,condition_mean_neural_and_behavior,published_input_causal_train_only;raw_preprocessing_fail,bounce,y,356164,56,,,0,,,0,,,0,,,0,,,0,,,0,,,0,,,0,,,0,,,0,54,0,,,,,
mahler,FA50,condition_mean_neural_and_behavior,published_input_causal_train_only;raw_preprocessing_fail,bounce,y,356765,58,,,0,,,0,,,0,,,0,,,0,,,0,,,0,,,0,,,0,,,0,55,0,,,,,
mahler,FA50,condition_mean_neural_and_behavior,published_input_causal_train_only;raw_preprocessing_fail,bounce,y,370777,49,,,0,,,0,,,0,,,0,,,0,,,0,,,0,,,0,,,0,,,0,56,0,,,,,
mahler,FA50,condition_mean_neural_and_behavior,published_input_causal_train_only;raw_preprocessing_fail,bounce,y,377134,51,,,0,,,0,,,0,,,0,,,0,,,0,,,0,,,0,,,0,,,0,57,0,,,,,
mahler,FA50,condition_mean_neural_and_behavior,published_input_causal_train_only;raw_preprocessing_fail,bounce,y,379400,46,,,0,,,0,,,0,,,0,,,0,,,0,,,0,,,0,,,0,,,0,58,0,,,,,
mahler,FA50,condition_mean_neural_and_behavior,published_input_causal_train_only;raw_preprocessing_fail,bounce,y,381514,52,,,0,,,0,,,0,,,0,,,0,,,0,,,0,,,0,,,0,,,0,59,0,,,,,
mahler,FA50,condition_mean_neural_and_behavior,published_input_causal_train_only;raw_preprocessing_fail,bounce,y,388571,46,,,0,,,0,,,0,,,0,,,0,,,0,,,0,,,0,,,0,,,0,60,0,,,,,
mahler,FA50,condition_mean_neural_and_behavior,published_input_causal_train_only;raw_preprocessing_fail,bounce,y,394672,41,,,0,,,0,,,0,,,0,,,0,,,0,,,0,,,0,,,0,,,0,61,0,,,,,
mahler,FA50,condition_mean_neural_and_behavior,published_input_causal_train_only;raw_preprocessing_fail,bounce,y,396358,53,,,0,,,0,,,0,,,0,,,0,,,0,,,0,,,0,,,0,,,0,62,0,,,,,
mahler,FA50,condition_mean_neural_and_behavior,published_input_causal_train_only;raw_preprocessing_fail,bounce,y,400995,60,,,0,,,0,,,0,,,0,,,0,,,0,,,0,,,0,,,0,,,0,63,0,,,,,
mahler,FA50,condition_mean_neural_and_behavior,published_input_causal_train_only;raw_preprocessing_fail,bounce,y,401673,46,,,0,,,0,,,0,,,0,,,0,,,0,,,0,,,0,,,0,,,0,64,0,,,,,
mahler,FA50,condition_mean_neural_and_behavior,published_input_causal_train_only;raw_preprocessing_fail,bounce,y,406460,40,,,0,,,0,,,0,,,0,,,0,,,0,,,0,,,0,,,0,,,0,65,0,,,,,
mahler,FA50,condition_mean_neural_and_behavior,published_input_causal_train_only;raw_preprocessing_fail,bounce,y,413189,63,,,0,,,0,,,0,,,0,,,0,,,0,,,0,,,0,,,0,,,0,66,0,,,,,
mahler,FA50,condition_mean_neural_and_behavior,published_input_causal_train_only;raw_preprocessing_fail,bounce,y,413513,37,,,0,,,0,,,0,,,0,,,0,,,0,,,0,,,0,,,0,,,0,67,0,,,,,
mahler,FA50,condition_mean_neural_and_behavior,published_input_causal_train_only;raw_preprocessing_fail,bounce,y,420020,48,,,0,,,0,,,0,,,0,,,0,,,0,,,0,,,0,,,0,,,0,68,0,,,,,
mahler,FA50,condition_mean_neural_and_behavior,published_input_causal_train_only;raw_preprocessing_fail,bounce,y,428615,50,0.7328312946680771,0.0704585824264075,50,0.7213745953775462,0.0884205586444809,50,8.594382397212108,1.0245166023918608,50,7.995559338089454,0.9986512667357252,50,-0.011456699290531,0.0263974920863727,50,0.5988230591226514,0.1588430383576333,50,-8.386929146079234,1.0528948156026217,50,-7.760356243685026,1.050724344047551,50,1.6388535166983411,0.1642189214013415,50,1.2025622839511076,0.123234129156696,50,69,65,0.9481456386989529,0.7094084151857032,1.8812668951642482,0.11032155597434407,0.1185840287848471
mahler,FA50,condition_mean_neural_and_behavior,published_input_causal_train_only;raw_preprocessing_fail,bounce,y,435203,57,,,0,,,0,,,0,,,0,,,0,,,0,,,0,,,0,,,0,,,0,70,0,,,,,
mahler,FA50,condition_mean_neural_and_behavior,published_input_causal_train_only;raw_preprocessing_fail,bounce,y,448412,48,,,0,,,0,,,0,,,0,,,0,,,0,,,0,,,0,,,0,,,0,71,0,,,,,
mahler,FA50,condition_mean_neural_and_behavior,published_input_causal_train_only;raw_preprocessing_fail,bounce,y,454477,51,,,0,,,0,,,0,,,0,,,0,,,0,,,0,,,0,,,0,,,0,72,0,,,,,
mahler,FA50,condition_mean_neural_and_behavior,published_input_causal_train_only;raw_preprocessing_fail,bounce,y,456038,45,0.3760126602449674,0.1385387177781811,45,0.453598936759943,0.0999749529925924,45,5.458546901975272,0.948343104414723,45,6.119564245556789,1.0550712951149137,45,0.0775862765149756,0.0648296772825698,45,-0.6610173435815168,0.1577415041747578,45,-4.888812839506125,1.0695135490518597,45,-5.724642078384804,1.1132214076687423,45,1.4800513652958398,0.1551600279288716,45,1.9341344177629023,0.2114103320446519,45,73,38,1.0062684160762774,0.6619771543002774,2.243229602124986,0.1843473060041201,0.16443465183111614
mahler,FA50,condition_mean_neural_and_behavior,published_input_causal_train_only;raw_preprocessing_fail,bounce,y,460651,46,,,0,,,0,,,0,,,0,,,0,,,0,,,0,,,0,,,0,,,0,74,0,,,,,
mahler,FA50,condition_mean_neural_and_behavior,published_input_causal_train_only;raw_preprocessing_fail,bounce,y,463174,54,0.1244750267642372,0.1329268020451382,54,0.0863637988298096,0.2105486483348746,54,6.841830146261193,1.1738489563394925,54,7.847363574120601,1.32439432224914,54,-0.0381112279344276,0.1010202758333388,54,-1.0055334278594097,0.2545609853585093,54,-5.661401625291524,1.373366111369556,54,-6.78100344128544,1.4533174255730332,54,0.6003502162185703,0.0564352494938924,54,0.5879041608589078,0.0476097074951437,54,75,65,1.7307062772477564,0.987772116160737,4.469168087366369,0.25295955033223433,0.2205462077678368
mahler,FA50,condition_mean_neural_and_behavior,published_input_causal_train_only;raw_preprocessing_fail,bounce,y,464785,55,,,0,,,0,,,0,,,0,,,0,,,0,,,0,,,0,,,0,,,0,76,0,,,,,
mahler,FA50,condition_mean_neural_and_behavior,published_input_causal_train_only;raw_preprocessing_fail,bounce,y,465431,50,,,0,,,0,,,0,,,0,,,0,,,0,,,0,,,0,,,0,,,0,77,0,,,,,
mahler,FA50,condition_mean_neural_and_behavior,published_input_causal_train_only;raw_preprocessing_fail,bounce,y,469268,52,0.5711974101821036,0.0943296319738577,52,0.5856638089998886,0.0953942343399846,52,5.14399796514228,0.9870836663029906,52,5.604370078956803,0.9676932163300987,52,0.0144663988177848,0.0497968904190672,52,-0.4603721138145237,0.1393361110401506,52,-4.614458526955928,1.0967610889585186,52,-5.159555760278924,1.0379939073329567,52,1.846376305628124,0.229611337150482,52,1.9993768367415896,0.2564208884514865,52,78,36,0.5746875916095787,0.35439131517437794,1.3603435407628304,0.11172002701087445,0.1025427627928081
mahler,FA50,condition_mean_neural_and_behavior,published_input_causal_train_only;raw_preprocessing_fail,full,y,29337,45,-0.0899644926668707,0.1900862962396131,45,-0.1159407347332145,0.1899218161203895,45,3.7614360694766966,0.4160869783325527,45,3.7975062723005113,0.418428640818518,45,-0.0259762420663438,0.0334360710685318,45,-0.036070202823814,0.0519826463380066,45,2.125163528695477,0.638765478619473,45,2.283233091920375,0.6469250287451918,45,0.6913202226300336,0.0710279694719914,45,0.7423015932204285,0.0812327665095478,45,0,50,0.2946504375697763,0.2572605407031389,0.5011456189074486,0.0783345594946584,0.07759050714912408
mahler,FA50,condition_mean_neural_and_behavior,published_input_causal_train_only;raw_preprocessing_fail,full,y,55062,48,0.6039967238452802,0.0658921389529893,48,0.5242546724166482,0.0816556804524338,48,4.790144909561168,0.7949702382081894,48,4.530474329774898,0.8086697144367518,48,-0.0797420514286319,0.0325699969396376,48,0.2596705797862703,0.1160550382559614,48,4.227795589267207,0.8819020282904858,48,3.840952325492291,0.916052895557229,48,1.895043676717731,0.1810945871132675,48,1.7056156885570335,0.1725083428150254,48,1,50,0.4542729173082846,0.2718671700385285,1.1151987021844079,0.09483490079841889,0.10027049801888088
mahler,FA50,condition_mean_neural_and_behavior,published_input_causal_train_only;raw_preprocessing_fail,full,y,58244,58,0.6573045409115646,0.1112119186930052,58,0.6455774902758052,0.1195775612209503,58,2.3447651475715108,0.2904095423513291,58,2.3261791451100557,0.313698257179215,58,-0.0117270506357595,0.0189480409645312,58,0.0185860024614554,0.1029357465989931,58,-0.0611193916138703,0.8073180535696216,58,-0.3367306794430072,0.8298461234920869,58,0.8136489981053868,0.1108236271234545,58,0.832200755821199,0.1177478493025847,58,2,50,0.25153181460465074,0.21961060469262628,0.4278147419597538,0.10727377744639541,0.10813088713885376
mahler,FA50,condition_mean_neural_and_behavior,published_input_causal_train_only;raw_preprocessing_fail,full,y,59920,43,,,0,,,0,,,0,,,0,,,0,,,0,,,0,,,0,,,0,,,0,3,0,,,,,
mahler,FA50,condition_mean_neural_and_behavior,published_input_causal_train_only;raw_preprocessing_fail,full,y,68220,53,0.6765460597498479,0.0873035086330742,53,0.6776707185669288,0.0904324925287317,53,2.719762835721913,0.3134767035961484,53,2.6521353474787253,0.3215424823048984,53,0.0011246588170809,0.0157067119470742,53,0.0676274882431885,0.0518989217485255,53,0.771215834059032,0.7575969885624035,53,0.7429271405477434,0.7555082294649029,53,0.7476420045438472,0.0918226344762916,53,0.7581398110747636,0.0972806628084701,53,4,52,0.16976639936259663,0.14817809254873074,0.28894245713611255,0.062419559945760913,0.06401121252125631
mahler,FA50,condition_mean_neural_and_behavior,published_input_causal_train_only;raw_preprocessing_fail,full,y,72780,47,0.3571169822026764,0.084808405545307,47,0.3444008511616982,0.0842370711611113,47,6.98966812135124,0.9738376563144148,47,7.123169315144904,0.953525742829876,47,-0.0127161310409782,0.0121524843897734,47,-0.1335011937936656,0.1171156576832385,47,-6.612382718775224,1.0456071686410997,47,-6.752430587299363,1.0231500299230238,47,1.6130034983794586,0.1597235095500607,47,1.6272869393084928,0.1673807078811105,47,5,49,0.04658385727423021,0.02931696148550029,0.10892266996158906,0.006664673696299136,0.006539765547224336
mahler,FA50,condition_mean_neural_and_behavior,published_input_causal_train_only;raw_preprocessing_fail,full,y,77046,50,0.1597866873906784,0.1688285306070421,50,0.1418793327303385,0.1807762029671767,50,3.5783848509579927,0.5048431036715035,50,3.366275356252229,0.5049623851348531,50,-0.0179073546603398,0.0336274611175779,50,0.2121094947057639,0.1246574560066191,50,-1.88960618492315,0.942162705765428,50,-1.5702077795971765,1.0787669716726176,50,0.7299896976618032,0.0797323944736571,50,0.7753885935235765,0.0850930118953463,50,6,47,0.35588481432636504,0.31087544389045524,0.6046101386922764,0.09945403559124973,0.10572064868828254
mahler,FA50,condition_mean_neural_and_behavior,published_input_causal_train_only;raw_preprocessing_fail,full,y,77944,48,0.4821279106396892,0.1511609468020886,48,0.4590205808859145,0.1453922034221684,48,2.4849106079732226,0.4028419937859143,48,2.444128205053459,0.3922270371749141,48,-0.0231073297537746,0.0285296592881821,48,0.0407824029197629,0.1261416755778793,48,-0.2013950038096916,1.0413197924201298,48,0.0901021152868978,1.1024871769220217,48,1.0514412862562563,0.1039513677643239,48,1.13312657739995,0.1109254794546605,48,7,45,0.41208006765888455,0.3600988573868453,0.6994819597978674,0.16583295444780247,0.16860002139285132
mahler,FA50,condition_mean_neural_and_behavior,published_input_causal_train_only;raw_preprocessing_fail,full,y,90751,53,0.4870291492745703,0.0922773856495602,53,0.4988722766336706,0.0930109447073166,53,3.5127069736657583,0.3195494538129869,53,3.2518928115981103,0.3635107814491839,53,0.0118431273591005,0.0175560723541319,53,0.2608141620676486,0.1559078985254712,53,-0.1094329604512751,0.9464135159916416,53,0.3809621650865099,0.9839851510894612,53,0.7049491646257815,0.0528607085656573,53,0.7554302927749984,0.0590884257205209,53,8,53,0.7131757769174218,0.6223998486505942,1.2142135436893309,0.20302740372709552,0.21931097309660053
mahler,FA50,condition_mean_neural_and_behavior,published_input_causal_train_only;raw_preprocessing_fail,full,y,93053,48,0.4202315337399951,0.2026912840312673,48,0.4390723987025529,0.2070912205514359,48,4.04439261374124,1.1195211419085498,48,4.112838085107892,1.0102399722480448,48,0.0188408649625576,0.0237668297983333,48,-0.0684454713666518,0.2702061253987677,48,1.6504639251741064,2.7062288553937024,48,1.9126998338266408,2.6430348623757345,48,1.0201269744283892,0.1883245452648822,48,1.0288493529829097,0.1745258173180074,48,9,50,0.018922519657862145,0.00831406125318208,0.06217459049682805,0.004678704929281825,0.004600842354183206
mahler,FA50,condition_mean_neural_and_behavior,published_input_causal_train_only;raw_preprocessing_fail,full,y,99902,46,0.5505511740843924,0.0776781315360791,46,0.5551092414043072,0.0800830586910029,46,5.4936842177562015,0.8104659657159747,46,5.488486446541833,0.850571834309572,46,0.0045580673199147,0.011063902369006,46,0.0051977712143687,0.12338826495896,46,5.203616446202185,0.8516025875126108,46,5.200139260668913,0.8908477641052714,46,1.273010543153031,0.1151624447769126,46,1.272014568395036,0.1290835468755194,46,10,49,0.003965863286415818,0.0023795824007868892,0.009704220431955513,0.0007218950214862559,0.0007225786790299202
mahler,FA50,condition_mean_neural_and_behavior,published_input_causal_train_only;raw_preprocessing_fail,full,y,105802,56,0.1407313208371956,0.1329729987443641,56,0.1193809287794108,0.1380316322203095,56,5.329011881378049,0.8321566145593343,56,5.657830197849892,0.9196864419991896,56,-0.0213503920577847,0.0304988736960046,56,-0.328818316471843,0.1412512413732453,56,4.240993727221885,1.065601025190521,56,4.7435249369962875,1.0940035099172494,56,0.8066124129569632,0.0712365499247063,56,0.8959706883010957,0.0770240510187253,56,11,46,0.44872122307813256,0.37506687865821536,0.7959607427885331,0.0842034570510464,0.07930977201271561
mahler,FA50,condition_mean_neural_and_behavior,published_input_causal_train_only;raw_preprocessing_fail,full,y,118879,59,0.2120359899176368,0.1690142813451301,59,0.2165495968366297,0.1640927161621012,59,3.669992576849176,0.5685067168950522,59,3.260676491956662,0.5135207761805923,59,0.0045136069189929,0.0259135715341828,59,0.4093160848925127,0.1141593944990297,59,-2.2621539386752865,0.871912220469085,59,-1.838180994002644,0.9050884924704656,59,1.2500269610522703,0.1171244161602203,59,1.4879270242491804,0.1426092247746609,59,12,42,0.7359465042016976,0.6435058251417825,1.2474589601017145,0.2005307882212489,0.22570362500453758
mahler,FA50,condition_mean_neural_and_behavior,published_input_causal_train_only;raw_preprocessing_fail,full,y,122957,51,-0.0359804692863962,0.1415084307745422,51,-0.0600304531390864,0.1567502334438153,51,4.048781445941246,0.47420929096405,51,3.9826633692685176,0.4619786820968337,51,-0.0240499838526901,0.0255881235769141,51,0.0661180766727266,0.0745698107896686,51,2.589559110846932,0.6218529556886454,51,2.3237726426084544,0.6221093898383679,51,1.172381704028553,0.1025479426358924,51,1.1307017481285444,0.0978113709747798,51,13,42,0.19506985265357907,0.17061951818556823,0.3305447168119724,0.04817989196456366,0.04897974911934545
mahler,FA50,condition_mean_neural_and_behavior,published_input_causal_train_only;raw_preprocessing_fail,full,y,126479,53,0.4761955025892571,0.1200401969930749,53,0.4843483016138499,0.1130018686025773,53,3.375562512461266,0.6222430883908513,53,2.4339337413167685,0.4687499993139179,53,0.0081527990245927,0.0218927264993517,53,0.9416287711444964,0.2480011705934754,53,2.2970618059085925,0.7851201916588886,53,0.9637697309108144,0.848630428997441,53,0.9674167059310111,0.0973813743364753,53,1.3657376673049106,0.1374337132395905,53,14,44,1.4566387225151638,1.2731568837177833,2.4714145200943998,0.4315247361403675,0.5984709845581565
mahler,FA50,condition_mean_neural_and_behavior,published_input_causal_train_only;raw_preprocessing_fail,full,y,158705,57,0.0873079246470492,0.1617233641737379,57,0.1226309885746733,0.1616800302581543,57,6.605621099568479,0.7398405182621653,57,6.698135127381224,0.7382495410563924,57,0.0353230639276241,0.0359964479422278,57,-0.0925140278127455,0.1121498178152269,57,-5.535865556577037,0.8707337223578101,57,-5.628280833713188,0.8609386636360084,57,0.5325937491575105,0.0575148825591611,57,0.5351890903321777,0.0594937165608933,57,15,48,0.1396458249800268,0.1155880716127863,0.25020963868183976,0.021140453391907288,0.020848463389335093
mahler,FA50,condition_mean_neural_and_behavior,published_input_causal_train_only;raw_preprocessing_fail,full,y,159613,50,0.4980593321044322,0.0893527890424254,50,0.4976305802202636,0.0917365209255025,50,3.6325876959108734,0.3745484923824749,50,3.569212412931343,0.3833280951834893,50,-0.0004287518841685,0.0178919148069741,50,0.0633752829795319,0.0552973166167904,50,1.169629919799609,0.9510117134700256,50,1.2343279624224563,0.9835273275090876,50,0.675146249541281,0.0682815866240674,50,0.6857535714387673,0.0691148220850974,50,16,50,0.257199455363169,0.22456100940555557,0.43745033881510054,0.07080337128617513,0.07206056283770872
mahler,FA50,condition_mean_neural_and_behavior,published_input_causal_train_only;raw_preprocessing_fail,full,y,163248,39,0.2660340860368429,0.1530083428903514,39,0.259993279930884,0.1473409843811399,39,2.1472026319318216,0.3750960131747914,39,2.0658399788294983,0.2814671266053922,39,-0.0060408061059588,0.0226307278589437,39,0.0813626531023222,0.1563810584325322,39,-0.6394627013884667,0.8645960213271954,39,-0.2458486421652243,0.8619193490853349,39,5.403541898178685,0.6268965620757129,39,3.246238480344472,0.3649607775280285,39,17,36,0.4905041515408435,0.4295601039657558,0.828464216767379,0.22843868773555884,0.2374356951978257
mahler,FA50,condition_mean_neural_and_behavior,published_input_causal_train_only;raw_preprocessing_fail,full,y,167848,56,0.2052487976861888,0.2054612817448595,56,0.1868883404216506,0.212950981007828,56,5.148202976798848,1.0433430960053984,56,5.240438838029328,1.033859620157734,56,-0.0183604572645381,0.0338430826611685,56,-0.0922358612304799,0.130780504823959,56,-4.198478175829847,1.185976022457953,56,-4.227225427945072,1.1680377067187326,56,0.6299393327558686,0.0629689548896468,56,0.6082930907404244,0.0611978776850433,56,18,44,0.222070568210307,0.1941427867663428,0.37668563494349727,0.043135550251437525,0.04237633050857566
mahler,FA50,condition_mean_neural_and_behavior,published_input_causal_train_only;raw_preprocessing_fail,full,y,179553,58,0.2277854524674112,0.1292978133807403,58,0.2108533849921893,0.1416610186432138,58,3.741832585801917,0.5901456264016042,58,3.8198550565117726,0.6606428597552598,58,-0.0169320674752218,0.0203684297207914,58,-0.0780224707098549,0.1254023577158748,58,2.6603266575339943,0.8455725345636574,58,2.8806426005139465,0.9065725727144271,58,1.168128901372164,0.0947392525964075,58,1.2847891524902806,0.1050912759438178,58,19,39,0.45135225910574006,0.39493860862860486,0.7638094777154942,0.12062331725325177,0.11815952501556626
mahler,FA50,condition_mean_neural_and_behavior,published_input_causal_train_only;raw_preprocessing_fail,full,y,182748,51,0.438199838476823,0.1273095593056198,51,0.4002324237455972,0.1488684689114337,51,5.61139677954624,0.8322322030053558,51,5.817093959434324,0.8570786317119387,51,-0.0379674147312258,0.0344987214335636,51,-0.2056971798880824,0.1083159820153531,51,-4.891014680285217,0.9215216049154707,51,-5.082311025566404,0.9305321927450289,51,0.8172360654721504,0.097490363816706,51,0.7920938323594682,0.0994914518252345,51,20,49,0.10493406870777401,0.04665637092287949,0.3407794497310883,0.018700169107674365,0.01803891589847694
mahler,FA50,condition_mean_neural_and_behavior,published_input_causal_train_only;raw_preprocessing_fail,full,y,183171,51,0.3383199123880806,0.1287203394978977,51,0.3501992394005044,0.1274503454970733,51,3.602876967643268,1.0156944599260878,51,3.0092718902857643,0.9202428286702696,51,0.0118793270124237,0.0168857422953407,51,0.5936050773575031,0.1454884579031767,51,-2.522764590497857,1.3140107088037314,51,-1.8400478549416224,1.332844031751668,51,1.095593411376798,0.1140581715055469,51,1.2852741202532962,0.1364570568798486,51,21,39,0.7658050185999287,0.670101913285028,1.2959206922658595,0.21255375231446244,0.25448183032979677
mahler,FA50,condition_mean_neural_and_behavior,published_input_causal_train_only;raw_preprocessing_fail,full,y,184642,57,0.0769113214333265,0.1773740361023948,57,0.073916724189568,0.1953751500006174,57,4.026070744344505,0.4200185115451139,57,3.982345425334544,0.4551850425896766,57,-0.0029945972437585,0.045757215128695,57,0.0437253190099618,0.0726854518687613,57,-1.811232315728729,0.7434498714927549,57,-1.884331020534041,0.7349983911741843,57,0.7419386705633109,0.0730571540111941,57,0.7554550478109983,0.0758238168426635,57,22,44,0.19245401710375953,0.16820983928587252,0.32653270406376667,0.047801946196326335,0.048326801557549995
mahler,FA50,condition_mean_neural_and_behavior,published_input_causal_train_only;raw_preprocessing_fail,full,y,187617,54,0.0346557595882098,0.1525951772251972,54,0.0296819797000945,0.1586962492024854,54,5.912409756225543,0.8107023883381032,54,5.682581316976023,0.7960193210980779,54,-0.0049737798881153,0.0270590743490232,54,0.2298284392495189,0.0947671586998525,54,5.153330142294301,0.9285063426677524,54,4.769435712141716,0.9346646663548512,54,1.2825811112457632,0.1358367134008257,54,1.0945714638041435,0.1185901687658798,54,23,38,0.5067015493269945,0.41008386372246425,0.925154255809594,0.08570135870462244,0.08916749643569288
mahler,FA50,condition_mean_neural_and_behavior,published_input_causal_train_only;raw_preprocessing_fail,full,y,197632,47,0.4813979156232927,0.0865558769336311,47,0.4742128484129306,0.0904896372101209,47,4.2887147634519405,0.4803579801913087,47,4.2371901533102045,0.4819562231675694,47,-0.0071850672103619,0.0127043954860486,47,0.0515246101417361,0.071882203977741,47,2.680983636015164,0.8598582243452836,47,2.6330455341686325,0.8850433364748668,47,0.7308707713450884,0.0840918277842885,47,0.7322097332813561,0.0892186702618668,47,24,47,0.1261592189678985,0.11020467640121137,0.21432887513016396,0.029416556224026964,0.029774264171113396
mahler,FA50,condition_mean_neural_and_behavior,published_input_causal_train_only;raw_preprocessing_fail,full,y,199564,49,0.5032385827336477,0.1229089669181986,49,0.5109348750666797,0.1189500715529939,49,2.8834345370564947,0.3901419624689049,49,2.799376048116628,0.3484948761793346,49,0.007696292333032,0.0156187963476076,49,0.084058488939867,0.0736162377767568,49,0.8150177048812182,0.8859584607399537,49,0.5971218039361532,0.87301671254046,49,0.9301863199393452,0.0745412481060932,49,0.9306306956272554,0.0746484416909276,49,25,42,0.03203297313232551,0.028009407649284574,0.05429712140004117,0.011109311732468125,0.011442897482057382
mahler,FA50,condition_mean_neural_and_behavior,published_input_causal_train_only;raw_preprocessing_fail,full,y,204372,53,0.2260581909746613,0.2238972658858151,53,0.2083752486688159,0.2203210344460945,53,3.395322460640851,0.3966507968691266,53,3.101971523778231,0.3942504224857917,53,-0.0176829423058454,0.030501062532894,53,0.2933509368626204,0.1837785290253,53,0.3882578112205696,0.7574783328738621,53,-0.3510256801165173,0.7641716757013796,53,0.5141031084610274,0.0467268973412387,53,0.5802695139702098,0.0537560525680913,53,26,45,0.7877293645000165,0.688368485801199,1.3371124576686446,0.23200428637677506,0.2539447439996337
mahler,FA50,condition_mean_neural_and_behavior,published_input_causal_train_only;raw_preprocessing_fail,full,y,204678,45,0.5522893219089364,0.0690889786253445,45,0.5185037230842506,0.0726248368518326,45,6.8203371376862645,0.7970601990949494,45,6.972679704787831,0.8681231093063375,45,-0.0337855988246858,0.0177027023636109,45,-0.1523425671015671,0.174258674177171,45,-6.502816996692212,0.842936722312656,45,-6.655033526983369,0.9115873370089408,45,1.5142922272247707,0.1483326334844322,45,1.5037974949681787,0.1534326992328231,45,27,40,0.1273005546018471,0.061644761113471745,0.3786374692917711,0.018664847797396807,0.018257048938363746
mahler,FA50,condition_mean_neural_and_behavior,published_input_causal_train_only;raw_preprocessing_fail,full,y,206128,53,0.303397510084841,0.181286463158403,53,0.3057059642645789,0.1747479712321473,53,4.347024407000885,0.5230272777334598,53,4.303259866512185,0.6128407724341812,53,0.0023084541797378,0.0302335929972072,53,0.0437645404886975,0.1688690864626648,53,-1.2351859635039548,1.2196794716427242,53,-1.790988080886169,1.2699338967575604,53,0.4876628230974036,0.0451582991455461,53,0.525391832037485,0.0505770585443599,53,28,34,0.6299477268412933,0.5520029480166807,1.0624806377322562,0.14491469747139266,0.146388492998883
mahler,FA50,condition_mean_neural_and_behavior,published_input_causal_train_only;raw_preprocessing_fail,full,y,217817,49,0.1144977073749944,0.1275490110509416,49,0.0902047012721391,0.1271434919421129,49,4.317307834916695,0.5450305818866815,49,4.268353723680353,0.5493205367060501,49,-0.0242930061028552,0.0198595682545134,49,0.0489541112363402,0.0718352885095483,49,3.138140286863497,0.7509795783383068,49,2.9769174246117376,0.7837165684167595,49,1.2183458221651422,0.0907750946782599,49,1.128297812662178,0.0861764428105124,49,29,39,0.20067860665689435,0.1570727843301981,0.378633102092631,0.046482348336128444,0.04701545833550572
mahler,FA50,condition_mean_neural_and_behavior,published_input_causal_train_only;raw_preprocessing_fail,full,y,218791,56,0.4263626560029711,0.1015120169576599,56,0.4230978722915417,0.0983520529898835,56,4.890547069198086,0.7850254739777931,56,5.260331268258006,0.8507505883903075,56,-0.0032647837114293,0.0249304612961577,56,-0.3697841990599191,0.1237522847808815,56,4.234453689898996,0.8891446328039391,56,4.783717865574872,0.9277682736371612,56,0.9461993306861884,0.0870378971031986,56,1.194320408176781,0.1124629910359427,56,30,44,0.7849337004020454,0.5751886223719841,1.5812648148131885,0.16050018316882342,0.1492175417047416
mahler,FA50,condition_mean_neural_and_behavior,published_input_causal_train_only;raw_preprocessing_fail,full,y,226533,59,0.1407667019358576,0.2087200957217678,59,0.1682730396644095,0.2175866278862149,59,3.7505797668596177,0.7476992366825588,59,3.4996534592333046,0.68945741744417,59,0.0275063377285518,0.0384495675963395,59,0.2509263076263124,0.1475074619654796,59,-2.968500581731365,0.930608493738818,59,-2.3300346691566447,1.0049072152959726,59,0.8786172115418435,0.1239131583947737,59,0.7170075025432874,0.10034265382896,59,31,36,0.8778845629042136,0.7687862230380421,1.4827994364539794,0.2340663623958254,0.25084899780235337
mahler,FA50,condition_mean_neural_and_behavior,published_input_causal_train_only;raw_preprocessing_fail,full,y,232533,53,0.3231665743799002,0.1551729738076025,53,0.2960984547510622,0.158654001948271,53,3.05645523079182,0.6021948681925299,53,3.067020477898214,0.6248260715249998,53,-0.027068119628838,0.0250551782359769,53,-0.0105652471063938,0.1153844412684654,53,1.8402117214141769,0.9624813436300712,53,1.8789451851583832,0.9727261732885166,53,1.1961638354779436,0.1196885233136074,53,1.2322463563162878,0.1308462694889243,53,32,36,0.16667813172046972,0.145968041218508,0.28152173122472046,0.05453315004953934,0.05434529469939891
mahler,FA50,condition_mean_neural_and_behavior,published_input_causal_train_only;raw_preprocessing_fail,full,y,241919,43,0.3174519262906003,0.1170594523309388,43,0.3818083451103516,0.1299118548171723,43,5.063226904035117,0.8812296524008941,43,5.3524484398341645,0.9629858642449192,43,0.0643564188197512,0.0265472109832287,43,-0.2892215357990485,0.1623458313034358,43,4.309696755375337,1.0225975206847937,43,4.709142232888146,1.0866774396978969,43,1.173599441462146,0.1528292631442707,43,1.1360810594051465,0.1550020974828787,43,33,46,0.5403677274042853,0.2948861558397739,1.445413842692389,0.10672398011111087,0.10095711027924027
mahler,FA50,condition_mean_neural_and_behavior,published_input_causal_train_only;raw_preprocessing_fail,full,y,242380,50,0.2156641678160261,0.2237194916527297,50,0.209974121084613,0.2422043057291513,50,4.284302973293744,0.7167885682003174,50,4.265529824100208,0.7781749946704198,50,-0.0056900467314131,0.0434468642175322,50,0.0187731491935337,0.1303699193625642,50,-2.3059148015366326,0.972922779138862,50,-2.3906888231207004,1.029086088000165,50,0.6467314579495009,0.076400472052682,50,0.6353769122287392,0.0779093229752888,50,34,44,0.26706827092803437,0.05392135235370418,1.5886678449815896,0.062336457667164946,0.06261080849068287
mahler,FA50,condition_mean_neural_and_behavior,published_input_causal_train_only;raw_preprocessing_fail,full,y,244437,50,0.2394780794169401,0.1184629478131058,50,0.2445563519064201,0.125274275006973,50,4.333278358332457,0.4793721636884765,50,3.6045156629038497,0.4386347713027993,50,0.00507827248948,0.0183224616255451,50,0.7287626954286063,0.0938132447086394,50,-2.971578328967474,0.6873693636050416,50,-2.089954943466908,0.7336262935066169,50,1.5948237945420989,0.1507825731077339,50,2.159431457521239,0.2018633958163549,50,35,36,1.0887352188103363,0.9534385978258411,1.8389285029929852,0.2512497764462346,0.3020475760488818
mahler,FA50,condition_mean_neural_and_behavior,published_input_causal_train_only;raw_preprocessing_fail,full,y,245662,41,0.6339947085915645,0.0951045885665937,41,0.6046151600289635,0.0652468044920037,41,6.118706136792108,1.2717419624347883,41,6.876662671504643,1.3152151706496138,41,-0.029379548562601,0.0644363137020795,41,-0.7579565347125354,0.1595513193362785,41,-5.726255374227293,1.3020742428173848,41,-6.53248393007727,1.3046500038574038,41,1.3340200079605673,0.226170056548128,41,1.6857405874560627,0.2720420782720398,41,36,47,0.9834999029214119,0.648788528007387,2.195849031227114,0.16073658073029104,0.1430199429436631
mahler,FA50,condition_mean_neural_and_behavior,published_input_causal_train_only;raw_preprocessing_fail,full,y,248856,53,0.5884632205281086,0.0791335756621758,53,0.57229823367158,0.0825710063560525,53,3.308671990646089,0.3021760309272722,53,3.3981557871062824,0.4589366089039463,53,-0.0161649868565285,0.013533465007718,53,-0.0894837964601929,0.2590495403515841,53,0.79916494407968,0.6855391095274425,53,1.9542092018856805,0.7133232359322947,53,0.7270714703635553,0.0714875257120349,53,0.8804222008525093,0.0931744123597592,53,37,31,1.5331810255290879,1.3449446182992777,2.579336203852679,0.4633825987778563,0.4511803229700297
mahler,FA50,condition_mean_neural_and_behavior,published_input_causal_train_only;raw_preprocessing_fail,full,y,251629,52,0.0961385262845907,0.1315580289282475,52,0.2513336074335401,0.1027412465767583,52,5.491841556424604,0.5800958335236922,52,6.1124068311241055,0.7225970813150971,52,0.1551950811489494,0.0699097871921887,52,-0.6205652746995008,0.1971537425874105,52,4.49167711739425,0.7388226911518454,52,5.626015330506548,0.7987785048792527,52,0.9247483612535928,0.0864202786528902,52,1.409170469015692,0.1396519227071211,52,38,50,1.695425062654027,1.1549513074220892,3.673822258162618,0.30871703876282486,0.2773743812373544
mahler,FA50,condition_mean_neural_and_behavior,published_input_causal_train_only;raw_preprocessing_fail,full,y,258471,53,0.5933185723587701,0.1132111285104921,53,0.5944265864424666,0.1068392434608268,53,3.2085155968635592,0.4073913060259692,53,3.2461413594805664,0.4455730898330095,53,0.0011080140836963,0.0207146887584676,53,-0.0376257626170068,0.0902696239454795,53,-1.553161460485692,0.6786748809507716,53,-1.804168254753608,0.7039448770086487,53,0.6432487872186063,0.0848489092964025,53,0.6721132702097685,0.0851591884811724,53,39,44,0.30252039409638676,0.2644088374607488,0.5132838914170401,0.09428671451437277,0.09319384481296734
mahler,FA50,condition_mean_neural_and_behavior,published_input_causal_train_only;raw_preprocessing_fail,full,y,269179,52,0.3527405425497915,0.161852064432834,52,0.3453236959835267,0.1610776789140311,52,2.6206057856962826,0.2593234772805432,52,2.665683087216704,0.2887919169580535,52,-0.0074168465662648,0.02705067333216,52,-0.0450773015204208,0.0836953970552191,52,0.2685216097057385,0.7098802664095089,52,0.444685150915363,0.7153716302230894,52,1.025250999136477,0.1193844221688675,52,0.9787850033248816,0.1106900210396401,52,40,36,0.12275547089428103,0.10750080788373556,0.20733994925979005,0.046842402456829454,0.04605028687879496
mahler,FA50,condition_mean_neural_and_behavior,published_input_causal_train_only;raw_preprocessing_fail,full,y,270569,46,0.3242545046896152,0.1493204694831572,46,0.3524386391467676,0.1522792432895817,46,4.4783695533084495,0.4209657747373169,46,4.339110721577976,0.3919846177058443,46,0.0281841344571523,0.0430868958519733,46,0.1392588317304748,0.1252340916420946,46,1.9419154521219908,1.0505905294812703,46,1.9105070210720647,1.0138761782503594,46,0.4977075571941624,0.0460953319603089,46,0.5078239058906175,0.0526913247908518,46,41,49,0.3236178816727649,0.06814752956749774,1.9541712800105309,0.07226243341925373,0.07458161416887674
mahler,FA50,condition_mean_neural_and_behavior,published_input_causal_train_only;raw_preprocessing_fail,full,y,273073,52,0.5243607870177202,0.1050021383397067,52,0.3526912641821097,0.1321578504371623,52,6.681318170993267,0.919124997632279,52,6.511328327774811,0.9466070582406731,52,-0.1716695228356104,0.042808961361427,52,0.1699898432184575,0.1284060749353307,52,-6.348107336516128,0.9797288539330262,52,-6.126007022467187,1.0261632520501245,52,3.042648361323766,0.27969845237585,52,2.225179255096524,0.2215307304770803,52,42,33,0.4926508853271353,0.3108867010836144,1.1377521922755571,0.07373558221878486,0.0756605811483468
mahler,FA50,condition_mean_neural_and_behavior,published_input_causal_train_only;raw_preprocessing_fail,full,y,273515,43,0.0632420337899854,0.123676347358858,43,0.0063684746119988,0.1179294101824735,43,7.168108564307805,0.8893072704427587,43,7.052161108455016,0.926207721372022,43,-0.0568735591779865,0.0180799757114527,43,0.1159474558527884,0.1090234297672081,43,-6.536638874707888,0.9892213193236796,43,-6.375859594417103,1.0428618927182387,43,2.6723116554787545,0.2240634473096823,43,2.273076760110108,0.1990106684898706,43,43,34,0.24538606891077475,0.17429266966107665,0.507108603304439,0.03423302907724175,0.034795868264633815
mahler,FA50,condition_mean_neural_and_behavior,published_input_causal_train_only;raw_preprocessing_fail,full,y,287936,52,-0.3735465606555438,0.1191690450385674,52,-0.3488508941137069,0.1171375023963321,52,5.382522109847631,0.5882605183779799,52,5.180412121871791,0.5259253241508162,52,0.0246956665418368,0.0215725819712968,52,0.2021099879758405,0.1239560795893806,52,-3.7651052901722903,0.8560689820165461,52,-3.11103062202839,0.866128852846607,52,1.2483117993538737,0.1069512902787509,52,1.032693494194712,0.0900652160938188,52,44,35,0.8617943613146376,0.7549383079467747,1.4545668320697325,0.16010976708074,0.16635633247712603
mahler,FA50,condition_mean_neural_and_behavior,published_input_causal_train_only;raw_preprocessing_fail,full,y,297652,55,0.3650510676845029,0.0893124515535424,55,0.3675302838509617,0.0899320128603866,55,3.611886713567618,0.5999146557577415,55,3.274737758377066,0.5664041689036239,55,0.0024792161664588,0.0154466758784329,55,0.3371489551905508,0.1334276330590357,55,-2.1391058459544743,1.0137391666954494,55,-1.7579708350167202,1.0714890889234971,55,1.704097815505293,0.1708667430770568,55,1.9579910417202324,0.2043461240539622,55,45,33,0.615009929022351,0.5390833128820155,1.0364923018541612,0.17027387008350514,0.18780432950672207
mahler,FA50,condition_mean_neural_and_behavior,published_input_causal_train_only;raw_preprocessing_fail,full,y,301600,50,0.0021757333440121,0.1873988447171408,50,0.0398912026326148,0.1915602525786759,50,4.406506739704092,0.8549760536358174,50,4.194811857766082,0.8037920808324851,50,0.0377154692886027,0.0324012623332508,50,0.2116948819380093,0.1306210575682801,50,-3.7271576478228656,0.995311961198433,50,-3.394613291418031,0.990164974233842,50,1.1589804085212976,0.1317303327597631,50,1.032158584654062,0.1181974617739034,50,46,32,0.4165984402179565,0.3653093067924888,0.7014916833853132,0.09454165506301532,0.09931278311008998
mahler,FA50,condition_mean_neural_and_behavior,published_input_causal_train_only;raw_preprocessing_fail,full,y,320246,53,-0.0169720144685307,0.1351225930681291,53,-0.0372890713079916,0.1434363361939273,53,5.649060125800828,0.9159064659804708,53,5.659954162311704,0.9304313842593338,53,-0.0203170568394608,0.0245250018717463,53,-0.0108940365108731,0.1077511533987515,53,-4.816778590332737,1.0708064776424433,53,-4.815956888734657,1.0979345270650938,53,1.954188411160556,0.1936023883778387,53,1.7752117524330169,0.1744069178387333,53,47,33,0.15061866828662307,0.1116894279372885,0.2984855519946681,0.026662606687209035,0.026611287647797074
mahler,FA50,condition_mean_neural_and_behavior,published_input_causal_train_only;raw_preprocessing_fail,full,y,325813,56,0.3725201739932965,0.1545264108776884,56,0.382345183339833,0.1690202525689552,56,5.766641210236654,1.0891489801975751,56,5.98207573897728,1.2045949184637506,56,0.0098250093465364,0.0346037466659361,56,-0.2154345287406261,0.2391946809137309,56,5.354460671644145,1.1891012064508235,56,5.598699856195828,1.3003989722940923,56,1.2940114625300545,0.1413455724395225,56,1.249148051248072,0.1409348081775061,56,48,37,0.14730198251133653,0.07522116658805138,0.416423648266635,0.025543809150091287,0.024623891260948806
mahler,FA50,condition_mean_neural_and_behavior,published_input_causal_train_only;raw_preprocessing_fail,full,y,328386,47,0.3311391957928061,0.1648766001037669,47,0.3130938844781324,0.1614917694404087,47,3.248293618748649,0.5401264519995131,47,3.064607273335384,0.516825271482864,47,-0.0180453113146736,0.0271645791225976,47,0.183686345413266,0.1173141796590531,47,2.325343795925943,0.7189895378181541,47,2.103702225917037,0.7322083840523482,47,1.2304503599520946,0.1012728054652678,47,1.3360927500870317,0.108522052822393,47,49,32,0.31419164635533037,0.2755069167328597,0.5290602486925744,0.09672513732806194,0.10252264591585922
mahler,FA50,condition_mean_neural_and_behavior,published_input_causal_train_only;raw_preprocessing_fail,full,y,330797,55,0.1082390772830613,0.2007796055130426,55,0.1030140043593514,0.2000037854196821,55,3.048520376236528,0.3857048934031078,55,2.92401890626419,0.3682463333954934,55,-0.0052250729237098,0.0317729087183101,55,0.1245014699723381,0.087455425728001,55,0.1909906568258923,0.8929496082999883,55,-0.0161501794524401,0.8424581529756315,55,0.8051167718013837,0.073625299659876,55,0.844917947263031,0.0823547970964912,55,50,36,0.2926653290231004,0.25629727450173184,0.49432371517441087,0.09600241851898093,0.10009009462836133
mahler,FA50,condition_mean_neural_and_behavior,published_input_causal_train_only;raw_preprocessing_fail,full,y,332165,48,0.1972082656722686,0.176421948060889,48,0.1799763469587206,0.2299814732618053,48,3.9455806854440505,0.6118636860192389,48,4.8543088138599355,0.8973625686959723,48,-0.0172319187135479,0.0992401216161876,48,-0.9087281284158828,0.3427042889281394,48,1.672763370264583,1.1201832711106692,48,3.045794151722196,1.1437592695733505,48,0.5951399895862463,0.0584108807954059,48,0.5570803486003689,0.0537506651846558,48,51,63,2.07814451791262,1.1691422261985838,5.43728466543357,0.5267018174483834,0.42810307246608187
mahler,FA50,condition_mean_neural_and_behavior,published_input_causal_train_only;raw_preprocessing_fail,full,y,340684,52,0.3877957424413037,0.1412357192402076,52,0.3208528492931043,0.1497423849577442,52,7.371325641634223,0.7657766161129006,52,7.01584372774594,0.7876921843580302,52,-0.0669428931481994,0.0512738284409823,52,0.3554819138882827,0.1495388052065586,52,7.235811957422849,0.7753101561738281,52,6.856857136327566,0.8050804112409262,52,1.6011694068586448,0.1678012127593054,52,1.447320574408156,0.1557649752324855,52,52,65,0.25034349977166465,0.14944568286421026,0.6190104562203986,0.033961801708730845,0.03568259349643401
mahler,FA50,condition_mean_neural_and_behavior,published_input_causal_train_only;raw_preprocessing_fail,full,y,351612,48,0.4995276380899913,0.1988676130054377,48,0.4890962732355601,0.2055372939395067,48,3.270189185369372,0.5094284572012336,48,3.2843120130435306,0.5787520108953979,48,-0.0104313648544312,0.0347186064360527,48,-0.0141228276741583,0.134857601063564,48,-1.4697579057696946,1.1171862167494402,48,-1.7227959783421063,1.106766324091562,48,0.648664807574898,0.0830593245458131,48,0.670586663704347,0.0864593046076036,48,53,40,0.3547576450449295,0.3103410768214385,0.6006875528718538,0.10848230023880383,0.10801581690047167
mahler,FA50,condition_mean_neural_and_behavior,published_input_causal_train_only;raw_preprocessing_fail,full,y,356164,56,-0.0276447458652774,0.1916536101651955,56,-0.0290407232848499,0.1949326867494689,56,5.353480651362026,0.6540611476432677,56,4.890498823391361,0.614699432690883,56,-0.0013959774195724,0.032031784102949,56,0.4629818279706631,0.0926288460887019,56,4.791036715985742,0.71072121321193,56,4.123647731713797,0.706403440849305,56,1.2491785106294206,0.1653212604679326,56,1.032613642333052,0.1371755932537452,56,54,30,0.6738293713867461,0.5913500423286642,1.1325121723121745,0.1258675271788479,0.13778336233592486
mahler,FA50,condition_mean_neural_and_behavior,published_input_causal_train_only;raw_preprocessing_fail,full,y,356765,58,0.1901810968869188,0.1827578003339886,58,0.1740994435096775,0.1922864249152609,58,4.594511717920918,0.6782671529057844,58,4.2007148675122,0.6479423579867806,58,-0.0160816533772412,0.0309839783324354,58,0.3937968504087184,0.1145720744204535,58,3.9429033057452254,0.7373798021106015,58,3.3582977837887644,0.7327807888501553,58,1.2116297375320195,0.1080697060840006,58,1.0632387722441994,0.0935646353937873,58,55,31,0.4836127934642008,0.4242333213964367,0.8136105513951708,0.10525880075087554,0.11512630795401069
mahler,FA50,condition_mean_neural_and_behavior,published_input_causal_train_only;raw_preprocessing_fail,full,y,370777,49,-0.1195666379371604,0.1633309834631765,49,-0.1108019442124052,0.17191137922044,49,3.167375653354638,0.4033569561478581,49,3.1833227420847896,0.3960423285512962,49,0.0087646937247552,0.0330234684474541,49,-0.0159470887301521,0.0667016238766399,49,-1.665183806716028,0.7272890128236847,49,-1.6168610767154197,0.7248147286147205,49,1.0013765258674003,0.1143569430680421,49,0.9346776110554826,0.1027186407652701,49,56,31,0.20968649051328908,0.1839408689680894,0.3527673601907666,0.06620196448476373,0.0658703208886584
mahler,FA50,condition_mean_neural_and_behavior,published_input_causal_train_only;raw_preprocessing_fail,full,y,377134,51,0.4823933388072208,0.1219036291793131,51,0.4499746516372694,0.1313136855195078,51,3.106962392821952,0.5517613843597629,51,3.02658969992638,0.487224155160062,51,-0.0324186871699514,0.0229278100441531,51,0.0803726928955719,0.127829182568535,51,1.6407948112661508,1.1052753414487833,51,1.297822807996007,1.1287467883997109,51,0.8252415890533857,0.0888049629700257,51,0.8032146271238949,0.0806068312300992,51,57,36,0.06273437242366739,0.05493801533940648,0.10596230080407087,0.020191545468526837,0.02072774265543604
mahler,FA50,condition_mean_neural_and_behavior,published_input_causal_train_only;raw_preprocessing_fail,full,y,379400,46,-0.0767194241803608,0.1928659645656229,46,-0.1143908396144612,0.1822158620966698,46,3.5510952665506736,0.3765016746000662,46,3.5826947442999386,0.3517719882037338,46,-0.0376714154341004,0.0436793018839712,46,-0.0315994777492647,0.0814691478232943,46,0.418179042719863,0.8248950299395253,46,0.4050657628786914,0.9009430067311625,46,0.9166183363214792,0.0728599856436571,46,0.9491305101473078,0.0785337227620509,46,58,70,0.1437746531057619,0.12519928487361034,0.245891654736611,0.04048741087293223,0.04013031066476069
mahler,FA50,condition_mean_neural_and_behavior,published_input_causal_train_only;raw_preprocessing_fail,full,y,381514,52,0.2449415926416813,0.133605879769158,52,0.1880156183475927,0.1375495935693069,52,3.4810801701021834,0.6003948194262104,52,3.888968315020776,0.6203949176096534,52,-0.0569259742940886,0.0385416923065571,52,-0.4078881449185927,0.1421002321118666,52,-2.025164829884471,1.0155573254846333,52,-2.5286035857985167,0.9637516703747622,52,1.157344035468583,0.0833522543993819,52,1.0972796569691348,0.0828553937216738,52,59,65,0.2062151106836564,0.1797302898146441,0.35217111853761995,0.05923882835413215,0.05302565975844283
mahler,FA50,condition_mean_neural_and_behavior,published_input_causal_train_only;raw_preprocessing_fail,full,y,388571,46,0.4432084101379292,0.1263597695517982,46,0.4454675399215825,0.1388730927154384,46,3.178422903401516,0.5526260936460548,46,3.2745224405051165,0.5480349578927423,46,0.0022591297836531,0.0362687167944035,46,-0.0960995371036011,0.0741773264228898,46,-2.041114709715915,0.8106815826125328,46,-2.177818997473868,0.7743094254249318,46,0.8086071688678141,0.0845129497434627,46,0.806995232852123,0.0880743514430252,46,60,70,0.055446398547103745,0.048300514873662055,0.09479180113584373,0.017444625914243686,0.01693266714597649
mahler,FA50,condition_mean_neural_and_behavior,published_input_causal_train_only;raw_preprocessing_fail,full,y,394672,41,0.1989071710820559,0.2194078841302013,41,0.186004699512906,0.2231356659268322,41,3.9008782959918022,0.9234118592750657,41,4.343180480653471,1.05599143969616,41,-0.0129024715691499,0.031220978045759,41,-0.4423021846616687,0.1984001244531694,41,2.8279032416131007,1.341913469868545,41,3.6420671461220255,1.2985372783860123,41,1.0672122851752066,0.1174654813856351,41,1.4497853332475412,0.1709074976752603,41,61,63,1.0566506272882115,0.9210600881155085,1.803860571437577,0.2708750561056807,0.24328959664352443
mahler,FA50,condition_mean_neural_and_behavior,published_input_causal_train_only;raw_preprocessing_fail,full,y,396358,53,0.4451250539506026,0.1445109385762041,53,0.4373594442453874,0.1522141160428297,53,2.9366790705285695,0.7307305303207956,53,2.798663009655453,0.7182352736701523,53,-0.0077656097052152,0.0303469774786481,53,0.138016060873117,0.1130225804643418,53,2.0458559437025365,1.0677299392156407,53,1.819645950776044,1.0955200566831202,53,1.1764141599764415,0.1566536092603412,53,1.1746704363464129,0.1608916413289485,53,62,30,0.016816553535236305,0.01475767082611547,0.028264733900143835,0.005726384508270259,0.0060087811491482904
mahler,FA50,condition_mean_neural_and_behavior,published_input_causal_train_only;raw_preprocessing_fail,full,y,400995,60,-0.0500786127298847,0.1711294498030425,60,-0.0593505949279096,0.1765277523594343,60,5.14677366811132,0.8428181445851841,60,4.294749788444116,0.8231139121133874,60,-0.0092719821980249,0.0270818099566598,60,0.8520238796672047,0.1172424036457671,60,4.116475218835648,0.968208179480102,60,3.3182052128324626,0.9823928608648878,60,1.0920937068992964,0.142492297551255,60,1.4601480548051646,0.1942659105539044,60,63,32,1.122785669719052,0.9845605724017203,1.8905975133178954,0.21815330187835397,0.2614321497238632
mahler,FA50,condition_mean_neural_and_behavior,published_input_causal_train_only;raw_preprocessing_fail,full,y,401673,46,0.5393894161075912,0.1704723877229008,46,0.5384227980581637,0.167725744419118,46,3.4435279962913,0.8371829015711332,46,2.7737435499553103,0.7331402459180308,46,-0.0009666180494277,0.0217460319346777,46,0.6697844463359904,0.195244474512134,46,2.7166589350180814,1.0448649505969287,46,1.9196089650137704,1.036764197413348,46,1.09446647013141,0.1558253376214821,46,1.3803497828791051,0.2038786583602058,46,64,32,0.9217850978015095,0.8082898187253436,1.5521749149166206,0.2676862504949219,0.33232527852705096
mahler,FA50,condition_mean_neural_and_behavior,published_input_causal_train_only;raw_preprocessing_fail,full,y,406460,40,0.2743347843552647,0.1991665449263438,40,0.2671965823285377,0.2028024509974154,40,2.991871373521481,0.4358015662847746,40,3.012276215097292,0.4498613556339277,40,-0.0071382020267269,0.0409783900514971,40,-0.0204048415758109,0.086225610852303,40,-1.6238368473568858,0.7177129453937932,40,-1.480684340258695,0.8021654160918753,40,0.9636871131641526,0.0971863288221929,40,0.9033983138761428,0.0855955915464804,40,65,65,0.26062300969364227,0.22713720444863292,0.4451149750385879,0.08711036577313977,0.08652028933715315
mahler,FA50,condition_mean_neural_and_behavior,published_input_causal_train_only;raw_preprocessing_fail,full,y,413189,63,0.3330962129728274,0.2250073465393996,63,0.31955016994806,0.2230123338164249,63,4.65149695917586,0.6057647803593414,63,5.072594224718475,0.6454173179509686,63,-0.0135460430247673,0.0312328630713863,63,-0.4210972655426156,0.1773080858435417,63,3.2630978590534774,0.693472549407053,63,4.109653608710365,0.7268060965596935,63,0.681697555419891,0.0947174465761745,63,0.7791263049960518,0.1115233292711699,63,66,40,0.9924894476116566,0.8682270555807066,1.6805167848997198,0.21336990141502815,0.195657173360193
mahler,FA50,condition_mean_neural_and_behavior,published_input_causal_train_only;raw_preprocessing_fail,full,y,413513,37,0.1849991166657833,0.1263582760855488,37,0.1561310187166909,0.1301834220330998,37,4.7350038735834215,0.9265421294403527,37,4.44748198711381,0.8700998507248386,37,-0.0288680979490923,0.0299958330402371,37,0.2875218864696117,0.1350300347606319,37,3.803715395895239,1.1184662901124751,37,3.3178631883216,1.1152034753627451,37,1.2529847485342978,0.1322450579271801,37,1.161860339171069,0.121847090778402,37,67,31,0.3066662486819117,0.2690052006762894,0.5159385866884054,0.06476578623151762,0.06895278037560362
mahler,FA50,condition_mean_neural_and_behavior,published_input_causal_train_only;raw_preprocessing_fail,full,y,420020,48,0.6038883967984712,0.0900612001440515,48,0.594618626767021,0.0932564377510518,48,2.4960596695199166,0.460641039394478,48,2.3695569480116494,0.4049526771844582,48,-0.0092697700314502,0.0138633209050497,48,0.1265027215082672,0.1793650544927427,48,0.9667594658112186,0.968880924854914,48,0.5100830618756681,1.0466608833272304,48,2.0186277912457435,0.2186488825101076,48,1.942666181577714,0.2171463797095271,48,68,28,0.048786086278882014,0.04285118886501606,0.08182619589139595,0.01954524039413904,0.020588695418280435
mahler,FA50,condition_mean_neural_and_behavior,published_input_causal_train_only;raw_preprocessing_fail,full,y,428615,50,0.7328312946680771,0.0704585824264075,50,0.7213745953775462,0.0884205586444809,50,8.594382397212108,1.0245166023918608,50,7.995559338089454,0.9986512667357252,50,-0.011456699290531,0.0263974920863727,50,0.5988230591226514,0.1588430383576333,50,-8.386929146079234,1.0528948156026217,50,-7.760356243685026,1.050724344047551,50,1.6388535166983411,0.1642189214013415,50,1.2025622839511076,0.123234129156696,50,69,65,0.9481456386989529,0.7094084151857032,1.8812668951642482,0.11032155597434407,0.1185840287848471
mahler,FA50,condition_mean_neural_and_behavior,published_input_causal_train_only;raw_preprocessing_fail,full,y,435203,57,0.6645124373219303,0.0864516233344488,57,0.6579818468595706,0.0864721417754486,57,1.9367175801895569,0.2960668528557419,57,1.9099860919454343,0.3320362897736381,57,-0.0065305904623596,0.0145956633001739,57,0.0267314882441222,0.109246560851821,57,-0.1735321816164486,0.7069792353907457,57,-0.4274604217704901,0.698635258564865,57,1.7627144792679523,0.2226643767821281,57,1.6460824564499037,0.217235387662895,57,70,28,0.08891631562957991,0.0781153013075088,0.14910169675710483,0.04591083208986888,0.046553383820200155
mahler,FA50,condition_mean_neural_and_behavior,published_input_causal_train_only;raw_preprocessing_fail,full,y,448412,48,0.6810885440119447,0.0800135628221927,48,0.6904571677804763,0.0768300885806098,48,2.948974511275703,0.4306830330520905,48,2.8364084500573505,0.438355056783386,48,0.0093686237685317,0.0139541970531452,48,0.1125660612183525,0.0912167427384297,48,2.080564992214456,0.6630200694564433,48,2.043243277051975,0.6406936639402783,48,1.0689598822119506,0.1103748032897141,48,1.0804782154905497,0.1204215912610576,48,71,33,0.25813308840559823,0.2262722925536633,0.43502347651810425,0.08753317040164309,0.09100702277218886
mahler,FA50,condition_mean_neural_and_behavior,published_input_causal_train_only;raw_preprocessing_fail,full,y,454477,51,0.3932433102379172,0.1789483069259864,51,0.3828112254139302,0.172732536670905,51,2.7162756071184937,0.3555749618105953,51,2.718744106201469,0.3456096192256594,51,-0.010432084823987,0.0246307379507875,51,-0.0024684990829756,0.072123011965666,51,0.1065089415612899,0.9814139284907808,51,0.1546282141203988,1.0186923522664637,51,0.6646188887158555,0.0757473962942851,51,0.6636820942354998,0.0739488526456512,51,72,35,0.07739032071989443,0.06779436954617513,0.13062237336400706,0.028491335900185915,0.028465467030665638
mahler,FA50,condition_mean_neural_and_behavior,published_input_causal_train_only;raw_preprocessing_fail,full,y,456038,45,0.3760126602449674,0.1385387177781811,45,0.453598936759943,0.0999749529925924,45,5.458546901975272,0.948343104414723,45,6.119564245556789,1.0550712951149137,45,0.0775862765149756,0.0648296772825698,45,-0.6610173435815168,0.1577415041747578,45,-4.888812839506125,1.0695135490518597,45,-5.724642078384804,1.1132214076687423,45,1.4800513652958398,0.1551600279288716,45,1.9341344177629023,0.2114103320446519,45,73,38,1.0062684160762774,0.6619771543002774,2.243229602124986,0.1843473060041201,0.16443465183111614
mahler,FA50,condition_mean_neural_and_behavior,published_input_causal_train_only;raw_preprocessing_fail,full,y,460651,46,0.1677456234872845,0.192499074263825,46,0.1610212975317882,0.1866056403204789,46,3.8128171085102687,0.4953981998036634,46,3.891073438911421,0.5095461795543614,46,-0.0067243259554963,0.0325558619262719,46,-0.0782563304011531,0.0811290315625225,46,2.6347875766001194,0.6903014219683776,46,2.8052288037325943,0.6783605883736439,46,0.9506987621520844,0.1113619375898553,46,1.0173298512567472,0.1153035063358364,46,74,31,0.25761522245435875,0.22598341047481113,0.43340350749520284,0.06756558605430023,0.06620672328570339
mahler,FA50,condition_mean_neural_and_behavior,published_input_causal_train_only;raw_preprocessing_fail,full,y,463174,54,0.1244750267642372,0.1329268020451382,54,0.0863637988298096,0.2105486483348746,54,6.841830146261193,1.1738489563394925,54,7.847363574120601,1.32439432224914,54,-0.0381112279344276,0.1010202758333388,54,-1.0055334278594097,0.2545609853585093,54,-5.661401625291524,1.373366111369556,54,-6.78100344128544,1.4533174255730332,54,0.6003502162185703,0.0564352494938924,54,0.5879041608589078,0.0476097074951437,54,75,65,1.7307062772477564,0.987772116160737,4.469168087366369,0.25295955033223433,0.2205462077678368
mahler,FA50,condition_mean_neural_and_behavior,published_input_causal_train_only;raw_preprocessing_fail,full,y,464785,55,0.1146393168155439,0.2136300122417246,55,0.1487071647175799,0.2092196270733139,55,3.0263436664952432,0.6389502066043634,55,2.864082014755311,0.5813258881274503,55,0.034067847902036,0.0444177003936153,55,0.1622616517399324,0.1469313953197271,55,1.698845134765414,1.0216962043357023,55,1.4841437569180007,1.0044739430120686,55,1.695711134735471,0.2007613632625746,55,1.750420323870941,0.2152477689400546,55,76,54,0.09219179015384218,0.08044555610758339,0.15701119630254823,0.030463093525861164,0.032188949086961974
mahler,FA50,condition_mean_neural_and_behavior,published_input_causal_train_only;raw_preprocessing_fail,full,y,465431,50,0.4775938455560326,0.1333206608084797,50,0.5038751626925485,0.1249149112951156,50,2.1530346842350454,0.2609461516642195,50,2.1480410501758147,0.2866424467668498,50,0.0262813171365158,0.0366632109533258,50,0.0049936340592309,0.1392467047641653,50,-0.1914265216830578,0.9559489892320128,50,-0.4459837918362005,0.9170990321742712,50,1.4679063900829796,0.14707590304842,50,1.5315259778306405,0.1615167389009803,50,77,55,0.08083492474262001,0.07050752491984018,0.1377493308501858,0.0375446458594047,0.03763192734887621
mahler,FA50,condition_mean_neural_and_behavior,published_input_causal_train_only;raw_preprocessing_fail,full,y,469268,52,0.5711974101821036,0.0943296319738577,52,0.5856638089998886,0.0953942343399846,52,5.14399796514228,0.9870836663029906,52,5.604370078956803,0.9676932163300987,52,0.0144663988177848,0.0497968904190672,52,-0.4603721138145237,0.1393361110401506,52,-4.614458526955928,1.0967610889585186,52,-5.159555760278924,1.0379939073329567,52,1.846376305628124,0.229611337150482,52,1.9993768367415896,0.2564208884514865,52,78,36,0.5746875916095787,0.35439131517437794,1.3603435407628304,0.11172002701087445,0.1025427627928081
mahler,FA50,condition_mean_neural_and_behavior,published_input_causal_train_only;raw_preprocessing_fail,hidden,y,29337,45,0.5427771205918327,0.1873539885498692,45,0.5594267813482983,0.186032107335768,45,1.5784887481947645,0.3355101290119206,45,1.6122921042303682,0.3431469918690813,45,0.0166496607564656,0.022847222362006,45,-0.0338033560356035,0.1546115649484116,45,-0.4134039191369768,0.7434419888637837,45,-0.1787996298734066,0.7976846781252313,45,2.3515124449213265,0.3870091982147987,45,2.61041228977102,0.4526379017667656,45,0,14,0.4382822745120552,0.43644141448589696,0.5011456189074486,0.2776594226682299,0.27183800836218225
mahler,FA50,condition_mean_neural_and_behavior,published_input_causal_train_only;raw_preprocessing_fail,hidden,y,55062,48,0.7729941900980997,0.0688568650524884,48,0.7609561572412438,0.0711473502611879,48,3.4880569464084936,0.8916560569884135,48,2.6758163661824157,0.8040081932532482,48,-0.0120380328568558,0.0167573859725465,48,0.8122405802260781,0.2022512422899926,48,2.9891469130144546,1.0257566279302115,48,2.02283687453493,1.051663658743393,48,2.7997014314626583,0.3965625733066067,48,2.2227084227951144,0.3230433559304942,48,1,14,0.8276697940932076,0.8050024439298926,1.1151987021844079,0.23728677794249448,0.3093148709879681
mahler,FA50,condition_mean_neural_and_behavior,published_input_causal_train_only;raw_preprocessing_fail,hidden,y,58244,58,0.2049112331124591,0.1968877670101075,58,0.2142521314876459,0.1979331725396827,58,2.3724807930359386,0.5927579828241812,58,2.184629538388119,0.5415192237384612,58,0.0093408983751868,0.0297305354801868,58,0.1878512546478193,0.1426975924330484,58,1.3785751972373104,0.9556738769185008,58,1.008013982962727,0.988605547321291,58,2.1495963510035114,0.3837352396739097,58,2.2285889194938107,0.3996756723076377,58,2,14,0.37414849861503546,0.3725769096235764,0.4278147419597538,0.15770348898641973,0.17126404822443841
mahler,FA50,condition_mean_neural_and_behavior,published_input_causal_train_only;raw_preprocessing_fail,hidden,y,59920,43,,,0,,,0,,,0,,,0,,,0,,,0,,,0,,,0,,,0,,,0,3,0,,,,,
mahler,FA50,condition_mean_neural_and_behavior,published_input_causal_train_only;raw_preprocessing_fail,hidden,y,68220,53,-0.4398269243815711,0.1736349156056456,53,-0.3702580395968291,0.1851546860293787,53,2.663702594789944,0.4302178225864256,53,2.5625894549668264,0.4193882368069681,53,0.069568884784742,0.0320977143280884,53,0.1011131398231174,0.0858901024847597,53,-0.708144432971238,1.0512714290255938,53,-0.6718411289710343,1.0320761059962822,53,1.790723195213047,0.2629338905215489,53,1.8055899720282216,0.2596888333288315,53,4,15,0.2514349544858395,0.2503012590140866,0.28894245713611255,0.09439302832742381,0.09811753263813162
mahler,FA50,condition_mean_neural_and_behavior,published_input_causal_train_only;raw_preprocessing_fail,hidden,y,72780,47,-0.0166654300289033,0.1428123241159432,47,-0.0340040766698683,0.1539290372173118,47,6.723520489099844,1.068338248951743,47,6.768860527824863,1.067272607383388,47,-0.017338646640965,0.0332575889586486,47,-0.0453400387250211,0.152073849764817,47,-6.363436212978914,1.1509019599496113,47,-6.415681617191936,1.1497501955935197,47,2.236549420283276,0.2825437631898735,47,2.26131307062154,0.2879016663218148,47,5,15,0.08101905078343387,0.07886664490471898,0.10892266996158906,0.012050093535787058,0.01196937807336812
mahler,FA50,condition_mean_neural_and_behavior,published_input_causal_train_only;raw_preprocessing_fail,hidden,y,77046,50,-0.45148013723638,0.1735925631804876,50,-0.4235299734670137,0.1890194801726962,50,5.149482521489881,0.8482784122991786,50,4.698308503552408,0.9095225645939272,50,0.0279501637693662,0.0330676198096644,50,0.4511740179374751,0.2120396066391413,50,-4.434456872194906,0.9904467186730203,50,-3.950718170786928,1.0825356864911015,50,2.7389017619456046,0.4583582875998107,50,2.8742008600902733,0.4949307558818629,50,6,14,0.5241326363439045,0.5215981597265433,0.6046101386922764,0.10178355478566788,0.11155773103183964
mahler,FA50,condition_mean_neural_and_behavior,published_input_causal_train_only;raw_preprocessing_fail,hidden,y,77944,48,-0.4365741998315966,0.1747297338335497,48,-0.3728265236101523,0.1912478207007765,48,3.106139206727305,0.8289290378871061,48,2.825898779788522,0.7737018320048396,48,0.0637476762214443,0.0361846418441177,48,0.2802404269387823,0.1856950821165796,48,-1.735859950491931,1.2897342726412244,48,-1.2824437221461868,1.335644879006822,48,3.165315938268391,0.6719386575957585,48,3.413733169779215,0.7216156379077868,48,7,13,0.6096614830124668,0.6069229318675888,0.6994819597978674,0.19627629105999383,0.2157407361413317
mahler,FA50,condition_mean_neural_and_behavior,published_input_causal_train_only;raw_preprocessing_fail,hidden,y,90751,53,-0.4833334651236631,0.1466099010840496,53,-0.4334661697609129,0.1588258809792443,53,4.384071827409877,0.6564180723471106,53,3.6683074595959297,0.6033477336662664,53,0.0498672953627501,0.0275562988113617,53,0.715764367813947,0.1533705764699818,53,-3.11666477847847,0.9740396778775902,53,-2.2053145518957527,0.9991543829957044,53,1.9769868621057936,0.3205951361068796,53,2.1150683068653677,0.3558818339745429,53,8,16,1.0487602500047823,1.0434980547358492,1.2142135436893309,0.2392205901937499,0.28589758670891374
mahler,FA50,condition_mean_neural_and_behavior,published_input_causal_train_only;raw_preprocessing_fail,hidden,y,93053,48,0.4316448913893455,0.2032206206947063,48,0.4181945637186808,0.2017148457581633,48,4.701277388235444,1.461833408098268,48,4.746334450139847,1.4569481833624338,48,-0.0134503276706647,0.0264154667292974,48,-0.045057061904403,0.2811770061909315,48,3.13509895815408,3.1664573242927254,48,3.294131483814621,3.090103295729128,48,2.5696336827672224,0.6122762695739808,48,2.4751195584731547,0.5370727206679856,48,9,16,0.03345060491802518,0.025981441416191575,0.06217459049682805,0.007115216175444686,0.00704767126493574
mahler,FA50,condition_mean_neural_and_behavior,published_input_causal_train_only;raw_preprocessing_fail,hidden,y,99902,46,0.5747014499385784,0.1309840479342006,46,0.5730322911263087,0.1317101613977705,46,4.675554115215188,0.8633410898203047,46,4.604535963439331,0.8979132649803685,46,-0.0016691588122697,0.0300062705039367,46,0.0710181517758568,0.1482173241658635,46,4.416985194736123,0.9234319636528144,46,4.342397287153973,0.956836395021508,46,1.7778885028410485,0.2503297556252767,46,1.7701595770618377,0.2460626515813317,46,10,16,0.006826064748161948,0.006543846716509538,0.009704220431955513,0.0014599477580525843,0.001482465291261024
mahler,FA50,condition_mean_neural_and_behavior,published_input_causal_train_only;raw_preprocessing_fail,hidden,y,105802,56,0.4540981649317374,0.1992461295493335,56,0.413900315565634,0.210350799302193,56,2.9506200232331343,0.7124981270241943,56,3.5307006344919,0.8509932723765256,56,-0.0401978493661034,0.0422218477282858,56,-0.5800806112587659,0.2687864479295548,56,2.12442491517701,1.1353254259533736,56,2.8985805416691943,1.1514075434225974,56,2.4892297111956294,0.4502188285840669,56,2.709104014079615,0.4603124405375063,56,11,14,0.6780305986845694,0.6737835214257547,0.7959607427885331,0.22979258370978553,0.19203854103652834
mahler,FA50,condition_mean_neural_and_behavior,published_input_causal_train_only;raw_preprocessing_fail,hidden,y,118879,59,-0.7960604140467092,0.0954935856722184,59,-0.7683820111071517,0.1102487355147369,59,5.31284344472688,0.910992362414414,59,4.519202608050748,0.8383670214176077,59,0.0276784029395574,0.0229898600307784,59,0.7936408366761316,0.156966883898091,59,-4.317682286359121,1.021536164723137,59,-3.4516115569000525,1.0232571867046691,59,4.152247205691006,0.7249567143717556,59,4.8807825852848445,0.8412931166884959,59,12,13,1.0763517903928772,1.0706921888939305,1.2474589601017145,0.20259429843753088,0.23817294415510532
mahler,FA50,condition_mean_neural_and_behavior,published_input_causal_train_only;raw_preprocessing_fail,hidden,y,122957,51,0.6122376011925222,0.1506094692687874,51,0.6218569971641896,0.1426500350799052,51,1.7947318714943472,0.4208173610446179,51,1.621874959697579,0.3652855936218345,51,0.0096193959716675,0.0328743776514643,51,0.1728569117967683,0.1763323553632482,51,0.92526217711506,0.6632099304914268,51,0.4873805601313597,0.6998182638517854,51,2.637305906169403,0.5482857651737156,51,2.5096725570943827,0.4980354898953541,51,13,14,0.2815982162712801,0.2798367270036001,0.3305447168119724,0.15690266648957044,0.17362510875917833
mahler,FA50,condition_mean_neural_and_behavior,published_input_causal_train_only;raw_preprocessing_fail,hidden,y,126479,53,-0.2000514746320734,0.1420303301709982,53,-0.167144113090563,0.1531705532143398,53,4.734717176893735,0.8821909489634653,53,3.0953066208005606,0.6891186378484939,53,0.0329073615415103,0.0358837064511447,53,1.6394105560931738,0.3215301684775358,53,3.986400058039852,1.0306261208880905,53,1.7805136983069931,1.070431684771986,53,2.6640734086592266,0.2844135330045273,53,3.819866117815641,0.4044964086865541,53,14,15,2.095167111650091,2.081284126855502,2.4714145200943998,0.4425115658174643,0.6768851581844914
mahler,FA50,condition_mean_neural_and_behavior,published_input_causal_train_only;raw_preprocessing_fail,hidden,y,158705,57,-0.2251739526272239,0.2459152095681068,57,-0.2377760777631878,0.2396434459468455,57,2.8615293908978607,0.5164831742289162,57,2.934064805919744,0.5079037175084212,57,-0.0126021251359639,0.0392229497479972,57,-0.0725354150218828,0.1310048044733382,57,-1.7031653187362208,0.9306342110222648,57,-1.7815281252040378,0.9255499252162496,57,1.4014746834009502,0.2033340955816467,57,1.376451654238525,0.1842762237254345,57,15,16,0.20861839025696008,0.2069142105799338,0.25020963868183976,0.07290450726123836,0.07110217532893391
mahler,FA50,condition_mean_neural_and_behavior,published_input_causal_train_only;raw_preprocessing_fail,hidden,y,159613,50,-0.1695893828985803,0.1357630140077098,50,-0.1186419103326024,0.1368424837645696,50,3.2461322255073366,0.5153299085723587,50,3.0917070038992,0.5105691977018354,50,0.0509474725659779,0.0228202118825672,50,0.1544252216081377,0.0959600894245536,50,-1.1346147369025,1.0363959808593413,50,-0.9759934948430196,1.0730127534084195,50,1.726948516201816,0.1941978448639033,50,1.7478626252095504,0.198331497467708,50,16,18,0.3663749371181678,0.3635907755505637,0.43745033881510054,0.11286506884694361,0.1185024766758632
mahler,FA50,condition_mean_neural_and_behavior,published_input_causal_train_only;raw_preprocessing_fail,hidden,y,163248,39,-0.7210139223945069,0.1499171465687613,39,-0.7111803937772417,0.1587917013952557,39,2.4595893233184403,0.5023866599386707,39,2.311603804516801,0.3838416436173168,39,0.0098335286172651,0.0247814829928143,39,0.1479855188016394,0.2431559765252067,39,-1.0507716646893357,0.9025527282669488,39,-0.3829312847709966,0.8617064117637655,39,15.209565020805266,2.1810773263818883,39,9.127763451224135,1.3187979635395324,39,17,13,0.6969355279075985,0.6916970923782509,0.828464216767379,0.2833544288472125,0.30149436791279216
mahler,FA50,condition_mean_neural_and_behavior,published_input_causal_train_only;raw_preprocessing_fail,hidden,y,167848,56,0.2237090026325054,0.238742339248794,56,0.2212743827129656,0.2337562182179018,56,2.5269271721247053,0.8318978629137328,56,2.4477554097318195,0.7782797135702623,56,-0.0024346199195397,0.0329280133322342,56,0.0791717623928858,0.1491001015956228,56,-1.5323334893895058,1.1588673492123371,56,-1.3691977895329437,1.1228661278507834,56,1.7670303656790207,0.2471503094864398,56,1.7075776557490543,0.2370630942135078,56,18,16,0.31544536381827637,0.31300789720728106,0.37668563494349727,0.1248335794153663,0.12887127633918175
mahler,FA50,condition_mean_neural_and_behavior,published_input_causal_train_only;raw_preprocessing_fail,hidden,y,179553,58,0.2318083341042529,0.2655793938917961,58,0.2503058876458157,0.2632185797895023,58,2.600045537312613,0.741493198337066,58,2.8687721837080584,0.8478604991453083,58,0.0184975535415627,0.0345236663184688,58,-0.2687266463954449,0.1750831254901094,58,2.0609973648123696,0.9697833942941811,58,2.4248254376451537,1.0410115737554126,58,2.1417192425353457,0.3948246781161081,58,2.382860296631548,0.4424040758044934,58,19,14,0.642401775209989,0.6376168119752424,0.7638094777154942,0.2470732785218718,0.2239291704159117
mahler,FA50,condition_mean_neural_and_behavior,published_input_causal_train_only;raw_preprocessing_fail,hidden,y,182748,51,0.2071136943678062,0.1548786692825181,51,0.138044906774221,0.1693068220297683,51,6.99426120595903,1.0667136548555516,51,7.291118551236841,1.1247606922762408,51,-0.0690687875935852,0.0396950390888867,51,-0.2968573452778098,0.1567929996975515,51,-6.634819229586653,1.157229487170084,51,-6.9624739077322575,1.217121929743634,51,2.191337777979828,0.3262753528807203,51,2.3699068342673857,0.357929732035881,51,20,17,0.17815174959151836,0.13448012795418063,0.3407794497310883,0.02547113188162534,0.02443407665635848
mahler,FA50,condition_mean_neural_and_behavior,published_input_causal_train_only;raw_preprocessing_fail,hidden,y,183171,51,-0.6154706838127066,0.1641899936354658,51,-0.5416387577561682,0.190867678188035,51,5.080891731675919,1.3614961760091069,51,4.003458131413543,1.308381465692765,51,0.0738319260565384,0.0482645985455404,51,1.0774336002623766,0.1445866032767,51,-4.508678566702296,1.5292707796396232,51,-3.387645051252993,1.5384251401056557,51,2.318486296845387,0.5232487041984473,51,2.624619147253984,0.6047248477522704,51,21,14,1.0899424394529975,1.0818247941934693,1.2959206922658595,0.21451794232456176,0.2722502405859207
mahler,FA50,condition_mean_neural_and_behavior,published_input_causal_train_only;raw_preprocessing_fail,hidden,y,184642,57,-0.4202051230878873,0.2507759791116382,57,-0.4253272716105532,0.2521645148184847,57,3.0558017267660493,0.6864373833032249,57,2.943011046000814,0.6518294108631882,57,-0.0051221485226659,0.0446263391627862,57,0.1127906807652355,0.1451216443313622,57,1.489631041628786,0.9833111180083036,57,1.2896220306016233,0.9849318196075588,57,1.7812193111437822,0.243125685471168,57,1.827572740415052,0.2465277324524813,57,22,16,0.27341920300734557,0.2713037977458965,0.32653270406376667,0.08947543965710915,0.09290457926717205
mahler,FA50,condition_mean_neural_and_behavior,published_input_causal_train_only;raw_preprocessing_fail,hidden,y,187617,54,0.4253383794159785,0.1973203043877075,54,0.4077608918449206,0.199791400751378,54,4.196177337466053,0.8360280242295822,54,3.540235751599416,0.8054737000777916,54,-0.0175774875710578,0.0327359735219755,54,0.6559415858666372,0.130235723540549,54,3.8649960898162345,0.8987074332799891,54,3.118763302340108,0.8890593469918434,54,2.6558552709335306,0.3956195584964658,54,2.3139529049656478,0.3507335963618078,54,23,13,0.7626938835209149,0.7553030783066051,0.925154255809594,0.18175921134483872,0.21543590230575557
mahler,FA50,condition_mean_neural_and_behavior,published_input_causal_train_only;raw_preprocessing_fail,hidden,y,197632,47,-0.0203875653977642,0.1777844034638731,47,-0.0127195460209346,0.183481691015525,47,2.7417260801786583,0.4772523707179932,47,2.6649318470564807,0.4807511680872669,47,0.0076680193768295,0.0311691540314781,47,0.0767942331221764,0.0774950026599656,47,0.7114776037931237,1.023524479030368,47,0.6690503411468145,1.0592516735969812,47,1.5892217911246391,0.2211349272931965,47,1.5556228834991337,0.2246135532774191,47,24,17,0.17948726881886257,0.17811176252878944,0.21432887513016396,0.06546506236216226,0.06735154184791373
mahler,FA50,condition_mean_neural_and_behavior,published_input_causal_train_only;raw_preprocessing_fail,hidden,y,199564,49,-0.457275154777089,0.2155580493301262,49,-0.3919163134061443,0.2365383535538551,49,2.722035143667223,0.3265775972917115,49,2.6136587637093807,0.3360773086031289,49,0.0653588413709447,0.0392853653631406,49,0.1083763799578425,0.0983946185287442,49,0.0050002017062529,0.9609429256630556,49,-0.2032378722608412,0.9416542004206686,49,1.9848595822483717,0.2817086602004297,49,1.9316444929655157,0.2681828429340736,49,25,15,0.045658212004202114,0.045320828899783464,0.05429712140004117,0.016773557134420292,0.017469079222645977
mahler,FA50,condition_mean_neural_and_behavior,published_input_causal_train_only;raw_preprocessing_fail,hidden,y,204372,53,-0.2964267037397477,0.2267471731941405,53,-0.2533717606538245,0.2425979283977684,53,4.140407112940129,0.7931147961910588,53,3.1958881050875187,0.6977167444610441,53,0.0430549430859231,0.0459178683484085,53,0.9445190078526104,0.1849368296848931,53,3.3899298843019743,0.8755817089439552,53,2.271329565486301,0.8638291755819558,53,1.3393587307493606,0.1841956743722933,53,1.499029031968378,0.2019487962531739,53,26,17,1.110640899254981,1.1012055588077558,1.3371124576686446,0.26824437041078986,0.34752183516280094
mahler,FA50,condition_mean_neural_and_behavior,published_input_causal_train_only;raw_preprocessing_fail,hidden,y,204678,45,0.4488812868827791,0.133319080481501,45,0.4030232744579473,0.149224766440753,45,7.338825762161106,0.9144695698500852,45,7.4728661015077105,0.985922963356876,45,-0.0458580124248317,0.0316034349759511,45,-0.1340403393466055,0.2095204109466377,45,-7.0594771472783835,0.94004600148926,45,-7.189762636401601,1.0135344553072778,45,2.8145779949123084,0.5049027833572237,45,2.4188498684433903,0.4235069249217767,45,27,15,0.20788093516522294,0.16438602963592278,0.3786374692917711,0.028326184856037114,0.027818099821604096
mahler,FA50,condition_mean_neural_and_behavior,published_input_causal_train_only;raw_preprocessing_fail,hidden,y,206128,53,0.3171867288627441,0.2237248704055821,53,0.3383206768157637,0.2237427310138094,53,3.287319887211985,0.9076587024065343,53,2.640698732740661,0.7925424148357206,53,0.0211339479530196,0.0406195805109769,53,0.646621154471323,0.2733851673319037,53,2.5531990619150786,1.1965397030646132,53,1.6350455401328563,1.2454066285715852,53,1.216971882091786,0.2148758487382274,53,1.3068186559148804,0.2383399832153369,53,28,12,0.8986899801913462,0.892321407827063,1.0624806377322562,0.273380751197151,0.34032279754178424
mahler,FA50,condition_mean_neural_and_behavior,published_input_causal_train_only;raw_preprocessing_fail,hidden,y,217817,49,0.7281562467125867,0.0916027690630197,49,0.7193756330066929,0.0962802840013618,49,2.5492492375521043,0.4409708183115055,49,2.323043614266495,0.3953350558888176,49,-0.0087806137058938,0.0129224318141021,49,0.2262056232856092,0.1300558794101122,49,1.3542710137739968,0.7616917695450273,49,1.0018850087759648,0.7800944468336019,49,2.945881359994411,0.3539803649685553,49,2.701548229414052,0.3433205905953515,49,29,15,0.298684209795803,0.2940908747809262,0.378633102092631,0.11716555815570708,0.1285745166218556
mahler,FA50,condition_mean_neural_and_behavior,published_input_causal_train_only;raw_preprocessing_fail,hidden,y,218791,56,0.6322969983442926,0.1178742711992965,56,0.6220189718999853,0.1257114303469217,56,3.0262100136074657,0.6679216757542429,56,3.9442157774271447,0.739832186374265,56,-0.0102780264443072,0.0220065560229626,56,-0.9180057638196792,0.1677472613119556,56,2.4709218540335667,0.801208936348815,56,3.545463091155355,0.8120887453787616,56,1.8281182646435208,0.2443013266439312,56,2.22452708703713,0.2957731442346011,56,30,16,1.2216506449251716,1.1988226572075216,1.5812648148131885,0.40368997506186755,0.30973220377969984
mahler,FA50,condition_mean_neural_and_behavior,published_input_causal_train_only;raw_preprocessing_fail,hidden,y,226533,59,-0.3464346850905665,0.228378204207818,59,-0.3406639431537765,0.2324693060085679,59,2.6099276805055,0.6152724843836691,59,2.362405332385684,0.4281885356221168,59,0.0057707419367899,0.0366845505712615,59,0.2475223481198157,0.3958240451012073,59,-1.5390026288792686,0.9913572777775792,59,-0.4686755880229163,1.0978711460996309,59,2.491222229906984,0.4210490421082056,59,2.0551348207709927,0.3491910875309769,59,31,13,1.2473721217857257,1.2379949061399442,1.4827994364539794,0.47793359605432834,0.5280093575330962
mahler,FA50,condition_mean_neural_and_behavior,published_input_causal_train_only;raw_preprocessing_fail,hidden,y,232533,53,-0.0365266112165246,0.2594371070250111,53,-0.0225480471503785,0.2595460357151444,53,3.483559707739095,0.8981733498247233,53,3.485324207173192,0.9147339916977146,53,0.0139785640661461,0.050155156692846,53,-0.0017644994340956,0.1570759077970743,53,2.8762956358113514,1.0617535220746015,53,2.891594217648056,1.0768872543917227,53,2.436904803097976,0.3575318587400637,53,2.5498795367001805,0.3735489191146018,53,32,14,0.23327247194092113,0.2311732177938414,0.28152173122472046,0.06696382192694494,0.06692992045354632
mahler,FA50,condition_mean_neural_and_behavior,published_input_causal_train_only;raw_preprocessing_fail,hidden,y,241919,43,0.0722822055526293,0.1595463622749466,43,0.0274832918183689,0.1572375567018974,43,4.51658206961765,1.0192431745963113,43,5.104496660519373,1.1688145163668575,43,-0.0447989137342603,0.0432582054476425,43,-0.587914590901722,0.2381780558759974,43,3.665086917207234,1.2361173719214722,43,4.480652283972613,1.3335151451399283,43,1.603485649565774,0.1877431279869251,43,2.2484959696004374,0.2744813230100862,43,33,18,0.8638375270887754,0.7535979538127544,1.445413842692389,0.1912591233312635,0.16923069688145934
mahler,FA50,condition_mean_neural_and_behavior,published_input_causal_train_only;raw_preprocessing_fail,hidden,y,242380,50,-0.4377899598690622,0.1599966275291396,50,-0.372696844907426,0.1751775625039196,50,6.367400144440767,1.1642512543637618,50,6.30808244426288,1.290384493551989,50,0.0650931149616362,0.0556204661670857,50,0.0593177001778884,0.2213356496054808,50,-5.714512188875569,1.2232820137505496,50,-5.760171644507283,1.3436722815858333,50,1.732338695593016,0.230919005167467,50,1.7347644386181096,0.2565905889446358,50,34,17,0.429659256155767,0.13956114726841015,1.5886678449815896,0.06747797317730891,0.06811249852108965
mahler,FA50,condition_mean_neural_and_behavior,published_input_causal_train_only;raw_preprocessing_fail,hidden,y,244437,50,-0.7360770898885937,0.0841876842331058,50,-0.726262241115291,0.0922799024448222,50,5.528729130026332,0.6977788343292619,50,4.244859900257321,0.6716297509529227,50,0.0098148487733028,0.0183340740957798,50,1.2838692297690115,0.1318842109938819,50,-4.397299780851903,0.795501936610787,50,-2.955947836963256,0.8359202902606908,50,3.7738063024290174,0.665411550701927,50,4.95633986585154,0.9351209699282051,50,35,14,1.5237461419071114,1.5100322525023313,1.8389285029929852,0.27560513565978484,0.3589626460498126
mahler,FA50,condition_mean_neural_and_behavior,published_input_causal_train_only;raw_preprocessing_fail,hidden,y,245662,41,0.7295654222520557,0.0975731905357315,41,0.7294044391135714,0.102380209987079,41,5.685600290199613,1.954462329757753,41,7.301519906222911,1.934617852733578,41,-0.0001609831384843,0.0115941781049939,41,-1.6159196160232967,0.2485748887275917,41,-5.219961364165652,1.932494723262446,41,-6.919724979418929,1.9032169941246768,41,2.0922150544103197,0.4105677749172713,41,2.8879618475575017,0.5445187393213561,41,36,18,1.5578075019388469,1.498537533427479,2.195849031227114,0.27399173744662847,0.21335386631092587
mahler,FA50,condition_mean_neural_and_behavior,published_input_causal_train_only;raw_preprocessing_fail,hidden,y,248856,53,0.2819397817808931,0.2141707047019187,53,0.3224551689740316,0.221243580842731,53,2.310783563430693,0.5280756669043226,53,2.268465816385606,0.4793345346390085,53,0.0405153871931385,0.0243282516454239,53,0.042317747045087,0.6807236223101159,53,-0.7975329541240155,0.8642058452207396,53,1.0136283461149045,0.8971058066764388,53,1.2653906945955615,0.2145868543859752,53,1.5549812281991755,0.2646218607337772,53,37,12,2.1456150992331198,2.1267259558164313,2.579336203852679,0.9285227457856949,0.9458441400063824
mahler,FA50,condition_mean_neural_and_behavior,published_input_causal_train_only;raw_preprocessing_fail,hidden,y,251629,52,0.5237195266400422,0.1101154928134383,52,0.4924407135160623,0.1135163035412317,52,2.72745500314136,0.5491347754289801,52,4.552091833506311,0.94305505359572,52,-0.0312788131239798,0.0266828253591006,52,-1.8246368303649507,0.4961824362789797,52,1.5788229913351903,0.9580991113650044,52,4.0526721716386,1.0563767186176127,52,1.4230299071036088,0.1720217716400494,52,2.3520686673775533,0.2935567589670637,52,38,20,2.6210065893970524,2.526857131273588,3.673822258162618,0.9609715234085603,0.5757806927586051
mahler,FA50,condition_mean_neural_and_behavior,published_input_causal_train_only;raw_preprocessing_fail,hidden,y,258471,53,0.2839544541818293,0.2066161381497062,53,0.3130024242728353,0.1994972640780071,53,2.1418716867902745,0.3447618561840921,53,2.057509919991785,0.3660157885684829,53,0.029047970091006,0.0383572720294773,53,0.084361766798489,0.1499861383441725,53,0.4224558922321316,0.8400347912783753,53,0.037057956407602,0.8357547403804814,53,1.397913322384445,0.2465271819803909,53,1.477988637208456,0.2571442307102774,53,39,17,0.42448423494272486,0.4206792201774899,0.5132838914170401,0.1981837836321747,0.20630969057219403
mahler,FA50,condition_mean_neural_and_behavior,published_input_causal_train_only;raw_preprocessing_fail,hidden,y,269179,52,0.1405845493904747,0.1568548708995706,52,0.1544663062467437,0.1633430478540398,52,3.222578358174148,0.6056299129220603,52,3.3604112924476928,0.6401581905092899,52,0.0138817568562689,0.0271329914045302,52,-0.137832934273545,0.1232905885523232,52,2.102888086621188,0.8536336623792864,52,2.3668927358199863,0.8293303439744272,52,2.7053198610800626,0.4269800756862312,52,2.594690010596338,0.3947988742902048,52,40,14,0.17180307907408573,0.17025683960582702,0.20733994925979005,0.053312304614192875,0.051125610564457406
mahler,FA50,condition_mean_neural_and_behavior,published_input_causal_train_only;raw_preprocessing_fail,hidden,y,270569,46,-0.1882692112409776,0.195441550705653,46,-0.1085079947543659,0.1869187540912978,46,6.232892816199092,0.8598162101667015,46,5.985476300890921,0.8030707417629493,46,0.0797612164866116,0.0438393241069023,46,0.2474165153081711,0.2199628539225122,46,5.627387354100139,0.9501961484394942,46,5.4360123615088884,0.8967267748374055,46,1.2187019609905798,0.1280160936730169,46,1.30358916552004,0.1448937354007809,46,41,20,0.5065421075083499,0.1669614474403688,1.9541712800105309,0.08126918309775245,0.0846285378212846
mahler,FA50,condition_mean_neural_and_behavior,published_input_causal_train_only;raw_preprocessing_fail,hidden,y,273073,52,0.3671822418263874,0.1936630621215812,52,0.3295909569783627,0.2061010308122394,52,5.880371417018263,1.1324430154384784,52,5.304584001596668,1.1449089958503145,52,-0.0375912848480248,0.0348319037532745,52,0.5757874154215942,0.1766026735907408,52,-5.674920785751534,1.173059580539762,52,-5.046332065287997,1.1972917321337757,52,2.7134820291024817,0.3533498788408101,52,1.9498217322936071,0.2574286525037423,52,42,13,0.7781872776531032,0.7369569638363104,1.1377521922755571,0.13233641592790676,0.14670090574847539
mahler,FA50,condition_mean_neural_and_behavior,published_input_causal_train_only;raw_preprocessing_fail,hidden,y,273515,43,0.0628076623545853,0.2092483384101926,43,-0.0185337778812045,0.2109919796552656,43,5.484665796318786,0.8876872605440029,43,5.241916092208808,0.9028263333200996,43,-0.0813414402357899,0.0435345664682131,43,0.2427497041099782,0.1389669827782794,43,-4.9781673689330175,0.9998776287869268,43,-4.664048129481615,1.0491913769128387,43,3.2990334609426157,0.4099684205910068,43,2.8888154983660272,0.3771731780426951,43,43,14,0.37113646978867676,0.3597012665498314,0.507108603304439,0.06766801908655533,0.07080168077095057
mahler,FA50,condition_mean_neural_and_behavior,published_input_causal_train_only;raw_preprocessing_fail,hidden,y,287936,52,0.2508923837780848,0.2619736295355069,52,0.2728235690752472,0.2600552528354266,52,1.9458578873638108,0.4713289061317314,52,1.838102023409124,0.4312054774039477,52,0.0219311852971624,0.0405032152602568,52,0.1077558639546871,0.5111624446189673,52,-0.7973783009899627,1.0078052432187143,52,0.2346550997209234,1.002926396276498,52,1.8708486968620204,0.2705606382394832,52,1.5708933423047322,0.2273805310217646,52,44,14,1.1985985169107498,1.1870618081403659,1.4545668320697325,0.6159743343510942,0.6520848688734435
mahler,FA50,condition_mean_neural_and_behavior,published_input_causal_train_only;raw_preprocessing_fail,hidden,y,297652,55,-0.5786075358891666,0.1476980360994154,55,-0.5195161115667769,0.1530318909633086,55,4.392545644479708,0.8455204454062414,55,3.8148421619327415,0.7872011141773072,55,0.0590914243223898,0.0274714364271364,55,0.5777034825469656,0.1602595229517644,55,-3.198243422513837,1.142321711977063,55,-2.56283423145394,1.1665144140474837,55,3.3375964993584555,0.471218587587805,55,3.87547168356398,0.5375237323473101,55,45,14,0.843778210164111,0.8344199000842263,1.0364923018541612,0.19209321392585224,0.22118299377728945
mahler,FA50,condition_mean_neural_and_behavior,published_input_causal_train_only;raw_preprocessing_fail,hidden,y,301600,50,0.2350641362903691,0.2795486412490711,50,0.2473729211740785,0.2877239903833475,50,2.853978879052587,0.7926956752692181,50,2.526400345754724,0.7124022618207911,50,0.0123087848837094,0.0373995187717614,50,0.3275785332978628,0.2062493124852772,50,-2.2525756969514164,1.0113960911966255,50,-1.793299754470972,1.0509568616249665,50,2.7094074968845003,0.5423388028847332,50,2.337027965058887,0.4602289148279112,50,46,13,0.5770911719375384,0.57135656986551,0.7014916833853132,0.202205831365196,0.22842427682028404
mahler,FA50,condition_mean_neural_and_behavior,published_input_causal_train_only;raw_preprocessing_fail,hidden,y,320246,53,0.3620592858790303,0.1923125569368724,53,0.2979235478424543,0.2207697599309564,53,3.3670094229995406,0.922437577515176,53,3.3044935455555144,0.9469731820147697,53,-0.064135738036576,0.0494822225568394,53,0.0625158774440263,0.1396362680931464,53,-2.6777678512115775,1.1078524503528404,53,-2.6077219419181863,1.1540243153278753,53,2.7318592894050777,0.4305569025877662,53,2.4491861545020734,0.3990035067741761,53,47,14,0.22245565295151426,0.2165784367098135,0.2984855519946681,0.06606921009247933,0.06731913677081112
mahler,FA50,condition_mean_neural_and_behavior,published_input_causal_train_only;raw_preprocessing_fail,hidden,y,325813,56,-0.3766937096933009,0.1675664077482032,56,-0.3878991024882591,0.1732082547286517,56,6.291958198452987,1.213280556244851,56,6.5787653896165965,1.3294728913824594,56,-0.0112053927949582,0.0321948766568151,56,-0.2868071911636102,0.2744527526119093,56,5.818113419465377,1.346991465597236,56,6.176971781236775,1.4561730525589256,56,1.9290711424750524,0.2935490785088715,56,2.1991558483317366,0.3395408793923253,56,48,16,0.22400074496465033,0.17394894773486697,0.416423648266635,0.03560111779187054,0.034049055057989365
mahler,FA50,condition_mean_neural_and_behavior,published_input_causal_train_only;raw_preprocessing_fail,hidden,y,328386,47,0.414806656238468,0.1444671450478509,47,0.408738616518899,0.1423731653231233,47,4.0985663243133565,0.7790419146683534,47,3.811528462995476,0.7366149722303639,47,-0.0060680397195689,0.0186538294263159,47,0.287037861317882,0.1594606627601935,47,3.497964588121768,0.8961498756372128,47,3.147363277239194,0.881536781339212,47,3.280281289194908,0.4193343174894177,47,3.5823702134465223,0.4931764593171157,47,49,13,0.4352358294068707,0.43091057180494313,0.5290602486925744,0.10619221331736943,0.11418931634182769
mahler,FA50,condition_mean_neural_and_behavior,published_input_causal_train_only;raw_preprocessing_fail,hidden,y,330797,55,0.2943184385667343,0.2639313617366808,55,0.3261908746827008,0.2602815437702635,55,3.2210426766430307,0.8428773464508503,55,2.942178423331204,0.7527029779486019,55,0.0318724361159664,0.0302978256831175,55,0.2788642533118272,0.1445879886803822,55,2.6627986429866346,0.9628404943130188,55,2.31969354558375,0.8933319075772566,55,1.618025263653821,0.2663216234116661,55,1.7675246367317754,0.3063828030982217,55,50,16,0.397291177299847,0.39231238345754865,0.49432371517441087,0.1233424133684263,0.13503299940933713
mahler,FA50,condition_mean_neural_and_behavior,published_input_causal_train_only;raw_preprocessing_fail,hidden,y,332165,48,0.3264000902869115,0.2078917310819196,48,0.3122941004829713,0.2070139736052491,48,3.742008196629063,0.9025355053681547,48,5.516546518179527,1.3471451693611547,48,-0.0141059898039402,0.0279063799179222,48,-1.774538321550463,0.5830473027509299,48,2.41246433488528,1.4037796719659477,48,5.211642236813833,1.4372610845056066,48,0.6753310477550091,0.0933901129098454,48,1.8151674743291304,0.2368668685918443,48,51,28,3.11721677686893,2.6305700089468127,5.43728466543357,0.8330331236786259,0.5650667073315315
mahler,FA50,condition_mean_neural_and_behavior,published_input_causal_train_only;raw_preprocessing_fail,hidden,y,340684,52,0.3182687536307453,0.1975999447458055,52,0.2582974767640441,0.2099185449356172,52,7.262342341377128,0.94688290324824,52,6.64792344039261,0.9702170198016306,52,-0.0599712768667011,0.0647657177576912,52,0.6144189009845161,0.2533032486449603,52,7.106604656695085,0.958623579250146,52,6.463328724333088,0.9911942084591154,52,1.829241242101704,0.266983529051515,52,1.4438140433663558,0.2004270501425183,52,52,30,0.36849297435489076,0.32354240466867473,0.6190104562203986,0.050740237382559825,0.05542978610673177
mahler,FA50,condition_mean_neural_and_behavior,published_input_causal_train_only;raw_preprocessing_fail,hidden,y,351612,48,-0.0611810671804253,0.2267460170275115,48,-0.0390592636252011,0.2385575714447406,48,2.6857218556787554,0.4743773113679166,48,2.549579792925348,0.4167358283571959,48,0.0221218035552242,0.0351772613051535,48,0.1361420627534075,0.2056887373233109,48,0.5188803443361693,1.364480169107248,48,0.1305759524074973,1.3299581376765592,48,1.3286942375630355,0.1347145390638635,48,1.3809341977881937,0.1464862158080762,48,53,17,0.48706411699243285,0.48157104987681243,0.6006875528718538,0.1813531494196142,0.1910370165091335
mahler,FA50,condition_mean_neural_and_behavior,published_input_causal_train_only;raw_preprocessing_fail,hidden,y,356164,56,0.7064500940088503,0.1137142211093847,56,0.689822150605436,0.1153274022730531,56,3.686315182409051,0.7068163276256164,56,2.814946395720181,0.6706002237707255,56,-0.0166279434034143,0.0264689482682767,56,0.871368786688871,0.1133852080120236,56,3.4024084103573395,0.7559148619791776,56,2.419156341402489,0.7704239171251962,56,2.7728737871851714,0.4347448563364516,56,2.316147073699502,0.3679516289778918,56,54,13,0.9192516759539338,0.9085830150776183,1.1325121723121745,0.2493687138692226,0.32656098792913274
mahler,FA50,condition_mean_neural_and_behavior,published_input_causal_train_only;raw_preprocessing_fail,hidden,y,356765,58,0.6481798119276426,0.1121434419062915,58,0.6543877872584495,0.1134387996911187,58,3.305331156062585,0.6158984053493296,58,2.6088914730543538,0.5601185818978022,58,0.0062079753308071,0.0166657286193301,58,0.6964396830082304,0.1621733143018185,58,2.7719034355640493,0.6905057459773121,58,1.934913889752047,0.6888034682646061,58,2.8790553034298663,0.4322014356645641,58,2.489559185508654,0.3835504192768972,58,55,14,0.65331516079991,0.6448804183957194,0.8136105513951708,0.1976549791695183,0.25041868071079354
mahler,FA50,condition_mean_neural_and_behavior,published_input_causal_train_only;raw_preprocessing_fail,hidden,y,370777,49,0.0431126637717037,0.2665292658156715,49,-0.0061543803067902,0.269311830623408,49,1.8245369729032996,0.3913407624082583,49,1.853322941692556,0.4160194730784855,49,-0.049267044078494,0.0415510119117349,49,-0.0287859687892563,0.1139866112408821,49,0.4012481924215208,0.814187919337747,49,0.4860918063965524,0.8103594607566309,49,2.00623098237498,0.3726828157920009,49,1.8477614424125672,0.325840444989538,49,56,13,0.2883287933015878,0.2852367637016959,0.3527673601907666,0.15802847384494695,0.15557396221420003
mahler,FA50,condition_mean_neural_and_behavior,published_input_causal_train_only;raw_preprocessing_fail,hidden,y,377134,51,0.6187299520225104,0.1111392851763514,51,0.6216802866643454,0.1152993141304666,51,1.910339775278677,0.4723014228256369,51,1.9409736306896068,0.4793398439286153,51,0.0029503346418351,0.0209637182266502,51,-0.0306338554109292,0.2482964712633246,51,0.2513778431129432,1.1404963309061853,51,-0.2180783584711601,1.1869814100229237,51,1.6301340397511268,0.1926182419520497,51,1.62814669101879,0.1817309585194421,51,57,17,0.08386231011514435,0.08263691316308183,0.10596230080407087,0.04389915930160155,0.04320631088911238
mahler,FA50,condition_mean_neural_and_behavior,published_input_causal_train_only;raw_preprocessing_fail,hidden,y,379400,46,-0.1989374541924281,0.1475016848170161,46,-0.2344661120420687,0.126616723910667,46,3.562880316843842,0.6304334721494032,46,3.616373163529784,0.6368129317392409,46,-0.0355286578496406,0.0411300033797788,46,-0.0534928466859411,0.1591262633098329,46,-1.959985734808104,0.915172440793091,46,-1.9552798981735249,0.9886604938511028,46,2.1105201942722345,0.2070708873783377,46,2.204295035595489,0.2264284422501405,46,58,33,0.19281752637386512,0.18991838175666922,0.245891654736611,0.05411844048263498,0.053317928669082464
mahler,FA50,condition_mean_neural_and_behavior,published_input_causal_train_only;raw_preprocessing_fail,hidden,y,381514,52,-0.408069957892949,0.1206602875260355,52,-0.4363434896208778,0.1227993820961961,52,4.1891170173723085,0.7670571460517949,52,4.778802202940116,0.7802552729437873,52,-0.0282735317279286,0.0302211769056695,52,-0.589685185567808,0.192169792030108,52,-2.9652805967340075,1.0669219342218232,52,-3.681110770860528,1.0096561880644452,52,2.387585892031777,0.2759389739709091,52,2.335078504617945,0.2726533601248935,52,59,31,0.27558705684526946,0.27133948007372505,0.35217111853761995,0.0657864308164244,0.05766864689978525
mahler,FA50,condition_mean_neural_and_behavior,published_input_causal_train_only;raw_preprocessing_fail,hidden,y,388571,46,-0.2023164600341538,0.1947120439648206,46,-0.1922407961239243,0.2017946771155216,46,2.3614298961060287,0.4354815010557824,46,2.4055362248426864,0.4681855078986101,46,0.0100756639102294,0.0397775832418306,46,-0.0441063287366578,0.0983375272442271,46,-0.6794699768423124,0.9083863425096405,46,-0.8135006933726942,0.8953074301048392,46,1.337611620129309,0.1512464109750806,46,1.333563680762635,0.1658237592358153,46,60,33,0.07434629078347689,0.07323062489831078,0.09479180113584373,0.031483590051126685,0.0309063276685176
mahler,FA50,condition_mean_neural_and_behavior,published_input_causal_train_only;raw_preprocessing_fail,hidden,y,394672,41,0.5487485496572901,0.1656081610164531,41,0.5396611190382959,0.1741644380246216,41,2.5845416391137244,0.8835805076379744,41,3.3694268335623554,1.1937304616675304,41,-0.0090874306189942,0.0388230202074748,41,-0.7848851944486304,0.4362105006742272,41,1.5398071056205225,1.517932540402315,41,2.7874143147632835,1.4549936047366243,41,2.0992833382517606,0.2782960694619409,41,2.840084429730209,0.3952706013995799,41,61,31,1.400063359561038,1.3766990472494796,1.803860571437577,0.541706637019452,0.4155197393263497
mahler,FA50,condition_mean_neural_and_behavior,published_input_causal_train_only;raw_preprocessing_fail,hidden,y,396358,53,0.5802006368600103,0.1565229834906284,53,0.5699754658191181,0.1573270040209474,53,2.3440186382122983,0.8045404367979597,53,2.227461941675697,0.8003100445276545,53,-0.0102251710408922,0.0297644652477894,53,0.1165566965366014,0.1382236401773784,53,1.4988851186778254,1.131645875273502,53,1.2613954463090729,1.1854127386615914,53,2.4020315328017654,0.5363502408372767,53,2.3949162217139213,0.5365265817401722,53,62,14,0.0225250483579801,0.022209843556614168,0.028264733900143835,0.009609585858566028,0.010112427932678723
mahler,FA50,condition_mean_neural_and_behavior,published_input_causal_train_only;raw_preprocessing_fail,hidden,y,400995,60,-0.3398646543670876,0.2406097082103492,60,-0.3052683788876575,0.2491247671788737,60,6.820807883864906,1.0757981747472498,60,5.552924871919614,1.061097139912074,60,0.03459627547943,0.0395190795065898,60,1.267883011945292,0.1479642070416155,60,6.395503251293198,1.1157695869895805,60,5.103827504101788,1.1182912908466804,60,1.9534453976091288,0.3301959191839261,60,2.659986524714931,0.4446139145672652,60,63,15,1.502792540797508,1.4814195400009136,1.8905975133178954,0.22032471319892588,0.2706308072700435
mahler,FA50,condition_mean_neural_and_behavior,published_input_causal_train_only;raw_preprocessing_fail,hidden,y,401673,46,-0.0542591425142047,0.3461105104722324,46,-0.043912085472915,0.3434356195571233,46,4.0561810055862635,0.9854968855938304,46,2.9789113794907816,0.8837707968677797,46,0.0103470570412896,0.0599557280554276,46,1.0772696260954804,0.2256987670946736,46,3.6915058460082375,1.0727902008000785,46,2.491029666095189,1.0508386401747556,46,1.3553919347843724,0.2094072522244954,46,1.7945881778768649,0.258043348607866,46,64,15,1.2337756532811168,1.2162268069592703,1.5521749149166206,0.3041717446982601,0.4141699755741038
mahler,FA50,condition_mean_neural_and_behavior,published_input_causal_train_only;raw_preprocessing_fail,hidden,y,406460,40,-0.3077256920578527,0.1662491162652036,40,-0.2721154805755266,0.1667746368196335,40,2.5527431584336804,0.3292583285218215,40,2.5509722530835734,0.3208588690432793,40,0.0356102114823261,0.0425767090356825,40,0.0017709053501064,0.1343416347394784,40,-0.4292544737826696,0.8803866088906241,40,-0.1455982168870707,0.9633248160956256,40,1.8011045877061698,0.1743056401140747,40,1.680304957742716,0.1751355123817165,40,65,32,0.34530802604472316,0.339531992409078,0.4451149750385879,0.13526939633699706,0.1353633014343141
mahler,FA50,condition_mean_neural_and_behavior,published_input_causal_train_only;raw_preprocessing_fail,hidden,y,413189,63,0.3526292537611968,0.1799661756628635,63,0.3595395548697416,0.1849876373221194,63,2.5688946537553528,0.5038927901717825,63,3.2534679506167605,0.6544525562240274,63,0.0069103011085446,0.0471834866448318,63,-0.684573296861408,0.2800247265348966,63,1.310954108436274,0.8215614262665873,63,2.520720189091603,0.8286110136521985,63,1.210452256633639,0.1862381485216402,63,1.4012488739502709,0.2157978563022171,63,66,20,1.307046520269571,1.284785891128918,1.6805167848997198,0.5087972441216528,0.401739479259906
mahler,FA50,condition_mean_neural_and_behavior,published_input_causal_train_only;raw_preprocessing_fail,hidden,y,413513,37,0.7059267665321967,0.1088507882420212,37,0.6919176524319919,0.1087136688111927,37,3.265086747699575,0.9392889121732853,37,2.7690503386023426,0.8785164239016175,37,-0.0140091141002046,0.0206488748736566,37,0.4960364090972333,0.1657466712105247,37,2.6032209109289077,1.097365286191404,37,1.9359805564023052,1.1174745468162803,37,2.615727334722866,0.384443813310362,37,2.40337494928444,0.3486297363298626,37,67,15,0.40696640788319416,0.40070300654941815,0.5159385866884054,0.12464183629115624,0.14696966761846858
mahler,FA50,condition_mean_neural_and_behavior,published_input_causal_train_only;raw_preprocessing_fail,hidden,y,420020,48,0.0577963001381815,0.157359407729961,48,0.0976870010097191,0.1695588032570272,48,2.9135351453758056,0.6437367182051866,48,2.672786874489838,0.5397573670140735,48,0.0398907008715375,0.0227476430252642,48,0.2407482708859669,0.1951259168640309,48,1.535864049559108,1.0239252394958651,48,0.9728692498693357,1.065616268740169,48,3.764781990204457,0.3926785354881081,48,3.6839790352222814,0.3904441089119593,48,68,13,0.06540223251741083,0.06450397054633829,0.08182619589139595,0.022447723900366697,0.02446967737743561
mahler,FA50,condition_mean_neural_and_behavior,published_input_causal_train_only;raw_preprocessing_fail,hidden,y,428615,50,0.6422957584867333,0.1085778183674069,50,0.6541484768111984,0.1022831139199438,50,8.933005784831433,1.1834492773064609,50,7.761285858188367,1.195612482505904,50,0.0118527183244651,0.0223085351203562,50,1.1717199266430671,0.2504283629404078,50,-8.798713118454694,1.190696215687614,50,-7.604546282463434,1.2155896568486546,50,1.8486258755679537,0.2572376827655258,50,1.4104428549933048,0.1831865035104812,50,69,32,1.3243963644269923,1.274044762019987,1.8812668951642482,0.14825876041364097,0.17064135874208503
mahler,FA50,condition_mean_neural_and_behavior,published_input_causal_train_only;raw_preprocessing_fail,hidden,y,435203,57,-0.0336551377393885,0.2430169737130418,57,-0.0080788812408219,0.2517292560811828,57,1.9783516096204987,0.4019412992527735,57,1.8811756659176009,0.3628338649886073,57,0.0255762564985665,0.0300720236662271,57,0.0971759437028982,0.1715604027143389,57,0.4544062137670351,0.749136914077757,57,0.0665587630720097,0.7340406142702371,57,2.425419166699528,0.384576629450558,57,2.2856825426196474,0.3680307726742052,57,70,14,0.11686149838647625,0.11492306191100372,0.14910169675710483,0.05907013587382146,0.06212152352580719
mahler,FA50,condition_mean_neural_and_behavior,published_input_causal_train_only;raw_preprocessing_fail,hidden,y,448412,48,-0.3710768789375955,0.1606640356171727,48,-0.3091034600237996,0.1766509776558679,48,3.063322125762185,0.4024967195491724,48,2.8968943779671825,0.4067425442254517,48,0.0619734189137958,0.0350340350325511,48,0.1664277477950028,0.0907260170277429,48,1.7932148721616812,0.7886039871515576,48,1.7845162070466225,0.7369057255414081,48,1.4012929879902771,0.2397919751355566,48,1.3788362984841012,0.2305324910979875,48,71,16,0.3424934474030936,0.33717135903477213,0.43502347651810425,0.11180458121683101,0.11822779940062197
mahler,FA50,condition_mean_neural_and_behavior,published_input_causal_train_only;raw_preprocessing_fail,hidden,y,454477,51,0.1298598627014681,0.1997980149692785,51,0.1553728310419522,0.2070556590759868,51,2.8415258199599287,0.7290691446268126,51,2.8353470457116208,0.7556548448293783,51,0.0255129683404841,0.03771603817545,51,0.0061787742483079,0.1163776188232757,51,1.786038469968754,1.1392931681166758,51,1.830305634338521,1.155428960057999,51,1.2154135738644731,0.1501882492101965,51,1.2252390626732368,0.1451606538651564,51,72,18,0.1010442826732052,0.09920837145509107,0.13062237336400706,0.035559867858117905,0.03563735974614879
mahler,FA50,condition_mean_neural_and_behavior,published_input_causal_train_only;raw_preprocessing_fail,hidden,y,456038,45,0.5330339413653757,0.1483240531117464,45,0.5139083592058794,0.164259216486152,45,4.462781952784516,1.0786212383656202,45,5.777072018894796,1.2339570239516668,45,-0.0191255821594963,0.0294595905991153,45,-1.3142900661102803,0.2144891030614863,45,-3.755338653880274,1.2295470033302875,45,-5.282281714913188,1.2804348530034353,45,1.7823000780218636,0.2872439805775549,45,2.723157791903696,0.4704570663360645,45,73,19,1.421450917390926,1.30053144433255,2.243229602124986,0.3185122939972506,0.24605040628571942
mahler,FA50,condition_mean_neural_and_behavior,published_input_causal_train_only;raw_preprocessing_fail,hidden,y,460651,46,0.1208230636738903,0.209819876555763,46,0.107242437917322,0.2044401786004848,46,2.405603013575744,0.582785311458039,46,2.5764694656466305,0.611785382367967,46,-0.0135806257565682,0.0350068568833391,46,-0.170866452070886,0.1192055978545626,46,1.4886852834592317,0.8590278363872323,46,1.7597910406389738,0.8347497147330786,46,1.3537738981417775,0.225693046871348,46,1.4722349063585012,0.2496428298286156,46,74,16,0.3357991503245558,0.329693458985007,0.43340350749520284,0.1395904263627506,0.13033306033777448
mahler,FA50,condition_mean_neural_and_behavior,published_input_causal_train_only;raw_preprocessing_fail,hidden,y,463174,54,0.0903571508955387,0.1763432055782287,54,0.0726744672731552,0.1642839854238679,54,7.649196511304934,1.3361337443055152,54,9.267427488220816,1.5793628690755068,54,-0.0176826836223834,0.0338468381450954,54,-1.618230976915884,0.3523977511228167,54,-6.796813436096608,1.532480216191216,54,-8.928274155563056,1.6483435373060007,54,0.6750808314356245,0.0621428006297943,54,1.325283060017019,0.1187555341121768,54,75,34,2.3929883740088473,1.8883878691308207,4.469168087366369,0.31284179592878697,0.25821495523438504
mahler,FA50,condition_mean_neural_and_behavior,published_input_causal_train_only;raw_preprocessing_fail,hidden,y,464785,55,-0.3850461124877458,0.1789336289564527,55,-0.3477818838695367,0.1882487012637193,55,3.441236441047137,0.8459339615053447,55,3.1673594622481898,0.7640985520353701,55,0.0372642286182091,0.0418173326046704,55,0.2738769787989474,0.2036653877525767,55,2.3830288894369294,1.1074709663176308,55,2.071968318867176,1.0595577033096517,55,2.9642424805151784,0.3857306853915094,55,2.97612309874916,0.3937238453192379,55,76,29,0.11904166097274828,0.11656142412407625,0.15701119630254823,0.034592700330851135,0.037583880955606025
mahler,FA50,condition_mean_neural_and_behavior,published_input_causal_train_only;raw_preprocessing_fail,hidden,y,465431,50,0.0617815421113967,0.1590140637980522,50,0.0886339133614613,0.1584847426095775,50,2.2965895711186897,0.3556057957086549,50,2.266176411080846,0.3374982869960631,50,0.0268523712500646,0.0272565048042633,50,0.0304131600378438,0.1797534768976481,50,0.120724252893568,1.0926252866978228,50,-0.2415173323995595,1.0238333565022697,50,2.5014115669774784,0.2697592728490588,50,2.591953732516864,0.2662229725067679,50,77,29,0.10497196858216151,0.10288320925667276,0.1377493308501858,0.04570776158799185,0.046321181382386487
mahler,FA50,condition_mean_neural_and_behavior,published_input_causal_train_only;raw_preprocessing_fail,hidden,y,469268,52,0.4886773795477729,0.1245256759463969,52,0.4687013312623852,0.1354151447664784,52,4.825877102486853,1.1375099604724064,52,5.611176190946721,1.153447942814022,52,-0.0199760482853876,0.0255231612048331,52,-0.785299088459867,0.1966602818291344,52,-4.211445616643461,1.2770458053299456,52,-5.130167819235893,1.2371433579165096,52,1.8082763315562775,0.2154776360050466,52,2.4103026062096315,0.3096686638632705,52,78,18,0.8127309861817967,0.7087826303487551,1.3603435407628304,0.1684110409199984,0.14484146612488963
mahler,FA50,condition_mean_neural_and_behavior,published_input_causal_train_only;raw_preprocessing_fail,no_bounce,y,29337,45,-0.0899644926668707,0.1900862962396131,45,-0.1159407347332145,0.1899218161203895,45,3.7614360694766966,0.4160869783325527,45,3.7975062723005113,0.418428640818518,45,-0.0259762420663438,0.0334360710685318,45,-0.036070202823814,0.0519826463380066,45,2.125163528695477,0.638765478619473,45,2.283233091920375,0.6469250287451918,45,0.6913202226300336,0.0710279694719914,45,0.7423015932204285,0.0812327665095478,45,0,50,0.2946504375697763,0.2572605407031389,0.5011456189074486,0.0783345594946584,0.07759050714912408
mahler,FA50,condition_mean_neural_and_behavior,published_input_causal_train_only;raw_preprocessing_fail,no_bounce,y,55062,48,,,0,,,0,,,0,,,0,,,0,,,0,,,0,,,0,,,0,,,0,1,0,,,,,
mahler,FA50,condition_mean_neural_and_behavior,published_input_causal_train_only;raw_preprocessing_fail,no_bounce,y,58244,58,0.6573045409115646,0.1112119186930052,58,0.6455774902758052,0.1195775612209503,58,2.3447651475715108,0.2904095423513291,58,2.3261791451100557,0.313698257179215,58,-0.0117270506357595,0.0189480409645312,58,0.0185860024614554,0.1029357465989931,58,-0.0611193916138703,0.8073180535696216,58,-0.3367306794430072,0.8298461234920869,58,0.8136489981053868,0.1108236271234545,58,0.832200755821199,0.1177478493025847,58,2,50,0.25153181460465074,0.21961060469262628,0.4278147419597538,0.10727377744639541,0.10813088713885376
mahler,FA50,condition_mean_neural_and_behavior,published_input_causal_train_only;raw_preprocessing_fail,no_bounce,y,59920,43,,,0,,,0,,,0,,,0,,,0,,,0,,,0,,,0,,,0,,,0,3,0,,,,,
mahler,FA50,condition_mean_neural_and_behavior,published_input_causal_train_only;raw_preprocessing_fail,no_bounce,y,68220,53,0.6765460597498479,0.0873035086330742,53,0.6776707185669288,0.0904324925287317,53,2.719762835721913,0.3134767035961484,53,2.6521353474787253,0.3215424823048984,53,0.0011246588170809,0.0157067119470742,53,0.0676274882431885,0.0518989217485255,53,0.771215834059032,0.7575969885624035,53,0.7429271405477434,0.7555082294649029,53,0.7476420045438472,0.0918226344762916,53,0.7581398110747636,0.0972806628084701,53,4,52,0.16976639936259663,0.14817809254873074,0.28894245713611255,0.062419559945760913,0.06401121252125631
mahler,FA50,condition_mean_neural_and_behavior,published_input_causal_train_only;raw_preprocessing_fail,no_bounce,y,72780,47,,,0,,,0,,,0,,,0,,,0,,,0,,,0,,,0,,,0,,,0,5,0,,,,,
mahler,FA50,condition_mean_neural_and_behavior,published_input_causal_train_only;raw_preprocessing_fail,no_bounce,y,77046,50,0.1597866873906784,0.1688285306070421,50,0.1418793327303385,0.1807762029671767,50,3.5783848509579927,0.5048431036715035,50,3.366275356252229,0.5049623851348531,50,-0.0179073546603398,0.0336274611175779,50,0.2121094947057639,0.1246574560066191,50,-1.88960618492315,0.942162705765428,50,-1.5702077795971765,1.0787669716726176,50,0.7299896976618032,0.0797323944736571,50,0.7753885935235765,0.0850930118953463,50,6,47,0.35588481432636504,0.31087544389045524,0.6046101386922764,0.09945403559124973,0.10572064868828254
mahler,FA50,condition_mean_neural_and_behavior,published_input_causal_train_only;raw_preprocessing_fail,no_bounce,y,77944,48,0.4821279106396892,0.1511609468020886,48,0.4590205808859145,0.1453922034221684,48,2.4849106079732226,0.4028419937859143,48,2.444128205053459,0.3922270371749141,48,-0.0231073297537746,0.0285296592881821,48,0.0407824029197629,0.1261416755778793,48,-0.2013950038096916,1.0413197924201298,48,0.0901021152868978,1.1024871769220217,48,1.0514412862562563,0.1039513677643239,48,1.13312657739995,0.1109254794546605,48,7,45,0.41208006765888455,0.3600988573868453,0.6994819597978674,0.16583295444780247,0.16860002139285132
mahler,FA50,condition_mean_neural_and_behavior,published_input_causal_train_only;raw_preprocessing_fail,no_bounce,y,90751,53,0.4870291492745703,0.0922773856495602,53,0.4988722766336706,0.0930109447073166,53,3.5127069736657583,0.3195494538129869,53,3.2518928115981103,0.3635107814491839,53,0.0118431273591005,0.0175560723541319,53,0.2608141620676486,0.1559078985254712,53,-0.1094329604512751,0.9464135159916416,53,0.3809621650865099,0.9839851510894612,53,0.7049491646257815,0.0528607085656573,53,0.7554302927749984,0.0590884257205209,53,8,53,0.7131757769174218,0.6223998486505942,1.2142135436893309,0.20302740372709552,0.21931097309660053
mahler,FA50,condition_mean_neural_and_behavior,published_input_causal_train_only;raw_preprocessing_fail,no_bounce,y,93053,48,,,0,,,0,,,0,,,0,,,0,,,0,,,0,,,0,,,0,,,0,9,0,,,,,
mahler,FA50,condition_mean_neural_and_behavior,published_input_causal_train_only;raw_preprocessing_fail,no_bounce,y,99902,46,,,0,,,0,,,0,,,0,,,0,,,0,,,0,,,0,,,0,,,0,10,0,,,,,
mahler,FA50,condition_mean_neural_and_behavior,published_input_causal_train_only;raw_preprocessing_fail,no_bounce,y,105802,56,,,0,,,0,,,0,,,0,,,0,,,0,,,0,,,0,,,0,,,0,11,0,,,,,
mahler,FA50,condition_mean_neural_and_behavior,published_input_causal_train_only;raw_preprocessing_fail,no_bounce,y,118879,59,0.2120359899176368,0.1690142813451301,59,0.2165495968366297,0.1640927161621012,59,3.669992576849176,0.5685067168950522,59,3.260676491956662,0.5135207761805923,59,0.0045136069189929,0.0259135715341828,59,0.4093160848925127,0.1141593944990297,59,-2.2621539386752865,0.871912220469085,59,-1.838180994002644,0.9050884924704656,59,1.2500269610522703,0.1171244161602203,59,1.4879270242491804,0.1426092247746609,59,12,42,0.7359465042016976,0.6435058251417825,1.2474589601017145,0.2005307882212489,0.22570362500453758
mahler,FA50,condition_mean_neural_and_behavior,published_input_causal_train_only;raw_preprocessing_fail,no_bounce,y,122957,51,-0.0359804692863962,0.1415084307745422,51,-0.0600304531390864,0.1567502334438153,51,4.048781445941246,0.47420929096405,51,3.9826633692685176,0.4619786820968337,51,-0.0240499838526901,0.0255881235769141,51,0.0661180766727266,0.0745698107896686,51,2.589559110846932,0.6218529556886454,51,2.3237726426084544,0.6221093898383679,51,1.172381704028553,0.1025479426358924,51,1.1307017481285444,0.0978113709747798,51,13,42,0.19506985265357907,0.17061951818556823,0.3305447168119724,0.04817989196456366,0.04897974911934545
mahler,FA50,condition_mean_neural_and_behavior,published_input_causal_train_only;raw_preprocessing_fail,no_bounce,y,126479,53,0.4761955025892571,0.1200401969930749,53,0.4843483016138499,0.1130018686025773,53,3.375562512461266,0.6222430883908513,53,2.4339337413167685,0.4687499993139179,53,0.0081527990245927,0.0218927264993517,53,0.9416287711444964,0.2480011705934754,53,2.2970618059085925,0.7851201916588886,53,0.9637697309108144,0.848630428997441,53,0.9674167059310111,0.0973813743364753,53,1.3657376673049106,0.1374337132395905,53,14,44,1.4566387225151638,1.2731568837177833,2.4714145200943998,0.4315247361403675,0.5984709845581565
mahler,FA50,condition_mean_neural_and_behavior,published_input_causal_train_only;raw_preprocessing_fail,no_bounce,y,158705,57,,,0,,,0,,,0,,,0,,,0,,,0,,,0,,,0,,,0,,,0,15,0,,,,,
mahler,FA50,condition_mean_neural_and_behavior,published_input_causal_train_only;raw_preprocessing_fail,no_bounce,y,159613,50,0.4980593321044322,0.0893527890424254,50,0.4976305802202636,0.0917365209255025,50,3.6325876959108734,0.3745484923824749,50,3.569212412931343,0.3833280951834893,50,-0.0004287518841685,0.0178919148069741,50,0.0633752829795319,0.0552973166167904,50,1.169629919799609,0.9510117134700256,50,1.2343279624224563,0.9835273275090876,50,0.675146249541281,0.0682815866240674,50,0.6857535714387673,0.0691148220850974,50,16,50,0.257199455363169,0.22456100940555557,0.43745033881510054,0.07080337128617513,0.07206056283770872
mahler,FA50,condition_mean_neural_and_behavior,published_input_causal_train_only;raw_preprocessing_fail,no_bounce,y,163248,39,0.2660340860368429,0.1530083428903514,39,0.259993279930884,0.1473409843811399,39,2.1472026319318216,0.3750960131747914,39,2.0658399788294983,0.2814671266053922,39,-0.0060408061059588,0.0226307278589437,39,0.0813626531023222,0.1563810584325322,39,-0.6394627013884667,0.8645960213271954,39,-0.2458486421652243,0.8619193490853349,39,5.403541898178685,0.6268965620757129,39,3.246238480344472,0.3649607775280285,39,17,36,0.4905041515408435,0.4295601039657558,0.828464216767379,0.22843868773555884,0.2374356951978257
mahler,FA50,condition_mean_neural_and_behavior,published_input_causal_train_only;raw_preprocessing_fail,no_bounce,y,167848,56,0.2052487976861888,0.2054612817448595,56,0.1868883404216506,0.212950981007828,56,5.148202976798848,1.0433430960053984,56,5.240438838029328,1.033859620157734,56,-0.0183604572645381,0.0338430826611685,56,-0.0922358612304799,0.130780504823959,56,-4.198478175829847,1.185976022457953,56,-4.227225427945072,1.1680377067187326,56,0.6299393327558686,0.0629689548896468,56,0.6082930907404244,0.0611978776850433,56,18,44,0.222070568210307,0.1941427867663428,0.37668563494349727,0.043135550251437525,0.04237633050857566
mahler,FA50,condition_mean_neural_and_behavior,published_input_causal_train_only;raw_preprocessing_fail,no_bounce,y,179553,58,0.2277854524674112,0.1292978133807403,58,0.2108533849921893,0.1416610186432138,58,3.741832585801917,0.5901456264016042,58,3.8198550565117726,0.6606428597552598,58,-0.0169320674752218,0.0203684297207914,58,-0.0780224707098549,0.1254023577158748,58,2.6603266575339943,0.8455725345636574,58,2.8806426005139465,0.9065725727144271,58,1.168128901372164,0.0947392525964075,58,1.2847891524902806,0.1050912759438178,58,19,39,0.45135225910574006,0.39493860862860486,0.7638094777154942,0.12062331725325177,0.11815952501556626
mahler,FA50,condition_mean_neural_and_behavior,published_input_causal_train_only;raw_preprocessing_fail,no_bounce,y,182748,51,,,0,,,0,,,0,,,0,,,0,,,0,,,0,,,0,,,0,,,0,20,0,,,,,
mahler,FA50,condition_mean_neural_and_behavior,published_input_causal_train_only;raw_preprocessing_fail,no_bounce,y,183171,51,0.3383199123880806,0.1287203394978977,51,0.3501992394005044,0.1274503454970733,51,3.602876967643268,1.0156944599260878,51,3.0092718902857643,0.9202428286702696,51,0.0118793270124237,0.0168857422953407,51,0.5936050773575031,0.1454884579031767,51,-2.522764590497857,1.3140107088037314,51,-1.8400478549416224,1.332844031751668,51,1.095593411376798,0.1140581715055469,51,1.2852741202532962,0.1364570568798486,51,21,39,0.7658050185999287,0.670101913285028,1.2959206922658595,0.21255375231446244,0.25448183032979677
mahler,FA50,condition_mean_neural_and_behavior,published_input_causal_train_only;raw_preprocessing_fail,no_bounce,y,184642,57,0.0769113214333265,0.1773740361023948,57,0.073916724189568,0.1953751500006174,57,4.026070744344505,0.4200185115451139,57,3.982345425334544,0.4551850425896766,57,-0.0029945972437585,0.045757215128695,57,0.0437253190099618,0.0726854518687613,57,-1.811232315728729,0.7434498714927549,57,-1.884331020534041,0.7349983911741843,57,0.7419386705633109,0.0730571540111941,57,0.7554550478109983,0.0758238168426635,57,22,44,0.19245401710375953,0.16820983928587252,0.32653270406376667,0.047801946196326335,0.048326801557549995
mahler,FA50,condition_mean_neural_and_behavior,published_input_causal_train_only;raw_preprocessing_fail,no_bounce,y,187617,54,,,0,,,0,,,0,,,0,,,0,,,0,,,0,,,0,,,0,,,0,23,0,,,,,
mahler,FA50,condition_mean_neural_and_behavior,published_input_causal_train_only;raw_preprocessing_fail,no_bounce,y,197632,47,0.4813979156232927,0.0865558769336311,47,0.4742128484129306,0.0904896372101209,47,4.2887147634519405,0.4803579801913087,47,4.2371901533102045,0.4819562231675694,47,-0.0071850672103619,0.0127043954860486,47,0.0515246101417361,0.071882203977741,47,2.680983636015164,0.8598582243452836,47,2.6330455341686325,0.8850433364748668,47,0.7308707713450884,0.0840918277842885,47,0.7322097332813561,0.0892186702618668,47,24,47,0.1261592189678985,0.11020467640121137,0.21432887513016396,0.029416556224026964,0.029774264171113396
mahler,FA50,condition_mean_neural_and_behavior,published_input_causal_train_only;raw_preprocessing_fail,no_bounce,y,199564,49,0.5032385827336477,0.1229089669181986,49,0.5109348750666797,0.1189500715529939,49,2.8834345370564947,0.3901419624689049,49,2.799376048116628,0.3484948761793346,49,0.007696292333032,0.0156187963476076,49,0.084058488939867,0.0736162377767568,49,0.8150177048812182,0.8859584607399537,49,0.5971218039361532,0.87301671254046,49,0.9301863199393452,0.0745412481060932,49,0.9306306956272554,0.0746484416909276,49,25,42,0.03203297313232551,0.028009407649284574,0.05429712140004117,0.011109311732468125,0.011442897482057382
mahler,FA50,condition_mean_neural_and_behavior,published_input_causal_train_only;raw_preprocessing_fail,no_bounce,y,204372,53,0.2260581909746613,0.2238972658858151,53,0.2083752486688159,0.2203210344460945,53,3.395322460640851,0.3966507968691266,53,3.101971523778231,0.3942504224857917,53,-0.0176829423058454,0.030501062532894,53,0.2933509368626204,0.1837785290253,53,0.3882578112205696,0.7574783328738621,53,-0.3510256801165173,0.7641716757013796,53,0.5141031084610274,0.0467268973412387,53,0.5802695139702098,0.0537560525680913,53,26,45,0.7877293645000165,0.688368485801199,1.3371124576686446,0.23200428637677506,0.2539447439996337
mahler,FA50,condition_mean_neural_and_behavior,published_input_causal_train_only;raw_preprocessing_fail,no_bounce,y,204678,45,,,0,,,0,,,0,,,0,,,0,,,0,,,0,,,0,,,0,,,0,27,0,,,,,
mahler,FA50,condition_mean_neural_and_behavior,published_input_causal_train_only;raw_preprocessing_fail,no_bounce,y,206128,53,0.303397510084841,0.181286463158403,53,0.3057059642645789,0.1747479712321473,53,4.347024407000885,0.5230272777334598,53,4.303259866512185,0.6128407724341812,53,0.0023084541797378,0.0302335929972072,53,0.0437645404886975,0.1688690864626648,53,-1.2351859635039548,1.2196794716427242,53,-1.790988080886169,1.2699338967575604,53,0.4876628230974036,0.0451582991455461,53,0.525391832037485,0.0505770585443599,53,28,34,0.6299477268412933,0.5520029480166807,1.0624806377322562,0.14491469747139266,0.146388492998883
mahler,FA50,condition_mean_neural_and_behavior,published_input_causal_train_only;raw_preprocessing_fail,no_bounce,y,217817,49,,,0,,,0,,,0,,,0,,,0,,,0,,,0,,,0,,,0,,,0,29,0,,,,,
mahler,FA50,condition_mean_neural_and_behavior,published_input_causal_train_only;raw_preprocessing_fail,no_bounce,y,218791,56,,,0,,,0,,,0,,,0,,,0,,,0,,,0,,,0,,,0,,,0,30,0,,,,,
mahler,FA50,condition_mean_neural_and_behavior,published_input_causal_train_only;raw_preprocessing_fail,no_bounce,y,226533,59,0.1407667019358576,0.2087200957217678,59,0.1682730396644095,0.2175866278862149,59,3.7505797668596177,0.7476992366825588,59,3.4996534592333046,0.68945741744417,59,0.0275063377285518,0.0384495675963395,59,0.2509263076263124,0.1475074619654796,59,-2.968500581731365,0.930608493738818,59,-2.3300346691566447,1.0049072152959726,59,0.8786172115418435,0.1239131583947737,59,0.7170075025432874,0.10034265382896,59,31,36,0.8778845629042136,0.7687862230380421,1.4827994364539794,0.2340663623958254,0.25084899780235337
mahler,FA50,condition_mean_neural_and_behavior,published_input_causal_train_only;raw_preprocessing_fail,no_bounce,y,232533,53,0.3231665743799002,0.1551729738076025,53,0.2960984547510622,0.158654001948271,53,3.05645523079182,0.6021948681925299,53,3.067020477898214,0.6248260715249998,53,-0.027068119628838,0.0250551782359769,53,-0.0105652471063938,0.1153844412684654,53,1.8402117214141769,0.9624813436300712,53,1.8789451851583832,0.9727261732885166,53,1.1961638354779436,0.1196885233136074,53,1.2322463563162878,0.1308462694889243,53,32,36,0.16667813172046972,0.145968041218508,0.28152173122472046,0.05453315004953934,0.05434529469939891
mahler,FA50,condition_mean_neural_and_behavior,published_input_causal_train_only;raw_preprocessing_fail,no_bounce,y,241919,43,,,0,,,0,,,0,,,0,,,0,,,0,,,0,,,0,,,0,,,0,33,0,,,,,
mahler,FA50,condition_mean_neural_and_behavior,published_input_causal_train_only;raw_preprocessing_fail,no_bounce,y,242380,50,,,0,,,0,,,0,,,0,,,0,,,0,,,0,,,0,,,0,,,0,34,0,,,,,
mahler,FA50,condition_mean_neural_and_behavior,published_input_causal_train_only;raw_preprocessing_fail,no_bounce,y,244437,50,0.2394780794169401,0.1184629478131058,50,0.2445563519064201,0.125274275006973,50,4.333278358332457,0.4793721636884765,50,3.6045156629038497,0.4386347713027993,50,0.00507827248948,0.0183224616255451,50,0.7287626954286063,0.0938132447086394,50,-2.971578328967474,0.6873693636050416,50,-2.089954943466908,0.7336262935066169,50,1.5948237945420989,0.1507825731077339,50,2.159431457521239,0.2018633958163549,50,35,36,1.0887352188103363,0.9534385978258411,1.8389285029929852,0.2512497764462346,0.3020475760488818
mahler,FA50,condition_mean_neural_and_behavior,published_input_causal_train_only;raw_preprocessing_fail,no_bounce,y,245662,41,,,0,,,0,,,0,,,0,,,0,,,0,,,0,,,0,,,0,,,0,36,0,,,,,
mahler,FA50,condition_mean_neural_and_behavior,published_input_causal_train_only;raw_preprocessing_fail,no_bounce,y,248856,53,0.5884632205281086,0.0791335756621758,53,0.57229823367158,0.0825710063560525,53,3.308671990646089,0.3021760309272722,53,3.3981557871062824,0.4589366089039463,53,-0.0161649868565285,0.013533465007718,53,-0.0894837964601929,0.2590495403515841,53,0.79916494407968,0.6855391095274425,53,1.9542092018856805,0.7133232359322947,53,0.7270714703635553,0.0714875257120349,53,0.8804222008525093,0.0931744123597592,53,37,31,1.5331810255290879,1.3449446182992777,2.579336203852679,0.4633825987778563,0.4511803229700297
mahler,FA50,condition_mean_neural_and_behavior,published_input_causal_train_only;raw_preprocessing_fail,no_bounce,y,251629,52,,,0,,,0,,,0,,,0,,,0,,,0,,,0,,,0,,,0,,,0,38,0,,,,,
mahler,FA50,condition_mean_neural_and_behavior,published_input_causal_train_only;raw_preprocessing_fail,no_bounce,y,258471,53,0.5933185723587701,0.1132111285104921,53,0.5944265864424666,0.1068392434608268,53,3.2085155968635592,0.4073913060259692,53,3.2461413594805664,0.4455730898330095,53,0.0011080140836963,0.0207146887584676,53,-0.0376257626170068,0.0902696239454795,53,-1.553161460485692,0.6786748809507716,53,-1.804168254753608,0.7039448770086487,53,0.6432487872186063,0.0848489092964025,53,0.6721132702097685,0.0851591884811724,53,39,44,0.30252039409638676,0.2644088374607488,0.5132838914170401,0.09428671451437277,0.09319384481296734
mahler,FA50,condition_mean_neural_and_behavior,published_input_causal_train_only;raw_preprocessing_fail,no_bounce,y,269179,52,0.3527405425497915,0.161852064432834,52,0.3453236959835267,0.1610776789140311,52,2.6206057856962826,0.2593234772805432,52,2.665683087216704,0.2887919169580535,52,-0.0074168465662648,0.02705067333216,52,-0.0450773015204208,0.0836953970552191,52,0.2685216097057385,0.7098802664095089,52,0.444685150915363,0.7153716302230894,52,1.025250999136477,0.1193844221688675,52,0.9787850033248816,0.1106900210396401,52,40,36,0.12275547089428103,0.10750080788373556,0.20733994925979005,0.046842402456829454,0.04605028687879496
mahler,FA50,condition_mean_neural_and_behavior,published_input_causal_train_only;raw_preprocessing_fail,no_bounce,y,270569,46,,,0,,,0,,,0,,,0,,,0,,,0,,,0,,,0,,,0,,,0,41,0,,,,,
mahler,FA50,condition_mean_neural_and_behavior,published_input_causal_train_only;raw_preprocessing_fail,no_bounce,y,273073,52,,,0,,,0,,,0,,,0,,,0,,,0,,,0,,,0,,,0,,,0,42,0,,,,,
mahler,FA50,condition_mean_neural_and_behavior,published_input_causal_train_only;raw_preprocessing_fail,no_bounce,y,273515,43,,,0,,,0,,,0,,,0,,,0,,,0,,,0,,,0,,,0,,,0,43,0,,,,,
mahler,FA50,condition_mean_neural_and_behavior,published_input_causal_train_only;raw_preprocessing_fail,no_bounce,y,287936,52,-0.3735465606555438,0.1191690450385674,52,-0.3488508941137069,0.1171375023963321,52,5.382522109847631,0.5882605183779799,52,5.180412121871791,0.5259253241508162,52,0.0246956665418368,0.0215725819712968,52,0.2021099879758405,0.1239560795893806,52,-3.7651052901722903,0.8560689820165461,52,-3.11103062202839,0.866128852846607,52,1.2483117993538737,0.1069512902787509,52,1.032693494194712,0.0900652160938188,52,44,35,0.8617943613146376,0.7549383079467747,1.4545668320697325,0.16010976708074,0.16635633247712603
mahler,FA50,condition_mean_neural_and_behavior,published_input_causal_train_only;raw_preprocessing_fail,no_bounce,y,297652,55,0.3650510676845029,0.0893124515535424,55,0.3675302838509617,0.0899320128603866,55,3.611886713567618,0.5999146557577415,55,3.274737758377066,0.5664041689036239,55,0.0024792161664588,0.0154466758784329,55,0.3371489551905508,0.1334276330590357,55,-2.1391058459544743,1.0137391666954494,55,-1.7579708350167202,1.0714890889234971,55,1.704097815505293,0.1708667430770568,55,1.9579910417202324,0.2043461240539622,55,45,33,0.615009929022351,0.5390833128820155,1.0364923018541612,0.17027387008350514,0.18780432950672207
mahler,FA50,condition_mean_neural_and_behavior,published_input_causal_train_only;raw_preprocessing_fail,no_bounce,y,301600,50,0.0021757333440121,0.1873988447171408,50,0.0398912026326148,0.1915602525786759,50,4.406506739704092,0.8549760536358174,50,4.194811857766082,0.8037920808324851,50,0.0377154692886027,0.0324012623332508,50,0.2116948819380093,0.1306210575682801,50,-3.7271576478228656,0.995311961198433,50,-3.394613291418031,0.990164974233842,50,1.1589804085212976,0.1317303327597631,50,1.032158584654062,0.1181974617739034,50,46,32,0.4165984402179565,0.3653093067924888,0.7014916833853132,0.09454165506301532,0.09931278311008998
mahler,FA50,condition_mean_neural_and_behavior,published_input_causal_train_only;raw_preprocessing_fail,no_bounce,y,320246,53,,,0,,,0,,,0,,,0,,,0,,,0,,,0,,,0,,,0,,,0,47,0,,,,,
mahler,FA50,condition_mean_neural_and_behavior,published_input_causal_train_only;raw_preprocessing_fail,no_bounce,y,325813,56,,,0,,,0,,,0,,,0,,,0,,,0,,,0,,,0,,,0,,,0,48,0,,,,,
mahler,FA50,condition_mean_neural_and_behavior,published_input_causal_train_only;raw_preprocessing_fail,no_bounce,y,328386,47,0.3311391957928061,0.1648766001037669,47,0.3130938844781324,0.1614917694404087,47,3.248293618748649,0.5401264519995131,47,3.064607273335384,0.516825271482864,47,-0.0180453113146736,0.0271645791225976,47,0.183686345413266,0.1173141796590531,47,2.325343795925943,0.7189895378181541,47,2.103702225917037,0.7322083840523482,47,1.2304503599520946,0.1012728054652678,47,1.3360927500870317,0.108522052822393,47,49,32,0.31419164635533037,0.2755069167328597,0.5290602486925744,0.09672513732806194,0.10252264591585922
mahler,FA50,condition_mean_neural_and_behavior,published_input_causal_train_only;raw_preprocessing_fail,no_bounce,y,330797,55,0.1082390772830613,0.2007796055130426,55,0.1030140043593514,0.2000037854196821,55,3.048520376236528,0.3857048934031078,55,2.92401890626419,0.3682463333954934,55,-0.0052250729237098,0.0317729087183101,55,0.1245014699723381,0.087455425728001,55,0.1909906568258923,0.8929496082999883,55,-0.0161501794524401,0.8424581529756315,55,0.8051167718013837,0.073625299659876,55,0.844917947263031,0.0823547970964912,55,50,36,0.2926653290231004,0.25629727450173184,0.49432371517441087,0.09600241851898093,0.10009009462836133
mahler,FA50,condition_mean_neural_and_behavior,published_input_causal_train_only;raw_preprocessing_fail,no_bounce,y,332165,48,,,0,,,0,,,0,,,0,,,0,,,0,,,0,,,0,,,0,,,0,51,0,,,,,
mahler,FA50,condition_mean_neural_and_behavior,published_input_causal_train_only;raw_preprocessing_fail,no_bounce,y,340684,52,,,0,,,0,,,0,,,0,,,0,,,0,,,0,,,0,,,0,,,0,52,0,,,,,
mahler,FA50,condition_mean_neural_and_behavior,published_input_causal_train_only;raw_preprocessing_fail,no_bounce,y,351612,48,0.4995276380899913,0.1988676130054377,48,0.4890962732355601,0.2055372939395067,48,3.270189185369372,0.5094284572012336,48,3.2843120130435306,0.5787520108953979,48,-0.0104313648544312,0.0347186064360527,48,-0.0141228276741583,0.134857601063564,48,-1.4697579057696946,1.1171862167494402,48,-1.7227959783421063,1.106766324091562,48,0.648664807574898,0.0830593245458131,48,0.670586663704347,0.0864593046076036,48,53,40,0.3547576450449295,0.3103410768214385,0.6006875528718538,0.10848230023880383,0.10801581690047167
mahler,FA50,condition_mean_neural_and_behavior,published_input_causal_train_only;raw_preprocessing_fail,no_bounce,y,356164,56,-0.0276447458652774,0.1916536101651955,56,-0.0290407232848499,0.1949326867494689,56,5.353480651362026,0.6540611476432677,56,4.890498823391361,0.614699432690883,56,-0.0013959774195724,0.032031784102949,56,0.4629818279706631,0.0926288460887019,56,4.791036715985742,0.71072121321193,56,4.123647731713797,0.706403440849305,56,1.2491785106294206,0.1653212604679326,56,1.032613642333052,0.1371755932537452,56,54,30,0.6738293713867461,0.5913500423286642,1.1325121723121745,0.1258675271788479,0.13778336233592486
mahler,FA50,condition_mean_neural_and_behavior,published_input_causal_train_only;raw_preprocessing_fail,no_bounce,y,356765,58,0.1901810968869188,0.1827578003339886,58,0.1740994435096775,0.1922864249152609,58,4.594511717920918,0.6782671529057844,58,4.2007148675122,0.6479423579867806,58,-0.0160816533772412,0.0309839783324354,58,0.3937968504087184,0.1145720744204535,58,3.9429033057452254,0.7373798021106015,58,3.3582977837887644,0.7327807888501553,58,1.2116297375320195,0.1080697060840006,58,1.0632387722441994,0.0935646353937873,58,55,31,0.4836127934642008,0.4242333213964367,0.8136105513951708,0.10525880075087554,0.11512630795401069
mahler,FA50,condition_mean_neural_and_behavior,published_input_causal_train_only;raw_preprocessing_fail,no_bounce,y,370777,49,-0.1195666379371604,0.1633309834631765,49,-0.1108019442124052,0.17191137922044,49,3.167375653354638,0.4033569561478581,49,3.1833227420847896,0.3960423285512962,49,0.0087646937247552,0.0330234684474541,49,-0.0159470887301521,0.0667016238766399,49,-1.665183806716028,0.7272890128236847,49,-1.6168610767154197,0.7248147286147205,49,1.0013765258674003,0.1143569430680421,49,0.9346776110554826,0.1027186407652701,49,56,31,0.20968649051328908,0.1839408689680894,0.3527673601907666,0.06620196448476373,0.0658703208886584
mahler,FA50,condition_mean_neural_and_behavior,published_input_causal_train_only;raw_preprocessing_fail,no_bounce,y,377134,51,0.4823933388072208,0.1219036291793131,51,0.4499746516372694,0.1313136855195078,51,3.106962392821952,0.5517613843597629,51,3.02658969992638,0.487224155160062,51,-0.0324186871699514,0.0229278100441531,51,0.0803726928955719,0.127829182568535,51,1.6407948112661508,1.1052753414487833,51,1.297822807996007,1.1287467883997109,51,0.8252415890533857,0.0888049629700257,51,0.8032146271238949,0.0806068312300992,51,57,36,0.06273437242366739,0.05493801533940648,0.10596230080407087,0.020191545468526837,0.02072774265543604
mahler,FA50,condition_mean_neural_and_behavior,published_input_causal_train_only;raw_preprocessing_fail,no_bounce,y,379400,46,-0.0767194241803608,0.1928659645656229,46,-0.1143908396144612,0.1822158620966698,46,3.5510952665506736,0.3765016746000662,46,3.5826947442999386,0.3517719882037338,46,-0.0376714154341004,0.0436793018839712,46,-0.0315994777492647,0.0814691478232943,46,0.418179042719863,0.8248950299395253,46,0.4050657628786914,0.9009430067311625,46,0.9166183363214792,0.0728599856436571,46,0.9491305101473078,0.0785337227620509,46,58,70,0.1437746531057619,0.12519928487361034,0.245891654736611,0.04048741087293223,0.04013031066476069
mahler,FA50,condition_mean_neural_and_behavior,published_input_causal_train_only;raw_preprocessing_fail,no_bounce,y,381514,52,0.2449415926416813,0.133605879769158,52,0.1880156183475927,0.1375495935693069,52,3.4810801701021834,0.6003948194262104,52,3.888968315020776,0.6203949176096534,52,-0.0569259742940886,0.0385416923065571,52,-0.4078881449185927,0.1421002321118666,52,-2.025164829884471,1.0155573254846333,52,-2.5286035857985167,0.9637516703747622,52,1.157344035468583,0.0833522543993819,52,1.0972796569691348,0.0828553937216738,52,59,65,0.2062151106836564,0.1797302898146441,0.35217111853761995,0.05923882835413215,0.05302565975844283
mahler,FA50,condition_mean_neural_and_behavior,published_input_causal_train_only;raw_preprocessing_fail,no_bounce,y,388571,46,0.4432084101379292,0.1263597695517982,46,0.4454675399215825,0.1388730927154384,46,3.178422903401516,0.5526260936460548,46,3.2745224405051165,0.5480349578927423,46,0.0022591297836531,0.0362687167944035,46,-0.0960995371036011,0.0741773264228898,46,-2.041114709715915,0.8106815826125328,46,-2.177818997473868,0.7743094254249318,46,0.8086071688678141,0.0845129497434627,46,0.806995232852123,0.0880743514430252,46,60,70,0.055446398547103745,0.048300514873662055,0.09479180113584373,0.017444625914243686,0.01693266714597649
mahler,FA50,condition_mean_neural_and_behavior,published_input_causal_train_only;raw_preprocessing_fail,no_bounce,y,394672,41,0.1989071710820559,0.2194078841302013,41,0.186004699512906,0.2231356659268322,41,3.9008782959918022,0.9234118592750657,41,4.343180480653471,1.05599143969616,41,-0.0129024715691499,0.031220978045759,41,-0.4423021846616687,0.1984001244531694,41,2.8279032416131007,1.341913469868545,41,3.6420671461220255,1.2985372783860123,41,1.0672122851752066,0.1174654813856351,41,1.4497853332475412,0.1709074976752603,41,61,63,1.0566506272882115,0.9210600881155085,1.803860571437577,0.2708750561056807,0.24328959664352443
mahler,FA50,condition_mean_neural_and_behavior,published_input_causal_train_only;raw_preprocessing_fail,no_bounce,y,396358,53,0.4451250539506026,0.1445109385762041,53,0.4373594442453874,0.1522141160428297,53,2.9366790705285695,0.7307305303207956,53,2.798663009655453,0.7182352736701523,53,-0.0077656097052152,0.0303469774786481,53,0.138016060873117,0.1130225804643418,53,2.0458559437025365,1.0677299392156407,53,1.819645950776044,1.0955200566831202,53,1.1764141599764415,0.1566536092603412,53,1.1746704363464129,0.1608916413289485,53,62,30,0.016816553535236305,0.01475767082611547,0.028264733900143835,0.005726384508270259,0.0060087811491482904
mahler,FA50,condition_mean_neural_and_behavior,published_input_causal_train_only;raw_preprocessing_fail,no_bounce,y,400995,60,-0.0500786127298847,0.1711294498030425,60,-0.0593505949279096,0.1765277523594343,60,5.14677366811132,0.8428181445851841,60,4.294749788444116,0.8231139121133874,60,-0.0092719821980249,0.0270818099566598,60,0.8520238796672047,0.1172424036457671,60,4.116475218835648,0.968208179480102,60,3.3182052128324626,0.9823928608648878,60,1.0920937068992964,0.142492297551255,60,1.4601480548051646,0.1942659105539044,60,63,32,1.122785669719052,0.9845605724017203,1.8905975133178954,0.21815330187835397,0.2614321497238632
mahler,FA50,condition_mean_neural_and_behavior,published_input_causal_train_only;raw_preprocessing_fail,no_bounce,y,401673,46,0.5393894161075912,0.1704723877229008,46,0.5384227980581637,0.167725744419118,46,3.4435279962913,0.8371829015711332,46,2.7737435499553103,0.7331402459180308,46,-0.0009666180494277,0.0217460319346777,46,0.6697844463359904,0.195244474512134,46,2.7166589350180814,1.0448649505969287,46,1.9196089650137704,1.036764197413348,46,1.09446647013141,0.1558253376214821,46,1.3803497828791051,0.2038786583602058,46,64,32,0.9217850978015095,0.8082898187253436,1.5521749149166206,0.2676862504949219,0.33232527852705096
mahler,FA50,condition_mean_neural_and_behavior,published_input_causal_train_only;raw_preprocessing_fail,no_bounce,y,406460,40,0.2743347843552647,0.1991665449263438,40,0.2671965823285377,0.2028024509974154,40,2.991871373521481,0.4358015662847746,40,3.012276215097292,0.4498613556339277,40,-0.0071382020267269,0.0409783900514971,40,-0.0204048415758109,0.086225610852303,40,-1.6238368473568858,0.7177129453937932,40,-1.480684340258695,0.8021654160918753,40,0.9636871131641526,0.0971863288221929,40,0.9033983138761428,0.0855955915464804,40,65,65,0.26062300969364227,0.22713720444863292,0.4451149750385879,0.08711036577313977,0.08652028933715315
mahler,FA50,condition_mean_neural_and_behavior,published_input_causal_train_only;raw_preprocessing_fail,no_bounce,y,413189,63,0.3330962129728274,0.2250073465393996,63,0.31955016994806,0.2230123338164249,63,4.65149695917586,0.6057647803593414,63,5.072594224718475,0.6454173179509686,63,-0.0135460430247673,0.0312328630713863,63,-0.4210972655426156,0.1773080858435417,63,3.2630978590534774,0.693472549407053,63,4.109653608710365,0.7268060965596935,63,0.681697555419891,0.0947174465761745,63,0.7791263049960518,0.1115233292711699,63,66,40,0.9924894476116566,0.8682270555807066,1.6805167848997198,0.21336990141502815,0.195657173360193
mahler,FA50,condition_mean_neural_and_behavior,published_input_causal_train_only;raw_preprocessing_fail,no_bounce,y,413513,37,0.1849991166657833,0.1263582760855488,37,0.1561310187166909,0.1301834220330998,37,4.7350038735834215,0.9265421294403527,37,4.44748198711381,0.8700998507248386,37,-0.0288680979490923,0.0299958330402371,37,0.2875218864696117,0.1350300347606319,37,3.803715395895239,1.1184662901124751,37,3.3178631883216,1.1152034753627451,37,1.2529847485342978,0.1322450579271801,37,1.161860339171069,0.121847090778402,37,67,31,0.3066662486819117,0.2690052006762894,0.5159385866884054,0.06476578623151762,0.06895278037560362
mahler,FA50,condition_mean_neural_and_behavior,published_input_causal_train_only;raw_preprocessing_fail,no_bounce,y,420020,48,0.6038883967984712,0.0900612001440515,48,0.594618626767021,0.0932564377510518,48,2.4960596695199166,0.460641039394478,48,2.3695569480116494,0.4049526771844582,48,-0.0092697700314502,0.0138633209050497,48,0.1265027215082672,0.1793650544927427,48,0.9667594658112186,0.968880924854914,48,0.5100830618756681,1.0466608833272304,48,2.0186277912457435,0.2186488825101076,48,1.942666181577714,0.2171463797095271,48,68,28,0.048786086278882014,0.04285118886501606,0.08182619589139595,0.01954524039413904,0.020588695418280435
mahler,FA50,condition_mean_neural_and_behavior,published_input_causal_train_only;raw_preprocessing_fail,no_bounce,y,428615,50,,,0,,,0,,,0,,,0,,,0,,,0,,,0,,,0,,,0,,,0,69,0,,,,,
mahler,FA50,condition_mean_neural_and_behavior,published_input_causal_train_only;raw_preprocessing_fail,no_bounce,y,435203,57,0.6645124373219303,0.0864516233344488,57,0.6579818468595706,0.0864721417754486,57,1.9367175801895569,0.2960668528557419,57,1.9099860919454343,0.3320362897736381,57,-0.0065305904623596,0.0145956633001739,57,0.0267314882441222,0.109246560851821,57,-0.1735321816164486,0.7069792353907457,57,-0.4274604217704901,0.698635258564865,57,1.7627144792679523,0.2226643767821281,57,1.6460824564499037,0.217235387662895,57,70,28,0.08891631562957991,0.0781153013075088,0.14910169675710483,0.04591083208986888,0.046553383820200155
mahler,FA50,condition_mean_neural_and_behavior,published_input_causal_train_only;raw_preprocessing_fail,no_bounce,y,448412,48,0.6810885440119447,0.0800135628221927,48,0.6904571677804763,0.0768300885806098,48,2.948974511275703,0.4306830330520905,48,2.8364084500573505,0.438355056783386,48,0.0093686237685317,0.0139541970531452,48,0.1125660612183525,0.0912167427384297,48,2.080564992214456,0.6630200694564433,48,2.043243277051975,0.6406936639402783,48,1.0689598822119506,0.1103748032897141,48,1.0804782154905497,0.1204215912610576,48,71,33,0.25813308840559823,0.2262722925536633,0.43502347651810425,0.08753317040164309,0.09100702277218886
mahler,FA50,condition_mean_neural_and_behavior,published_input_causal_train_only;raw_preprocessing_fail,no_bounce,y,454477,51,0.3932433102379172,0.1789483069259864,51,0.3828112254139302,0.172732536670905,51,2.7162756071184937,0.3555749618105953,51,2.718744106201469,0.3456096192256594,51,-0.010432084823987,0.0246307379507875,51,-0.0024684990829756,0.072123011965666,51,0.1065089415612899,0.9814139284907808,51,0.1546282141203988,1.0186923522664637,51,0.6646188887158555,0.0757473962942851,51,0.6636820942354998,0.0739488526456512,51,72,35,0.07739032071989443,0.06779436954617513,0.13062237336400706,0.028491335900185915,0.028465467030665638
mahler,FA50,condition_mean_neural_and_behavior,published_input_causal_train_only;raw_preprocessing_fail,no_bounce,y,456038,45,,,0,,,0,,,0,,,0,,,0,,,0,,,0,,,0,,,0,,,0,73,0,,,,,
mahler,FA50,condition_mean_neural_and_behavior,published_input_causal_train_only;raw_preprocessing_fail,no_bounce,y,460651,46,0.1677456234872845,0.192499074263825,46,0.1610212975317882,0.1866056403204789,46,3.8128171085102687,0.4953981998036634,46,3.891073438911421,0.5095461795543614,46,-0.0067243259554963,0.0325558619262719,46,-0.0782563304011531,0.0811290315625225,46,2.6347875766001194,0.6903014219683776,46,2.8052288037325943,0.6783605883736439,46,0.9506987621520844,0.1113619375898553,46,1.0173298512567472,0.1153035063358364,46,74,31,0.25761522245435875,0.22598341047481113,0.43340350749520284,0.06756558605430023,0.06620672328570339
mahler,FA50,condition_mean_neural_and_behavior,published_input_causal_train_only;raw_preprocessing_fail,no_bounce,y,463174,54,,,0,,,0,,,0,,,0,,,0,,,0,,,0,,,0,,,0,,,0,75,0,,,,,
mahler,FA50,condition_mean_neural_and_behavior,published_input_causal_train_only;raw_preprocessing_fail,no_bounce,y,464785,55,0.1146393168155439,0.2136300122417246,55,0.1487071647175799,0.2092196270733139,55,3.0263436664952432,0.6389502066043634,55,2.864082014755311,0.5813258881274503,55,0.034067847902036,0.0444177003936153,55,0.1622616517399324,0.1469313953197271,55,1.698845134765414,1.0216962043357023,55,1.4841437569180007,1.0044739430120686,55,1.695711134735471,0.2007613632625746,55,1.750420323870941,0.2152477689400546,55,76,54,0.09219179015384218,0.08044555610758339,0.15701119630254823,0.030463093525861164,0.032188949086961974
mahler,FA50,condition_mean_neural_and_behavior,published_input_causal_train_only;raw_preprocessing_fail,no_bounce,y,465431,50,0.4775938455560326,0.1333206608084797,50,0.5038751626925485,0.1249149112951156,50,2.1530346842350454,0.2609461516642195,50,2.1480410501758147,0.2866424467668498,50,0.0262813171365158,0.0366632109533258,50,0.0049936340592309,0.1392467047641653,50,-0.1914265216830578,0.9559489892320128,50,-0.4459837918362005,0.9170990321742712,50,1.4679063900829796,0.14707590304842,50,1.5315259778306405,0.1615167389009803,50,77,55,0.08083492474262001,0.07050752491984018,0.1377493308501858,0.0375446458594047,0.03763192734887621
mahler,FA50,condition_mean_neural_and_behavior,published_input_causal_train_only;raw_preprocessing_fail,no_bounce,y,469268,52,,,0,,,0,,,0,,,0,,,0,,,0,,,0,,,0,,,0,,,0,78,0,,,,,
mahler,FA50,condition_mean_neural_and_behavior,published_input_causal_train_only;raw_preprocessing_fail,post_bounce,y,29337,45,,,0,,,0,,,0,,,0,,,0,,,0,,,0,,,0,,,0,,,0,0,0,,,,,
mahler,FA50,condition_mean_neural_and_behavior,published_input_causal_train_only;raw_preprocessing_fail,post_bounce,y,55062,48,0.594143735386189,0.1175858290504762,48,0.5825578371397863,0.1212527562228542,48,3.782650906580964,0.8317042541892237,48,3.2344221158657454,0.769884854214781,48,-0.0115858982464025,0.0271352624623455,48,0.548228790715219,0.1564209672852096,48,3.3175255024487798,0.9666125874575828,48,2.621079572414216,0.9725460841920776,48,1.5728290487838767,0.2209408451648693,48,1.2511074119592225,0.1848056555444502,48,1,24,0.6556864777337369,0.5663899375802647,1.1151987021844079,0.17334046781662815,0.20272136853053635
mahler,FA50,condition_mean_neural_and_behavior,published_input_causal_train_only;raw_preprocessing_fail,post_bounce,y,58244,58,,,0,,,0,,,0,,,0,,,0,,,0,,,0,,,0,,,0,,,0,2,0,,,,,
mahler,FA50,condition_mean_neural_and_behavior,published_input_causal_train_only;raw_preprocessing_fail,post_bounce,y,59920,43,,,0,,,0,,,0,,,0,,,0,,,0,,,0,,,0,,,0,,,0,3,0,,,,,
mahler,FA50,condition_mean_neural_and_behavior,published_input_causal_train_only;raw_preprocessing_fail,post_bounce,y,68220,53,,,0,,,0,,,0,,,0,,,0,,,0,,,0,,,0,,,0,,,0,4,0,,,,,
mahler,FA50,condition_mean_neural_and_behavior,published_input_causal_train_only;raw_preprocessing_fail,post_bounce,y,72780,47,0.3644577632238234,0.1058914001018514,47,0.3458348292943538,0.108168805705818,47,6.728148350435336,1.004517647538134,47,6.80271311693151,1.000511755649217,47,-0.0186229339294696,0.0204333208939041,47,-0.0745647664961755,0.1374641923676936,47,-6.291079869769554,1.102861188133189,47,-6.378918930972999,1.0952370735793726,47,1.62632715560699,0.1805695407368086,47,1.627745827367986,0.1885624128873504,47,5,26,0.06395092233915567,0.055251196645749484,0.10892266996158906,0.009504981015321668,0.009400796599813388
mahler,FA50,condition_mean_neural_and_behavior,published_input_causal_train_only;raw_preprocessing_fail,post_bounce,y,77046,50,,,0,,,0,,,0,,,0,,,0,,,0,,,0,,,0,,,0,,,0,6,0,,,,,
mahler,FA50,condition_mean_neural_and_behavior,published_input_causal_train_only;raw_preprocessing_fail,post_bounce,y,77944,48,,,0,,,0,,,0,,,0,,,0,,,0,,,0,,,0,,,0,,,0,7,0,,,,,
mahler,FA50,condition_mean_neural_and_behavior,published_input_causal_train_only;raw_preprocessing_fail,post_bounce,y,90751,53,,,0,,,0,,,0,,,0,,,0,,,0,,,0,,,0,,,0,,,0,8,0,,,,,
mahler,FA50,condition_mean_neural_and_behavior,published_input_causal_train_only;raw_preprocessing_fail,post_bounce,y,93053,48,0.4973589970179035,0.1966194893064416,48,0.4847300367897562,0.1935985531357474,48,4.60166273549812,1.446788911726548,48,4.642969602256631,1.4258947390899963,48,-0.0126289602281472,0.0249323502181903,48,-0.0413068667585111,0.2756707726321285,48,3.0439744836839115,3.1202711492951245,48,3.1717562684405416,3.051667161539741,48,2.697642740888776,0.5981251973482296,48,2.629572506908719,0.5331140835292772,48,9,13,0.03711011422376236,0.0319771586660818,0.06217459049682805,0.008064501106847255,0.007992754078279053
mahler,FA50,condition_mean_neural_and_behavior,published_input_causal_train_only;raw_preprocessing_fail,post_bounce,y,99902,46,0.6002590971819018,0.1011923315618249,46,0.5888944248166212,0.106353097245347,46,4.9445422354372015,0.8379428586520208,46,4.899790428070742,0.8617813720439315,46,-0.0113646723652807,0.0205200705063733,46,0.0447518073664605,0.1319825071677678,46,4.6716424425044565,0.9053320213174384,46,4.621052342083265,0.930090224541043,46,1.2579214868069128,0.1251350528306309,46,1.242575605636159,0.1259063523416453,46,10,24,0.005666699174124293,0.004858314068272085,0.009704220431955513,0.001146051323722435,0.0011565186832604014
mahler,FA50,condition_mean_neural_and_behavior,published_input_causal_train_only;raw_preprocessing_fail,post_bounce,y,105802,56,0.1595643332309112,0.1258268582415327,56,0.1369908231319395,0.1329038618365971,56,5.068952457395944,0.8284761446884972,56,5.420830409787995,0.9204224788751794,56,-0.0225735100989717,0.0299081471118585,56,-0.351877952392052,0.1444688526300833,56,3.9727501990626144,1.0760730958808542,56,4.500207977424415,1.1026120146687697,56,0.860774628082361,0.0767568062316005,56,0.954752184461505,0.0828975570584757,56,11,43,0.46411039830089906,0.40123433530878844,0.7959607427885331,0.0915594301192805,0.08561610735190849
mahler,FA50,condition_mean_neural_and_behavior,published_input_causal_train_only;raw_preprocessing_fail,post_bounce,y,118879,59,,,0,,,0,,,0,,,0,,,0,,,0,,,0,,,0,,,0,,,0,12,0,,,,,
mahler,FA50,condition_mean_neural_and_behavior,published_input_causal_train_only;raw_preprocessing_fail,post_bounce,y,122957,51,,,0,,,0,,,0,,,0,,,0,,,0,,,0,,,0,,,0,,,0,13,0,,,,,
mahler,FA50,condition_mean_neural_and_behavior,published_input_causal_train_only;raw_preprocessing_fail,post_bounce,y,126479,53,,,0,,,0,,,0,,,0,,,0,,,0,,,0,,,0,,,0,,,0,14,0,,,,,
mahler,FA50,condition_mean_neural_and_behavior,published_input_causal_train_only;raw_preprocessing_fail,post_bounce,y,158705,57,0.1493974734631413,0.1660286596526187,57,0.1861097878879055,0.1636494353665171,57,6.0978882233493135,0.7294334233360598,57,6.177524431110008,0.7257531011275683,57,0.036712314424764,0.033263835450993,57,-0.0796362077606942,0.116434105764588,57,-5.072417671258574,0.8709850651484426,57,-5.15615571918263,0.8598628256056832,57,0.5689759716465437,0.0609220166838842,57,0.5731668299958639,0.0637816587604022,57,15,44,0.14585530725913623,0.1260960781230394,0.25020963868183976,0.023918986691268677,0.023610640295424656
mahler,FA50,condition_mean_neural_and_behavior,published_input_causal_train_only;raw_preprocessing_fail,post_bounce,y,159613,50,,,0,,,0,,,0,,,0,,,0,,,0,,,0,,,0,,,0,,,0,16,0,,,,,
mahler,FA50,condition_mean_neural_and_behavior,published_input_causal_train_only;raw_preprocessing_fail,post_bounce,y,163248,39,,,0,,,0,,,0,,,0,,,0,,,0,,,0,,,0,,,0,,,0,17,0,,,,,
mahler,FA50,condition_mean_neural_and_behavior,published_input_causal_train_only;raw_preprocessing_fail,post_bounce,y,167848,56,,,0,,,0,,,0,,,0,,,0,,,0,,,0,,,0,,,0,,,0,18,0,,,,,
mahler,FA50,condition_mean_neural_and_behavior,published_input_causal_train_only;raw_preprocessing_fail,post_bounce,y,179553,58,,,0,,,0,,,0,,,0,,,0,,,0,,,0,,,0,,,0,,,0,19,0,,,,,
mahler,FA50,condition_mean_neural_and_behavior,published_input_causal_train_only;raw_preprocessing_fail,post_bounce,y,182748,51,0.2735133935694084,0.1658913203983887,51,0.2152970644051558,0.1746874596637778,51,6.881591129551934,1.1407434375245056,51,7.171640089450266,1.2076059539263868,51,-0.0582163291642525,0.0488543828252829,51,-0.2900489598983316,0.1626469696329117,51,-6.5880899351602205,1.2298913787011705,51,-6.901410838827151,1.2941669007704046,51,2.0150777102812483,0.344857753006815,51,2.1672755245868887,0.3568399175701797,51,20,13,0.20372431976019872,0.17585862886315887,0.3407794497310883,0.029604246448955096,0.02840693582209798
mahler,FA50,condition_mean_neural_and_behavior,published_input_causal_train_only;raw_preprocessing_fail,post_bounce,y,183171,51,,,0,,,0,,,0,,,0,,,0,,,0,,,0,,,0,,,0,,,0,21,0,,,,,
mahler,FA50,condition_mean_neural_and_behavior,published_input_causal_train_only;raw_preprocessing_fail,post_bounce,y,184642,57,,,0,,,0,,,0,,,0,,,0,,,0,,,0,,,0,,,0,,,0,22,0,,,,,
mahler,FA50,condition_mean_neural_and_behavior,published_input_causal_train_only;raw_preprocessing_fail,post_bounce,y,187617,54,0.2669868097934481,0.1654538484204618,54,0.261656721326998,0.1706256404512704,54,5.080147762527252,0.8484231465470224,54,4.772797132449681,0.8334642239945331,54,-0.0053300884664501,0.0298482915038337,54,0.3073506300775701,0.0995863840723477,54,4.513322123648064,0.9501586307920424,54,4.07160802849172,0.958453212782238,54,1.230283146274613,0.1366424505924317,54,1.0598647434465225,0.1197848922576217,54,23,33,0.5437347137087615,0.47221778246829194,0.925154255809594,0.10703127923158409,0.11392370105403678
mahler,FA50,condition_mean_neural_and_behavior,published_input_causal_train_only;raw_preprocessing_fail,post_bounce,y,197632,47,,,0,,,0,,,0,,,0,,,0,,,0,,,0,,,0,,,0,,,0,24,0,,,,,
mahler,FA50,condition_mean_neural_and_behavior,published_input_causal_train_only;raw_preprocessing_fail,post_bounce,y,199564,49,,,0,,,0,,,0,,,0,,,0,,,0,,,0,,,0,,,0,,,0,25,0,,,,,
mahler,FA50,condition_mean_neural_and_behavior,published_input_causal_train_only;raw_preprocessing_fail,post_bounce,y,204372,53,,,0,,,0,,,0,,,0,,,0,,,0,,,0,,,0,,,0,,,0,26,0,,,,,
mahler,FA50,condition_mean_neural_and_behavior,published_input_causal_train_only;raw_preprocessing_fail,post_bounce,y,204678,45,0.3876231784682065,0.1358579414573454,45,0.3407574695463562,0.1460787713489362,45,7.475524941941519,0.9334213045624792,45,7.575022086021377,1.0124689181732731,45,-0.0468657089218504,0.0308207190901946,45,-0.099497144079859,0.221571066282558,45,-7.188004361037635,0.9530165711865934,45,-7.276342885614979,1.0372625375128954,45,2.8605650225539305,0.5136628657060919,45,2.4910324785805846,0.4327918699082171,45,27,13,0.22329994455156468,0.18967618804144892,0.3786374692917711,0.029870804563668536,0.029478454586110432
mahler,FA50,condition_mean_neural_and_behavior,published_input_causal_train_only;raw_preprocessing_fail,post_bounce,y,206128,53,,,0,,,0,,,0,,,0,,,0,,,0,,,0,,,0,,,0,,,0,28,0,,,,,
mahler,FA50,condition_mean_neural_and_behavior,published_input_causal_train_only;raw_preprocessing_fail,post_bounce,y,217817,49,0.3578068127102648,0.1018131273288658,49,0.3407679200851859,0.0999469155814495,49,3.4113916475473407,0.5328897055966308,49,3.3222282468519047,0.5168788089805733,49,-0.0170388926250787,0.0177447658097244,49,0.0891634006954356,0.0761269661599094,49,2.3070948221606646,0.7875182202843553,49,2.101424080503604,0.8186101880757449,49,1.256933228358298,0.102572206310502,49,1.1620238711965976,0.0951978785497572,49,29,32,0.2215431831226948,0.19143245590242847,0.378633102092631,0.06494217199657384,0.06668511813799245
mahler,FA50,condition_mean_neural_and_behavior,published_input_causal_train_only;raw_preprocessing_fail,post_bounce,y,218791,56,0.6049928096975705,0.0876422716331566,56,0.5876129609408856,0.0914846883569214,56,4.0042807900586315,0.8302472514975876,56,4.558837285297716,0.8988413880650323,56,-0.0173798487566847,0.0179464259976658,56,-0.5545564952390852,0.1294917565063492,56,3.416072745498844,0.9271236401688479,56,4.141334646872303,0.9630760044938173,56,0.9461330944864544,0.101940679942086,56,1.1564953318106397,0.1245357701944974,56,30,32,0.920416349695569,0.7908843557614778,1.5812648148131885,0.22985809386311593,0.2018971707246316
mahler,FA50,condition_mean_neural_and_behavior,published_input_causal_train_only;raw_preprocessing_fail,post_bounce,y,226533,59,,,0,,,0,,,0,,,0,,,0,,,0,,,0,,,0,,,0,,,0,31,0,,,,,
mahler,FA50,condition_mean_neural_and_behavior,published_input_causal_train_only;raw_preprocessing_fail,post_bounce,y,232533,53,,,0,,,0,,,0,,,0,,,0,,,0,,,0,,,0,,,0,,,0,32,0,,,,,
mahler,FA50,condition_mean_neural_and_behavior,published_input_causal_train_only;raw_preprocessing_fail,post_bounce,y,241919,43,0.0722822055526293,0.1595463622749466,43,0.0274832918183689,0.1572375567018974,43,4.51658206961765,1.0192431745963113,43,5.104496660519373,1.1688145163668575,43,-0.0447989137342603,0.0432582054476425,43,-0.587914590901722,0.2381780558759974,43,3.665086917207234,1.2361173719214722,43,4.480652283972613,1.3335151451399283,43,1.603485649565774,0.1877431279869251,43,2.2484959696004374,0.2744813230100862,43,33,18,0.8638375270887754,0.7535979538127544,1.445413842692389,0.1912591233312635,0.16923069688145934
mahler,FA50,condition_mean_neural_and_behavior,published_input_causal_train_only;raw_preprocessing_fail,post_bounce,y,242380,50,,,0,,,0,7.9943288947162285,1.5554963587531738,50,6.691155332763807,1.7620736102516796,50,,,0,1.3031735619524232,0.3551415909774247,50,-7.970611126901037,1.5635688364485465,50,-6.665771176961491,1.7583692458663402,50,3.961989551553013,3.053173482486027,50,0.9284492176008944,0.7733032321951024,50,34,2,1.252661226909646,1.1862697517814809,1.5886678449815896,0.15669373169492437,0.18721150004930906
mahler,FA50,condition_mean_neural_and_behavior,published_input_causal_train_only;raw_preprocessing_fail,post_bounce,y,244437,50,,,0,,,0,,,0,,,0,,,0,,,0,,,0,,,0,,,0,,,0,35,0,,,,,
mahler,FA50,condition_mean_neural_and_behavior,published_input_causal_train_only;raw_preprocessing_fail,post_bounce,y,245662,41,0.5974999136973591,0.1280688280661816,41,0.6079774233427143,0.1309613731439321,41,6.213403923470871,1.5796501476475493,41,7.398561907860965,1.6216722665850818,41,0.0104775096453552,0.017028568213457,41,-1.1851579843900943,0.2168470522406348,41,-5.732111863366896,1.63130078932037,41,-7.0425416411799775,1.627209309318712,41,1.320403582433682,0.2739011221224835,41,1.8396758136241207,0.3602128310026457,41,36,27,1.2976015877619362,1.1293726228276721,2.195849031227114,0.20883908462160347,0.17538564979543333
mahler,FA50,condition_mean_neural_and_behavior,published_input_causal_train_only;raw_preprocessing_fail,post_bounce,y,248856,53,,,0,,,0,,,0,,,0,,,0,,,0,,,0,,,0,,,0,,,0,37,0,,,,,
mahler,FA50,condition_mean_neural_and_behavior,published_input_causal_train_only;raw_preprocessing_fail,post_bounce,y,251629,52,0.081381491428183,0.1538198579577374,52,0.062208139339032,0.1570270620267486,52,4.7507026610158,0.6021405186425605,52,5.818334978727186,0.8313150910751852,52,-0.0191733520891509,0.038021660430377,52,-1.067632317711386,0.2895205298073182,52,3.4086435518100324,0.8824815929336277,52,5.216891040578376,0.9591379935258044,52,0.8364094731176616,0.0864109610454621,52,1.39706036445392,0.1519092650293197,52,38,31,2.1531919827636736,1.8628246893904654,3.673822258162618,0.4532365286576946,0.3700701301379358
mahler,FA50,condition_mean_neural_and_behavior,published_input_causal_train_only;raw_preprocessing_fail,post_bounce,y,258471,53,,,0,,,0,,,0,,,0,,,0,,,0,,,0,,,0,,,0,,,0,39,0,,,,,
mahler,FA50,condition_mean_neural_and_behavior,published_input_causal_train_only;raw_preprocessing_fail,post_bounce,y,269179,52,,,0,,,0,,,0,,,0,,,0,,,0,,,0,,,0,,,0,,,0,40,0,,,,,
mahler,FA50,condition_mean_neural_and_behavior,published_input_causal_train_only;raw_preprocessing_fail,post_bounce,y,270569,46,0.4435202791590354,0.2482235534752942,46,0.5040786136611771,0.2502170357676643,46,8.630553729328785,1.1091873879419425,46,7.376672869918667,1.0329062503126278,46,0.0605583345021416,0.0478904770053292,46,1.253880859410117,0.292133254894592,46,8.39080756761997,1.152402544055758,46,7.154399153761545,1.0761154133302484,46,8.295956473727562,2.544466416136813,46,2.0725198110890157,0.6697781977939747,46,41,3,1.3078860976884308,1.1130763162691153,1.9541712800105309,0.15154138873429476,0.1773002708337331
mahler,FA50,condition_mean_neural_and_behavior,published_input_causal_train_only;raw_preprocessing_fail,post_bounce,y,273073,52,0.5443981733918561,0.1556168660060161,52,0.5231522689549227,0.1568433902842035,52,5.697040920682346,1.0608547066919545,52,5.277839515693736,1.081717829489253,52,-0.0212459044369332,0.025031581592365,52,0.4192014049886101,0.1658254886033188,52,-5.472687168671144,1.103487550743639,52,-5.022579228644828,1.140244294238794,52,2.2257828864198816,0.3161234144477586,52,1.5663261126727253,0.2247185027906261,52,42,18,0.667052452079259,0.5699589519866249,1.1377521922755571,0.1170875304155907,0.12638740721383596
mahler,FA50,condition_mean_neural_and_behavior,published_input_causal_train_only;raw_preprocessing_fail,post_bounce,y,273515,43,0.140110303123112,0.15838286276371,43,0.0971093840234376,0.1511342613064013,43,5.990987062687106,0.9548783548868142,43,5.854885798614492,0.9857669259891116,43,-0.0430009190996743,0.026338375237368,43,0.1361012640726145,0.1335435005336786,43,-5.496380570475182,1.0340885503719728,43,-5.2959278925997895,1.086560057587432,43,2.0476151257280684,0.2001823870007611,43,1.7981873478835484,0.185515587771318,43,43,23,0.2983495889145774,0.2576500334120259,0.507108603304439,0.049799738472604924,0.050957371189917874
mahler,FA50,condition_mean_neural_and_behavior,published_input_causal_train_only;raw_preprocessing_fail,post_bounce,y,287936,52,,,0,,,0,,,0,,,0,,,0,,,0,,,0,,,0,,,0,,,0,44,0,,,,,
mahler,FA50,condition_mean_neural_and_behavior,published_input_causal_train_only;raw_preprocessing_fail,post_bounce,y,297652,55,,,0,,,0,,,0,,,0,,,0,,,0,,,0,,,0,,,0,,,0,45,0,,,,,
mahler,FA50,condition_mean_neural_and_behavior,published_input_causal_train_only;raw_preprocessing_fail,post_bounce,y,301600,50,,,0,,,0,,,0,,,0,,,0,,,0,,,0,,,0,,,0,,,0,46,0,,,,,
mahler,FA50,condition_mean_neural_and_behavior,published_input_causal_train_only;raw_preprocessing_fail,post_bounce,y,320246,53,0.1951013251729259,0.148018259569972,53,0.1838596452461203,0.1580611322564405,53,4.522966929395007,0.9273974562308848,53,4.504393657793319,0.9494171201656354,53,-0.0112416799268055,0.0267481141869686,53,0.0185732716016872,0.1240051577502691,53,-3.7404314947838575,1.104144124219664,53,-3.715337541939805,1.1400279117416725,53,1.8211478600833857,0.2245398435562905,53,1.6634710626816498,0.2039020367814178,53,47,24,0.1766160438637986,0.15357296341377116,0.2984855519946681,0.0390487143993827,0.039209726609534826
mahler,FA50,condition_mean_neural_and_behavior,published_input_causal_train_only;raw_preprocessing_fail,post_bounce,y,325813,56,-0.2853956572965559,0.1744816053495464,56,-0.3128278278810067,0.1786778086702921,56,5.8415886962115104,1.2697936056933206,56,6.193918823137315,1.3823357925887825,56,-0.0274321705844507,0.0352533775336141,56,-0.3523301269258038,0.2758129699512028,56,5.346605655970555,1.4134410749862594,56,5.769141552272316,1.5198343221284607,56,2.0261920592301363,0.3058610037702831,56,2.2900987916617335,0.3610631504809431,56,48,13,0.2485065143729781,0.21409101259675895,0.416423648266635,0.042540912634630355,0.04012104799382982
mahler,FA50,condition_mean_neural_and_behavior,published_input_causal_train_only;raw_preprocessing_fail,post_bounce,y,328386,47,,,0,,,0,,,0,,,0,,,0,,,0,,,0,,,0,,,0,,,0,49,0,,,,,
mahler,FA50,condition_mean_neural_and_behavior,published_input_causal_train_only;raw_preprocessing_fail,post_bounce,y,330797,55,,,0,,,0,,,0,,,0,,,0,,,0,,,0,,,0,,,0,,,0,50,0,,,,,
mahler,FA50,condition_mean_neural_and_behavior,published_input_causal_train_only;raw_preprocessing_fail,post_bounce,y,332165,48,0.3426633071083177,0.2094934892380157,48,0.3279919165742031,0.2072754531976232,48,3.603480122014695,0.904731682812341,48,5.467603833723992,1.360216605080165,48,-0.0146713905341144,0.0267557211876231,48,-1.8641237117092957,0.6093488514400714,48,2.267054623817962,1.4163057551154918,48,5.159702116820612,1.4506654376449264,48,0.7001419296589906,0.0980437500917011,48,1.8628135884342043,0.2461532713098972,48,51,27,3.174418186130698,2.727998527796695,5.43728466543357,0.8809312327650334,0.5805867218380009
mahler,FA50,condition_mean_neural_and_behavior,published_input_causal_train_only;raw_preprocessing_fail,post_bounce,y,340684,52,0.3490759108134016,0.1943277980785563,52,0.2874041432486664,0.2071382591834461,52,7.258113173757555,0.9451507079646096,52,6.6610379079831885,0.9707422027832346,52,-0.0616717675647351,0.0643460797254865,52,0.5970752657743645,0.2503135580710087,52,7.106195052963596,0.9566251935006534,52,6.48089946756714,0.9910156219303156,52,1.7734887977494809,0.263111519261362,52,1.3955426178832937,0.1961412579755062,52,52,31,0.36250345547030066,0.3133538511668912,0.6190104562203986,0.049944585705961254,0.054421467116384944
mahler,FA50,condition_mean_neural_and_behavior,published_input_causal_train_only;raw_preprocessing_fail,post_bounce,y,351612,48,,,0,,,0,,,0,,,0,,,0,,,0,,,0,,,0,,,0,,,0,53,0,,,,,
mahler,FA50,condition_mean_neural_and_behavior,published_input_causal_train_only;raw_preprocessing_fail,post_bounce,y,356164,56,,,0,,,0,,,0,,,0,,,0,,,0,,,0,,,0,,,0,,,0,54,0,,,,,
mahler,FA50,condition_mean_neural_and_behavior,published_input_causal_train_only;raw_preprocessing_fail,post_bounce,y,356765,58,,,0,,,0,,,0,,,0,,,0,,,0,,,0,,,0,,,0,,,0,55,0,,,,,
mahler,FA50,condition_mean_neural_and_behavior,published_input_causal_train_only;raw_preprocessing_fail,post_bounce,y,370777,49,,,0,,,0,,,0,,,0,,,0,,,0,,,0,,,0,,,0,,,0,56,0,,,,,
mahler,FA50,condition_mean_neural_and_behavior,published_input_causal_train_only;raw_preprocessing_fail,post_bounce,y,377134,51,,,0,,,0,,,0,,,0,,,0,,,0,,,0,,,0,,,0,,,0,57,0,,,,,
mahler,FA50,condition_mean_neural_and_behavior,published_input_causal_train_only;raw_preprocessing_fail,post_bounce,y,379400,46,,,0,,,0,,,0,,,0,,,0,,,0,,,0,,,0,,,0,,,0,58,0,,,,,
mahler,FA50,condition_mean_neural_and_behavior,published_input_causal_train_only;raw_preprocessing_fail,post_bounce,y,381514,52,,,0,,,0,,,0,,,0,,,0,,,0,,,0,,,0,,,0,,,0,59,0,,,,,
mahler,FA50,condition_mean_neural_and_behavior,published_input_causal_train_only;raw_preprocessing_fail,post_bounce,y,388571,46,,,0,,,0,,,0,,,0,,,0,,,0,,,0,,,0,,,0,,,0,60,0,,,,,
mahler,FA50,condition_mean_neural_and_behavior,published_input_causal_train_only;raw_preprocessing_fail,post_bounce,y,394672,41,,,0,,,0,,,0,,,0,,,0,,,0,,,0,,,0,,,0,,,0,61,0,,,,,
mahler,FA50,condition_mean_neural_and_behavior,published_input_causal_train_only;raw_preprocessing_fail,post_bounce,y,396358,53,,,0,,,0,,,0,,,0,,,0,,,0,,,0,,,0,,,0,,,0,62,0,,,,,
mahler,FA50,condition_mean_neural_and_behavior,published_input_causal_train_only;raw_preprocessing_fail,post_bounce,y,400995,60,,,0,,,0,,,0,,,0,,,0,,,0,,,0,,,0,,,0,,,0,63,0,,,,,
mahler,FA50,condition_mean_neural_and_behavior,published_input_causal_train_only;raw_preprocessing_fail,post_bounce,y,401673,46,,,0,,,0,,,0,,,0,,,0,,,0,,,0,,,0,,,0,,,0,64,0,,,,,
mahler,FA50,condition_mean_neural_and_behavior,published_input_causal_train_only;raw_preprocessing_fail,post_bounce,y,406460,40,,,0,,,0,,,0,,,0,,,0,,,0,,,0,,,0,,,0,,,0,65,0,,,,,
mahler,FA50,condition_mean_neural_and_behavior,published_input_causal_train_only;raw_preprocessing_fail,post_bounce,y,413189,63,,,0,,,0,,,0,,,0,,,0,,,0,,,0,,,0,,,0,,,0,66,0,,,,,
mahler,FA50,condition_mean_neural_and_behavior,published_input_causal_train_only;raw_preprocessing_fail,post_bounce,y,413513,37,,,0,,,0,,,0,,,0,,,0,,,0,,,0,,,0,,,0,,,0,67,0,,,,,
mahler,FA50,condition_mean_neural_and_behavior,published_input_causal_train_only;raw_preprocessing_fail,post_bounce,y,420020,48,,,0,,,0,,,0,,,0,,,0,,,0,,,0,,,0,,,0,,,0,68,0,,,,,
mahler,FA50,condition_mean_neural_and_behavior,published_input_causal_train_only;raw_preprocessing_fail,post_bounce,y,428615,50,0.7454712083027115,0.0588340433596981,50,0.7428360641867511,0.0678259447977741,50,8.618792010453287,1.1234632540527425,50,7.7927802893024545,1.1129178348128723,50,-0.0026351441159603,0.0163377676017111,50,0.8260117211508325,0.1991738491613923,50,-8.420769266576917,1.1502891277767435,50,-7.573069911876738,1.1609683661296777,50,1.6310944094035529,0.1518858772682894,50,1.2224353625875062,0.1118637078180993,50,69,49,1.09202778887373,0.9410519793279728,1.8812668951642482,0.12670311425885042,0.14013327058287683
mahler,FA50,condition_mean_neural_and_behavior,published_input_causal_train_only;raw_preprocessing_fail,post_bounce,y,435203,57,,,0,,,0,,,0,,,0,,,0,,,0,,,0,,,0,,,0,,,0,70,0,,,,,
mahler,FA50,condition_mean_neural_and_behavior,published_input_causal_train_only;raw_preprocessing_fail,post_bounce,y,448412,48,,,0,,,0,,,0,,,0,,,0,,,0,,,0,,,0,,,0,,,0,71,0,,,,,
mahler,FA50,condition_mean_neural_and_behavior,published_input_causal_train_only;raw_preprocessing_fail,post_bounce,y,454477,51,,,0,,,0,,,0,,,0,,,0,,,0,,,0,,,0,,,0,,,0,72,0,,,,,
mahler,FA50,condition_mean_neural_and_behavior,published_input_causal_train_only;raw_preprocessing_fail,post_bounce,y,456038,45,0.4411273793808703,0.160135453701673,45,0.4271112556244813,0.1757634164160211,45,4.82346247574784,1.04273432543527,45,5.96060102397873,1.19012523433171,45,-0.0140161237563888,0.0320046644528046,45,-1.137138548230891,0.2004896165885411,45,-4.135590325432816,1.192706613498555,45,-5.502408676812777,1.2430866554085993,45,1.451002081490535,0.2294373096859862,45,2.2206717590378946,0.3778096918799024,45,73,22,1.3224957940699762,1.1434150847004774,2.243229602124986,0.2741797620940201,0.22187289314445743
mahler,FA50,condition_mean_neural_and_behavior,published_input_causal_train_only;raw_preprocessing_fail,post_bounce,y,460651,46,,,0,,,0,,,0,,,0,,,0,,,0,,,0,,,0,,,0,,,0,74,0,,,,,
mahler,FA50,condition_mean_neural_and_behavior,published_input_causal_train_only;raw_preprocessing_fail,post_bounce,y,463174,54,-0.049899327407058,0.1568829014932286,54,-0.0313585413401909,0.1523078596158792,54,7.280906379196319,1.35964954412827,54,9.257177399008423,1.634270574062154,54,0.018540786066867,0.032250969830325,54,-1.9762710198121052,0.3826967991479983,54,-6.357751142882662,1.5942246648511609,54,-8.914695211866231,1.71778961071532,54,0.6617577220740921,0.0851772393643031,54,1.239678740254381,0.1561521013043772,54,75,28,2.6369447565642763,2.293042412515996,4.469168087366369,0.3621725948981846,0.28485408055880307
mahler,FA50,condition_mean_neural_and_behavior,published_input_causal_train_only;raw_preprocessing_fail,post_bounce,y,464785,55,,,0,,,0,,,0,,,0,,,0,,,0,,,0,,,0,,,0,,,0,76,0,,,,,
mahler,FA50,condition_mean_neural_and_behavior,published_input_causal_train_only;raw_preprocessing_fail,post_bounce,y,465431,50,,,0,,,0,,,0,,,0,,,0,,,0,,,0,,,0,,,0,,,0,77,0,,,,,
mahler,FA50,condition_mean_neural_and_behavior,published_input_causal_train_only;raw_preprocessing_fail,post_bounce,y,469268,52,0.4886773795477729,0.1245256759463969,52,0.4687013312623852,0.1354151447664784,52,4.825877102486853,1.1375099604724064,52,5.611176190946721,1.153447942814022,52,-0.0199760482853876,0.0255231612048331,52,-0.785299088459867,0.1966602818291344,52,-4.211445616643461,1.2770458053299456,52,-5.130167819235893,1.2371433579165096,52,1.8082763315562775,0.2154776360050466,52,2.4103026062096315,0.3096686638632705,52,78,18,0.8127309861817967,0.7087826303487551,1.3603435407628304,0.1684110409199984,0.14484146612488963
mahler,FA50,condition_mean_neural_and_behavior,published_input_causal_train_only;raw_preprocessing_fail,visible,y,29337,45,-0.5277954342769325,0.1177813522223655,45,-0.5288693169074831,0.1234402455202676,45,4.368622282116392,0.522675927697195,45,4.409722139968275,0.5199957755073765,45,-0.0010738826305507,0.0203799806624567,45,-0.0410998578518843,0.05870531250211,45,3.2291948682982214,0.717969271168922,45,3.353535116387305,0.7077615029066565,45,0.9534535355108518,0.1201240249848239,45,1.018529809288922,0.1358054899238918,45,0,35,0.20844857903140346,0.18260184329365642,0.3518282240884827,0.04771494662853295,0.04727022982742925
mahler,FA50,condition_mean_neural_and_behavior,published_input_causal_train_only;raw_preprocessing_fail,visible,y,55062,48,0.6920974935342454,0.0640972689204089,48,0.6916790675852931,0.0629203418295995,48,5.257224227357932,0.8519624727883508,48,5.123081427650016,0.8879277632478993,48,-0.000418425948952,0.0114728011616429,48,0.1341427997079172,0.109143391080754,48,4.797667425867751,0.9158718033595792,48,4.641557203971409,0.9548531270080474,48,1.8594985074213912,0.1796909298268559,48,1.9036326406802428,0.193996825855681,48,1,35,0.12279929226963644,0.05360687435721364,0.39936118313552527,0.02335819949063698,0.023969810748443465
mahler,FA50,condition_mean_neural_and_behavior,published_input_causal_train_only;raw_preprocessing_fail,visible,y,58244,58,0.4880219562376229,0.1574526457946161,58,0.4675208629749706,0.1667327547264908,58,2.28325834312096,0.3525883241896886,58,2.340515242264269,0.4117500820028547,58,-0.0205010932626523,0.0268373652912776,58,-0.0572568991433097,0.1003540694211712,58,-0.7171577362689293,0.8595887273036706,58,-0.9527622089192233,0.8752820209477902,58,0.9764959415661308,0.1448032011927999,58,0.9977534928422034,0.1537791714545024,58,2,35,0.1779414486178955,0.1558746443047304,0.30034282118396183,0.07793312095146857,0.07602661388598811
mahler,FA50,condition_mean_neural_and_behavior,published_input_causal_train_only;raw_preprocessing_fail,visible,y,59920,43,,,0,,,0,,,0,,,0,,,0,,,0,,,0,,,0,,,0,,,0,3,0,,,,,
mahler,FA50,condition_mean_neural_and_behavior,published_input_causal_train_only;raw_preprocessing_fail,visible,y,68220,53,0.4010197410058349,0.1695979171199849,53,0.3949300058536241,0.185002162099944,53,2.740393161934778,0.4059738210690064,53,2.6871967184540355,0.4207073705606613,53,-0.0060897351522109,0.026195028654855,53,0.0531964434807417,0.0659290163688606,53,1.36449321087732,0.7663197273332611,53,1.3133014758168322,0.7710769621431862,53,0.7367933645021368,0.0987036078226487,53,0.7585797447741143,0.1062108136400729,53,4,36,0.11877687755877542,0.10401672326641463,0.20061971857148198,0.043343006108990695,0.04420103550405816
mahler,FA50,condition_mean_neural_and_behavior,published_input_causal_train_only;raw_preprocessing_fail,visible,y,72780,47,0.3368275116327001,0.1296317776670246,47,0.3489324570992349,0.128762281143273,47,7.156239818450993,1.0206168698664486,47,7.326024633280235,0.9987693601774708,47,0.0121049454665347,0.0126174514602543,47,-0.1697848148292413,0.1129650402612265,47,-6.793779994770528,1.0873855720683556,47,-6.972272566395341,1.063236632732793,47,1.7238229721424108,0.1987437330466814,47,1.7357836257288757,0.2081020581914118,47,5,33,0.013359457844754315,0.006333773855640843,0.04022318411731263,0.0018668264596596543,0.0018235616877488718
mahler,FA50,condition_mean_neural_and_behavior,published_input_causal_train_only;raw_preprocessing_fail,visible,y,77046,50,0.0539928740882063,0.1230701709222426,50,0.0346087715784067,0.1286841695948697,50,2.647086787765464,0.3802419589287869,50,2.6033679449636007,0.3530846445602404,50,-0.0193841025097995,0.0247952704770516,50,0.0437188428018626,0.1259685462943304,50,-0.7815728763883796,1.0368930177909563,50,-0.5318486026300177,1.186260451076348,50,0.9292555850428104,0.1122727286022264,50,1.001752944533001,0.1144328809515528,50,6,32,0.24529378164621404,0.21509239123768792,0.4130440333867411,0.09266556078929267,0.09422171081147104
mahler,FA50,condition_mean_neural_and_behavior,published_input_causal_train_only;raw_preprocessing_fail,visible,y,77944,48,0.5277394986760833,0.0920496998929772,48,0.4939786317616929,0.0949218577071434,48,2.1646272046598654,0.3067348142870208,48,2.2530912761413666,0.3592334253471148,48,-0.0337608669143904,0.0175088849018728,48,-0.0884640714815014,0.1132233004638835,48,0.4266201804638147,1.0445825757575626,48,0.6536764887632652,1.099230873232432,48,1.4348927100105164,0.1470386945905655,48,1.567129390736546,0.1575053353019166,48,7,31,0.2874009259070859,0.2521133248015199,0.4835108946272175,0.1327715577483219,0.12755849217049356
mahler,FA50,condition_mean_neural_and_behavior,published_input_causal_train_only;raw_preprocessing_fail,visible,y,90751,53,0.4339801086401507,0.0869094332321361,53,0.4356499123786755,0.0934845490928437,53,3.0459675863847773,0.4114695476861129,53,3.028581186937197,0.51662972220522,53,0.0016698037385247,0.015387757446763,53,0.0173863994475798,0.1438919766896557,53,1.1938919061433533,0.9757750483806956,53,1.496009719664886,1.0144665363358334,53,0.9484811002722192,0.0716762100104675,53,1.010156364505963,0.0799667623564886,53,8,36,0.4897828221141426,0.4289222945033149,0.8272584353947727,0.16079712217012132,0.1617202220718606
mahler,FA50,condition_mean_neural_and_behavior,published_input_causal_train_only;raw_preprocessing_fail,visible,y,93053,48,0.4070427093976565,0.3869985882375509,48,0.4123636310375768,0.3925883950152194,48,3.4919576674528443,1.300963565472092,48,3.5863361321730145,1.1242259957328815,48,0.0053209216399203,0.0280846926784551,48,-0.0943784647201695,0.2882191162675514,48,0.8258861572582095,2.490454502817995,48,1.1393009412333603,2.437330913924073,48,1.1712992062531151,0.2183835321253716,48,1.1781878764848577,0.2135772760161358,48,9,33,1.4416067944931584e-15,1.0698512782751509e-15,3.552713678800501e-15,4.128362746002922e-16,4.0197202419497344e-16
mahler,FA50,condition_mean_neural_and_behavior,published_input_causal_train_only;raw_preprocessing_fail,visible,y,99902,46,0.607439962444323,0.089676944731492,46,0.6231239245766023,0.090865256556316,46,5.838519371976488,0.8593106492632692,46,5.864560166473228,0.8943559072351716,46,0.0156839621322794,0.009844665589826,46,-0.0260407944967396,0.1272745537767815,46,5.577792102806489,0.8844496424491279,46,5.614466357469675,0.9195739974985092,46,1.2255282003750647,0.1372771417629072,46,1.2259360696756043,0.1476988123341755,46,10,32,0.0007154319798331245,0.0002792468854812269,0.002540706676944282,0.0001225365429576253,0.00012199243583911664
mahler,FA50,condition_mean_neural_and_behavior,published_input_causal_train_only;raw_preprocessing_fail,visible,y,105802,56,-0.3818226092226316,0.12077902483916,56,-0.3990846777088816,0.1130015661936787,56,6.168496698475037,0.9428901945009543,56,6.456597261601879,1.010714182555725,56,-0.0172620684862499,0.0195023663991954,56,-0.288100563126842,0.1264284255898375,56,5.326185978566495,1.0798033831734233,56,5.7007502449315135,1.1199769091417715,56,1.1204491206287674,0.1154406942224871,56,1.264131824032649,0.1412046827058268,56,11,31,0.28636152830002276,0.23507410689834313,0.5140133088744303,0.046423227943173974,0.04435177179209356
mahler,FA50,condition_mean_neural_and_behavior,published_input_causal_train_only;raw_preprocessing_fail,visible,y,118879,59,0.473867916943252,0.1425742463554156,59,0.4643042459448004,0.145310433670947,59,2.6051013791793687,0.4362868646029003,59,2.49327086090845,0.3973130193363462,59,-0.0095636709984516,0.0187186547457708,59,0.1118305182709181,0.106215669350313,59,-1.3158284606714024,0.9060125507731936,59,-1.1012605549964007,0.937082280618979,59,1.813810628899844,0.1948057877730982,59,2.175049518515761,0.2386576900395288,59,12,28,0.49784159098042435,0.43727792539936633,0.8350031606168828,0.19110257856346807,0.1996740902827663
mahler,FA50,condition_mean_neural_and_behavior,published_input_causal_train_only;raw_preprocessing_fail,visible,y,122957,51,-0.5420082598346663,0.0903991265958114,51,-0.5569104704958667,0.0948075880406057,51,4.8609797896578,0.5717815036803177,51,4.810180054382282,0.5708369686455653,51,-0.0149022106612003,0.0144194038413358,51,0.0507997352755184,0.0729257918595711,51,3.493249887502159,0.7103433533335792,51,3.31642388133978,0.7089675854553126,51,1.9678847676416056,0.2091700005447528,51,1.910478158210219,0.2060408546792731,51,13,27,0.12751800888138917,0.11211029917590823,0.21352627879265285,0.02623298478892999,0.02651002819846936
mahler,FA50,condition_mean_neural_and_behavior,published_input_causal_train_only;raw_preprocessing_fail,visible,y,126479,53,0.5643277986304419,0.1262048996203048,53,0.5428958905752362,0.1364821426109094,53,2.3546918092622775,0.5150684632425567,53,2.0091811756171376,0.3768059801504935,53,-0.0214319080552055,0.0222483064558855,53,0.3455106336451403,0.2340554660865354,53,1.3838398175038455,0.7329555462996918,53,0.5243811537544617,0.7948928412821263,53,1.4249263232746974,0.1770736334221295,53,1.9761514394766353,0.254429499664853,53,14,28,0.941855322211429,0.8272935771590425,1.5796879069769174,0.39999091112756335,0.4687757050690712
mahler,FA50,condition_mean_neural_and_behavior,published_input_causal_train_only;raw_preprocessing_fail,visible,y,158705,57,0.2263703840200902,0.1519874736832981,57,0.2507843655489263,0.1457509098587767,57,7.905125862340195,0.8603959380796816,57,8.009784472964336,0.8591470872780183,57,0.024413981528836,0.0232238616893125,57,-0.1046586106241407,0.1261918503441771,57,-7.5346089810879135,0.9058625134964646,57,-7.634645444753555,0.9000825707296068,57,0.8878860334140652,0.1275078168248273,57,0.8988725228123802,0.1325903035558568,57,15,31,0.08323778735132593,0.06708883901302248,0.15207333498418452,0.010529596720005243,0.010392013372180103
mahler,FA50,condition_mean_neural_and_behavior,published_input_causal_train_only;raw_preprocessing_fail,visible,y,159613,50,0.1511419842679787,0.1435216342215361,50,0.1317700609239757,0.1430249251563069,50,3.8389130239968505,0.65155446847733,50,3.816139618408736,0.6512415130838528,50,-0.019371923344003,0.0212292163670236,50,0.0227734055881143,0.0532225903359835,50,2.51821547965052,0.9816375968846348,50,2.521716096798308,1.0059595233677536,50,0.8288230413972391,0.0872677399310569,50,0.8452416527089365,0.0880340915350826,50,16,31,0.16188832944894813,0.14201208575695698,0.27235249151790275,0.042170356149512214,0.04242201429633561
mahler,FA50,condition_mean_neural_and_behavior,published_input_causal_train_only;raw_preprocessing_fail,visible,y,163248,39,0.1868108329640535,0.1835589500128294,39,0.1674249204085455,0.1844468822494928,39,1.7976835983470658,0.34972738524544,39,1.793315140619435,0.3236033971095287,39,-0.0193859125555079,0.0281104461805871,39,0.0043684577276301,0.128780032037767,39,-0.2589556983769305,0.9503971516171024,39,-0.0313159144926078,0.9647053294967922,39,7.071024085998128,0.8519822893011669,39,4.252669694342615,0.5176421458743528,39,17,22,0.3062885442483408,0.2699984588451066,0.5093409265260802,0.1703795620819854,0.17079460118902728
mahler,FA50,condition_mean_neural_and_behavior,published_input_causal_train_only;raw_preprocessing_fail,visible,y,167848,56,0.1431888401982328,0.1825209270493649,56,0.1624791568234869,0.1924579574724789,56,6.240106632392584,1.2138750733847723,56,6.3823936138435835,1.2147755202321682,56,0.0192903166252541,0.0342432918777782,56,-0.1422869814509996,0.1455553133087803,56,-5.82939098255231,1.3018815253574236,56,-5.9709477621496765,1.2959438155330638,56,0.9624341484762594,0.1130690435348583,56,0.935353162521629,0.1123340955643519,56,18,27,0.13874818546883308,0.12197468399863026,0.2323494294080728,0.02223490617108801,0.021739208495051846
mahler,FA50,condition_mean_neural_and_behavior,published_input_causal_train_only;raw_preprocessing_fail,visible,y,179553,58,-0.5682282819350971,0.0779568650466078,58,-0.5636256529225676,0.0789027825487602,58,4.309968715234235,0.6455347135888585,58,4.317013842888584,0.7004741440134565,58,0.0046026290125292,0.0140620564237985,58,-0.0070451276543489,0.1193923425192824,58,3.1171716808038026,0.844350574800687,58,3.2526426987697588,0.8998249921131474,58,1.799956216696537,0.2515789003985641,58,1.9984765568220884,0.2934027225394165,58,19,24,0.2832432190470705,0.24933168662062224,0.4725956336995294,0.06571816125855034,0.06561091285673244
mahler,FA50,condition_mean_neural_and_behavior,published_input_causal_train_only;raw_preprocessing_fail,visible,y,182748,51,0.3700952727456076,0.138970726506808,51,0.3294374553917758,0.151769357016478,51,4.721069290998583,0.7430015401663913,51,4.851593804475585,0.744652871228403,51,-0.0406578173538318,0.030410514622735,51,-0.1305245134770029,0.0996950563625216,51,-3.9635324288428646,0.8657947528571835,51,-4.070654055475143,0.8555503926287447,51,0.8820972988807598,0.1157919754266917,51,0.8845725909812631,0.1152801962241098,51,20,31,9.69768132017137e-16,7.288076951974818e-16,1.7763568394002505e-15,2.0541281481848683e-16,1.9988650556906226e-16
mahler,FA50,condition_mean_neural_and_behavior,published_input_causal_train_only;raw_preprocessing_fail,visible,y,183171,51,0.7285823791922936,0.0765587441246985,51,0.7078895518997678,0.0809164088330027,51,2.4055023291511066,0.8569644313066257,51,2.2527489227466493,0.7439461326846168,51,-0.0206928272925259,0.0130921848680081,51,0.1527534064044568,0.1870064495034973,51,-1.4569123713841985,1.245672862620484,51,-1.0207271457552316,1.2639401012932283,51,1.8854221116949517,0.2486277958753697,51,2.2419461330730552,0.3007132390255717,51,21,24,0.4805949573282288,0.42306818473996327,0.801853235175729,0.1997898532477535,0.21333711559043456
mahler,FA50,condition_mean_neural_and_behavior,published_input_causal_train_only;raw_preprocessing_fail,visible,y,184642,57,0.3080672479368331,0.149527632603467,57,0.2883512536060738,0.1576783060076422,57,4.497783273288618,0.6548585577404121,57,4.486868890591976,0.6713388034233178,57,-0.0197159943307592,0.0234747863602522,57,0.0109143826966429,0.0851477672290912,57,-3.7563042425178974,0.7372664771688423,57,-3.7611975505475534,0.746492871159576,57,1.2638419091103332,0.1548317844069159,57,1.279589734829917,0.1633742882507854,57,22,27,0.12018610206995428,0.10561707879228652,0.2013471830765945,0.026721185696899647,0.026786185422524686
mahler,FA50,condition_mean_neural_and_behavior,published_input_causal_train_only;raw_preprocessing_fail,visible,y,187617,54,-0.5119432281676156,0.1331515432718053,54,-0.5099484605441043,0.1405277704079903,54,6.7443706875197655,0.8841167148877432,54,6.636253380513352,0.8849988191419037,54,0.0019947676235111,0.015742003778285,54,0.1081173070064124,0.0987384364348628,54,6.010396329737508,0.9916835708206791,54,5.829640905122959,1.0098590076811953,54,2.3347371323401767,0.2989667981559759,54,1.969498665287444,0.2565591612273884,54,23,24,0.2801659677656391,0.21696264301033275,0.5288348416359536,0.04154071309930769,0.0422174910602896
mahler,FA50,condition_mean_neural_and_behavior,published_input_causal_train_only;raw_preprocessing_fail,visible,y,197632,47,6.163526060150953e-05,0.1223553559357214,47,0.0022830200419657,0.1155114650201171,47,5.015590628143151,0.6257294391221879,47,4.967447455341115,0.6371667948690845,47,0.0022213847813641,0.0195225957575183,47,0.0481431728020356,0.0889711002875989,47,3.887964108817276,0.8691465488835736,47,3.83756809354914,0.891571757630231,47,0.9857250157325144,0.102234788618892,47,1.0097158551704235,0.1149842458075689,47,24,29,0.07911636858038393,0.06946042472466453,0.1328403717770702,0.01577408812761779,0.015926966372903688
mahler,FA50,condition_mean_neural_and_behavior,published_input_causal_train_only;raw_preprocessing_fail,visible,y,199564,49,-0.1105057638954906,0.1728784211705156,49,-0.1221920154544302,0.1690937107159074,49,2.9699925091884327,0.5515840116202488,49,2.8971387912522677,0.4928518731945972,49,-0.0116862515589396,0.0216927439956158,49,0.0728537179361653,0.0878102068242197,49,1.2394435937929134,0.927687875297209,49,1.0090606572677965,0.9128597487336322,49,1.0314013457736733,0.1407088608515147,49,1.0408346673543,0.1441800824941784,49,25,26,0.020188757437878464,0.01775078764898895,0.033779881399451095,0.006797578571467561,0.006968515798703595
mahler,FA50,condition_mean_neural_and_behavior,published_input_causal_train_only;raw_preprocessing_fail,visible,y,204372,53,0.2202642974597168,0.1879654390029947,53,0.1836126797983709,0.1931506862887919,53,2.7793705251041487,0.5435128070266926,53,2.9993364614068376,0.6467309644568495,53,-0.0366516176613459,0.0371951900204536,53,-0.2199659363026895,0.1434733363727149,53,-1.5755235121650006,0.8238601831069327,53,-2.072183163457071,0.8346781809750502,53,0.791747546616899,0.1130647441317688,53,0.9066275202530488,0.1281308412127112,53,26,27,0.48131057394950466,0.4229732245826979,0.8063219352316437,0.17317251140218845,0.16047235118254993
mahler,FA50,condition_mean_neural_and_behavior,published_input_causal_train_only;raw_preprocessing_fail,visible,y,204678,45,0.6234463816509417,0.0872291805278622,45,0.595865408748459,0.0943248986935851,45,6.385319127411886,0.8067460927431315,45,6.528291932355976,0.8723850993586652,45,-0.0275809729024828,0.0149311714330822,45,-0.1429728049440889,0.1587128997439894,45,-6.076418033409464,0.8579666037011209,45,-6.224960148308767,0.9179005793902854,45,1.7109962600002158,0.2206020687205709,45,1.6712232346077769,0.2266336322576919,45,27,24,1.5595900501194067e-15,1.1102230246251565e-15,3.552713678800501e-15,2.442462183955939e-16,2.3889710605459563e-16
mahler,FA50,condition_mean_neural_and_behavior,published_input_causal_train_only;raw_preprocessing_fail,visible,y,206128,53,-0.0397412856996285,0.1619306380570925,53,-0.0470950638662056,0.1657799523287635,53,4.836991423212616,0.9262636032989412,53,5.009428343654082,0.9940259464376132,53,-0.0073537781665771,0.0237266758470664,53,-0.172436920441465,0.1564668979365068,53,-3.437284243403232,1.3334476318031652,53,-3.7938399449153937,1.371001884673888,53,0.7498482007209263,0.0709583629776799,53,0.8127396168496134,0.0807214998207279,53,28,21,0.3977822890113589,0.35090567631054564,0.6602860943199846,0.08223754276313379,0.07940672302764197
mahler,FA50,condition_mean_neural_and_behavior,published_input_causal_train_only;raw_preprocessing_fail,visible,y,217817,49,-0.4264804377289239,0.109368736996666,49,-0.4434062919452512,0.1144416074374727,49,5.212860164190466,0.6850509991441607,49,5.21107334902116,0.7073317637225408,49,-0.0169258542163272,0.0212792301354447,49,0.0017868151693048,0.0827789635469605,49,4.4737426151618,0.828721524722344,49,4.439665587169396,0.8605732539912376,49,2.3139652747978787,0.3302478338894955,49,2.1660167593170323,0.3119986447213375,49,29,23,0.09170498455757654,0.0659567078582235,0.1853937253801643,0.017592066863320113,0.017598098974139803
mahler,FA50,condition_mean_neural_and_behavior,published_input_causal_train_only;raw_preprocessing_fail,visible,y,218791,56,0.205632087770242,0.1025125552150071,56,0.2845671842774872,0.100890650899063,56,5.773467794245887,0.8946231417825836,56,5.964978164788967,0.9465645128768924,56,0.0789350965072452,0.0393667904253133,56,-0.1915103705430794,0.1190162292132382,56,5.379827528153535,0.9793651770814008,56,5.612483450773306,1.0260246102043555,56,1.9659604122780152,0.2163011606716636,56,2.2726018527456775,0.261214769395156,56,30,27,0.3129676548366147,0.1985832835972538,0.7143959242403435,0.054207915587324,0.05246752732206977
mahler,FA50,condition_mean_neural_and_behavior,published_input_causal_train_only;raw_preprocessing_fail,visible,y,226533,59,-0.0787650718179301,0.1885317663410911,59,-0.0363056448511557,0.1940816573303621,59,4.313928920277262,0.8911690621656895,59,4.053612304293612,0.8976631006121333,59,0.0424594269667743,0.0365396532088253,59,0.2603166159836506,0.1037355861732488,59,-3.861821432945768,1.0034502324440189,59,-3.4867035956910777,1.061865340613502,59,1.2781050855058338,0.1670474344280954,59,1.019899991463431,0.1305040941542911,59,31,22,0.548149667924848,0.48318093767166687,0.911588865721229,0.12706506714756385,0.13522498620409365
mahler,FA50,condition_mean_neural_and_behavior,published_input_causal_train_only;raw_preprocessing_fail,visible,y,232533,53,0.1762251021519717,0.1499955720792259,53,0.139108570395143,0.1556921035163557,53,2.687184554879309,0.4487755782649869,53,2.7059736835474584,0.4684498508832325,53,-0.0371165317568287,0.023706675653109,53,-0.0187891286681489,0.1000206677835426,53,1.08166947694907,0.9946063119537653,53,1.1364915531318158,0.9985117435326166,53,2.1107698255443426,0.2817846409068186,53,2.1783702980685,0.3116604931107968,53,32,21,0.09960796373917385,0.08787360264441704,0.1653328540765373,0.037067779196002265,0.03681039632602432
mahler,FA50,condition_mean_neural_and_behavior,published_input_causal_train_only;raw_preprocessing_fail,visible,y,241919,43,0.2601500488091445,0.181935266895344,43,0.2466319521769513,0.1900891264990236,43,5.286795921105947,0.8986210072157494,43,5.408564704710874,0.9302267785002936,43,-0.0135180966321931,0.0240412319035773,43,-0.1217687836049277,0.1254655872146237,43,4.63851626245581,1.020175584811116,43,4.772765905163731,1.046972478528691,43,0.9110167721903644,0.1045526611178359,43,0.8990718266542328,0.1056072941035689,43,33,27,9.781917301646563e-16,7.072531860575071e-16,1.7763568394002505e-15,1.8502543785726988e-16,1.8085976290764327e-16
mahler,FA50,condition_mean_neural_and_behavior,published_input_causal_train_only;raw_preprocessing_fail,visible,y,242380,50,0.6141040951708909,0.0898269131918258,50,0.5918731273372437,0.0988684745916769,50,2.0410206845068166,0.3796857491539845,50,2.0680025324886,0.4024158521122683,50,-0.0222309678336471,0.0226211115338554,50,-0.0269818479817826,0.0779763960236685,50,-0.0914621744981923,1.0288102896551916,50,-0.1946773352239133,1.0401944502639509,50,1.05118715009578,0.1530627823944859,50,1.0229196942290713,0.1542622619384048,50,34,26,6.171866114137143e-16,4.440892098500626e-16,1.3322676295501878e-15,3.02391159530482e-16,2.984457715682785e-16
mahler,FA50,condition_mean_neural_and_behavior,published_input_causal_train_only;raw_preprocessing_fail,visible,y,244437,50,0.5779411989943473,0.0813038154368727,50,0.5618350143011825,0.0856355784891421,50,3.3576094365168063,0.4424952276638564,50,3.1482874903738014,0.4042757216331381,50,-0.0161061846931647,0.0155226024941813,50,0.2093219461430039,0.0875310395477467,50,-2.0353215595772496,0.7213747122240779,50,-1.5312843217914147,0.7687764133022448,50,2.829291223010257,0.2967298834512616,50,3.880242859581472,0.3948741415318413,50,35,21,0.6506060301051758,0.5739429241827797,1.0799371557068627,0.19377061043172322,0.20665394507155643
mahler,FA50,condition_mean_neural_and_behavior,published_input_causal_train_only;raw_preprocessing_fail,visible,y,245662,41,0.545862305970324,0.0983310053810329,41,0.5216772374900523,0.1060557880459358,41,6.388607940266081,0.9897009680047928,41,6.616621164110201,1.0105298727148193,41,-0.0241850684802717,0.0221781049911386,41,-0.2280132238441194,0.1003911953483125,41,-6.131050362314937,1.03326846397128,41,-6.357042128971134,1.0535560578996612,41,1.258151824716556,0.1817918025818344,41,1.1925871923396598,0.1751428650651083,41,36,28,0.21236740085070197,0.1000069937794527,0.6371527420279293,0.033241576699705414,0.0320960495672055
mahler,FA50,condition_mean_neural_and_behavior,published_input_causal_train_only;raw_preprocessing_fail,visible,y,248856,53,-0.1455710608854283,0.1219792663725196,53,-0.1465555549512566,0.1200380577773797,53,3.8491077969040712,0.4603283236582745,53,4.038735387357296,0.5440916450382636,53,-0.0009844940658282,0.0193127071142404,53,-0.1896275904532244,0.1201426723481279,53,2.01092599987252,0.6702306573426227,53,2.719780082113725,0.6928252713769002,53,0.9179940151850812,0.1200584035337049,53,1.1529333511583568,0.1693979035370059,53,37,18,0.9156690226256614,0.8100415978928042,1.5095301630397318,0.23789123894169859,0.22672171727121238
mahler,FA50,condition_mean_neural_and_behavior,published_input_causal_train_only;raw_preprocessing_fail,visible,y,251629,52,0.4188524218936878,0.1267663804761323,52,0.4422056917947015,0.13502791030213,52,6.79650822003859,0.6833605910995075,52,6.990298241466002,0.7199640747762046,52,0.0233532699010137,0.03456693641523,52,-0.1937900214274114,0.1032637799307848,52,6.520858530508608,0.6971377196821676,52,6.722157274076478,0.7230910771320194,52,1.231066320969214,0.1559774498330109,52,1.164760574718976,0.1540857003460845,52,38,29,0.4044713601155585,0.20521599698274517,1.1384256618816053,0.05951164142243352,0.05786181735655573
mahler,FA50,condition_mean_neural_and_behavior,published_input_causal_train_only;raw_preprocessing_fail,visible,y,258471,53,0.2233436433622275,0.1628341046526827,53,0.2309859124045114,0.1608013488520365,53,3.765499963651705,0.5962842840366758,53,3.8545602712162026,0.6195675020512007,53,0.0076422690422839,0.0252170281532657,53,-0.0890603075644971,0.1008756550699737,53,-2.9368214207304923,0.7102508707851283,53,-3.097884283980878,0.7424137494731867,53,0.8279276611496996,0.1155145198180427,53,0.8697956215256841,0.1230868150190226,53,39,26,0.1822371233317294,0.1602285823162547,0.30492338112805184,0.0483965277096961,0.04727831724219722
mahler,FA50,condition_mean_neural_and_behavior,published_input_causal_train_only;raw_preprocessing_fail,visible,y,269179,52,0.5273563747650953,0.1391807137133525,52,0.5106508670784536,0.1492806502875058,52,2.106019064638831,0.4104099270933179,52,2.0649901398286747,0.3895399279721255,52,-0.0167055076866416,0.0224368247248525,52,0.0410289248101565,0.075251910426126,52,-0.903128425209645,0.7896988003880425,52,-0.7903227281026045,0.799943212886817,52,1.6147055326213684,0.2268317289002223,52,1.5407521531847534,0.2193160480336999,52,40,21,0.07335633121837754,0.064712604436855,0.12176354236602904,0.034831750789947234,0.03552381670183842
mahler,FA50,condition_mean_neural_and_behavior,published_input_causal_train_only;raw_preprocessing_fail,visible,y,270569,46,0.5082784837591908,0.1393462480599731,46,0.4895232803685633,0.1470122359070771,46,2.5572460609449834,0.51713706867364,46,2.562498654778456,0.4932036436969652,46,-0.0187552033906274,0.0221805733527555,46,-0.0052525938334732,0.0668898009808362,46,-0.7186502580456076,1.1946125520099409,46,-0.6426475152707094,1.1755217874565267,46,0.8573961234289221,0.1096875627086458,46,0.851069664286335,0.1137051291802315,46,41,28,7.58618651885818e-16,4.515237390328203e-16,2.6645352591003757e-15,2.9665453922157353e-16,2.960464585888359e-16
mahler,FA50,condition_mean_neural_and_behavior,published_input_causal_train_only;raw_preprocessing_fail,visible,y,273073,52,0.7320615969722749,0.0640116587922819,52,0.7085799413096018,0.0700943158537097,52,7.262303140864798,0.9028743156128078,52,7.296507359411478,0.9437187351777186,52,-0.0234816556626731,0.0122728073621162,52,-0.0342042185466804,0.117555268862405,52,-6.939919985113392,0.9584802331786186,52,-6.984096700039158,1.008354331299776,52,3.396566779008088,0.4204370884317825,52,3.3856884270105967,0.4550829523024009,52,42,19,0.058139871096921945,0.021550425012107827,0.20256332591731763,0.008005707000823243,0.007968178230085604
mahler,FA50,condition_mean_neural_and_behavior,published_input_causal_train_only;raw_preprocessing_fail,visible,y,273515,43,0.6334793537757816,0.0761197302142172,43,0.5670683527032627,0.083887496667637,43,8.233344526437234,0.9973037300207952,43,8.181081825879238,1.0317637090008265,43,-0.066411001072519,0.0171120637957616,43,0.0522627005579956,0.1113955207149338,43,-7.731300139730707,1.0837001732177267,43,-7.6882417880807665,1.1217916866320456,43,6.170696094851952,0.5945685629587177,43,5.955356343078752,0.5821658147102351,43,43,19,0.0660704909212426,0.03686932414695501,0.16693782617842068,0.008024745072806141,0.008076009056924679
mahler,FA50,condition_mean_neural_and_behavior,published_input_causal_train_only;raw_preprocessing_fail,visible,y,287936,52,-0.3755836137415792,0.0935519138706383,52,-0.3577725867790833,0.0966927714512687,52,6.906717681810905,0.7503933938505545,52,6.64963139064527,0.7505257632002538,52,0.0178110269624959,0.0175230797119851,52,0.2570862911656352,0.1052359541632369,52,-5.948949957109396,0.8567363442921889,52,-5.553785357206864,0.8750536388452074,52,2.476012733725246,0.2507268071077486,52,2.059686882820159,0.2185192960239129,52,44,20,0.5054505520661365,0.44627866495135204,0.8372475460788884,0.07318245443812756,0.07601181514770977
mahler,FA50,condition_mean_neural_and_behavior,published_input_causal_train_only;raw_preprocessing_fail,visible,y,297652,55,0.8233604587985786,0.0472195556363707,55,0.8190281477495265,0.0546732297833219,55,2.944106663073832,0.5106691758912965,55,2.844311271242235,0.5154322938061924,55,-0.004332311049052,0.0128360964018841,55,0.0997953918315971,0.1209460325110092,55,-1.4174550986758134,0.9876119012822124,55,-1.2257580958477643,1.0616722100510827,55,3.3568591550657705,0.4060667655113298,55,3.8464742841210713,0.4938883036439341,55,45,18,0.3458364868143363,0.3059228493013229,0.5701713746927757,0.11746737682841332,0.12158883252721296
mahler,FA50,condition_mean_neural_and_behavior,published_input_causal_train_only;raw_preprocessing_fail,visible,y,301600,50,-0.1546577032653706,0.1675459024181598,50,-0.1457165032269475,0.1692500772016211,50,5.29026666766329,0.9964078089767366,50,5.110605569038364,0.9570880430065426,50,0.0089412000384231,0.0305094591137285,50,0.1796610986249262,0.133946310797584,50,-4.845548770455452,1.092188307518548,50,-4.602471005478236,1.0662077261554557,50,2.0792564043838984,0.2984210787760627,50,1.8810332727098171,0.2657929340368426,50,46,18,0.24132552207313618,0.21348500768605208,0.3978430851724384,0.04561689178132293,0.04722053361643896
mahler,FA50,condition_mean_neural_and_behavior,published_input_causal_train_only;raw_preprocessing_fail,visible,y,320246,53,0.6864785683760911,0.0827018420532245,53,0.6488855715685397,0.0886278372358048,53,6.907909378305176,0.9985982040002864,53,6.943964576992572,1.0143116182732197,53,-0.0375929968075514,0.0137441984191009,53,-0.0360551986873961,0.1133567936616652,53,-6.441378433613259,1.0899044338443045,53,-6.49180987817262,1.1041033514843646,53,5.6164521957425375,0.6693393451985215,53,5.325252810525744,0.6352703852722817,53,47,18,0.047682433941509915,0.029532376734854635,0.10946913210654152,0.006902585330847028,0.006866744985925772
mahler,FA50,condition_mean_neural_and_behavior,published_input_causal_train_only;raw_preprocessing_fail,visible,y,325813,56,0.5932756492631509,0.1656453630008778,56,0.5696907899180816,0.1743779533228497,56,5.1971632893233055,1.1325594239598724,56,5.351643046505118,1.249455191762583,56,-0.0235848593450692,0.0212151913744108,56,-0.1544797571818132,0.2436012742361159,56,4.900551816309083,1.2172534042786036,56,5.061037951702711,1.326156643140182,56,1.4759780013466444,0.2177546298160692,56,1.4475928325451437,0.2125649553456582,56,48,20,1.6011864169946884e-15,1.3766765505351941e-15,3.552713678800501e-15,3.08088533659132e-16,2.991952944321166e-16
mahler,FA50,condition_mean_neural_and_behavior,published_input_causal_train_only;raw_preprocessing_fail,visible,y,328386,47,0.1725528692575231,0.2416911528810862,47,0.1303379014598021,0.2494723882401467,47,2.489980456574488,0.4386515438749971,47,2.4136956653536887,0.4397936762809841,47,-0.042214967797721,0.0297941430330311,47,0.0762847912208002,0.1017987633273298,47,1.4979566676649252,0.7240799142419249,47,1.3713058471082702,0.7457751992752013,47,1.8936893938113064,0.1981331209077734,47,2.0522285584413145,0.208456150044907,47,49,18,0.18199831070874167,0.16099896036395606,0.30004433595476776,0.07309226473171605,0.07540234393306279
mahler,FA50,condition_mean_neural_and_behavior,published_input_causal_train_only;raw_preprocessing_fail,visible,y,330797,55,0.4359963469549404,0.1834752357172733,55,0.4016541152207205,0.1975933893838562,55,2.796744526447601,0.7176996574405244,55,2.8319559767229525,0.7049785951786536,55,-0.0343422317342198,0.0293491883114788,55,-0.0352114502753522,0.1357962202202094,55,-1.9654036499236789,0.9830705072552688,55,-2.0548513648732936,0.952928096028517,55,1.5922853463194355,0.2164550237490875,55,1.6252239635244397,0.2336082302105836,55,50,19,0.15919215538238812,0.1406844318892876,0.26309802994952225,0.056920520940320754,0.05621279309807638
mahler,FA50,condition_mean_neural_and_behavior,published_input_causal_train_only;raw_preprocessing_fail,visible,y,332165,48,0.0098131319389252,0.2178320384407001,48,-0.0227822080049474,0.2196641333867764,48,4.001621681227637,0.4324949635638944,48,4.1340664240213805,0.4842296234287171,48,-0.0325953399438726,0.036697357704153,48,-0.132444742793744,0.1212014100722572,48,0.9386433653375846,1.0233491303924578,48,1.1675151239956048,1.0363398798209078,48,0.5715130211379376,0.0661412921442803,48,0.5846567217181714,0.0691731384424176,48,51,34,7.292813028196812e-16,4.2857874112368176e-16,1.7763568394002505e-15,1.8224643929756717e-16,1.7640773708475602e-16
mahler,FA50,condition_mean_neural_and_behavior,published_input_causal_train_only;raw_preprocessing_fail,visible,y,340684,52,0.4186124590341614,0.1638978989286367,52,0.4045131160391565,0.1743843051993814,52,7.463690479782057,0.6681762421900148,52,7.313937516201131,0.6926928508796328,52,-0.0140993429950049,0.0273411966305905,52,0.1497529635809237,0.0878429158228958,52,7.353992076194523,0.6700988693685483,52,7.199642069609128,0.6947445301732331,52,1.385261426670218,0.1420897373259642,52,1.384303977578769,0.1561483346615318,52,52,34,1.4450471340764904e-15,1.0971615772766253e-15,3.552713678800501e-15,1.9361027068189546e-16,1.975744434342734e-16
mahler,FA50,condition_mean_neural_and_behavior,published_input_causal_train_only;raw_preprocessing_fail,visible,y,351612,48,0.3989680214801228,0.185867960207169,48,0.3601100733842007,0.2031339738613028,48,3.6411743421059697,0.880568225152974,48,3.75314963458696,0.9090713527246757,48,-0.0388579480959221,0.0298896582678604,48,-0.1119752924809901,0.1078852175852213,48,-3.047531049958137,1.06180038182145,48,-3.194850648378632,1.0736585104733078,48,0.9941732431784632,0.1444814376646335,48,1.0262704267827347,0.1502739858498313,48,53,22,0.20004355566151075,0.17633501095201545,0.33267542113300874,0.054939296190308275,0.053300181217934804
mahler,FA50,condition_mean_neural_and_behavior,published_input_causal_train_only;raw_preprocessing_fail,visible,y,356164,56,-0.5177289131619796,0.1828370165901019,56,-0.5233216853319848,0.1757490659011536,56,6.47170499199814,0.7736107350245075,56,6.150286971890834,0.7476751488816588,56,-0.005592772170005,0.0258853828841527,56,0.3214180201073049,0.0963763482300658,56,6.035587250550648,0.8162198125474053,56,5.631889157627413,0.8076410288699174,56,2.3013019506365207,0.5212106233344026,56,1.8812029364915657,0.42649457876748,56,54,16,0.37224270779016166,0.3300993588883492,0.6100108054315436,0.057518491379075,0.060524445361891784
mahler,FA50,condition_mean_neural_and_behavior,published_input_causal_train_only;raw_preprocessing_fail,visible,y,356765,58,-0.4610855453273943,0.1724190998269817,58,-0.4570940409276306,0.1720361329087424,58,5.499726211624157,0.844177088020926,58,5.238751530156495,0.8258936584365218,58,0.0039915043997636,0.0275601940653788,58,0.2609746814676629,0.1127702172353281,58,4.981976716497819,0.9089939562414926,58,4.625236571878372,0.912202436742482,58,2.0780326050967277,0.2766680926464252,58,1.8638700410980709,0.2427884821309782,58,55,16,0.2588627657164903,0.22954470639706948,0.4242333213964349,0.04706830044909526,0.04941306420553933
mahler,FA50,condition_mean_neural_and_behavior,published_input_causal_train_only;raw_preprocessing_fail,visible,y,370777,49,0.2126442514057277,0.1727546707513009,49,0.1732185976602902,0.1746285271147203,49,3.899981997396977,0.6573151486415878,49,3.909299163299844,0.6555292120097406,49,-0.0394256537454375,0.0303980195195947,49,-0.0093171659028673,0.1115457866514942,49,-3.4556065047043134,0.7599767817868488,49,-3.432238744248292,0.7643151610870099,49,1.7648120153041753,0.2642215259875924,49,1.6768356739273012,0.2407402868440624,49,56,17,0.11873442942242733,0.10515517306417321,0.19519596838293518,0.030444866028016545,0.030372305741421808
mahler,FA50,condition_mean_neural_and_behavior,published_input_causal_train_only;raw_preprocessing_fail,visible,y,377134,51,-0.1438656470972762,0.1872590682379132,51,-0.1507431260750854,0.1849105715881868,51,3.9188981369012303,0.7858052253292666,51,3.7696380139027985,0.7641944658732,51,-0.0068774789778092,0.0248698855658742,51,0.1492601229984322,0.1145416465919685,51,2.9629106925584425,1.1218691501339513,51,2.747645701868492,1.1238660175627255,51,1.4140264065109935,0.2503310114807063,51,1.3921457944673592,0.2427855550686181,51,57,18,0.03243975723321968,0.028696954243293007,0.05348017861184484,0.008277775053084333,0.008605536423810095
mahler,FA50,condition_mean_neural_and_behavior,published_input_causal_train_only;raw_preprocessing_fail,visible,y,379400,46,0.0452103699503119,0.1624318709625491,46,0.001086310647772,0.1657835613662316,46,3.4876858043587777,0.715607753259458,46,3.4884679293610703,0.7440441466509368,46,-0.0441240593025398,0.0181560620256626,46,-0.0007821250022917,0.1069079224547294,46,2.5605670486440464,0.9205831275249184,46,2.532221532724691,0.9756751859794895,46,1.5732702235287528,0.1282590312756261,46,1.6096149112144147,0.1387619019569985,46,58,36,0.07510556447634338,0.06572768233242107,0.1269484496542333,0.021534498429439743,0.021529670330120914
mahler,FA50,condition_mean_neural_and_behavior,published_input_causal_train_only;raw_preprocessing_fail,visible,y,381514,52,0.0520655710943725,0.1441470365097141,52,0.0208847518011066,0.1452229588422234,52,2.670679985304424,0.5237028618022369,52,2.8356783133745123,0.5554467106750811,52,-0.0311808192932659,0.02987001313002,52,-0.1649983280700886,0.1096583179707192,52,-1.1580400668766624,1.05478335329514,52,-1.465122862356064,1.0140345510675917,52,1.9531609813284057,0.2373733078052944,52,1.856706731031428,0.2312535627513737,52,59,33,0.10666282195975102,0.09350987545315609,0.179730289814644,0.03993845108611648,0.037614570544435344
mahler,FA50,condition_mean_neural_and_behavior,published_input_causal_train_only;raw_preprocessing_fail,visible,y,388571,46,0.4293579734188703,0.1009937451337618,46,0.4132642404506185,0.1039747935774477,46,3.772997031821588,0.7111646468265299,46,3.9019553816052586,0.6829414550626981,46,-0.0160937329682516,0.0228080130164383,46,-0.12895834978367,0.0933575232767726,46,-3.276007422032364,0.821030892743501,46,-3.4138774274069648,0.7794311420184113,46,1.562424540975878,0.172691995198123,46,1.546547348495374,0.1756766182277627,46,60,36,0.028995059566374246,0.025391765121282175,0.04897430163108543,0.007684887987408658,0.007430904951672134
mahler,FA50,condition_mean_neural_and_behavior,published_input_causal_train_only;raw_preprocessing_fail,visible,y,394672,41,-0.3534836491386008,0.1583715414605233,41,-0.3594137105383359,0.1671049824373834,41,4.87896996206773,1.0590766048167013,41,5.121454475133968,1.09175646057467,41,-0.0059300613997351,0.0207311287338895,41,-0.2424845130662381,0.0965802898335931,41,4.137128658798329,1.2728999092330382,41,4.517526000532205,1.256345136474879,41,2.0893620476989647,0.209362412749711,41,2.859599530288144,0.3155249534010524,41,61,31,0.5305600544614758,0.46542112898153754,0.8925826531696348,0.10874427565375336,0.10359558149691399
mahler,FA50,condition_mean_neural_and_behavior,published_input_causal_train_only;raw_preprocessing_fail,visible,y,396358,53,-0.2916097173206062,0.2631954246421,53,-0.2793349969599926,0.2667417273422105,53,3.4189719804933323,0.8419749606738136,53,3.2495671262563186,0.8267034835769315,53,0.0122747203606136,0.0402842638141603,53,0.1694048542370128,0.1307866220862085,53,2.7202526024086304,1.0704750519402726,53,2.509296197209612,1.0755715909649182,53,1.7891510585138273,0.317576200473674,53,1.7925255918681016,0.3115695364903942,53,62,15,0.00875157915026591,0.007771258891272985,0.014291910030459487,0.002559710696723265,0.002693152290824721
mahler,FA50,condition_mean_neural_and_behavior,published_input_causal_train_only;raw_preprocessing_fail,visible,y,400995,60,0.6197696746396287,0.1407555904389358,60,0.5992967501491743,0.1532631710000384,60,2.8797412239964464,0.688367279994817,60,2.6859620363051806,0.6464427459627617,60,-0.0204729244904545,0.0213227627081615,60,0.1937791876912654,0.1177908803017157,60,2.011770480038824,0.96203546331963,60,1.6707024229419796,0.984900013840088,60,2.388005752791791,0.340481582016844,60,3.1480384356786124,0.472698082272411,60,63,16,0.5829439604180187,0.5169286028965971,0.9553335743076508,0.2024292862012861,0.21703358146488122
mahler,FA50,condition_mean_neural_and_behavior,published_input_causal_train_only;raw_preprocessing_fail,visible,y,401673,46,0.7358945647665993,0.0796560858191432,46,0.723043700624638,0.0912333542846203,46,2.7654545802663044,0.8304105599003913,46,2.5675934607324806,0.7285472355022462,46,-0.0128508641419613,0.0231934689658531,46,0.1978611195338233,0.202784359438566,46,1.859514672576772,1.1244228956432132,46,1.4424510269940698,1.1287544300446082,46,2.4726388905048173,0.4490932929522095,46,3.0687942857192074,0.5821116239860673,46,64,16,0.47855726649274427,0.42434912391694196,0.7842935252998178,0.17304831903862283,0.18638358206295708
mahler,FA50,condition_mean_neural_and_behavior,published_input_causal_train_only;raw_preprocessing_fail,visible,y,406460,40,0.396684679077402,0.1165224895632467,40,0.3670921733731519,0.1225555627601046,40,3.3753318899571605,0.7038185595264543,40,3.407671461317429,0.7506166439806938,40,-0.02959250570425,0.0228995904170236,40,-0.0323395713602688,0.1074056309388275,40,-2.8523817771589632,0.814224422505097,40,-2.8522345787995915,0.8695755734537483,40,1.8347396729367635,0.2147846951973994,40,1.7390454705151916,0.2020245812064866,40,65,32,0.13084907765503648,0.11474241648818784,0.22032539911769744,0.03876628489315675,0.03839838409904966
mahler,FA50,condition_mean_neural_and_behavior,published_input_causal_train_only;raw_preprocessing_fail,visible,y,413189,63,-0.4131448138586353,0.1338426305461246,63,-0.4178937296785786,0.1432835394635964,63,6.147228282666748,0.8630633764400891,63,6.469141148771338,0.8889569290890209,63,-0.0047489158199433,0.0245941076232773,63,-0.3219128661045876,0.1707821822937444,63,5.328283059973262,0.960469509653004,63,5.8026739465489525,0.9861765328848868,63,1.2748404548239052,0.2268089814833713,63,1.463774677807098,0.2572962489220619,63,66,19,0.4875240757223205,0.43084027825508425,0.805743230248475,0.07930795039725223,0.07536148377515527
mahler,FA50,condition_mean_neural_and_behavior,published_input_causal_train_only;raw_preprocessing_fail,visible,y,413513,37,-0.5684767066128554,0.121816550163911,37,-0.5891479501309312,0.1197099003259169,37,5.9412847212617095,1.051458626027622,37,5.731435389260892,1.0087850676244925,37,-0.0206712435180758,0.0195065096331041,37,0.2098493320008184,0.1466496277707177,37,5.212332222103054,1.247231494136892,37,4.907925837368243,1.2291723013879166,37,2.3305855511263545,0.3310919164151246,37,2.1958221533407967,0.3271568339149049,37,67,15,0.15463530759576966,0.13730739480316062,0.2525429749421493,0.026027250813681055,0.02698020602055691
mahler,FA50,condition_mean_neural_and_behavior,published_input_causal_train_only;raw_preprocessing_fail,visible,y,420020,48,0.1054127129034616,0.2340586814192338,48,0.0983833475924752,0.2366681460803442,48,1.9943643998532383,0.3812026006092068,48,2.027721809696898,0.4412218337526978,48,-0.0070293653109864,0.0278335766826651,48,-0.0333574098436596,0.1860498078379321,48,0.3376395070531938,1.0409006318277,48,-0.0155992381590831,1.143727949938648,48,2.511127745907366,0.3448813111981903,48,2.486165447285291,0.3552674976695243,48,68,14,0.02545781474300502,0.02264192596244866,0.04140767008626145,0.012764876240710281,0.012554885300962675
mahler,FA50,condition_mean_neural_and_behavior,published_input_causal_train_only;raw_preprocessing_fail,visible,y,428615,50,0.0466620211211254,0.1145385840258284,50,-0.0703365072715857,0.143366373829695,50,8.257966537267006,0.9704934637199732,50,8.228650858977488,0.9636169250089625,50,-0.1169985283927112,0.0588900855472504,50,0.0293156782895198,0.112195433314923,50,-8.00217735532102,1.016164120134286,50,-7.941638516122226,1.016981567339966,50,3.6410184759770448,0.456041931748207,50,3.093603237472873,0.4149493991143022,50,69,32,0.24437073286784544,0.147327112345268,0.5884713858893713,0.029592119532700425,0.02969754544892813
mahler,FA50,condition_mean_neural_and_behavior,published_input_causal_train_only;raw_preprocessing_fail,visible,y,435203,57,0.2427208766634584,0.2615924844651855,57,0.2234690231253216,0.2682263351523154,57,1.7237949765457778,0.4763180845885938,57,1.791198657327264,0.4935246551764286,57,-0.0192518535381367,0.0429860690540421,57,-0.0674036807814863,0.0972360148898959,57,-0.6554071416196541,0.8326712941420831,57,-0.7813720753410974,0.828775539560792,57,2.2628757041279117,0.523067658398425,57,2.21642702152945,0.493290300902431,57,70,13,0.0433948004797967,0.0386784149466214,0.07022792403533087,0.02517399172768983,0.024226682117185275
mahler,FA50,condition_mean_neural_and_behavior,published_input_causal_train_only;raw_preprocessing_fail,visible,y,448412,48,0.6596113050976267,0.0881698066198207,48,0.6461978182962235,0.0975348925429297,48,2.8636237967808262,0.5706012311216663,48,2.7994638805695207,0.5705151548156223,48,-0.0134134868014031,0.022968890437478,48,0.0641599162113044,0.1073832042208603,48,2.3957831224302395,0.6568104536912877,48,2.321857259318787,0.6658466073788025,48,1.6911157897691338,0.2519794383088016,48,1.7430113324978194,0.2839124752809758,48,71,16,0.13010848340938108,0.11537322607255447,0.21322534355588627,0.045434907879884204,0.04647621436105542
mahler,FA50,condition_mean_neural_and_behavior,published_input_causal_train_only;raw_preprocessing_fail,visible,y,454477,51,0.3498563257220316,0.2410690462694715,51,0.3150930941368945,0.2514585621962419,51,2.4839332918118453,0.6439544548107371,51,2.4839476672493257,0.6636388847666737,51,-0.034763231585137,0.0374523376935553,51,-1.4375437480513713e-05,0.113512059185185,51,-1.7355403999219925,0.9127614727710412,51,-1.693099968250558,0.9684674237437714,51,1.321322255150124,0.2125893498402746,51,1.3251529464150176,0.2112040614257353,51,72,16,0.036858244268443426,0.032684602706798516,0.06040283968525295,0.0148386610823828,0.014838575206078924
mahler,FA50,condition_mean_neural_and_behavior,published_input_causal_train_only;raw_preprocessing_fail,visible,y,456038,45,0.4842315897120071,0.1475856041560069,45,0.4834772687123689,0.1444815315677643,45,6.271956843497692,0.9444212986303646,45,6.402183453589532,0.9847670662583105,45,-0.0007543209996382,0.0197400865125736,45,-0.1302266100918417,0.1151616946797156,45,-6.007420308339082,0.9909976449852363,45,-6.137538682237619,1.0328895360866177,45,1.3732363907252525,0.2009384704349386,45,1.372801010709532,0.2027282606555505,45,73,18,0.03644416676366303,0.01066363190592713,0.14834480703068742,0.005810653305346909,0.0056924589911946
mahler,FA50,condition_mean_neural_and_behavior,published_input_causal_train_only;raw_preprocessing_fail,visible,y,460651,46,-0.5712689393962189,0.1205931125070291,46,-0.5821767125675728,0.1138170739907565,46,5.004693064743674,0.6260805550374247,46,5.037110605563087,0.6289104957899805,46,-0.0109077731713539,0.0211292256322811,46,-0.032417540819414,0.0882107247394032,46,4.010747818841702,0.809707696828515,46,4.071479386922467,0.7923188646798324,46,2.327681422845296,0.277338380048447,46,2.4822327282033254,0.3098714613141579,46,74,14,0.12193284535176689,0.10844535549658908,0.19832739753875916,0.024363700985129633,0.02420690250817637
mahler,FA50,condition_mean_neural_and_behavior,published_input_causal_train_only;raw_preprocessing_fail,visible,y,463174,54,-0.0334254992855331,0.1946382555545864,54,-0.092158591988205,0.2048261691235417,54,5.675219286383848,1.0479593145798702,54,5.753685798320509,1.065974330337606,54,-0.0587330927026718,0.031772932385408,54,-0.0784665119366616,0.1105505118286632,54,-4.265019822284909,1.3644544699459369,54,-4.272325619930383,1.40098692217431,54,0.6405579553540474,0.0779779085665091,54,0.6466921769285006,0.0760827345966221,54,75,30,7.275279423152507e-16,4.0153066057276495e-16,2.6645352591003757e-15,1.2819380284754053e-16,1.2644554600593847e-16
mahler,FA50,condition_mean_neural_and_behavior,published_input_causal_train_only;raw_preprocessing_fail,visible,y,464785,55,0.3920550291192719,0.1173755459294925,55,0.3738146108301458,0.1240829688857044,55,2.4036817893068374,0.6001178233799267,55,2.407817395026038,0.6021548245913187,55,-0.018240418289126,0.0195808575317158,55,-0.0041356057192012,0.0905739275794367,55,0.8751711021268292,1.1014322130514258,55,0.7643294644368268,1.1111585357671494,55,3.8310173438376767,0.6868861919861196,55,4.0238506156850615,0.7516662859063618,55,76,24,0.04215324305861526,0.03710651448779198,0.07033311306296453,0.017536948212588162,0.01750682719781556
mahler,FA50,condition_mean_neural_and_behavior,published_input_causal_train_only;raw_preprocessing_fail,visible,y,465431,50,0.4714733981875124,0.1669603038728649,50,0.4536286665066197,0.1773503088063901,50,1.973728444217919,0.3156479489097802,50,2.0022437615512327,0.3626200411439791,50,-0.0178447316808927,0.0339302217082224,50,-0.0285153173333135,0.1053443347022163,50,-0.5381211725815942,0.9492783992745656,50,-0.6718322312411498,0.9588972143864316,50,2.8122320310348203,0.3498808801819705,50,2.84978091489674,0.3567419290377313,50,77,25,0.03770285126197704,0.0331509660696487,0.06303621314980123,0.019102349855892473,0.01883030027910631
mahler,FA50,condition_mean_neural_and_behavior,published_input_causal_train_only;raw_preprocessing_fail,visible,y,469268,52,0.6949065923452051,0.1124488395012727,52,0.6913606319776829,0.1261369291993441,52,5.366023998366292,0.975491441021848,52,5.5064208593547095,0.9404558939929488,52,-0.0035459603675221,0.0298114653354245,52,-0.1403968609884161,0.1290345502361955,52,-4.947966631012495,1.038930277457698,52,-5.111465234731376,0.9911564466607607,52,1.9490424118997605,0.3407008715985535,52,1.9281680505178824,0.3431739459100205,52,78,17,1.1600447823863205e-15,7.836868409118752e-16,2.6645352591003757e-15,2.1618330121883557e-16,2.106712893940084e-16
mahler,GPFA50,condition_mean_neural_and_behavior,published_input_causal_train_only;raw_preprocessing_fail,bounce,y,29337,45,,,0,,,0,,,0,,,0,,,0,,,0,,,0,,,0,,,0,,,0,0,0,,,,,
mahler,GPFA50,condition_mean_neural_and_behavior,published_input_causal_train_only;raw_preprocessing_fail,bounce,y,55062,48,0.6348898261406694,0.0713157420836416,48,0.5461569078382549,0.0871569703090651,48,4.561861421530506,0.9062642661543227,48,4.3175949811146,0.9118138788092292,48,-0.0887329183024144,0.0280566129320431,48,0.2442664404159062,0.1316950178172519,48,3.8666518637904295,1.0294828931517737,48,3.453007438251628,1.0749149560452922,48,2.058066280764689,0.2123780315177797,48,1.8592782467555211,0.194787753314527,48,1,50,0.4542729173082846,0.2718671700385285,1.1151987021844079,0.09958060434809875,0.10521434254377716
mahler,GPFA50,condition_mean_neural_and_behavior,published_input_causal_train_only;raw_preprocessing_fail,bounce,y,58244,58,,,0,,,0,,,0,,,0,,,0,,,0,,,0,,,0,,,0,,,0,2,0,,,,,
mahler,GPFA50,condition_mean_neural_and_behavior,published_input_causal_train_only;raw_preprocessing_fail,bounce,y,59920,43,,,0,,,0,,,0,,,0,,,0,,,0,,,0,,,0,,,0,,,0,3,0,,,,,
mahler,GPFA50,condition_mean_neural_and_behavior,published_input_causal_train_only;raw_preprocessing_fail,bounce,y,68220,53,,,0,,,0,,,0,,,0,,,0,,,0,,,0,,,0,,,0,,,0,4,0,,,,,
mahler,GPFA50,condition_mean_neural_and_behavior,published_input_causal_train_only;raw_preprocessing_fail,bounce,y,72780,47,0.4329738548337281,0.141171072454446,47,0.4223911737812792,0.1417608491262529,47,6.655504769494,1.1923561466348598,47,6.7927775374147,1.1811166779839006,47,-0.010582681052449,0.0230085042218714,47,-0.1372727679207033,0.1582700681337101,47,-6.369014352324039,1.2606300950123963,47,-6.506468797579293,1.2450074064193108,47,1.398210658173246,0.1886625720111424,47,1.4285185318674345,0.2000945569706662,47,5,49,0.04658385727423021,0.02931696148550029,0.10892266996158906,0.006999297406824916,0.0068578511540597
mahler,GPFA50,condition_mean_neural_and_behavior,published_input_causal_train_only;raw_preprocessing_fail,bounce,y,77046,50,,,0,,,0,,,0,,,0,,,0,,,0,,,0,,,0,,,0,,,0,6,0,,,,,
mahler,GPFA50,condition_mean_neural_and_behavior,published_input_causal_train_only;raw_preprocessing_fail,bounce,y,77944,48,,,0,,,0,,,0,,,0,,,0,,,0,,,0,,,0,,,0,,,0,7,0,,,,,
mahler,GPFA50,condition_mean_neural_and_behavior,published_input_causal_train_only;raw_preprocessing_fail,bounce,y,90751,53,,,0,,,0,,,0,,,0,,,0,,,0,,,0,,,0,,,0,,,0,8,0,,,,,
mahler,GPFA50,condition_mean_neural_and_behavior,published_input_causal_train_only;raw_preprocessing_fail,bounce,y,93053,48,0.4861371352358481,0.2661255496724198,48,0.5243572502175023,0.2496424370793331,48,4.116541717399564,2.1304914136586746,48,4.445808548083357,1.9225244602844604,48,0.0382201149816542,0.066881931007227,48,-0.3292668306837924,1.0602054329909858,48,-0.4541807769822324,3.7157415267952936,48,0.7224534869557824,3.983446790538792,48,1.0723678182385228,0.2719391286936185,48,1.111177344295992,0.2877789885514327,48,9,50,0.018922519657862145,0.00831406125318208,0.06217459049682805,0.00459670299899586,0.00425626057739708
mahler,GPFA50,condition_mean_neural_and_behavior,published_input_causal_train_only;raw_preprocessing_fail,bounce,y,99902,46,0.6890543739611606,0.0833270567623755,46,0.6918397875740312,0.0831158510166439,46,5.103831960332559,0.8788517761273799,46,5.154476258726644,0.9188562151258624,46,0.0027854136128705,0.0142722305148438,46,-0.0506442983940859,0.1570765907922935,46,4.870941732296205,0.9199661539341916,46,4.9240601963544215,0.9609204137476935,46,1.2891265079636072,0.1809356861188324,46,1.2856908447981077,0.1982711960826713,46,10,49,0.003965863286415818,0.0023795824007868892,0.009704220431955513,0.0007770364144507234,0.0007694017951293348
mahler,GPFA50,condition_mean_neural_and_behavior,published_input_causal_train_only;raw_preprocessing_fail,bounce,y,105802,56,0.1408775372606583,0.2208697454508877,56,0.1269665046824207,0.2215697878714885,56,4.9721467742227725,1.0039302826118917,56,5.297225391571877,1.0987116883147618,56,-0.0139110325782376,0.0373972098310128,56,-0.3250786173491059,0.1795190567207283,56,3.9160427611006026,1.2781005991669436,56,4.43715240420427,1.3129815276842387,56,0.6563711331282887,0.085982484693843,56,0.7384742567624625,0.0924764195695037,56,11,46,0.44872122307813256,0.37506687865821536,0.7959607427885331,0.09024697850925267,0.08470872766563192
mahler,GPFA50,condition_mean_neural_and_behavior,published_input_causal_train_only;raw_preprocessing_fail,bounce,y,118879,59,,,0,,,0,,,0,,,0,,,0,,,0,,,0,,,0,,,0,,,0,12,0,,,,,
mahler,GPFA50,condition_mean_neural_and_behavior,published_input_causal_train_only;raw_preprocessing_fail,bounce,y,122957,51,,,0,,,0,,,0,,,0,,,0,,,0,,,0,,,0,,,0,,,0,13,0,,,,,
mahler,GPFA50,condition_mean_neural_and_behavior,published_input_causal_train_only;raw_preprocessing_fail,bounce,y,126479,53,,,0,,,0,,,0,,,0,,,0,,,0,,,0,,,0,,,0,,,0,14,0,,,,,
mahler,GPFA50,condition_mean_neural_and_behavior,published_input_causal_train_only;raw_preprocessing_fail,bounce,y,158705,57,0.175034631632348,0.243923513381094,57,0.2249638610802719,0.2357815520436402,57,6.64646912468008,0.9741534215420165,57,6.703314110824369,0.969337125951123,57,0.0499292294479239,0.0494864435797602,57,-0.0568449861442879,0.1482703123491094,57,-5.705564129012856,1.1611706523064118,57,-5.771211931505627,1.1434907354870276,57,0.4609189846793572,0.0671431996412269,57,0.4671839150476447,0.0706526578601217,57,15,48,0.1396458249800268,0.1155880716127863,0.25020963868183976,0.02101052789991686,0.020832355857310893
mahler,GPFA50,condition_mean_neural_and_behavior,published_input_causal_train_only;raw_preprocessing_fail,bounce,y,159613,50,,,0,,,0,,,0,,,0,,,0,,,0,,,0,,,0,,,0,,,0,16,0,,,,,
mahler,GPFA50,condition_mean_neural_and_behavior,published_input_causal_train_only;raw_preprocessing_fail,bounce,y,163248,39,,,0,,,0,,,0,,,0,,,0,,,0,,,0,,,0,,,0,,,0,17,0,,,,,
mahler,GPFA50,condition_mean_neural_and_behavior,published_input_causal_train_only;raw_preprocessing_fail,bounce,y,167848,56,,,0,,,0,,,0,,,0,,,0,,,0,,,0,,,0,,,0,,,0,18,0,,,,,
mahler,GPFA50,condition_mean_neural_and_behavior,published_input_causal_train_only;raw_preprocessing_fail,bounce,y,179553,58,,,0,,,0,,,0,,,0,,,0,,,0,,,0,,,0,,,0,,,0,19,0,,,,,
mahler,GPFA50,condition_mean_neural_and_behavior,published_input_causal_train_only;raw_preprocessing_fail,bounce,y,182748,51,0.498377964780939,0.1872295228655705,51,0.4604323056168441,0.2033072221734335,51,5.307317091426588,1.0234523270015927,51,5.547736277887296,1.0357801525559118,51,-0.037945659164095,0.0394566271745554,51,-0.2404191864607088,0.1216885782308738,51,-4.654849287047369,1.0893697216739051,51,-4.879259505008518,1.0964753613315577,51,0.7447073734873966,0.0970108377908253,51,0.7207482077398376,0.0965615460967241,51,20,49,0.10493406870777401,0.04665637092287949,0.3407794497310883,0.01977158456902527,0.01891475431628399
mahler,GPFA50,condition_mean_neural_and_behavior,published_input_causal_train_only;raw_preprocessing_fail,bounce,y,183171,51,,,0,,,0,,,0,,,0,,,0,,,0,,,0,,,0,,,0,,,0,21,0,,,,,
mahler,GPFA50,condition_mean_neural_and_behavior,published_input_causal_train_only;raw_preprocessing_fail,bounce,y,184642,57,,,0,,,0,,,0,,,0,,,0,,,0,,,0,,,0,,,0,,,0,22,0,,,,,
mahler,GPFA50,condition_mean_neural_and_behavior,published_input_causal_train_only;raw_preprocessing_fail,bounce,y,187617,54,-0.0057373015723073,0.2158000232594656,54,-0.0017754830847244,0.2249877961152298,54,5.618004177477875,1.0624879596607917,54,5.509249181448008,1.0225649623983613,54,0.0039618184875829,0.0413669704400644,54,0.1087549960298657,0.1426636840702794,54,4.828793319506171,1.2630717046761792,54,4.596856162631627,1.2269368533909255,54,1.1842281229466467,0.1473473427913428,54,1.0004393946859853,0.1260057244115236,54,23,38,0.5067015493269945,0.41008386372246425,0.925154255809594,0.09019244794411511,0.09197288643855042
mahler,GPFA50,condition_mean_neural_and_behavior,published_input_causal_train_only;raw_preprocessing_fail,bounce,y,197632,47,,,0,,,0,,,0,,,0,,,0,,,0,,,0,,,0,,,0,,,0,24,0,,,,,
mahler,GPFA50,condition_mean_neural_and_behavior,published_input_causal_train_only;raw_preprocessing_fail,bounce,y,199564,49,,,0,,,0,,,0,,,0,,,0,,,0,,,0,,,0,,,0,,,0,25,0,,,,,
mahler,GPFA50,condition_mean_neural_and_behavior,published_input_causal_train_only;raw_preprocessing_fail,bounce,y,204372,53,,,0,,,0,,,0,,,0,,,0,,,0,,,0,,,0,,,0,,,0,26,0,,,,,
mahler,GPFA50,condition_mean_neural_and_behavior,published_input_causal_train_only;raw_preprocessing_fail,bounce,y,204678,45,0.6105768440897436,0.1061210773783409,45,0.5909398524553267,0.1049228080839218,45,6.767085707146982,0.8907298400535903,45,6.941988547509315,0.976755767686482,45,-0.0196369916344169,0.0243265369352698,45,-0.1749028403623357,0.2349525659648316,45,-6.4790052666062,0.95556594990775,45,-6.666226210069496,1.038665895871936,45,1.5042404007985997,0.2038031073450085,45,1.4782323795809331,0.2042681335424915,45,27,40,0.1273005546018471,0.061644761113471745,0.3786374692917711,0.018811724885854492,0.01833776499782915
mahler,GPFA50,condition_mean_neural_and_behavior,published_input_causal_train_only;raw_preprocessing_fail,bounce,y,206128,53,,,0,,,0,,,0,,,0,,,0,,,0,,,0,,,0,,,0,,,0,28,0,,,,,
mahler,GPFA50,condition_mean_neural_and_behavior,published_input_causal_train_only;raw_preprocessing_fail,bounce,y,217817,49,0.0783054609978284,0.1879273928587794,49,0.0399747939935425,0.184448014459771,49,3.9040332294293414,0.6428017133328711,49,3.928413802937589,0.6446156614282599,49,-0.0383306670042858,0.0298022806649195,49,-0.0243805735082473,0.0988323964452878,49,2.59285035751417,0.9601722906907882,49,2.4809790655323365,0.97967683794383,49,1.115662488472314,0.1223668327053764,49,1.0363739973829973,0.1168056925550902,49,29,39,0.20067860665689435,0.1570727843301981,0.378633102092631,0.05140289410042441,0.051083876781725726
mahler,GPFA50,condition_mean_neural_and_behavior,published_input_causal_train_only;raw_preprocessing_fail,bounce,y,218791,56,0.4973432736677846,0.1326780881507682,56,0.4934474217565257,0.1267839130198128,56,4.289231004841539,0.8886039789291161,56,4.720941713075673,0.999250249562788,56,-0.0038958519112589,0.0315390010945259,56,-0.4317107082341339,0.1792540376888748,56,3.6391042878385536,1.0275340481251685,56,4.2700728685199065,1.101451199843524,56,0.8964515689046486,0.1225536681870478,56,1.13067811709916,0.1513809643243517,56,30,44,0.7849337004020454,0.5751886223719841,1.5812648148131885,0.1830010320069119,0.16626634008803817
mahler,GPFA50,condition_mean_neural_and_behavior,published_input_causal_train_only;raw_preprocessing_fail,bounce,y,226533,59,,,0,,,0,,,0,,,0,,,0,,,0,,,0,,,0,,,0,,,0,31,0,,,,,
mahler,GPFA50,condition_mean_neural_and_behavior,published_input_causal_train_only;raw_preprocessing_fail,bounce,y,232533,53,,,0,,,0,,,0,,,0,,,0,,,0,,,0,,,0,,,0,,,0,32,0,,,,,
mahler,GPFA50,condition_mean_neural_and_behavior,published_input_causal_train_only;raw_preprocessing_fail,bounce,y,241919,43,0.4238060824241056,0.1286541730786965,43,0.4969790893530184,0.1359815741341482,43,4.539355342625473,1.0454265335064714,43,4.912480332049469,1.1013962932839338,43,0.0731730069289127,0.0293156954314012,43,-0.373124989423997,0.1963366790235338,43,3.8834934611402634,1.2356856750333407,43,4.383464789103167,1.2475042802232494,43,1.0428864162733549,0.2009013097015695,43,1.0206018346078694,0.2053384210393514,43,33,46,0.5403677274042853,0.2948861558397739,1.445413842692389,0.119040631679596,0.10999895997117322
mahler,GPFA50,condition_mean_neural_and_behavior,published_input_causal_train_only;raw_preprocessing_fail,bounce,y,242380,50,0.1988531209037576,0.2736530359028479,50,0.2092597836069855,0.2929401920638221,50,4.22012670011056,0.7573423932864592,50,4.168265716569965,0.8327562479491732,50,0.0104066627032279,0.0518328418783453,50,0.0518609835405963,0.1707705218825837,50,-2.0286989816348617,1.0068736102983928,50,-2.0975844431741963,1.0823846372668162,50,0.6599502520813566,0.1176339137461718,50,0.6506882037344726,0.1212747785682873,50,34,44,0.26706827092803437,0.05392135235370418,1.5886678449815896,0.06328442009123508,0.0640717960628966
mahler,GPFA50,condition_mean_neural_and_behavior,published_input_causal_train_only;raw_preprocessing_fail,bounce,y,244437,50,,,0,,,0,,,0,,,0,,,0,,,0,,,0,,,0,,,0,,,0,35,0,,,,,
mahler,GPFA50,condition_mean_neural_and_behavior,published_input_causal_train_only;raw_preprocessing_fail,bounce,y,245662,41,0.737692636212027,0.1127576413041187,41,0.7182749306791406,0.0776579989020436,41,5.941341766060819,1.586625273249621,41,6.646072596704276,1.6072764838741536,41,-0.0194177055328865,0.0826374110918415,41,-0.7047308306434568,0.2317065449380221,41,-5.580489325163068,1.594753176517812,41,-6.311542022239712,1.588548484900994,41,1.4299850210104526,0.3408610950330764,41,1.7920030212054598,0.3786384202638981,41,36,47,0.9834999029214119,0.648788528007387,2.195849031227114,0.165534982104469,0.14798211855361315
mahler,GPFA50,condition_mean_neural_and_behavior,published_input_causal_train_only;raw_preprocessing_fail,bounce,y,248856,53,,,0,,,0,,,0,,,0,,,0,,,0,,,0,,,0,,,0,,,0,37,0,,,,,
mahler,GPFA50,condition_mean_neural_and_behavior,published_input_causal_train_only;raw_preprocessing_fail,bounce,y,251629,52,0.0679547278600672,0.1569996771415972,52,0.2411191644506015,0.1349564253396635,52,5.623646053917472,0.7928729969487703,52,6.1914140981655486,0.9370608546956744,52,0.1731644365905342,0.0817370594076247,52,-0.5677680442480771,0.2463696040548827,52,4.608454938637657,1.030682188093312,52,5.708085365505142,1.0650693399945146,52,0.9084537971069566,0.112898723849026,52,1.3731939797962474,0.182373353592722,52,38,50,1.695425062654027,1.1549513074220892,3.673822258162618,0.3014814670765031,0.2738348680564532
mahler,GPFA50,condition_mean_neural_and_behavior,published_input_causal_train_only;raw_preprocessing_fail,bounce,y,258471,53,,,0,,,0,,,0,,,0,,,0,,,0,,,0,,,0,,,0,,,0,39,0,,,,,
mahler,GPFA50,condition_mean_neural_and_behavior,published_input_causal_train_only;raw_preprocessing_fail,bounce,y,269179,52,,,0,,,0,,,0,,,0,,,0,,,0,,,0,,,0,,,0,,,0,40,0,,,,,
mahler,GPFA50,condition_mean_neural_and_behavior,published_input_causal_train_only;raw_preprocessing_fail,bounce,y,270569,46,0.3980972971496362,0.1763209777917191,46,0.439688535606229,0.1851412523180688,46,4.314861854648115,0.5743554805832,46,4.146643817244385,0.549306000590633,46,0.0415912384565929,0.0501608381344153,46,0.168218037403731,0.1449661234013761,46,1.8253799193915732,1.237846293767201,46,1.8051549434593703,1.184255097517855,46,0.4651920018132565,0.0681232350557419,46,0.4708021323482163,0.0759580087389544,46,41,49,0.3236178816727649,0.06814752956749774,1.9541712800105309,0.07500075148968044,0.07804332755250298
mahler,GPFA50,condition_mean_neural_and_behavior,published_input_causal_train_only;raw_preprocessing_fail,bounce,y,273073,52,0.5891631100385522,0.1397946975047468,52,0.3823416863598624,0.1676277215142038,52,6.43291754421608,1.1202624037367857,52,6.265903910271547,1.167535025110612,52,-0.2068214236786896,0.0435092291492017,52,0.1670136339445321,0.1960741990199837,52,-6.130959658367999,1.1886275156750203,52,-5.904828855450698,1.260042714800521,52,2.9016135911802867,0.4039545855857383,52,2.1069466497856526,0.3190634207260045,52,42,33,0.4926508853271353,0.3108867010836144,1.1377521922755571,0.07658280740285318,0.07862407282045045
mahler,GPFA50,condition_mean_neural_and_behavior,published_input_causal_train_only;raw_preprocessing_fail,bounce,y,273515,43,-0.071042540103291,0.1547690506683037,43,-0.1263857308755764,0.1501494254934973,43,6.752744075964648,1.0534525375192985,43,6.620687087314021,1.0880654471799802,43,-0.0553431907722854,0.0221602126357019,43,0.1320569886506259,0.1284286845773861,43,-6.012541849893813,1.1567779113475338,43,-5.831580702763744,1.222388513711831,43,2.6658829536713355,0.2652747113435071,43,2.2394114662415485,0.2498028088765167,43,43,34,0.24538606891077475,0.17429266966107665,0.507108603304439,0.03633871891934846,0.03706353520029092
mahler,GPFA50,condition_mean_neural_and_behavior,published_input_causal_train_only;raw_preprocessing_fail,bounce,y,287936,52,,,0,,,0,,,0,,,0,,,0,,,0,,,0,,,0,,,0,,,0,44,0,,,,,
mahler,GPFA50,condition_mean_neural_and_behavior,published_input_causal_train_only;raw_preprocessing_fail,bounce,y,297652,55,,,0,,,0,,,0,,,0,,,0,,,0,,,0,,,0,,,0,,,0,45,0,,,,,
mahler,GPFA50,condition_mean_neural_and_behavior,published_input_causal_train_only;raw_preprocessing_fail,bounce,y,301600,50,,,0,,,0,,,0,,,0,,,0,,,0,,,0,,,0,,,0,,,0,46,0,,,,,
mahler,GPFA50,condition_mean_neural_and_behavior,published_input_causal_train_only;raw_preprocessing_fail,bounce,y,320246,53,-0.1259526557726586,0.1440927419049961,53,-0.155659867988092,0.1543490045948302,53,5.231519335775912,1.0059185800945831,53,5.236466694514997,1.0085911184172105,53,-0.0297072122154333,0.0227755332708331,53,-0.0049473587390846,0.1247268314984716,53,-4.090965296687136,1.2402555501735282,53,-4.080669209636647,1.2597497051955653,53,2.0838130907976518,0.2157658537794637,53,1.8813266415253875,0.2035320217599945,53,47,33,0.15061866828662307,0.1116894279372885,0.2984855519946681,0.02879061676339653,0.028763415691040392
mahler,GPFA50,condition_mean_neural_and_behavior,published_input_causal_train_only;raw_preprocessing_fail,bounce,y,325813,56,0.4734661836314005,0.1884092227510296,56,0.4877849646452102,0.207244665896654,56,5.551104055722531,1.336537093411627,56,5.734901865435276,1.4280623318369132,56,0.0143187810138096,0.0425990566421953,56,-0.1837978097127459,0.2732609717834074,56,5.208141772264422,1.4361266100857963,56,5.426472430686864,1.5267207513271588,56,1.2173782433273257,0.2159226909290359,56,1.148058437268649,0.2166626680257781,56,48,37,0.14730198251133653,0.07522116658805138,0.416423648266635,0.026535619046716592,0.02568517927030934
mahler,GPFA50,condition_mean_neural_and_behavior,published_input_causal_train_only;raw_preprocessing_fail,bounce,y,328386,47,,,0,,,0,,,0,,,0,,,0,,,0,,,0,,,0,,,0,,,0,49,0,,,,,
mahler,GPFA50,condition_mean_neural_and_behavior,published_input_causal_train_only;raw_preprocessing_fail,bounce,y,330797,55,,,0,,,0,,,0,,,0,,,0,,,0,,,0,,,0,,,0,,,0,50,0,,,,,
mahler,GPFA50,condition_mean_neural_and_behavior,published_input_causal_train_only;raw_preprocessing_fail,bounce,y,332165,48,0.2495967529615876,0.2142267034692411,48,0.2273990908428754,0.2889316952188608,48,3.8294675646079632,0.6622050819160127,48,4.690402000433128,0.9880077367505448,48,-0.0221976621187121,0.1497447762019668,48,-0.860934435825164,0.4411815107664117,48,1.505630914095174,1.2679495220947163,48,2.869361821508415,1.276293358625096,48,0.5947617999567439,0.085505831743897,48,0.5573876293431757,0.0763622332461333,48,51,63,2.07814451791262,1.1691422261985838,5.43728466543357,0.5426719205350855,0.4430631996406101
mahler,GPFA50,condition_mean_neural_and_behavior,published_input_causal_train_only;raw_preprocessing_fail,bounce,y,340684,52,0.4862392117174123,0.1632851541100387,52,0.422767397356808,0.1990232870581545,52,7.339839888573398,0.8980195784807741,52,6.91427779130586,0.9275031745348284,52,-0.0634718143606042,0.081212772714368,52,0.4255620972675365,0.2179590755929088,52,7.235616674956701,0.9020763546927324,52,6.7953425139113595,0.9400588574307436,52,1.4902850219025134,0.2397379768977555,52,1.308603611027228,0.1935000008305786,52,52,65,0.25034349977166465,0.14944568286421026,0.6190104562203986,0.03410748784335164,0.036206746001216664
mahler,GPFA50,condition_mean_neural_and_behavior,published_input_causal_train_only;raw_preprocessing_fail,bounce,y,351612,48,,,0,,,0,,,0,,,0,,,0,,,0,,,0,,,0,,,0,,,0,53,0,,,,,
mahler,GPFA50,condition_mean_neural_and_behavior,published_input_causal_train_only;raw_preprocessing_fail,bounce,y,356164,56,,,0,,,0,,,0,,,0,,,0,,,0,,,0,,,0,,,0,,,0,54,0,,,,,
mahler,GPFA50,condition_mean_neural_and_behavior,published_input_causal_train_only;raw_preprocessing_fail,bounce,y,356765,58,,,0,,,0,,,0,,,0,,,0,,,0,,,0,,,0,,,0,,,0,55,0,,,,,
mahler,GPFA50,condition_mean_neural_and_behavior,published_input_causal_train_only;raw_preprocessing_fail,bounce,y,370777,49,,,0,,,0,,,0,,,0,,,0,,,0,,,0,,,0,,,0,,,0,56,0,,,,,
mahler,GPFA50,condition_mean_neural_and_behavior,published_input_causal_train_only;raw_preprocessing_fail,bounce,y,377134,51,,,0,,,0,,,0,,,0,,,0,,,0,,,0,,,0,,,0,,,0,57,0,,,,,
mahler,GPFA50,condition_mean_neural_and_behavior,published_input_causal_train_only;raw_preprocessing_fail,bounce,y,379400,46,,,0,,,0,,,0,,,0,,,0,,,0,,,0,,,0,,,0,,,0,58,0,,,,,
mahler,GPFA50,condition_mean_neural_and_behavior,published_input_causal_train_only;raw_preprocessing_fail,bounce,y,381514,52,,,0,,,0,,,0,,,0,,,0,,,0,,,0,,,0,,,0,,,0,59,0,,,,,
mahler,GPFA50,condition_mean_neural_and_behavior,published_input_causal_train_only;raw_preprocessing_fail,bounce,y,388571,46,,,0,,,0,,,0,,,0,,,0,,,0,,,0,,,0,,,0,,,0,60,0,,,,,
mahler,GPFA50,condition_mean_neural_and_behavior,published_input_causal_train_only;raw_preprocessing_fail,bounce,y,394672,41,,,0,,,0,,,0,,,0,,,0,,,0,,,0,,,0,,,0,,,0,61,0,,,,,
mahler,GPFA50,condition_mean_neural_and_behavior,published_input_causal_train_only;raw_preprocessing_fail,bounce,y,396358,53,,,0,,,0,,,0,,,0,,,0,,,0,,,0,,,0,,,0,,,0,62,0,,,,,
mahler,GPFA50,condition_mean_neural_and_behavior,published_input_causal_train_only;raw_preprocessing_fail,bounce,y,400995,60,,,0,,,0,,,0,,,0,,,0,,,0,,,0,,,0,,,0,,,0,63,0,,,,,
mahler,GPFA50,condition_mean_neural_and_behavior,published_input_causal_train_only;raw_preprocessing_fail,bounce,y,401673,46,,,0,,,0,,,0,,,0,,,0,,,0,,,0,,,0,,,0,,,0,64,0,,,,,
mahler,GPFA50,condition_mean_neural_and_behavior,published_input_causal_train_only;raw_preprocessing_fail,bounce,y,406460,40,,,0,,,0,,,0,,,0,,,0,,,0,,,0,,,0,,,0,,,0,65,0,,,,,
mahler,GPFA50,condition_mean_neural_and_behavior,published_input_causal_train_only;raw_preprocessing_fail,bounce,y,413189,63,,,0,,,0,,,0,,,0,,,0,,,0,,,0,,,0,,,0,,,0,66,0,,,,,
mahler,GPFA50,condition_mean_neural_and_behavior,published_input_causal_train_only;raw_preprocessing_fail,bounce,y,413513,37,,,0,,,0,,,0,,,0,,,0,,,0,,,0,,,0,,,0,,,0,67,0,,,,,
mahler,GPFA50,condition_mean_neural_and_behavior,published_input_causal_train_only;raw_preprocessing_fail,bounce,y,420020,48,,,0,,,0,,,0,,,0,,,0,,,0,,,0,,,0,,,0,,,0,68,0,,,,,
mahler,GPFA50,condition_mean_neural_and_behavior,published_input_causal_train_only;raw_preprocessing_fail,bounce,y,428615,50,0.7779199573649278,0.0855765489074031,50,0.7685683415585619,0.1072928451474477,50,8.019862395612625,1.1114379734731945,50,7.481472959703982,1.079758781844805,50,-0.009351615806366,0.0284151277573421,50,0.5383894359086435,0.1998675060232874,50,-7.789850734031577,1.139128540432104,50,-7.239821582847038,1.134675197123729,50,1.73248462209921,0.242562951088256,50,1.2802169314481064,0.1830818462906272,50,69,65,0.9481456386989529,0.7094084151857032,1.8812668951642482,0.11822467667495752,0.12673248220046604
mahler,GPFA50,condition_mean_neural_and_behavior,published_input_causal_train_only;raw_preprocessing_fail,bounce,y,435203,57,,,0,,,0,,,0,,,0,,,0,,,0,,,0,,,0,,,0,,,0,70,0,,,,,
mahler,GPFA50,condition_mean_neural_and_behavior,published_input_causal_train_only;raw_preprocessing_fail,bounce,y,448412,48,,,0,,,0,,,0,,,0,,,0,,,0,,,0,,,0,,,0,,,0,71,0,,,,,
mahler,GPFA50,condition_mean_neural_and_behavior,published_input_causal_train_only;raw_preprocessing_fail,bounce,y,454477,51,,,0,,,0,,,0,,,0,,,0,,,0,,,0,,,0,,,0,,,0,72,0,,,,,
mahler,GPFA50,condition_mean_neural_and_behavior,published_input_causal_train_only;raw_preprocessing_fail,bounce,y,456038,45,0.3915774533044221,0.190756535693907,45,0.5079656116776777,0.1450431801295801,45,5.046912026198346,0.99589737170247,45,5.722452959780822,1.1177016799364736,45,0.1163881583732556,0.0869940317043856,45,-0.6755409335824752,0.196352212859037,45,-4.499312414362772,1.140726655685394,45,-5.386304632847536,1.185087960823974,45,1.3636172405227365,0.1790425972571949,45,1.764299828765182,0.2410486197613512,45,73,38,1.0062684160762774,0.6619771543002774,2.243229602124986,0.1993829911939762,0.1758456422706564
mahler,GPFA50,condition_mean_neural_and_behavior,published_input_causal_train_only;raw_preprocessing_fail,bounce,y,460651,46,,,0,,,0,,,0,,,0,,,0,,,0,,,0,,,0,,,0,,,0,74,0,,,,,
mahler,GPFA50,condition_mean_neural_and_behavior,published_input_causal_train_only;raw_preprocessing_fail,bounce,y,463174,54,0.161131534894363,0.1746566184088619,54,0.1359266937253325,0.2698143947478009,54,6.816339646256939,1.353525630158663,54,7.844419756625616,1.5174654313654328,54,-0.0252048411690304,0.1407158219676447,54,-1.0280801103686763,0.2893318737820855,54,-5.745055418312401,1.5933497900925315,54,-6.901375007150612,1.6725368228188062,54,0.4902385115893391,0.084300093250922,54,0.4768796482967272,0.069831053790711,54,75,65,1.7307062772477564,0.987772116160737,4.469168087366369,0.25390552218126927,0.22062897332667003
mahler,GPFA50,condition_mean_neural_and_behavior,published_input_causal_train_only;raw_preprocessing_fail,bounce,y,464785,55,,,0,,,0,,,0,,,0,,,0,,,0,,,0,,,0,,,0,,,0,76,0,,,,,
mahler,GPFA50,condition_mean_neural_and_behavior,published_input_causal_train_only;raw_preprocessing_fail,bounce,y,465431,50,,,0,,,0,,,0,,,0,,,0,,,0,,,0,,,0,,,0,,,0,77,0,,,,,
mahler,GPFA50,condition_mean_neural_and_behavior,published_input_causal_train_only;raw_preprocessing_fail,bounce,y,469268,52,0.6397292885228951,0.1415013223577457,52,0.688996439666117,0.1325855499499021,52,4.7856142387733085,1.3821086129807707,52,5.137871881333745,1.367149612409674,52,0.0492671511432221,0.0653170171358165,52,-0.3522576425604367,0.2175392111728191,52,-4.361244177627889,1.5408370587326012,52,-4.815285573560448,1.4588292624933896,52,1.6202250996571057,0.305258990418275,52,1.74265651969777,0.3413890128540365,52,78,36,0.5746875916095787,0.35439131517437794,1.3603435407628304,0.12008648481388834,0.11185323512979366
mahler,GPFA50,condition_mean_neural_and_behavior,published_input_causal_train_only;raw_preprocessing_fail,full,y,29337,45,-0.1895633417315157,0.2332412384514452,45,-0.2314843992002805,0.2394358045494727,45,3.7608632409813967,0.508001076105079,45,3.796258475046803,0.5090945682920798,45,-0.0419210574687648,0.0482228617437451,45,-0.0353952340654061,0.0617935800854999,45,2.023549499665189,0.7707986322037756,45,2.171211072370945,0.7819132004581641,45,0.6416693777453174,0.0811239623006155,45,0.6892301298337093,0.0889390889001534,45,0,50,0.2946504375697763,0.2572605407031389,0.5011456189074486,0.07834649086917804,0.07761601047624758
mahler,GPFA50,condition_mean_neural_and_behavior,published_input_causal_train_only;raw_preprocessing_fail,full,y,55062,48,0.6348898261406694,0.0713157420836416,48,0.5461569078382549,0.0871569703090651,48,4.561861421530506,0.9062642661543227,48,4.3175949811146,0.9118138788092292,48,-0.0887329183024144,0.0280566129320431,48,0.2442664404159062,0.1316950178172519,48,3.8666518637904295,1.0294828931517737,48,3.453007438251628,1.0749149560452922,48,2.058066280764689,0.2123780315177797,48,1.8592782467555211,0.194787753314527,48,1,50,0.4542729173082846,0.2718671700385285,1.1151987021844079,0.09958060434809875,0.10521434254377716
mahler,GPFA50,condition_mean_neural_and_behavior,published_input_causal_train_only;raw_preprocessing_fail,full,y,58244,58,0.7813555032956354,0.1052328246173105,58,0.7690668770413642,0.1134080176526668,58,2.011589467025588,0.3904757677507956,58,1.956691891557088,0.3676736643399191,58,-0.0122886262542713,0.021510636427581,58,0.0548975754685002,0.1478068391463649,58,0.3564401778631267,0.8969348351427333,58,0.0743894716347111,0.9044513309348716,58,0.7856655232439016,0.1375820959410686,58,0.7894638056460737,0.1446544703404042,58,2,50,0.25153181460465074,0.21961060469262628,0.4278147419597538,0.125041326139262,0.12854952570201936
mahler,GPFA50,condition_mean_neural_and_behavior,published_input_causal_train_only;raw_preprocessing_fail,full,y,59920,43,,,0,,,0,,,0,,,0,,,0,,,0,,,0,,,0,,,0,,,0,3,0,,,,,
mahler,GPFA50,condition_mean_neural_and_behavior,published_input_causal_train_only;raw_preprocessing_fail,full,y,68220,53,0.7200913380913833,0.1083662448037407,53,0.712991025396982,0.1162420584944444,53,2.615520685725778,0.4351723394560018,53,2.553158752026057,0.4347100884304972,53,-0.007100312694401,0.0221768058409976,53,0.0623619336997209,0.0894166572879803,53,0.7500666062641048,0.9364530901520468,53,0.6386818805005651,0.9394969632548824,53,0.7201684329655921,0.1224473780009797,53,0.7297843211016173,0.1285321540715523,53,4,52,0.16976639936259663,0.14817809254873074,0.28894245713611255,0.06490730518366684,0.06649269232783847
mahler,GPFA50,condition_mean_neural_and_behavior,published_input_causal_train_only;raw_preprocessing_fail,full,y,72780,47,0.4329738548337281,0.141171072454446,47,0.4223911737812792,0.1417608491262529,47,6.655504769494,1.1923561466348598,47,6.7927775374147,1.1811166779839006,47,-0.010582681052449,0.0230085042218714,47,-0.1372727679207033,0.1582700681337101,47,-6.369014352324039,1.2606300950123963,47,-6.506468797579293,1.2450074064193108,47,1.398210658173246,0.1886625720111424,47,1.4285185318674345,0.2000945569706662,47,5,49,0.04658385727423021,0.02931696148550029,0.10892266996158906,0.006999297406824916,0.0068578511540597
mahler,GPFA50,condition_mean_neural_and_behavior,published_input_causal_train_only;raw_preprocessing_fail,full,y,77046,50,0.265514580998629,0.2265745973730252,50,0.2482285321234862,0.2470387577667743,50,3.339336742663571,0.5758538942779365,50,3.12735760509733,0.5685623851783678,50,-0.0172860488751428,0.047053186381061,50,0.2119791375662415,0.1676183417826103,50,-1.802113931003168,1.1064709139748428,50,-1.508773647005972,1.2252139343663944,50,0.638112419454436,0.1133293301592298,50,0.6612530165885042,0.1245594853802088,50,6,47,0.35588481432636504,0.31087544389045524,0.6046101386922764,0.10657350298924899,0.1137972880831737
mahler,GPFA50,condition_mean_neural_and_behavior,published_input_causal_train_only;raw_preprocessing_fail,full,y,77944,48,0.6301174043700165,0.1505614696634726,48,0.60375980941434,0.1603649867230922,48,2.1862201051679815,0.5436516139500764,48,2.211878716276516,0.6010724386684052,48,-0.0263575949556764,0.036907367545496,48,-0.025658611108534,0.1664891204872363,48,0.3836085163374289,1.16725479666712,48,0.666820264991171,1.2388698706599823,48,0.995729957739636,0.1400070475388194,48,1.0344125956187644,0.1483746689081832,48,7,45,0.41208006765888455,0.3600988573868453,0.6994819597978674,0.1884897438664904,0.18630319313012855
mahler,GPFA50,condition_mean_neural_and_behavior,published_input_causal_train_only;raw_preprocessing_fail,full,y,90751,53,0.5709577558552189,0.100852492391991,53,0.5902993102718836,0.0979489599307409,53,3.3804874564044334,0.4700811640877499,53,3.0444637003548323,0.4576116046582904,53,0.0193415544166647,0.02134863308179,53,0.3360237560496006,0.1857884940354807,53,-0.7023286499204872,1.1904745451721548,53,-0.2162037954789219,1.2634739060302902,53,0.6669933299923068,0.0671606171077384,53,0.7118507107482099,0.0756341464509465,53,8,53,0.7131757769174218,0.6223998486505942,1.2142135436893309,0.2109683251645526,0.23425333559874642
mahler,GPFA50,condition_mean_neural_and_behavior,published_input_causal_train_only;raw_preprocessing_fail,full,y,93053,48,0.4861371352358481,0.2661255496724198,48,0.5243572502175023,0.2496424370793331,48,4.116541717399564,2.1304914136586746,48,4.445808548083357,1.9225244602844604,48,0.0382201149816542,0.066881931007227,48,-0.3292668306837924,1.0602054329909858,48,-0.4541807769822324,3.7157415267952936,48,0.7224534869557824,3.983446790538792,48,1.0723678182385228,0.2719391286936185,48,1.111177344295992,0.2877789885514327,48,9,50,0.018922519657862145,0.00831406125318208,0.06217459049682805,0.00459670299899586,0.00425626057739708
mahler,GPFA50,condition_mean_neural_and_behavior,published_input_causal_train_only;raw_preprocessing_fail,full,y,99902,46,0.6890543739611606,0.0833270567623755,46,0.6918397875740312,0.0831158510166439,46,5.103831960332559,0.8788517761273799,46,5.154476258726644,0.9188562151258624,46,0.0027854136128705,0.0142722305148438,46,-0.0506442983940859,0.1570765907922935,46,4.870941732296205,0.9199661539341916,46,4.9240601963544215,0.9609204137476935,46,1.2891265079636072,0.1809356861188324,46,1.2856908447981077,0.1982711960826713,46,10,49,0.003965863286415818,0.0023795824007868892,0.009704220431955513,0.0007770364144507234,0.0007694017951293348
mahler,GPFA50,condition_mean_neural_and_behavior,published_input_causal_train_only;raw_preprocessing_fail,full,y,105802,56,0.1408775372606583,0.2208697454508877,56,0.1269665046824207,0.2215697878714885,56,4.9721467742227725,1.0039302826118917,56,5.297225391571877,1.0987116883147618,56,-0.0139110325782376,0.0373972098310128,56,-0.3250786173491059,0.1795190567207283,56,3.9160427611006026,1.2781005991669436,56,4.43715240420427,1.3129815276842387,56,0.6563711331282887,0.085982484693843,56,0.7384742567624625,0.0924764195695037,56,11,46,0.44872122307813256,0.37506687865821536,0.7959607427885331,0.09024697850925267,0.08470872766563192
mahler,GPFA50,condition_mean_neural_and_behavior,published_input_causal_train_only;raw_preprocessing_fail,full,y,118879,59,0.2332530770756368,0.1923057402374879,59,0.2342571903681822,0.1936996617600559,59,3.25367896866851,0.5643192379778184,59,2.8856900253487576,0.5189797941319808,59,0.0010041132925454,0.0422214790552807,59,0.3679889433197528,0.1429006577744985,59,-1.8272858251928223,0.960635066773877,59,-1.476048334766539,1.0166655371364746,59,1.1046635334209047,0.1628109191646081,59,1.2910186580830167,0.1998573145382871,59,12,42,0.7359465042016976,0.6435058251417825,1.2474589601017145,0.22618903440952134,0.2550331108805607
mahler,GPFA50,condition_mean_neural_and_behavior,published_input_causal_train_only;raw_preprocessing_fail,full,y,122957,51,-0.0694502833465424,0.1691776550784702,51,-0.0996470636909057,0.1796907398769419,51,3.5939171272181434,0.5614650468065089,51,3.5853374158182127,0.5512788194690867,51,-0.0301967803443632,0.0315448137231078,51,0.0085797113999295,0.1055941385576488,51,1.8763239664018991,0.8039497270700187,51,1.5869470035156166,0.7995114591416352,51,1.0841319082111076,0.1377784736491277,51,1.0575018375179754,0.1374873697754555,51,13,42,0.19506985265357907,0.17061951818556823,0.3305447168119724,0.0542777826389592,0.05440766935712856
mahler,GPFA50,condition_mean_neural_and_behavior,published_input_causal_train_only;raw_preprocessing_fail,full,y,126479,53,0.6352480587945605,0.1115897518793797,53,0.6587052645820303,0.1048169477956966,53,2.7923646075036257,0.8021283685946333,53,1.9769400972972917,0.5232662887084053,53,0.02345720578747,0.0254762603811349,53,0.8154245102063334,0.498003625560098,53,1.861125594967211,1.1090434606988475,53,0.5653418493586033,1.166396472137656,53,0.8516139243525993,0.1229603787714928,53,1.1920126957574626,0.1686228710409406,53,14,44,1.4566387225151638,1.2731568837177833,2.4714145200943998,0.521650617759906,0.7368148000571991
mahler,GPFA50,condition_mean_neural_and_behavior,published_input_causal_train_only;raw_preprocessing_fail,full,y,158705,57,0.175034631632348,0.243923513381094,57,0.2249638610802719,0.2357815520436402,57,6.64646912468008,0.9741534215420165,57,6.703314110824369,0.969337125951123,57,0.0499292294479239,0.0494864435797602,57,-0.0568449861442879,0.1482703123491094,57,-5.705564129012856,1.1611706523064118,57,-5.771211931505627,1.1434907354870276,57,0.4609189846793572,0.0671431996412269,57,0.4671839150476447,0.0706526578601217,57,15,48,0.1396458249800268,0.1155880716127863,0.25020963868183976,0.02101052789991686,0.020832355857310893
mahler,GPFA50,condition_mean_neural_and_behavior,published_input_causal_train_only;raw_preprocessing_fail,full,y,159613,50,0.6495024781680391,0.128515729025011,50,0.6487715382437947,0.1353347058390231,50,3.114516826515876,0.4160575558640384,50,3.0491906050419324,0.4320784487619043,50,-0.0007309399242446,0.0234484081411476,50,0.0653262214739441,0.0710681712301021,50,0.8932142002493201,0.93643485814332,50,0.9384771794082664,0.9873175651800684,50,0.5764668250821332,0.0730593216560697,50,0.5865840198432829,0.0744625694784234,50,16,50,0.257199455363169,0.22456100940555557,0.43745033881510054,0.08258085272600404,0.08435007471749442
mahler,GPFA50,condition_mean_neural_and_behavior,published_input_causal_train_only;raw_preprocessing_fail,full,y,163248,39,0.3024203464433939,0.2106262070667469,39,0.3020698673125689,0.2133828145889683,39,1.9910506322017505,0.4858761861347744,39,1.9350962108293417,0.3887259159666864,39,-0.0003504791308249,0.036579790625317,39,0.055954421372409,0.2005574041152064,39,-0.4796652908932987,1.0667673599488714,39,-0.1277285176126047,1.0643066270142008,39,4.79012614272092,0.8994942600617543,39,2.867631019611073,0.5157879818459631,39,17,36,0.4905041515408435,0.4295601039657558,0.828464216767379,0.24635443398967333,0.2534779143258328
mahler,GPFA50,condition_mean_neural_and_behavior,published_input_causal_train_only;raw_preprocessing_fail,full,y,167848,56,0.2459731930093869,0.3008588237929991,56,0.2215576964567041,0.3075538550593484,56,4.870543154790133,1.267841431068141,56,5.012637362750529,1.2279946526270595,56,-0.0244154965526827,0.0574062825089061,56,-0.142094207960396,0.1776103356998466,56,-3.9813945729562494,1.4480406613439716,56,-4.066902318919865,1.406191374098301,56,0.4518073720586802,0.0722429181779307,56,0.4343324099102033,0.0651459233644735,56,18,44,0.222070568210307,0.1941427867663428,0.37668563494349727,0.04559462079540404,0.044302141196276894
mahler,GPFA50,condition_mean_neural_and_behavior,published_input_causal_train_only;raw_preprocessing_fail,full,y,179553,58,0.2966913620148179,0.1507530948003106,58,0.2876479396733982,0.1676828056429901,58,3.792152502767943,0.7343047082019353,58,3.851439831206159,0.8214585385130633,58,-0.0090434223414198,0.0288447938305169,58,-0.0592873284382156,0.1491955248366627,58,2.838510615600505,1.0160626698219806,58,3.0201822101126607,1.0880714188963176,58,1.1383178208231284,0.1323178358429829,58,1.251483571891166,0.148814323264473,58,19,39,0.45135225910574006,0.39493860862860486,0.7638094777154942,0.11902270775668752,0.11719052585183179
mahler,GPFA50,condition_mean_neural_and_behavior,published_input_causal_train_only;raw_preprocessing_fail,full,y,182748,51,0.498377964780939,0.1872295228655705,51,0.4604323056168441,0.2033072221734335,51,5.307317091426588,1.0234523270015927,51,5.547736277887296,1.0357801525559118,51,-0.037945659164095,0.0394566271745554,51,-0.2404191864607088,0.1216885782308738,51,-4.654849287047369,1.0893697216739051,51,-4.879259505008518,1.0964753613315577,51,0.7447073734873966,0.0970108377908253,51,0.7207482077398376,0.0965615460967241,51,20,49,0.10493406870777401,0.04665637092287949,0.3407794497310883,0.01977158456902527,0.01891475431628399
mahler,GPFA50,condition_mean_neural_and_behavior,published_input_causal_train_only;raw_preprocessing_fail,full,y,183171,51,0.4230863612014823,0.1573698620080575,51,0.4349036087060599,0.1585691247432067,51,3.5277216447583646,1.2779019759526749,51,2.9666226191973646,1.1635271593647163,51,0.0118172475045777,0.0244597359078017,51,0.5610990255610012,0.1934402605806578,51,-2.5356962459776047,1.628593957748302,51,-1.8927966516549797,1.6316120011849304,51,1.0475628301280042,0.1679938807935621,51,1.2141808676973227,0.1992212624766806,51,21,39,0.7658050185999287,0.670101913285028,1.2959206922658595,0.21708204209869947,0.2581403558525827
mahler,GPFA50,condition_mean_neural_and_behavior,published_input_causal_train_only;raw_preprocessing_fail,full,y,184642,57,0.2140213809112649,0.2512994129613865,57,0.1988416319001942,0.2707332471119442,57,3.5332908997559285,0.4459635993202304,57,3.4925765788959637,0.4743617149321563,57,-0.0151797490110707,0.0673754071535078,57,0.0407143208599648,0.0859734235376574,57,-1.623513087546548,0.8292808105212554,57,-1.6776695345632298,0.7961867828797772,57,0.5584808692826841,0.075238718531526,57,0.5716987276731941,0.0755888004893937,57,22,44,0.19245401710375953,0.16820983928587252,0.32653270406376667,0.054468772191118994,0.05510373581116897
mahler,GPFA50,condition_mean_neural_and_behavior,published_input_causal_train_only;raw_preprocessing_fail,full,y,187617,54,-0.0057373015723073,0.2158000232594656,54,-0.0017754830847244,0.2249877961152298,54,5.618004177477875,1.0624879596607917,54,5.509249181448008,1.0225649623983613,54,0.0039618184875829,0.0413669704400644,54,0.1087549960298657,0.1426636840702794,54,4.828793319506171,1.2630717046761792,54,4.596856162631627,1.2269368533909255,54,1.1842281229466467,0.1473473427913428,54,1.0004393946859853,0.1260057244115236,54,23,38,0.5067015493269945,0.41008386372246425,0.925154255809594,0.09019244794411511,0.09197288643855042
mahler,GPFA50,condition_mean_neural_and_behavior,published_input_causal_train_only;raw_preprocessing_fail,full,y,197632,47,0.6136568824043364,0.1052675475443406,47,0.6109558696671274,0.1120496607057649,47,4.054334080628033,0.7047545366568884,47,3.920973479916261,0.7020119474490448,47,-0.0027010127372089,0.0179845980803281,47,0.1333606007117724,0.1182222200468243,47,2.7829982182470085,1.0720458891729696,47,2.613358852965377,1.1179021841225472,47,0.6701797998337053,0.1002405928402599,47,0.6628701170352282,0.1042886154866825,47,24,47,0.1261592189678985,0.11020467640121137,0.21432887513016396,0.03111712465203556,0.032175483872589936
mahler,GPFA50,condition_mean_neural_and_behavior,published_input_causal_train_only;raw_preprocessing_fail,full,y,199564,49,0.6433124854736422,0.1123769621328565,49,0.6446036923508933,0.1050525803289947,49,2.5703743094468554,0.4505636174803145,49,2.507514906722186,0.3951491902992293,49,0.001291206877251,0.0186592645096586,49,0.0628594027246699,0.1106654583114376,49,0.7389353996272318,1.0753522073872497,49,0.5510654742934995,1.0449368848737943,49,0.941322699126898,0.1079043229672895,49,0.9446802698930656,0.1080187152904631,49,25,42,0.03203297313232551,0.028009407649284574,0.05429712140004117,0.012462376788701645,0.012774788714695577
mahler,GPFA50,condition_mean_neural_and_behavior,published_input_causal_train_only;raw_preprocessing_fail,full,y,204372,53,0.4883729382509803,0.2408949420967099,53,0.4389500909307948,0.2470297874235304,53,2.9481575737046506,0.4320404606535278,53,2.7095924781277017,0.466059438258174,53,-0.0494228473201853,0.0446316923240947,53,0.2385650955769484,0.2197822513903478,53,0.301287988684747,0.8940070808538727,53,-0.3629170973075226,0.8973896140869916,53,0.4527051321067122,0.0724378758509885,53,0.4960500641497047,0.0796094095351781,53,26,45,0.7877293645000165,0.688368485801199,1.3371124576686446,0.2671937794390538,0.29071875968755595
mahler,GPFA50,condition_mean_neural_and_behavior,published_input_causal_train_only;raw_preprocessing_fail,full,y,204678,45,0.6105768440897436,0.1061210773783409,45,0.5909398524553267,0.1049228080839218,45,6.767085707146982,0.8907298400535903,45,6.941988547509315,0.976755767686482,45,-0.0196369916344169,0.0243265369352698,45,-0.1749028403623357,0.2349525659648316,45,-6.4790052666062,0.95556594990775,45,-6.666226210069496,1.038665895871936,45,1.5042404007985997,0.2038031073450085,45,1.4782323795809331,0.2042681335424915,45,27,40,0.1273005546018471,0.061644761113471745,0.3786374692917711,0.018811724885854492,0.01833776499782915
mahler,GPFA50,condition_mean_neural_and_behavior,published_input_causal_train_only;raw_preprocessing_fail,full,y,206128,53,0.4380294929264001,0.2201732124699893,53,0.4206132934503585,0.2119391733211991,53,4.267898551487953,0.6888608624328793,53,4.25092978008518,0.7870226212748825,53,-0.0174161994760416,0.0429020842042228,53,0.016968771402773,0.2095262420394448,53,-1.6075227875830995,1.5188998078897822,53,-2.0609818628047964,1.54069131478688,53,0.387823145625577,0.0711601783198024,53,0.4170855317150428,0.0780321183856576,53,28,34,0.6299477268412933,0.5520029480166807,1.0624806377322562,0.1476013825637138,0.14819057463439692
mahler,GPFA50,condition_mean_neural_and_behavior,published_input_causal_train_only;raw_preprocessing_fail,full,y,217817,49,0.0783054609978284,0.1879273928587794,49,0.0399747939935425,0.184448014459771,49,3.9040332294293414,0.6428017133328711,49,3.928413802937589,0.6446156614282599,49,-0.0383306670042858,0.0298022806649195,49,-0.0243805735082473,0.0988323964452878,49,2.59285035751417,0.9601722906907882,49,2.4809790655323365,0.97967683794383,49,1.115662488472314,0.1223668327053764,49,1.0363739973829973,0.1168056925550902,49,29,39,0.20067860665689435,0.1570727843301981,0.378633102092631,0.05140289410042441,0.051083876781725726
mahler,GPFA50,condition_mean_neural_and_behavior,published_input_causal_train_only;raw_preprocessing_fail,full,y,218791,56,0.4973432736677846,0.1326780881507682,56,0.4934474217565257,0.1267839130198128,56,4.289231004841539,0.8886039789291161,56,4.720941713075673,0.999250249562788,56,-0.0038958519112589,0.0315390010945259,56,-0.4317107082341339,0.1792540376888748,56,3.6391042878385536,1.0275340481251685,56,4.2700728685199065,1.101451199843524,56,0.8964515689046486,0.1225536681870478,56,1.13067811709916,0.1513809643243517,56,30,44,0.7849337004020454,0.5751886223719841,1.5812648148131885,0.1830010320069119,0.16626634008803817
mahler,GPFA50,condition_mean_neural_and_behavior,published_input_causal_train_only;raw_preprocessing_fail,full,y,226533,59,0.0944599735517431,0.2390393622457989,59,0.1450395000766118,0.2521551925325589,59,3.560559633735644,0.8666593182895953,59,3.4079785708621726,0.7916446493873855,59,0.0505795265248686,0.057958602454653,59,0.1525810628734721,0.2008159251370062,59,-2.749979825945676,1.1577211782715815,59,-2.213208887411975,1.229602966235816,59,0.7284097125478168,0.1140898380620957,59,0.5947715861112772,0.1001235949486017,59,31,36,0.8778845629042136,0.7687862230380421,1.4827994364539794,0.24655802829039,0.25759685533530824
mahler,GPFA50,condition_mean_neural_and_behavior,published_input_causal_train_only;raw_preprocessing_fail,full,y,232533,53,0.4872345012429405,0.1914062461587481,53,0.4520333519323782,0.2090445525984831,53,2.906858247097494,0.8608122223335646,53,3.001238216205909,0.8907865440509436,53,-0.0352011493105622,0.0414273931694169,53,-0.094379969108415,0.1909570063398713,53,2.151460402056394,1.1879024969416725,53,2.3006411086078247,1.1744938914937164,53,0.94385438744181,0.1796366515453491,53,0.9637825625425128,0.1866723745412013,53,32,36,0.16667813172046972,0.145968041218508,0.28152173122472046,0.057339614646465226,0.05553645519387664
mahler,GPFA50,condition_mean_neural_and_behavior,published_input_causal_train_only;raw_preprocessing_fail,full,y,241919,43,0.4238060824241056,0.1286541730786965,43,0.4969790893530184,0.1359815741341482,43,4.539355342625473,1.0454265335064714,43,4.912480332049469,1.1013962932839338,43,0.0731730069289127,0.0293156954314012,43,-0.373124989423997,0.1963366790235338,43,3.8834934611402634,1.2356856750333407,43,4.383464789103167,1.2475042802232494,43,1.0428864162733549,0.2009013097015695,43,1.0206018346078694,0.2053384210393514,43,33,46,0.5403677274042853,0.2948861558397739,1.445413842692389,0.119040631679596,0.10999895997117322
mahler,GPFA50,condition_mean_neural_and_behavior,published_input_causal_train_only;raw_preprocessing_fail,full,y,242380,50,0.1988531209037576,0.2736530359028479,50,0.2092597836069855,0.2929401920638221,50,4.22012670011056,0.7573423932864592,50,4.168265716569965,0.8327562479491732,50,0.0104066627032279,0.0518328418783453,50,0.0518609835405963,0.1707705218825837,50,-2.0286989816348617,1.0068736102983928,50,-2.0975844431741963,1.0823846372668162,50,0.6599502520813566,0.1176339137461718,50,0.6506882037344726,0.1212747785682873,50,34,44,0.26706827092803437,0.05392135235370418,1.5886678449815896,0.06328442009123508,0.0640717960628966
mahler,GPFA50,condition_mean_neural_and_behavior,published_input_causal_train_only;raw_preprocessing_fail,full,y,244437,50,0.3150173720536769,0.144960398838509,50,0.3179542558538909,0.1534981243221061,50,3.903449638590781,0.5745156248099148,50,3.233716435278063,0.4979820214158861,50,0.002936883800214,0.025192428987962,50,0.6697332033127169,0.1598060701257655,50,-2.4429529737461184,0.8827994887758762,50,-1.5318635696201135,0.9262116187160184,50,1.587549077849502,0.1638224925911066,50,2.124349909810713,0.2183931068200643,50,35,36,1.0887352188103363,0.9534385978258411,1.8389285029929852,0.2789161689308717,0.3366823407682985
mahler,GPFA50,condition_mean_neural_and_behavior,published_input_causal_train_only;raw_preprocessing_fail,full,y,245662,41,0.737692636212027,0.1127576413041187,41,0.7182749306791406,0.0776579989020436,41,5.941341766060819,1.586625273249621,41,6.646072596704276,1.6072764838741536,41,-0.0194177055328865,0.0826374110918415,41,-0.7047308306434568,0.2317065449380221,41,-5.580489325163068,1.594753176517812,41,-6.311542022239712,1.588548484900994,41,1.4299850210104526,0.3408610950330764,41,1.7920030212054598,0.3786384202638981,41,36,47,0.9834999029214119,0.648788528007387,2.195849031227114,0.165534982104469,0.14798211855361315
mahler,GPFA50,condition_mean_neural_and_behavior,published_input_causal_train_only;raw_preprocessing_fail,full,y,248856,53,0.5747717072676586,0.0831611515430803,53,0.549112364327027,0.0881980253574918,53,3.4759167577762557,0.3658516686726927,53,3.5904601135582683,0.5550484018709148,53,-0.0256593429406316,0.0148554891349483,53,-0.1145433557820131,0.2794179795743714,53,1.0931048365265457,0.8698356658547935,53,2.1604818619724546,0.8819022452351588,53,0.7240622182387171,0.0846664114932127,53,0.8610132088405466,0.1093903003184005,53,37,31,1.5331810255290879,1.3449446182992777,2.579336203852679,0.4410868074153629,0.42701519499952145
mahler,GPFA50,condition_mean_neural_and_behavior,published_input_causal_train_only;raw_preprocessing_fail,full,y,251629,52,0.0679547278600672,0.1569996771415972,52,0.2411191644506015,0.1349564253396635,52,5.623646053917472,0.7928729969487703,52,6.1914140981655486,0.9370608546956744,52,0.1731644365905342,0.0817370594076247,52,-0.5677680442480771,0.2463696040548827,52,4.608454938637657,1.030682188093312,52,5.708085365505142,1.0650693399945146,52,0.9084537971069566,0.112898723849026,52,1.3731939797962474,0.182373353592722,52,38,50,1.695425062654027,1.1549513074220892,3.673822258162618,0.3014814670765031,0.2738348680564532
mahler,GPFA50,condition_mean_neural_and_behavior,published_input_causal_train_only;raw_preprocessing_fail,full,y,258471,53,0.6076353755499889,0.1291051304834947,53,0.6187737062972564,0.1213711083836081,53,3.1352791596658744,0.4383365598843091,53,3.124323513308189,0.4853117531883451,53,0.0111383307472675,0.0279254020816092,53,0.0109556463576855,0.1069837744661091,53,-1.447592157086649,0.759319221804387,53,-1.6471005260113945,0.8093652331579868,53,0.6446257738310809,0.1064165690566201,53,0.6775424667864514,0.1039790960171061,53,39,44,0.30252039409638676,0.2644088374607488,0.5132838914170401,0.09648914137796465,0.09682748691285914
mahler,GPFA50,condition_mean_neural_and_behavior,published_input_causal_train_only;raw_preprocessing_fail,full,y,269179,52,0.4828944636130356,0.1648435736619579,52,0.4725105112584114,0.1670627740589412,52,2.4480567836327647,0.4561263927361493,52,2.5132315768191047,0.4936833929290211,52,-0.0103839523546242,0.0298800301352719,52,-0.0651747931863406,0.1119942658153883,52,0.7183606033953208,0.928506112751958,52,0.8934567736975526,0.9208985009416336,52,0.9642039550988338,0.1532094198682111,52,0.906041271966212,0.1397421110515847,52,40,36,0.12275547089428103,0.10750080788373556,0.20733994925979005,0.050144045560952845,0.048843676812961125
mahler,GPFA50,condition_mean_neural_and_behavior,published_input_causal_train_only;raw_preprocessing_fail,full,y,270569,46,0.3980972971496362,0.1763209777917191,46,0.439688535606229,0.1851412523180688,46,4.314861854648115,0.5743554805832,46,4.146643817244385,0.549306000590633,46,0.0415912384565929,0.0501608381344153,46,0.168218037403731,0.1449661234013761,46,1.8253799193915732,1.237846293767201,46,1.8051549434593703,1.184255097517855,46,0.4651920018132565,0.0681232350557419,46,0.4708021323482163,0.0759580087389544,46,41,49,0.3236178816727649,0.06814752956749774,1.9541712800105309,0.07500075148968044,0.07804332755250298
mahler,GPFA50,condition_mean_neural_and_behavior,published_input_causal_train_only;raw_preprocessing_fail,full,y,273073,52,0.5891631100385522,0.1397946975047468,52,0.3823416863598624,0.1676277215142038,52,6.43291754421608,1.1202624037367857,52,6.265903910271547,1.167535025110612,52,-0.2068214236786896,0.0435092291492017,52,0.1670136339445321,0.1960741990199837,52,-6.130959658367999,1.1886275156750203,52,-5.904828855450698,1.260042714800521,52,2.9016135911802867,0.4039545855857383,52,2.1069466497856526,0.3190634207260045,52,42,33,0.4926508853271353,0.3108867010836144,1.1377521922755571,0.07658280740285318,0.07862407282045045
mahler,GPFA50,condition_mean_neural_and_behavior,published_input_causal_train_only;raw_preprocessing_fail,full,y,273515,43,-0.071042540103291,0.1547690506683037,43,-0.1263857308755764,0.1501494254934973,43,6.752744075964648,1.0534525375192985,43,6.620687087314021,1.0880654471799802,43,-0.0553431907722854,0.0221602126357019,43,0.1320569886506259,0.1284286845773861,43,-6.012541849893813,1.1567779113475338,43,-5.831580702763744,1.222388513711831,43,2.6658829536713355,0.2652747113435071,43,2.2394114662415485,0.2498028088765167,43,43,34,0.24538606891077475,0.17429266966107665,0.507108603304439,0.03633871891934846,0.03706353520029092
mahler,GPFA50,condition_mean_neural_and_behavior,published_input_causal_train_only;raw_preprocessing_fail,full,y,287936,52,-0.4758509280866988,0.1238880432476093,52,-0.4445795793575438,0.1222755708495068,52,5.946611439621598,0.6611747439478691,52,5.666363530504027,0.5947166919368814,52,0.0312713487291549,0.0238274625519461,52,0.2802479091175728,0.1386384791219391,52,-4.405047993292755,0.9763570286536644,52,-3.7073475983488486,0.9965970389641988,52,1.2424135212327168,0.1458852577150598,52,1.020636946895251,0.1243319014782039,52,44,35,0.8617943613146376,0.7549383079467747,1.4545668320697325,0.14492192235272,0.15208949384826717
mahler,GPFA50,condition_mean_neural_and_behavior,published_input_causal_train_only;raw_preprocessing_fail,full,y,297652,55,0.4028988413395686,0.0961295469119907,55,0.4070707464678787,0.1032133849799099,55,3.726779121419925,0.7179791651915693,55,3.347837043127574,0.6820246394889367,55,0.00417190512831,0.0213836276203975,55,0.3789420782923511,0.1867129359462221,55,-2.106698633429785,1.2537250714001782,55,-1.7065093505019162,1.3362876440993638,55,1.8166379515304332,0.2177734472143212,55,2.0231163887212373,0.2547538034480901,55,45,33,0.615009929022351,0.5390833128820155,1.0364923018541612,0.1650245182193756,0.1837036633204238
mahler,GPFA50,condition_mean_neural_and_behavior,published_input_causal_train_only;raw_preprocessing_fail,full,y,301600,50,-0.0836875930912232,0.206188662794624,50,-0.0286905160545186,0.2145582114273561,50,4.511942063950101,1.0342437993957396,50,4.268164499299926,0.9757549192507456,50,0.0549970770367045,0.0398725927317946,50,0.2437775646501744,0.16472000154432,50,-3.7619863959061224,1.243045296152154,50,-3.377630473122021,1.2423012695990352,50,1.1594704635282629,0.1628606309383047,50,1.0424265618263733,0.1434505679241443,50,46,32,0.4165984402179565,0.3653093067924888,0.7014916833853132,0.09233240017564281,0.09760599440023641
mahler,GPFA50,condition_mean_neural_and_behavior,published_input_causal_train_only;raw_preprocessing_fail,full,y,320246,53,-0.1259526557726586,0.1440927419049961,53,-0.155659867988092,0.1543490045948302,53,5.231519335775912,1.0059185800945831,53,5.236466694514997,1.0085911184172105,53,-0.0297072122154333,0.0227755332708331,53,-0.0049473587390846,0.1247268314984716,53,-4.090965296687136,1.2402555501735282,53,-4.080669209636647,1.2597497051955653,53,2.0838130907976518,0.2157658537794637,53,1.8813266415253875,0.2035320217599945,53,47,33,0.15061866828662307,0.1116894279372885,0.2984855519946681,0.02879061676339653,0.028763415691040392
mahler,GPFA50,condition_mean_neural_and_behavior,published_input_causal_train_only;raw_preprocessing_fail,full,y,325813,56,0.4734661836314005,0.1884092227510296,56,0.4877849646452102,0.207244665896654,56,5.551104055722531,1.336537093411627,56,5.734901865435276,1.4280623318369132,56,0.0143187810138096,0.0425990566421953,56,-0.1837978097127459,0.2732609717834074,56,5.208141772264422,1.4361266100857963,56,5.426472430686864,1.5267207513271588,56,1.2173782433273257,0.2159226909290359,56,1.148058437268649,0.2166626680257781,56,48,37,0.14730198251133653,0.07522116658805138,0.416423648266635,0.026535619046716592,0.02568517927030934
mahler,GPFA50,condition_mean_neural_and_behavior,published_input_causal_train_only;raw_preprocessing_fail,full,y,328386,47,0.3782062948761801,0.2158520471990936,47,0.3425156901811765,0.2207844048567011,47,2.8147016880667084,0.6191315384746761,47,2.6627946614388778,0.5756842874512462,47,-0.0356906046950036,0.0354072686826394,47,0.1519070266278312,0.1601507391672899,47,1.9987035538648892,0.8139592514129383,47,1.796079223631742,0.820853542974956,47,1.0097186756557488,0.1738199161413621,47,1.096034199976765,0.1974479005709547,47,49,32,0.31419164635533037,0.2755069167328597,0.5290602486925744,0.11162520265909047,0.11799319373186387
mahler,GPFA50,condition_mean_neural_and_behavior,published_input_causal_train_only;raw_preprocessing_fail,full,y,330797,55,0.0331729741545431,0.2390787623193483,55,0.0148899927452652,0.2480346836325184,55,3.0794561717301003,0.4717163074247764,55,2.9329378382654454,0.4578071475240066,55,-0.018282981409278,0.0483379637026418,55,0.1465183334646556,0.1227066403224498,55,0.4563569202305563,1.1728070302810314,55,0.2270761483512036,1.1060078994591744,55,0.6584271779078537,0.095721148091596,55,0.6887309016247165,0.1003334607712578,55,50,36,0.2926653290231004,0.25629727450173184,0.49432371517441087,0.095037991353738,0.0997857251540606
mahler,GPFA50,condition_mean_neural_and_behavior,published_input_causal_train_only;raw_preprocessing_fail,full,y,332165,48,0.2495967529615876,0.2142267034692411,48,0.2273990908428754,0.2889316952188608,48,3.8294675646079632,0.6622050819160127,48,4.690402000433128,0.9880077367505448,48,-0.0221976621187121,0.1497447762019668,48,-0.860934435825164,0.4411815107664117,48,1.505630914095174,1.2679495220947163,48,2.869361821508415,1.276293358625096,48,0.5947617999567439,0.085505831743897,48,0.5573876293431757,0.0763622332461333,48,51,63,2.07814451791262,1.1691422261985838,5.43728466543357,0.5426719205350855,0.4430631996406101
mahler,GPFA50,condition_mean_neural_and_behavior,published_input_causal_train_only;raw_preprocessing_fail,full,y,340684,52,0.4862392117174123,0.1632851541100387,52,0.422767397356808,0.1990232870581545,52,7.339839888573398,0.8980195784807741,52,6.91427779130586,0.9275031745348284,52,-0.0634718143606042,0.081212772714368,52,0.4255620972675365,0.2179590755929088,52,7.235616674956701,0.9020763546927324,52,6.7953425139113595,0.9400588574307436,52,1.4902850219025134,0.2397379768977555,52,1.308603611027228,0.1935000008305786,52,52,65,0.25034349977166465,0.14944568286421026,0.6190104562203986,0.03410748784335164,0.036206746001216664
mahler,GPFA50,condition_mean_neural_and_behavior,published_input_causal_train_only;raw_preprocessing_fail,full,y,351612,48,0.6283072571681395,0.1976941685189845,48,0.616108711373547,0.2037233356643556,48,3.2574726836998886,0.7347679848368055,48,3.336592344173905,0.8040306271405541,48,-0.0121985457945924,0.0324544742459971,48,-0.0791196604740165,0.1610392237948322,48,-1.873028179294464,1.319927700888059,48,-2.164853181662591,1.298410708422145,48,0.6285071472629767,0.1101286257036137,48,0.6391594637191411,0.1166739938133982,48,53,40,0.3547576450449295,0.3103410768214385,0.6006875528718538,0.10890579276999192,0.10632334083736043
mahler,GPFA50,condition_mean_neural_and_behavior,published_input_causal_train_only;raw_preprocessing_fail,full,y,356164,56,-0.1608112121404188,0.2296067924904008,56,-0.1819883992725972,0.2304155624526751,56,5.43166009374162,0.703222993312204,56,5.085310386476538,0.6615007505721306,56,-0.0211771871321784,0.0298178947814455,56,0.3463497072650814,0.1140173780331253,56,4.829520979943962,0.7590875088268899,56,4.257174550764593,0.7434987944678882,56,1.193971709340692,0.2246896794274158,56,0.9958789211961224,0.1902889221590785,56,54,30,0.6738293713867461,0.5913500423286642,1.1325121723121745,0.12405587974165302,0.1325050626562881
mahler,GPFA50,condition_mean_neural_and_behavior,published_input_causal_train_only;raw_preprocessing_fail,full,y,356765,58,0.3210034123565631,0.2498916741693082,58,0.2783197072239317,0.2649247013072402,58,4.207612646500902,0.8436590541278997,58,3.778019875533497,0.7626274785586112,58,-0.0426837051326313,0.0487864868565405,58,0.4295927709674042,0.1681119932943591,58,3.696251586425552,0.9657586056615424,58,3.06290476037822,0.92728018343389,58,1.0373357841131168,0.1596297741716445,58,0.9010272520481282,0.1322388910268261,58,55,31,0.4836127934642008,0.4242333213964367,0.8136105513951708,0.11493757484220384,0.1280069479242508
mahler,GPFA50,condition_mean_neural_and_behavior,published_input_causal_train_only;raw_preprocessing_fail,full,y,370777,49,-0.2014139683000289,0.2197928827462083,49,-0.1840278848133847,0.2440099355677438,49,3.062222809254159,0.5413920206360004,49,3.073483102748397,0.5335234351102435,49,0.0173860834866442,0.0484747172407879,49,-0.0112602934942375,0.0962432306009512,49,-1.6223169067485457,0.8335950361352849,49,-1.5645203727414594,0.8162068930098337,49,0.8321109474031078,0.1794257101212814,49,0.7793335083520524,0.1649897834028691,49,56,31,0.20968649051328908,0.1839408689680894,0.3527673601907666,0.06847525590874974,0.06822438370517847
mahler,GPFA50,condition_mean_neural_and_behavior,published_input_causal_train_only;raw_preprocessing_fail,full,y,377134,51,0.6196851478443878,0.1669514124674844,51,0.5665384294363481,0.1905033234308704,51,2.7203647325134495,0.6930535825598918,51,2.70260946336882,0.6283399794677028,51,-0.0531467184080397,0.0388230861128262,51,0.017755269144631,0.2060791219020702,51,1.2587217630346057,1.454127198918186,51,0.9005271412509382,1.459400211263714,51,0.7005500024396722,0.1100792121438621,51,0.6815058455475144,0.1010679047481997,51,57,36,0.06273437242366739,0.05493801533940648,0.10596230080407087,0.02306101519177713,0.023212518595072406
mahler,GPFA50,condition_mean_neural_and_behavior,published_input_causal_train_only;raw_preprocessing_fail,full,y,379400,46,-0.1394897272483009,0.2550815684201268,46,-0.1868482593112445,0.2414212162800568,46,3.5552469132117546,0.4980046682083964,46,3.5881953260057027,0.4599071884442805,46,-0.0473585320629436,0.0554181671736218,46,-0.0329484127939482,0.1034455740635304,46,0.6897935758653996,1.0055404970916595,46,0.6071768567366239,1.078757399429226,46,0.8131466056105608,0.1015548858011309,46,0.8477476941099684,0.1088527804861976,46,58,70,0.1437746531057619,0.12519928487361034,0.245891654736611,0.04044013161827855,0.040068792259926544
mahler,GPFA50,condition_mean_neural_and_behavior,published_input_causal_train_only;raw_preprocessing_fail,full,y,381514,52,0.3366824455328736,0.1636029105296045,52,0.2546917390764272,0.175645527798745,52,3.2798704191084957,0.6966824672680724,52,3.714222664431943,0.75288248490837,52,-0.0819907064564462,0.042921956640758,52,-0.4343522453234465,0.1689935865618067,52,-1.8546289398311369,1.1452942373854655,52,-2.3848078500846506,1.1177127979409651,52,1.1609621895586857,0.1104973120188219,52,1.084736530542598,0.1076754859650252,52,59,65,0.2062151106836564,0.1797302898146441,0.35217111853761995,0.06287294445605199,0.055520395332894004
mahler,GPFA50,condition_mean_neural_and_behavior,published_input_causal_train_only;raw_preprocessing_fail,full,y,388571,46,0.5229233958207307,0.1729543933616564,46,0.5311999615688189,0.181296317174048,46,3.0198717927791043,0.66787624516621,46,3.098726996214181,0.6656306469424063,46,0.0082765657480883,0.035625967332842,46,-0.0788552034350768,0.0870957062933306,46,-1.9491892210554005,1.00084718583604,46,-2.0916001511904208,0.9548256724360598,46,0.7993741294318814,0.1197872799310822,46,0.7954098272071014,0.1176932295722176,46,60,70,0.055446398547103745,0.048300514873662055,0.09479180113584373,0.018360514072048723,0.017893282827059136
mahler,GPFA50,condition_mean_neural_and_behavior,published_input_causal_train_only;raw_preprocessing_fail,full,y,394672,41,0.0080937921011342,0.3348727417644544,41,-0.0068686681298311,0.3326817229370827,41,3.793970116084621,1.056501936851757,41,4.126112804423819,1.2308695195350552,41,-0.0149624602309654,0.0514083333190973,41,-0.332142688339199,0.2757515998054097,41,2.6097171412126268,1.62012371322497,41,3.4155410216882327,1.5531664028817032,41,0.8216804904306714,0.1296237977539714,41,1.1194877162186443,0.178309642198659,41,61,63,1.0566506272882115,0.9210600881155085,1.803860571437577,0.27850789409450477,0.2560886425972944
mahler,GPFA50,condition_mean_neural_and_behavior,published_input_causal_train_only;raw_preprocessing_fail,full,y,396358,53,0.5098618058772458,0.1736653039604338,53,0.5023377310551397,0.1843917151062893,53,2.8902615598407624,0.9088540249399044,53,2.724196363867009,0.8688071681000795,53,-0.007524074822106,0.0368191376279676,53,0.1660651959737522,0.1575303031428528,53,2.1315291158891063,1.2518661901732104,53,1.8724109070562929,1.2779518608672429,53,1.0749193646509208,0.1339708882863082,53,1.0615575976046043,0.1409532226770848,53,62,30,0.016816553535236305,0.01475767082611547,0.028264733900143835,0.005818350065231745,0.006173032810074356
mahler,GPFA50,condition_mean_neural_and_behavior,published_input_causal_train_only;raw_preprocessing_fail,full,y,400995,60,-0.0330114610667129,0.1962682235676311,60,-0.0584196730750492,0.2060226543969447,60,4.861495460234922,0.9669805514791792,60,4.0382019789211245,0.9264681426139736,60,-0.0254082120083363,0.037232009275322,60,0.8232934813137976,0.168613144034202,60,3.7817350544418833,1.1555690547048496,60,2.9983871396570265,1.1543449341437373,60,1.0607767267143773,0.21195340719164,60,1.4051500760131812,0.2876486986999198,60,63,32,1.122785669719052,0.9845605724017203,1.8905975133178954,0.23095479136059824,0.2780409884349132
mahler,GPFA50,condition_mean_neural_and_behavior,published_input_causal_train_only;raw_preprocessing_fail,full,y,401673,46,0.6404834456086215,0.1974210505913878,46,0.6402849204416571,0.2023047679363654,46,3.232538099631813,1.1253759108465695,46,2.605581220326832,0.9434593006053312,46,-0.0001985251669644,0.0221760141491129,46,0.626956879304981,0.3087979257841311,46,2.5342918364809948,1.458775904058963,46,1.6760210831423252,1.476361084923455,46,1.0788642040069198,0.2098622741905772,46,1.33631239803597,0.285050818628067,46,64,32,0.9217850978015095,0.8082898187253436,1.5521749149166206,0.2851583088553546,0.35377331192381145
mahler,GPFA50,condition_mean_neural_and_behavior,published_input_causal_train_only;raw_preprocessing_fail,full,y,406460,40,0.3676305115179507,0.2742967946032114,40,0.3846051990883399,0.268498057944049,40,2.7913744707069337,0.6528443807887438,40,2.824590373033197,0.6653098740055684,40,0.0169746875703891,0.0591502551763774,40,-0.0332159023262628,0.14517711382181,40,-1.678564876096527,0.9498422256326962,40,-1.6146687324190665,1.0302942739248062,40,0.8219180459360389,0.1543556030935191,40,0.7698562062684237,0.1415101427612156,40,65,65,0.26062300969364227,0.22713720444863292,0.4451149750385879,0.0933672685011115,0.09226931174936041
mahler,GPFA50,condition_mean_neural_and_behavior,published_input_causal_train_only;raw_preprocessing_fail,full,y,413189,63,0.3300163390787734,0.2774102625882038,63,0.2974370424209054,0.2886698259001526,63,4.836856975924703,0.8138538228714625,63,5.302421641383682,0.8869567650665815,63,-0.0325792966578679,0.0496857630956204,63,-0.4655646654589811,0.2205000456461301,63,3.5968464416322807,0.9455903715159016,63,4.439929850968848,0.9880322648084416,63,0.5999074720749407,0.1303033732409326,63,0.6801055645126498,0.1507517404301483,63,66,40,0.9924894476116566,0.8682270555807066,1.6805167848997198,0.20519305254460496,0.1871766364005454
mahler,GPFA50,condition_mean_neural_and_behavior,published_input_causal_train_only;raw_preprocessing_fail,full,y,413513,37,0.1080749395888989,0.1372438849488001,37,0.0787901877042875,0.1423473474760613,37,4.9755909911779606,1.1965036492093215,37,4.668021391660509,1.1102922303924667,37,-0.0292847518846114,0.0397759963347431,37,0.3075695995174518,0.1705501731767647,37,3.9497000134694993,1.511358019688229,37,3.409539670640924,1.4911869952494785,37,1.2477336545669195,0.1900623549996968,37,1.167554436056665,0.1709540361967381,37,67,31,0.3066662486819117,0.2690052006762894,0.5159385866884054,0.06163413536716553,0.06569512496874493
mahler,GPFA50,condition_mean_neural_and_behavior,published_input_causal_train_only;raw_preprocessing_fail,full,y,420020,48,0.7740600478496885,0.0917034600777186,48,0.7762971930641068,0.0889832333924091,48,2.3009743290941613,0.6773160095797097,48,2.069055567648895,0.6105026261212888,48,0.0022371452144182,0.0198108147060111,48,0.2319187614452664,0.2467590278658252,48,1.1188572880444656,1.097703922319565,48,0.6070348662288114,1.1674140083639477,48,1.9718583347797531,0.3309944688460573,48,1.8566344012885807,0.3272223184189491,48,68,28,0.048786086278882014,0.04285118886501606,0.08182619589139595,0.0212023600880797,0.023578915444169787
mahler,GPFA50,condition_mean_neural_and_behavior,published_input_causal_train_only;raw_preprocessing_fail,full,y,428615,50,0.7779199573649278,0.0855765489074031,50,0.7685683415585619,0.1072928451474477,50,8.019862395612625,1.1114379734731945,50,7.481472959703982,1.079758781844805,50,-0.009351615806366,0.0284151277573421,50,0.5383894359086435,0.1998675060232874,50,-7.789850734031577,1.139128540432104,50,-7.239821582847038,1.134675197123729,50,1.73248462209921,0.242562951088256,50,1.2802169314481064,0.1830818462906272,50,69,65,0.9481456386989529,0.7094084151857032,1.8812668951642482,0.11822467667495752,0.12673248220046604
mahler,GPFA50,condition_mean_neural_and_behavior,published_input_causal_train_only;raw_preprocessing_fail,full,y,435203,57,0.7588846911620678,0.08246044349878,57,0.7576871035387995,0.0875949464844296,57,1.973466148014679,0.4855383538446524,57,1.8730975677541044,0.5109699467281636,57,-0.0011975876232683,0.0154000655649194,57,0.1003685802605742,0.1758717236405892,57,0.1324480649675482,0.8778253129262191,57,-0.2138574702249841,0.9165050256614528,57,1.8958969602235656,0.3390303162679351,57,1.735195335664118,0.3258247534010312,57,70,28,0.08891631562957991,0.0781153013075088,0.14910169675710483,0.04505591125494114,0.04747019971639439
mahler,GPFA50,condition_mean_neural_and_behavior,published_input_causal_train_only;raw_preprocessing_fail,full,y,448412,48,0.7635355122012247,0.0881646911061265,48,0.7753242690378553,0.0846290718849847,48,3.152930592378811,0.5426346038349936,48,2.963665896668623,0.534504466708552,48,0.0117887568366305,0.0157203410640092,48,0.1892646957101878,0.1230211794289292,48,2.5318264007808406,0.7898437634480378,48,2.3862440764752244,0.7644530957073599,48,1.0965628831366472,0.1254476770279014,48,1.1079184279107377,0.1373074782148335,48,71,33,0.25813308840559823,0.2262722925536633,0.43502347651810425,0.0818708439156737,0.0870992538989495
mahler,GPFA50,condition_mean_neural_and_behavior,published_input_causal_train_only;raw_preprocessing_fail,full,y,454477,51,0.4922254627960743,0.2282945334056196,51,0.4486087835054949,0.2309933381818874,51,2.556555600784324,0.4255094931312786,51,2.5863109692421844,0.4392832274540811,51,-0.0436166792905795,0.0451089318291486,51,-0.02975536845786,0.1286583254498112,51,-0.1922210398382858,1.1649294308102145,51,-0.0490493297313355,1.172122643279247,51,0.5444697666838649,0.1098109750710086,51,0.5336205319273345,0.1050800453966589,51,72,35,0.07739032071989443,0.06779436954617513,0.13062237336400706,0.03027132314124203,0.029923053198266637
mahler,GPFA50,condition_mean_neural_and_behavior,published_input_causal_train_only;raw_preprocessing_fail,full,y,456038,45,0.3915774533044221,0.190756535693907,45,0.5079656116776777,0.1450431801295801,45,5.046912026198346,0.99589737170247,45,5.722452959780822,1.1177016799364736,45,0.1163881583732556,0.0869940317043856,45,-0.6755409335824752,0.196352212859037,45,-4.499312414362772,1.140726655685394,45,-5.386304632847536,1.185087960823974,45,1.3636172405227365,0.1790425972571949,45,1.764299828765182,0.2410486197613512,45,73,38,1.0062684160762774,0.6619771543002774,2.243229602124986,0.1993829911939762,0.1758456422706564
mahler,GPFA50,condition_mean_neural_and_behavior,published_input_causal_train_only;raw_preprocessing_fail,full,y,460651,46,0.0485832956337205,0.234001399549811,46,0.0404737209416231,0.2245509210046702,46,4.190834795174312,0.6110211142002895,46,4.3153537788307705,0.6222640812540722,46,-0.0081095746920974,0.039583265235754,46,-0.1245189836564597,0.1207787262049504,46,2.827268602101209,0.9362800671746228,46,3.0770011931744223,0.8949349899857372,46,1.0153656806471492,0.1284021570999178,46,1.0854789382804657,0.1330701644797195,46,74,31,0.25761522245435875,0.22598341047481113,0.43340350749520284,0.06147109944562814,0.05969735870048612
mahler,GPFA50,condition_mean_neural_and_behavior,published_input_causal_train_only;raw_preprocessing_fail,full,y,463174,54,0.161131534894363,0.1746566184088619,54,0.1359266937253325,0.2698143947478009,54,6.816339646256939,1.353525630158663,54,7.844419756625616,1.5174654313654328,54,-0.0252048411690304,0.1407158219676447,54,-1.0280801103686763,0.2893318737820855,54,-5.745055418312401,1.5933497900925315,54,-6.901375007150612,1.6725368228188062,54,0.4902385115893391,0.084300093250922,54,0.4768796482967272,0.069831053790711,54,75,65,1.7307062772477564,0.987772116160737,4.469168087366369,0.25390552218126927,0.22062897332667003
mahler,GPFA50,condition_mean_neural_and_behavior,published_input_causal_train_only;raw_preprocessing_fail,full,y,464785,55,0.1677336786944252,0.2682690820730983,55,0.2122993587952256,0.2579168274212985,55,2.9751997000164088,0.8721075945299624,55,2.7940119999180357,0.7952967933822254,55,0.0445656801008003,0.0556134837869328,55,0.1811877000983735,0.2143669817839012,55,1.824591483989092,1.3249820663598562,55,1.5822157090755598,1.3118711999602368,55,1.511121222933594,0.2132363004554762,55,1.5637112812058296,0.2225123723100205,55,76,54,0.09219179015384218,0.08044555610758339,0.15701119630254823,0.030986757007717407,0.03299620408092259
mahler,GPFA50,condition_mean_neural_and_behavior,published_input_causal_train_only;raw_preprocessing_fail,full,y,465431,50,0.5915307961557132,0.1794773253970361,50,0.637308528658579,0.1587676413780271,50,1.9504963685647456,0.4062426716533602,50,1.9725929109776064,0.4411222183831995,50,0.0457777325028656,0.0460588582563285,50,-0.0220965424128607,0.182268328445129,50,-0.4444794846291199,1.0535084980171,50,-0.6965285269505098,1.0245343212164355,50,1.3531806493684575,0.238548790559982,50,1.4402332061529457,0.2569281173517312,50,77,55,0.08083492474262001,0.07050752491984018,0.1377493308501858,0.041443258262562996,0.04097902019862713
mahler,GPFA50,condition_mean_neural_and_behavior,published_input_causal_train_only;raw_preprocessing_fail,full,y,469268,52,0.6397292885228951,0.1415013223577457,52,0.688996439666117,0.1325855499499021,52,4.7856142387733085,1.3821086129807707,52,5.137871881333745,1.367149612409674,52,0.0492671511432221,0.0653170171358165,52,-0.3522576425604367,0.2175392111728191,52,-4.361244177627889,1.5408370587326012,52,-4.815285573560448,1.4588292624933896,52,1.6202250996571057,0.305258990418275,52,1.74265651969777,0.3413890128540365,52,78,36,0.5746875916095787,0.35439131517437794,1.3603435407628304,0.12008648481388834,0.11185323512979366
mahler,GPFA50,condition_mean_neural_and_behavior,published_input_causal_train_only;raw_preprocessing_fail,hidden,y,29337,45,0.6510651961279945,0.2054624989610912,45,0.661471953274718,0.2046605525417294,45,1.5601047622502464,0.4751426564589474,45,1.596321323979223,0.4820792565379076,45,0.0104067571467236,0.0336525873765102,45,-0.036216561728977,0.1772888159601936,45,-0.645520922472251,0.8750510560439108,45,-0.4785155968112652,0.9645833834828555,45,2.2201168218437326,0.4952387233780656,45,2.4533080638931177,0.5438290915990451,45,0,14,0.4382822745120552,0.43644141448589696,0.5011456189074486,0.28093130994606447,0.27455767703430095
mahler,GPFA50,condition_mean_neural_and_behavior,published_input_causal_train_only;raw_preprocessing_fail,hidden,y,55062,48,0.8868097008089336,0.0528665035840144,48,0.8721526059151657,0.0598276194972171,48,2.9272110151411654,1.05566468368577,48,2.1665658047690317,0.927196334362625,48,-0.0146570948937677,0.0130376809483707,48,0.7606452103721345,0.3110290385228421,48,2.3250080550275345,1.1881949802440095,48,1.3338567847386802,1.22020786087454,48,2.8677447587540126,0.617641460168389,48,2.241613620832237,0.4909776734577044,48,1,14,0.8276697940932076,0.8050024439298926,1.1151987021844079,0.28275030047784,0.3820192270510989
mahler,GPFA50,condition_mean_neural_and_behavior,published_input_causal_train_only;raw_preprocessing_fail,hidden,y,58244,58,0.3114316355415897,0.363283152915575,58,0.3354784268191921,0.3557472986512471,58,2.0138629538122337,0.7222835585584142,58,1.7933739789642875,0.6533476798557661,58,0.0240467912776024,0.0572712650001543,58,0.2204889748479463,0.2051049402045668,58,1.4839041966168112,0.9698856754526756,58,1.144137554052169,1.007165063307012,58,1.4177063764389428,0.4652790799745669,58,1.4517266073404416,0.4695233455036486,58,2,14,0.37414849861503546,0.3725769096235764,0.4278147419597538,0.1857864746490192,0.2086282632644834
mahler,GPFA50,condition_mean_neural_and_behavior,published_input_causal_train_only;raw_preprocessing_fail,hidden,y,59920,43,,,0,,,0,,,0,,,0,,,0,,,0,,,0,,,0,,,0,,,0,3,0,,,,,
mahler,GPFA50,condition_mean_neural_and_behavior,published_input_causal_train_only;raw_preprocessing_fail,hidden,y,68220,53,-0.4227227987874151,0.2721896592690998,53,-0.3579873608107778,0.2856569402437692,53,2.5791471190250315,0.659290974865524,53,2.553818357676678,0.6715622439321502,53,0.0647354379766372,0.0464259816393163,53,0.0253287613483522,0.1393174461432551,53,-0.663989554222126,1.3620109941370526,53,-0.7623812634739499,1.3545359922162603,53,1.5438914064275462,0.4060317700536827,53,1.608144951759954,0.3687122483416165,53,4,15,0.2514349544858395,0.2503012590140866,0.28894245713611255,0.09748763559516795,0.09845451761674275
mahler,GPFA50,condition_mean_neural_and_behavior,published_input_causal_train_only;raw_preprocessing_fail,hidden,y,72780,47,0.1163601950067334,0.3037443132802367,47,0.1164478072669104,0.3200062092932445,47,6.137367996749997,1.2918448487060137,47,6.168946000117953,1.2673575747327983,47,8.76122601769709e-05,0.080422738900153,47,-0.0315780033679546,0.2046476678426708,47,-5.980562292637987,1.328722598623759,47,-6.018972601971764,1.3055940492329874,47,1.3130309305903858,0.2407015114569122,47,1.3184553198543314,0.242976097249475,47,5,15,0.08101905078343387,0.07886664490471898,0.10892266996158906,0.01320094392683264,0.013133370073572495
mahler,GPFA50,condition_mean_neural_and_behavior,published_input_causal_train_only;raw_preprocessing_fail,hidden,y,77046,50,-0.5612138971416794,0.2798258914202388,50,-0.5386948403702865,0.3056431802252647,50,4.5380982078343255,0.9508807510146458,50,4.090918702250835,1.0170226479117166,50,0.0225190567713928,0.0555086175294819,50,0.4471795055834909,0.2576805848860871,50,-4.003187195020903,1.0378339592655228,50,-3.545316612403118,1.1343440322452314,50,1.9703008889334857,0.586371778451046,50,2.0189425407485,0.5939262035817807,50,6,14,0.5241326363439045,0.5215981597265433,0.6046101386922764,0.11549609821997031,0.12812101009377802
mahler,GPFA50,condition_mean_neural_and_behavior,published_input_causal_train_only;raw_preprocessing_fail,hidden,y,77944,48,-0.5870185510066569,0.2816284727209432,48,-0.5120069454074019,0.3140695874974549,48,2.5334351651524294,0.8701094980726964,48,2.2950962926926968,0.899149144690252,48,0.075011605599255,0.0670950991653943,48,0.2383388724597326,0.2340292037240855,48,-0.9198013975036712,1.4871952649912212,48,-0.5420517391296216,1.5665355874833178,48,2.3872976403782835,0.832226269849254,48,2.409838274051666,0.8322113381776596,48,7,13,0.6096614830124668,0.6069229318675888,0.6994819597978674,0.24064617535842298,0.26563655954373405
mahler,GPFA50,condition_mean_neural_and_behavior,published_input_causal_train_only;raw_preprocessing_fail,hidden,y,90751,53,-0.5335219480577101,0.283284010411833,53,-0.4256476848267519,0.3394088464292507,53,4.333597026997601,0.9475706510418488,53,3.5208397358733103,0.9205290620978714,53,0.1078742632309581,0.0859671131933904,53,0.8127572911242896,0.1984377777373987,53,-3.5287406798867025,1.3112017325247602,53,-2.634909608055822,1.3809895275732424,53,1.2694193535804632,0.4036618667975843,53,1.30285346850309,0.4075505143021284,53,8,16,1.0487602500047823,1.0434980547358492,1.2142135436893309,0.24200686945998381,0.29787219205666216
mahler,GPFA50,condition_mean_neural_and_behavior,published_input_causal_train_only;raw_preprocessing_fail,hidden,y,93053,48,0.4866175899856146,0.3345194752517977,48,0.4546578618438445,0.3260054961606266,48,3.951530337413085,2.179641953148917,48,4.533418532067745,2.19111565647866,48,-0.0319597281417701,0.0722265254298708,48,-0.5818881946546606,1.1879994033125103,48,0.3562225436992129,4.285690353707244,48,1.5752467467390157,4.562962507262552,48,1.7390846695694762,0.3868077847671825,48,1.736687236537633,0.4218033419442074,48,9,16,0.03345060491802518,0.025981441416191575,0.06217459049682805,0.00846522791469292,0.007378671234832573
mahler,GPFA50,condition_mean_neural_and_behavior,published_input_causal_train_only;raw_preprocessing_fail,hidden,y,99902,46,0.7722969364319299,0.1215060541516004,46,0.7667986637810754,0.1258835192346624,46,4.074725099919571,0.9095985556009268,46,4.07595470298317,0.9479634065241572,46,-0.0054982726508543,0.0223081519750629,46,-0.0012296030635974,0.2035979686970397,46,3.901350389160579,0.9560394688794954,46,3.9058607114122066,0.9991058802804168,46,1.6446967683397906,0.302178857010822,46,1.618572306685008,0.2861867577069295,46,10,16,0.006826064748161948,0.006543846716509538,0.009704220431955513,0.0016752209243015397,0.0016747155563740655
mahler,GPFA50,condition_mean_neural_and_behavior,published_input_causal_train_only;raw_preprocessing_fail,hidden,y,105802,56,0.5555382465645221,0.2663744912539894,56,0.5288651858446105,0.2802201919646355,56,2.374225412231949,0.971536966129414,56,2.973150988373091,1.1674846154476526,56,-0.0266730607199116,0.053153508016153,56,-0.5989255761411416,0.3943699291323382,56,1.6873902208113405,1.42781377824769,56,2.530340208898968,1.4548974427592478,56,1.8294528215511632,0.5908102080701683,56,1.9602765183083064,0.636176757471201,56,11,14,0.6780305986845694,0.6737835214257547,0.7959607427885331,0.2855797074664322,0.22805118251178624
mahler,GPFA50,condition_mean_neural_and_behavior,published_input_causal_train_only;raw_preprocessing_fail,hidden,y,118879,59,-0.9103248549932228,0.0623611202631479,59,-0.897020451924641,0.0756158514945634,59,4.976505440341786,0.9720136754076756,59,4.25869484971273,0.9050340312831742,59,0.0133044030685818,0.0197106829816454,59,0.717810590629056,0.1899029427396002,59,-3.900368289298767,1.142991037243307,59,-3.136519821171304,1.1894085080669272,59,3.9674936119583615,0.978329951464186,59,4.547851822260862,1.160315231749057,59,12,13,1.0763517903928772,1.0706921888939305,1.2474589601017145,0.2162866700933323,0.25274217298416735
mahler,GPFA50,condition_mean_neural_and_behavior,published_input_causal_train_only;raw_preprocessing_fail,hidden,y,122957,51,0.5150008650846891,0.2500759512224988,51,0.5103161649495831,0.2538134516730075,51,1.6034673010152725,0.5061022385129524,51,1.568697381428919,0.4476614803763846,51,-0.0046847001351061,0.0447401132105982,51,0.0347699195863535,0.2326988952961501,51,0.2650020405998811,0.7859002887329377,51,-0.1914416826183752,0.791241631746318,51,2.447064971655593,0.8642421389667474,51,2.2723877842134974,0.7785544317314651,51,13,14,0.2815982162712801,0.2798367270036001,0.3305447168119724,0.17561830920591875,0.17951086016014997
mahler,GPFA50,condition_mean_neural_and_behavior,published_input_causal_train_only;raw_preprocessing_fail,hidden,y,126479,53,-0.0289479377074599,0.2867551088584594,53,0.0695713947326567,0.3025315497301667,53,3.921960554058425,1.1598648809181695,53,2.3305941867904028,0.815480771248839,53,0.0985193324401167,0.0821071647438332,53,1.5913663672680216,0.616512977071216,53,3.4598366563708653,1.3918457281970371,53,1.2605009593985348,1.4301423851995791,53,1.7418480980573987,0.2736736379381532,53,2.563697088176589,0.4288417194981439,53,14,15,2.095167111650091,2.081284126855502,2.4714145200943998,0.5342142234148741,0.8989840974998173
mahler,GPFA50,condition_mean_neural_and_behavior,published_input_causal_train_only;raw_preprocessing_fail,hidden,y,158705,57,-0.1630933060947324,0.3730128150638398,57,-0.1445841285210587,0.3653419210567447,57,2.949436812771552,0.91621992933174,57,2.998464615077064,0.8985180550900204,57,0.0185091775736737,0.0599990332510669,57,-0.0490278023055111,0.1862898111651523,57,-2.113151882819099,1.3485857963811236,57,-2.2085754631571066,1.3155987197215415,57,1.0482469213674446,0.2778748206572045,57,1.0020774042240137,0.2617172209538302,57,15,16,0.20861839025696008,0.2069142105799338,0.25020963868183976,0.07073160182771428,0.06957507159096434
mahler,GPFA50,condition_mean_neural_and_behavior,published_input_causal_train_only;raw_preprocessing_fail,hidden,y,159613,50,-0.1138664875384996,0.3019139852315389,50,-0.0492633774336811,0.3157646153110701,50,2.6632441802378657,0.7470893174288966,50,2.4936842534989587,0.7783537923160956,50,0.0646031101048185,0.0558998083776485,50,0.1695599267389063,0.1346215153648543,50,-1.2667749010008682,1.083210070268312,50,-1.1126955132732492,1.1448976198148453,50,1.1416259834756408,0.2006196615843334,50,1.141166523999428,0.1821191921563425,50,16,18,0.3663749371181678,0.3635907755505637,0.43745033881510054,0.13756715957056753,0.1469211415214644
mahler,GPFA50,condition_mean_neural_and_behavior,published_input_causal_train_only;raw_preprocessing_fail,hidden,y,163248,39,-0.8758040200324483,0.1205839931780742,39,-0.8742515684332371,0.1289717032918271,39,2.5610724718948137,0.7220145867733497,39,2.448844286986559,0.5973429508506674,39,0.0015524515992114,0.0210593907197619,39,0.1122281849082542,0.3060202480409487,39,-1.0911265778131594,1.1726772578545042,39,-0.4748962140684872,1.1753529528979387,39,15.020862529426337,3.696142730400356,39,8.962950925935193,2.2447433406202855,39,17,13,0.6969355279075985,0.6916970923782509,0.828464216767379,0.2721264374810798,0.2845977311057278
mahler,GPFA50,condition_mean_neural_and_behavior,published_input_causal_train_only;raw_preprocessing_fail,hidden,y,167848,56,0.1848180834512857,0.3889521446101119,56,0.173806451549645,0.366711289340241,56,2.2021759054095407,0.946969347826586,56,2.167302556866427,0.9167416118324188,56,-0.0110116319016407,0.0666764975471256,56,0.0348733485431141,0.181491023652421,56,-1.3401163754425962,1.3625682682897016,56,-1.2295014101028867,1.3426586595367949,56,1.2180048154351528,0.2592931396511528,56,1.1829172797358125,0.2471016430207114,56,18,16,0.31544536381827637,0.31300789720728106,0.37668563494349727,0.14324258250369545,0.14554745151704152
mahler,GPFA50,condition_mean_neural_and_behavior,published_input_causal_train_only;raw_preprocessing_fail,hidden,y,179553,58,0.4060212509720349,0.308296356414183,58,0.4052747251310305,0.3196100296862867,58,2.8562789004724705,0.8927551005454272,58,3.13843399769916,1.0021426530764264,58,-0.0007465258410043,0.0531919682150639,58,-0.282155097226689,0.1808481643550262,58,2.428596013146396,1.138427110160794,58,2.760439889337648,1.2194769813043618,58,2.094308230636132,0.4949032832978027,58,2.3589861440154025,0.5727238319472013,58,19,14,0.642401775209989,0.6376168119752424,0.7638094777154942,0.22490863028247216,0.20468863633294335
mahler,GPFA50,condition_mean_neural_and_behavior,published_input_causal_train_only;raw_preprocessing_fail,hidden,y,182748,51,0.1811833243641585,0.2866142942850134,51,0.0525639491017436,0.3057014452344556,51,6.58878433120922,1.2924879465735395,51,6.9304867467956095,1.3211527277708783,51,-0.1286193752624149,0.061961111894252,51,-0.3417024155863904,0.1696320745198289,51,-6.3382188362715,1.3237998005556446,51,-6.694575860929983,1.35345744037456,51,1.679786536983492,0.3735645135928314,51,1.810089808013386,0.4032819235494001,51,20,17,0.17815174959151836,0.13448012795418063,0.3407794497310883,0.027038637271471096,0.02570551767866649
mahler,GPFA50,condition_mean_neural_and_behavior,published_input_causal_train_only;raw_preprocessing_fail,hidden,y,183171,51,-0.5983778531341531,0.2697806113628305,51,-0.4886496389711153,0.3236362915835031,51,4.869632354642431,1.6449359553206462,51,3.8595864601193135,1.5586508917069657,51,0.1097282141630378,0.0943080940604061,51,1.010045894523116,0.2048649766017973,51,-4.305389533190798,1.852646159228336,51,-3.2668077623708616,1.8333634215880867,51,2.0776012881798938,0.7269322157214464,51,2.297530061152337,0.8177690731988507,51,21,14,1.0899424394529975,1.0818247941934693,1.2959206922658595,0.22382437935256205,0.2823987623325074
mahler,GPFA50,condition_mean_neural_and_behavior,published_input_causal_train_only;raw_preprocessing_fail,hidden,y,184642,57,-0.484055022804171,0.372414353578881,57,-0.4935553219222755,0.3908815597915528,57,2.724783789444545,0.827100606203354,57,2.618933071746553,0.7784784177360197,57,-0.0095002991181045,0.0821801424821139,57,0.1058507176979922,0.1885289535149614,57,1.3850834223539614,1.0945268114734317,57,1.2215697989436434,1.0551332376929847,57,1.3423785482898902,0.3427174329233109,57,1.372172505656942,0.3627113863850549,57,22,16,0.27341920300734557,0.2713037977458965,0.32653270406376667,0.10034528393281542,0.10440098907338771
mahler,GPFA50,condition_mean_neural_and_behavior,published_input_causal_train_only;raw_preprocessing_fail,hidden,y,187617,54,0.5557527441784521,0.3012831460692488,54,0.5249442335012356,0.3116019115596176,54,3.748495404785821,1.210004540081293,54,3.2277066202143385,1.0965856202296027,54,-0.0308085106772163,0.0536970696816485,54,0.5207887845714824,0.2193746001013878,54,3.482160300580515,1.338479859338261,54,2.8949116444874607,1.252737141743336,54,2.2397455276446245,0.5246364055621315,54,1.9570433443848567,0.4311012151745817,54,23,13,0.7626938835209149,0.7553030783066051,0.925154255809594,0.20346667160033327,0.23629591324823307
mahler,GPFA50,condition_mean_neural_and_behavior,published_input_causal_train_only;raw_preprocessing_fail,hidden,y,197632,47,0.0508844095743343,0.2633942130655033,47,0.0547306933252824,0.2722716348523703,47,2.5550581330053688,0.7281055617700904,47,2.4296356713662424,0.6895989979189242,47,0.0038462837509481,0.061477954953373,47,0.1254224616391269,0.1508116351791071,47,1.176900817093186,1.2355267366030402,47,0.9857691251020768,1.27742733453094,47,1.2092424063553775,0.2800446645454152,47,1.1528770675315971,0.2852747875020313,47,24,17,0.17948726881886257,0.17811176252878944,0.21432887513016396,0.07024782195767185,0.07387414950074904
mahler,GPFA50,condition_mean_neural_and_behavior,published_input_causal_train_only;raw_preprocessing_fail,hidden,y,199564,49,-0.3416749652960819,0.3472201537310545,49,-0.2443716758749071,0.3669298981778581,49,2.2877671550497287,0.5324277012452827,49,2.1741222422720687,0.5027812756968961,49,0.0973032894211746,0.0756796581802313,49,0.1136449127776597,0.1584159184669586,49,0.5125689407392928,1.2264389504333657,49,0.3381994201295226,1.2086460884387653,49,1.3430439349604266,0.3228027687048567,49,1.340405102867101,0.3225849993456013,49,25,15,0.045658212004202114,0.045320828899783464,0.05429712140004117,0.019957543276824277,0.021000756588777158
mahler,GPFA50,condition_mean_neural_and_behavior,published_input_causal_train_only;raw_preprocessing_fail,hidden,y,204372,53,0.0303892352025417,0.3518303270741932,53,0.1269673604556335,0.3646146776614507,53,3.473666566726099,0.8887546041934145,53,2.597497500308847,0.7781569204802358,53,0.0965781252530917,0.1021527226847395,53,0.876169066417252,0.2298022193595005,53,3.0015826746402907,0.9835226192722306,53,2.02185251113596,0.9767356912765868,53,0.9724144009147256,0.1847645349131548,53,1.1090330728981748,0.225478552141632,53,26,17,1.110640899254981,1.1012055588077558,1.3371124576686446,0.3197315798510133,0.42758112341702886
mahler,GPFA50,condition_mean_neural_and_behavior,published_input_causal_train_only;raw_preprocessing_fail,hidden,y,204678,45,0.5490657237648112,0.1578275751522044,45,0.5058885337907251,0.1530037674284325,45,7.35691638165511,1.0280791500683866,45,7.522284600894893,1.1036084026502293,45,-0.0431771899740859,0.0390651175159753,45,-0.1653682192397833,0.2809640054710903,45,-7.097300961807673,1.07268458970999,45,-7.273032911689315,1.148191203181098,45,2.7820441076566373,0.6933087233451568,45,2.3520845914147084,0.5713257889063525,45,27,15,0.20788093516522294,0.16438602963592278,0.3786374692917711,0.028256530913357378,0.02763534566885335
mahler,GPFA50,condition_mean_neural_and_behavior,published_input_causal_train_only;raw_preprocessing_fail,hidden,y,206128,53,0.4604284692580283,0.3758189053604784,53,0.4903860581256493,0.3838375516914697,53,2.563204279305687,1.09535602176052,53,2.0963498803493947,0.921962228088794,53,0.029957588867621,0.0677849369740966,53,0.4668543989562927,0.4545012070296448,53,1.8822985678752568,1.5018544525914648,53,1.1105129798791071,1.516816083065058,53,0.9007678631271812,0.2255102836306868,53,0.9677481690721534,0.2452536069012613,53,28,12,0.8986899801913462,0.892321407827063,1.0624806377322562,0.3506119225248721,0.42869274285529246
mahler,GPFA50,condition_mean_neural_and_behavior,published_input_causal_train_only;raw_preprocessing_fail,hidden,y,217817,49,0.8157266267326879,0.1143360413346458,49,0.8047605400396283,0.12275794202042,49,2.080025470813569,0.4690798582267254,49,1.9134299414130236,0.4224757528491059,49,-0.0109660866930593,0.0207982101627931,49,0.1665955294005454,0.1748782005856737,49,0.6632223611341209,0.9604402492350907,49,0.3292810452579097,0.9650767094289706,49,2.708819802194563,0.454579500336822,49,2.451876303706985,0.4207090763540615,49,29,15,0.298684209795803,0.2940908747809262,0.378633102092631,0.1435964193645078,0.1560988481110689
mahler,GPFA50,condition_mean_neural_and_behavior,published_input_causal_train_only;raw_preprocessing_fail,hidden,y,218791,56,0.8650296449609561,0.0748342791353395,56,0.8464392025322646,0.0915278925258905,56,2.4243175483459374,0.7444587811996866,56,3.3763833103089467,0.8922356972073474,56,-0.0185904424286913,0.0222763397410982,56,-0.9520657619630092,0.2734298431681082,56,1.8145926302326745,0.9595532320947098,56,2.944398783742396,1.0104976296459849,56,1.9636037846246748,0.405952850740039,56,2.3762284853493654,0.474768131967346,56,30,16,1.2216506449251716,1.1988226572075216,1.5812648148131885,0.5039152753560189,0.36182226146988855
mahler,GPFA50,condition_mean_neural_and_behavior,published_input_causal_train_only;raw_preprocessing_fail,hidden,y,226533,59,-0.5716045028304284,0.3333607995086885,59,-0.5736408969460217,0.3312517371148408,59,2.3127943539542413,0.7780269115706314,59,2.131709187347302,0.6060989227016929,59,-0.0020363941155932,0.0713751941972528,59,0.1810851666069394,0.4858615341581366,59,-1.389311983636627,1.219369118544117,59,-0.4674054069881868,1.3222112750484796,59,1.6510140000022924,0.4525284026917103,59,1.3249019325825848,0.3714156157695477,59,31,13,1.2473721217857257,1.2379949061399442,1.4827994364539794,0.5393355097279025,0.5851511684564981
mahler,GPFA50,condition_mean_neural_and_behavior,published_input_causal_train_only;raw_preprocessing_fail,hidden,y,232533,53,0.1001451013020921,0.3841175599051049,53,0.1166829497008366,0.374370307904542,53,3.4626925541223548,1.0378059046538892,53,3.544039224283501,1.073080616177587,53,0.0165378483987444,0.0835180772937139,53,-0.0813466701611465,0.239912040651138,53,3.038867822609756,1.2294557793382324,53,3.1693894776951055,1.2405498876585932,53,2.0006974294920608,0.4924556774907181,53,2.013850907723862,0.5221790408594301,53,32,14,0.23327247194092113,0.2311732177938414,0.28152173122472046,0.06736736464321932,0.06582107510056745
mahler,GPFA50,condition_mean_neural_and_behavior,published_input_causal_train_only;raw_preprocessing_fail,hidden,y,241919,43,0.2486491417684901,0.3096515844418881,43,0.171997759827207,0.3151927800389429,43,3.369402477677822,1.1982128770521747,43,4.038627201783649,1.3648407503272992,43,-0.076651381941283,0.0754031901142135,43,-0.6692247241058285,0.3355850041005834,43,2.7712176244249207,1.4435384761628245,43,3.6625954561248384,1.5159322112890568,43,1.0322973411245593,0.2027625404064098,43,1.4359118380627072,0.2804814480480769,43,33,18,0.8638375270887754,0.7535979538127544,1.445413842692389,0.25637706768831264,0.21389385153134802
mahler,GPFA50,condition_mean_neural_and_behavior,published_input_causal_train_only;raw_preprocessing_fail,hidden,y,242380,50,-0.6504914790858192,0.1800684458390988,50,-0.5949757980592727,0.2156260377828434,50,6.308392302976928,1.2363119708157564,50,6.200692850348446,1.3996921905165458,50,0.0555156810265466,0.0783752584181528,50,0.1076994526284825,0.3095325554034467,50,-5.633025776778042,1.2651149001960127,50,-5.637183936419172,1.4305104736469594,50,1.5842890790418367,0.370860787847146,50,1.5484996798656678,0.4135359307050982,50,34,17,0.429659256155767,0.13956114726841015,1.5886678449815896,0.06810915293790637,0.06929213662496159
mahler,GPFA50,condition_mean_neural_and_behavior,published_input_causal_train_only;raw_preprocessing_fail,hidden,y,244437,50,-0.8320698778614634,0.0817493556412308,50,-0.8418983238814483,0.0813845750826471,50,4.924321305673884,0.8602456351817729,50,3.7529517471860654,0.791400042590098,50,-0.0098284460199846,0.013326510483444,50,1.171369558487819,0.2030435785283771,50,-3.5375503772219985,1.010559402330514,50,-2.0994332089229895,1.0605619042959584,50,3.7432695919090584,0.8487888733235364,50,4.859269106353619,1.1898469265545732,50,35,14,1.5237461419071114,1.5100322525023313,1.8389285029929852,0.3094327212465657,0.40601271866860655
mahler,GPFA50,condition_mean_neural_and_behavior,published_input_causal_train_only;raw_preprocessing_fail,hidden,y,245662,41,0.8435036686022815,0.0841413155913619,41,0.8507564673581489,0.0853164502123731,41,5.778893010812086,2.446937603349641,41,7.280389832352397,2.325912514770021,41,0.0072527987558673,0.0135155994551075,41,-1.5014968215403106,0.4067366452312212,41,-5.2946084011075465,2.3862944273047493,41,-6.863963760678606,2.2683580071760496,41,2.28590358311722,0.6102129744838692,41,3.12696241220328,0.7537205028298198,41,36,18,1.5578075019388469,1.498537533427479,2.195849031227114,0.26956849677338707,0.2139730890530483
mahler,GPFA50,condition_mean_neural_and_behavior,published_input_causal_train_only;raw_preprocessing_fail,hidden,y,248856,53,0.3965773710364654,0.2013662022417347,53,0.4441124972176221,0.2164651528281484,53,2.311343673525942,0.565955387965652,53,2.3290696906918997,0.5689763617938791,53,0.0475351261811567,0.0389900274047284,53,-0.0177260171659571,0.6884660030651722,53,-0.5671066104127163,1.0145647210219746,53,1.0881992311676196,1.0123723295011615,53,1.4211357259698254,0.2626916973733404,53,1.6943243607326248,0.334278445665187,53,37,12,2.1456150992331198,2.1267259558164313,2.579336203852679,0.9282977359918076,0.9212326740621141
mahler,GPFA50,condition_mean_neural_and_behavior,published_input_causal_train_only;raw_preprocessing_fail,hidden,y,251629,52,0.5485466879203957,0.128472640355276,52,0.5080541512540278,0.139699263284664,52,2.717360244295779,0.6772556082729273,52,4.425833685749973,1.1350551187427658,52,-0.0404925366663679,0.0366764844554129,52,-1.708473441454193,0.6923113722013237,52,1.5159395624984204,1.231749419200669,52,3.9340327680791214,1.3082022445610493,52,1.3790539318397177,0.259910297332231,52,2.231326210822473,0.4410463220739975,52,38,20,2.6210065893970524,2.526857131273588,3.673822258162618,0.9645414497025229,0.5922062995353865
mahler,GPFA50,condition_mean_neural_and_behavior,published_input_causal_train_only;raw_preprocessing_fail,hidden,y,258471,53,0.356968892970316,0.2012297502660132,53,0.3912486636845655,0.192820440337897,53,2.383082029842316,0.4049639613321641,53,2.2863018293485573,0.4267892753850256,53,0.0342797707142493,0.0458281400257959,53,0.0967802004937589,0.1690284375738156,53,0.4655626504350602,0.954296776491991,53,0.094264019897119,0.9673886756906804,53,1.6829820454669766,0.3231474046362787,53,1.758432684471998,0.3343583635642224,53,39,17,0.42448423494272486,0.4206792201774899,0.5132838914170401,0.1781240551634776,0.1856641277602767
mahler,GPFA50,condition_mean_neural_and_behavior,published_input_causal_train_only;raw_preprocessing_fail,hidden,y,269179,52,0.2850982452513984,0.1508958023054682,52,0.3043969909147754,0.1510402713871917,52,3.3866336392312357,0.8141262492906156,52,3.5137854764405567,0.8580982906998242,52,0.0192987456633769,0.0369823510105735,52,-0.1271518372093223,0.1725902470054565,52,2.309380974425764,1.0662087620747345,52,2.6037058404486406,1.0334750014830951,52,2.8527806902209187,0.5726300845832396,52,2.685329046048325,0.5344377070561597,52,40,14,0.17180307907408573,0.17025683960582702,0.20733994925979005,0.050729750358555155,0.0488940147957243
mahler,GPFA50,condition_mean_neural_and_behavior,published_input_causal_train_only;raw_preprocessing_fail,hidden,y,270569,46,-0.19958496728301,0.3066786835324549,46,-0.0268070545330037,0.2845047359751668,46,5.969795807328507,1.0531063024867506,46,5.674014551068113,0.9789572593387776,46,0.1727779127500064,0.0853327911728506,46,0.2957812562603945,0.2618767166234237,46,5.53871298106363,1.0881818671606769,46,5.317896902568967,1.0224099211760307,46,0.8284212834640772,0.1792177295794777,46,0.8896892542006597,0.2037513058571589,46,41,20,0.5065421075083499,0.1669614474403688,1.9541712800105309,0.08485082636939108,0.08927402334789487
mahler,GPFA50,condition_mean_neural_and_behavior,published_input_causal_train_only;raw_preprocessing_fail,hidden,y,273073,52,0.4435458279417235,0.34627063838045,52,0.4217791362781288,0.356463512774707,52,5.405300680279841,1.3785274080819176,52,4.830177196836334,1.4054185236050123,52,-0.0217666916635949,0.0646794397052381,52,0.5751234834435077,0.2410456282676463,52,-5.296150608275483,1.4178172380507954,52,-4.686106291204033,1.4565040055063678,52,1.8849119927461588,0.4446688461098536,52,1.3488180389439397,0.2918870257992339,52,42,13,0.7781872776531032,0.7369569638363104,1.1377521922755571,0.14396743561226186,0.16110946781886176
mahler,GPFA50,condition_mean_neural_and_behavior,published_input_causal_train_only;raw_preprocessing_fail,hidden,y,273515,43,-0.114270074361826,0.3159618715597418,43,-0.1911736116713584,0.300381767680921,43,4.314743479573563,1.0068960564760865,43,4.090515029926337,1.031114605602088,43,-0.0769035373095324,0.0634043158814484,43,0.2242284496472268,0.1576575242226029,43,-3.9289608206131375,1.071648396359161,43,-3.620570603518285,1.1395686715239493,43,2.2652557998976106,0.5056807060096433,43,1.976256831806104,0.4637956482467953,43,43,14,0.37113646978867676,0.3597012665498314,0.507108603304439,0.08601588287824635,0.09073098792534208
mahler,GPFA50,condition_mean_neural_and_behavior,published_input_causal_train_only;raw_preprocessing_fail,hidden,y,287936,52,0.5273247909902298,0.2954276066153978,52,0.5523989722278186,0.2930262676770894,52,1.855311681668148,0.7808957878937608,52,1.5423000697102518,0.5575632186057063,52,0.0250741812375887,0.0573238757876628,52,0.3130116119578959,0.6186996699822401,52,-1.1861174412870157,1.1798387835204591,52,-0.1460996801924207,1.1823853295541575,52,1.6045673681015484,0.3941234841595635,52,1.3526396519156092,0.3350205174824956,52,44,14,1.1985985169107498,1.1870618081403659,1.4545668320697325,0.6460362044576067,0.7771500114993366
mahler,GPFA50,condition_mean_neural_and_behavior,published_input_causal_train_only;raw_preprocessing_fail,hidden,y,297652,55,-0.8237164282258562,0.1081705816245039,55,-0.750678240546899,0.1614064879899469,55,4.177984738664915,1.041876532275862,55,3.531725305790572,1.0158857276569728,55,0.0730381876789574,0.066357445801001,55,0.6462594328743431,0.2175578853650516,55,-3.0816371190726235,1.3113084258375949,55,-2.505071645452688,1.383496800029654,55,2.7811035155636707,0.8020335600047978,55,2.9224394781991205,0.9188567491930828,55,45,14,0.843778210164111,0.8344199000842263,1.0364923018541612,0.20195818389555495,0.23891388403867733
mahler,GPFA50,condition_mean_neural_and_behavior,published_input_causal_train_only;raw_preprocessing_fail,hidden,y,301600,50,0.7758879238197391,0.1929660330728205,50,0.7768303531920607,0.1925536849033724,50,2.4777183893210517,0.9718181616374424,50,2.136647717406555,0.87959274511567,50,0.0009424293723214,0.029434254158794,50,0.3410706719144962,0.2898661028870676,50,-2.019375451834415,1.263496884336402,50,-1.5452405073144453,1.2888628940705138,50,2.5555317283937047,0.6497627548485643,50,2.2323649838311255,0.5895781676992335,50,46,13,0.5770911719375384,0.57135656986551,0.7014916833853132,0.23291233355041366,0.2700918673846744
mahler,GPFA50,condition_mean_neural_and_behavior,published_input_causal_train_only;raw_preprocessing_fail,hidden,y,320246,53,0.1318327976818453,0.2659191715539616,53,0.0493699997423658,0.2962867647617283,53,2.659488558296432,1.0142294995841312,53,2.6195804815413366,1.0153212117518209,53,-0.0824627979394794,0.069503762926847,53,0.039908076755095,0.1534660897661196,53,-1.6558550677506003,1.2841250257868349,53,-1.5682529226616333,1.339865470920531,53,2.4379106270836703,0.5014833509895572,53,2.1504696576619526,0.4798233666965289,53,47,14,0.22245565295151426,0.2165784367098135,0.2984855519946681,0.08364602745048505,0.0849203353433995
mahler,GPFA50,condition_mean_neural_and_behavior,published_input_causal_train_only;raw_preprocessing_fail,hidden,y,325813,56,-0.577048297676358,0.2314631240827818,56,-0.5689530094490856,0.2413560308970674,56,5.955511127750057,1.4173150740349945,56,6.2308267057535085,1.513136766583119,56,0.0080952882272722,0.0448349414126217,56,-0.2753155780034506,0.3090764801915518,56,5.523297184927118,1.5448980422301146,56,5.875385913558617,1.6364035213280683,56,1.545044117625542,0.3306916523020641,56,1.7562225827312312,0.3882786609851992,56,48,16,0.22400074496465033,0.17394894773486697,0.416423648266635,0.037612345969921135,0.035950405225972565
mahler,GPFA50,condition_mean_neural_and_behavior,published_input_causal_train_only;raw_preprocessing_fail,hidden,y,328386,47,0.3300182801120021,0.2493570661902219,47,0.3166463085067889,0.2593250569861724,47,3.596801247697224,0.9167887782282088,47,3.351785223140753,0.8587791610385574,47,-0.0133719716052132,0.0376782996462684,47,0.2450160245564713,0.2023034584846059,47,3.095610456195396,1.0576255536398838,47,2.7942523538271007,1.0452007817479907,47,2.6477094944007877,0.576335105442552,47,2.8820849701428344,0.6662920361277562,47,49,13,0.4352358294068707,0.43091057180494313,0.5290602486925744,0.12100636077278978,0.12985194468965341
mahler,GPFA50,condition_mean_neural_and_behavior,published_input_causal_train_only;raw_preprocessing_fail,hidden,y,330797,55,0.4025160680777157,0.3282591761402241,55,0.446383638247062,0.3166279905420368,55,3.4827075527802807,1.1081110878552805,55,3.1492314373859496,1.0093271964471977,55,0.0438675701693463,0.0591587565298522,55,0.3334761153943315,0.1899077489576926,55,3.15881305772556,1.2127407937924732,55,2.8114539932920586,1.1219437480546997,55,1.2820349226132697,0.3407526334938343,55,1.3914915101834413,0.3560351412542952,55,50,16,0.397291177299847,0.39231238345754865,0.49432371517441087,0.1140753770676741,0.12615496358362993
mahler,GPFA50,condition_mean_neural_and_behavior,published_input_causal_train_only;raw_preprocessing_fail,hidden,y,332165,48,0.4860551728569036,0.298932129407175,48,0.4684301122682191,0.2937241389575329,48,3.3241192806697426,1.0313746492362887,48,5.102503135759568,1.5613285274264843,48,-0.0176250605886844,0.0412933695410067,48,-1.7783838550898237,0.8316408095211361,48,2.0630282877887267,1.6268617641757002,48,4.873255388430582,1.6477308260194752,48,0.5906535429388557,0.1563839118515083,48,1.615505825740545,0.3880455000816545,48,51,28,3.11721677686893,2.6305700089468127,5.43728466543357,0.9377571963184408,0.6109191300682848
mahler,GPFA50,condition_mean_neural_and_behavior,published_input_causal_train_only;raw_preprocessing_fail,hidden,y,340684,52,0.4899835534371347,0.2370764041025303,52,0.4089854622917882,0.2756637818078485,52,7.382651685258067,1.1303459536010154,52,6.644547840083053,1.1620020972477727,52,-0.0809980911453466,0.0872724488592814,52,0.738103845175015,0.3579976163176729,52,7.268714932908685,1.13731377925025,52,6.510720144674712,1.1819363044368767,52,1.7536968540122142,0.4053947185535914,52,1.3431028104406002,0.2922669874719075,52,52,30,0.36849297435489076,0.32354240466867473,0.6190104562203986,0.049913363120016915,0.05545794585629544
mahler,GPFA50,condition_mean_neural_and_behavior,published_input_causal_train_only;raw_preprocessing_fail,hidden,y,351612,48,-0.0991781243402064,0.2906660516340169,48,-0.0644317934423851,0.2994192415837773,48,2.6332625709365343,0.4636109208856139,48,2.5663870916846983,0.4927159055327304,48,0.0347463308978213,0.0431466115242055,48,0.0668754792518364,0.2438417225270106,48,-0.2112217205826091,1.4793930868505694,48,-0.605045540124647,1.4386717627110353,48,1.1951403429268217,0.2488157598022201,48,1.222880624726164,0.2722303326664135,48,53,17,0.48706411699243285,0.48157104987681243,0.6006875528718538,0.18496602745513746,0.18978591287750785
mahler,GPFA50,condition_mean_neural_and_behavior,published_input_causal_train_only;raw_preprocessing_fail,hidden,y,356164,56,0.6908942473863584,0.2114064860325035,56,0.6706233336338919,0.2322822109612435,56,3.5061447585223924,0.7538788460287951,56,2.645454846784195,0.7265519670622042,56,-0.0202709137524663,0.0596243277685506,56,0.8606899117381973,0.132953267599559,56,3.3494886447717533,0.7925819247105981,56,2.42161054426627,0.8012675765927489,56,2.04597097569842,0.5687910627563039,56,1.691421616574911,0.4859346998423465,56,54,13,0.9192516759539338,0.9085830150776183,1.1325121723121745,0.26218303557475975,0.347483411811535
mahler,GPFA50,condition_mean_neural_and_behavior,published_input_causal_train_only;raw_preprocessing_fail,hidden,y,356765,58,0.7868940296047675,0.0993702561268852,58,0.7960641729360926,0.1007454945744906,58,3.129356900715004,0.8691858476802987,58,2.2981305862899775,0.7720989711305188,58,0.0091701433313251,0.0289385082602857,58,0.831226314425026,0.2304969504131189,58,2.8306602050673413,0.9522443168405812,58,1.9029419989876537,0.9225877573418444,58,2.296159560382416,0.5987783703588135,58,1.9710772161154104,0.521174154795777,58,55,14,0.65331516079991,0.6448804183957194,0.8136105513951708,0.2087697829067176,0.284281130366312
mahler,GPFA50,condition_mean_neural_and_behavior,published_input_causal_train_only;raw_preprocessing_fail,hidden,y,370777,49,0.4075680139947596,0.427015503505191,49,0.349923149738024,0.4406306394503438,49,1.5022224145841407,0.5083373984983544,49,1.5853608842989038,0.5106604335193172,49,-0.0576448642567355,0.067745957207515,49,-0.083138469714763,0.170533162405108,49,0.806261799624905,0.8913013221894625,49,0.8749809064832651,0.8900144186558969,49,1.4569019151456524,0.4953822872692321,49,1.3977992567762965,0.4592753330396824,49,56,13,0.2883287933015878,0.2852367637016959,0.3527673601907666,0.1919348230344477,0.18186950123289802
mahler,GPFA50,condition_mean_neural_and_behavior,published_input_causal_train_only;raw_preprocessing_fail,hidden,y,377134,51,0.7912299182559507,0.103688702935945,51,0.7860452859061059,0.1086045139221355,51,1.6296419619809577,0.7595830303326375,51,1.693182245634351,0.8830534046194954,51,-0.0051846323498448,0.0336390800373013,51,-0.0635402836533929,0.3868082424454134,51,0.0165395927372229,1.4839739148989268,51,-0.5048544194625447,1.5174300966146077,51,1.2997863239270293,0.2883367092117663,51,1.306691541985782,0.2891645202078009,51,57,17,0.08386231011514435,0.08263691316308183,0.10596230080407087,0.05146057359323463,0.04952940555062655
mahler,GPFA50,condition_mean_neural_and_behavior,published_input_causal_train_only;raw_preprocessing_fail,hidden,y,379400,46,-0.2379637281118943,0.2129461940242795,46,-0.2703551299833236,0.1883478072382379,46,3.3776347468563794,0.7025649835547245,46,3.481417935955738,0.7275722592970489,46,-0.0323914018714292,0.0560732610185499,46,-0.1037831890993591,0.1554993647208079,46,-1.8428459921150495,1.1067488981766949,46,-1.9115032720310807,1.193460510803536,46,1.8727763410910263,0.2728016162130856,46,1.97281948646006,0.2987085055422176,46,58,33,0.19281752637386512,0.18991838175666922,0.245891654736611,0.057086553409400935,0.055384768482538364
mahler,GPFA50,condition_mean_neural_and_behavior,published_input_causal_train_only;raw_preprocessing_fail,hidden,y,381514,52,-0.3644699467418972,0.1872376851469841,52,-0.4060200016065804,0.1834147392998586,52,3.876853860797595,0.8995911646695663,52,4.5151231935492175,0.984962904762238,52,-0.041550054864683,0.0379541102038158,52,-0.6382693327516227,0.2307824702451205,52,-2.5570377645745777,1.2779887164762922,52,-3.368664041019375,1.2642433896203027,52,2.311331190196424,0.3739109276282891,52,2.2707502193198708,0.3533520498527209,52,59,31,0.27558705684526946,0.27133948007372505,0.35217111853761995,0.07108523218581476,0.06103644242509314
mahler,GPFA50,condition_mean_neural_and_behavior,published_input_causal_train_only;raw_preprocessing_fail,hidden,y,388571,46,-0.4047216047189515,0.212718167382275,46,-0.3821250229559483,0.2227147101261005,46,2.4670975631180183,0.5614262292735382,46,2.516716418456313,0.5908414082217247,46,0.0225965817630032,0.0482994928640475,46,-0.0496188553382942,0.1223176946683297,46,-0.8560354830350768,1.172599004364794,46,-1.0173936435527011,1.1544603181675417,46,1.1144983138215705,0.2356037105372468,46,1.1111521424884805,0.2431158407137667,46,60,33,0.07434629078347689,0.07323062489831078,0.09479180113584373,0.030135123918453806,0.02954098850321759
mahler,GPFA50,condition_mean_neural_and_behavior,published_input_causal_train_only;raw_preprocessing_fail,hidden,y,394672,41,0.507268754922424,0.3040048760997279,41,0.5076010977672142,0.3180603560767485,41,2.270247675467712,0.830273765146193,41,2.7842539913925406,1.282116053489418,41,0.0003323428447901,0.0570573002786314,41,-0.5140063159248281,0.6862074364153945,41,0.9366337720139633,1.7691666277935345,41,2.1742679986144644,1.6856483068406207,41,1.6604524438920594,0.3405498951848526,41,2.2532993753137656,0.4722903767554019,41,61,31,1.400063359561038,1.3766990472494796,1.803860571437577,0.6167007127416614,0.502850445357824
mahler,GPFA50,condition_mean_neural_and_behavior,published_input_causal_train_only;raw_preprocessing_fail,hidden,y,396358,53,0.6994438353502744,0.1829583056763724,53,0.6995410028353195,0.1762583242858012,53,2.2675273158787017,0.9599417296986072,53,2.1091807112669767,0.9392510572318304,53,9.716748504498053e-05,0.0368282519316344,53,0.158346604611725,0.2016761381475921,53,1.6293462871417188,1.2987663472838051,53,1.3366296695658937,1.3614520997481514,53,2.1631115450699903,0.4537064261189666,53,2.1487600437528167,0.464372112796804,53,62,14,0.0225250483579801,0.022209843556614168,0.028264733900143835,0.009933749507776623,0.010679525105484864
mahler,GPFA50,condition_mean_neural_and_behavior,published_input_causal_train_only;raw_preprocessing_fail,hidden,y,400995,60,-0.5381212643262768,0.3075734022721617,60,-0.4864053051141275,0.3536529978580105,60,6.456310276861188,1.2478236919261445,60,5.214689766153824,1.2273799679321464,60,0.0517159592121493,0.0904957344069037,60,1.2416205107073646,0.2150639514133121,60,6.037267054801669,1.2958427914502426,60,4.80553504893668,1.2842942643102686,60,1.6124376130354876,0.5400429556956069,60,2.1382687808006047,0.7215965527530344,60,63,15,1.502792540797508,1.4814195400009136,1.8905975133178954,0.2327633704630609,0.2881844574055872
mahler,GPFA50,condition_mean_neural_and_behavior,published_input_causal_train_only;raw_preprocessing_fail,hidden,y,401673,46,-0.184066623867984,0.5026050245714951,46,-0.1646442785648834,0.4994422988783107,46,3.7005424164246814,1.2662098157552193,46,2.630214443941433,1.0974593576909244,46,0.0194223453031005,0.0900991358619541,46,1.0703279724832482,0.3087043142030719,46,3.334075899542301,1.4419953965013428,46,2.0965566498542443,1.4487325154321118,46,1.0036782377558575,0.2773098761753191,46,1.2711020523414651,0.3367942883470968,46,64,15,1.2337756532811168,1.2162268069592703,1.5521749149166206,0.3334040025605604,0.46907797047615535
mahler,GPFA50,condition_mean_neural_and_behavior,published_input_causal_train_only;raw_preprocessing_fail,hidden,y,406460,40,-0.3174494450348553,0.245731908284334,40,-0.2569060319080902,0.2400849194805697,40,2.4292506053087295,0.4967434181339915,40,2.4248752507414126,0.4846362897046105,40,0.0605434131267651,0.0704516537590416,40,0.004375354567317,0.1736739736701409,40,-0.5925764443419606,1.1227349765336232,40,-0.4249118139406388,1.1846561172050154,40,1.5135259126219924,0.212747625412388,40,1.4265052218962877,0.2034590395828525,40,65,32,0.34530802604472316,0.339531992409078,0.4451149750385879,0.1421459051158036,0.1424023878915603
mahler,GPFA50,condition_mean_neural_and_behavior,published_input_causal_train_only;raw_preprocessing_fail,hidden,y,413189,63,0.4692220823300219,0.2679297649025164,63,0.4756012536168431,0.2744398514790312,63,2.437959273953812,0.6807981690533053,63,3.2029578630455493,0.8973518321835676,63,0.0063791712868212,0.0759724745771758,63,-0.7649985890917372,0.3407622498219479,63,1.5715049012440638,1.0393942854184193,63,2.747979631347163,1.066083912535396,63,0.9858898104743884,0.2326788845026779,63,1.1111050159049387,0.2733800263984502,63,66,20,1.307046520269571,1.284785891128918,1.6805167848997198,0.5361231970663073,0.40807484086810897
mahler,GPFA50,condition_mean_neural_and_behavior,published_input_causal_train_only;raw_preprocessing_fail,hidden,y,413513,37,0.7618092398099392,0.1175032186642748,37,0.7468042371399068,0.125793626060452,37,3.293126622221115,1.217491918823107,37,2.805667286122648,1.1069665840866958,37,-0.0150050026700324,0.0328775703216827,37,0.4874593360984679,0.2542970914383572,37,2.5713839507700427,1.471329104541358,37,1.8502454819695648,1.4657892063794198,37,2.6328028122929235,0.5841342323355501,37,2.4512310508920523,0.5411290823992628,37,67,15,0.40696640788319416,0.40070300654941815,0.5159385866884054,0.1235805526386676,0.14505155685997612
mahler,GPFA50,condition_mean_neural_and_behavior,published_input_causal_train_only;raw_preprocessing_fail,hidden,y,420020,48,0.1607973074390353,0.3142230382403644,48,0.2196662578323879,0.3199078542717883,48,2.7940393671548467,1.0311339497932723,48,2.3395154110736454,0.9458510768217449,48,0.0588689503933525,0.0624764589169852,48,0.4545239560812008,0.262112023913564,48,2.181191896309412,1.1641936065730858,48,1.529273865712092,1.2075872624399175,48,2.6268134838027444,0.5770648070652382,48,2.5444483865474594,0.5706044880647692,48,68,13,0.06540223251741083,0.06450397054633829,0.08182619589139595,0.023407770587001258,0.027955461292471923
mahler,GPFA50,condition_mean_neural_and_behavior,published_input_causal_train_only;raw_preprocessing_fail,hidden,y,428615,50,0.8045803241938565,0.0969183933984046,50,0.8261102153157754,0.0840797664177406,50,8.486407066011603,1.351677308549778,50,7.390335844947272,1.3805175969394436,50,0.021529891121919,0.0227679769384543,50,1.0960712210643304,0.3023456846355005,50,-8.36784355090026,1.3471940863268896,50,-7.273326557440916,1.3884276265679572,50,1.931345255354695,0.4543614992591458,50,1.4911742147826164,0.3279806039722322,50,69,32,1.3243963644269923,1.274044762019987,1.8812668951642482,0.1560609047062157,0.17920651946182853
mahler,GPFA50,condition_mean_neural_and_behavior,published_input_causal_train_only;raw_preprocessing_fail,hidden,y,435203,57,0.0140647770891483,0.2878337196846676,57,0.0449606634627982,0.3030606599054933,57,2.1811553236190453,0.6793943610674491,57,1.9217619198189029,0.6156276744377814,57,0.0308958863736499,0.0396642701073068,57,0.2593934038001425,0.2535950072353079,57,1.0172590060698354,0.9942805990358156,57,0.5092082579241575,1.0205664045045373,57,2.379936436854554,0.632057590710764,57,2.130112123038268,0.6049347103194833,57,70,14,0.11686149838647625,0.11492306191100372,0.14910169675710483,0.053577797564905084,0.060809560841692964
mahler,GPFA50,condition_mean_neural_and_behavior,published_input_causal_train_only;raw_preprocessing_fail,hidden,y,448412,48,-0.3103342631320157,0.2943087128943813,48,-0.2171790127001783,0.3264059493443708,48,3.3429178578206886,0.627284618195488,48,3.1099560114480163,0.6230544591656098,48,0.0931552504318374,0.08265326942104,48,0.2329618463726717,0.1312887862273104,48,2.5389520716698897,0.925568725677481,48,2.4250924341944327,0.8693383852631598,48,1.0846889644198476,0.3382532102178765,48,1.0349455863884314,0.3195374410014545,48,71,16,0.3424934474030936,0.33717135903477213,0.43502347651810425,0.10245344395819872,0.11012806809560834
mahler,GPFA50,condition_mean_neural_and_behavior,published_input_causal_train_only;raw_preprocessing_fail,hidden,y,454477,51,-0.0233017055622466,0.3581618746265799,51,-0.0229985909517158,0.363947200598909,51,2.5851925525314825,0.7838221533528253,51,2.6678837865984826,0.8636466612588347,51,0.0003031146105308,0.057030579254122,51,-0.0826912340670004,0.1887225098320037,51,1.3669870170535627,1.359314549513816,51,1.5642054436638058,1.3572870557425625,51,0.9125190192619244,0.1893989373396634,51,0.9341557211623468,0.2035824174789225,51,72,18,0.1010442826732052,0.09920837145509107,0.13062237336400706,0.03908578592115323,0.03787431940655682
mahler,GPFA50,condition_mean_neural_and_behavior,published_input_causal_train_only;raw_preprocessing_fail,hidden,y,456038,45,0.5153819052406613,0.2169857494213584,45,0.5009478622254454,0.2418400514949903,45,4.060713354679914,1.1240300492833295,45,5.344552593965052,1.3312171475126338,45,-0.0144340430152157,0.04129524116956,45,-1.2838392392851372,0.304671557347221,45,-3.313675095426579,1.3559541639033936,45,-4.881646534814819,1.413814620642774,45,1.664859391948958,0.3195664949625245,45,2.4877617732025943,0.512307992830443,45,73,19,1.421450917390926,1.30053144433255,2.243229602124986,0.35004955859608367,0.26596256513519884
mahler,GPFA50,condition_mean_neural_and_behavior,published_input_causal_train_only;raw_preprocessing_fail,hidden,y,460651,46,-0.2150197127440901,0.3010260876872316,46,-0.2122352091945016,0.2842614746035936,46,2.8785244306959425,0.7998400794880965,46,3.0794437356355986,0.8280863647819616,46,0.0027845035495885,0.0532056823039415,46,-0.200919304939656,0.1452935738908841,46,1.6933456207030433,1.199385016176536,46,2.0268360048283287,1.1482837683580989,46,1.3918456428505204,0.3344744275879612,46,1.553550804942376,0.373132427428,46,74,16,0.3357991503245558,0.329693458985007,0.43340350749520284,0.11665669630720121,0.1090453923345499
mahler,GPFA50,condition_mean_neural_and_behavior,published_input_causal_train_only;raw_preprocessing_fail,hidden,y,463174,54,0.0947980816307702,0.3148609996611588,54,0.1233010027386593,0.2876471176536899,54,7.543421649036462,1.5154590993757455,54,9.197894693207603,1.793780250570479,54,0.028502921107889,0.0634017156544481,54,-1.654473044171141,0.3995273018235124,54,-6.774825107467786,1.7434255173772146,54,-8.961085938023043,1.854755882687945,54,0.5045207693034088,0.0768310805572605,54,0.9976474950899799,0.149063027682718,54,75,34,2.3929883740088473,1.8883878691308207,4.469168087366369,0.31722850522541174,0.2601669679667027
mahler,GPFA50,condition_mean_neural_and_behavior,published_input_causal_train_only;raw_preprocessing_fail,hidden,y,464785,55,-0.5657108931960697,0.2714016033873983,55,-0.5170960475642409,0.2880079666707593,55,3.3860639135035444,1.0917938413694015,55,3.085219033867804,0.9842124906611124,55,0.0486148456318286,0.0550187484137172,55,0.3008448796357399,0.288124912728246,55,2.401015949578386,1.4303764729261412,55,2.050581193184358,1.3762278581700005,55,2.4928601511888497,0.5439210527703409,55,2.483887289504408,0.559055526265542,55,76,29,0.11904166097274828,0.11656142412407625,0.15701119630254823,0.03515635381187369,0.03858450880341904
mahler,GPFA50,condition_mean_neural_and_behavior,published_input_causal_train_only;raw_preprocessing_fail,hidden,y,465431,50,0.10616148417712,0.2405375692276406,50,0.1795276941415045,0.2314610785050604,50,2.0574190722675687,0.4703118618835648,50,2.093295628931963,0.4887758810949539,50,0.0733662099643844,0.0572235766385832,50,-0.0358765566643941,0.2640560719009025,50,-0.2488556704364225,1.2071150380345572,50,-0.6599768962759254,1.1432066356628865,50,2.055497103233096,0.3585140333686888,50,2.1801443881070863,0.3473937372028613,50,77,29,0.10497196858216151,0.10288320925667276,0.1377493308501858,0.05102118960454054,0.050146748090101397
mahler,GPFA50,condition_mean_neural_and_behavior,published_input_causal_train_only;raw_preprocessing_fail,hidden,y,469268,52,0.5663605433034419,0.2184825831549531,52,0.5499402386265313,0.251707052071967,52,4.224045025041462,1.5243070165622865,52,4.9078644153235675,1.5596799093012983,52,-0.0164203046769106,0.0541439716186493,52,-0.6838193902821053,0.2686774372723715,52,-3.842824672009492,1.7236863190927938,52,-4.658116049591033,1.662615559332076,52,1.2742060568012703,0.2380920702412554,52,1.6474093747282077,0.3217336665056437,52,78,18,0.8127309861817967,0.7087826303487551,1.3603435407628304,0.19240585300669688,0.1655976851447341
mahler,GPFA50,condition_mean_neural_and_behavior,published_input_causal_train_only;raw_preprocessing_fail,no_bounce,y,29337,45,-0.1895633417315157,0.2332412384514452,45,-0.2314843992002805,0.2394358045494727,45,3.7608632409813967,0.508001076105079,45,3.796258475046803,0.5090945682920798,45,-0.0419210574687648,0.0482228617437451,45,-0.0353952340654061,0.0617935800854999,45,2.023549499665189,0.7707986322037756,45,2.171211072370945,0.7819132004581641,45,0.6416693777453174,0.0811239623006155,45,0.6892301298337093,0.0889390889001534,45,0,50,0.2946504375697763,0.2572605407031389,0.5011456189074486,0.07834649086917804,0.07761601047624758
mahler,GPFA50,condition_mean_neural_and_behavior,published_input_causal_train_only;raw_preprocessing_fail,no_bounce,y,55062,48,,,0,,,0,,,0,,,0,,,0,,,0,,,0,,,0,,,0,,,0,1,0,,,,,
mahler,GPFA50,condition_mean_neural_and_behavior,published_input_causal_train_only;raw_preprocessing_fail,no_bounce,y,58244,58,0.7813555032956354,0.1052328246173105,58,0.7690668770413642,0.1134080176526668,58,2.011589467025588,0.3904757677507956,58,1.956691891557088,0.3676736643399191,58,-0.0122886262542713,0.021510636427581,58,0.0548975754685002,0.1478068391463649,58,0.3564401778631267,0.8969348351427333,58,0.0743894716347111,0.9044513309348716,58,0.7856655232439016,0.1375820959410686,58,0.7894638056460737,0.1446544703404042,58,2,50,0.25153181460465074,0.21961060469262628,0.4278147419597538,0.125041326139262,0.12854952570201936
mahler,GPFA50,condition_mean_neural_and_behavior,published_input_causal_train_only;raw_preprocessing_fail,no_bounce,y,59920,43,,,0,,,0,,,0,,,0,,,0,,,0,,,0,,,0,,,0,,,0,3,0,,,,,
mahler,GPFA50,condition_mean_neural_and_behavior,published_input_causal_train_only;raw_preprocessing_fail,no_bounce,y,68220,53,0.7200913380913833,0.1083662448037407,53,0.712991025396982,0.1162420584944444,53,2.615520685725778,0.4351723394560018,53,2.553158752026057,0.4347100884304972,53,-0.007100312694401,0.0221768058409976,53,0.0623619336997209,0.0894166572879803,53,0.7500666062641048,0.9364530901520468,53,0.6386818805005651,0.9394969632548824,53,0.7201684329655921,0.1224473780009797,53,0.7297843211016173,0.1285321540715523,53,4,52,0.16976639936259663,0.14817809254873074,0.28894245713611255,0.06490730518366684,0.06649269232783847
mahler,GPFA50,condition_mean_neural_and_behavior,published_input_causal_train_only;raw_preprocessing_fail,no_bounce,y,72780,47,,,0,,,0,,,0,,,0,,,0,,,0,,,0,,,0,,,0,,,0,5,0,,,,,
mahler,GPFA50,condition_mean_neural_and_behavior,published_input_causal_train_only;raw_preprocessing_fail,no_bounce,y,77046,50,0.265514580998629,0.2265745973730252,50,0.2482285321234862,0.2470387577667743,50,3.339336742663571,0.5758538942779365,50,3.12735760509733,0.5685623851783678,50,-0.0172860488751428,0.047053186381061,50,0.2119791375662415,0.1676183417826103,50,-1.802113931003168,1.1064709139748428,50,-1.508773647005972,1.2252139343663944,50,0.638112419454436,0.1133293301592298,50,0.6612530165885042,0.1245594853802088,50,6,47,0.35588481432636504,0.31087544389045524,0.6046101386922764,0.10657350298924899,0.1137972880831737
mahler,GPFA50,condition_mean_neural_and_behavior,published_input_causal_train_only;raw_preprocessing_fail,no_bounce,y,77944,48,0.6301174043700165,0.1505614696634726,48,0.60375980941434,0.1603649867230922,48,2.1862201051679815,0.5436516139500764,48,2.211878716276516,0.6010724386684052,48,-0.0263575949556764,0.036907367545496,48,-0.025658611108534,0.1664891204872363,48,0.3836085163374289,1.16725479666712,48,0.666820264991171,1.2388698706599823,48,0.995729957739636,0.1400070475388194,48,1.0344125956187644,0.1483746689081832,48,7,45,0.41208006765888455,0.3600988573868453,0.6994819597978674,0.1884897438664904,0.18630319313012855
mahler,GPFA50,condition_mean_neural_and_behavior,published_input_causal_train_only;raw_preprocessing_fail,no_bounce,y,90751,53,0.5709577558552189,0.100852492391991,53,0.5902993102718836,0.0979489599307409,53,3.3804874564044334,0.4700811640877499,53,3.0444637003548323,0.4576116046582904,53,0.0193415544166647,0.02134863308179,53,0.3360237560496006,0.1857884940354807,53,-0.7023286499204872,1.1904745451721548,53,-0.2162037954789219,1.2634739060302902,53,0.6669933299923068,0.0671606171077384,53,0.7118507107482099,0.0756341464509465,53,8,53,0.7131757769174218,0.6223998486505942,1.2142135436893309,0.2109683251645526,0.23425333559874642
mahler,GPFA50,condition_mean_neural_and_behavior,published_input_causal_train_only;raw_preprocessing_fail,no_bounce,y,93053,48,,,0,,,0,,,0,,,0,,,0,,,0,,,0,,,0,,,0,,,0,9,0,,,,,
mahler,GPFA50,condition_mean_neural_and_behavior,published_input_causal_train_only;raw_preprocessing_fail,no_bounce,y,99902,46,,,0,,,0,,,0,,,0,,,0,,,0,,,0,,,0,,,0,,,0,10,0,,,,,
mahler,GPFA50,condition_mean_neural_and_behavior,published_input_causal_train_only;raw_preprocessing_fail,no_bounce,y,105802,56,,,0,,,0,,,0,,,0,,,0,,,0,,,0,,,0,,,0,,,0,11,0,,,,,
mahler,GPFA50,condition_mean_neural_and_behavior,published_input_causal_train_only;raw_preprocessing_fail,no_bounce,y,118879,59,0.2332530770756368,0.1923057402374879,59,0.2342571903681822,0.1936996617600559,59,3.25367896866851,0.5643192379778184,59,2.8856900253487576,0.5189797941319808,59,0.0010041132925454,0.0422214790552807,59,0.3679889433197528,0.1429006577744985,59,-1.8272858251928223,0.960635066773877,59,-1.476048334766539,1.0166655371364746,59,1.1046635334209047,0.1628109191646081,59,1.2910186580830167,0.1998573145382871,59,12,42,0.7359465042016976,0.6435058251417825,1.2474589601017145,0.22618903440952134,0.2550331108805607
mahler,GPFA50,condition_mean_neural_and_behavior,published_input_causal_train_only;raw_preprocessing_fail,no_bounce,y,122957,51,-0.0694502833465424,0.1691776550784702,51,-0.0996470636909057,0.1796907398769419,51,3.5939171272181434,0.5614650468065089,51,3.5853374158182127,0.5512788194690867,51,-0.0301967803443632,0.0315448137231078,51,0.0085797113999295,0.1055941385576488,51,1.8763239664018991,0.8039497270700187,51,1.5869470035156166,0.7995114591416352,51,1.0841319082111076,0.1377784736491277,51,1.0575018375179754,0.1374873697754555,51,13,42,0.19506985265357907,0.17061951818556823,0.3305447168119724,0.0542777826389592,0.05440766935712856
mahler,GPFA50,condition_mean_neural_and_behavior,published_input_causal_train_only;raw_preprocessing_fail,no_bounce,y,126479,53,0.6352480587945605,0.1115897518793797,53,0.6587052645820303,0.1048169477956966,53,2.7923646075036257,0.8021283685946333,53,1.9769400972972917,0.5232662887084053,53,0.02345720578747,0.0254762603811349,53,0.8154245102063334,0.498003625560098,53,1.861125594967211,1.1090434606988475,53,0.5653418493586033,1.166396472137656,53,0.8516139243525993,0.1229603787714928,53,1.1920126957574626,0.1686228710409406,53,14,44,1.4566387225151638,1.2731568837177833,2.4714145200943998,0.521650617759906,0.7368148000571991
mahler,GPFA50,condition_mean_neural_and_behavior,published_input_causal_train_only;raw_preprocessing_fail,no_bounce,y,158705,57,,,0,,,0,,,0,,,0,,,0,,,0,,,0,,,0,,,0,,,0,15,0,,,,,
mahler,GPFA50,condition_mean_neural_and_behavior,published_input_causal_train_only;raw_preprocessing_fail,no_bounce,y,159613,50,0.6495024781680391,0.128515729025011,50,0.6487715382437947,0.1353347058390231,50,3.114516826515876,0.4160575558640384,50,3.0491906050419324,0.4320784487619043,50,-0.0007309399242446,0.0234484081411476,50,0.0653262214739441,0.0710681712301021,50,0.8932142002493201,0.93643485814332,50,0.9384771794082664,0.9873175651800684,50,0.5764668250821332,0.0730593216560697,50,0.5865840198432829,0.0744625694784234,50,16,50,0.257199455363169,0.22456100940555557,0.43745033881510054,0.08258085272600404,0.08435007471749442
mahler,GPFA50,condition_mean_neural_and_behavior,published_input_causal_train_only;raw_preprocessing_fail,no_bounce,y,163248,39,0.3024203464433939,0.2106262070667469,39,0.3020698673125689,0.2133828145889683,39,1.9910506322017505,0.4858761861347744,39,1.9350962108293417,0.3887259159666864,39,-0.0003504791308249,0.036579790625317,39,0.055954421372409,0.2005574041152064,39,-0.4796652908932987,1.0667673599488714,39,-0.1277285176126047,1.0643066270142008,39,4.79012614272092,0.8994942600617543,39,2.867631019611073,0.5157879818459631,39,17,36,0.4905041515408435,0.4295601039657558,0.828464216767379,0.24635443398967333,0.2534779143258328
mahler,GPFA50,condition_mean_neural_and_behavior,published_input_causal_train_only;raw_preprocessing_fail,no_bounce,y,167848,56,0.2459731930093869,0.3008588237929991,56,0.2215576964567041,0.3075538550593484,56,4.870543154790133,1.267841431068141,56,5.012637362750529,1.2279946526270595,56,-0.0244154965526827,0.0574062825089061,56,-0.142094207960396,0.1776103356998466,56,-3.9813945729562494,1.4480406613439716,56,-4.066902318919865,1.406191374098301,56,0.4518073720586802,0.0722429181779307,56,0.4343324099102033,0.0651459233644735,56,18,44,0.222070568210307,0.1941427867663428,0.37668563494349727,0.04559462079540404,0.044302141196276894
mahler,GPFA50,condition_mean_neural_and_behavior,published_input_causal_train_only;raw_preprocessing_fail,no_bounce,y,179553,58,0.2966913620148179,0.1507530948003106,58,0.2876479396733982,0.1676828056429901,58,3.792152502767943,0.7343047082019353,58,3.851439831206159,0.8214585385130633,58,-0.0090434223414198,0.0288447938305169,58,-0.0592873284382156,0.1491955248366627,58,2.838510615600505,1.0160626698219806,58,3.0201822101126607,1.0880714188963176,58,1.1383178208231284,0.1323178358429829,58,1.251483571891166,0.148814323264473,58,19,39,0.45135225910574006,0.39493860862860486,0.7638094777154942,0.11902270775668752,0.11719052585183179
mahler,GPFA50,condition_mean_neural_and_behavior,published_input_causal_train_only;raw_preprocessing_fail,no_bounce,y,182748,51,,,0,,,0,,,0,,,0,,,0,,,0,,,0,,,0,,,0,,,0,20,0,,,,,
mahler,GPFA50,condition_mean_neural_and_behavior,published_input_causal_train_only;raw_preprocessing_fail,no_bounce,y,183171,51,0.4230863612014823,0.1573698620080575,51,0.4349036087060599,0.1585691247432067,51,3.5277216447583646,1.2779019759526749,51,2.9666226191973646,1.1635271593647163,51,0.0118172475045777,0.0244597359078017,51,0.5610990255610012,0.1934402605806578,51,-2.5356962459776047,1.628593957748302,51,-1.8927966516549797,1.6316120011849304,51,1.0475628301280042,0.1679938807935621,51,1.2141808676973227,0.1992212624766806,51,21,39,0.7658050185999287,0.670101913285028,1.2959206922658595,0.21708204209869947,0.2581403558525827
mahler,GPFA50,condition_mean_neural_and_behavior,published_input_causal_train_only;raw_preprocessing_fail,no_bounce,y,184642,57,0.2140213809112649,0.2512994129613865,57,0.1988416319001942,0.2707332471119442,57,3.5332908997559285,0.4459635993202304,57,3.4925765788959637,0.4743617149321563,57,-0.0151797490110707,0.0673754071535078,57,0.0407143208599648,0.0859734235376574,57,-1.623513087546548,0.8292808105212554,57,-1.6776695345632298,0.7961867828797772,57,0.5584808692826841,0.075238718531526,57,0.5716987276731941,0.0755888004893937,57,22,44,0.19245401710375953,0.16820983928587252,0.32653270406376667,0.054468772191118994,0.05510373581116897
mahler,GPFA50,condition_mean_neural_and_behavior,published_input_causal_train_only;raw_preprocessing_fail,no_bounce,y,187617,54,,,0,,,0,,,0,,,0,,,0,,,0,,,0,,,0,,,0,,,0,23,0,,,,,
mahler,GPFA50,condition_mean_neural_and_behavior,published_input_causal_train_only;raw_preprocessing_fail,no_bounce,y,197632,47,0.6136568824043364,0.1052675475443406,47,0.6109558696671274,0.1120496607057649,47,4.054334080628033,0.7047545366568884,47,3.920973479916261,0.7020119474490448,47,-0.0027010127372089,0.0179845980803281,47,0.1333606007117724,0.1182222200468243,47,2.7829982182470085,1.0720458891729696,47,2.613358852965377,1.1179021841225472,47,0.6701797998337053,0.1002405928402599,47,0.6628701170352282,0.1042886154866825,47,24,47,0.1261592189678985,0.11020467640121137,0.21432887513016396,0.03111712465203556,0.032175483872589936
mahler,GPFA50,condition_mean_neural_and_behavior,published_input_causal_train_only;raw_preprocessing_fail,no_bounce,y,199564,49,0.6433124854736422,0.1123769621328565,49,0.6446036923508933,0.1050525803289947,49,2.5703743094468554,0.4505636174803145,49,2.507514906722186,0.3951491902992293,49,0.001291206877251,0.0186592645096586,49,0.0628594027246699,0.1106654583114376,49,0.7389353996272318,1.0753522073872497,49,0.5510654742934995,1.0449368848737943,49,0.941322699126898,0.1079043229672895,49,0.9446802698930656,0.1080187152904631,49,25,42,0.03203297313232551,0.028009407649284574,0.05429712140004117,0.012462376788701645,0.012774788714695577
mahler,GPFA50,condition_mean_neural_and_behavior,published_input_causal_train_only;raw_preprocessing_fail,no_bounce,y,204372,53,0.4883729382509803,0.2408949420967099,53,0.4389500909307948,0.2470297874235304,53,2.9481575737046506,0.4320404606535278,53,2.7095924781277017,0.466059438258174,53,-0.0494228473201853,0.0446316923240947,53,0.2385650955769484,0.2197822513903478,53,0.301287988684747,0.8940070808538727,53,-0.3629170973075226,0.8973896140869916,53,0.4527051321067122,0.0724378758509885,53,0.4960500641497047,0.0796094095351781,53,26,45,0.7877293645000165,0.688368485801199,1.3371124576686446,0.2671937794390538,0.29071875968755595
mahler,GPFA50,condition_mean_neural_and_behavior,published_input_causal_train_only;raw_preprocessing_fail,no_bounce,y,204678,45,,,0,,,0,,,0,,,0,,,0,,,0,,,0,,,0,,,0,,,0,27,0,,,,,
mahler,GPFA50,condition_mean_neural_and_behavior,published_input_causal_train_only;raw_preprocessing_fail,no_bounce,y,206128,53,0.4380294929264001,0.2201732124699893,53,0.4206132934503585,0.2119391733211991,53,4.267898551487953,0.6888608624328793,53,4.25092978008518,0.7870226212748825,53,-0.0174161994760416,0.0429020842042228,53,0.016968771402773,0.2095262420394448,53,-1.6075227875830995,1.5188998078897822,53,-2.0609818628047964,1.54069131478688,53,0.387823145625577,0.0711601783198024,53,0.4170855317150428,0.0780321183856576,53,28,34,0.6299477268412933,0.5520029480166807,1.0624806377322562,0.1476013825637138,0.14819057463439692
mahler,GPFA50,condition_mean_neural_and_behavior,published_input_causal_train_only;raw_preprocessing_fail,no_bounce,y,217817,49,,,0,,,0,,,0,,,0,,,0,,,0,,,0,,,0,,,0,,,0,29,0,,,,,
mahler,GPFA50,condition_mean_neural_and_behavior,published_input_causal_train_only;raw_preprocessing_fail,no_bounce,y,218791,56,,,0,,,0,,,0,,,0,,,0,,,0,,,0,,,0,,,0,,,0,30,0,,,,,
mahler,GPFA50,condition_mean_neural_and_behavior,published_input_causal_train_only;raw_preprocessing_fail,no_bounce,y,226533,59,0.0944599735517431,0.2390393622457989,59,0.1450395000766118,0.2521551925325589,59,3.560559633735644,0.8666593182895953,59,3.4079785708621726,0.7916446493873855,59,0.0505795265248686,0.057958602454653,59,0.1525810628734721,0.2008159251370062,59,-2.749979825945676,1.1577211782715815,59,-2.213208887411975,1.229602966235816,59,0.7284097125478168,0.1140898380620957,59,0.5947715861112772,0.1001235949486017,59,31,36,0.8778845629042136,0.7687862230380421,1.4827994364539794,0.24655802829039,0.25759685533530824
mahler,GPFA50,condition_mean_neural_and_behavior,published_input_causal_train_only;raw_preprocessing_fail,no_bounce,y,232533,53,0.4872345012429405,0.1914062461587481,53,0.4520333519323782,0.2090445525984831,53,2.906858247097494,0.8608122223335646,53,3.001238216205909,0.8907865440509436,53,-0.0352011493105622,0.0414273931694169,53,-0.094379969108415,0.1909570063398713,53,2.151460402056394,1.1879024969416725,53,2.3006411086078247,1.1744938914937164,53,0.94385438744181,0.1796366515453491,53,0.9637825625425128,0.1866723745412013,53,32,36,0.16667813172046972,0.145968041218508,0.28152173122472046,0.057339614646465226,0.05553645519387664
mahler,GPFA50,condition_mean_neural_and_behavior,published_input_causal_train_only;raw_preprocessing_fail,no_bounce,y,241919,43,,,0,,,0,,,0,,,0,,,0,,,0,,,0,,,0,,,0,,,0,33,0,,,,,
mahler,GPFA50,condition_mean_neural_and_behavior,published_input_causal_train_only;raw_preprocessing_fail,no_bounce,y,242380,50,,,0,,,0,,,0,,,0,,,0,,,0,,,0,,,0,,,0,,,0,34,0,,,,,
mahler,GPFA50,condition_mean_neural_and_behavior,published_input_causal_train_only;raw_preprocessing_fail,no_bounce,y,244437,50,0.3150173720536769,0.144960398838509,50,0.3179542558538909,0.1534981243221061,50,3.903449638590781,0.5745156248099148,50,3.233716435278063,0.4979820214158861,50,0.002936883800214,0.025192428987962,50,0.6697332033127169,0.1598060701257655,50,-2.4429529737461184,0.8827994887758762,50,-1.5318635696201135,0.9262116187160184,50,1.587549077849502,0.1638224925911066,50,2.124349909810713,0.2183931068200643,50,35,36,1.0887352188103363,0.9534385978258411,1.8389285029929852,0.2789161689308717,0.3366823407682985
mahler,GPFA50,condition_mean_neural_and_behavior,published_input_causal_train_only;raw_preprocessing_fail,no_bounce,y,245662,41,,,0,,,0,,,0,,,0,,,0,,,0,,,0,,,0,,,0,,,0,36,0,,,,,
mahler,GPFA50,condition_mean_neural_and_behavior,published_input_causal_train_only;raw_preprocessing_fail,no_bounce,y,248856,53,0.5747717072676586,0.0831611515430803,53,0.549112364327027,0.0881980253574918,53,3.4759167577762557,0.3658516686726927,53,3.5904601135582683,0.5550484018709148,53,-0.0256593429406316,0.0148554891349483,53,-0.1145433557820131,0.2794179795743714,53,1.0931048365265457,0.8698356658547935,53,2.1604818619724546,0.8819022452351588,53,0.7240622182387171,0.0846664114932127,53,0.8610132088405466,0.1093903003184005,53,37,31,1.5331810255290879,1.3449446182992777,2.579336203852679,0.4410868074153629,0.42701519499952145
mahler,GPFA50,condition_mean_neural_and_behavior,published_input_causal_train_only;raw_preprocessing_fail,no_bounce,y,251629,52,,,0,,,0,,,0,,,0,,,0,,,0,,,0,,,0,,,0,,,0,38,0,,,,,
mahler,GPFA50,condition_mean_neural_and_behavior,published_input_causal_train_only;raw_preprocessing_fail,no_bounce,y,258471,53,0.6076353755499889,0.1291051304834947,53,0.6187737062972564,0.1213711083836081,53,3.1352791596658744,0.4383365598843091,53,3.124323513308189,0.4853117531883451,53,0.0111383307472675,0.0279254020816092,53,0.0109556463576855,0.1069837744661091,53,-1.447592157086649,0.759319221804387,53,-1.6471005260113945,0.8093652331579868,53,0.6446257738310809,0.1064165690566201,53,0.6775424667864514,0.1039790960171061,53,39,44,0.30252039409638676,0.2644088374607488,0.5132838914170401,0.09648914137796465,0.09682748691285914
mahler,GPFA50,condition_mean_neural_and_behavior,published_input_causal_train_only;raw_preprocessing_fail,no_bounce,y,269179,52,0.4828944636130356,0.1648435736619579,52,0.4725105112584114,0.1670627740589412,52,2.4480567836327647,0.4561263927361493,52,2.5132315768191047,0.4936833929290211,52,-0.0103839523546242,0.0298800301352719,52,-0.0651747931863406,0.1119942658153883,52,0.7183606033953208,0.928506112751958,52,0.8934567736975526,0.9208985009416336,52,0.9642039550988338,0.1532094198682111,52,0.906041271966212,0.1397421110515847,52,40,36,0.12275547089428103,0.10750080788373556,0.20733994925979005,0.050144045560952845,0.048843676812961125
mahler,GPFA50,condition_mean_neural_and_behavior,published_input_causal_train_only;raw_preprocessing_fail,no_bounce,y,270569,46,,,0,,,0,,,0,,,0,,,0,,,0,,,0,,,0,,,0,,,0,41,0,,,,,
mahler,GPFA50,condition_mean_neural_and_behavior,published_input_causal_train_only;raw_preprocessing_fail,no_bounce,y,273073,52,,,0,,,0,,,0,,,0,,,0,,,0,,,0,,,0,,,0,,,0,42,0,,,,,
mahler,GPFA50,condition_mean_neural_and_behavior,published_input_causal_train_only;raw_preprocessing_fail,no_bounce,y,273515,43,,,0,,,0,,,0,,,0,,,0,,,0,,,0,,,0,,,0,,,0,43,0,,,,,
mahler,GPFA50,condition_mean_neural_and_behavior,published_input_causal_train_only;raw_preprocessing_fail,no_bounce,y,287936,52,-0.4758509280866988,0.1238880432476093,52,-0.4445795793575438,0.1222755708495068,52,5.946611439621598,0.6611747439478691,52,5.666363530504027,0.5947166919368814,52,0.0312713487291549,0.0238274625519461,52,0.2802479091175728,0.1386384791219391,52,-4.405047993292755,0.9763570286536644,52,-3.7073475983488486,0.9965970389641988,52,1.2424135212327168,0.1458852577150598,52,1.020636946895251,0.1243319014782039,52,44,35,0.8617943613146376,0.7549383079467747,1.4545668320697325,0.14492192235272,0.15208949384826717
mahler,GPFA50,condition_mean_neural_and_behavior,published_input_causal_train_only;raw_preprocessing_fail,no_bounce,y,297652,55,0.4028988413395686,0.0961295469119907,55,0.4070707464678787,0.1032133849799099,55,3.726779121419925,0.7179791651915693,55,3.347837043127574,0.6820246394889367,55,0.00417190512831,0.0213836276203975,55,0.3789420782923511,0.1867129359462221,55,-2.106698633429785,1.2537250714001782,55,-1.7065093505019162,1.3362876440993638,55,1.8166379515304332,0.2177734472143212,55,2.0231163887212373,0.2547538034480901,55,45,33,0.615009929022351,0.5390833128820155,1.0364923018541612,0.1650245182193756,0.1837036633204238
mahler,GPFA50,condition_mean_neural_and_behavior,published_input_causal_train_only;raw_preprocessing_fail,no_bounce,y,301600,50,-0.0836875930912232,0.206188662794624,50,-0.0286905160545186,0.2145582114273561,50,4.511942063950101,1.0342437993957396,50,4.268164499299926,0.9757549192507456,50,0.0549970770367045,0.0398725927317946,50,0.2437775646501744,0.16472000154432,50,-3.7619863959061224,1.243045296152154,50,-3.377630473122021,1.2423012695990352,50,1.1594704635282629,0.1628606309383047,50,1.0424265618263733,0.1434505679241443,50,46,32,0.4165984402179565,0.3653093067924888,0.7014916833853132,0.09233240017564281,0.09760599440023641
mahler,GPFA50,condition_mean_neural_and_behavior,published_input_causal_train_only;raw_preprocessing_fail,no_bounce,y,320246,53,,,0,,,0,,,0,,,0,,,0,,,0,,,0,,,0,,,0,,,0,47,0,,,,,
mahler,GPFA50,condition_mean_neural_and_behavior,published_input_causal_train_only;raw_preprocessing_fail,no_bounce,y,325813,56,,,0,,,0,,,0,,,0,,,0,,,0,,,0,,,0,,,0,,,0,48,0,,,,,
mahler,GPFA50,condition_mean_neural_and_behavior,published_input_causal_train_only;raw_preprocessing_fail,no_bounce,y,328386,47,0.3782062948761801,0.2158520471990936,47,0.3425156901811765,0.2207844048567011,47,2.8147016880667084,0.6191315384746761,47,2.6627946614388778,0.5756842874512462,47,-0.0356906046950036,0.0354072686826394,47,0.1519070266278312,0.1601507391672899,47,1.9987035538648892,0.8139592514129383,47,1.796079223631742,0.820853542974956,47,1.0097186756557488,0.1738199161413621,47,1.096034199976765,0.1974479005709547,47,49,32,0.31419164635533037,0.2755069167328597,0.5290602486925744,0.11162520265909047,0.11799319373186387
mahler,GPFA50,condition_mean_neural_and_behavior,published_input_causal_train_only;raw_preprocessing_fail,no_bounce,y,330797,55,0.0331729741545431,0.2390787623193483,55,0.0148899927452652,0.2480346836325184,55,3.0794561717301003,0.4717163074247764,55,2.9329378382654454,0.4578071475240066,55,-0.018282981409278,0.0483379637026418,55,0.1465183334646556,0.1227066403224498,55,0.4563569202305563,1.1728070302810314,55,0.2270761483512036,1.1060078994591744,55,0.6584271779078537,0.095721148091596,55,0.6887309016247165,0.1003334607712578,55,50,36,0.2926653290231004,0.25629727450173184,0.49432371517441087,0.095037991353738,0.0997857251540606
mahler,GPFA50,condition_mean_neural_and_behavior,published_input_causal_train_only;raw_preprocessing_fail,no_bounce,y,332165,48,,,0,,,0,,,0,,,0,,,0,,,0,,,0,,,0,,,0,,,0,51,0,,,,,
mahler,GPFA50,condition_mean_neural_and_behavior,published_input_causal_train_only;raw_preprocessing_fail,no_bounce,y,340684,52,,,0,,,0,,,0,,,0,,,0,,,0,,,0,,,0,,,0,,,0,52,0,,,,,
mahler,GPFA50,condition_mean_neural_and_behavior,published_input_causal_train_only;raw_preprocessing_fail,no_bounce,y,351612,48,0.6283072571681395,0.1976941685189845,48,0.616108711373547,0.2037233356643556,48,3.2574726836998886,0.7347679848368055,48,3.336592344173905,0.8040306271405541,48,-0.0121985457945924,0.0324544742459971,48,-0.0791196604740165,0.1610392237948322,48,-1.873028179294464,1.319927700888059,48,-2.164853181662591,1.298410708422145,48,0.6285071472629767,0.1101286257036137,48,0.6391594637191411,0.1166739938133982,48,53,40,0.3547576450449295,0.3103410768214385,0.6006875528718538,0.10890579276999192,0.10632334083736043
mahler,GPFA50,condition_mean_neural_and_behavior,published_input_causal_train_only;raw_preprocessing_fail,no_bounce,y,356164,56,-0.1608112121404188,0.2296067924904008,56,-0.1819883992725972,0.2304155624526751,56,5.43166009374162,0.703222993312204,56,5.085310386476538,0.6615007505721306,56,-0.0211771871321784,0.0298178947814455,56,0.3463497072650814,0.1140173780331253,56,4.829520979943962,0.7590875088268899,56,4.257174550764593,0.7434987944678882,56,1.193971709340692,0.2246896794274158,56,0.9958789211961224,0.1902889221590785,56,54,30,0.6738293713867461,0.5913500423286642,1.1325121723121745,0.12405587974165302,0.1325050626562881
mahler,GPFA50,condition_mean_neural_and_behavior,published_input_causal_train_only;raw_preprocessing_fail,no_bounce,y,356765,58,0.3210034123565631,0.2498916741693082,58,0.2783197072239317,0.2649247013072402,58,4.207612646500902,0.8436590541278997,58,3.778019875533497,0.7626274785586112,58,-0.0426837051326313,0.0487864868565405,58,0.4295927709674042,0.1681119932943591,58,3.696251586425552,0.9657586056615424,58,3.06290476037822,0.92728018343389,58,1.0373357841131168,0.1596297741716445,58,0.9010272520481282,0.1322388910268261,58,55,31,0.4836127934642008,0.4242333213964367,0.8136105513951708,0.11493757484220384,0.1280069479242508
mahler,GPFA50,condition_mean_neural_and_behavior,published_input_causal_train_only;raw_preprocessing_fail,no_bounce,y,370777,49,-0.2014139683000289,0.2197928827462083,49,-0.1840278848133847,0.2440099355677438,49,3.062222809254159,0.5413920206360004,49,3.073483102748397,0.5335234351102435,49,0.0173860834866442,0.0484747172407879,49,-0.0112602934942375,0.0962432306009512,49,-1.6223169067485457,0.8335950361352849,49,-1.5645203727414594,0.8162068930098337,49,0.8321109474031078,0.1794257101212814,49,0.7793335083520524,0.1649897834028691,49,56,31,0.20968649051328908,0.1839408689680894,0.3527673601907666,0.06847525590874974,0.06822438370517847
mahler,GPFA50,condition_mean_neural_and_behavior,published_input_causal_train_only;raw_preprocessing_fail,no_bounce,y,377134,51,0.6196851478443878,0.1669514124674844,51,0.5665384294363481,0.1905033234308704,51,2.7203647325134495,0.6930535825598918,51,2.70260946336882,0.6283399794677028,51,-0.0531467184080397,0.0388230861128262,51,0.017755269144631,0.2060791219020702,51,1.2587217630346057,1.454127198918186,51,0.9005271412509382,1.459400211263714,51,0.7005500024396722,0.1100792121438621,51,0.6815058455475144,0.1010679047481997,51,57,36,0.06273437242366739,0.05493801533940648,0.10596230080407087,0.02306101519177713,0.023212518595072406
mahler,GPFA50,condition_mean_neural_and_behavior,published_input_causal_train_only;raw_preprocessing_fail,no_bounce,y,379400,46,-0.1394897272483009,0.2550815684201268,46,-0.1868482593112445,0.2414212162800568,46,3.5552469132117546,0.4980046682083964,46,3.5881953260057027,0.4599071884442805,46,-0.0473585320629436,0.0554181671736218,46,-0.0329484127939482,0.1034455740635304,46,0.6897935758653996,1.0055404970916595,46,0.6071768567366239,1.078757399429226,46,0.8131466056105608,0.1015548858011309,46,0.8477476941099684,0.1088527804861976,46,58,70,0.1437746531057619,0.12519928487361034,0.245891654736611,0.04044013161827855,0.040068792259926544
mahler,GPFA50,condition_mean_neural_and_behavior,published_input_causal_train_only;raw_preprocessing_fail,no_bounce,y,381514,52,0.3366824455328736,0.1636029105296045,52,0.2546917390764272,0.175645527798745,52,3.2798704191084957,0.6966824672680724,52,3.714222664431943,0.75288248490837,52,-0.0819907064564462,0.042921956640758,52,-0.4343522453234465,0.1689935865618067,52,-1.8546289398311369,1.1452942373854655,52,-2.3848078500846506,1.1177127979409651,52,1.1609621895586857,0.1104973120188219,52,1.084736530542598,0.1076754859650252,52,59,65,0.2062151106836564,0.1797302898146441,0.35217111853761995,0.06287294445605199,0.055520395332894004
mahler,GPFA50,condition_mean_neural_and_behavior,published_input_causal_train_only;raw_preprocessing_fail,no_bounce,y,388571,46,0.5229233958207307,0.1729543933616564,46,0.5311999615688189,0.181296317174048,46,3.0198717927791043,0.66787624516621,46,3.098726996214181,0.6656306469424063,46,0.0082765657480883,0.035625967332842,46,-0.0788552034350768,0.0870957062933306,46,-1.9491892210554005,1.00084718583604,46,-2.0916001511904208,0.9548256724360598,46,0.7993741294318814,0.1197872799310822,46,0.7954098272071014,0.1176932295722176,46,60,70,0.055446398547103745,0.048300514873662055,0.09479180113584373,0.018360514072048723,0.017893282827059136
mahler,GPFA50,condition_mean_neural_and_behavior,published_input_causal_train_only;raw_preprocessing_fail,no_bounce,y,394672,41,0.0080937921011342,0.3348727417644544,41,-0.0068686681298311,0.3326817229370827,41,3.793970116084621,1.056501936851757,41,4.126112804423819,1.2308695195350552,41,-0.0149624602309654,0.0514083333190973,41,-0.332142688339199,0.2757515998054097,41,2.6097171412126268,1.62012371322497,41,3.4155410216882327,1.5531664028817032,41,0.8216804904306714,0.1296237977539714,41,1.1194877162186443,0.178309642198659,41,61,63,1.0566506272882115,0.9210600881155085,1.803860571437577,0.27850789409450477,0.2560886425972944
mahler,GPFA50,condition_mean_neural_and_behavior,published_input_causal_train_only;raw_preprocessing_fail,no_bounce,y,396358,53,0.5098618058772458,0.1736653039604338,53,0.5023377310551397,0.1843917151062893,53,2.8902615598407624,0.9088540249399044,53,2.724196363867009,0.8688071681000795,53,-0.007524074822106,0.0368191376279676,53,0.1660651959737522,0.1575303031428528,53,2.1315291158891063,1.2518661901732104,53,1.8724109070562929,1.2779518608672429,53,1.0749193646509208,0.1339708882863082,53,1.0615575976046043,0.1409532226770848,53,62,30,0.016816553535236305,0.01475767082611547,0.028264733900143835,0.005818350065231745,0.006173032810074356
mahler,GPFA50,condition_mean_neural_and_behavior,published_input_causal_train_only;raw_preprocessing_fail,no_bounce,y,400995,60,-0.0330114610667129,0.1962682235676311,60,-0.0584196730750492,0.2060226543969447,60,4.861495460234922,0.9669805514791792,60,4.0382019789211245,0.9264681426139736,60,-0.0254082120083363,0.037232009275322,60,0.8232934813137976,0.168613144034202,60,3.7817350544418833,1.1555690547048496,60,2.9983871396570265,1.1543449341437373,60,1.0607767267143773,0.21195340719164,60,1.4051500760131812,0.2876486986999198,60,63,32,1.122785669719052,0.9845605724017203,1.8905975133178954,0.23095479136059824,0.2780409884349132
mahler,GPFA50,condition_mean_neural_and_behavior,published_input_causal_train_only;raw_preprocessing_fail,no_bounce,y,401673,46,0.6404834456086215,0.1974210505913878,46,0.6402849204416571,0.2023047679363654,46,3.232538099631813,1.1253759108465695,46,2.605581220326832,0.9434593006053312,46,-0.0001985251669644,0.0221760141491129,46,0.626956879304981,0.3087979257841311,46,2.5342918364809948,1.458775904058963,46,1.6760210831423252,1.476361084923455,46,1.0788642040069198,0.2098622741905772,46,1.33631239803597,0.285050818628067,46,64,32,0.9217850978015095,0.8082898187253436,1.5521749149166206,0.2851583088553546,0.35377331192381145
mahler,GPFA50,condition_mean_neural_and_behavior,published_input_causal_train_only;raw_preprocessing_fail,no_bounce,y,406460,40,0.3676305115179507,0.2742967946032114,40,0.3846051990883399,0.268498057944049,40,2.7913744707069337,0.6528443807887438,40,2.824590373033197,0.6653098740055684,40,0.0169746875703891,0.0591502551763774,40,-0.0332159023262628,0.14517711382181,40,-1.678564876096527,0.9498422256326962,40,-1.6146687324190665,1.0302942739248062,40,0.8219180459360389,0.1543556030935191,40,0.7698562062684237,0.1415101427612156,40,65,65,0.26062300969364227,0.22713720444863292,0.4451149750385879,0.0933672685011115,0.09226931174936041
mahler,GPFA50,condition_mean_neural_and_behavior,published_input_causal_train_only;raw_preprocessing_fail,no_bounce,y,413189,63,0.3300163390787734,0.2774102625882038,63,0.2974370424209054,0.2886698259001526,63,4.836856975924703,0.8138538228714625,63,5.302421641383682,0.8869567650665815,63,-0.0325792966578679,0.0496857630956204,63,-0.4655646654589811,0.2205000456461301,63,3.5968464416322807,0.9455903715159016,63,4.439929850968848,0.9880322648084416,63,0.5999074720749407,0.1303033732409326,63,0.6801055645126498,0.1507517404301483,63,66,40,0.9924894476116566,0.8682270555807066,1.6805167848997198,0.20519305254460496,0.1871766364005454
mahler,GPFA50,condition_mean_neural_and_behavior,published_input_causal_train_only;raw_preprocessing_fail,no_bounce,y,413513,37,0.1080749395888989,0.1372438849488001,37,0.0787901877042875,0.1423473474760613,37,4.9755909911779606,1.1965036492093215,37,4.668021391660509,1.1102922303924667,37,-0.0292847518846114,0.0397759963347431,37,0.3075695995174518,0.1705501731767647,37,3.9497000134694993,1.511358019688229,37,3.409539670640924,1.4911869952494785,37,1.2477336545669195,0.1900623549996968,37,1.167554436056665,0.1709540361967381,37,67,31,0.3066662486819117,0.2690052006762894,0.5159385866884054,0.06163413536716553,0.06569512496874493
mahler,GPFA50,condition_mean_neural_and_behavior,published_input_causal_train_only;raw_preprocessing_fail,no_bounce,y,420020,48,0.7740600478496885,0.0917034600777186,48,0.7762971930641068,0.0889832333924091,48,2.3009743290941613,0.6773160095797097,48,2.069055567648895,0.6105026261212888,48,0.0022371452144182,0.0198108147060111,48,0.2319187614452664,0.2467590278658252,48,1.1188572880444656,1.097703922319565,48,0.6070348662288114,1.1674140083639477,48,1.9718583347797531,0.3309944688460573,48,1.8566344012885807,0.3272223184189491,48,68,28,0.048786086278882014,0.04285118886501606,0.08182619589139595,0.0212023600880797,0.023578915444169787
mahler,GPFA50,condition_mean_neural_and_behavior,published_input_causal_train_only;raw_preprocessing_fail,no_bounce,y,428615,50,,,0,,,0,,,0,,,0,,,0,,,0,,,0,,,0,,,0,,,0,69,0,,,,,
mahler,GPFA50,condition_mean_neural_and_behavior,published_input_causal_train_only;raw_preprocessing_fail,no_bounce,y,435203,57,0.7588846911620678,0.08246044349878,57,0.7576871035387995,0.0875949464844296,57,1.973466148014679,0.4855383538446524,57,1.8730975677541044,0.5109699467281636,57,-0.0011975876232683,0.0154000655649194,57,0.1003685802605742,0.1758717236405892,57,0.1324480649675482,0.8778253129262191,57,-0.2138574702249841,0.9165050256614528,57,1.8958969602235656,0.3390303162679351,57,1.735195335664118,0.3258247534010312,57,70,28,0.08891631562957991,0.0781153013075088,0.14910169675710483,0.04505591125494114,0.04747019971639439
mahler,GPFA50,condition_mean_neural_and_behavior,published_input_causal_train_only;raw_preprocessing_fail,no_bounce,y,448412,48,0.7635355122012247,0.0881646911061265,48,0.7753242690378553,0.0846290718849847,48,3.152930592378811,0.5426346038349936,48,2.963665896668623,0.534504466708552,48,0.0117887568366305,0.0157203410640092,48,0.1892646957101878,0.1230211794289292,48,2.5318264007808406,0.7898437634480378,48,2.3862440764752244,0.7644530957073599,48,1.0965628831366472,0.1254476770279014,48,1.1079184279107377,0.1373074782148335,48,71,33,0.25813308840559823,0.2262722925536633,0.43502347651810425,0.0818708439156737,0.0870992538989495
mahler,GPFA50,condition_mean_neural_and_behavior,published_input_causal_train_only;raw_preprocessing_fail,no_bounce,y,454477,51,0.4922254627960743,0.2282945334056196,51,0.4486087835054949,0.2309933381818874,51,2.556555600784324,0.4255094931312786,51,2.5863109692421844,0.4392832274540811,51,-0.0436166792905795,0.0451089318291486,51,-0.02975536845786,0.1286583254498112,51,-0.1922210398382858,1.1649294308102145,51,-0.0490493297313355,1.172122643279247,51,0.5444697666838649,0.1098109750710086,51,0.5336205319273345,0.1050800453966589,51,72,35,0.07739032071989443,0.06779436954617513,0.13062237336400706,0.03027132314124203,0.029923053198266637
mahler,GPFA50,condition_mean_neural_and_behavior,published_input_causal_train_only;raw_preprocessing_fail,no_bounce,y,456038,45,,,0,,,0,,,0,,,0,,,0,,,0,,,0,,,0,,,0,,,0,73,0,,,,,
mahler,GPFA50,condition_mean_neural_and_behavior,published_input_causal_train_only;raw_preprocessing_fail,no_bounce,y,460651,46,0.0485832956337205,0.234001399549811,46,0.0404737209416231,0.2245509210046702,46,4.190834795174312,0.6110211142002895,46,4.3153537788307705,0.6222640812540722,46,-0.0081095746920974,0.039583265235754,46,-0.1245189836564597,0.1207787262049504,46,2.827268602101209,0.9362800671746228,46,3.0770011931744223,0.8949349899857372,46,1.0153656806471492,0.1284021570999178,46,1.0854789382804657,0.1330701644797195,46,74,31,0.25761522245435875,0.22598341047481113,0.43340350749520284,0.06147109944562814,0.05969735870048612
mahler,GPFA50,condition_mean_neural_and_behavior,published_input_causal_train_only;raw_preprocessing_fail,no_bounce,y,463174,54,,,0,,,0,,,0,,,0,,,0,,,0,,,0,,,0,,,0,,,0,75,0,,,,,
mahler,GPFA50,condition_mean_neural_and_behavior,published_input_causal_train_only;raw_preprocessing_fail,no_bounce,y,464785,55,0.1677336786944252,0.2682690820730983,55,0.2122993587952256,0.2579168274212985,55,2.9751997000164088,0.8721075945299624,55,2.7940119999180357,0.7952967933822254,55,0.0445656801008003,0.0556134837869328,55,0.1811877000983735,0.2143669817839012,55,1.824591483989092,1.3249820663598562,55,1.5822157090755598,1.3118711999602368,55,1.511121222933594,0.2132363004554762,55,1.5637112812058296,0.2225123723100205,55,76,54,0.09219179015384218,0.08044555610758339,0.15701119630254823,0.030986757007717407,0.03299620408092259
mahler,GPFA50,condition_mean_neural_and_behavior,published_input_causal_train_only;raw_preprocessing_fail,no_bounce,y,465431,50,0.5915307961557132,0.1794773253970361,50,0.637308528658579,0.1587676413780271,50,1.9504963685647456,0.4062426716533602,50,1.9725929109776064,0.4411222183831995,50,0.0457777325028656,0.0460588582563285,50,-0.0220965424128607,0.182268328445129,50,-0.4444794846291199,1.0535084980171,50,-0.6965285269505098,1.0245343212164355,50,1.3531806493684575,0.238548790559982,50,1.4402332061529457,0.2569281173517312,50,77,55,0.08083492474262001,0.07050752491984018,0.1377493308501858,0.041443258262562996,0.04097902019862713
mahler,GPFA50,condition_mean_neural_and_behavior,published_input_causal_train_only;raw_preprocessing_fail,no_bounce,y,469268,52,,,0,,,0,,,0,,,0,,,0,,,0,,,0,,,0,,,0,,,0,78,0,,,,,
mahler,GPFA50,condition_mean_neural_and_behavior,published_input_causal_train_only;raw_preprocessing_fail,post_bounce,y,29337,45,,,0,,,0,,,0,,,0,,,0,,,0,,,0,,,0,,,0,,,0,0,0,,,,,
mahler,GPFA50,condition_mean_neural_and_behavior,published_input_causal_train_only;raw_preprocessing_fail,post_bounce,y,55062,48,0.6515840536522931,0.1301886058833456,48,0.6378598867359676,0.1320386796274006,48,3.2521295236615213,0.9877393144790768,48,2.7210935838828973,0.915731301819484,48,-0.0137241669163255,0.0305777376737596,48,0.5310359397786241,0.1954765879224386,48,2.746968556970782,1.1296128340546936,48,2.0251949235386375,1.1530979545713682,48,1.5518881308747432,0.3037328068138828,48,1.2244871796750687,0.2417067634992917,48,1,24,0.6556864777337369,0.5663899375802647,1.1151987021844079,0.2016175779479748,0.2409643246441003
mahler,GPFA50,condition_mean_neural_and_behavior,published_input_causal_train_only;raw_preprocessing_fail,post_bounce,y,58244,58,,,0,,,0,,,0,,,0,,,0,,,0,,,0,,,0,,,0,,,0,2,0,,,,,
mahler,GPFA50,condition_mean_neural_and_behavior,published_input_causal_train_only;raw_preprocessing_fail,post_bounce,y,59920,43,,,0,,,0,,,0,,,0,,,0,,,0,,,0,,,0,,,0,,,0,3,0,,,,,
mahler,GPFA50,condition_mean_neural_and_behavior,published_input_causal_train_only;raw_preprocessing_fail,post_bounce,y,68220,53,,,0,,,0,,,0,,,0,,,0,,,0,,,0,,,0,,,0,,,0,4,0,,,,,
mahler,GPFA50,condition_mean_neural_and_behavior,published_input_causal_train_only;raw_preprocessing_fail,post_bounce,y,72780,47,0.4773042242490185,0.1473655893205326,47,0.4722991062778631,0.1537289035380541,47,6.166328723396242,1.2009725377260263,47,6.207251721789839,1.1905852027616384,47,-0.0050051179711553,0.0302049204454819,47,-0.0409229983935962,0.1812892118989268,47,-5.8556875135609525,1.2925904610810226,47,-5.911590453361598,1.2750753745289876,47,1.3697757514085809,0.2007337030391721,47,1.365272811819072,0.2129717091753821,47,5,26,0.06395092233915567,0.055251196645749484,0.10892266996158906,0.010370988185646595,0.010302614620036007
mahler,GPFA50,condition_mean_neural_and_behavior,published_input_causal_train_only;raw_preprocessing_fail,post_bounce,y,77046,50,,,0,,,0,,,0,,,0,,,0,,,0,,,0,,,0,,,0,,,0,6,0,,,,,
mahler,GPFA50,condition_mean_neural_and_behavior,published_input_causal_train_only;raw_preprocessing_fail,post_bounce,y,77944,48,,,0,,,0,,,0,,,0,,,0,,,0,,,0,,,0,,,0,,,0,7,0,,,,,
mahler,GPFA50,condition_mean_neural_and_behavior,published_input_causal_train_only;raw_preprocessing_fail,post_bounce,y,90751,53,,,0,,,0,,,0,,,0,,,0,,,0,,,0,,,0,,,0,,,0,8,0,,,,,
mahler,GPFA50,condition_mean_neural_and_behavior,published_input_causal_train_only;raw_preprocessing_fail,post_bounce,y,93053,48,0.5267259139093764,0.3464003905633691,48,0.534053497742117,0.3327538718384653,48,3.924506347590648,2.205683160975851,48,4.456189972806572,2.159923152720913,48,0.0073275838327407,0.0631131468788489,48,-0.5316836252159236,1.1268901924067996,48,0.2271771061540072,4.264269790312105,48,1.3743037913387848,4.529242555373898,48,1.9198758069375816,0.4401517699687315,48,1.9289208625894887,0.480363120769555,48,9,13,0.03711011422376236,0.0319771586660818,0.06217459049682805,0.009455995464638548,0.008327767543624241
mahler,GPFA50,condition_mean_neural_and_behavior,published_input_causal_train_only;raw_preprocessing_fail,post_bounce,y,99902,46,0.7354646430428913,0.0952968228036156,46,0.7271475680527584,0.1012743403965201,46,4.235228192661672,0.8861740776130319,46,4.264614237772614,0.924117732636112,46,-0.008317074990133,0.0210792002759922,46,-0.0293860451109431,0.1820456457678524,46,4.017239179502629,0.9435377758470662,46,4.048692822749652,0.9859145866893204,46,1.2375451830949131,0.1769170760589552,46,1.2103244852899722,0.1744670059942646,46,10,24,0.005666699174124293,0.004858314068272085,0.009704220431955513,0.0013379914650036835,0.0013287718086979845
mahler,GPFA50,condition_mean_neural_and_behavior,published_input_causal_train_only;raw_preprocessing_fail,post_bounce,y,105802,56,0.151652889420811,0.2139147949769002,56,0.1381807197562062,0.2151273402481343,56,4.722387365378124,0.9933269745441844,56,5.067662340558162,1.0886097546182716,56,-0.0134721696646048,0.0365430760169657,56,-0.3452749751800379,0.1821834546608574,56,3.6573320305944272,1.28539222287573,56,4.202495779561292,1.3160609318411811,56,0.6994910379914125,0.0922251321183894,56,0.7865579284175918,0.0990453899445351,56,11,43,0.46411039830089906,0.40123433530878844,0.7959607427885331,0.09827876503810219,0.09158273916288218
mahler,GPFA50,condition_mean_neural_and_behavior,published_input_causal_train_only;raw_preprocessing_fail,post_bounce,y,118879,59,,,0,,,0,,,0,,,0,,,0,,,0,,,0,,,0,,,0,,,0,12,0,,,,,
mahler,GPFA50,condition_mean_neural_and_behavior,published_input_causal_train_only;raw_preprocessing_fail,post_bounce,y,122957,51,,,0,,,0,,,0,,,0,,,0,,,0,,,0,,,0,,,0,,,0,13,0,,,,,
mahler,GPFA50,condition_mean_neural_and_behavior,published_input_causal_train_only;raw_preprocessing_fail,post_bounce,y,126479,53,,,0,,,0,,,0,,,0,,,0,,,0,,,0,,,0,,,0,,,0,14,0,,,,,
mahler,GPFA50,condition_mean_neural_and_behavior,published_input_causal_train_only;raw_preprocessing_fail,post_bounce,y,158705,57,0.2525169615396983,0.2402972520409041,57,0.3091054700381182,0.2312428185090894,57,6.130176214830045,0.9885566672674482,57,6.164549509210479,0.983608462579708,57,0.0565885084984199,0.0497499149563694,57,-0.0343732943804336,0.1512453336562382,57,-5.248874492183307,1.1787717082342886,57,-5.301967253276939,1.159455941708176,57,0.4904402602001992,0.075757666878066,57,0.4977990604326231,0.0802585754660156,57,15,44,0.14585530725913623,0.1260960781230394,0.25020963868183976,0.023793004009621276,0.02366033512119794
mahler,GPFA50,condition_mean_neural_and_behavior,published_input_causal_train_only;raw_preprocessing_fail,post_bounce,y,159613,50,,,0,,,0,,,0,,,0,,,0,,,0,,,0,,,0,,,0,,,0,16,0,,,,,
mahler,GPFA50,condition_mean_neural_and_behavior,published_input_causal_train_only;raw_preprocessing_fail,post_bounce,y,163248,39,,,0,,,0,,,0,,,0,,,0,,,0,,,0,,,0,,,0,,,0,17,0,,,,,
mahler,GPFA50,condition_mean_neural_and_behavior,published_input_causal_train_only;raw_preprocessing_fail,post_bounce,y,167848,56,,,0,,,0,,,0,,,0,,,0,,,0,,,0,,,0,,,0,,,0,18,0,,,,,
mahler,GPFA50,condition_mean_neural_and_behavior,published_input_causal_train_only;raw_preprocessing_fail,post_bounce,y,179553,58,,,0,,,0,,,0,,,0,,,0,,,0,,,0,,,0,,,0,,,0,19,0,,,,,
mahler,GPFA50,condition_mean_neural_and_behavior,published_input_causal_train_only;raw_preprocessing_fail,post_bounce,y,182748,51,-0.0600274293300278,0.3985344168919332,51,-0.1929803009953641,0.3961069870221766,51,6.814788862403927,1.344364284483457,51,7.145370605560084,1.3695358667553406,51,-0.1329528716653363,0.0997300261733761,51,-0.3305817431561556,0.1734024537962913,51,-6.618381414334136,1.3750787821824324,51,-6.9506424031383816,1.4018900922686102,51,1.20544951101004,0.3468844088904038,51,1.355388627846533,0.3891424850083689,51,20,13,0.20372431976019872,0.17585862886315887,0.3407794497310883,0.029894443375071002,0.02851137204859229
mahler,GPFA50,condition_mean_neural_and_behavior,published_input_causal_train_only;raw_preprocessing_fail,post_bounce,y,183171,51,,,0,,,0,,,0,,,0,,,0,,,0,,,0,,,0,,,0,,,0,21,0,,,,,
mahler,GPFA50,condition_mean_neural_and_behavior,published_input_causal_train_only;raw_preprocessing_fail,post_bounce,y,184642,57,,,0,,,0,,,0,,,0,,,0,,,0,,,0,,,0,,,0,,,0,22,0,,,,,
mahler,GPFA50,condition_mean_neural_and_behavior,published_input_causal_train_only;raw_preprocessing_fail,post_bounce,y,187617,54,0.3012019423700913,0.219323224727247,54,0.3018072542733683,0.2242401174083908,54,4.668824306736297,1.0892452701670674,54,4.494679464149498,1.0332133581865894,54,0.0006053119032768,0.0436186556903219,54,0.1741448425867976,0.1571544846264386,54,4.10124590075357,1.285146060117325,54,3.8227799760471695,1.2425970178226011,54,1.1307300966466125,0.1508051068114073,54,0.965726506278451,0.1340411640953029,54,23,33,0.5437347137087615,0.47221778246829194,0.925154255809594,0.11646073571975013,0.12097296771565205
mahler,GPFA50,condition_mean_neural_and_behavior,published_input_causal_train_only;raw_preprocessing_fail,post_bounce,y,197632,47,,,0,,,0,,,0,,,0,,,0,,,0,,,0,,,0,,,0,,,0,24,0,,,,,
mahler,GPFA50,condition_mean_neural_and_behavior,published_input_causal_train_only;raw_preprocessing_fail,post_bounce,y,199564,49,,,0,,,0,,,0,,,0,,,0,,,0,,,0,,,0,,,0,,,0,25,0,,,,,
mahler,GPFA50,condition_mean_neural_and_behavior,published_input_causal_train_only;raw_preprocessing_fail,post_bounce,y,204372,53,,,0,,,0,,,0,,,0,,,0,,,0,,,0,,,0,,,0,,,0,26,0,,,,,
mahler,GPFA50,condition_mean_neural_and_behavior,published_input_causal_train_only;raw_preprocessing_fail,post_bounce,y,204678,45,0.5392566522053348,0.1495990738102228,45,0.497382014299079,0.1418391569255329,45,7.419938154548957,1.0633786416439908,45,7.546836879543848,1.1436343736568952,45,-0.0418746379062557,0.0417147698549257,45,-0.1268987249948931,0.2891969311788413,45,-7.139799529873083,1.1057948652071254,45,-7.2754346178203555,1.1885580496092405,45,2.9270857447792227,0.7169914742757121,45,2.496767438160687,0.5967953530804889,45,27,13,0.22329994455156468,0.18967618804144892,0.3786374692917711,0.030094582987146023,0.029588547906319866
mahler,GPFA50,condition_mean_neural_and_behavior,published_input_causal_train_only;raw_preprocessing_fail,post_bounce,y,206128,53,,,0,,,0,,,0,,,0,,,0,,,0,,,0,,,0,,,0,,,0,28,0,,,,,
mahler,GPFA50,condition_mean_neural_and_behavior,published_input_causal_train_only;raw_preprocessing_fail,post_bounce,y,217817,49,0.3924990366372652,0.1538399815817543,49,0.3717172342045261,0.156873566261347,49,2.870521543504716,0.5524316344352169,49,2.8303195017094542,0.5291869319408592,49,-0.0207818024327392,0.0320585488507436,49,0.0402020417952619,0.1095286202830103,49,1.6804894612844503,0.9852316851822877,49,1.5101489712045368,1.0014597899322883,49,1.0936990782131448,0.1538352577290667,49,1.000051293340549,0.1359954811035789,49,29,32,0.2215431831226948,0.19143245590242847,0.378633102092631,0.07717872162429594,0.07827497319256264
mahler,GPFA50,condition_mean_neural_and_behavior,published_input_causal_train_only;raw_preprocessing_fail,post_bounce,y,218791,56,0.7132320076378434,0.1112525033210948,56,0.6981737477895961,0.1154328801795787,56,3.284691074036517,0.9542930641710936,56,3.890439700078769,1.088367049876408,56,-0.0150582598482472,0.0248854870143776,56,-0.6057486260422521,0.1955067730212221,56,2.7465720845504777,1.0743744934735802,56,3.5394430069381637,1.157644787194392,56,0.9056521113176618,0.1520591669581478,56,1.0972050305919243,0.1785234448380509,56,30,32,0.920416349695569,0.7908843557614778,1.5812648148131885,0.280213977189788,0.23658414489162588
mahler,GPFA50,condition_mean_neural_and_behavior,published_input_causal_train_only;raw_preprocessing_fail,post_bounce,y,226533,59,,,0,,,0,,,0,,,0,,,0,,,0,,,0,,,0,,,0,,,0,31,0,,,,,
mahler,GPFA50,condition_mean_neural_and_behavior,published_input_causal_train_only;raw_preprocessing_fail,post_bounce,y,232533,53,,,0,,,0,,,0,,,0,,,0,,,0,,,0,,,0,,,0,,,0,32,0,,,,,
mahler,GPFA50,condition_mean_neural_and_behavior,published_input_causal_train_only;raw_preprocessing_fail,post_bounce,y,241919,43,0.2486491417684901,0.3096515844418881,43,0.171997759827207,0.3151927800389429,43,3.369402477677822,1.1982128770521747,43,4.038627201783649,1.3648407503272992,43,-0.076651381941283,0.0754031901142135,43,-0.6692247241058285,0.3355850041005834,43,2.7712176244249207,1.4435384761628245,43,3.6625954561248384,1.5159322112890568,43,1.0322973411245593,0.2027625404064098,43,1.4359118380627072,0.2804814480480769,43,33,18,0.8638375270887754,0.7535979538127544,1.445413842692389,0.25637706768831264,0.21389385153134802
mahler,GPFA50,condition_mean_neural_and_behavior,published_input_causal_train_only;raw_preprocessing_fail,post_bounce,y,242380,50,,,0,,,0,8.535317508745722,1.85623702661682,50,7.183719830610683,2.0262234886169375,50,,,0,1.3515976781350387,0.4118473482140185,50,-8.529357445451222,1.8566072907136808,50,-7.148336482256806,2.03251415152888,50,1.4519471790919103,0.8973405349064024,50,0.3783465400790197,0.2194363710015813,50,34,2,1.252661226909646,1.1862697517814809,1.5886678449815896,0.1467621123204972,0.17437501133770664
mahler,GPFA50,condition_mean_neural_and_behavior,published_input_causal_train_only;raw_preprocessing_fail,post_bounce,y,244437,50,,,0,,,0,,,0,,,0,,,0,,,0,,,0,,,0,,,0,,,0,35,0,,,,,
mahler,GPFA50,condition_mean_neural_and_behavior,published_input_causal_train_only;raw_preprocessing_fail,post_bounce,y,245662,41,0.696855954352317,0.1406407962557245,41,0.7123360953511501,0.1353373081342972,41,6.1075463792876805,1.9571357578751436,41,7.201558710808125,1.9498601685372792,41,0.015480140998833,0.0219340187235304,41,-1.0940123315204429,0.3149516049871625,41,-5.653352706237699,1.9669286300508824,41,-6.84282670788367,1.9223092823997596,41,1.4141093556718156,0.4327720892465553,41,1.9539585231978596,0.5364160823366624,41,36,27,1.2976015877619362,1.1293726228276721,2.195849031227114,0.21245873664790324,0.18018343526304814
mahler,GPFA50,condition_mean_neural_and_behavior,published_input_causal_train_only;raw_preprocessing_fail,post_bounce,y,248856,53,,,0,,,0,,,0,,,0,,,0,,,0,,,0,,,0,,,0,,,0,37,0,,,,,
mahler,GPFA50,condition_mean_neural_and_behavior,published_input_causal_train_only;raw_preprocessing_fail,post_bounce,y,251629,52,0.0519987169665138,0.2017312066988783,52,0.0033665433485969,0.2085545759224287,52,4.7858233748587855,0.7772651637822297,52,5.808633710619152,1.0249860679184146,52,-0.0486321736179169,0.0529141402230175,52,-1.0228103357603673,0.365370416159461,52,3.4115027398845235,1.1594356092621787,52,5.19372905432163,1.2147615769973694,52,0.8021223268597363,0.116278284633875,52,1.3193140173493625,0.2070452594878801,52,38,31,2.1531919827636736,1.8628246893904654,3.673822258162618,0.4499104572214196,0.37068820139704783
mahler,GPFA50,condition_mean_neural_and_behavior,published_input_causal_train_only;raw_preprocessing_fail,post_bounce,y,258471,53,,,0,,,0,,,0,,,0,,,0,,,0,,,0,,,0,,,0,,,0,39,0,,,,,
mahler,GPFA50,condition_mean_neural_and_behavior,published_input_causal_train_only;raw_preprocessing_fail,post_bounce,y,269179,52,,,0,,,0,,,0,,,0,,,0,,,0,,,0,,,0,,,0,,,0,40,0,,,,,
mahler,GPFA50,condition_mean_neural_and_behavior,published_input_causal_train_only;raw_preprocessing_fail,post_bounce,y,270569,46,0.8041829648769752,0.1964061176743933,46,0.7898283884868706,0.2638845234836498,46,8.66933764015364,1.416660509285791,46,7.346895682204253,1.270492142630273,46,-0.0143545763901043,0.1148889151603426,46,1.3224419579493891,0.3155595804146691,46,8.646216195965556,1.418895859563902,46,7.3226465888373395,1.270566759840464,46,3.128648939550984,1.0932493337385465,46,0.7310449226675375,0.2967723314346423,46,41,3,1.3078860976884308,1.1130763162691153,1.9541712800105309,0.15086343985850942,0.1780188741288936
mahler,GPFA50,condition_mean_neural_and_behavior,published_input_causal_train_only;raw_preprocessing_fail,post_bounce,y,273073,52,0.7118849352470511,0.2041833875561901,52,0.7014406334725609,0.1954570940220782,52,5.137839732786129,1.2859752741794637,52,4.71413528732155,1.3297814426876446,52,-0.0104443017744899,0.0329926070378374,52,0.4237044454645785,0.2320180378656998,52,-4.994562358474721,1.3246937277788051,52,-4.557565747356687,1.3843835048633517,52,1.8803449103921293,0.4474925296810564,52,1.3222825327889969,0.3129067721729542,52,42,18,0.667052452079259,0.5699589519866249,1.1377521922755571,0.12983130785933103,0.14150048978722904
mahler,GPFA50,condition_mean_neural_and_behavior,published_input_causal_train_only;raw_preprocessing_fail,post_bounce,y,273515,43,0.1428278328029223,0.2258993864164387,43,0.1128640217880812,0.2177852566875161,43,4.965813872129038,1.0960653355311585,43,4.810064239710476,1.146864797921842,43,-0.029963811014841,0.0408987525805151,43,0.1557496324185616,0.1530515605001962,43,-4.529849504028765,1.1525857211360042,43,-4.31853204545912,1.2344273181398446,43,1.672074167106812,0.3151141967042334,43,1.4322462726875884,0.2749107788831142,43,43,23,0.2983495889145774,0.2576500334120259,0.507108603304439,0.06008070310268462,0.06202611317568089
mahler,GPFA50,condition_mean_neural_and_behavior,published_input_causal_train_only;raw_preprocessing_fail,post_bounce,y,287936,52,,,0,,,0,,,0,,,0,,,0,,,0,,,0,,,0,,,0,,,0,44,0,,,,,
mahler,GPFA50,condition_mean_neural_and_behavior,published_input_causal_train_only;raw_preprocessing_fail,post_bounce,y,297652,55,,,0,,,0,,,0,,,0,,,0,,,0,,,0,,,0,,,0,,,0,45,0,,,,,
mahler,GPFA50,condition_mean_neural_and_behavior,published_input_causal_train_only;raw_preprocessing_fail,post_bounce,y,301600,50,,,0,,,0,,,0,,,0,,,0,,,0,,,0,,,0,,,0,,,0,46,0,,,,,
mahler,GPFA50,condition_mean_neural_and_behavior,published_input_causal_train_only;raw_preprocessing_fail,post_bounce,y,320246,53,0.1354695287671867,0.1861737117997984,53,0.119221023353816,0.2007137509564531,53,3.7672815287279104,1.0339745936274205,53,3.7512931953801134,1.0403472079844445,53,-0.0162485054133706,0.0360666097567134,53,0.0159883333477966,0.1480025055952397,53,-2.74184004928597,1.2878887373847492,53,-2.707902021883808,1.316111568964132,53,1.7472624369088732,0.2710613982363455,53,1.5848019009772971,0.2598348478837065,53,47,24,0.1766160438637986,0.15357296341377116,0.2984855519946681,0.04688156234594874,0.04708137558570714
mahler,GPFA50,condition_mean_neural_and_behavior,published_input_causal_train_only;raw_preprocessing_fail,post_bounce,y,325813,56,-0.5597704051265489,0.2189876631575059,56,-0.5678600174768824,0.222412492960452,56,5.581025596058211,1.433453900157312,56,5.928207745273832,1.531340480488807,56,-0.0080896123503334,0.0438653269333097,56,-0.3471821492156221,0.3210648270415276,56,5.122247640274064,1.582955356860158,56,5.547058340026148,1.6750412311130216,56,1.6005476183253262,0.33679698040879,56,1.8056641010734196,0.4111302813511358,56,48,13,0.2485065143729781,0.21409101259675895,0.416423648266635,0.04452703362415938,0.041919332967218614
mahler,GPFA50,condition_mean_neural_and_behavior,published_input_causal_train_only;raw_preprocessing_fail,post_bounce,y,328386,47,,,0,,,0,,,0,,,0,,,0,,,0,,,0,,,0,,,0,,,0,49,0,,,,,
mahler,GPFA50,condition_mean_neural_and_behavior,published_input_causal_train_only;raw_preprocessing_fail,post_bounce,y,330797,55,,,0,,,0,,,0,,,0,,,0,,,0,,,0,,,0,,,0,,,0,50,0,,,,,
mahler,GPFA50,condition_mean_neural_and_behavior,published_input_causal_train_only;raw_preprocessing_fail,post_bounce,y,332165,48,0.5276598267949328,0.2799247209118187,48,0.507077359817579,0.2751557906217866,48,3.1567211904225014,1.0460898155329956,48,5.032379616446764,1.5895939764547944,48,-0.0205824669773537,0.0392918796512695,48,-1.8756584260242608,0.876916356944307,48,1.9122543300583643,1.6542191408621,48,4.813504670434766,1.6711906341539449,48,0.6029948415035687,0.1641630497971964,48,1.6337322724497152,0.4080710874605557,48,51,27,3.174418186130698,2.727998527796695,5.43728466543357,1.0056061320087086,0.6307986336635063
mahler,GPFA50,condition_mean_neural_and_behavior,published_input_causal_train_only;raw_preprocessing_fail,post_bounce,y,340684,52,0.5024363693467458,0.2316993161771772,52,0.4155182987911436,0.2729214148649001,52,7.389116936260193,1.1240940652554876,52,6.674321361567767,1.1547915319899804,52,-0.0869180705556022,0.0914446728249704,52,0.7147955746924263,0.3498337122430885,52,7.2773822817294835,1.1312132307688108,52,6.541464263005482,1.1749253893118838,52,1.6934687699035251,0.3981967163693175,52,1.2926305265432136,0.2872629025317399,52,52,31,0.36250345547030066,0.3133538511668912,0.6190104562203986,0.04905910389527172,0.054313155725116344
mahler,GPFA50,condition_mean_neural_and_behavior,published_input_causal_train_only;raw_preprocessing_fail,post_bounce,y,351612,48,,,0,,,0,,,0,,,0,,,0,,,0,,,0,,,0,,,0,,,0,53,0,,,,,
mahler,GPFA50,condition_mean_neural_and_behavior,published_input_causal_train_only;raw_preprocessing_fail,post_bounce,y,356164,56,,,0,,,0,,,0,,,0,,,0,,,0,,,0,,,0,,,0,,,0,54,0,,,,,
mahler,GPFA50,condition_mean_neural_and_behavior,published_input_causal_train_only;raw_preprocessing_fail,post_bounce,y,356765,58,,,0,,,0,,,0,,,0,,,0,,,0,,,0,,,0,,,0,,,0,55,0,,,,,
mahler,GPFA50,condition_mean_neural_and_behavior,published_input_causal_train_only;raw_preprocessing_fail,post_bounce,y,370777,49,,,0,,,0,,,0,,,0,,,0,,,0,,,0,,,0,,,0,,,0,56,0,,,,,
mahler,GPFA50,condition_mean_neural_and_behavior,published_input_causal_train_only;raw_preprocessing_fail,post_bounce,y,377134,51,,,0,,,0,,,0,,,0,,,0,,,0,,,0,,,0,,,0,,,0,57,0,,,,,
mahler,GPFA50,condition_mean_neural_and_behavior,published_input_causal_train_only;raw_preprocessing_fail,post_bounce,y,379400,46,,,0,,,0,,,0,,,0,,,0,,,0,,,0,,,0,,,0,,,0,58,0,,,,,
mahler,GPFA50,condition_mean_neural_and_behavior,published_input_causal_train_only;raw_preprocessing_fail,post_bounce,y,381514,52,,,0,,,0,,,0,,,0,,,0,,,0,,,0,,,0,,,0,,,0,59,0,,,,,
mahler,GPFA50,condition_mean_neural_and_behavior,published_input_causal_train_only;raw_preprocessing_fail,post_bounce,y,388571,46,,,0,,,0,,,0,,,0,,,0,,,0,,,0,,,0,,,0,,,0,60,0,,,,,
mahler,GPFA50,condition_mean_neural_and_behavior,published_input_causal_train_only;raw_preprocessing_fail,post_bounce,y,394672,41,,,0,,,0,,,0,,,0,,,0,,,0,,,0,,,0,,,0,,,0,61,0,,,,,
mahler,GPFA50,condition_mean_neural_and_behavior,published_input_causal_train_only;raw_preprocessing_fail,post_bounce,y,396358,53,,,0,,,0,,,0,,,0,,,0,,,0,,,0,,,0,,,0,,,0,62,0,,,,,
mahler,GPFA50,condition_mean_neural_and_behavior,published_input_causal_train_only;raw_preprocessing_fail,post_bounce,y,400995,60,,,0,,,0,,,0,,,0,,,0,,,0,,,0,,,0,,,0,,,0,63,0,,,,,
mahler,GPFA50,condition_mean_neural_and_behavior,published_input_causal_train_only;raw_preprocessing_fail,post_bounce,y,401673,46,,,0,,,0,,,0,,,0,,,0,,,0,,,0,,,0,,,0,,,0,64,0,,,,,
mahler,GPFA50,condition_mean_neural_and_behavior,published_input_causal_train_only;raw_preprocessing_fail,post_bounce,y,406460,40,,,0,,,0,,,0,,,0,,,0,,,0,,,0,,,0,,,0,,,0,65,0,,,,,
mahler,GPFA50,condition_mean_neural_and_behavior,published_input_causal_train_only;raw_preprocessing_fail,post_bounce,y,413189,63,,,0,,,0,,,0,,,0,,,0,,,0,,,0,,,0,,,0,,,0,66,0,,,,,
mahler,GPFA50,condition_mean_neural_and_behavior,published_input_causal_train_only;raw_preprocessing_fail,post_bounce,y,413513,37,,,0,,,0,,,0,,,0,,,0,,,0,,,0,,,0,,,0,,,0,67,0,,,,,
mahler,GPFA50,condition_mean_neural_and_behavior,published_input_causal_train_only;raw_preprocessing_fail,post_bounce,y,420020,48,,,0,,,0,,,0,,,0,,,0,,,0,,,0,,,0,,,0,,,0,68,0,,,,,
mahler,GPFA50,condition_mean_neural_and_behavior,published_input_causal_train_only;raw_preprocessing_fail,post_bounce,y,428615,50,0.7984762197611439,0.0614484336501594,50,0.8016475848007901,0.0711954601925675,50,8.04662337124789,1.2488496495933197,50,7.280046520933815,1.2390520245410137,50,0.0031713650396459,0.0168570619585751,50,0.7665768503140755,0.2456651521044895,50,-7.8177484663851535,1.2795162336636716,50,-7.049529608788848,1.293460897363186,50,1.7630936074363126,0.237165154272862,50,1.3358914983032235,0.179871140183566,50,69,49,1.09202778887373,0.9410519793279728,1.8812668951642482,0.135712551525122,0.15000285859899357
mahler,GPFA50,condition_mean_neural_and_behavior,published_input_causal_train_only;raw_preprocessing_fail,post_bounce,y,435203,57,,,0,,,0,,,0,,,0,,,0,,,0,,,0,,,0,,,0,,,0,70,0,,,,,
mahler,GPFA50,condition_mean_neural_and_behavior,published_input_causal_train_only;raw_preprocessing_fail,post_bounce,y,448412,48,,,0,,,0,,,0,,,0,,,0,,,0,,,0,,,0,,,0,,,0,71,0,,,,,
mahler,GPFA50,condition_mean_neural_and_behavior,published_input_causal_train_only;raw_preprocessing_fail,post_bounce,y,454477,51,,,0,,,0,,,0,,,0,,,0,,,0,,,0,,,0,,,0,,,0,72,0,,,,,
mahler,GPFA50,condition_mean_neural_and_behavior,published_input_causal_train_only;raw_preprocessing_fail,post_bounce,y,456038,45,0.4292369215460243,0.2345377766798635,45,0.4251540232368838,0.2583185558259195,45,4.417341720861844,1.069583184846865,45,5.525666030399476,1.260033872435371,45,-0.0040828983091404,0.0443147839826369,45,-1.1083243095376316,0.2796013084919116,45,-3.695550210398542,1.2870857588738045,45,-5.096378508231113,1.3451426431145457,45,1.3550267114149075,0.2550106356514068,45,2.029842803630438,0.4094536537975504,45,73,22,1.3224957940699762,1.1434150847004774,2.243229602124986,0.2993872508944024,0.23933690288089432
mahler,GPFA50,condition_mean_neural_and_behavior,published_input_causal_train_only;raw_preprocessing_fail,post_bounce,y,460651,46,,,0,,,0,,,0,,,0,,,0,,,0,,,0,,,0,,,0,,,0,74,0,,,,,
mahler,GPFA50,condition_mean_neural_and_behavior,published_input_causal_train_only;raw_preprocessing_fail,post_bounce,y,463174,54,-0.0480482966672583,0.3096796539435701,54,0.0067048677491601,0.2954144533493783,54,7.128157671848375,1.5297053576466093,54,9.162670909904287,1.8449463546255864,54,0.0547531644164185,0.053271951692163,54,-2.0345132380559128,0.4418091955640974,54,-6.282380117383881,1.8096232480494585,54,-8.910934345065783,1.9225042323963455,54,0.4928896410699535,0.0993052664422126,54,0.917741188943784,0.1755165676994327,54,75,28,2.6369447565642763,2.293042412515996,4.469168087366369,0.3699335617923418,0.28779214952638976
mahler,GPFA50,condition_mean_neural_and_behavior,published_input_causal_train_only;raw_preprocessing_fail,post_bounce,y,464785,55,,,0,,,0,,,0,,,0,,,0,,,0,,,0,,,0,,,0,,,0,76,0,,,,,
mahler,GPFA50,condition_mean_neural_and_behavior,published_input_causal_train_only;raw_preprocessing_fail,post_bounce,y,465431,50,,,0,,,0,,,0,,,0,,,0,,,0,,,0,,,0,,,0,,,0,77,0,,,,,
mahler,GPFA50,condition_mean_neural_and_behavior,published_input_causal_train_only;raw_preprocessing_fail,post_bounce,y,469268,52,0.5663605433034419,0.2184825831549531,52,0.5499402386265313,0.251707052071967,52,4.224045025041462,1.5243070165622865,52,4.9078644153235675,1.5596799093012983,52,-0.0164203046769106,0.0541439716186493,52,-0.6838193902821053,0.2686774372723715,52,-3.842824672009492,1.7236863190927938,52,-4.658116049591033,1.662615559332076,52,1.2742060568012703,0.2380920702412554,52,1.6474093747282077,0.3217336665056437,52,78,18,0.8127309861817967,0.7087826303487551,1.3603435407628304,0.19240585300669688,0.1655976851447341
mahler,GPFA50,condition_mean_neural_and_behavior,published_input_causal_train_only;raw_preprocessing_fail,visible,y,29337,45,-0.6870795562780943,0.1076726718914856,45,-0.6841917339873921,0.1158264211790693,45,4.351904520025154,0.6682796579624625,45,4.393350632939616,0.664574060754338,45,0.0028878222907018,0.0284653625943386,45,-0.0414461129144612,0.0810505706532186,45,3.1984977001809103,0.8563012894082322,45,3.335097072492528,0.8473269735326923,45,0.8534987595181805,0.1505179312372101,45,0.9092486343177792,0.1669142741482311,45,0,35,0.20844857903140346,0.18260184329365642,0.3518282240884827,0.047898242728495945,0.04744637895927039
mahler,GPFA50,condition_mean_neural_and_behavior,published_input_causal_train_only;raw_preprocessing_fail,visible,y,55062,48,0.7402809189517404,0.0580406518256924,48,0.7439502434219029,0.0586705201135081,48,5.089559841701688,0.9618391777900476,48,4.945686398661504,0.9964514396934688,48,0.0036693244701625,0.0111430629358423,48,0.1438734430401828,0.125201822355503,48,4.52813586521352,1.0600087750364595,48,4.346965228288968,1.1032311619858706,48,2.0478693295666424,0.2232615914105926,48,2.1092677278609435,0.2359626270286722,48,1,35,0.12279929226963644,0.05360687435721364,0.39936118313552527,0.02412768413949499,0.02482957518351158
mahler,GPFA50,condition_mean_neural_and_behavior,published_input_causal_train_only;raw_preprocessing_fail,visible,y,58244,58,0.5578158905185037,0.2379242415087627,58,0.5282215160193146,0.2526402048928008,58,1.9902774312766047,0.4036053448618433,58,1.9965224174829883,0.4254793248000817,58,-0.0295943744991892,0.0441065094532896,58,-0.0062449862063837,0.1529480902199339,58,-0.1062466430115986,0.982584683289818,58,-0.3654545223806768,0.974850764460924,58,0.861968321082342,0.1765203371410221,58,0.8637428503064876,0.1844576269668463,58,2,35,0.1779414486178955,0.1558746443047304,0.30034282118396183,0.08940534913454763,0.0891256952888242
mahler,GPFA50,condition_mean_neural_and_behavior,published_input_causal_train_only;raw_preprocessing_fail,visible,y,59920,43,,,0,,,0,,,0,,,0,,,0,,,0,,,0,,,0,,,0,,,0,3,0,,,,,
mahler,GPFA50,condition_mean_neural_and_behavior,published_input_causal_train_only;raw_preprocessing_fail,visible,y,68220,53,0.4706217678101768,0.208307505418798,53,0.4628211728774338,0.2245056389509461,53,2.61810173095362,0.5094647299396171,53,2.5372403446477065,0.5092020642189617,53,-0.0078005949327431,0.037667536304282,53,0.0808613863059127,0.0908997745895911,53,1.3352547604441642,0.9126923347389748,53,1.217036810980154,0.920005701488402,53,0.669283284894471,0.1394083988971522,53,0.6969525241414025,0.1533752292289323,53,4,36,0.11877687755877542,0.10401672326641463,0.20061971857148198,0.04536755625439811,0.04681341198492864
mahler,GPFA50,condition_mean_neural_and_behavior,published_input_causal_train_only;raw_preprocessing_fail,visible,y,72780,47,0.4178450930316066,0.1668798377104268,47,0.4334620431500494,0.1622093254744363,47,6.930786220034725,1.2490761843744624,47,7.1108874607425,1.2465012456079,47,0.0156169501184428,0.0224171066421407,47,-0.1801012407077756,0.1593207057834245,47,-6.639257693218624,1.3243057979861403,47,-6.820586499582523,1.3191823818155706,47,1.5654994605465398,0.2520788064878619,47,1.6039974978741989,0.2607204630333511,47,5,33,0.013359457844754315,0.006333773855640843,0.04022318411731263,0.001927553010672342,0.0018787328471317638
mahler,GPFA50,condition_mean_neural_and_behavior,published_input_causal_train_only;raw_preprocessing_fail,visible,y,77046,50,-0.0145758988935973,0.2000371234202094,50,-0.0423674169458967,0.2033975370807123,50,2.672797229800782,0.4934050896266435,50,2.6017086913545526,0.4769798586152077,50,-0.0277915180522994,0.0412704363243249,50,0.0710885384462289,0.1818875436665317,50,-0.8647065393222088,1.2796641166289546,50,-0.6412547589224122,1.4081130868728922,50,0.76092534117615,0.1389986356697404,50,0.791681773028681,0.1422539352331669,50,6,32,0.24529378164621404,0.21509239123768792,0.4130440333867411,0.09177418283410041,0.09428180121061301
mahler,GPFA50,condition_mean_neural_and_behavior,published_input_causal_train_only;raw_preprocessing_fail,visible,y,77944,48,0.7076111423018876,0.084904505652347,48,0.669585374354142,0.0947139937233813,48,1.984312010958564,0.5486981430720361,48,2.132488081161507,0.627972213988728,48,-0.0380257679477453,0.0225461486141971,48,-0.1481760702029426,0.1640956754773665,48,0.9026954381289024,1.1489399138200762,48,1.1491183408613477,1.2149444394927766,48,1.3457958223052453,0.1932388595531787,48,1.4239566158682893,0.215056325147183,48,7,31,0.2874009259070859,0.2521133248015199,0.4835108946272175,0.1448365601376624,0.13477258252742336
mahler,GPFA50,condition_mean_neural_and_behavior,published_input_causal_train_only;raw_preprocessing_fail,visible,y,90751,53,0.4608680349940454,0.1160869114616554,53,0.4723377693535737,0.1163786989438741,53,2.8489722440690617,0.4178706624466075,53,2.7698817338423947,0.4975159427380978,53,0.0114697343595283,0.0195878225076815,53,0.0790905102266671,0.1821245808071612,53,0.5204683784548445,1.174319868879016,53,0.8246345937554945,1.243281681350304,53,0.9312987067406522,0.1042405675376028,53,0.9935860925205082,0.1157806353940472,53,8,36,0.4897828221141426,0.4289222945033149,0.8272584353947727,0.17191561733666008,0.17682445287464071
mahler,GPFA50,condition_mean_neural_and_behavior,published_input_causal_train_only;raw_preprocessing_fail,visible,y,93053,48,0.3307749187297915,0.4701161106767017,48,0.4057506716798516,0.4629676776552019,48,4.105606138146122,2.3215880543076564,48,4.29675666415244,2.039747159615513,48,0.0749757529500601,0.1034281199651374,48,-0.1911505260063178,1.0549252694046982,48,-0.9443821991894028,3.491270449180308,48,0.219690523699673,3.758734302463672,48,1.2708978843853034,0.3575523960104689,48,1.324612228171277,0.4080595957104506,48,9,33,1.4416067944931584e-15,1.0698512782751509e-15,3.552713678800501e-15,3.5113129364720626e-16,3.355104575784777e-16
mahler,GPFA50,condition_mean_neural_and_behavior,published_input_causal_train_only;raw_preprocessing_fail,visible,y,99902,46,0.7743282767552061,0.0856386338819028,46,0.7851750976414674,0.0854302198078223,46,5.556386559680449,0.9605618313184086,46,5.626983556029892,0.9943083873456996,46,0.0108468208862616,0.0104081184272828,46,-0.0705969963494437,0.1547702186156445,46,5.380219641777159,0.9924160299294332,46,5.458445897859519,1.0251903498861297,46,1.245529184588942,0.2168794770841054,46,1.2467152710442837,0.2313603694702869,46,10,32,0.0007154319798331245,0.0002792468854812269,0.002540706676944282,0.0001287584965784435,0.00012714307278656703
mahler,GPFA50,condition_mean_neural_and_behavior,published_input_causal_train_only;raw_preprocessing_fail,visible,y,105802,56,-0.4746747694295674,0.1916383312555896,56,-0.4945597153525667,0.1776155535758131,56,5.819500115284059,1.117420330861576,56,6.106241478489362,1.1829001460122144,56,-0.0198849459229993,0.0333117546203711,56,-0.2867413632053025,0.1672639921795534,56,5.026440049609538,1.2678003556190245,56,5.396801900583502,1.3136184794604262,56,0.9077375321090796,0.1609310529171285,56,1.0387783858699768,0.1884428774506898,56,11,31,0.28636152830002276,0.23507410689834313,0.5140133088744303,0.0492072381866505,0.04689652862710999
mahler,GPFA50,condition_mean_neural_and_behavior,published_input_causal_train_only;raw_preprocessing_fail,visible,y,118879,59,0.5693605806243639,0.1753066359971234,59,0.5655468654954996,0.1776123337064884,59,2.030782726874756,0.4671499292959376,59,1.9522951995739877,0.4431435132094133,59,-0.0038137151288644,0.0383757883081316,59,0.0784875273007678,0.1518321105512336,59,-0.91901217420744,1.0020017424421783,59,-0.7577069637161687,1.0453419040237415,59,1.4411440558942774,0.2976492424086818,59,1.7119730095480123,0.3666091643954669,59,12,28,0.49784159098042435,0.43727792539936633,0.8350031606168828,0.2451476390812968,0.25500323469988495
mahler,GPFA50,condition_mean_neural_and_behavior,published_input_causal_train_only;raw_preprocessing_fail,visible,y,122957,51,-0.7040113805139558,0.0947310092310432,51,-0.7160103863257206,0.0985973477185341,51,4.303204302455494,0.6894531595828804,51,4.302502013975723,0.6910452721424004,51,-0.0119990058117649,0.0156596608279964,51,0.0007022884797691,0.1143316771378094,51,2.732103691780925,0.910106177110782,51,2.5291522852150927,0.9141355762313058,51,1.7700855571370728,0.2761143728595193,51,1.7595606431901216,0.2855690224908857,51,13,27,0.12751800888138917,0.11211029917590823,0.21352627879265285,0.029633268587462805,0.02963810556443093
mahler,GPFA50,condition_mean_neural_and_behavior,published_input_causal_train_only;raw_preprocessing_fail,visible,y,126479,53,0.726521722679006,0.1299452546078414,53,0.7132429639270746,0.1439145102091767,53,1.902577739525487,0.6238394337241194,53,1.727141140565164,0.4354710047793947,53,-0.0132787587519316,0.0252303715412837,53,0.1754365989603234,0.4164650718731037,53,0.985933952128401,1.0204703988691723,53,0.1773061370872544,1.0764992091741763,53,1.3219476489119704,0.2494116246234036,53,1.7806039554863458,0.3478434517059214,53,14,28,0.941855322211429,0.8272935771590425,1.5796879069769174,0.49504170192085434,0.5453262041475256
mahler,GPFA50,condition_mean_neural_and_behavior,published_input_causal_train_only;raw_preprocessing_fail,visible,y,158705,57,0.1924994939124604,0.2021044446218462,57,0.2081640243572056,0.1914080269381458,57,7.928348710856176,1.0926258469410066,57,7.992241233723974,1.0910304647184546,57,0.0156645304447451,0.0341124641853662,57,-0.0638925228677981,0.160350099497983,57,-7.579973167255487,1.1435411197328826,57,-7.6309223861963025,1.1410280159073078,57,0.7723893959864672,0.1428198248265372,57,0.7899814680112602,0.1445823881277927,57,15,31,0.08323778735132593,0.06708883901302248,0.15207333498418452,0.01049875458143631,0.010414824192254942
mahler,GPFA50,condition_mean_neural_and_behavior,published_input_causal_train_only;raw_preprocessing_fail,visible,y,159613,50,0.261681275176061,0.2697941567122144,50,0.2338881126911536,0.2658847137760994,50,3.314354073807501,0.6677137217642176,50,3.289268783480405,0.6750510731315762,50,-0.0277931624849073,0.043040427367629,50,0.0250852903270962,0.0768867073995194,50,2.171199833643218,0.9399728690872856,50,2.149525205816769,0.9841382814545128,50,0.6394663070585224,0.0970721780575982,50,0.6530185192505372,0.0992286134701987,50,16,31,0.16188832944894813,0.14201208575695698,0.27235249151790275,0.04884460918895495,0.04921711787799008
mahler,GPFA50,condition_mean_neural_and_behavior,published_input_causal_train_only;raw_preprocessing_fail,visible,y,163248,39,0.1890610267789648,0.3127461710702644,39,0.1716448450154205,0.3147373015246685,39,1.4997628814012909,0.4855254544530921,39,1.5095985810787709,0.4497399310064422,39,-0.0174161817635442,0.0615023710985134,39,-0.0098356996774805,0.1643787945345053,39,-0.058920869968792,1.140435522818407,39,0.1318154675494942,1.135839054114332,39,4.884607922838896,1.1303393162411677,39,2.902001509936474,0.6358381973932368,39,17,22,0.3062885442483408,0.2699984588451066,0.5093409265260802,0.20422464647355631,0.20289403294845748
mahler,GPFA50,condition_mean_neural_and_behavior,published_input_causal_train_only;raw_preprocessing_fail,visible,y,167848,56,0.0847951657055103,0.3077078507047901,56,0.1136984154040874,0.3228912269461596,56,5.9331008522526245,1.492354839802703,56,6.126693564413665,1.4475796075286418,56,0.0289032496985771,0.068906177350824,56,-0.1935927121610398,0.2006407900089835,56,-5.579917622424773,1.5906858613287287,56,-5.777480189472205,1.5386113906861627,56,0.641244391789035,0.113177860232998,56,0.6214369840757932,0.109337344363639,56,18,27,0.13874818546883308,0.12197468399863026,0.2323494294080728,0.023385441933985406,0.02264650320929043
mahler,GPFA50,condition_mean_neural_and_behavior,published_input_causal_train_only;raw_preprocessing_fail,visible,y,179553,58,-0.6403608380826277,0.1262295121336446,58,-0.6195030993135703,0.1329455232299663,58,4.279165216039508,0.786686837664345,58,4.245865237774868,0.8629928746900298,58,0.0208577387690571,0.0247470383184182,58,0.0332999782646399,0.1511773231048839,58,3.208515276867814,1.0149209283509235,58,3.302074675746723,1.0828844693243995,58,1.5858283596917075,0.2929002695166344,58,1.7474583040463134,0.3394330011603065,58,19,24,0.2832432190470705,0.24933168662062224,0.4725956336995294,0.06619123234255965,0.0667103648337906
mahler,GPFA50,condition_mean_neural_and_behavior,published_input_causal_train_only;raw_preprocessing_fail,visible,y,182748,51,0.4354378462408583,0.2081166441335627,51,0.3986719060903616,0.2153493312856448,51,4.4463532877720775,0.9244816601970564,51,4.604300746620248,0.9346336654137712,51,-0.0367659401504966,0.0344235777501616,51,-0.1579474588481706,0.128047330679334,51,-3.725326303822524,1.070140361573432,51,-3.8708622859868473,1.0783907830319883,51,0.8433304047606728,0.1471886171091944,51,0.8359727218327315,0.1480004146879019,51,20,31,9.69768132017137e-16,7.288076951974818e-16,1.7763568394002505e-15,2.1810415620461328e-16,2.1062223894236013e-16
mahler,GPFA50,condition_mean_neural_and_behavior,published_input_causal_train_only;raw_preprocessing_fail,visible,y,183171,51,0.7687450234448676,0.1117935847704086,51,0.7586884668321257,0.1148131226855139,51,2.4590912756507888,1.1438417088818598,51,2.2920619187842854,1.017617808232446,51,-0.0100565566127418,0.0145874253447458,51,0.167029356866503,0.2143476168274782,51,-1.5882733039626398,1.5765986293824206,51,-1.1719116682407642,1.5865816878394734,51,1.7799489307201004,0.3312818412636059,51,2.0906346538635447,0.4012495137167111,51,21,24,0.4805949573282288,0.42306818473996327,0.801853235175729,0.19543599787732208,0.20967799926763647
mahler,GPFA50,condition_mean_neural_and_behavior,published_input_causal_train_only;raw_preprocessing_fail,visible,y,184642,57,0.445196477411658,0.2066885704781292,57,0.4111023190721544,0.2194603543944993,57,3.90194228150924,0.7405575359587963,57,3.897190498686884,0.7340279501363272,57,-0.0340941583395036,0.0459933472907467,57,0.0047517828223568,0.1032236381466264,57,-3.435457625631856,0.795144708200961,57,-3.4278312175501924,0.7826273682633123,57,0.9170550357124908,0.1672906765401358,57,0.9319709128532652,0.1770195913755306,57,22,27,0.12018610206995428,0.10561707879228652,0.2013471830765945,0.03080160940347566,0.030839165319337017
mahler,GPFA50,condition_mean_neural_and_behavior,published_input_causal_train_only;raw_preprocessing_fail,visible,y,187617,54,-0.6548221299117108,0.1361575734876015,54,-0.6412434181312642,0.1464875544964606,54,6.466647382142993,1.1386057255918651,54,6.474286230599908,1.130599201353387,54,0.0135787117804465,0.0222212638428163,54,-0.0076388484569133,0.1398230525210164,54,5.699684005639053,1.303381407070802,54,5.658768629375572,1.300574421476807,54,2.1789386784968414,0.3121195983412676,54,1.818183762806575,0.2637130759545637,54,23,24,0.2801659677656391,0.21696264301033275,0.5288348416359536,0.04332476339119553,0.04327364558605233
mahler,GPFA50,condition_mean_neural_and_behavior,published_input_causal_train_only;raw_preprocessing_fail,visible,y,197632,47,-0.102601864926883,0.2086016289325413,47,-0.0852065186973065,0.2002982797357273,47,4.721552440121874,0.8215663251578069,47,4.576110569304481,0.8403042629139598,47,0.0173953462295764,0.0314157026287869,47,0.1454418708173936,0.1372584825635672,47,3.722909199493853,1.0951847124452552,47,3.5632934896581165,1.1474617029852738,47,0.6799307826152711,0.1094221322918977,47,0.6942888192103845,0.1214392366339585,47,24,29,0.07911636858038393,0.06946042472466453,0.1328403717770702,0.016756431191589552,0.01728899845888312
mahler,GPFA50,condition_mean_neural_and_behavior,published_input_causal_train_only;raw_preprocessing_fail,visible,y,199564,49,-0.1652660267072869,0.2479017799985785,49,-0.2009000232345418,0.2441722395876589,49,2.722276376162896,0.5531733318045318,49,2.685666791006204,0.4835843959037796,49,-0.0356339965272548,0.0336575716013207,49,0.0366095851566915,0.1118144060069938,49,0.8677683653406477,1.1078765735713922,49,0.6718416736416235,1.0685116115315207,49,0.8220113527368709,0.1854106690233786,49,0.8263190058211805,0.1849766457087431,49,25,26,0.020188757437878464,0.01775078764898895,0.033779881399451095,0.007416130711289105,0.0075172234714622225
mahler,GPFA50,condition_mean_neural_and_behavior,published_input_causal_train_only;raw_preprocessing_fail,visible,y,204372,53,0.4140853953329074,0.2119760754490336,53,0.328672776341357,0.236998812681148,53,2.4575911024946566,0.6951410331168774,53,2.6886902101452987,0.7943982079581394,53,-0.0854126189915505,0.0553769883427672,53,-0.2310991076506432,0.1723498688434544,53,-1.4564925404504818,0.9845881393193836,53,-1.9239295490271409,0.9822239836591006,53,0.6736463036704907,0.14805599940595,53,0.7458212210144032,0.1638827001959513,53,26,27,0.48131057394950466,0.4229732245826979,0.8063219352316437,0.19584648294866258,0.17901302728494492
mahler,GPFA50,condition_mean_neural_and_behavior,published_input_causal_train_only;raw_preprocessing_fail,visible,y,204678,45,0.7011072739903637,0.0887169827899144,45,0.6820668529430857,0.0981330213712649,45,6.317729157418425,0.9384163912871418,45,6.490487854460273,1.0159723043011484,45,-0.0190404210472779,0.020494616424112,45,-0.1727586970418473,0.2150484790554802,45,-6.052513289071068,1.0150493520549233,45,-6.237813039363098,1.087388891614279,45,1.6760601985266046,0.293366039962383,45,1.6287789767333267,0.2904618246694883,45,27,24,1.5595900501194067e-15,1.1102230246251565e-15,3.552713678800501e-15,2.4685927668933065e-16,2.402885707655479e-16
mahler,GPFA50,condition_mean_neural_and_behavior,published_input_causal_train_only;raw_preprocessing_fail,visible,y,206128,53,-0.2046683942774206,0.2807440570658663,53,-0.2450923431860324,0.2836139687178726,53,4.933966839441885,1.156247242427455,53,5.062532022072885,1.211890642243475,53,-0.0404239489086117,0.0503509597337515,53,-0.1285651826309999,0.2240563648956633,53,-3.6619119959221673,1.6161305723715245,53,-3.932675715307712,1.6338250094236386,53,0.49991243402045,0.1005782283393559,53,0.5491980501342357,0.1163921909432358,53,28,21,0.3977822890113589,0.35090567631054564,0.6602860943199846,0.08062119222843314,0.07857378230439015
mahler,GPFA50,condition_mean_neural_and_behavior,published_input_causal_train_only;raw_preprocessing_fail,visible,y,217817,49,-0.5194467818941662,0.1402412495595064,49,-0.5307531950128657,0.1412850434181124,49,4.765882978447447,0.8749068185612024,49,4.844200312736672,0.8887761846906665,49,-0.0113064131186994,0.0322971694589543,49,-0.0783173342892252,0.1150300261025001,49,3.983753076713565,1.079037004849611,49,4.017623854761753,1.0964042419005215,49,2.105369601058556,0.4343836540859316,49,2.013422381761835,0.4218468013098847,49,29,23,0.09170498455757654,0.0659567078582235,0.1853937253801643,0.01924197152391071,0.018930882010898705
mahler,GPFA50,condition_mean_neural_and_behavior,published_input_causal_train_only;raw_preprocessing_fail,visible,y,218791,56,0.2906317735963814,0.138720077656768,56,0.4057935343228282,0.125449912561957,56,5.121521156457522,1.0543970627920412,56,5.406276518695754,1.1287655445064413,56,0.1151617607264469,0.0447496047921845,56,-0.284755362238233,0.1661568095087016,56,4.810247854561693,1.142702514830648,56,5.138735764924168,1.218283228939838,56,1.6346933910897017,0.3035246276001534,56,1.9348719078295271,0.3562104479132233,56,30,27,0.3129676548366147,0.1985832835972538,0.7143959242403435,0.06110833974433675,0.05788968687678541
mahler,GPFA50,condition_mean_neural_and_behavior,published_input_causal_train_only;raw_preprocessing_fail,visible,y,226533,59,-0.3595764320749256,0.3068805550143791,59,-0.3279035631366948,0.3177393072248938,59,4.150639013727043,0.9870156625873874,59,3.99862899646728,0.9803037294894928,59,0.0316728689382309,0.0509343886325718,59,0.152010017259763,0.1429843033367052,59,-3.601074552526291,1.2028502983639462,59,-3.298749750988442,1.2634239859451053,59,1.1014142296805778,0.2321933965503779,59,0.8688311198564747,0.1963075484363038,59,31,22,0.548149667924848,0.48318093767166687,0.911588865721229,0.1320639222326974,0.13708440278133552
mahler,GPFA50,condition_mean_neural_and_behavior,published_input_causal_train_only;raw_preprocessing_fail,visible,y,232533,53,0.3205433164818612,0.2637534975319064,53,0.2524978961393057,0.2801762364237529,53,2.3085864621287016,0.8129098218563012,53,2.4262697387411007,0.8343450921004161,53,-0.0680454203425554,0.0596944032064886,53,-0.1176832766123998,0.1692609356096833,53,1.4486132287563267,1.2588532638609646,53,1.6154175949304952,1.2337771346920607,53,1.40614224290501,0.3170287221998506,53,1.4688273470423965,0.322247457495513,53,32,21,0.09960796373917385,0.08787360264441704,0.1653328540765373,0.04314673302178483,0.04105395296685217
mahler,GPFA50,condition_mean_neural_and_behavior,published_input_causal_train_only;raw_preprocessing_fail,visible,y,241919,43,0.3051509969533799,0.2857782531098239,43,0.2538364896420257,0.3111518024800475,43,5.037587855737823,1.0918810328649438,43,5.277806406874586,1.0823943667076743,43,-0.0513145073113543,0.052639805059418,43,-0.2402185511367623,0.1639130317540704,43,4.513409152883926,1.2406855874679048,43,4.759614607525664,1.211436313031645,43,0.663233396417088,0.1157585929370319,43,0.6430726034151047,0.1107005163303527,43,33,27,9.781917301646563e-16,7.072531860575071e-16,1.7763568394002505e-15,1.9417859463244773e-16,1.8534058560589047e-16
mahler,GPFA50,condition_mean_neural_and_behavior,published_input_causal_train_only;raw_preprocessing_fail,visible,y,242380,50,0.7564106273150301,0.0996101942483567,50,0.7395833948243841,0.107383634069648,50,1.8781869158957332,0.5382147953367495,50,1.888173886212714,0.5467560741108827,50,-0.0168272324906459,0.0217841187224518,50,-0.0099869703169806,0.1398755711542479,50,0.3387701315077428,1.1365745039755255,50,0.2284414394446094,1.150485909656909,50,1.1192686678821433,0.2553496561609384,50,1.0937022594748969,0.2555679554600779,50,34,26,6.171866114137143e-16,4.440892098500626e-16,1.3322676295501878e-15,3.286076620970227e-16,3.268695833155827e-16
mahler,GPFA50,condition_mean_neural_and_behavior,published_input_causal_train_only;raw_preprocessing_fail,visible,y,244437,50,0.6182838157139856,0.1076797024685896,50,0.6089928514175349,0.1117653007441969,50,3.085211745034544,0.5250211427250046,50,2.862733973029415,0.4713945326012151,50,-0.0092909642964506,0.0192639382714252,50,0.2224777720051288,0.1395563469603683,50,-1.749255115209612,0.8949854870357861,50,-1.1946398384429662,0.9353526378646536,50,2.698513192051561,0.3743137552107161,50,3.65581508153071,0.5004668385902066,50,35,21,0.6506060301051758,0.5739429241827797,1.0799371557068627,0.21087889061497503,0.2272673731596124
mahler,GPFA50,condition_mean_neural_and_behavior,published_input_causal_train_only;raw_preprocessing_fail,visible,y,245662,41,0.7325245869503714,0.0967566763421454,41,0.7154877804002827,0.1020991082845359,41,5.982600737354508,1.2820420054502113,41,6.1777411234442265,1.3372099240114188,41,-0.0170368065500887,0.0284239427124416,41,-0.195140386089719,0.1644515860635835,41,-5.81315509674593,1.3195345698212428,41,-6.004802160464673,1.3781157267238255,41,1.233288019402398,0.2395695424226926,41,1.1766796709743872,0.2338157416250183,41,36,28,0.21236740085070197,0.1000069937794527,0.6371527420279293,0.035497505211188524,0.03437622208622146
mahler,GPFA50,condition_mean_neural_and_behavior,published_input_causal_train_only;raw_preprocessing_fail,visible,y,248856,53,-0.2305474660564681,0.162227624726232,53,-0.2375792964797458,0.1550202956239004,53,4.0920092905326415,0.5703550913605877,53,4.2917396196384905,0.654334307744403,53,-0.0070318304232777,0.0265612596439551,53,-0.1997303291058494,0.1437440033172349,53,2.349362055664121,0.8465120581558934,53,3.0135013424265207,0.8676403185997406,53,0.8713660654773755,0.176082016730917,53,1.1034425606707925,0.2295191690900113,53,37,18,0.9156690226256614,0.8100415978928042,1.5095301630397318,0.2237700253379611,0.21335614547435935
mahler,GPFA50,condition_mean_neural_and_behavior,published_input_causal_train_only;raw_preprocessing_fail,visible,y,251629,52,0.5088217594166728,0.1536451680992669,52,0.5153629238281352,0.170906612565012,52,6.975384219750405,0.9526222401350276,52,7.16014428567388,0.9605213442312271,52,0.0065411644114621,0.047180957035704,52,-0.1847600659234768,0.1462549702951892,52,6.7649159704568715,0.9896401222654898,52,6.950918606264491,0.9874947637024512,52,1.137743487377047,0.1936010171640339,52,1.0681624913574446,0.1862516725883789,52,38,29,0.4044713601155585,0.20521599698274517,1.1384256618816053,0.057985531316012785,0.056489275072966146
mahler,GPFA50,condition_mean_neural_and_behavior,published_input_causal_train_only;raw_preprocessing_fail,visible,y,258471,53,0.2513007443016181,0.2521144398420196,53,0.2525014368062042,0.2544102069004556,53,3.543254110987117,0.6452419721693079,53,3.576026919945438,0.6794012437376824,53,0.0012006925045861,0.0461907178246029,53,-0.0327728089583215,0.1273303495719422,53,-2.8213425466470414,0.8197848807126616,53,-2.9011678031450794,0.8693084069546863,53,0.6138480676735742,0.087311790202754,53,0.6503475197460558,0.0982495320616159,53,39,26,0.1822371233317294,0.1602285823162547,0.30492338112805184,0.051432134874729564,0.050960780612498834
mahler,GPFA50,condition_mean_neural_and_behavior,published_input_causal_train_only;raw_preprocessing_fail,visible,y,269179,52,0.7132326233064465,0.1602243849925219,52,0.6912745426876413,0.1863053696938032,52,1.5000768589554665,0.4655733720888197,52,1.4863227705119313,0.4643810125582475,52,-0.0219580806188052,0.038023376316955,52,0.0137540884435346,0.1030060283703412,52,-0.339317021276393,0.9891868954492364,52,-0.2474474239080048,0.9835771011863762,52,1.2803441563782807,0.2632266985388219,52,1.211271061269716,0.251812172313481,52,40,21,0.07335633121837754,0.064712604436855,0.12176354236602904,0.04890171512242181,0.04935424032635358
mahler,GPFA50,condition_mean_neural_and_behavior,published_input_causal_train_only;raw_preprocessing_fail,visible,y,270569,46,0.6179228371630106,0.136834806154415,46,0.5822502789922838,0.1504385118757898,46,2.506325642655444,0.63155501331798,46,2.511281935633208,0.607468468366541,46,-0.0356725581707267,0.0285452667310269,46,-0.0049562929777646,0.105558219519708,46,-0.8363467741503855,1.4138519889393166,46,-0.7210328922093031,1.3808631668561764,46,0.8973757501429654,0.1404998268463041,46,0.872261049116419,0.1416160518068193,46,41,28,7.58618651885818e-16,4.515237390328203e-16,2.6645352591003757e-15,3.02681598502126e-16,3.020842228511216e-16
mahler,GPFA50,condition_mean_neural_and_behavior,published_input_causal_train_only;raw_preprocessing_fail,visible,y,273073,52,0.8569220988932273,0.0630334258343343,52,0.8265691824122209,0.0713361076850037,52,7.125835657927092,1.0954724100115771,52,7.149823005436367,1.1690567606972146,52,-0.0303529164810064,0.015389789894549,52,-0.0239873475092753,0.1922499029136927,52,-6.835971028751067,1.1410446651415995,52,-6.86672230481003,1.2269808224459675,52,3.356284766841736,0.5668504434079229,52,3.333287601051055,0.6041997276581964,52,42,19,0.058139871096921945,0.021550425012107827,0.20256332591731763,0.008159024974459608,0.00813165179791378
mahler,GPFA50,condition_mean_neural_and_behavior,published_input_causal_train_only;raw_preprocessing_fail,visible,y,273515,43,0.7259143670680687,0.0806900753792468,43,0.6785670254899232,0.098596600132535,43,8.138472665254053,1.2300578116298997,43,8.039530506664926,1.2695700483163128,43,-0.0473473415781455,0.0241470378532726,43,0.0989421585891282,0.1421027803519738,43,-7.60900807744273,1.3469496096809914,43,-7.531773230717987,1.3948315359684336,43,6.322609956304209,0.8147270062373863,43,6.032125836612817,0.8273263181728135,43,43,19,0.0660704909212426,0.03686932414695501,0.16693782617842068,0.008118291187893315,0.008218202650822569
mahler,GPFA50,condition_mean_neural_and_behavior,published_input_causal_train_only;raw_preprocessing_fail,visible,y,287936,52,-0.5048466155352717,0.1301447781199628,52,-0.4858174006617895,0.1337762416164969,52,7.682512906323971,0.7946284175010165,52,7.361189758698477,0.7974851323166267,52,0.019029214873482,0.0198605046957916,52,0.3213231476254925,0.1334485681883127,52,-6.8140666303206,0.9364964076979536,52,-6.353462674025767,0.9656132230768096,52,2.386010476647989,0.3038275317525616,52,1.9851413020477588,0.2634600428417124,52,44,20,0.5054505520661365,0.44627866495135204,0.8372475460788884,0.06579234662268743,0.0686642470354554
mahler,GPFA50,condition_mean_neural_and_behavior,published_input_causal_train_only;raw_preprocessing_fail,visible,y,297652,55,0.8517047254056029,0.0613634199360622,55,0.8598435665548256,0.0677847084796569,55,3.3714182247337234,0.6358121709326933,55,3.204548029872821,0.6101471945983171,55,0.0081388411492227,0.016227527164425,55,0.1668701948609019,0.1974069213223865,55,-1.5273752633880162,1.2642115567459005,55,-1.251221833786594,1.347240839402846,55,3.7790862142979313,0.4986362213565243,55,4.288128671975593,0.5689061086311453,55,45,18,0.3458364868143363,0.3059228493013229,0.5701713746927757,0.10257893377842515,0.10792051908426585
mahler,GPFA50,condition_mean_neural_and_behavior,published_input_causal_train_only;raw_preprocessing_fail,visible,y,301600,50,-0.2376418134970984,0.2248596459700859,50,-0.2086640415562773,0.2285346321552139,50,5.601115285965966,1.1985746907102732,50,5.360942331125853,1.164776990554396,50,0.0289777719408211,0.0345968139108746,50,0.2401729548401121,0.1640205978491143,50,-5.161021702102102,1.3276931541019477,50,-4.842325958800423,1.3218406373527567,50,2.0344731610656392,0.3409897276971787,50,1.87522187270137,0.297955884481059,50,46,18,0.24132552207313618,0.21348500768605208,0.3978430851724384,0.04308526244367729,0.04501550420939808
mahler,GPFA50,condition_mean_neural_and_behavior,published_input_causal_train_only;raw_preprocessing_fail,visible,y,320246,53,0.6436843313300263,0.109725608829399,53,0.5931425042980516,0.1207328422428562,53,6.4692998724981035,1.1091609502575843,53,6.492795657037329,1.1161721181674846,53,-0.0505418270319748,0.0198125044119245,53,-0.0234957845392249,0.1381032026433629,53,-5.838910790251076,1.2721098445496033,53,-5.892249619680455,1.2670979433043483,53,6.0742551313472175,0.8639442555571952,53,5.7049976842169565,0.8139283684542733,53,47,18,0.047682433941509915,0.029532376734854635,0.10946913210654152,0.00737057098623834,0.0073438987548958955
mahler,GPFA50,condition_mean_neural_and_behavior,published_input_causal_train_only;raw_preprocessing_fail,visible,y,325813,56,0.7250279506822462,0.1940177496983125,56,0.7053342022643958,0.2123644735996639,56,5.116764986825936,1.423837863830833,56,5.216190769990031,1.526127842152194,56,-0.0196937484178503,0.029176524437098,56,-0.0994257831640939,0.2815142020497623,56,4.903737350533947,1.5081782177630323,56,5.02144465748006,1.600989407870614,56,1.3867090847798909,0.3495356367765356,56,1.3066263193345276,0.3344389755604542,56,48,20,1.6011864169946884e-15,1.3766765505351941e-15,3.552713678800501e-15,3.1292944294241394e-16,3.0696469657641536e-16
mahler,GPFA50,condition_mean_neural_and_behavior,published_input_causal_train_only;raw_preprocessing_fail,visible,y,328386,47,0.0991835297910631,0.3600694783641895,47,0.0372774522456352,0.3706032753023213,47,2.0742938976707785,0.607459980140291,47,2.018633739130757,0.5847154579439477,47,-0.0619060775454278,0.0631596776834553,47,0.0556601585400218,0.1427344312523206,47,1.264497673995005,0.834222626965685,47,1.1363929600318703,0.8472190916140405,47,1.3309085547606254,0.3287505184171158,47,1.468968511796625,0.3655515057430148,47,49,18,0.18199831070874167,0.16099896036395606,0.30004433595476776,0.08773988628762168,0.0901591542738763
mahler,GPFA50,condition_mean_neural_and_behavior,published_input_causal_train_only;raw_preprocessing_fail,visible,y,330797,55,0.556437101417329,0.2223139682174788,55,0.5122765864916518,0.2449770346846675,55,2.4640488763258177,0.9532144954587088,55,2.539843449432943,0.9544125009726921,55,-0.0441605149256773,0.0444229260249037,55,-0.0757945731071249,0.1786027125162695,55,-1.8644106495157944,1.2560211681722298,55,-1.99366106571614,1.2190868342533627,55,1.2527314258380968,0.2491495792530077,55,1.2637784025084178,0.2638790221501597,55,50,19,0.15919215538238812,0.1406844318892876,0.26309802994952225,0.06460592438400088,0.06267794001946461
mahler,GPFA50,condition_mean_neural_and_behavior,published_input_causal_train_only;raw_preprocessing_fail,visible,y,332165,48,0.0095911587273019,0.2777161996410047,48,-0.0190946159001241,0.2828590371854094,48,4.039021685164668,0.5307150487331679,48,4.14890644646364,0.5695579451382532,48,-0.028685774627426,0.0413514481794635,48,-0.1098847612989708,0.1286054058950088,48,0.8939571498265523,1.200413273010384,48,1.0946964332088494,1.2004124365403526,48,0.5712409969309483,0.0887894189258068,48,0.5806656985246254,0.0912771730508098,48,51,34,7.292813028196812e-16,4.2857874112368176e-16,1.7763568394002505e-15,1.8055889759105091e-16,1.7577675279742476e-16
mahler,GPFA50,condition_mean_neural_and_behavior,published_input_causal_train_only;raw_preprocessing_fail,visible,y,340684,52,0.5043202753582322,0.215141695990868,52,0.4863393137624693,0.2310947467972036,52,7.277006597061405,0.803923924032729,52,7.106774666035572,0.8382705669021913,52,-0.0179809615957628,0.0376840403843209,52,0.1702319310258331,0.1360164169495873,52,7.1975362687815165,0.803645093991128,52,7.026819742678482,0.8369032417481389,52,1.2040832125126495,0.1980047673870887,52,1.164532883074798,0.2021084464142365,52,52,34,1.4450471340764904e-15,1.0971615772766253e-15,3.552713678800501e-15,1.9857713673916802e-16,2.033337487091866e-16
mahler,GPFA50,condition_mean_neural_and_behavior,published_input_causal_train_only;raw_preprocessing_fail,visible,y,351612,48,0.464274529722926,0.2529671760195288,48,0.4104609373557841,0.2916171842860115,48,3.6327494612248494,1.1729333081719064,48,3.8140603730848097,1.1770274586062963,48,-0.0538135923671418,0.0581506099303236,48,-0.1813109118599597,0.1552241321812366,48,-3.1835084282583708,1.3492384494193017,48,-3.398412120332293,1.3348870822935228,48,0.7643444129124402,0.1596114788040109,48,0.7831954727474648,0.1731797260084624,48,53,22,0.20004355566151075,0.17633501095201545,0.33267542113300874,0.055066708507352534,0.05244897460805416
mahler,GPFA50,condition_mean_neural_and_behavior,published_input_causal_train_only;raw_preprocessing_fail,visible,y,356164,56,-0.7625594545553718,0.1093872736982201,56,-0.7691721308107456,0.1024683541798429,56,6.618444194274276,0.8594087512757153,56,6.449099852975004,0.824282737049788,56,-0.0066126762553737,0.0179856718921418,56,0.1693443412992712,0.1208740727472584,56,6.060654935706872,0.928678137734999,56,5.782429080189128,0.9103532590268548,56,2.5139699825256434,0.6502648230466712,56,2.1019520270041427,0.5290657531094771,56,54,16,0.37224270779016166,0.3300993588883492,0.6100108054315436,0.05624323434081304,0.057720103002970896
mahler,GPFA50,condition_mean_neural_and_behavior,published_input_causal_train_only;raw_preprocessing_fail,visible,y,356765,58,-0.6556186215043314,0.256533316189884,58,-0.6694118464356724,0.2344722938963504,58,4.9845030959842775,1.0205918637377012,58,4.732722965051529,0.9607919068820944,58,-0.0137932249313407,0.0612397139082657,58,0.2517801309327484,0.159114630544993,58,4.5193791792798645,1.1519354460218498,58,4.1593797059770505,1.120935508049808,58,1.552723073873551,0.3884242458193478,58,1.4023073685724765,0.3459923312554538,58,55,16,0.2588627657164903,0.22954470639706948,0.4242333213964349,0.05193351488236428,0.05469636985474214
mahler,GPFA50,condition_mean_neural_and_behavior,published_input_causal_train_only;raw_preprocessing_fail,visible,y,370777,49,0.3709689639136065,0.2319914223806521,49,0.3067642887928904,0.2366915774544411,49,3.858753411527331,0.8471723218203747,49,3.8493306429804313,0.8341730627334247,49,-0.0642046751207162,0.0451158592296762,49,0.0094227685469001,0.1630349875623246,49,-3.5862824584905786,0.9183505682054492,49,-3.542316171232601,0.9075764818140712,49,1.421530089834096,0.3534594022645548,49,1.345673712908121,0.3423683945958451,49,56,17,0.11873442942242733,0.10515517306417321,0.19519596838293518,0.03077015210863944,0.030845474300564245
mahler,GPFA50,condition_mean_neural_and_behavior,published_input_causal_train_only;raw_preprocessing_fail,visible,y,377134,51,-0.2480796646381382,0.2975840086505031,51,-0.2512367611910125,0.2811216833662646,51,3.3886359807153754,0.9820256253867644,51,3.2979760765373776,0.9173402731708784,51,-0.0031570965528742,0.052852195843663,51,0.0906599041779978,0.1625603668812847,51,2.452411217082524,1.4994941178874368,51,2.243514815176051,1.4838177827141077,51,0.951965355298258,0.2182934004372934,51,0.9948942434244544,0.2280732978338969,51,57,18,0.03243975723321968,0.028696954243293007,0.05348017861184484,0.009573101807875899,0.009836262143926447
mahler,GPFA50,condition_mean_neural_and_behavior,published_input_causal_train_only;raw_preprocessing_fail,visible,y,379400,46,0.1315380130736477,0.2256416296440585,46,0.0612431381952084,0.2298912994874336,46,3.6311382385127864,0.9373011198709964,46,3.59202259480038,0.9352047472637018,46,-0.0702948748784392,0.0353063557920832,46,0.0391156437124086,0.1411911299037604,46,2.999535094076013,1.1449899782325097,46,2.906420127482374,1.1811237333782527,46,1.3103891120285105,0.186038194164474,46,1.3405695486905078,0.1997455612994834,46,58,36,0.07510556447634338,0.06572768233242107,0.1269484496542333,0.020683752460799877,0.02090898998938987
mahler,GPFA50,condition_mean_neural_and_behavior,published_input_causal_train_only;raw_preprocessing_fail,visible,y,381514,52,0.0834833171770627,0.1954431135964805,52,0.0445836019151566,0.2011139933957673,52,2.5721049606774797,0.5925669011863236,52,2.729527804084974,0.6203681637834193,52,-0.0388997152619061,0.0436380386002282,52,-0.157422843407496,0.1204043713506599,52,-1.169041077631756,1.1505136297754837,52,-1.4342479453945978,1.1224233512310555,52,1.8017810639736187,0.2954804697311075,52,1.7127065583284815,0.2808055517897648,52,59,33,0.10666282195975102,0.09350987545315609,0.179730289814644,0.04146907828040445,0.03907738979618412
mahler,GPFA50,condition_mean_neural_and_behavior,published_input_causal_train_only;raw_preprocessing_fail,visible,y,388571,46,0.4206527784085982,0.1528122809996944,46,0.3954042171658467,0.1640024945036606,46,3.4083502203059695,0.8940030575113775,46,3.511287567239577,0.8598241390634719,46,-0.0252485612427516,0.0337228005384918,46,-0.102937346933607,0.1251419792420112,46,-2.917469509992716,0.996769598770553,46,-3.0428771993030126,0.9360755545333844,46,1.4125233573392832,0.2287294341562977,46,1.3666254747130926,0.2183415362464859,46,60,36,0.028995059566374246,0.025391765121282175,0.04897430163108543,0.008507065792015746,0.008257671583751517
mahler,GPFA50,condition_mean_neural_and_behavior,published_input_causal_train_only;raw_preprocessing_fail,visible,y,394672,41,-0.4727011207967131,0.2530322498345045,41,-0.4870585704093021,0.2659888162166083,41,4.85763323806969,1.3382666881397278,41,5.104793911608085,1.3543798145512502,41,-0.014357449612589,0.037265664699674,41,-0.247160673538395,0.1645650103381749,41,4.29658064369463,1.6056494708312214,41,4.675304173475699,1.5527379878179972,41,1.515596325115116,0.2534950460327217,41,2.08336770880462,0.3575141318259895,41,61,31,0.5305600544614758,0.46542112898153754,0.8925826531696348,0.10922192525846351,0.10393368736297165
mahler,GPFA50,condition_mean_neural_and_behavior,published_input_causal_train_only;raw_preprocessing_fail,visible,y,396358,53,-0.4097798574173171,0.3620445392953306,53,-0.378113239147851,0.3524593527121096,53,3.367418230522772,1.0518513407945969,53,3.1678312382732194,1.016503375798384,53,0.0316666182694661,0.0724118192738503,53,0.1995869922495522,0.1723010185195456,53,2.8172639126996963,1.2624328890189946,53,2.5892808375009975,1.25947316443138,53,1.3314239118770168,0.361514641808145,53,1.3155758014493757,0.3538963054198021,53,62,15,0.00875157915026591,0.007771258891272985,0.014291910030459487,0.002598898785704821,0.0027626405865725295
mahler,GPFA50,condition_mean_neural_and_behavior,published_input_causal_train_only;raw_preprocessing_fail,visible,y,400995,60,0.7329402505658934,0.124301012358256,60,0.7231028628765797,0.1367106224571829,60,2.6951700797084728,0.8022489793504342,60,2.5277255086498167,0.7393669242961906,60,-0.0098373876893138,0.0246740990652921,60,0.1674445710586561,0.1779461875733399,60,1.7198665752767577,1.1499673754353503,60,1.3480360148838633,1.1560272485406085,60,2.4475638377798696,0.5564738080920388,60,3.2058890500644166,0.7708492652539803,60,63,16,0.5829439604180187,0.5169286028965971,0.9553335743076508,0.216292086650455,0.23061996186816894
mahler,GPFA50,condition_mean_neural_and_behavior,published_input_causal_train_only;raw_preprocessing_fail,visible,y,401673,46,0.8698091199837472,0.0719862381391014,46,0.8580203889084835,0.0818995023024266,46,2.72347659601398,1.2080295651475264,46,2.537809103526923,1.029534513304902,46,-0.0117887310752635,0.01613556830759,46,0.1856674924870562,0.3633907529315534,46,1.9384463852867817,1.6178282675265274,46,1.4325786226904,1.6452662101750877,46,2.290344423709109,0.5453575969398265,46,2.8042958327658547,0.75110904761707,46,64,16,0.47855726649274427,0.42434912391694196,0.7842935252998178,0.17571557882786656,0.18857102601912368
mahler,GPFA50,condition_mean_neural_and_behavior,published_input_causal_train_only;raw_preprocessing_fail,visible,y,406460,40,0.4731088302194418,0.1844610300476275,40,0.4445479857183645,0.1962071695786139,40,3.0652514459909623,0.9825544283443448,40,3.1226822903467832,1.0371940062444938,40,-0.0285608445010773,0.0414751270825667,40,-0.0574308443558208,0.1602638858816215,40,-2.750971580322772,1.0813019910517387,40,-2.794369617994172,1.1419264490778749,40,1.3322461980168865,0.2521422740432788,40,1.2391072829496612,0.2190568834064674,40,65,32,0.13084907765503648,0.11474241648818784,0.22032539911769744,0.0426878773113944,0.04190278276452687
mahler,GPFA50,condition_mean_neural_and_behavior,published_input_causal_train_only;raw_preprocessing_fail,visible,y,413189,63,-0.5274244515864989,0.1471428730175804,63,-0.5395088107483954,0.1468745079464305,63,6.47557513549256,1.0920899352667577,63,6.84116723429652,1.1480617717546595,63,-0.0120843591618964,0.0314182272175944,63,-0.3655920988039605,0.2278882018990061,63,5.728048152518026,1.2144479079351658,63,6.227302952732023,1.2597639409599333,63,1.145499954537923,0.2624147178069516,63,1.3339783681965012,0.3070797589655048,63,66,19,0.4875240757223205,0.43084027825508425,0.805743230248475,0.07528660628925546,0.07126328870872176
mahler,GPFA50,condition_mean_neural_and_behavior,published_input_causal_train_only;raw_preprocessing_fail,visible,y,413513,37,-0.72755719922249,0.1111493802489057,37,-0.7499658681500402,0.1096213998853259,37,6.300296440914042,1.3310383650984652,37,6.052192150778943,1.2724166126658534,37,-0.0224086689275503,0.0191809032569592,37,0.2481042901350983,0.1730836879666177,37,5.4899148790405,1.6239892618533436,37,5.1351864333776165,1.5966994664170162,37,2.383389838673914,0.4813468318018278,37,2.24225231170318,0.4496653598016204,37,67,15,0.15463530759576966,0.13730739480316062,0.2525429749421493,0.024544132017593652,0.025550297106126652
mahler,GPFA50,condition_mean_neural_and_behavior,published_input_causal_train_only;raw_preprocessing_fail,visible,y,420020,48,0.1526911498808982,0.3547082731175919,48,0.1653759923046882,0.3752125147598621,48,1.657132136849391,0.4906166524051585,48,1.699683535763884,0.5581452955518642,48,0.0126848424237899,0.083123479657747,48,-0.0425513989144928,0.2733063559727305,48,0.0951016217487517,1.2255339315849043,48,-0.2847825051980368,1.30708705716168,48,1.700444785871679,0.3669818333688824,48,1.6271976953650091,0.3686586936096021,48,68,14,0.02545781474300502,0.02264192596244866,0.04140767008626145,0.01536257379656307,0.014977973374063182
mahler,GPFA50,condition_mean_neural_and_behavior,published_input_causal_train_only;raw_preprocessing_fail,visible,y,428615,50,0.0142161866406684,0.1524150252982851,50,-0.1357391522827167,0.1894184872020212,50,7.564719763992781,1.0315057748264558,50,7.594843959234685,1.0147560771773232,50,-0.1499553389233852,0.0783334273544035,50,-0.0301241952419072,0.1437310302832717,50,-7.282346406819549,1.0905372540277771,50,-7.278428420300176,1.0794218684590662,50,3.5878615760700256,0.5998146036944977,50,3.023353854294168,0.5399270944678471,50,69,32,0.24437073286784544,0.147327112345268,0.5884713858893713,0.03230400338569352,0.03217587276045499
mahler,GPFA50,condition_mean_neural_and_behavior,published_input_causal_train_only;raw_preprocessing_fail,visible,y,435203,57,0.4598583334422433,0.29099570730687,57,0.4089434148243289,0.3166851297123728,57,1.6497759954172613,0.5904778442781462,57,1.7481872195642665,0.6567848190666251,57,-0.0509149186179142,0.0703835562008619,57,-0.0984112241470053,0.158258102549193,57,-0.7461936119356712,1.000295230699366,57,-0.9244826413115452,1.038963855982354,57,2.1004794011384287,0.6631234542946911,57,2.0092664832614777,0.6441321142877654,57,70,13,0.0433948004797967,0.0386784149466214,0.07022792403533087,0.026303450044332405,0.024822742092012778
mahler,GPFA50,condition_mean_neural_and_behavior,published_input_causal_train_only;raw_preprocessing_fail,visible,y,448412,48,0.6015065696357091,0.1790228531694539,48,0.5734486052501531,0.1902107533816391,48,2.902891833332056,0.638828611195845,48,2.757655680229495,0.6256217034092284,48,-0.028057964385556,0.0378928252789738,48,0.1452361531025603,0.1306260866488049,48,2.4815789833662016,0.8189888555557346,48,2.305486240193271,0.8325899920102201,48,1.4554231475833503,0.3049713797555864,48,1.4906810085951043,0.3210084043170655,48,71,16,0.13010848340938108,0.11537322607255447,0.21322534355588627,0.04482030019700642,0.047180829841147284
mahler,GPFA50,condition_mean_neural_and_behavior,published_input_causal_train_only;raw_preprocessing_fail,visible,y,454477,51,0.4464489100278508,0.3896765879526993,51,0.4088313801447324,0.4199801361946984,51,2.366349273593204,0.8410411534051175,51,2.310049781552344,0.844213908009909,51,-0.0376175298831183,0.068719499056004,51,0.0562994920408597,0.1892108655051617,51,-1.9127674745106011,1.0790163243641548,51,-1.8296090882920015,1.0944538380668036,51,0.927772889149223,0.2664009311568435,51,0.9112462024570632,0.2604573669295243,51,72,16,0.036858244268443426,0.032684602706798516,0.06040283968525295,0.015575994921694588,0.01595560604917996
mahler,GPFA50,condition_mean_neural_and_behavior,published_input_causal_train_only;raw_preprocessing_fail,visible,y,456038,45,0.6247084611803255,0.2077996689120027,45,0.6403380095160971,0.1917671539355773,45,5.835799243465587,1.0151775855541878,45,6.02230533468174,1.048797216098788,45,0.0156295483357714,0.0317792206637185,45,-0.1865060912161521,0.1397666201041002,45,-5.672665639346052,1.0579473832160144,45,-5.863060258209469,1.0918258084753092,45,1.1382192822649773,0.2672214422432479,45,1.1574970447028607,0.2785165051713154,45,73,18,0.03644416676366303,0.01066363190592713,0.14834480703068742,0.0062449315412057725,0.006051530890302989
mahler,GPFA50,condition_mean_neural_and_behavior,published_input_causal_train_only;raw_preprocessing_fail,visible,y,460651,46,-0.7522687030624319,0.1107612083391659,46,-0.7463914582856066,0.1124349584483004,46,5.357655912983732,0.6918469323630217,46,5.446905260622236,0.686329294101842,46,0.0058772447768253,0.0214634139062745,46,-0.0892493476385042,0.1461377572904456,46,4.191341697006683,0.9058267794217976,46,4.3601228003260575,0.8712131976932392,46,2.5270499870937364,0.4110675872021376,46,2.670433466539575,0.4109829582764644,46,74,14,0.12193284535176689,0.10844535549658908,0.19832739753875916,0.02275861819649058,0.02238571069580852
mahler,GPFA50,condition_mean_neural_and_behavior,published_input_causal_train_only;raw_preprocessing_fail,visible,y,463174,54,-0.0794905545557918,0.273829079000689,54,-0.156500963054367,0.2809153775286711,54,5.753867999763054,1.267788370325054,54,5.846085664058576,1.2725735474526223,54,-0.0770104084985751,0.0563734107985632,54,-0.0922176642955232,0.1473852461190715,54,-4.470640638889789,1.6419944914571845,54,-4.4899162755325595,1.6670373339597655,54,0.4944358730298893,0.1040022217056308,54,0.5047591390939498,0.1005295459731677,54,75,30,7.275279423152507e-16,4.0153066057276495e-16,2.6645352591003757e-15,1.2644154199317928e-16,1.244470204718439e-16
mahler,GPFA50,condition_mean_neural_and_behavior,published_input_causal_train_only;raw_preprocessing_fail,visible,y,464785,55,0.5020697625869686,0.1959281940632643,55,0.4680064442814354,0.2118545744263887,55,2.3517455782533685,0.8094773674654409,55,2.352408900990262,0.7986462193895436,55,-0.0340633183055331,0.0415729535922972,55,-0.0006633227368928,0.1459980096231473,55,1.1601508959325402,1.3637227985825384,55,1.0421427684381233,1.3829742316874127,55,3.3381492201855454,0.8095120652609205,55,3.5054578022937424,0.8839837537363519,55,76,24,0.04215324305861526,0.03710651448779198,0.07033311306296453,0.01792423612843456,0.01791918192490709
mahler,GPFA50,condition_mean_neural_and_behavior,published_input_causal_train_only;raw_preprocessing_fail,visible,y,465431,50,0.6276863741828784,0.185648486223709,50,0.6123668734326261,0.2059356521937599,50,1.7901832830684348,0.4896023894597197,50,1.797263815811033,0.5288627663590573,50,-0.015319500750252,0.0401981541643061,50,-0.0070805327425983,0.139601408167054,50,-0.643293732784289,1.0865284495678988,50,-0.7239738878748304,1.1112295215565549,50,2.4538085846272923,0.5888513988494258,50,2.433221544182532,0.6056350969106606,50,77,25,0.03770285126197704,0.0331509660696487,0.06303621314980123,0.021060888914878634,0.020977917059418046
mahler,GPFA50,condition_mean_neural_and_behavior,published_input_causal_train_only;raw_preprocessing_fail,visible,y,469268,52,0.7793009976209061,0.1038662865503875,52,0.7768083466150922,0.1179417954419013,52,5.198702013038756,1.404866658952299,52,5.264254131066423,1.3455670186590365,52,-0.002492651005814,0.0299105918667958,52,-0.0655521180276663,0.2054329703217757,52,-4.82322684774985,1.4840847424814965,52,-4.914289939857222,1.3970600587193858,52,1.889559072044808,0.489740465739181,52,1.8570771221301283,0.5051220425998157,52,78,17,1.1600447823863205e-15,7.836868409118752e-16,2.6645352591003757e-15,2.2314123399972466e-16,2.2036261044854246e-16
perle,FA50,condition_mean_neural_and_behavior,published_input_causal_train_only;raw_preprocessing_fail,bounce,y,29337,45,,,0,,,0,,,0,,,0,,,0,,,0,,,0,,,0,,,0,,,0,0,0,,,,,
perle,FA50,condition_mean_neural_and_behavior,published_input_causal_train_only;raw_preprocessing_fail,bounce,y,55062,48,0.4929723263184286,0.1151699937546031,48,0.5307790775031213,0.0979447187811857,48,5.239628312701427,1.0147100591969758,48,4.972241564864642,1.0263662064730386,48,0.0378067511846925,0.0526172360858908,48,0.2673867478367854,0.0950918427060527,48,5.0008865648582175,1.0539204326614988,48,4.70231338153794,1.0710425202631135,48,1.0973855129612389,0.1335011171822175,48,0.938235817309097,0.1150531777359169,48,1,50,0.6286134871578253,0.3762036300418383,1.5431910604541295,0.11997291594787325,0.12642456706041752
perle,FA50,condition_mean_neural_and_behavior,published_input_causal_train_only;raw_preprocessing_fail,bounce,y,58244,58,,,0,,,0,,,0,,,0,,,0,,,0,,,0,,,0,,,0,,,0,2,0,,,,,
perle,FA50,condition_mean_neural_and_behavior,published_input_causal_train_only;raw_preprocessing_fail,bounce,y,59920,43,,,0,,,0,,,0,,,0,,,0,,,0,,,0,,,0,,,0,,,0,3,0,,,,,
perle,FA50,condition_mean_neural_and_behavior,published_input_causal_train_only;raw_preprocessing_fail,bounce,y,68220,53,,,0,,,0,,,0,,,0,,,0,,,0,,,0,,,0,,,0,,,0,4,0,,,,,
perle,FA50,condition_mean_neural_and_behavior,published_input_causal_train_only;raw_preprocessing_fail,bounce,y,72780,47,0.1053645940650492,0.1264006313003099,47,0.1777848281710835,0.1216978067393544,47,6.776759262127591,0.8214701874623404,47,6.804909404347782,0.8321144141225256,47,0.0724202341060343,0.0222782692374754,47,-0.0281501422201948,0.0645621418495093,47,-6.4299863807886375,0.856975725465403,47,-6.510575315969782,0.858073716230971,47,1.2078889251143572,0.1354407298781303,47,1.3205544078385385,0.151227382875051,47,5,49,0.34025927740931206,0.2141312405681763,0.7956196389402779,0.05020973362752837,0.05000202900451755
perle,FA50,condition_mean_neural_and_behavior,published_input_causal_train_only;raw_preprocessing_fail,bounce,y,77046,50,,,0,,,0,,,0,,,0,,,0,,,0,,,0,,,0,,,0,,,0,6,0,,,,,
perle,FA50,condition_mean_neural_and_behavior,published_input_causal_train_only;raw_preprocessing_fail,bounce,y,77944,48,,,0,,,0,,,0,,,0,,,0,,,0,,,0,,,0,,,0,,,0,7,0,,,,,
perle,FA50,condition_mean_neural_and_behavior,published_input_causal_train_only;raw_preprocessing_fail,bounce,y,90751,53,,,0,,,0,,,0,,,0,,,0,,,0,,,0,,,0,,,0,,,0,8,0,,,,,
perle,FA50,condition_mean_neural_and_behavior,published_input_causal_train_only;raw_preprocessing_fail,bounce,y,93053,48,0.5550618128635646,0.170463009564713,48,0.5879233346450617,0.1579577632620687,48,5.555743079082599,0.7932707861894788,48,5.380151734882361,0.8121626818114394,48,0.0328615217814972,0.026973046451586,48,0.1755913442002388,0.0600608481043872,48,5.170391394751571,0.8073782139535906,48,5.0335862118948524,0.8214296720452072,48,0.6355226101983845,0.092679955861822,48,0.6551741319481571,0.0976987066446179,48,9,50,0.42943965132907075,0.1886847704370571,1.411028253534358,0.07729652815406696,0.07981924534670408
perle,FA50,condition_mean_neural_and_behavior,published_input_causal_train_only;raw_preprocessing_fail,bounce,y,99902,46,0.6583687875591409,0.0763881056312852,46,0.7043769039680966,0.0658648326949764,46,4.333323484262294,0.9275281553007259,46,4.149152426666238,0.9302792469394124,46,0.0460081164089553,0.0250479283158846,46,0.1841710575960554,0.0722723772993559,46,4.09840403696176,0.9669622993740484,46,3.918419695439303,0.963495171561745,46,1.1058073097523673,0.1124206843516875,46,0.9860766420594538,0.102075285557357,46,10,49,0.49712488315189357,0.2982730320861121,1.2164696040173149,0.11472138762715153,0.11981359854531147
perle,FA50,condition_mean_neural_and_behavior,published_input_causal_train_only;raw_preprocessing_fail,bounce,y,105802,56,0.3735846435957032,0.0869839401010242,56,0.4039274014467792,0.0951478970461061,56,3.525812648738564,0.5677053906718553,56,3.583235749447792,0.5997444749494554,56,0.0303427578510759,0.02366942609499,56,-0.0574231007092281,0.0682416819619953,56,2.2832936145403875,0.8405740674400906,56,2.4861951192160654,0.8300919173643346,56,0.7088199927427123,0.0647836282300015,56,0.7384849018292177,0.0680715273990966,56,11,46,0.12387598404906372,0.10354147855175218,0.21973884383513398,0.03513402338419287,0.03457098352185008
perle,FA50,condition_mean_neural_and_behavior,published_input_causal_train_only;raw_preprocessing_fail,bounce,y,118879,59,,,0,,,0,,,0,,,0,,,0,,,0,,,0,,,0,,,0,,,0,12,0,,,,,
perle,FA50,condition_mean_neural_and_behavior,published_input_causal_train_only;raw_preprocessing_fail,bounce,y,122957,51,,,0,,,0,,,0,,,0,,,0,,,0,,,0,,,0,,,0,,,0,13,0,,,,,
perle,FA50,condition_mean_neural_and_behavior,published_input_causal_train_only;raw_preprocessing_fail,bounce,y,126479,53,,,0,,,0,,,0,,,0,,,0,,,0,,,0,,,0,,,0,,,0,14,0,,,,,
perle,FA50,condition_mean_neural_and_behavior,published_input_causal_train_only;raw_preprocessing_fail,bounce,y,158705,57,0.4784907221326225,0.1051680514507754,57,0.4482913642814971,0.1102073929101489,57,4.559067296150952,0.6420241445407319,57,4.679113632676838,0.6667320413152679,57,-0.0301993578511253,0.0134231185055559,57,-0.1200463365258854,0.0774839489048859,57,-3.46273006958388,0.8552539951335064,57,-3.700389558209329,0.8537887085891559,57,0.6202686092846998,0.0559926804524729,57,0.6452848259650712,0.0572720207300765,57,15,48,0.3574645552134423,0.2958820262477853,0.6404843876835185,0.07840738729942329,0.07639578417524841
perle,FA50,condition_mean_neural_and_behavior,published_input_causal_train_only;raw_preprocessing_fail,bounce,y,159613,50,,,0,,,0,,,0,,,0,,,0,,,0,,,0,,,0,,,0,,,0,16,0,,,,,
perle,FA50,condition_mean_neural_and_behavior,published_input_causal_train_only;raw_preprocessing_fail,bounce,y,163248,39,,,0,,,0,,,0,,,0,,,0,,,0,,,0,,,0,,,0,,,0,17,0,,,,,
perle,FA50,condition_mean_neural_and_behavior,published_input_causal_train_only;raw_preprocessing_fail,bounce,y,167848,56,,,0,,,0,,,0,,,0,,,0,,,0,,,0,,,0,,,0,,,0,18,0,,,,,
perle,FA50,condition_mean_neural_and_behavior,published_input_causal_train_only;raw_preprocessing_fail,bounce,y,179553,58,,,0,,,0,,,0,,,0,,,0,,,0,,,0,,,0,,,0,,,0,19,0,,,,,
perle,FA50,condition_mean_neural_and_behavior,published_input_causal_train_only;raw_preprocessing_fail,bounce,y,182748,51,0.7674327575764003,0.0585990930458276,51,0.7718087562267242,0.0582688706604317,51,4.6891798334786605,0.891072891728566,51,4.770465433980569,0.9163401811791309,51,0.0043759986503238,0.0070909861787501,51,-0.0812856005019075,0.0623127045299656,51,-4.311533009388912,0.9868083599759504,51,-4.39144522693404,1.0083193371192396,51,0.7754650585998824,0.069697638114921,51,0.7496383691020457,0.0667970591717244,51,20,49,0.18387889708742783,0.08175514910911491,0.5971712045512971,0.03921344533954834,0.0385452739637599
perle,FA50,condition_mean_neural_and_behavior,published_input_causal_train_only;raw_preprocessing_fail,bounce,y,183171,51,,,0,,,0,,,0,,,0,,,0,,,0,,,0,,,0,,,0,,,0,21,0,,,,,
perle,FA50,condition_mean_neural_and_behavior,published_input_causal_train_only;raw_preprocessing_fail,bounce,y,184642,57,,,0,,,0,,,0,,,0,,,0,,,0,,,0,,,0,,,0,,,0,22,0,,,,,
perle,FA50,condition_mean_neural_and_behavior,published_input_causal_train_only;raw_preprocessing_fail,bounce,y,187617,54,0.4816857220786104,0.1030735892403476,54,0.4681283120397327,0.1022362680203747,54,4.27851409539963,0.7593819100485587,54,4.053075669092672,0.7117707395903052,54,-0.0135574100388777,0.0219928172306275,54,0.2254384263069584,0.1097588590281826,54,3.874428676223844,0.8316928730044563,54,3.468358335160149,0.8160656117923046,54,0.9556520632496476,0.1016769336700415,54,0.7843524176848772,0.0812594639581966,54,23,38,0.6919958514352059,0.5600610564178548,1.2634383714173238,0.1617374247239849,0.17073351398596445
perle,FA50,condition_mean_neural_and_behavior,published_input_causal_train_only;raw_preprocessing_fail,bounce,y,197632,47,,,0,,,0,,,0,,,0,,,0,,,0,,,0,,,0,,,0,,,0,24,0,,,,,
perle,FA50,condition_mean_neural_and_behavior,published_input_causal_train_only;raw_preprocessing_fail,bounce,y,199564,49,,,0,,,0,,,0,,,0,,,0,,,0,,,0,,,0,,,0,,,0,25,0,,,,,
perle,FA50,condition_mean_neural_and_behavior,published_input_causal_train_only;raw_preprocessing_fail,bounce,y,204372,53,,,0,,,0,,,0,,,0,,,0,,,0,,,0,,,0,,,0,,,0,26,0,,,,,
perle,FA50,condition_mean_neural_and_behavior,published_input_causal_train_only;raw_preprocessing_fail,bounce,y,204678,45,0.7027914178593399,0.0634216448499427,45,0.6863138148938812,0.0641913198822808,45,4.902552785513904,1.042608483202842,45,4.966154214934097,1.0477783634937,45,-0.0164776029654585,0.0133256115468761,45,-0.0636014294201926,0.0812601431289248,45,-4.7090382841206635,1.0964842295804045,45,-4.761630704225845,1.1042758536648092,45,1.1219336314511503,0.1170029794825179,45,1.1445753915739865,0.1168978844395709,45,27,40,0.045690791315728355,0.022128486874248933,0.135886613260495,0.009319795893016352,0.009200437468963032
perle,FA50,condition_mean_neural_and_behavior,published_input_causal_train_only;raw_preprocessing_fail,bounce,y,206128,53,,,0,,,0,,,0,,,0,,,0,,,0,,,0,,,0,,,0,,,0,28,0,,,,,
perle,FA50,condition_mean_neural_and_behavior,published_input_causal_train_only;raw_preprocessing_fail,bounce,y,217817,49,0.5521371101641339,0.1132807991298726,49,0.559176674351577,0.1169696413595475,49,4.840036604649476,0.5119608787714005,49,4.678615838347451,0.4929876820991319,49,0.0070395641874431,0.0305924641188544,49,0.1614207663020253,0.0644287079377589,49,4.483550092989272,0.5572670669611851,49,4.243949465652576,0.5443471298532943,49,0.9516876838154704,0.0986516485477976,49,0.8280367897799517,0.0874447323868857,49,29,39,0.46777219823522126,0.3660887283756363,0.8826681929772402,0.0966464174642535,0.09998089486236694
perle,FA50,condition_mean_neural_and_behavior,published_input_causal_train_only;raw_preprocessing_fail,bounce,y,218791,56,0.7811681190896226,0.065779392709748,56,0.7940739136454976,0.0611121758350206,56,3.2011943046671143,0.7128631098974377,56,3.4543964788296044,0.7536292413114991,56,0.012905794555875,0.0180575194288288,56,-0.2532021741624904,0.0981194052098782,56,2.826901074263424,0.8272978459778056,56,3.190686895223392,0.8349415127383577,56,0.7602913524494382,0.0817810205743754,56,0.8611700134131969,0.0929234030349428,56,30,44,0.3610944675597016,0.2646089970569616,0.7274222567013333,0.1127999219020387,0.10453185376162878
perle,FA50,condition_mean_neural_and_behavior,published_input_causal_train_only;raw_preprocessing_fail,bounce,y,226533,59,,,0,,,0,,,0,,,0,,,0,,,0,,,0,,,0,,,0,,,0,31,0,,,,,
perle,FA50,condition_mean_neural_and_behavior,published_input_causal_train_only;raw_preprocessing_fail,bounce,y,232533,53,,,0,,,0,,,0,,,0,,,0,,,0,,,0,,,0,,,0,,,0,32,0,,,,,
perle,FA50,condition_mean_neural_and_behavior,published_input_causal_train_only;raw_preprocessing_fail,bounce,y,241919,43,0.5872747149373854,0.1445981919598879,43,0.5869155732473746,0.1413188938593388,43,4.509418406209157,1.0630735573515022,43,4.597660529509618,1.1044877336987462,43,-0.0003591416900105,0.0208761780690933,43,-0.0882421233004617,0.0957755462219207,43,4.186808362529264,1.086329378633554,43,4.281059340728481,1.1306424573844942,43,0.7323820874153301,0.1128227063962482,43,0.7257704102839146,0.1120590499319988,43,33,46,0.07169637050530923,0.03912504243037657,0.19178177274191732,0.01589924998012788,0.015594098356138595
perle,FA50,condition_mean_neural_and_behavior,published_input_causal_train_only;raw_preprocessing_fail,bounce,y,242380,50,0.6980197027422747,0.1067409093333122,50,0.7374707777565362,0.0952931472824761,50,4.506420710903083,0.6039620454530314,50,4.405097976894309,0.5987482968068595,50,0.0394510750142613,0.0190863733574735,50,0.1013227340087752,0.0593490255402803,50,-3.769033266767784,0.6558510976592186,50,-3.732065159303543,0.6473670611179247,50,0.4879428431152779,0.0744113934752341,50,0.498942119383045,0.0767006014260408,50,34,44,0.1736817090421178,0.03507909043329312,1.0326131038694086,0.03854094417369924,0.0394274338398637
perle,FA50,condition_mean_neural_and_behavior,published_input_causal_train_only;raw_preprocessing_fail,bounce,y,244437,50,,,0,,,0,,,0,,,0,,,0,,,0,,,0,,,0,,,0,,,0,35,0,,,,,
perle,FA50,condition_mean_neural_and_behavior,published_input_causal_train_only;raw_preprocessing_fail,bounce,y,245662,41,0.5757121605806333,0.1074924513038614,41,0.6541823267421913,0.0774318678984591,41,5.624918607548548,0.7211363164678508,41,6.168414129023067,0.7760854175195823,41,0.078470166161558,0.0520311765487992,41,-0.5434955214745189,0.1060535917966967,41,-5.352807780192577,0.7556643221939972,41,-6.022831088216537,0.7969521152909764,41,0.7926069927814173,0.0866533157664483,41,1.038996057724994,0.1111052853730605,41,36,47,1.0621720685270872,0.7006767014672548,2.3715325593854155,0.1888333223349525,0.17219532384011813
perle,FA50,condition_mean_neural_and_behavior,published_input_causal_train_only;raw_preprocessing_fail,bounce,y,248856,53,,,0,,,0,,,0,,,0,,,0,,,0,,,0,,,0,,,0,,,0,37,0,,,,,
perle,FA50,condition_mean_neural_and_behavior,published_input_causal_train_only;raw_preprocessing_fail,bounce,y,251629,52,0.719966201776685,0.0795615749376201,52,0.746097145750858,0.0611395636479242,52,4.034898422141476,0.8523134374992383,52,4.869007230812816,0.9227798258110844,52,0.0261309439741727,0.0336214826805188,52,-0.8341088086713403,0.1200610786074216,52,3.649381204956512,0.9359333685412536,52,4.68826675835522,0.9513444640228476,52,0.7731197703556567,0.0821279222844751,52,1.0498219020437136,0.1139074374060703,52,38,50,1.2080725518234272,0.8229873311481903,2.6176893428524295,0.29940593924103215,0.24811475821566106
perle,FA50,condition_mean_neural_and_behavior,published_input_causal_train_only;raw_preprocessing_fail,bounce,y,258471,53,,,0,,,0,,,0,,,0,,,0,,,0,,,0,,,0,,,0,,,0,39,0,,,,,
perle,FA50,condition_mean_neural_and_behavior,published_input_causal_train_only;raw_preprocessing_fail,bounce,y,269179,52,,,0,,,0,,,0,,,0,,,0,,,0,,,0,,,0,,,0,,,0,40,0,,,,,
perle,FA50,condition_mean_neural_and_behavior,published_input_causal_train_only;raw_preprocessing_fail,bounce,y,270569,46,0.7287898214968059,0.0810816973736969,46,0.7398577620399878,0.0789022002202811,46,3.6422658125746983,0.3987048864265437,46,3.6026191341070937,0.3821672302249508,46,0.011067940543182,0.0155395129593643,46,0.0396466784676034,0.0596260002373821,46,2.0117410352853056,0.7053838542446293,46,2.0413116852024733,0.7016238293855128,46,0.4728058449138559,0.0511668833239231,46,0.4659096961376412,0.0518170022972458,46,41,49,0.25534582045175686,0.05375346131399571,1.5421878074557123,0.07010631117866004,0.07087782830949853
perle,FA50,condition_mean_neural_and_behavior,published_input_causal_train_only;raw_preprocessing_fail,bounce,y,273073,52,0.323353003987819,0.0953247301509961,52,0.1856590254582589,0.0982007906507407,52,7.172637211401916,0.8469976674515673,52,7.046420561079235,0.8151390043154879,52,-0.13769397852956,0.0243979776416192,52,0.1262166503226818,0.0959442738901646,52,-6.953631584336689,0.8778802998793777,52,-6.7783227510805935,0.8538773953113274,52,2.3720824146657,0.2144961921444907,52,2.126537013877975,0.1902887933050356,52,42,33,0.21712361960930548,0.13699979104946547,0.5014849947869733,0.030271100183926345,0.030813321136206873
perle,FA50,condition_mean_neural_and_behavior,published_input_causal_train_only;raw_preprocessing_fail,bounce,y,273515,43,0.4885936167760479,0.0958663132271284,43,0.4568532300448209,0.1025196023815551,43,5.939443059039902,0.6348648097389473,43,5.8104783316521775,0.6254831392183416,43,-0.0317403867312269,0.0217521225076078,43,0.1289647273877228,0.063331523516112,43,-5.652942617860681,0.667139793534893,43,-5.508018936701515,0.661396308255575,43,1.9848729838329393,0.2242401698514542,43,2.0021253690329406,0.2265434679615306,43,43,34,0.02226167531601745,0.015810992596301726,0.04600817705040949,0.003748108213973854,0.003831298224579639
perle,FA50,condition_mean_neural_and_behavior,published_input_causal_train_only;raw_preprocessing_fail,bounce,y,287936,52,,,0,,,0,,,0,,,0,,,0,,,0,,,0,,,0,,,0,,,0,44,0,,,,,
perle,FA50,condition_mean_neural_and_behavior,published_input_causal_train_only;raw_preprocessing_fail,bounce,y,297652,55,,,0,,,0,,,0,,,0,,,0,,,0,,,0,,,0,,,0,,,0,45,0,,,,,
perle,FA50,condition_mean_neural_and_behavior,published_input_causal_train_only;raw_preprocessing_fail,bounce,y,301600,50,,,0,,,0,,,0,,,0,,,0,,,0,,,0,,,0,,,0,,,0,46,0,,,,,
perle,FA50,condition_mean_neural_and_behavior,published_input_causal_train_only;raw_preprocessing_fail,bounce,y,320246,53,0.2947649142884979,0.0929733809335932,53,0.2969773360666086,0.0903877387972492,53,5.730294314364559,0.8157880065612004,53,5.831472144199807,0.8469052748817577,53,0.0022124217781106,0.0207309460325138,53,-0.1011778298352479,0.0877864424036791,53,-5.323336769834524,0.9034537122093124,53,-5.4602926431333305,0.92975649611804,53,1.551561446978433,0.1887275048082294,53,1.8179943865104204,0.2254710649547749,53,47,33,0.31225244789947565,0.23155935541551423,0.6187673125011788,0.05449152011559493,0.05354607553258283
perle,FA50,condition_mean_neural_and_behavior,published_input_causal_train_only;raw_preprocessing_fail,bounce,y,325813,56,0.5059078555667716,0.1485807474523936,56,0.5512653439752466,0.1425966432700946,56,4.900479743592334,0.6726962406750713,56,4.774009910935493,0.6687084269440075,56,0.045357488408475,0.0258528304764862,56,0.1264698326568411,0.1083516206879231,56,4.632989533051192,0.7179725827904881,56,4.531311333902508,0.7067913741420128,56,0.9887509418676153,0.1509174681075254,56,0.9866569956964396,0.1499786450562292,56,48,37,0.2762791071844831,0.14107831824389816,0.7810734181320367,0.05637797147222868,0.05787149845492146
perle,FA50,condition_mean_neural_and_behavior,published_input_causal_train_only;raw_preprocessing_fail,bounce,y,328386,47,,,0,,,0,,,0,,,0,,,0,,,0,,,0,,,0,,,0,,,0,49,0,,,,,
perle,FA50,condition_mean_neural_and_behavior,published_input_causal_train_only;raw_preprocessing_fail,bounce,y,330797,55,,,0,,,0,,,0,,,0,,,0,,,0,,,0,,,0,,,0,,,0,50,0,,,,,
perle,FA50,condition_mean_neural_and_behavior,published_input_causal_train_only;raw_preprocessing_fail,bounce,y,332165,48,0.5331664878807985,0.1470644450785785,48,0.4207039491435966,0.1766257572951383,48,3.9602604625579647,0.9008408897930176,48,5.111709101616387,1.0352594969258264,48,-0.1124625387372018,0.0998520427972369,48,-1.1514486390584209,0.2024131634363859,48,2.727640267651625,1.1795760986915833,48,3.9650546682287855,1.2029842572283371,48,0.4314686641901024,0.0599786378215989,48,0.402995903971891,0.0540137647585738,48,51,63,1.9839154378995976,1.1161038359106898,5.190852382745875,0.5009557973917126,0.38811195990637626
perle,FA50,condition_mean_neural_and_behavior,published_input_causal_train_only;raw_preprocessing_fail,bounce,y,340684,52,-0.0596730510877137,0.2223233188771145,52,-0.0242396961694241,0.2366423706430531,52,6.439638112232884,0.7466039056937042,52,6.256812080977961,0.7823036990921634,52,0.0354333549182895,0.0755003337389133,52,0.1828260312549197,0.0774268844117734,52,6.275046613363699,0.7470036111405142,52,6.078368508388726,0.7842440464273835,52,1.1496036493671236,0.1464382704604375,52,1.005912966117294,0.1198220302064461,52,52,65,0.32177813044466697,0.19209190629800288,0.7956333110400182,0.04996835611513788,0.05142844731152161
perle,FA50,condition_mean_neural_and_behavior,published_input_causal_train_only;raw_preprocessing_fail,bounce,y,351612,48,,,0,,,0,,,0,,,0,,,0,,,0,,,0,,,0,,,0,,,0,53,0,,,,,
perle,FA50,condition_mean_neural_and_behavior,published_input_causal_train_only;raw_preprocessing_fail,bounce,y,356164,56,,,0,,,0,,,0,,,0,,,0,,,0,,,0,,,0,,,0,,,0,54,0,,,,,
perle,FA50,condition_mean_neural_and_behavior,published_input_causal_train_only;raw_preprocessing_fail,bounce,y,356765,58,,,0,,,0,,,0,,,0,,,0,,,0,,,0,,,0,,,0,,,0,55,0,,,,,
perle,FA50,condition_mean_neural_and_behavior,published_input_causal_train_only;raw_preprocessing_fail,bounce,y,370777,49,,,0,,,0,,,0,,,0,,,0,,,0,,,0,,,0,,,0,,,0,56,0,,,,,
perle,FA50,condition_mean_neural_and_behavior,published_input_causal_train_only;raw_preprocessing_fail,bounce,y,377134,51,,,0,,,0,,,0,,,0,,,0,,,0,,,0,,,0,,,0,,,0,57,0,,,,,
perle,FA50,condition_mean_neural_and_behavior,published_input_causal_train_only;raw_preprocessing_fail,bounce,y,379400,46,,,0,,,0,,,0,,,0,,,0,,,0,,,0,,,0,,,0,,,0,58,0,,,,,
perle,FA50,condition_mean_neural_and_behavior,published_input_causal_train_only;raw_preprocessing_fail,bounce,y,381514,52,,,0,,,0,,,0,,,0,,,0,,,0,,,0,,,0,,,0,,,0,59,0,,,,,
perle,FA50,condition_mean_neural_and_behavior,published_input_causal_train_only;raw_preprocessing_fail,bounce,y,388571,46,,,0,,,0,,,0,,,0,,,0,,,0,,,0,,,0,,,0,,,0,60,0,,,,,
perle,FA50,condition_mean_neural_and_behavior,published_input_causal_train_only;raw_preprocessing_fail,bounce,y,394672,41,,,0,,,0,,,0,,,0,,,0,,,0,,,0,,,0,,,0,,,0,61,0,,,,,
perle,FA50,condition_mean_neural_and_behavior,published_input_causal_train_only;raw_preprocessing_fail,bounce,y,396358,53,,,0,,,0,,,0,,,0,,,0,,,0,,,0,,,0,,,0,,,0,62,0,,,,,
perle,FA50,condition_mean_neural_and_behavior,published_input_causal_train_only;raw_preprocessing_fail,bounce,y,400995,60,,,0,,,0,,,0,,,0,,,0,,,0,,,0,,,0,,,0,,,0,63,0,,,,,
perle,FA50,condition_mean_neural_and_behavior,published_input_causal_train_only;raw_preprocessing_fail,bounce,y,401673,46,,,0,,,0,,,0,,,0,,,0,,,0,,,0,,,0,,,0,,,0,64,0,,,,,
perle,FA50,condition_mean_neural_and_behavior,published_input_causal_train_only;raw_preprocessing_fail,bounce,y,406460,40,,,0,,,0,,,0,,,0,,,0,,,0,,,0,,,0,,,0,,,0,65,0,,,,,
perle,FA50,condition_mean_neural_and_behavior,published_input_causal_train_only;raw_preprocessing_fail,bounce,y,413189,63,,,0,,,0,,,0,,,0,,,0,,,0,,,0,,,0,,,0,,,0,66,0,,,,,
perle,FA50,condition_mean_neural_and_behavior,published_input_causal_train_only;raw_preprocessing_fail,bounce,y,413513,37,,,0,,,0,,,0,,,0,,,0,,,0,,,0,,,0,,,0,,,0,67,0,,,,,
perle,FA50,condition_mean_neural_and_behavior,published_input_causal_train_only;raw_preprocessing_fail,bounce,y,420020,48,,,0,,,0,,,0,,,0,,,0,,,0,,,0,,,0,,,0,,,0,68,0,,,,,
perle,FA50,condition_mean_neural_and_behavior,published_input_causal_train_only;raw_preprocessing_fail,bounce,y,428615,50,0.5984589266422796,0.1620620471498332,50,0.5940387428769452,0.1716013243037746,50,6.990320309015457,0.8644042726820979,50,6.776823498608097,0.9087406397567636,50,-0.0044201837653344,0.0451074650435342,50,0.2134968104073596,0.1072523976350301,50,-6.8286310891720925,0.8794275279720944,50,-6.572584788119254,0.9308073392041004,50,1.0385391203220704,0.1702417035576512,50,0.8750741710619296,0.1375790607269635,50,69,65,0.4716064928887195,0.3528634983384723,0.9357283598027442,0.06746564850261379,0.06959108393269849
perle,FA50,condition_mean_neural_and_behavior,published_input_causal_train_only;raw_preprocessing_fail,bounce,y,435203,57,,,0,,,0,,,0,,,0,,,0,,,0,,,0,,,0,,,0,,,0,70,0,,,,,
perle,FA50,condition_mean_neural_and_behavior,published_input_causal_train_only;raw_preprocessing_fail,bounce,y,448412,48,,,0,,,0,,,0,,,0,,,0,,,0,,,0,,,0,,,0,,,0,71,0,,,,,
perle,FA50,condition_mean_neural_and_behavior,published_input_causal_train_only;raw_preprocessing_fail,bounce,y,454477,51,,,0,,,0,,,0,,,0,,,0,,,0,,,0,,,0,,,0,,,0,72,0,,,,,
perle,FA50,condition_mean_neural_and_behavior,published_input_causal_train_only;raw_preprocessing_fail,bounce,y,456038,45,0.679018610105944,0.0841198043377505,45,0.6797631050504465,0.0667290988105161,45,4.208886964141867,1.0011521853049696,45,4.595270381011732,1.0267831450617178,45,0.0007444949445025,0.0432425280729173,45,-0.3863834168698644,0.0744627056242828,45,-3.906885557173583,1.080455494420941,45,-4.330802317350416,1.1091275425700913,45,1.2173097888462137,0.1752671281082365,45,1.4978157010762698,0.2123661001591185,45,73,38,0.6942752551617657,0.4567397675852504,1.5476902846045961,0.1649545975163338,0.15108474531348653
perle,FA50,condition_mean_neural_and_behavior,published_input_causal_train_only;raw_preprocessing_fail,bounce,y,460651,46,,,0,,,0,,,0,,,0,,,0,,,0,,,0,,,0,,,0,,,0,74,0,,,,,
perle,FA50,condition_mean_neural_and_behavior,published_input_causal_train_only;raw_preprocessing_fail,bounce,y,463174,54,0.5986630452662186,0.1211341666941705,54,0.4946790857162304,0.188736909220833,54,5.096980974570259,0.932266488865324,54,6.204168735360603,1.042741648415222,54,-0.103983959549988,0.0961315898616862,54,-1.1071877607903466,0.1759607104486083,54,-4.235166549410416,1.0117742493582007,54,-5.386508517734914,1.0820409545673315,54,0.4148080911719052,0.0623771192848446,54,0.3955832551651137,0.0577139245751797,54,75,65,1.8091485029986039,1.032467481599164,4.672062705228497,0.35494511594702166,0.2916020792096415
perle,FA50,condition_mean_neural_and_behavior,published_input_causal_train_only;raw_preprocessing_fail,bounce,y,464785,55,,,0,,,0,,,0,,,0,,,0,,,0,,,0,,,0,,,0,,,0,76,0,,,,,
perle,FA50,condition_mean_neural_and_behavior,published_input_causal_train_only;raw_preprocessing_fail,bounce,y,465431,50,,,0,,,0,,,0,,,0,,,0,,,0,,,0,,,0,,,0,,,0,77,0,,,,,
perle,FA50,condition_mean_neural_and_behavior,published_input_causal_train_only;raw_preprocessing_fail,bounce,y,469268,52,0.7042361156736424,0.060977214335725,52,0.7168912728055699,0.0742008273657795,52,4.977712932209199,0.844715665397709,52,5.339393179989665,0.9127184075974696,52,0.0126551571319275,0.0518365970897596,52,-0.3616802477804676,0.126749106586783,52,-4.769884479043071,0.889869369874235,52,-5.154313988607954,0.948636071901168,52,1.333045528299824,0.1673180611699322,52,1.4853474294282518,0.1841544666635484,52,78,36,0.6779130534131955,0.4180474215277877,1.604687511131651,0.1361896643389448,0.12696443782297143
perle,FA50,condition_mean_neural_and_behavior,published_input_causal_train_only;raw_preprocessing_fail,full,y,29337,45,0.3579481526483326,0.1304730582235051,45,0.3901214831293368,0.127586546093792,45,4.069823402690994,0.54486277217243,45,4.149587831801355,0.5906557280269497,45,0.0321733304810042,0.0252163632257345,45,-0.0797644291103633,0.1165345240201162,45,3.3019947722532663,0.6659305793108298,45,3.459705503996756,0.7011172960763886,45,0.633487190583217,0.087203959791226,45,0.664529930158159,0.0894092677637083,45,0,50,0.12430630268114341,0.10853000306519851,0.21142671619091147,0.030543414389664,0.02995630113634237
perle,FA50,condition_mean_neural_and_behavior,published_input_causal_train_only;raw_preprocessing_fail,full,y,55062,48,0.4929723263184286,0.1151699937546031,48,0.5307790775031213,0.0979447187811857,48,5.239628312701427,1.0147100591969758,48,4.972241564864642,1.0263662064730386,48,0.0378067511846925,0.0526172360858908,48,0.2673867478367854,0.0950918427060527,48,5.0008865648582175,1.0539204326614988,48,4.70231338153794,1.0710425202631135,48,1.0973855129612389,0.1335011171822175,48,0.938235817309097,0.1150531777359169,48,1,50,0.6286134871578253,0.3762036300418383,1.5431910604541295,0.11997291594787325,0.12642456706041752
perle,FA50,condition_mean_neural_and_behavior,published_input_causal_train_only;raw_preprocessing_fail,full,y,58244,58,0.5093485166697979,0.1300195821315789,58,0.4730083678348646,0.1383796203849622,58,2.579170440709851,0.2386321480234195,58,2.661609563179345,0.2190031094444955,58,-0.0363401488349333,0.0175278947950814,58,-0.082439122469494,0.0740292024242164,58,-0.2707073004380677,0.6678019064224615,58,-0.0007759815935161,0.6541442828845279,58,0.5741325840607431,0.0625342283369958,58,0.5354316664957784,0.0546059595084688,58,2,50,0.09854042095683851,0.08603368707634367,0.16760377360235523,0.03820624624160852,0.03702286853791209
perle,FA50,condition_mean_neural_and_behavior,published_input_causal_train_only;raw_preprocessing_fail,full,y,59920,43,,,0,,,0,,,0,,,0,,,0,,,0,,,0,,,0,,,0,,,0,3,0,,,,,
perle,FA50,condition_mean_neural_and_behavior,published_input_causal_train_only;raw_preprocessing_fail,full,y,68220,53,0.7213891754699222,0.0487247619176744,53,0.730189867804928,0.046158363258156,53,2.7751476621993088,0.3857315447941996,53,2.6928171719808445,0.3546830130101095,53,0.0088006923350058,0.0063129822852642,53,0.0823304902184648,0.0573828562794955,53,1.1955885510784847,0.7845509333422372,53,1.0264967274150687,0.7876010972455285,53,0.5797670962096859,0.0633881705283952,53,0.5826739006828627,0.0631800794647573,53,4,52,0.014935087656154745,0.013038081248986358,0.02541501348861086,0.005381727199452394,0.005546268722420709
perle,FA50,condition_mean_neural_and_behavior,published_input_causal_train_only;raw_preprocessing_fail,full,y,72780,47,0.1053645940650492,0.1264006313003099,47,0.1777848281710835,0.1216978067393544,47,6.776759262127591,0.8214701874623404,47,6.804909404347782,0.8321144141225256,47,0.0724202341060343,0.0222782692374754,47,-0.0281501422201948,0.0645621418495093,47,-6.4299863807886375,0.856975725465403,47,-6.510575315969782,0.858073716230971,47,1.2078889251143572,0.1354407298781303,47,1.3205544078385385,0.151227382875051,47,5,49,0.34025927740931206,0.2141312405681763,0.7956196389402779,0.05020973362752837,0.05000202900451755
perle,FA50,condition_mean_neural_and_behavior,published_input_causal_train_only;raw_preprocessing_fail,full,y,77046,50,0.7907545074358578,0.0645032094206662,50,0.8041631254719742,0.0578205252342521,50,1.7082782768119995,0.2502692258711564,50,1.7019272625433546,0.2494735122103211,50,0.0134086180361162,0.0095913013251334,50,0.0063510142686443,0.0495327544409299,50,-0.2610600344738016,0.628361830047065,50,-0.3180790105552835,0.6258112118079145,50,0.786092849016175,0.1034851600732396,50,0.7825925794666804,0.1028769530131359,50,6,47,0.08835433808625215,0.07718134491759789,0.15010182238579795,0.05172127942242502,0.05191428566354576
perle,FA50,condition_mean_neural_and_behavior,published_input_causal_train_only;raw_preprocessing_fail,full,y,77944,48,0.7210659643796703,0.0775603126189438,48,0.7436492013742102,0.0701552519483275,48,2.9523667716907966,0.67834049550159,48,2.7559213236926,0.6741111214340127,48,0.0225832369945398,0.0124803880135314,48,0.1964454479981971,0.0721014769563532,48,-2.447065224272736,0.803964798686577,48,-2.276765775301345,0.8035690740858622,48,0.9545526193632848,0.1034211569715716,48,0.9884037271004148,0.1067880786224519,48,7,45,0.18461390410382314,0.16132594599137037,0.31337161429353166,0.06253081625021008,0.06698808943372263
perle,FA50,condition_mean_neural_and_behavior,published_input_causal_train_only;raw_preprocessing_fail,full,y,90751,53,0.712533609425723,0.0589826438912001,53,0.7330937888859392,0.0558795606870726,53,2.830004852596361,0.2329954246301781,53,2.6462407571841164,0.2193479218136941,53,0.0205601794602163,0.0069765932848418,53,0.1837640954122444,0.0426778572452592,53,-0.4853012799694221,0.6917547351923644,53,-0.2927075691945256,0.704273236151003,53,0.5615988690424644,0.0601425794527736,53,0.5815367623575339,0.0615925854325472,53,8,53,0.26391245653264045,0.2303181532510828,0.4493277060358096,0.09325512508945577,0.0997310829772993
perle,FA50,condition_mean_neural_and_behavior,published_input_causal_train_only;raw_preprocessing_fail,full,y,93053,48,0.5550618128635646,0.170463009564713,48,0.5879233346450617,0.1579577632620687,48,5.555743079082599,0.7932707861894788,48,5.380151734882361,0.8121626818114394,48,0.0328615217814972,0.026973046451586,48,0.1755913442002388,0.0600608481043872,48,5.170391394751571,0.8073782139535906,48,5.0335862118948524,0.8214296720452072,48,0.6355226101983845,0.092679955861822,48,0.6551741319481571,0.0976987066446179,48,9,50,0.42943965132907075,0.1886847704370571,1.411028253534358,0.07729652815406696,0.07981924534670408
perle,FA50,condition_mean_neural_and_behavior,published_input_causal_train_only;raw_preprocessing_fail,full,y,99902,46,0.6583687875591409,0.0763881056312852,46,0.7043769039680966,0.0658648326949764,46,4.333323484262294,0.9275281553007259,46,4.149152426666238,0.9302792469394124,46,0.0460081164089553,0.0250479283158846,46,0.1841710575960554,0.0722723772993559,46,4.09840403696176,0.9669622993740484,46,3.918419695439303,0.963495171561745,46,1.1058073097523673,0.1124206843516875,46,0.9860766420594538,0.102075285557357,46,10,49,0.49712488315189357,0.2982730320861121,1.2164696040173149,0.11472138762715153,0.11981359854531147
perle,FA50,condition_mean_neural_and_behavior,published_input_causal_train_only;raw_preprocessing_fail,full,y,105802,56,0.3735846435957032,0.0869839401010242,56,0.4039274014467792,0.0951478970461061,56,3.525812648738564,0.5677053906718553,56,3.583235749447792,0.5997444749494554,56,0.0303427578510759,0.02366942609499,56,-0.0574231007092281,0.0682416819619953,56,2.2832936145403875,0.8405740674400906,56,2.4861951192160654,0.8300919173643346,56,0.7088199927427123,0.0647836282300015,56,0.7384849018292177,0.0680715273990966,56,11,46,0.12387598404906372,0.10354147855175218,0.21973884383513398,0.03513402338419287,0.03457098352185008
perle,FA50,condition_mean_neural_and_behavior,published_input_causal_train_only;raw_preprocessing_fail,full,y,118879,59,0.8286650562263717,0.0495466765017935,59,0.8405226465749197,0.0454580815046219,59,3.7033715430190295,0.945360353680608,59,3.4587387933977065,0.9613032076902056,59,0.011857590348548,0.0078977432634418,59,0.2446327496213227,0.1251073420684741,59,-3.4908495386955223,1.0080379179354628,59,-3.2477679975829163,1.030506805492398,59,1.040699813397968,0.1134360513492855,59,1.1740153296600258,0.1233437272758254,59,12,42,0.4266001253954693,0.37301852159974286,0.7230987945309275,0.11519236469795309,0.12333979258849927
perle,FA50,condition_mean_neural_and_behavior,published_input_causal_train_only;raw_preprocessing_fail,full,y,122957,51,0.4140159061121057,0.1216655508300352,51,0.4453262422875978,0.1189049764359904,51,3.626299882429088,0.5467579169357342,51,3.5287613084977,0.5465424698262251,51,0.031310336175492,0.0209940885805043,51,0.0975385739313891,0.0539246320044727,51,2.962477919224855,0.6406359642449991,51,2.8099382144832528,0.6544137736468159,51,0.9399781031358728,0.0923341998486173,51,0.8971655038135428,0.0891691218853392,51,13,42,0.27814183348048105,0.24320399328444683,0.4714637266887234,0.07670127747244304,0.07882137927852491
perle,FA50,condition_mean_neural_and_behavior,published_input_causal_train_only;raw_preprocessing_fail,full,y,126479,53,0.7945771204050442,0.0596530561908985,53,0.7878044791914325,0.0633226299793541,53,2.609880940183537,0.5973077918384087,53,1.8492650372279689,0.4419505922860655,53,-0.0067726412136113,0.0087125695161864,53,0.7606159029555685,0.2048095622710358,53,2.088663125728855,0.732704793967843,53,1.1048588136469215,0.7262640591859596,53,0.9379414315464396,0.0986400095779442,53,1.2031550380440923,0.1270060222364588,53,14,44,1.192108568351507,1.0419662036019846,2.0225598530273023,0.45676741417471456,0.6446391103237785
perle,FA50,condition_mean_neural_and_behavior,published_input_causal_train_only;raw_preprocessing_fail,full,y,158705,57,0.4784907221326225,0.1051680514507754,57,0.4482913642814971,0.1102073929101489,57,4.559067296150952,0.6420241445407319,57,4.679113632676838,0.6667320413152679,57,-0.0301993578511253,0.0134231185055559,57,-0.1200463365258854,0.0774839489048859,57,-3.46273006958388,0.8552539951335064,57,-3.700389558209329,0.8537887085891559,57,0.6202686092846998,0.0559926804524729,57,0.6452848259650712,0.0572720207300765,57,15,48,0.3574645552134423,0.2958820262477853,0.6404843876835185,0.07840738729942329,0.07639578417524841
perle,FA50,condition_mean_neural_and_behavior,published_input_causal_train_only;raw_preprocessing_fail,full,y,159613,50,0.6982265134027089,0.0670612240309135,50,0.7158696284944922,0.0686288473870728,50,2.83229293901304,0.2613061409487146,50,2.7319440038409,0.2907962766187719,50,0.0176431150917832,0.011606707255386,50,0.1003489351721404,0.0626581825715031,50,0.7052813002694743,0.5112762000254862,50,0.9207320511251196,0.4996899286111741,50,0.6097731701160954,0.0622766739367471,50,0.6382300527324232,0.0675386706066636,50,16,50,0.2827151796990966,0.24678984210567387,0.48094786901481434,0.09981848127532085,0.10348498333114482
perle,FA50,condition_mean_neural_and_behavior,published_input_causal_train_only;raw_preprocessing_fail,full,y,163248,39,-0.0055501263447586,0.1513108562735562,39,-0.0811107107760303,0.1421200433190528,39,1.8690258902011847,0.2574614547231505,39,1.9020049256944187,0.2536727824805574,39,-0.0755605844312717,0.0279905100623306,39,-0.0329790354932342,0.0463667751632594,39,-0.5240254954042609,0.7604222026623436,39,-0.5045769073291954,0.7562451123425467,39,4.426305127480142,0.4481367192317063,39,5.330696562492508,0.5104056268245031,39,17,36,0.11350114031428449,0.09939389470056542,0.19171429267415308,0.060727430748467086,0.05967447233231818
perle,FA50,condition_mean_neural_and_behavior,published_input_causal_train_only;raw_preprocessing_fail,full,y,167848,56,0.5009089265936522,0.1204097268409977,56,0.4657455728347361,0.1279896255128534,56,4.507189091656864,0.6097660905488255,56,4.358274531803537,0.6109312436826206,56,-0.0351633537589161,0.0201092456205988,56,0.1489145598533268,0.0816445436314811,56,-3.784630922498143,0.6939074391969962,56,-3.563183876627612,0.7064162926016299,56,0.6840000676803901,0.0667711782168923,56,0.6621526873827577,0.0626824565236107,56,18,44,0.0014643295082421405,0.0012792197937006834,0.0024858094231605676,0.00032488752489943706,0.0003359883590527679
perle,FA50,condition_mean_neural_and_behavior,published_input_causal_train_only;raw_preprocessing_fail,full,y,179553,58,0.6431925209425766,0.0864362511642107,58,0.6576307482977858,0.0802959227635354,58,1.8055035181052688,0.3391066524436036,58,1.8136353230144824,0.3446015474540288,58,0.0144382273552095,0.013180312007873,58,-0.0081318049092125,0.0395505008439493,58,0.6231388733893986,0.6838300202024818,58,0.7080784947522064,0.6748547109838245,58,0.9896887483980016,0.0840813983520321,58,1.0113201381956167,0.0845850237399778,58,19,39,0.017838447465572352,0.015606059124411546,0.030193183953313052,0.009880040269482483,0.009835741088193344
perle,FA50,condition_mean_neural_and_behavior,published_input_causal_train_only;raw_preprocessing_fail,full,y,182748,51,0.7674327575764003,0.0585990930458276,51,0.7718087562267242,0.0582688706604317,51,4.6891798334786605,0.891072891728566,51,4.770465433980569,0.9163401811791309,51,0.0043759986503238,0.0070909861787501,51,-0.0812856005019075,0.0623127045299656,51,-4.311533009388912,0.9868083599759504,51,-4.39144522693404,1.0083193371192396,51,0.7754650585998824,0.069697638114921,51,0.7496383691020457,0.0667970591717244,51,20,49,0.18387889708742783,0.08175514910911491,0.5971712045512971,0.03921344533954834,0.0385452739637599
perle,FA50,condition_mean_neural_and_behavior,published_input_causal_train_only;raw_preprocessing_fail,full,y,183171,51,0.6006652622960573,0.0872508125920875,51,0.6301359418873356,0.0786447230711381,51,3.229500531749872,0.7789019057559528,51,2.7336548236664497,0.7134406322426865,51,0.0294706795912784,0.0139967710369657,51,0.495845708083422,0.0985571449562399,51,-2.6669003668808653,0.9423697442060692,51,-2.136498296965685,0.9124654309265842,51,0.9268196990107906,0.0929947563813121,51,1.0455194640772572,0.1012377380510095,51,21,39,0.4019496596991407,0.3517157849525434,0.6801966463589473,0.12446186515453161,0.14703745923563066
perle,FA50,condition_mean_neural_and_behavior,published_input_causal_train_only;raw_preprocessing_fail,full,y,184642,57,0.7188590359074457,0.0768971105252886,57,0.6995555640201301,0.0819754957908407,57,2.5623046369116365,0.410684548934788,57,2.576012787642432,0.411219502595487,57,-0.0193034718873155,0.0122545682814342,57,-0.0137081507307955,0.0513666134953221,57,1.3376819188914113,0.8733889681273614,57,1.3848168690488072,0.8586838988313347,57,0.7644129145826428,0.0761565172033523,57,0.760651712638116,0.0770413743945901,57,22,44,0.19266407289284407,0.16838948569836706,0.32689717675585506,0.07519171222554685,0.07479158248634717
perle,FA50,condition_mean_neural_and_behavior,published_input_causal_train_only;raw_preprocessing_fail,full,y,187617,54,0.4816857220786104,0.1030735892403476,54,0.4681283120397327,0.1022362680203747,54,4.27851409539963,0.7593819100485587,54,4.053075669092672,0.7117707395903052,54,-0.0135574100388777,0.0219928172306275,54,0.2254384263069584,0.1097588590281826,54,3.874428676223844,0.8316928730044563,54,3.468358335160149,0.8160656117923046,54,0.9556520632496476,0.1016769336700415,54,0.7843524176848772,0.0812594639581966,54,23,38,0.6919958514352059,0.5600610564178548,1.2634383714173238,0.1617374247239849,0.17073351398596445
perle,FA50,condition_mean_neural_and_behavior,published_input_causal_train_only;raw_preprocessing_fail,full,y,197632,47,0.676651306972145,0.0622107952751501,47,0.6925253196980325,0.0592061620674882,47,3.2458646185199727,0.4282596696849436,47,3.2804607825135763,0.4867956650545745,47,0.0158740127258875,0.0117667291491522,47,-0.0345961639936028,0.0847007772713501,47,1.680836032058145,0.7703604234490371,47,1.9253562725676665,0.796471145017511,47,0.5280160234482396,0.0547674336315136,47,0.5470367811252516,0.0582197223882352,47,24,47,0.19025870284090585,0.16619428809077685,0.3232333557189442,0.05861572345172508,0.05799755444572777
perle,FA50,condition_mean_neural_and_behavior,published_input_causal_train_only;raw_preprocessing_fail,full,y,199564,49,0.6695508719957801,0.0701492778107745,49,0.6979023868070025,0.0640328090632812,49,2.5475409497890644,0.4540139818573508,49,2.476765949020668,0.4302783981491736,49,0.0283515148112223,0.0108837038270758,49,0.0707750007683965,0.0498449574613158,49,1.3620508973116756,0.8270779366073066,49,1.231721343426629,0.8261145707680527,49,0.6800745065800992,0.0622690207173444,49,0.6657142338999225,0.0644557169418758,49,25,42,0.17644661049906554,0.15429391131462453,0.29906283869545014,0.06926154043320688,0.07124072848661128
perle,FA50,condition_mean_neural_and_behavior,published_input_causal_train_only;raw_preprocessing_fail,full,y,204372,53,0.702508547756056,0.0823523192061537,53,0.6675740157674783,0.0919452255571173,53,2.9186325236578643,0.3706090388025438,53,2.6737577940006805,0.3391663237228647,53,-0.0349345319885774,0.0155139270550385,53,0.244874729657184,0.0662773306545968,53,1.6524195860897908,0.6290022374426802,53,1.3777750183494455,0.6433661649057821,53,0.5731499027470695,0.0594299457080791,53,0.6014313031749239,0.0629220529200551,53,26,45,0.5624110471890797,0.4914643442470143,0.9546645998438876,0.19269676556753404,0.2103447995368187
perle,FA50,condition_mean_neural_and_behavior,published_input_causal_train_only;raw_preprocessing_fail,full,y,204678,45,0.7027914178593399,0.0634216448499427,45,0.6863138148938812,0.0641913198822808,45,4.902552785513904,1.042608483202842,45,4.966154214934097,1.0477783634937,45,-0.0164776029654585,0.0133256115468761,45,-0.0636014294201926,0.0812601431289248,45,-4.7090382841206635,1.0964842295804045,45,-4.761630704225845,1.1042758536648092,45,1.1219336314511503,0.1170029794825179,45,1.1445753915739865,0.1168978844395709,45,27,40,0.045690791315728355,0.022128486874248933,0.135886613260495,0.009319795893016352,0.009200437468963032
perle,FA50,condition_mean_neural_and_behavior,published_input_causal_train_only;raw_preprocessing_fail,full,y,206128,53,0.6974399639670337,0.0788490582706977,53,0.6791036565855479,0.0865612036836951,53,3.153069377133875,0.3169686624383514,53,2.924944562078113,0.3193922448814463,53,-0.0183363073814857,0.0125354759241433,53,0.2281248150557621,0.1562142051056986,53,0.5590454174581585,0.8658045624082995,53,-0.0015112726806191,0.8714226623959278,53,0.6035946676808152,0.0661583789260939,53,0.622995345757991,0.0715727248522783,53,28,34,0.6800364447374461,0.5958804121230098,1.1469892673621933,0.21567443129196096,0.23249549873666467
perle,FA50,condition_mean_neural_and_behavior,published_input_causal_train_only;raw_preprocessing_fail,full,y,217817,49,0.5521371101641339,0.1132807991298726,49,0.559176674351577,0.1169696413595475,49,4.840036604649476,0.5119608787714005,49,4.678615838347451,0.4929876820991319,49,0.0070395641874431,0.0305924641188544,49,0.1614207663020253,0.0644287079377589,49,4.483550092989272,0.5572670669611851,49,4.243949465652576,0.5443471298532943,49,0.9516876838154704,0.0986516485477976,49,0.8280367897799517,0.0874447323868857,49,29,39,0.46777219823522126,0.3660887283756363,0.8826681929772402,0.0966464174642535,0.09998089486236694
perle,FA50,condition_mean_neural_and_behavior,published_input_causal_train_only;raw_preprocessing_fail,full,y,218791,56,0.7811681190896226,0.065779392709748,56,0.7940739136454976,0.0611121758350206,56,3.2011943046671143,0.7128631098974377,56,3.4543964788296044,0.7536292413114991,56,0.012905794555875,0.0180575194288288,56,-0.2532021741624904,0.0981194052098782,56,2.826901074263424,0.8272978459778056,56,3.190686895223392,0.8349415127383577,56,0.7602913524494382,0.0817810205743754,56,0.8611700134131969,0.0929234030349428,56,30,44,0.3610944675597016,0.2646089970569616,0.7274222567013333,0.1127999219020387,0.10453185376162878
perle,FA50,condition_mean_neural_and_behavior,published_input_causal_train_only;raw_preprocessing_fail,full,y,226533,59,0.4083982903015195,0.1445248526403498,59,0.3433799280158976,0.1473994060364467,59,4.48970928344808,0.7325905193999729,59,4.561831455550704,0.7442611750438545,59,-0.065018362285622,0.022538966064508,59,-0.0721221721026221,0.0827846114349546,59,-4.107264748611316,0.7725733066308735,59,-4.17558505106136,0.7827207644236837,59,0.8057294709088864,0.0833864604295137,59,0.8072875917706146,0.0846784618948694,59,31,36,0.13934921295356212,0.12203654657477535,0.235359198510239,0.031037469055578238,0.03054676927706438
perle,FA50,condition_mean_neural_and_behavior,published_input_causal_train_only;raw_preprocessing_fail,full,y,232533,53,0.7963321074162989,0.0713348114897526,53,0.7771999317266916,0.0771487418998013,53,1.4294515044651104,0.2684059414096652,53,1.4380278759996952,0.2867138988935669,53,-0.0191321756896071,0.0094827198779826,53,-0.0085763715345844,0.0471364056055466,53,0.2694363914033046,0.608564345372061,53,0.3657368840845032,0.6039626182954074,53,1.1734380026546067,0.1108252177604384,53,1.1305174825264996,0.1135532313757374,53,32,36,0.06521869625271591,0.05711188099900392,0.11016200923439001,0.045624979965389056,0.04535287343256601
perle,FA50,condition_mean_neural_and_behavior,published_input_causal_train_only;raw_preprocessing_fail,full,y,241919,43,0.5872747149373854,0.1445981919598879,43,0.5869155732473746,0.1413188938593388,43,4.509418406209157,1.0630735573515022,43,4.597660529509618,1.1044877336987462,43,-0.0003591416900105,0.0208761780690933,43,-0.0882421233004617,0.0957755462219207,43,4.186808362529264,1.086329378633554,43,4.281059340728481,1.1306424573844942,43,0.7323820874153301,0.1128227063962482,43,0.7257704102839146,0.1120590499319988,43,33,46,0.07169637050530923,0.03912504243037657,0.19178177274191732,0.01589924998012788,0.015594098356138595
perle,FA50,condition_mean_neural_and_behavior,published_input_causal_train_only;raw_preprocessing_fail,full,y,242380,50,0.6980197027422747,0.1067409093333122,50,0.7374707777565362,0.0952931472824761,50,4.506420710903083,0.6039620454530314,50,4.405097976894309,0.5987482968068595,50,0.0394510750142613,0.0190863733574735,50,0.1013227340087752,0.0593490255402803,50,-3.769033266767784,0.6558510976592186,50,-3.732065159303543,0.6473670611179247,50,0.4879428431152779,0.0744113934752341,50,0.498942119383045,0.0767006014260408,50,34,44,0.1736817090421178,0.03507909043329312,1.0326131038694086,0.03854094417369924,0.0394274338398637
perle,FA50,condition_mean_neural_and_behavior,published_input_causal_train_only;raw_preprocessing_fail,full,y,244437,50,0.6749235806964846,0.1087850393827195,50,0.7068441126349359,0.0941039519184812,50,4.217188153945793,0.4299824249515329,50,3.6698878086112097,0.4297164565533883,50,0.0319205319384513,0.0193607549239578,50,0.547300345334583,0.0910019517298673,50,-3.955331596459255,0.4745483780512756,50,-3.423415454657058,0.4779769342366181,50,0.9307283307039538,0.1308243486673404,50,1.1389447012085163,0.1553741425985506,50,35,36,0.5980509165706726,0.5237219270716332,1.0101575399080938,0.1418127185079729,0.16296163473100614
perle,FA50,condition_mean_neural_and_behavior,published_input_causal_train_only;raw_preprocessing_fail,full,y,245662,41,0.5757121605806333,0.1074924513038614,41,0.6541823267421913,0.0774318678984591,41,5.624918607548548,0.7211363164678508,41,6.168414129023067,0.7760854175195823,41,0.078470166161558,0.0520311765487992,41,-0.5434955214745189,0.1060535917966967,41,-5.352807780192577,0.7556643221939972,41,-6.022831088216537,0.7969521152909764,41,0.7926069927814173,0.0866533157664483,41,1.038996057724994,0.1111052853730605,41,36,47,1.0621720685270872,0.7006767014672548,2.3715325593854155,0.1888333223349525,0.17219532384011813
perle,FA50,condition_mean_neural_and_behavior,published_input_causal_train_only;raw_preprocessing_fail,full,y,248856,53,0.7258698561517283,0.0524423253191873,53,0.7369042631310437,0.0505601251165617,53,3.37694225367006,0.4480738926383096,53,3.5011289797376457,0.5222555835069155,53,0.0110344069793153,0.0066407337270747,53,-0.1241867260675848,0.1021134966908458,53,2.008713403333629,0.7507085316804041,53,2.3960025182341207,0.7760407539299516,53,0.7087352299591386,0.0614733331119642,53,0.7522204805259533,0.0628491958676096,53,37,31,0.35328393147346526,0.3099086322632433,0.5943464456418148,0.1046165154555179,0.10090571741802506
perle,FA50,condition_mean_neural_and_behavior,published_input_causal_train_only;raw_preprocessing_fail,full,y,251629,52,0.719966201776685,0.0795615749376201,52,0.746097145750858,0.0611395636479242,52,4.034898422141476,0.8523134374992383,52,4.869007230812816,0.9227798258110844,52,0.0261309439741727,0.0336214826805188,52,-0.8341088086713403,0.1200610786074216,52,3.649381204956512,0.9359333685412536,52,4.68826675835522,0.9513444640228476,52,0.7731197703556567,0.0821279222844751,52,1.0498219020437136,0.1139074374060703,52,38,50,1.2080725518234272,0.8229873311481903,2.6176893428524295,0.29940593924103215,0.24811475821566106
perle,FA50,condition_mean_neural_and_behavior,published_input_causal_train_only;raw_preprocessing_fail,full,y,258471,53,0.6665290110583685,0.0640523897534214,53,0.6448220023521107,0.0683295361088306,53,2.727420269686165,0.263756104855901,53,2.7151428902263683,0.2992719706523877,53,-0.0217070087062578,0.0083939604650803,53,0.0122773794597967,0.0511811825966664,53,-0.7800375827923881,0.6253653475917313,53,-0.9609836963131004,0.6158952441464463,53,0.6953480990731412,0.0536905899585637,53,0.7033486116161471,0.0569258739388032,53,39,44,0.3734913053079441,0.3263836229514753,0.6338125187758754,0.13693940367720464,0.13755861860986815
perle,FA50,condition_mean_neural_and_behavior,published_input_causal_train_only;raw_preprocessing_fail,full,y,269179,52,0.7699532990465098,0.0578202208164819,52,0.7425279855376216,0.0629843981035353,52,1.6609773204459557,0.2865871425945714,52,1.8170887254155823,0.3175741924756299,52,-0.027425313508888,0.0093726958510578,52,-0.1561114049696272,0.0796561909433756,52,0.4556933508454915,0.6155428715615096,52,0.7459766702301913,0.6057046448678323,52,1.0106404325156035,0.0917755474192133,52,0.9379779998364236,0.0910249739494739,52,40,36,0.11539009482702021,0.10105202077671976,0.19489679248074232,0.06947120433651625,0.06350273006103739
perle,FA50,condition_mean_neural_and_behavior,published_input_causal_train_only;raw_preprocessing_fail,full,y,270569,46,0.7287898214968059,0.0810816973736969,46,0.7398577620399878,0.0789022002202811,46,3.6422658125746983,0.3987048864265437,46,3.6026191341070937,0.3821672302249508,46,0.011067940543182,0.0155395129593643,46,0.0396466784676034,0.0596260002373821,46,2.0117410352853056,0.7053838542446293,46,2.0413116852024733,0.7016238293855128,46,0.4728058449138559,0.0511668833239231,46,0.4659096961376412,0.0518170022972458,46,41,49,0.25534582045175686,0.05375346131399571,1.5421878074557123,0.07010631117866004,0.07087782830949853
perle,FA50,condition_mean_neural_and_behavior,published_input_causal_train_only;raw_preprocessing_fail,full,y,273073,52,0.323353003987819,0.0953247301509961,52,0.1856590254582589,0.0982007906507407,52,7.172637211401916,0.8469976674515673,52,7.046420561079235,0.8151390043154879,52,-0.13769397852956,0.0243979776416192,52,0.1262166503226818,0.0959442738901646,52,-6.953631584336689,0.8778802998793777,52,-6.7783227510805935,0.8538773953113274,52,2.3720824146657,0.2144961921444907,52,2.126537013877975,0.1902887933050356,52,42,33,0.21712361960930548,0.13699979104946547,0.5014849947869733,0.030271100183926345,0.030813321136206873
perle,FA50,condition_mean_neural_and_behavior,published_input_causal_train_only;raw_preprocessing_fail,full,y,273515,43,0.4885936167760479,0.0958663132271284,43,0.4568532300448209,0.1025196023815551,43,5.939443059039902,0.6348648097389473,43,5.8104783316521775,0.6254831392183416,43,-0.0317403867312269,0.0217521225076078,43,0.1289647273877228,0.063331523516112,43,-5.652942617860681,0.667139793534893,43,-5.508018936701515,0.661396308255575,43,1.9848729838329393,0.2242401698514542,43,2.0021253690329406,0.2265434679615306,43,43,34,0.02226167531601745,0.015810992596301726,0.04600817705040949,0.003748108213973854,0.003831298224579639
perle,FA50,condition_mean_neural_and_behavior,published_input_causal_train_only;raw_preprocessing_fail,full,y,287936,52,0.3502964715876516,0.1404558286927028,52,0.3117483173047312,0.1453452782776071,52,4.582073085793362,0.7203217432848587,52,4.573284141431017,0.7283977742987382,52,-0.0385481542829203,0.0147335239999782,52,0.0087889443623435,0.0764089627733953,52,-3.9997184865190087,0.8182889009520752,52,-4.001332037871044,0.823769459218053,52,0.8969136876601767,0.0912069529239326,52,0.9268247158085982,0.0915421743969107,52,44,35,0.21418778733394425,0.187613351624231,0.36154813590686086,0.046744733949798785,0.04683456805002349
perle,FA50,condition_mean_neural_and_behavior,published_input_causal_train_only;raw_preprocessing_fail,full,y,297652,55,0.5408589628315779,0.1173421284079159,55,0.5785485676560034,0.1089234619262851,55,2.147391897247798,0.5423282895203182,55,2.126222214239765,0.5498455781870302,55,0.0376896048244254,0.0188658547791422,55,0.0211696830080333,0.0591955197051791,55,-1.3037486058978949,0.8554471519801929,55,-1.3405953378196929,0.8442407850645857,55,0.9164179419861734,0.0963321965271631,55,0.91474624279203,0.0962406757149952,55,45,33,0.03357873814564067,0.02943587589471591,0.05658570154326359,0.01563698651777387,0.015792675817587025
perle,FA50,condition_mean_neural_and_behavior,published_input_causal_train_only;raw_preprocessing_fail,full,y,301600,50,0.3103686902667144,0.1449502919822969,50,0.2460295088120533,0.1473897038712462,50,2.4099714288378795,0.4254851342887607,50,2.4268460680564448,0.4403579652472532,50,-0.0643391814546611,0.0209932610751607,50,-0.0168746392185656,0.0462473167708296,50,-1.4177259524493475,0.6907312852320621,50,-1.4309244802345011,0.7031867013783444,50,1.1129782746162613,0.117166567338992,50,1.142696943311316,0.1257670938501193,50,46,32,0.1629062889167007,0.14285295921698782,0.2743050664162528,0.06759677188175475,0.06712674984250866
perle,FA50,condition_mean_neural_and_behavior,published_input_causal_train_only;raw_preprocessing_fail,full,y,320246,53,0.2947649142884979,0.0929733809335932,53,0.2969773360666086,0.0903877387972492,53,5.730294314364559,0.8157880065612004,53,5.831472144199807,0.8469052748817577,53,0.0022124217781106,0.0207309460325138,53,-0.1011778298352479,0.0877864424036791,53,-5.323336769834524,0.9034537122093124,53,-5.4602926431333305,0.92975649611804,53,1.551561446978433,0.1887275048082294,53,1.8179943865104204,0.2254710649547749,53,47,33,0.31225244789947565,0.23155935541551423,0.6187673125011788,0.05449152011559493,0.05354607553258283
perle,FA50,condition_mean_neural_and_behavior,published_input_causal_train_only;raw_preprocessing_fail,full,y,325813,56,0.5059078555667716,0.1485807474523936,56,0.5512653439752466,0.1425966432700946,56,4.900479743592334,0.6726962406750713,56,4.774009910935493,0.6687084269440075,56,0.045357488408475,0.0258528304764862,56,0.1264698326568411,0.1083516206879231,56,4.632989533051192,0.7179725827904881,56,4.531311333902508,0.7067913741420128,56,0.9887509418676153,0.1509174681075254,56,0.9866569956964396,0.1499786450562292,56,48,37,0.2762791071844831,0.14107831824389816,0.7810734181320367,0.05637797147222868,0.05787149845492146
perle,FA50,condition_mean_neural_and_behavior,published_input_causal_train_only;raw_preprocessing_fail,full,y,328386,47,0.757107215216889,0.0885873849597917,47,0.7287640381847967,0.0977289058750691,47,2.341402184488487,0.650175143841582,47,2.32628733398694,0.650782345465154,47,-0.0283431770320922,0.0151745588887371,47,0.0151148505015477,0.0814066109080927,47,1.9115577583383088,0.7749222634633887,47,1.907727015303186,0.774216678333368,47,1.1317805512250787,0.1227910417327556,47,1.1176592363947926,0.123007461180255,47,49,32,0.20930878576909676,0.18353774467695255,0.3524503058251218,0.08939463162533234,0.08997546550295228
perle,FA50,condition_mean_neural_and_behavior,published_input_causal_train_only;raw_preprocessing_fail,full,y,330797,55,0.6722004347177611,0.0855766106248118,55,0.661186095436047,0.089633753175682,55,2.2596814948264208,0.3802876758871094,55,2.1393252925937776,0.3428254119571546,55,-0.011014339281714,0.0099230913089122,55,0.1203562022326441,0.0680385359339772,55,0.7929413570568147,0.7876949032906688,55,0.6222575833826639,0.7806710136098188,55,1.050187780771435,0.0940487764633424,55,1.0832878755467907,0.098418623985128,55,50,36,0.3588550058854982,0.31425697118445806,0.6061309021176431,0.15880778185204544,0.16774214147228278
perle,FA50,condition_mean_neural_and_behavior,published_input_causal_train_only;raw_preprocessing_fail,full,y,332165,48,0.5331664878807985,0.1470644450785785,48,0.4207039491435966,0.1766257572951383,48,3.9602604625579647,0.9008408897930176,48,5.111709101616387,1.0352594969258264,48,-0.1124625387372018,0.0998520427972369,48,-1.1514486390584209,0.2024131634363859,48,2.727640267651625,1.1795760986915833,48,3.9650546682287855,1.2029842572283371,48,0.4314686641901024,0.0599786378215989,48,0.402995903971891,0.0540137647585738,48,51,63,1.9839154378995976,1.1161038359106898,5.190852382745875,0.5009557973917126,0.38811195990637626
perle,FA50,condition_mean_neural_and_behavior,published_input_causal_train_only;raw_preprocessing_fail,full,y,340684,52,-0.0596730510877137,0.2223233188771145,52,-0.0242396961694241,0.2366423706430531,52,6.439638112232884,0.7466039056937042,52,6.256812080977961,0.7823036990921634,52,0.0354333549182895,0.0755003337389133,52,0.1828260312549197,0.0774268844117734,52,6.275046613363699,0.7470036111405142,52,6.078368508388726,0.7842440464273835,52,1.1496036493671236,0.1464382704604375,52,1.005912966117294,0.1198220302064461,52,52,65,0.32177813044466697,0.19209190629800288,0.7956333110400182,0.04996835611513788,0.05142844731152161
perle,FA50,condition_mean_neural_and_behavior,published_input_causal_train_only;raw_preprocessing_fail,full,y,351612,48,0.6884876611604405,0.1137641455792707,48,0.6485575019818606,0.126569643294233,48,2.4833672125245085,0.3897143411962459,48,2.4964370106154568,0.4555785533769935,48,-0.0399301591785799,0.0200043425204596,48,-0.0130697980909486,0.146252533218975,48,-0.4473915140555939,0.938569818567374,48,-0.8193611459338997,0.9621627771732372,48,0.6172750310394358,0.0771806948669755,48,0.6337050991323214,0.0808955012530469,48,53,40,0.5179691294656483,0.45311932167838387,0.8770401388914797,0.20857532742372728,0.20748335618448122
perle,FA50,condition_mean_neural_and_behavior,published_input_causal_train_only;raw_preprocessing_fail,full,y,356164,56,0.4891916722990998,0.0856792221061472,56,0.504006238005583,0.087419540787528,56,3.1800323723911306,0.5656784861409458,56,2.853420148003108,0.5048294534500286,56,0.0148145657064832,0.0164497136504602,56,0.3266122243880222,0.1211629351852805,56,2.3225344125310614,0.7982080146040322,56,1.77158899335516,0.831496379516465,56,1.6370344698903525,0.1189516066036104,56,1.3575510978786016,0.1075703902227521,56,54,30,0.6350382090389153,0.5573245361543345,1.0672793502675524,0.19969551711243028,0.22255334864840368
perle,FA50,condition_mean_neural_and_behavior,published_input_causal_train_only;raw_preprocessing_fail,full,y,356765,58,0.4102941702139459,0.0879613149858838,58,0.4303332633424695,0.0923882962070459,58,3.2500038442430244,0.5126644517038413,58,3.2251612176398696,0.5208639961061224,58,0.0200390931285237,0.0222681582016547,58,0.0248426266031543,0.0756651507347408,58,2.2616115256932816,0.7757155824267438,58,2.1859301677924274,0.8079795874336454,58,1.4242116930533972,0.1247545679235984,58,1.2891084768952898,0.1096649840393287,58,55,31,0.375121753821501,0.32906695303732464,0.6310817682159682,0.11542194157277146,0.11631100850704454
perle,FA50,condition_mean_neural_and_behavior,published_input_causal_train_only;raw_preprocessing_fail,full,y,370777,49,0.4677323097949653,0.1228859483630422,49,0.3980583881436567,0.1280038090143101,49,1.9515710163993716,0.3359614871907777,49,1.9918133061132823,0.3124456062428812,49,-0.0696739216513085,0.0149716569991305,49,-0.0402422897139111,0.0481631524029474,49,-0.5059391849639453,0.747970124154399,49,-0.4168338276347311,0.7506239015032122,49,0.951359050707104,0.0708651997968532,49,0.903424395020563,0.0651859931627011,49,56,31,0.019099431331688784,0.016753973072089676,0.03213287472583948,0.009786695524371456,0.00958896663310197
perle,FA50,condition_mean_neural_and_behavior,published_input_causal_train_only;raw_preprocessing_fail,full,y,377134,51,0.6804742243238991,0.0487390537094483,51,0.688055255745583,0.0479173198882157,51,2.188158114116396,0.2010184038781297,51,2.1841247086455966,0.1994811597173068,51,0.0075810314216833,0.0094073479153118,51,0.0040334054707992,0.0375541295276142,51,0.115567756209573,0.6133935404004441,51,0.083674969081732,0.6190816421042113,51,1.0143661561249917,0.0739078540175385,51,1.0175833858167245,0.0785283839224865,51,57,36,0.04218250550513261,0.03694187925817264,0.07124554677714823,0.01927763137087852,0.019313231217136184
perle,FA50,condition_mean_neural_and_behavior,published_input_causal_train_only;raw_preprocessing_fail,full,y,379400,46,0.1136114017118441,0.2007277288208144,46,0.0949648469030327,0.2077230268385333,46,2.899300977050657,0.3486129699672788,46,2.656754560031577,0.3214136532806387,46,-0.0186465548088114,0.0726138579398248,46,0.24254641701908,0.2304284054324264,46,-0.2691693361537772,0.9502827981317497,46,0.2317814182998753,0.9259423884036796,46,0.6319877529676722,0.0691042625770215,46,0.732639892808355,0.0764536885633488,46,58,70,0.6834706883199136,0.5953746202684612,1.1684915904825677,0.23573637015608537,0.2572577454470579
perle,FA50,condition_mean_neural_and_behavior,published_input_causal_train_only;raw_preprocessing_fail,full,y,381514,52,0.1134321853554872,0.2514768934684002,52,0.0980084263874602,0.2657350447299082,52,2.810821206234027,0.4986052610155682,52,2.514647950298243,0.4526812464759551,52,-0.015423758968027,0.0834303651319695,52,0.2961732559357846,0.1511704203123154,52,-1.432402019209052,0.8314404768617906,52,-1.0573990913321825,0.8388248715271996,52,0.6761529261660163,0.0663923582524341,52,0.7598912218101687,0.0753223923048711,52,59,65,0.4500736226236781,0.3922369873556918,0.7686947803557751,0.1601217543205789,0.17898076848900396
perle,FA50,condition_mean_neural_and_behavior,published_input_causal_train_only;raw_preprocessing_fail,full,y,388571,46,0.3155944372620779,0.198326840919128,46,0.3151881456512727,0.1931735181570051,46,2.8759360920131294,0.4645925051758106,46,2.8927008567600434,0.4562606787616257,46,-0.0004062916108052,0.0449118252313071,46,-0.016764764746914,0.0807508440600742,46,-1.310200598079372,0.7977037151657917,46,-1.4505286890379987,0.7543114220919274,46,0.6784501285130246,0.072924312763284,46,0.6887613293982692,0.075724027277351,46,60,70,0.11126114500041714,0.09689671359855977,0.1902644057129681,0.0386869323381019,0.03846272065789571
perle,FA50,condition_mean_neural_and_behavior,published_input_causal_train_only;raw_preprocessing_fail,full,y,394672,41,0.3333472911992294,0.2003087245422846,41,0.3366824235824305,0.2007880788118001,41,3.353583100213741,0.7826238480401841,41,3.5278165338122767,0.8555662644172846,41,0.003335132383201,0.062492943282031,41,-0.1742334335985363,0.1194603586341668,41,2.6381463946806734,0.9984309176298212,41,3.017496153822448,1.000203254207428,41,0.7566825812385872,0.0654946912951815,41,0.9021192826120767,0.0879383405801977,41,61,63,0.6503042287948927,0.5668532550669116,1.1101731102281218,0.19391325915062177,0.18433618147714506
perle,FA50,condition_mean_neural_and_behavior,published_input_causal_train_only;raw_preprocessing_fail,full,y,396358,53,0.3809279127597012,0.102644165402869,53,0.406860761703138,0.1001139587399766,53,2.643926033518522,0.3011298711809199,53,2.6640384713713967,0.3276873711045873,53,0.0259328489434368,0.0165176074458914,53,-0.0201124378528742,0.0542036100272618,53,1.0328405807173693,0.6641728922392833,53,1.18852812791649,0.6620184216714589,53,1.420602437859174,0.110466947080595,53,1.4630564159506227,0.114189205351352,53,62,30,0.08255377476862102,0.07241043492650619,0.13882830899771537,0.031223935057955808,0.030988206685365133
perle,FA50,condition_mean_neural_and_behavior,published_input_causal_train_only;raw_preprocessing_fail,full,y,400995,60,0.5848724512527695,0.1262131303680535,60,0.5422486000013202,0.138646830579278,60,3.468019124271391,0.7078093183494188,60,2.9519810808221862,0.6868115047861459,60,-0.042623851251449,0.021639127884191,60,0.516038043449204,0.0734519362637054,60,2.9918418642821214,0.8027023435340934,60,2.4620346048627697,0.8188008908879508,60,0.8580183144799807,0.0997430894315511,60,1.00306357095191,0.1248630009167005,60,63,32,0.7657397639514825,0.6714855307482026,1.2893558915889765,0.22080032909632805,0.25939860147687954
perle,FA50,condition_mean_neural_and_behavior,published_input_causal_train_only;raw_preprocessing_fail,full,y,401673,46,0.5397418997322156,0.1672293290213275,46,0.4740978976237869,0.1805953767655008,46,3.1127840971969127,0.7475120830202092,46,2.864174108859068,0.709072622630795,46,-0.0656440021084287,0.0258558358694951,46,0.2486099883378437,0.0886245109046429,46,2.4989191695325847,0.9461981243490734,46,2.2360313778283314,0.947627981153286,46,0.8056755856049675,0.1157689239059133,46,0.8837941225095807,0.1232939806363734,46,64,32,0.5681203523906371,0.498168443390299,0.9566498340235485,0.18251196827375019,0.19835398645403768
perle,FA50,condition_mean_neural_and_behavior,published_input_causal_train_only;raw_preprocessing_fail,full,y,406460,40,0.3047647454033909,0.1770870641207546,40,0.3153101911560515,0.1879624243067943,40,2.458944102533359,0.344385508386059,40,2.4104192048577127,0.3470173685161386,40,0.0105454457526605,0.0425718555040923,40,0.0485248976756463,0.057118731574123,40,-0.5235659498786757,0.9958349518628442,40,-0.4873742989229147,1.0077826416381397,40,0.7903734278647613,0.082788012573685,40,0.8032674097389463,0.0887069652469107,40,65,65,0.08514401414856995,0.0741870055067871,0.14545176378474345,0.034626250373422165,0.035323322174408256
perle,FA50,condition_mean_neural_and_behavior,published_input_causal_train_only;raw_preprocessing_fail,full,y,413189,63,0.6524096103009402,0.0718236843840181,63,0.6494740065504256,0.0739615265745105,63,2.9393736196393125,0.3271484578702797,63,3.07638298447652,0.4088360983842758,63,-0.0029356037505145,0.0134815548051486,63,-0.1370093648372088,0.1143533754624143,63,1.2361563924640282,0.7318775996412409,63,1.7024104822726596,0.7314481896525896,63,0.849647661913229,0.0778144095880626,63,0.9063848443373532,0.093943752902303,63,66,40,0.41775368732438317,0.3654347152616908,0.7073855968472533,0.14212337095671604,0.13579378426950586
perle,FA50,condition_mean_neural_and_behavior,published_input_causal_train_only;raw_preprocessing_fail,full,y,413513,37,0.3086150177380063,0.0915341011728827,37,0.3325505352537509,0.0952899032786518,37,3.1369143944853795,0.4316279684398988,37,3.1523449769062277,0.4385701305892719,37,0.0239355175157447,0.0223325578719126,37,-0.0154305824208476,0.0494375275377587,37,1.3653694545457136,0.865535235496446,37,1.4415822043822126,0.8266427481687945,37,1.3824730925786408,0.1250250120230448,37,1.3509694642640713,0.1273810639218284,37,67,31,0.11976623820031146,0.10512057862380972,0.20136658805738628,0.03817963231985471,0.03799274479084848
perle,FA50,condition_mean_neural_and_behavior,published_input_causal_train_only;raw_preprocessing_fail,full,y,420020,48,0.6495840905895838,0.1092476357107714,48,0.6775445134905262,0.0979512215183519,48,1.423473176436283,0.3505642866760267,48,1.5209283187935736,0.4112876073401504,48,0.0279604229009426,0.0161760809693081,48,-0.0974551423572911,0.1060017370397714,48,-0.2780450705287939,0.8276062029147121,48,-0.500072496425419,0.846043328229456,48,1.124170328521273,0.1570944545678013,48,0.9877365503307428,0.1441477575342836,48,68,28,0.4763687020113702,0.41841168023931014,0.7989993969726452,0.33465239099480376,0.31320917371650625
perle,FA50,condition_mean_neural_and_behavior,published_input_causal_train_only;raw_preprocessing_fail,full,y,428615,50,0.5984589266422796,0.1620620471498332,50,0.5940387428769452,0.1716013243037746,50,6.990320309015457,0.8644042726820979,50,6.776823498608097,0.9087406397567636,50,-0.0044201837653344,0.0451074650435342,50,0.2134968104073596,0.1072523976350301,50,-6.8286310891720925,0.8794275279720944,50,-6.572584788119254,0.9308073392041004,50,1.0385391203220704,0.1702417035576512,50,0.8750741710619296,0.1375790607269635,50,69,65,0.4716064928887195,0.3528634983384723,0.9357283598027442,0.06746564850261379,0.06959108393269849
perle,FA50,condition_mean_neural_and_behavior,published_input_causal_train_only;raw_preprocessing_fail,full,y,435203,57,0.6373597971798582,0.0978858087470128,57,0.6600310867676286,0.0941143857348479,57,1.4619801064810836,0.1890377386815574,57,1.5615220858356946,0.2416238167281363,57,0.0226712895877705,0.0175846097110405,57,-0.0995419793546108,0.1146084045548991,57,-0.1562794436379557,0.5005735005620771,57,-0.5102467073609006,0.5159351977594517,57,1.2924502710971268,0.1643463403015905,57,1.1374333623067443,0.1492786637143472,57,70,28,0.4418978832509878,0.3881363603098163,0.7411791098556368,0.3022598469650965,0.28299175993690356
perle,FA50,condition_mean_neural_and_behavior,published_input_causal_train_only;raw_preprocessing_fail,full,y,448412,48,0.7032233378068077,0.0557702416909824,48,0.7162454344339139,0.0554280446973157,48,2.4061152888697737,0.384414440756785,48,2.5258657993970655,0.4297515627371004,48,0.0130220966271062,0.0079394662447524,48,-0.1197505105272919,0.0670636226931588,48,1.4269544073012244,0.6315606818276704,48,1.702839931207156,0.622002861178068,48,0.9899537770906888,0.0794709920005177,48,1.0406729129708474,0.0913755801829883,48,71,33,0.18948093342237685,0.16604554874456226,0.31942535297751284,0.07874973169360554,0.07501623145125395
perle,FA50,condition_mean_neural_and_behavior,published_input_causal_train_only;raw_preprocessing_fail,full,y,454477,51,0.54034043151046,0.1079627492626964,51,0.5121691928371712,0.1107533465348987,51,2.651330553017556,0.3712715502299652,51,2.533295192531614,0.3351656075468503,51,-0.0281712386732887,0.0142073455964615,51,0.1180353604859413,0.0588261392470798,51,1.1003349111355183,0.7410589851377908,51,0.9374385741021586,0.728363714426208,51,0.7599601589285159,0.074367965389979,51,0.781496440667872,0.0765530160760189,51,72,35,0.33054738284926666,0.2895497087743921,0.5579347411972755,0.12467226407249037,0.13048119454209306
perle,FA50,condition_mean_neural_and_behavior,published_input_causal_train_only;raw_preprocessing_fail,full,y,456038,45,0.679018610105944,0.0841198043377505,45,0.6797631050504465,0.0667290988105161,45,4.208886964141867,1.0011521853049696,45,4.595270381011732,1.0267831450617178,45,0.0007444949445025,0.0432425280729173,45,-0.3863834168698644,0.0744627056242828,45,-3.906885557173583,1.080455494420941,45,-4.330802317350416,1.1091275425700913,45,1.2173097888462137,0.1752671281082365,45,1.4978157010762698,0.2123661001591185,45,73,38,0.6942752551617657,0.4567397675852504,1.5476902846045961,0.1649545975163338,0.15108474531348653
perle,FA50,condition_mean_neural_and_behavior,published_input_causal_train_only;raw_preprocessing_fail,full,y,460651,46,0.6144814896895131,0.0780607715822929,46,0.6367433361788885,0.0741198768026679,46,2.188110249901158,0.3476133902213217,46,2.18539321534397,0.3732205965261442,46,0.0222618464893752,0.0138998926266327,46,0.0027170345571875,0.0576288513911166,46,0.7359449461932758,0.8395379675181321,46,0.8384587992104706,0.8445051707332177,46,1.015221175997009,0.0952743652351432,46,1.0390278373088226,0.1048803160741652,46,74,31,0.028651414798621305,0.02513348267785414,0.048202025693735884,0.013094136732788284,0.013110416284564018
perle,FA50,condition_mean_neural_and_behavior,published_input_causal_train_only;raw_preprocessing_fail,full,y,463174,54,0.5986630452662186,0.1211341666941705,54,0.4946790857162304,0.188736909220833,54,5.096980974570259,0.932266488865324,54,6.204168735360603,1.042741648415222,54,-0.103983959549988,0.0961315898616862,54,-1.1071877607903466,0.1759607104486083,54,-4.235166549410416,1.0117742493582007,54,-5.386508517734914,1.0820409545673315,54,0.4148080911719052,0.0623771192848446,54,0.3955832551651137,0.0577139245751797,54,75,65,1.8091485029986039,1.032467481599164,4.672062705228497,0.35494511594702166,0.2916020792096415
perle,FA50,condition_mean_neural_and_behavior,published_input_causal_train_only;raw_preprocessing_fail,full,y,464785,55,0.1297425052632319,0.226992860747974,55,0.1177735222007238,0.2238360871554386,55,1.9153560887016423,0.2882228385844791,55,1.8570610209554892,0.2928717075789174,55,-0.0119689830625081,0.0520544964835098,55,0.0582950677461531,0.0670513408633635,55,-0.1783688142475582,0.9170639961115172,55,-0.2359245091025288,0.8897330932731322,55,1.0312490358791857,0.1100304478873681,55,1.1004763752363975,0.1118854256861331,55,76,54,0.1901670301679046,0.1659256130387816,0.3238967414591958,0.09928547035700952,0.10240214404482005
perle,FA50,condition_mean_neural_and_behavior,published_input_causal_train_only;raw_preprocessing_fail,full,y,465431,50,0.2626546056444491,0.2224053838408455,50,0.2515966487601355,0.2227723272589306,50,2.290186581493906,0.4572083517628795,50,2.176385957913704,0.4518600910687206,50,-0.0110579568843136,0.0495738991307019,50,0.1138006235802021,0.0891237247612917,50,1.5383721396944778,0.6042466453089486,50,1.446321692811218,0.6113551518679963,50,0.8508728233035521,0.0774432012236073,50,0.9078413634616072,0.0744805519152846,50,77,55,0.2359004127430355,0.20581278352259427,0.4018902402067468,0.10300488818214797,0.1083908908184516
perle,FA50,condition_mean_neural_and_behavior,published_input_causal_train_only;raw_preprocessing_fail,full,y,469268,52,0.7042361156736424,0.060977214335725,52,0.7168912728055699,0.0742008273657795,52,4.977712932209199,0.844715665397709,52,5.339393179989665,0.9127184075974696,52,0.0126551571319275,0.0518365970897596,52,-0.3616802477804676,0.126749106586783,52,-4.769884479043071,0.889869369874235,52,-5.154313988607954,0.948636071901168,52,1.333045528299824,0.1673180611699322,52,1.4853474294282518,0.1841544666635484,52,78,36,0.6779130534131955,0.4180474215277877,1.604687511131651,0.1361896643389448,0.12696443782297143
perle,FA50,condition_mean_neural_and_behavior,published_input_causal_train_only;raw_preprocessing_fail,hidden,y,29337,45,0.74518948148534,0.0936618073490787,45,0.7721254528561247,0.0806214789359091,45,1.6417195660517518,0.5633236430725131,45,1.903729976008451,0.6214062940610795,45,0.0269359713707846,0.0191786519920914,45,-0.2620104099566987,0.1538016971905796,45,1.262039318225416,0.7273071540829493,45,1.598104925031972,0.7465266158043443,45,1.9294461201919308,0.361097169700529,45,2.0188051579427087,0.3641970062146518,45,0,14,0.1849043007368217,0.18412758821878336,0.21142671619091147,0.11262843213930057,0.09712737786716497
perle,FA50,condition_mean_neural_and_behavior,published_input_causal_train_only;raw_preprocessing_fail,hidden,y,55062,48,0.6268113579974219,0.116926661309444,48,0.6344818315635553,0.1186836167899312,48,5.245462230089301,0.961703023888458,48,4.2319808086652655,0.9858689744837817,48,0.0076704735661333,0.0224343377404449,48,1.0134814214240355,0.1660290247637033,48,5.136278092614778,0.9741320586037407,48,4.083986549284873,1.0144150991689196,48,1.66420030138064,0.2980173478521452,48,1.2774759172866603,0.2229566326684855,48,1,14,1.1453129090869925,1.113946039920626,1.5431910604541295,0.21834356227315627,0.2706328220444401
perle,FA50,condition_mean_neural_and_behavior,published_input_causal_train_only;raw_preprocessing_fail,hidden,y,58244,58,0.3614892289629439,0.2679067418571252,58,0.3423364813196163,0.2717424260822382,58,1.8926122429898289,0.6091074715294579,58,2.3098400718551697,0.6580470389056958,58,-0.0191527476433275,0.0240114484553172,58,-0.4172278288653406,0.1322260550036641,58,1.5262603901227998,0.7708439912317216,58,2.0380463392780244,0.7496140485391655,58,1.1994978556154614,0.184212547883965,58,1.1610367988456114,0.1736306509371012,58,2,14,0.14657846830846044,0.1459627302383107,0.16760377360235523,0.07744770163639281,0.0634582757890829
perle,FA50,condition_mean_neural_and_behavior,published_input_causal_train_only;raw_preprocessing_fail,hidden,y,59920,43,,,0,,,0,,,0,,,0,,,0,,,0,,,0,,,0,,,0,,,0,3,0,,,,,
perle,FA50,condition_mean_neural_and_behavior,published_input_causal_train_only;raw_preprocessing_fail,hidden,y,68220,53,-0.2192991418001943,0.1634678728243035,53,-0.13051596707655,0.1744407013256857,53,2.027996823495235,0.4314143432441888,53,1.9969982397030923,0.4653876673193404,53,0.0887831747236442,0.0263700313926098,53,0.0309985837921423,0.0877444510768411,53,-0.9507892872739496,0.8648937033701117,53,-1.0571383527942837,0.861003204709022,53,1.1115548067822312,0.1472928105785026,53,1.06094872028458,0.1475391848424233,53,4,15,0.022117064388644928,0.02201742424636016,0.02541501348861086,0.010905867372378995,0.011075154674113897
perle,FA50,condition_mean_neural_and_behavior,published_input_causal_train_only;raw_preprocessing_fail,hidden,y,72780,47,0.5951139291884232,0.1380818707179685,47,0.56138845994489,0.1496346835298392,47,4.509775060875782,0.887950028326783,47,4.843720590055996,0.8796436801450848,47,-0.0337254692435332,0.0226488621172551,47,-0.3339455291802145,0.0906899819590737,47,-4.380290723670631,0.9147181408373896,47,-4.728815704386356,0.9008642669845416,47,1.5107275764787442,0.2190687511559005,47,1.7143125586096244,0.2515843760377703,47,5,15,0.5917878720387743,0.5760634581025967,0.7956196389402779,0.13122336791756775,0.12217630250053974
perle,FA50,condition_mean_neural_and_behavior,published_input_causal_train_only;raw_preprocessing_fail,hidden,y,77046,50,-0.0876399544695223,0.2174380806298855,50,0.005657478783862,0.2281158506195999,50,1.8422222187136976,0.5076325533809268,50,1.813431502635787,0.5207767240479196,50,0.0932974332533844,0.0334037680833058,50,0.0287907160779104,0.0858322798532315,50,-1.1301234753900349,0.7659832064949968,50,-1.1527913395934446,0.7753501758320696,50,1.3244582974123182,0.1765652804976942,50,1.2858236402983727,0.1726518137934268,50,6,14,0.13012302521492158,0.12949386136217628,0.15010182238579795,0.07063372914141591,0.07175513661574222
perle,FA50,condition_mean_neural_and_behavior,published_input_causal_train_only;raw_preprocessing_fail,hidden,y,77944,48,-0.6318566091065968,0.1224508975736876,48,-0.5426700836740966,0.1476641318795318,48,3.705414903257296,0.8282456173703344,48,3.331280568908498,0.8134635605987983,48,0.0891865254325001,0.0409899696775207,48,0.3741343343487983,0.1029823729218565,48,-3.3297665845183837,0.9279774207902096,48,-2.9679639723716527,0.9209808501053672,48,1.7160672757253286,0.3543002046922936,48,1.679258044326273,0.3504856397035288,48,7,13,0.2731315034770974,0.27190461384748804,0.31337161429353166,0.07371144948896206,0.08198994285449501
perle,FA50,condition_mean_neural_and_behavior,published_input_causal_train_only;raw_preprocessing_fail,hidden,y,90751,53,-0.7002664006881911,0.0950134408221477,53,-0.6724359998437642,0.1054711200278206,53,4.106045917237895,0.6019203788261375,53,3.70388750034419,0.5994515281714475,53,0.0278304008444268,0.0170953242682345,53,0.4021584168937041,0.0715147162927916,53,-3.2498017068507474,0.754543109190031,53,-2.8292133523743197,0.76392669205347,53,1.3328006561660142,0.2173796811421681,53,1.309616013872964,0.2243364209896595,53,8,16,0.38809927945993555,0.3861518735017536,0.4493277060358096,0.09451898183374599,0.10478160565726437
perle,FA50,condition_mean_neural_and_behavior,published_input_causal_train_only;raw_preprocessing_fail,hidden,y,93053,48,0.6829854986276103,0.0953681457548097,48,0.6926611545029289,0.0969370417945572,48,6.834272734426311,0.9390896668626698,48,6.236058559655161,0.9760700881948045,48,0.0096756558753187,0.0163017005017558,48,0.5982141747711502,0.1367462388674599,48,6.71760309394748,0.9663628132804092,48,6.118915047556246,0.9951082344727592,48,1.8820293293986905,0.2857997604524589,48,1.1867634711745532,0.1849484658261846,48,9,16,0.7591492239129312,0.5896399076158014,1.411028253534358,0.11107973787596528,0.12173542256712071
perle,FA50,condition_mean_neural_and_behavior,published_input_causal_train_only;raw_preprocessing_fail,hidden,y,99902,46,0.8315430564663113,0.0747057536086859,46,0.8368440009778979,0.0718036317460635,46,4.568063855333111,0.892027345381354,46,3.880593311096852,0.8816292799393322,46,0.0053009445115865,0.0126017368826351,46,0.6874705442362593,0.1377649959870947,46,4.4137444909055725,0.9357099022451628,46,3.7292874191483487,0.9219220602974876,46,1.7934950540201728,0.2498300499585962,46,1.4364340296895846,0.2128000969064687,46,10,16,0.8556596569721767,0.8202768886858995,1.2164696040173149,0.18731341856642686,0.220497122057432
perle,FA50,condition_mean_neural_and_behavior,published_input_causal_train_only;raw_preprocessing_fail,hidden,y,105802,56,0.5164033319960486,0.1136918659851699,56,0.5485360364748623,0.1114915756618129,56,1.494701508169028,0.3133002647460312,56,1.5526930507886754,0.3571555842249508,56,0.0321327044788138,0.0277951534250146,56,-0.057991542619647,0.1820061623332781,56,0.2030397464597106,0.8515025200556615,56,0.5781807949814387,0.8234970999040505,56,1.7582121297685056,0.2128061506947301,56,1.825632458240641,0.2243733213199669,56,11,14,0.18718147487276032,0.18600893822611284,0.21973884383513398,0.12523000334832937,0.12055278715756686
perle,FA50,condition_mean_neural_and_behavior,published_input_causal_train_only;raw_preprocessing_fail,hidden,y,118879,59,0.0211164370058646,0.2577486795381213,59,0.1892134284701865,0.2500221650155917,59,3.913920095313512,1.0147319197878704,59,3.3459411345019987,1.0141194605741155,59,0.1680969914643219,0.0606494750311946,59,0.5679789608115124,0.1325524268045625,59,-3.763609158337824,1.059533831713775,59,-3.20029309665322,1.073063571204436,59,1.3720291746486926,0.2206420833738812,59,1.5357012561138337,0.2436335152362926,59,12,13,0.6239167917117538,0.6206362756242385,0.7230987945309275,0.1594096906727415,0.1864697454710649
perle,FA50,condition_mean_neural_and_behavior,published_input_causal_train_only;raw_preprocessing_fail,hidden,y,122957,51,0.5280789139020923,0.171490282808101,51,0.5632309020422632,0.1569480185267872,51,2.290097778690877,0.5344435632272639,51,2.121374762208761,0.5118671972184119,51,0.0351519881401707,0.0334077988351123,51,0.1687230164821164,0.0963038708277764,51,1.8870471998108231,0.6634152051366216,51,1.6678120829329848,0.6696912474588435,51,2.2047561879899007,0.3157599395915232,51,2.116828665387736,0.3027861523065634,51,13,14,0.40160484740105407,0.39908868926785523,0.4714637266887234,0.1753658080183063,0.1893134841403062
perle,FA50,condition_mean_neural_and_behavior,published_input_causal_train_only;raw_preprocessing_fail,hidden,y,126479,53,-0.1980772082268338,0.2566803373803225,53,-0.1706638624431806,0.2603580362423894,53,2.7765270694827064,0.709850594872208,53,1.7127133279538718,0.4872497315255827,53,0.0274133457836532,0.0398242957414403,53,1.063813741528835,0.391230577282772,53,2.258342776196692,0.8768728747143572,53,0.6991250271381158,0.8666658386719839,53,1.3592316682087084,0.2277303889035148,53,1.7939740927565235,0.2891745952108109,53,14,15,1.7146574173133295,1.7032968043771988,2.0225598530273023,0.6175547273280453,1.0011350932626772
perle,FA50,condition_mean_neural_and_behavior,published_input_causal_train_only;raw_preprocessing_fail,hidden,y,158705,57,0.2260936887038284,0.2829954433741646,57,0.1835028993838526,0.2867488500198589,57,1.76201488492057,0.5025176128361282,57,1.940694118402642,0.5928681797326053,57,-0.0425907893199757,0.041238550786819,57,-0.1786792334820721,0.1438728315022498,57,-1.0104334240201598,0.8649988260404349,57,-1.3658583284214367,0.8609761075557071,57,0.7415350105932411,0.1216330745494797,57,0.7634445222466174,0.1299252542751198,57,15,16,0.5340197327344335,0.529657412539376,0.6404843876835185,0.3030733379749551,0.27516944977087765
perle,FA50,condition_mean_neural_and_behavior,published_input_causal_train_only;raw_preprocessing_fail,hidden,y,159613,50,-0.732330639254641,0.0711098841387632,50,-0.711652855038407,0.0790338493927782,50,3.117370533663916,0.3994442146126888,50,2.815667994092284,0.3594320097126597,50,0.0206777842162339,0.0150880939322181,50,0.3017025395716316,0.0891818809091465,50,-1.5204145485665908,0.610440511457342,50,-1.083733536555498,0.6124771881250444,50,1.1207622757288127,0.1913239812177415,50,1.1047553045306373,0.1956308218712388,50,16,18,0.4027732486217413,0.39970936988307276,0.48094786901481434,0.12920287924462825,0.14304713818064602
perle,FA50,condition_mean_neural_and_behavior,published_input_causal_train_only;raw_preprocessing_fail,hidden,y,163248,39,0.0431739775626668,0.2175562496164312,39,-0.034907244084647,0.2198165874019215,39,1.2410852068211986,0.3510835530516032,39,1.2613968701259926,0.3704992308133848,39,-0.0780812216473139,0.0316561106307702,39,-0.0203116633047937,0.0894825153924505,39,0.287563828440002,0.7919636706004739,39,0.393578585907523,0.7886242199773162,39,7.431490354792468,0.990296163487395,39,8.685495184223969,1.17343187114728,39,17,13,0.16127410312766946,0.1600615847974945,0.19171429267415308,0.1299460361313484,0.12785357800321864
perle,FA50,condition_mean_neural_and_behavior,published_input_causal_train_only;raw_preprocessing_fail,hidden,y,167848,56,0.2720181900284947,0.24588466825998,56,0.263925918353051,0.2402958366860826,56,2.5564046114086945,0.6127408198638257,56,2.2659936776969265,0.5861227457570894,56,-0.0080922716754437,0.0321220204748908,56,0.2904109337117678,0.091729782817015,56,-2.2326235515789525,0.7078656523507119,56,-1.8807006171583904,0.7073530834838057,56,0.9793135001682703,0.2029935268959162,56,0.979083215019576,0.2025588775988951,56,18,16,0.0020810487806844856,0.002064906064047743,0.0024858094231605676,0.0008140529755724912,0.00091838243026326
perle,FA50,condition_mean_neural_and_behavior,published_input_causal_train_only;raw_preprocessing_fail,hidden,y,179553,58,0.6787165614388319,0.1298092920322753,58,0.697705488248827,0.1270227956430065,58,1.074491377807371,0.2722405531127331,58,1.1128271033401629,0.2915408210012432,58,0.0189889268099951,0.0228992697623617,58,-0.038335725532792,0.0853172606569075,58,0.2388827563731189,0.6451636947449587,58,0.4013668078013114,0.6338318301575514,58,1.714777381782168,0.2716101659304165,58,1.7598742572045531,0.2686215381152563,58,19,14,0.025392163638166574,0.025202851775004868,0.030193183953313052,0.023631798414224914,0.02281770776605972
perle,FA50,condition_mean_neural_and_behavior,published_input_causal_train_only;raw_preprocessing_fail,hidden,y,182748,51,0.7818679483111005,0.0745787799881136,51,0.7474401994978856,0.0898371872043425,51,5.563792241135824,1.0504057400582445,51,5.73568781886079,1.0900112520035616,51,-0.0344277488132147,0.0208456820027611,51,-0.1718955777249683,0.0883397079537793,51,-5.464272365166476,1.0795959933064654,51,-5.641312397990656,1.1187183121959827,51,1.5986776282188653,0.2594794948518083,51,1.8353926963630167,0.3117006457547809,51,20,17,0.312180282652636,0.2356471944909771,0.5971712045512971,0.056109263092991725,0.05442769769060418
perle,FA50,condition_mean_neural_and_behavior,published_input_causal_train_only;raw_preprocessing_fail,hidden,y,183171,51,-0.7713494383413935,0.0922960653175672,51,-0.747051068553893,0.1053414734859185,51,3.9487723152134206,0.8754504075376192,51,3.187703792338424,0.7820932696556983,51,0.0242983697875003,0.0174903704814731,51,0.7610685228749977,0.1407337139911405,51,-3.3595025074124054,1.0421581924321646,51,-2.499987243897541,1.0072924817434417,51,1.894329430067047,0.3330173883898519,51,2.0167952857402214,0.3646198517752474,51,21,14,0.5720824819481766,0.5678216148251773,0.6801966463589473,0.14487603646938987,0.1794653829892113
perle,FA50,condition_mean_neural_and_behavior,published_input_causal_train_only;raw_preprocessing_fail,hidden,y,184642,57,0.0838188763502227,0.2507129119016813,57,0.0661974691502397,0.2499998569033861,57,2.9782247805762854,0.646853150154304,57,3.014092989336304,0.6487273058653579,57,-0.0176214071999829,0.0256099487330532,57,-0.0358682087600186,0.075965482598658,57,2.4194336652174493,0.8303779531154147,57,2.483405803698653,0.8141390389146601,57,1.258845877965597,0.1543603150804029,57,1.2804286866953696,0.1544212284831421,57,22,16,0.273721800325257,0.27160379615440533,0.32689717675585506,0.09190770357914084,0.09081398659353568
perle,FA50,condition_mean_neural_and_behavior,published_input_causal_train_only;raw_preprocessing_fail,hidden,y,187617,54,0.5121583455477485,0.1714405115308244,54,0.5375188101351792,0.1639556075000158,54,3.0744417938061495,0.7763080449659899,54,2.2618824480670967,0.7125870280045726,54,0.0253604645874306,0.0347525776500106,54,0.8125593457390534,0.1602524949374677,54,2.937689637435422,0.8189344901794405,54,2.0542373139202934,0.7960415091512474,54,1.5011260434921383,0.2100478260190114,54,1.2224664840219353,0.1791441781297343,54,23,13,1.0415855724098995,1.031493529225356,1.2634383714173238,0.3387885158562133,0.460495006404949
perle,FA50,condition_mean_neural_and_behavior,published_input_causal_train_only;raw_preprocessing_fail,hidden,y,197632,47,-0.1318834384123669,0.2036002043823631,47,-0.1099245505916712,0.2064015892767511,47,2.236615740139896,0.3176817636323778,47,2.0672614842782813,0.2867654526066854,47,0.0219588878206956,0.0285057805851078,47,0.169354255861615,0.1374277945433186,47,-0.8321114878403254,0.8140552368637575,47,-0.4272240665957982,0.8431515965698889,47,0.9635649864674044,0.1363220943082985,47,0.9579572624186417,0.1336294528486195,47,24,17,0.27068571327516017,0.26861107132653783,0.3232333557189442,0.12102468404261042,0.1309392717533561
perle,FA50,condition_mean_neural_and_behavior,published_input_causal_train_only;raw_preprocessing_fail,hidden,y,199564,49,-0.608976486910553,0.1137448732581849,49,-0.5652013302924171,0.1279137553744878,49,2.288629381133435,0.2659442933493617,49,2.2383690082848102,0.2836468424034889,49,0.0437751566181357,0.0238394975165343,49,0.0502603728486244,0.0682808633100701,49,-0.2063212037118202,0.8640881238240707,49,-0.3326826580859365,0.8631147413742154,49,1.3981532509822328,0.1843318178524237,49,1.2843510807800786,0.1790031436614788,49,25,15,0.2514872260729745,0.2496295464190708,0.29906283869545014,0.1098855184444178,0.11235288960048685
perle,FA50,condition_mean_neural_and_behavior,published_input_causal_train_only;raw_preprocessing_fail,hidden,y,204372,53,-0.3145520220355835,0.202947674738502,53,-0.3261243009413284,0.1994146537100573,53,3.897979984278997,0.5624867360101875,53,3.500595310863618,0.5385175699663132,53,-0.0115722789057448,0.0290805356776491,53,0.3973846734153796,0.0851942445012472,53,3.3693736507839604,0.6407060589843158,53,2.933721014168384,0.6337656118953136,53,0.9196826948136863,0.1376078766597812,53,1.0285502832156672,0.1465547597624583,53,26,17,0.7929651683546097,0.7862281432632061,0.9546645998438876,0.20342976915036243,0.22652294765228959
perle,FA50,condition_mean_neural_and_behavior,published_input_causal_train_only;raw_preprocessing_fail,hidden,y,204678,45,0.3617820673386095,0.2078045206983242,45,0.2367850265937081,0.2162371683172482,45,5.0396844107960055,1.1377824870060542,45,4.99090980767459,1.1343263073460803,45,-0.1249970407449014,0.040185312431139,45,0.0487746031214167,0.0994334491352831,45,-4.9264998980350265,1.1639970342086177,45,-4.853338298846291,1.1644345504135931,45,1.3049323778041353,0.1959114222627856,45,1.2055546108293504,0.1798623688705472,45,27,15,0.07461274977834886,0.05900929833132871,0.135886613260495,0.014805044065559646,0.014949729138285734
perle,FA50,condition_mean_neural_and_behavior,published_input_causal_train_only;raw_preprocessing_fail,hidden,y,206128,53,0.4736835487967108,0.2686689395650651,53,0.4452712521433371,0.2722181824210646,53,2.923012892651506,0.7559129269782592,53,2.2799524837291303,0.681295086056436,53,-0.0284122966533736,0.0385502201331126,53,0.6430604089223754,0.1520069343528337,53,2.5720301583358256,0.8661338430400684,53,1.8074655018569945,0.885449931888974,53,0.7294898628364938,0.1289738045172185,53,0.7779715627817354,0.1463478815661359,53,28,12,0.9701622079522854,0.9632863156157985,1.1469892673621933,0.3319048678817963,0.4255186083376049
perle,FA50,condition_mean_neural_and_behavior,published_input_causal_train_only;raw_preprocessing_fail,hidden,y,217817,49,0.578366412771219,0.1308829165728177,49,0.6169714262897463,0.1228976785949258,49,3.682423236028313,0.6030633968304729,49,3.1742610734478505,0.5747189412941294,49,0.0386050135185272,0.024916837126265,49,0.5081621625804627,0.11028893956478,49,3.4880852171600245,0.6425702394809962,49,2.9627748179488127,0.623891150347567,49,1.6007514987796638,0.1783753844626276,49,1.3900357436385522,0.1580197149897403,49,29,15,0.6962535768297671,0.6855402647910442,0.8826681929772402,0.1890748380082223,0.21934351356723894
perle,FA50,condition_mean_neural_and_behavior,published_input_causal_train_only;raw_preprocessing_fail,hidden,y,218791,56,0.6830214757664527,0.1239270646297692,56,0.7072490478057964,0.1198687864773674,56,2.1627121597426706,0.6572390183845973,56,2.7458945582042484,0.7486226126200126,56,0.0242275720393436,0.0150649750742205,56,-0.583182398461578,0.2001945684972959,56,1.80224573149095,0.8266795884622351,56,2.5109838696650835,0.8354952321043078,56,1.2380138003856318,0.1606719670981847,56,1.3743137184093754,0.1815423958410845,56,30,16,0.5619948591925006,0.5514940861781015,0.7274222567013333,0.25985652166461637,0.2046673123384724
perle,FA50,condition_mean_neural_and_behavior,published_input_causal_train_only;raw_preprocessing_fail,hidden,y,226533,59,-0.2702312746935507,0.3153284827275455,59,-0.3487721777881465,0.2915872618182095,59,3.220456817282918,0.7019713019151618,59,3.208529537245487,0.7033661273446331,59,-0.0785409030945956,0.0512758746713702,59,0.011927280037431,0.1113332477062132,59,-3.006844328901252,0.7604452916736665,59,-2.977796949824377,0.764080119993261,59,1.11425648519701,0.2192251353208842,59,1.2062138813323324,0.247222114433599,59,31,13,0.1979938410031749,0.19650571784665127,0.235359198510239,0.06148004840202181,0.061708592270947896
perle,FA50,condition_mean_neural_and_behavior,published_input_causal_train_only;raw_preprocessing_fail,hidden,y,232533,53,-0.0883357752759638,0.2494300210305224,53,-0.0922162260004802,0.2484141813185196,53,1.5186063527703042,0.3314275179053236,53,1.5381156775270957,0.3608329536516049,53,-0.0038804507245164,0.0319815472367759,53,-0.0195093247567913,0.0975292143463863,53,0.0477298971257887,0.6670748896840154,53,0.2717103582226274,0.6562325786094453,53,1.6060124132015354,0.3258774103416067,53,1.6604110240369894,0.3311749289351512,53,32,14,0.09127936341836485,0.09045767588981768,0.11016200923439001,0.06010732356798671,0.05934492753179603
perle,FA50,condition_mean_neural_and_behavior,published_input_causal_train_only;raw_preprocessing_fail,hidden,y,241919,43,0.7408124695288725,0.1064050005145421,43,0.7363006120999486,0.1094444049765806,43,4.785347297619752,1.2100975270609486,43,4.786522802931638,1.24654109538988,43,-0.0045118574289239,0.0202371400601442,43,-0.0011755053118861,0.1436069236791895,43,4.642010291515211,1.2446328718848547,43,4.64075027882198,1.2858508273363545,43,1.1691275169262894,0.2229842501094671,43,1.1014896550843498,0.2119973566425411,43,33,18,0.11461457125882343,0.09998621954429347,0.19178177274191732,0.023951150069261035,0.023945267990497104
perle,FA50,condition_mean_neural_and_behavior,published_input_causal_train_only;raw_preprocessing_fail,hidden,y,242380,50,-0.3456555723603112,0.2438466917401806,50,-0.185816607106355,0.2625067457503915,50,6.27065459354343,0.7766654332225443,50,6.0538942620866605,0.765401697455215,50,0.1598389652539563,0.0485846091923158,50,0.2167603314567703,0.085951231009907,50,-5.965939575649364,0.7967141172794004,50,-5.801596884970567,0.7848985695227624,50,0.9773812688033732,0.1329532199677957,50,1.0065244125741843,0.1349325577141529,50,34,17,0.2794190176750994,0.09079293994499359,1.0326131038694086,0.04455978454989416,0.046155252400921366
perle,FA50,condition_mean_neural_and_behavior,published_input_causal_train_only;raw_preprocessing_fail,hidden,y,244437,50,-0.2635617009496232,0.2252371156406037,50,-0.1940689819955877,0.2376257997436471,50,4.918491574194684,0.5451698192051525,50,3.9452813399795414,0.5269108154206804,50,0.0694927189540354,0.0331081081524605,50,0.9732102342151424,0.1117305507805928,50,-4.67019313195816,0.588989634951073,50,-3.6802708409209255,0.5838064521256398,50,1.6009422241078062,0.2242974140407124,50,1.8632587901301645,0.2558121316179043,50,35,14,0.8370154182715623,0.8294814551402665,1.0101575399080938,0.1701772597645669,0.2121560786526577
perle,FA50,condition_mean_neural_and_behavior,published_input_causal_train_only;raw_preprocessing_fail,hidden,y,245662,41,0.5883432319647208,0.183452857555207,41,0.566003552269696,0.1780014160729355,41,4.204913094027139,0.7732181177392725,41,5.660007601293038,0.8410827592634955,41,-0.0223396796950248,0.0302245794417383,41,-1.4550945072659,0.1292734794251434,41,-4.0257376219566074,0.800980380111805,41,-5.56628452611254,0.8567237292174847,41,0.8154075489938157,0.1775279457055926,41,1.191400455669512,0.2455177047836628,41,36,18,1.6824255067592457,1.6184089692350316,2.3715325593854155,0.4001094598480629,0.297247923549589
perle,FA50,condition_mean_neural_and_behavior,published_input_causal_train_only;raw_preprocessing_fail,hidden,y,248856,53,0.4824555749257323,0.1758635784832957,53,0.5189967348938048,0.1711288374903162,53,1.672667951237863,0.34766076434669,53,1.7776572925467722,0.4873910997925439,53,0.0365411599680722,0.0257879430688843,53,-0.1049893413089093,0.3012488772308221,53,0.2524123359991762,0.9319821175447977,53,0.8922568393936786,0.9349798645679652,53,0.8505919767977669,0.162099387552371,53,0.8767367932084738,0.1666279327788222,53,37,12,0.49440519162192126,0.4900525807363385,0.5943464456418148,0.2955788034654668,0.278121769418001
perle,FA50,condition_mean_neural_and_behavior,published_input_causal_train_only;raw_preprocessing_fail,hidden,y,251629,52,0.763362344326517,0.1083736029869614,52,0.7585951812364496,0.1098723868950183,52,2.7660443250151587,0.8856635139415161,52,4.629367801704034,0.9944680325023544,52,-0.0047671630900672,0.0300222085008533,52,-1.863323476688876,0.2144133703525825,52,2.4365308836840565,1.022817642204837,52,4.467229091803353,1.0316775036911872,52,1.078374816027138,0.1645955357544352,52,1.5113556758867748,0.2391734325182285,52,38,20,1.867577968629976,1.8005054091435042,2.6176893428524295,0.6751800583021175,0.403419656554948
perle,FA50,condition_mean_neural_and_behavior,published_input_causal_train_only;raw_preprocessing_fail,hidden,y,258471,53,-0.1965380184202568,0.2410681893762208,53,-0.2193994040075692,0.2382042482983675,53,2.1622849177119323,0.3118165668707116,53,2.057780037312319,0.2974438910349431,53,-0.0228613855873124,0.0207364092496637,53,0.1045048803996131,0.0841197251623823,53,0.5790671994956331,0.6774135295248296,53,0.3472574385853827,0.64730428620623,53,0.9394018554280674,0.1396343642401727,53,0.9766960461697268,0.152087303839775,53,39,17,0.5241227037453425,0.5194203714923775,0.6338125187758754,0.24239298875559567,0.25470297808404385
perle,FA50,condition_mean_neural_and_behavior,published_input_causal_train_only;raw_preprocessing_fail,hidden,y,269179,52,-0.2146279022439096,0.275076637081413,52,-0.2513138878972416,0.2663542931954591,52,1.7196557012812252,0.4010885176359876,52,1.975441859261453,0.4623789723796442,52,-0.036685985653332,0.024756621213402,52,-0.2557861579802278,0.1318833334307651,52,0.5965186615854374,0.660991278241516,52,1.0938693130639343,0.639770063626946,52,1.2580105537765571,0.2434004379893476,52,1.2544516325699673,0.2451195751619741,52,40,14,0.16149351549451643,0.16004016299067667,0.19489679248074232,0.09391037716107711,0.08175057885778175
perle,FA50,condition_mean_neural_and_behavior,published_input_causal_train_only;raw_preprocessing_fail,hidden,y,270569,46,-0.1129026111064049,0.2524451016695694,46,0.035487730128891,0.2512281486044466,46,5.170947534052861,0.6275379295608308,46,5.072455900021133,0.5933096395627878,46,0.1483903412352959,0.0283952496267323,46,0.0984916340317279,0.0960411794605942,46,4.732900463279866,0.67206019296822,46,4.725135293059785,0.6325981189456122,46,0.7690621187716107,0.1055563655346575,46,0.8030414018636534,0.1036458163585828,46,41,20,0.3996794286104091,0.1316959802192891,1.5421878074557123,0.07729326704213343,0.07879406671800615
perle,FA50,condition_mean_neural_and_behavior,published_input_causal_train_only;raw_preprocessing_fail,hidden,y,273073,52,-0.0362298857305828,0.2572397042243796,52,-0.1122887133581403,0.258747151718622,52,6.096098523466251,0.944214796763284,52,5.644247024677545,0.9157710337828964,52,-0.0760588276275575,0.0363521099214867,52,0.4518514987887042,0.1044839401217349,52,-5.978695407324261,0.9577902296107806,52,-5.496040125896392,0.9339802165357108,52,1.6639902225202532,0.2318494539112899,52,1.3766891429778596,0.2022136017178642,52,42,13,0.34297201244479086,0.3247894339425352,0.5014849947869733,0.056260903777154904,0.06076488341939371
perle,FA50,condition_mean_neural_and_behavior,published_input_causal_train_only;raw_preprocessing_fail,hidden,y,273515,43,0.5917627766959898,0.188601387187774,43,0.577182268777592,0.2029655515619037,43,5.242342071848491,0.7125315537364697,43,5.020719216936209,0.7167845830444534,43,-0.0145805079183976,0.0279303258760734,43,0.221622854912282,0.0821124689872946,43,-5.152056002089431,0.7260191650979553,43,-4.929444773639057,0.7327199427167491,43,1.7915158378424274,0.2670436386578208,43,1.760010964447454,0.270751088131414,43,43,14,0.03367050142942043,0.032632710231225125,0.04600817705040949,0.0064227974763859585,0.006706310385938523
perle,FA50,condition_mean_neural_and_behavior,published_input_causal_train_only;raw_preprocessing_fail,hidden,y,287936,52,-0.2610173123223515,0.2983598292641346,52,-0.2636335324011845,0.3036550367701229,52,3.3386702940409405,0.7349129889240034,52,3.326158929578917,0.7524643781245942,52,-0.0026162200788329,0.0390895068198599,52,0.0125113644620236,0.1015688974565873,52,-3.012442614791099,0.8515995171146326,52,-3.015394094433233,0.863185641112949,52,1.105912886145486,0.2051532390062722,52,1.1550940690092384,0.2200653824440594,52,44,14,0.2979124962520466,0.2950436595635026,0.36154813590686086,0.08923088236169313,0.08956652479915068
perle,FA50,condition_mean_neural_and_behavior,published_input_causal_train_only;raw_preprocessing_fail,hidden,y,297652,55,-0.4146622119044715,0.1975022897585313,55,-0.3189570372823943,0.2177846270922652,55,2.705255709666091,0.7002301896780871,55,2.62722473228751,0.699626679686223,55,0.095705174622077,0.0357297231805051,55,0.0780309773785812,0.0802331582703327,55,-2.119606228528077,0.8876517980010634,55,-2.098121088886264,0.867542238703428,55,1.5652005580153467,0.2640429845845632,55,1.4755547598517156,0.2546819911636406,55,45,14,0.04606675884515804,0.045556084873540695,0.05658570154326359,0.017028615328509574,0.017534380777942803
perle,FA50,condition_mean_neural_and_behavior,published_input_causal_train_only;raw_preprocessing_fail,hidden,y,301600,50,-0.3107494958997929,0.2877568370317656,50,-0.4022464673123867,0.2551747792689809,50,1.627686861487016,0.4510332239547965,50,1.6633363092422693,0.4403544567169347,50,-0.0914969714125937,0.0514755426463037,50,-0.035649447755253,0.0673510342973496,50,-0.8182106087008557,0.7910235085927472,50,-0.78829649637838,0.7916048524338875,50,1.4687152203817209,0.2868859236297444,50,1.6368206550601507,0.3261510019011675,50,46,13,0.22566257369495824,0.2234203797584725,0.2743050664162528,0.13864004129688576,0.13566863925297135
perle,FA50,condition_mean_neural_and_behavior,published_input_causal_train_only;raw_preprocessing_fail,hidden,y,320246,53,0.7561078802588422,0.1010533637263311,53,0.7486433390679673,0.1055548427767736,53,4.127331565735033,0.9024846321719436,53,4.389576615563001,0.9253685568520368,53,-0.0074645411908747,0.0173265902874099,53,-0.2622450498279673,0.1115680014317251,53,-4.030958474863662,0.9362518720072888,53,-4.301501814199395,0.9563445172028822,53,1.6416171156750905,0.3082463832182495,53,1.8228384782107627,0.3606107055569997,53,47,14,0.4611715415260994,0.4489911566549603,0.6187673125011788,0.11173600525693887,0.10506059739133865
perle,FA50,condition_mean_neural_and_behavior,published_input_causal_train_only;raw_preprocessing_fail,hidden,y,325813,56,0.7776930071132807,0.0857673302297829,56,0.7923613687857304,0.0803870431702798,56,5.6799800664341245,0.787737308913724,56,5.409917986066939,0.7892604451232595,56,0.0146683616724497,0.0154784339320459,56,0.2700620803671835,0.1637242076197381,56,5.538610114047928,0.8324088844315817,56,5.284591095694455,0.824893931559654,56,1.9099327820596923,0.3510845824292431,56,1.4903155228573746,0.2772115830744956,56,48,16,0.4201350502715049,0.3262436109390127,0.7810734181320367,0.07396769801258554,0.07766015147614963
perle,FA50,condition_mean_neural_and_behavior,published_input_causal_train_only;raw_preprocessing_fail,hidden,y,328386,47,-0.1383454543249234,0.206221635469709,47,-0.1415331821640595,0.2042404520358333,47,2.30619739321966,0.693412702169043,47,2.3367978339657998,0.7021394621202458,47,-0.003187727839136,0.0391188246853639,47,-0.0306004407461399,0.1058544608273639,47,1.7399545229762554,0.8970663737162573,47,1.8067430058162413,0.8977239215612488,47,1.617613176108939,0.2237367697553576,47,1.7057602887433807,0.2481951868198087,47,49,13,0.28994620416964,0.287064798283895,0.3524503058251218,0.12572479919632937,0.1240784290173574
perle,FA50,condition_mean_neural_and_behavior,published_input_causal_train_only;raw_preprocessing_fail,hidden,y,330797,55,-0.403778643023827,0.1879438975105777,55,-0.379853889514948,0.2067050552855973,55,2.516788164704992,0.5471290836344802,55,2.3457748261189217,0.4935675581418551,55,0.0239247535088791,0.0332713857956659,55,0.1710133385860703,0.0958609057567588,55,1.0872008224331613,0.9254539457389512,55,0.8682474919387883,0.915939676680732,55,1.3576631660030103,0.2167989552106056,55,1.4282993370836423,0.2425430227498259,55,50,16,0.487147459746816,0.48104207457484965,0.6061309021176431,0.19355918252417462,0.207670171204284
perle,FA50,condition_mean_neural_and_behavior,published_input_causal_train_only;raw_preprocessing_fail,hidden,y,332165,48,0.6138324344027138,0.1687130788258049,48,0.6252909566602854,0.1599383080869041,48,4.207294968053176,1.148703361590404,48,6.366504870890355,1.344357254723881,48,0.0114585222575716,0.0263849261436769,48,-2.159209902837178,0.2939899345584071,48,3.5909056863509625,1.3321134969892017,48,6.2656735067728055,1.3719625073334123,48,0.5127585621615004,0.0807094047441702,48,1.316725526167062,0.205924081364692,48,51,28,2.9758731568493966,2.5112336307990515,5.190852382745875,0.7073126984073592,0.4674265106520245
perle,FA50,condition_mean_neural_and_behavior,published_input_causal_train_only;raw_preprocessing_fail,hidden,y,340684,52,0.1511087022925476,0.3924137847190415,52,0.158455427314982,0.3811581331430061,52,6.52992393049082,0.7947868234799487,52,6.083436098379405,0.8481488091602855,52,0.0073467250224344,0.0876085823242883,52,0.4464878321114148,0.1300989289771847,52,6.4505585868017565,0.804399294008107,52,5.967382346650699,0.8663977500321175,52,0.8543628733744868,0.1461394441910491,52,0.6576633972180225,0.1005694667355436,52,52,30,0.4736411252116809,0.41586868388599413,0.7956333110400182,0.07253394224089833,0.077857499865554
perle,FA50,condition_mean_neural_and_behavior,published_input_causal_train_only;raw_preprocessing_fail,hidden,y,351612,48,-0.2401075520740677,0.2854994420431065,48,-0.2686802323978499,0.2734611139421014,48,2.2380556132657268,0.5510010576735092,48,2.0584148860610094,0.4551549095037902,48,-0.0285726803237822,0.0359599604242799,48,0.1796407272047172,0.2131872839506266,48,0.9069286435234952,1.057048727276949,48,0.4331932300826335,1.0600246200299546,48,0.7042387674588307,0.1013491364962123,48,0.7689935599458431,0.1167740505241857,48,53,17,0.7111440068320141,0.703123906188671,0.8770401388914797,0.3177508202284244,0.3454813758138244
perle,FA50,condition_mean_neural_and_behavior,published_input_causal_train_only;raw_preprocessing_fail,hidden,y,356164,56,0.5727951633900169,0.1390853481773408,56,0.5899621134899061,0.1413694883302798,56,2.721104833224653,0.7102169525669662,56,2.017167355665804,0.6428559901287209,56,0.0171669500998892,0.032864149721358,56,0.703937477558849,0.1647857330767887,56,2.5051951780474746,0.8039208309805332,56,1.6835012998867211,0.8362253841083336,56,1.905724590955772,0.3192725476763805,56,1.5713032997525846,0.2553514080159796,56,54,13,0.8663161119273897,0.8562635651172559,1.0672793502675524,0.3183692525733231,0.42947161002486367
perle,FA50,condition_mean_neural_and_behavior,published_input_causal_train_only;raw_preprocessing_fail,hidden,y,356765,58,0.5384829150257251,0.121092075716353,58,0.5675864652517869,0.1139571752756973,58,2.449168486457217,0.6276052888936455,58,2.282537989749277,0.6194635933865118,58,0.0291035502260618,0.0207604498947318,58,0.1666304967079401,0.141024920064671,58,1.946072802041456,0.8341621520267626,58,1.7278380428161468,0.8668744433131662,58,2.1805089113517018,0.2414604175759312,58,1.9856059080939057,0.2274376096640202,58,55,14,0.5067507543447813,0.5002086816385561,0.6310817682159682,0.20690726552578215,0.2220119694044807
perle,FA50,condition_mean_neural_and_behavior,published_input_causal_train_only;raw_preprocessing_fail,hidden,y,370777,49,0.0014209881140739,0.1962611792404584,49,-0.0480919295840008,0.1880254004256103,49,1.4292154070928549,0.297005909888983,49,1.5023888487568997,0.3178366484944324,49,-0.0495129176980748,0.0261205096775339,49,-0.0731734416640449,0.1104896362122524,49,0.130361806623748,0.7487217843442949,49,0.3771393729216466,0.7447902502909111,49,1.3540418268735268,0.2045166155082017,49,1.3859356190038017,0.2174768889004279,49,56,13,0.026262994814400694,0.025981314064339796,0.03213287472583948,0.018375812829937124,0.017480823846723243
perle,FA50,condition_mean_neural_and_behavior,published_input_causal_train_only;raw_preprocessing_fail,hidden,y,377134,51,-0.1598074443210013,0.1772712802415302,51,-0.1565476998157832,0.1855172392444469,51,2.121167127731868,0.2663039372871521,51,2.112609336327393,0.2846002699471155,51,0.0032597445052181,0.0365865232463131,51,0.0085577914044747,0.0678465008506813,51,-0.3468028610862507,0.6706622347134451,51,-0.3522514624639027,0.6754525221365772,51,1.1218990568700018,0.1158982169712117,51,1.0985436542214908,0.1175847204066496,51,57,17,0.056387603149186775,0.05556387019704504,0.07124554677714823,0.0265832910627279,0.0266909750797619
perle,FA50,condition_mean_neural_and_behavior,published_input_causal_train_only;raw_preprocessing_fail,hidden,y,379400,46,-0.6973414953105158,0.1169086157338301,46,-0.6985323021329223,0.1086471513918765,46,3.494817121281411,0.7873618534284184,46,2.9666039655246026,0.5895310406291806,46,-0.0011908068224063,0.0451225082827962,46,0.5282131557568076,0.3002585140610174,46,-2.3010491347194115,1.0894183216747402,46,-1.507500430148866,1.0464083148918657,46,1.3535030329997717,0.2168586506605162,46,1.5957542106970932,0.2495107081387559,46,58,33,0.9164521615455263,0.9026982129919675,1.1684915904825677,0.26223179346491804,0.30892298810214275
perle,FA50,condition_mean_neural_and_behavior,published_input_causal_train_only;raw_preprocessing_fail,hidden,y,381514,52,-0.6556818546346513,0.2151220770375222,52,-0.6550922787091217,0.2071625890843913,52,3.706618181779637,0.7414596965982714,52,3.2276614138276063,0.676942931978114,52,0.0005895759255295,0.0733658726714291,52,0.4789567679520321,0.2046168647718849,52,-3.0538862020531927,0.8494017249212692,52,-2.493611157014463,0.841786243678569,52,1.2971053895235778,0.2524883218324093,52,1.479639147361287,0.2902989427153359,52,59,31,0.6015052032404475,0.5922301898869855,0.7686947803557751,0.1622787062873712,0.18635944918619482
perle,FA50,condition_mean_neural_and_behavior,published_input_causal_train_only;raw_preprocessing_fail,hidden,y,388571,46,-0.4336921690616978,0.234567444624872,46,-0.4296723214752333,0.2267795273330474,46,2.3562403632151767,0.3367740334195735,46,2.2915525905895078,0.2887635285906747,46,0.0040198475864646,0.0382369029241922,46,0.0646877726256699,0.1007400509716923,46,0.2345171860665014,0.8638740068436426,46,0.0575413359131875,0.8187887157284691,46,1.2258983779492518,0.2075914798058266,46,1.2355798650055887,0.197065600313439,46,60,33,0.14920558874962334,0.14696344705121295,0.1902644057129681,0.0633235857762944,0.06511113441705468
perle,FA50,condition_mean_neural_and_behavior,published_input_causal_train_only;raw_preprocessing_fail,hidden,y,394672,41,-0.0117258989724335,0.3577828399504667,41,-0.0189830078028271,0.3474856591907896,41,2.140969935166509,0.7041877307579735,41,2.5177874392573893,0.8393421850282072,41,-0.0072571088303935,0.0938009545046574,41,-0.3768175040908802,0.2220899201688863,41,1.4458530155925076,1.038734984522243,41,2.100645502673208,1.0190806802705137,41,1.043823255020656,0.1096745968264867,41,1.2116027750552716,0.1276688846392468,41,61,31,0.8616562050801722,0.8472764061178585,1.1101731102281218,0.4024606749151566,0.34222754139019534
perle,FA50,condition_mean_neural_and_behavior,published_input_causal_train_only;raw_preprocessing_fail,hidden,y,396358,53,0.6708334280014933,0.1078748909987259,53,0.6791408325243214,0.1003046096022554,53,1.5294679319522877,0.4459173854796691,53,1.673455344996896,0.4912960590719961,53,0.0083074045228279,0.0263915578989087,53,-0.1439874130446087,0.0964636600676966,53,0.8897430501969176,0.7647333673744378,53,1.1363031840367996,0.7550117979273777,53,1.7939387659439234,0.3007605140675409,53,1.8593702811633444,0.2926380695325248,53,62,14,0.11060692659888961,0.10905477924165638,0.13882830899771537,0.07231725771308295,0.06609493759697231
perle,FA50,condition_mean_neural_and_behavior,published_input_causal_train_only;raw_preprocessing_fail,hidden,y,400995,60,-0.5441434614061011,0.2003343484417832,60,-0.5504426514089574,0.1900613286771245,60,4.101540264012422,0.7647942941753186,60,3.3923977257509006,0.736214528633444,60,-0.0062991900028562,0.0263207733854,60,0.7091425382615212,0.0878508352683576,60,3.629981774200848,0.8370749626456112,60,2.8711272734066053,0.8475121890470995,60,1.2478861980361304,0.2459709631646775,60,1.5568052260862868,0.3077473639403161,60,63,15,1.0248920056910553,1.0103176641124973,1.2893558915889765,0.24987978654839102,0.3021143416974192
perle,FA50,condition_mean_neural_and_behavior,published_input_causal_train_only;raw_preprocessing_fail,hidden,y,401673,46,-0.3548308328985179,0.2268684407052511,46,-0.3788774024584539,0.2224087427954397,46,3.772055270240936,0.913083244542015,46,3.427984251802193,0.8650586714700612,46,-0.0240465695599359,0.0395964034037378,46,0.344071018438744,0.1137775388433326,46,3.2938457860863197,1.029976509731752,46,2.9208212152597905,1.005618502423823,46,1.2567121693453642,0.2466149169533009,46,1.4959635616298783,0.2891935901286029,46,64,15,0.7604097761520645,0.7495937221246624,0.9566498340235485,0.20159030599344696,0.22182417429493576
perle,FA50,condition_mean_neural_and_behavior,published_input_causal_train_only;raw_preprocessing_fail,hidden,y,406460,40,-0.5533258508745696,0.2147694554019655,40,-0.5383378819658057,0.2123455193032662,40,2.3683624414126028,0.3891337827150987,40,2.327673339148712,0.393835884225098,40,0.0149879689087637,0.0380408723737276,40,0.0406891022638912,0.1002227027646967,40,0.511156021404429,1.0610516091686448,40,0.4957129768434415,1.0671681128472257,40,1.2776145214043144,0.2248497571830987,40,1.2868993719918378,0.2187317796025797,40,65,32,0.11282249939324915,0.1109328964938581,0.14545176378474345,0.04763734528991961,0.048470074170506736
perle,FA50,condition_mean_neural_and_behavior,published_input_causal_train_only;raw_preprocessing_fail,hidden,y,413189,63,0.0526237693943338,0.2777023949716216,63,0.0172340885016709,0.2966818818671995,63,2.043752669994192,0.3043770197261154,63,2.185310798118677,0.4414980483721656,63,-0.0353896808926629,0.0778443241968539,63,-0.1415581281244851,0.2422887398848743,63,0.396952352040941,0.8903057913929435,63,1.03799558920647,0.8967546020720939,63,0.523760717913018,0.0750382546232059,63,0.5515129024759907,0.0733170827775994,63,66,20,0.5501663270526094,0.5407941417158254,0.7073855968472533,0.26919418143398577,0.25175655907903116
perle,FA50,condition_mean_neural_and_behavior,published_input_causal_train_only;raw_preprocessing_fail,hidden,y,413513,37,0.5727490022162736,0.1366690101509808,37,0.5847332463262849,0.1438131575030181,37,1.5943369526233977,0.530697664884112,37,1.598842852960157,0.5448287609272385,37,0.0119842441100113,0.0213005902215623,37,-0.0045059003367594,0.1178281477749628,37,0.961655444264402,0.8739265304431341,37,1.046312089475425,0.8274411886748447,37,1.388658821616669,0.1843892898157569,37,1.3160192118944372,0.1833483612548384,37,67,15,0.1588888635286262,0.15645178365505116,0.20136658805738628,0.09965827064798499,0.09937741112858806
perle,FA50,condition_mean_neural_and_behavior,published_input_causal_train_only;raw_preprocessing_fail,hidden,y,420020,48,0.1155829989630604,0.2381491885799048,48,0.1871645616112384,0.2361662311473654,48,1.4786774578495556,0.4116740462432239,48,1.5935573675411654,0.5144131794275314,48,0.0715815626481779,0.0407304312267109,48,-0.1148799096916101,0.1762423842376997,48,-0.3900961560425015,0.8742580452202846,48,-0.7571499471850989,0.8977212553653553,48,1.8129142954424728,0.2438094454837605,48,1.537349440819756,0.216976875428171,48,68,13,0.6386211202036245,0.6298493006467185,0.7989993969726452,0.43188669497428656,0.4007518858194651
perle,FA50,condition_mean_neural_and_behavior,published_input_causal_train_only;raw_preprocessing_fail,hidden,y,428615,50,0.7057152682449254,0.1577087203191146,50,0.709154470235194,0.1465793424150974,50,6.261276972341554,0.8826660168974707,50,5.733718408623158,0.9511667865592752,50,0.0034392019902687,0.0436081907529631,50,0.5275585637183943,0.1791329139047698,50,-6.164009206118765,0.8920522761167483,50,-5.627395788479562,0.9644441211773201,50,1.4338702730028698,0.2973023342265368,50,1.219012512357597,0.2328498901563928,50,69,32,0.6587511724550484,0.6337081942464738,0.9357283598027442,0.10521035491082784,0.11489074375615088
perle,FA50,condition_mean_neural_and_behavior,published_input_causal_train_only;raw_preprocessing_fail,hidden,y,435203,57,-0.1542668310955679,0.2630103008705648,57,-0.0796521451348353,0.2788184100700576,57,1.42904487116283,0.2945224058499453,57,1.5195846039347465,0.35314497162008,57,0.0746146859607326,0.0557827683550159,57,-0.0905397327719161,0.1633472659904821,57,-0.0127033806441267,0.5484222114249792,57,-0.5013924313320953,0.5664784376117298,57,1.552081033167616,0.2501535736983995,57,1.3171344873306428,0.2300184487845195,57,70,14,0.5808421516491624,0.5711955637780194,0.7411791098556368,0.40645480304374526,0.3822374549894458
perle,FA50,condition_mean_neural_and_behavior,published_input_causal_train_only;raw_preprocessing_fail,hidden,y,448412,48,-0.186188298430508,0.1727279934147726,48,-0.1302478414108308,0.1935891691463075,48,2.3229982827059454,0.336062694456331,48,2.428867518349505,0.4213743960368741,48,0.0559404570196772,0.0382752092054409,48,-0.105869235643559,0.1220678972520772,48,1.0307195100567923,0.6944466397768073,48,1.4274625812035076,0.7016754111638188,48,1.1773469183864766,0.1276225348174596,48,1.1906076242230534,0.1270780530967147,48,71,16,0.2514422038398571,0.24752856974331794,0.31942535297751284,0.1082403743953545,0.10352240372942215
perle,FA50,condition_mean_neural_and_behavior,published_input_causal_train_only;raw_preprocessing_fail,hidden,y,454477,51,-0.1976856536185264,0.2351441229797867,51,-0.1919859117916172,0.2376687684796046,51,2.815786769995694,0.6174424028365008,51,2.617871015394119,0.5833101224404692,51,0.0056997418269092,0.0351192542387927,51,0.1979157546015749,0.0736754461600714,51,1.9513785161109056,0.7596801033532188,51,1.7435762685716685,0.7322913657007442,51,0.8394526331198107,0.1516303648473058,51,0.88380048026025,0.1578617123664507,51,72,18,0.43158567939882037,0.423742224985834,0.5579347411972755,0.15327356602342454,0.1648613231365967
perle,FA50,condition_mean_neural_and_behavior,published_input_causal_train_only;raw_preprocessing_fail,hidden,y,456038,45,0.6608836392959823,0.1531661594463407,45,0.6636469230558522,0.1680087135059474,45,4.017323680462292,1.0187852242908635,45,4.7713954292113705,1.0544230862203643,45,0.0027632837598698,0.0364863525459539,45,-0.7540717487490775,0.1023388774967306,45,-3.829423257374103,1.0453493834978065,45,-4.6544730604584315,1.0744127453182022,45,0.8752624846319202,0.1759116377933686,45,1.1681201262884715,0.2364638178677287,45,73,19,0.9807297470642533,0.8973107355242737,1.5476902846045961,0.24412515024216228,0.20554359025874136
perle,FA50,condition_mean_neural_and_behavior,published_input_causal_train_only;raw_preprocessing_fail,hidden,y,460651,46,-0.142501814390259,0.2307248070951054,46,-0.0880232884974054,0.2247946568087007,46,2.007004562670072,0.3911073470434577,46,1.9943507401394196,0.4235477487864363,46,0.0544785258928536,0.0447114466647866,46,0.0126538225306528,0.0925736212169253,46,0.5431272506319632,0.8322913984380051,46,0.7113034099939146,0.8319005998930677,46,1.107224997655829,0.1494102519398275,46,1.092421426197502,0.147655399936353,46,74,16,0.03734680084263275,0.03666775418579538,0.048202025693735884,0.01860822916762453,0.018726295275434818
perle,FA50,condition_mean_neural_and_behavior,published_input_causal_train_only;raw_preprocessing_fail,hidden,y,463174,54,0.4789090195301097,0.1750777324337493,54,0.4904114671813963,0.1492907210946116,54,6.108100786138764,1.0854236452303774,54,7.800796448425482,1.254173964120944,54,0.0115024476512865,0.051233465929993,54,-1.6926956622867213,0.2430302591729722,54,-5.510688385201934,1.1753420791589804,54,-7.680481632049954,1.2702199645283478,54,0.396737631256379,0.05436056394953,54,0.8236043546084737,0.1049823565229462,54,75,34,2.5014477565862667,1.973834891292519,4.672062705228497,0.4095295484093603,0.3206656875518346
perle,FA50,condition_mean_neural_and_behavior,published_input_causal_train_only;raw_preprocessing_fail,hidden,y,464785,55,-0.2546737265887522,0.2670458684991057,55,-0.2667636112213056,0.2498000754657399,55,1.97471545361802,0.423166252215925,55,1.890293490652201,0.3849555288696905,55,-0.0120898846325533,0.0526453694848778,55,0.0844219629658177,0.1028805134061253,55,0.5475932147673517,0.9775821621056752,55,0.4320399038100088,0.9376772456395456,55,1.990009795876983,0.2978507873696811,55,2.1075461892997818,0.3009054076145253,55,76,29,0.24555860460255385,0.24044029625595836,0.3238967414591958,0.12435138650110225,0.12990501518249933
perle,FA50,condition_mean_neural_and_behavior,published_input_causal_train_only;raw_preprocessing_fail,hidden,y,465431,50,-0.3881081400032491,0.2057040908403278,50,-0.3917577602213521,0.1943451328301409,50,2.8686174104343234,0.6149547527712225,50,2.702199971479296,0.6059262029823556,50,-0.0036496202181029,0.0421871236694694,50,0.1664174389550283,0.1261879353557533,50,2.3264091184623186,0.7121320319711074,50,2.1645861002458,0.7128655041587193,50,1.500088337844246,0.2463747634949028,50,1.5956695845710525,0.2467425052403579,50,77,29,0.30630705599186736,0.3002204478520009,0.4018902402067468,0.10677863659256356,0.11335469588661946
perle,FA50,condition_mean_neural_and_behavior,published_input_causal_train_only;raw_preprocessing_fail,hidden,y,469268,52,0.7460630259500589,0.1010400174588918,52,0.7001731892814506,0.1140523174876176,52,4.698801884941002,0.9264829063308044,52,5.443881810767701,1.0310042215727089,52,-0.0458898366686081,0.0283931909782025,52,-0.7450799258267004,0.1668010633305677,52,-4.5881163941709,0.9548820360445984,52,-5.368233651648568,1.0544135272802198,52,0.8739495846451633,0.1935759820238039,52,1.2317997916610433,0.2651678721345653,52,78,18,0.9587138342466974,0.8360948430555747,1.604687511131651,0.20403367873824182,0.1761084952929018
perle,FA50,condition_mean_neural_and_behavior,published_input_causal_train_only;raw_preprocessing_fail,no_bounce,y,29337,45,0.3579481526483326,0.1304730582235051,45,0.3901214831293368,0.127586546093792,45,4.069823402690994,0.54486277217243,45,4.149587831801355,0.5906557280269497,45,0.0321733304810042,0.0252163632257345,45,-0.0797644291103633,0.1165345240201162,45,3.3019947722532663,0.6659305793108298,45,3.459705503996756,0.7011172960763886,45,0.633487190583217,0.087203959791226,45,0.664529930158159,0.0894092677637083,45,0,50,0.12430630268114341,0.10853000306519851,0.21142671619091147,0.030543414389664,0.02995630113634237
perle,FA50,condition_mean_neural_and_behavior,published_input_causal_train_only;raw_preprocessing_fail,no_bounce,y,55062,48,,,0,,,0,,,0,,,0,,,0,,,0,,,0,,,0,,,0,,,0,1,0,,,,,
perle,FA50,condition_mean_neural_and_behavior,published_input_causal_train_only;raw_preprocessing_fail,no_bounce,y,58244,58,0.5093485166697979,0.1300195821315789,58,0.4730083678348646,0.1383796203849622,58,2.579170440709851,0.2386321480234195,58,2.661609563179345,0.2190031094444955,58,-0.0363401488349333,0.0175278947950814,58,-0.082439122469494,0.0740292024242164,58,-0.2707073004380677,0.6678019064224615,58,-0.0007759815935161,0.6541442828845279,58,0.5741325840607431,0.0625342283369958,58,0.5354316664957784,0.0546059595084688,58,2,50,0.09854042095683851,0.08603368707634367,0.16760377360235523,0.03820624624160852,0.03702286853791209
perle,FA50,condition_mean_neural_and_behavior,published_input_causal_train_only;raw_preprocessing_fail,no_bounce,y,59920,43,,,0,,,0,,,0,,,0,,,0,,,0,,,0,,,0,,,0,,,0,3,0,,,,,
perle,FA50,condition_mean_neural_and_behavior,published_input_causal_train_only;raw_preprocessing_fail,no_bounce,y,68220,53,0.7213891754699222,0.0487247619176744,53,0.730189867804928,0.046158363258156,53,2.7751476621993088,0.3857315447941996,53,2.6928171719808445,0.3546830130101095,53,0.0088006923350058,0.0063129822852642,53,0.0823304902184648,0.0573828562794955,53,1.1955885510784847,0.7845509333422372,53,1.0264967274150687,0.7876010972455285,53,0.5797670962096859,0.0633881705283952,53,0.5826739006828627,0.0631800794647573,53,4,52,0.014935087656154745,0.013038081248986358,0.02541501348861086,0.005381727199452394,0.005546268722420709
perle,FA50,condition_mean_neural_and_behavior,published_input_causal_train_only;raw_preprocessing_fail,no_bounce,y,72780,47,,,0,,,0,,,0,,,0,,,0,,,0,,,0,,,0,,,0,,,0,5,0,,,,,
perle,FA50,condition_mean_neural_and_behavior,published_input_causal_train_only;raw_preprocessing_fail,no_bounce,y,77046,50,0.7907545074358578,0.0645032094206662,50,0.8041631254719742,0.0578205252342521,50,1.7082782768119995,0.2502692258711564,50,1.7019272625433546,0.2494735122103211,50,0.0134086180361162,0.0095913013251334,50,0.0063510142686443,0.0495327544409299,50,-0.2610600344738016,0.628361830047065,50,-0.3180790105552835,0.6258112118079145,50,0.786092849016175,0.1034851600732396,50,0.7825925794666804,0.1028769530131359,50,6,47,0.08835433808625215,0.07718134491759789,0.15010182238579795,0.05172127942242502,0.05191428566354576
perle,FA50,condition_mean_neural_and_behavior,published_input_causal_train_only;raw_preprocessing_fail,no_bounce,y,77944,48,0.7210659643796703,0.0775603126189438,48,0.7436492013742102,0.0701552519483275,48,2.9523667716907966,0.67834049550159,48,2.7559213236926,0.6741111214340127,48,0.0225832369945398,0.0124803880135314,48,0.1964454479981971,0.0721014769563532,48,-2.447065224272736,0.803964798686577,48,-2.276765775301345,0.8035690740858622,48,0.9545526193632848,0.1034211569715716,48,0.9884037271004148,0.1067880786224519,48,7,45,0.18461390410382314,0.16132594599137037,0.31337161429353166,0.06253081625021008,0.06698808943372263
perle,FA50,condition_mean_neural_and_behavior,published_input_causal_train_only;raw_preprocessing_fail,no_bounce,y,90751,53,0.712533609425723,0.0589826438912001,53,0.7330937888859392,0.0558795606870726,53,2.830004852596361,0.2329954246301781,53,2.6462407571841164,0.2193479218136941,53,0.0205601794602163,0.0069765932848418,53,0.1837640954122444,0.0426778572452592,53,-0.4853012799694221,0.6917547351923644,53,-0.2927075691945256,0.704273236151003,53,0.5615988690424644,0.0601425794527736,53,0.5815367623575339,0.0615925854325472,53,8,53,0.26391245653264045,0.2303181532510828,0.4493277060358096,0.09325512508945577,0.0997310829772993
perle,FA50,condition_mean_neural_and_behavior,published_input_causal_train_only;raw_preprocessing_fail,no_bounce,y,93053,48,,,0,,,0,,,0,,,0,,,0,,,0,,,0,,,0,,,0,,,0,9,0,,,,,
perle,FA50,condition_mean_neural_and_behavior,published_input_causal_train_only;raw_preprocessing_fail,no_bounce,y,99902,46,,,0,,,0,,,0,,,0,,,0,,,0,,,0,,,0,,,0,,,0,10,0,,,,,
perle,FA50,condition_mean_neural_and_behavior,published_input_causal_train_only;raw_preprocessing_fail,no_bounce,y,105802,56,,,0,,,0,,,0,,,0,,,0,,,0,,,0,,,0,,,0,,,0,11,0,,,,,
perle,FA50,condition_mean_neural_and_behavior,published_input_causal_train_only;raw_preprocessing_fail,no_bounce,y,118879,59,0.8286650562263717,0.0495466765017935,59,0.8405226465749197,0.0454580815046219,59,3.7033715430190295,0.945360353680608,59,3.4587387933977065,0.9613032076902056,59,0.011857590348548,0.0078977432634418,59,0.2446327496213227,0.1251073420684741,59,-3.4908495386955223,1.0080379179354628,59,-3.2477679975829163,1.030506805492398,59,1.040699813397968,0.1134360513492855,59,1.1740153296600258,0.1233437272758254,59,12,42,0.4266001253954693,0.37301852159974286,0.7230987945309275,0.11519236469795309,0.12333979258849927
perle,FA50,condition_mean_neural_and_behavior,published_input_causal_train_only;raw_preprocessing_fail,no_bounce,y,122957,51,0.4140159061121057,0.1216655508300352,51,0.4453262422875978,0.1189049764359904,51,3.626299882429088,0.5467579169357342,51,3.5287613084977,0.5465424698262251,51,0.031310336175492,0.0209940885805043,51,0.0975385739313891,0.0539246320044727,51,2.962477919224855,0.6406359642449991,51,2.8099382144832528,0.6544137736468159,51,0.9399781031358728,0.0923341998486173,51,0.8971655038135428,0.0891691218853392,51,13,42,0.27814183348048105,0.24320399328444683,0.4714637266887234,0.07670127747244304,0.07882137927852491
perle,FA50,condition_mean_neural_and_behavior,published_input_causal_train_only;raw_preprocessing_fail,no_bounce,y,126479,53,0.7945771204050442,0.0596530561908985,53,0.7878044791914325,0.0633226299793541,53,2.609880940183537,0.5973077918384087,53,1.8492650372279689,0.4419505922860655,53,-0.0067726412136113,0.0087125695161864,53,0.7606159029555685,0.2048095622710358,53,2.088663125728855,0.732704793967843,53,1.1048588136469215,0.7262640591859596,53,0.9379414315464396,0.0986400095779442,53,1.2031550380440923,0.1270060222364588,53,14,44,1.192108568351507,1.0419662036019846,2.0225598530273023,0.45676741417471456,0.6446391103237785
perle,FA50,condition_mean_neural_and_behavior,published_input_causal_train_only;raw_preprocessing_fail,no_bounce,y,158705,57,,,0,,,0,,,0,,,0,,,0,,,0,,,0,,,0,,,0,,,0,15,0,,,,,
perle,FA50,condition_mean_neural_and_behavior,published_input_causal_train_only;raw_preprocessing_fail,no_bounce,y,159613,50,0.6982265134027089,0.0670612240309135,50,0.7158696284944922,0.0686288473870728,50,2.83229293901304,0.2613061409487146,50,2.7319440038409,0.2907962766187719,50,0.0176431150917832,0.011606707255386,50,0.1003489351721404,0.0626581825715031,50,0.7052813002694743,0.5112762000254862,50,0.9207320511251196,0.4996899286111741,50,0.6097731701160954,0.0622766739367471,50,0.6382300527324232,0.0675386706066636,50,16,50,0.2827151796990966,0.24678984210567387,0.48094786901481434,0.09981848127532085,0.10348498333114482
perle,FA50,condition_mean_neural_and_behavior,published_input_causal_train_only;raw_preprocessing_fail,no_bounce,y,163248,39,-0.0055501263447586,0.1513108562735562,39,-0.0811107107760303,0.1421200433190528,39,1.8690258902011847,0.2574614547231505,39,1.9020049256944187,0.2536727824805574,39,-0.0755605844312717,0.0279905100623306,39,-0.0329790354932342,0.0463667751632594,39,-0.5240254954042609,0.7604222026623436,39,-0.5045769073291954,0.7562451123425467,39,4.426305127480142,0.4481367192317063,39,5.330696562492508,0.5104056268245031,39,17,36,0.11350114031428449,0.09939389470056542,0.19171429267415308,0.060727430748467086,0.05967447233231818
perle,FA50,condition_mean_neural_and_behavior,published_input_causal_train_only;raw_preprocessing_fail,no_bounce,y,167848,56,0.5009089265936522,0.1204097268409977,56,0.4657455728347361,0.1279896255128534,56,4.507189091656864,0.6097660905488255,56,4.358274531803537,0.6109312436826206,56,-0.0351633537589161,0.0201092456205988,56,0.1489145598533268,0.0816445436314811,56,-3.784630922498143,0.6939074391969962,56,-3.563183876627612,0.7064162926016299,56,0.6840000676803901,0.0667711782168923,56,0.6621526873827577,0.0626824565236107,56,18,44,0.0014643295082421405,0.0012792197937006834,0.0024858094231605676,0.00032488752489943706,0.0003359883590527679
perle,FA50,condition_mean_neural_and_behavior,published_input_causal_train_only;raw_preprocessing_fail,no_bounce,y,179553,58,0.6431925209425766,0.0864362511642107,58,0.6576307482977858,0.0802959227635354,58,1.8055035181052688,0.3391066524436036,58,1.8136353230144824,0.3446015474540288,58,0.0144382273552095,0.013180312007873,58,-0.0081318049092125,0.0395505008439493,58,0.6231388733893986,0.6838300202024818,58,0.7080784947522064,0.6748547109838245,58,0.9896887483980016,0.0840813983520321,58,1.0113201381956167,0.0845850237399778,58,19,39,0.017838447465572352,0.015606059124411546,0.030193183953313052,0.009880040269482483,0.009835741088193344
perle,FA50,condition_mean_neural_and_behavior,published_input_causal_train_only;raw_preprocessing_fail,no_bounce,y,182748,51,,,0,,,0,,,0,,,0,,,0,,,0,,,0,,,0,,,0,,,0,20,0,,,,,
perle,FA50,condition_mean_neural_and_behavior,published_input_causal_train_only;raw_preprocessing_fail,no_bounce,y,183171,51,0.6006652622960573,0.0872508125920875,51,0.6301359418873356,0.0786447230711381,51,3.229500531749872,0.7789019057559528,51,2.7336548236664497,0.7134406322426865,51,0.0294706795912784,0.0139967710369657,51,0.495845708083422,0.0985571449562399,51,-2.6669003668808653,0.9423697442060692,51,-2.136498296965685,0.9124654309265842,51,0.9268196990107906,0.0929947563813121,51,1.0455194640772572,0.1012377380510095,51,21,39,0.4019496596991407,0.3517157849525434,0.6801966463589473,0.12446186515453161,0.14703745923563066
perle,FA50,condition_mean_neural_and_behavior,published_input_causal_train_only;raw_preprocessing_fail,no_bounce,y,184642,57,0.7188590359074457,0.0768971105252886,57,0.6995555640201301,0.0819754957908407,57,2.5623046369116365,0.410684548934788,57,2.576012787642432,0.411219502595487,57,-0.0193034718873155,0.0122545682814342,57,-0.0137081507307955,0.0513666134953221,57,1.3376819188914113,0.8733889681273614,57,1.3848168690488072,0.8586838988313347,57,0.7644129145826428,0.0761565172033523,57,0.760651712638116,0.0770413743945901,57,22,44,0.19266407289284407,0.16838948569836706,0.32689717675585506,0.07519171222554685,0.07479158248634717
perle,FA50,condition_mean_neural_and_behavior,published_input_causal_train_only;raw_preprocessing_fail,no_bounce,y,187617,54,,,0,,,0,,,0,,,0,,,0,,,0,,,0,,,0,,,0,,,0,23,0,,,,,
perle,FA50,condition_mean_neural_and_behavior,published_input_causal_train_only;raw_preprocessing_fail,no_bounce,y,197632,47,0.676651306972145,0.0622107952751501,47,0.6925253196980325,0.0592061620674882,47,3.2458646185199727,0.4282596696849436,47,3.2804607825135763,0.4867956650545745,47,0.0158740127258875,0.0117667291491522,47,-0.0345961639936028,0.0847007772713501,47,1.680836032058145,0.7703604234490371,47,1.9253562725676665,0.796471145017511,47,0.5280160234482396,0.0547674336315136,47,0.5470367811252516,0.0582197223882352,47,24,47,0.19025870284090585,0.16619428809077685,0.3232333557189442,0.05861572345172508,0.05799755444572777
perle,FA50,condition_mean_neural_and_behavior,published_input_causal_train_only;raw_preprocessing_fail,no_bounce,y,199564,49,0.6695508719957801,0.0701492778107745,49,0.6979023868070025,0.0640328090632812,49,2.5475409497890644,0.4540139818573508,49,2.476765949020668,0.4302783981491736,49,0.0283515148112223,0.0108837038270758,49,0.0707750007683965,0.0498449574613158,49,1.3620508973116756,0.8270779366073066,49,1.231721343426629,0.8261145707680527,49,0.6800745065800992,0.0622690207173444,49,0.6657142338999225,0.0644557169418758,49,25,42,0.17644661049906554,0.15429391131462453,0.29906283869545014,0.06926154043320688,0.07124072848661128
perle,FA50,condition_mean_neural_and_behavior,published_input_causal_train_only;raw_preprocessing_fail,no_bounce,y,204372,53,0.702508547756056,0.0823523192061537,53,0.6675740157674783,0.0919452255571173,53,2.9186325236578643,0.3706090388025438,53,2.6737577940006805,0.3391663237228647,53,-0.0349345319885774,0.0155139270550385,53,0.244874729657184,0.0662773306545968,53,1.6524195860897908,0.6290022374426802,53,1.3777750183494455,0.6433661649057821,53,0.5731499027470695,0.0594299457080791,53,0.6014313031749239,0.0629220529200551,53,26,45,0.5624110471890797,0.4914643442470143,0.9546645998438876,0.19269676556753404,0.2103447995368187
perle,FA50,condition_mean_neural_and_behavior,published_input_causal_train_only;raw_preprocessing_fail,no_bounce,y,204678,45,,,0,,,0,,,0,,,0,,,0,,,0,,,0,,,0,,,0,,,0,27,0,,,,,
perle,FA50,condition_mean_neural_and_behavior,published_input_causal_train_only;raw_preprocessing_fail,no_bounce,y,206128,53,0.6974399639670337,0.0788490582706977,53,0.6791036565855479,0.0865612036836951,53,3.153069377133875,0.3169686624383514,53,2.924944562078113,0.3193922448814463,53,-0.0183363073814857,0.0125354759241433,53,0.2281248150557621,0.1562142051056986,53,0.5590454174581585,0.8658045624082995,53,-0.0015112726806191,0.8714226623959278,53,0.6035946676808152,0.0661583789260939,53,0.622995345757991,0.0715727248522783,53,28,34,0.6800364447374461,0.5958804121230098,1.1469892673621933,0.21567443129196096,0.23249549873666467
perle,FA50,condition_mean_neural_and_behavior,published_input_causal_train_only;raw_preprocessing_fail,no_bounce,y,217817,49,,,0,,,0,,,0,,,0,,,0,,,0,,,0,,,0,,,0,,,0,29,0,,,,,
perle,FA50,condition_mean_neural_and_behavior,published_input_causal_train_only;raw_preprocessing_fail,no_bounce,y,218791,56,,,0,,,0,,,0,,,0,,,0,,,0,,,0,,,0,,,0,,,0,30,0,,,,,
perle,FA50,condition_mean_neural_and_behavior,published_input_causal_train_only;raw_preprocessing_fail,no_bounce,y,226533,59,0.4083982903015195,0.1445248526403498,59,0.3433799280158976,0.1473994060364467,59,4.48970928344808,0.7325905193999729,59,4.561831455550704,0.7442611750438545,59,-0.065018362285622,0.022538966064508,59,-0.0721221721026221,0.0827846114349546,59,-4.107264748611316,0.7725733066308735,59,-4.17558505106136,0.7827207644236837,59,0.8057294709088864,0.0833864604295137,59,0.8072875917706146,0.0846784618948694,59,31,36,0.13934921295356212,0.12203654657477535,0.235359198510239,0.031037469055578238,0.03054676927706438
perle,FA50,condition_mean_neural_and_behavior,published_input_causal_train_only;raw_preprocessing_fail,no_bounce,y,232533,53,0.7963321074162989,0.0713348114897526,53,0.7771999317266916,0.0771487418998013,53,1.4294515044651104,0.2684059414096652,53,1.4380278759996952,0.2867138988935669,53,-0.0191321756896071,0.0094827198779826,53,-0.0085763715345844,0.0471364056055466,53,0.2694363914033046,0.608564345372061,53,0.3657368840845032,0.6039626182954074,53,1.1734380026546067,0.1108252177604384,53,1.1305174825264996,0.1135532313757374,53,32,36,0.06521869625271591,0.05711188099900392,0.11016200923439001,0.045624979965389056,0.04535287343256601
perle,FA50,condition_mean_neural_and_behavior,published_input_causal_train_only;raw_preprocessing_fail,no_bounce,y,241919,43,,,0,,,0,,,0,,,0,,,0,,,0,,,0,,,0,,,0,,,0,33,0,,,,,
perle,FA50,condition_mean_neural_and_behavior,published_input_causal_train_only;raw_preprocessing_fail,no_bounce,y,242380,50,,,0,,,0,,,0,,,0,,,0,,,0,,,0,,,0,,,0,,,0,34,0,,,,,
perle,FA50,condition_mean_neural_and_behavior,published_input_causal_train_only;raw_preprocessing_fail,no_bounce,y,244437,50,0.6749235806964846,0.1087850393827195,50,0.7068441126349359,0.0941039519184812,50,4.217188153945793,0.4299824249515329,50,3.6698878086112097,0.4297164565533883,50,0.0319205319384513,0.0193607549239578,50,0.547300345334583,0.0910019517298673,50,-3.955331596459255,0.4745483780512756,50,-3.423415454657058,0.4779769342366181,50,0.9307283307039538,0.1308243486673404,50,1.1389447012085163,0.1553741425985506,50,35,36,0.5980509165706726,0.5237219270716332,1.0101575399080938,0.1418127185079729,0.16296163473100614
perle,FA50,condition_mean_neural_and_behavior,published_input_causal_train_only;raw_preprocessing_fail,no_bounce,y,245662,41,,,0,,,0,,,0,,,0,,,0,,,0,,,0,,,0,,,0,,,0,36,0,,,,,
perle,FA50,condition_mean_neural_and_behavior,published_input_causal_train_only;raw_preprocessing_fail,no_bounce,y,248856,53,0.7258698561517283,0.0524423253191873,53,0.7369042631310437,0.0505601251165617,53,3.37694225367006,0.4480738926383096,53,3.5011289797376457,0.5222555835069155,53,0.0110344069793153,0.0066407337270747,53,-0.1241867260675848,0.1021134966908458,53,2.008713403333629,0.7507085316804041,53,2.3960025182341207,0.7760407539299516,53,0.7087352299591386,0.0614733331119642,53,0.7522204805259533,0.0628491958676096,53,37,31,0.35328393147346526,0.3099086322632433,0.5943464456418148,0.1046165154555179,0.10090571741802506
perle,FA50,condition_mean_neural_and_behavior,published_input_causal_train_only;raw_preprocessing_fail,no_bounce,y,251629,52,,,0,,,0,,,0,,,0,,,0,,,0,,,0,,,0,,,0,,,0,38,0,,,,,
perle,FA50,condition_mean_neural_and_behavior,published_input_causal_train_only;raw_preprocessing_fail,no_bounce,y,258471,53,0.6665290110583685,0.0640523897534214,53,0.6448220023521107,0.0683295361088306,53,2.727420269686165,0.263756104855901,53,2.7151428902263683,0.2992719706523877,53,-0.0217070087062578,0.0083939604650803,53,0.0122773794597967,0.0511811825966664,53,-0.7800375827923881,0.6253653475917313,53,-0.9609836963131004,0.6158952441464463,53,0.6953480990731412,0.0536905899585637,53,0.7033486116161471,0.0569258739388032,53,39,44,0.3734913053079441,0.3263836229514753,0.6338125187758754,0.13693940367720464,0.13755861860986815
perle,FA50,condition_mean_neural_and_behavior,published_input_causal_train_only;raw_preprocessing_fail,no_bounce,y,269179,52,0.7699532990465098,0.0578202208164819,52,0.7425279855376216,0.0629843981035353,52,1.6609773204459557,0.2865871425945714,52,1.8170887254155823,0.3175741924756299,52,-0.027425313508888,0.0093726958510578,52,-0.1561114049696272,0.0796561909433756,52,0.4556933508454915,0.6155428715615096,52,0.7459766702301913,0.6057046448678323,52,1.0106404325156035,0.0917755474192133,52,0.9379779998364236,0.0910249739494739,52,40,36,0.11539009482702021,0.10105202077671976,0.19489679248074232,0.06947120433651625,0.06350273006103739
perle,FA50,condition_mean_neural_and_behavior,published_input_causal_train_only;raw_preprocessing_fail,no_bounce,y,270569,46,,,0,,,0,,,0,,,0,,,0,,,0,,,0,,,0,,,0,,,0,41,0,,,,,
perle,FA50,condition_mean_neural_and_behavior,published_input_causal_train_only;raw_preprocessing_fail,no_bounce,y,273073,52,,,0,,,0,,,0,,,0,,,0,,,0,,,0,,,0,,,0,,,0,42,0,,,,,
perle,FA50,condition_mean_neural_and_behavior,published_input_causal_train_only;raw_preprocessing_fail,no_bounce,y,273515,43,,,0,,,0,,,0,,,0,,,0,,,0,,,0,,,0,,,0,,,0,43,0,,,,,
perle,FA50,condition_mean_neural_and_behavior,published_input_causal_train_only;raw_preprocessing_fail,no_bounce,y,287936,52,0.3502964715876516,0.1404558286927028,52,0.3117483173047312,0.1453452782776071,52,4.582073085793362,0.7203217432848587,52,4.573284141431017,0.7283977742987382,52,-0.0385481542829203,0.0147335239999782,52,0.0087889443623435,0.0764089627733953,52,-3.9997184865190087,0.8182889009520752,52,-4.001332037871044,0.823769459218053,52,0.8969136876601767,0.0912069529239326,52,0.9268247158085982,0.0915421743969107,52,44,35,0.21418778733394425,0.187613351624231,0.36154813590686086,0.046744733949798785,0.04683456805002349
perle,FA50,condition_mean_neural_and_behavior,published_input_causal_train_only;raw_preprocessing_fail,no_bounce,y,297652,55,0.5408589628315779,0.1173421284079159,55,0.5785485676560034,0.1089234619262851,55,2.147391897247798,0.5423282895203182,55,2.126222214239765,0.5498455781870302,55,0.0376896048244254,0.0188658547791422,55,0.0211696830080333,0.0591955197051791,55,-1.3037486058978949,0.8554471519801929,55,-1.3405953378196929,0.8442407850645857,55,0.9164179419861734,0.0963321965271631,55,0.91474624279203,0.0962406757149952,55,45,33,0.03357873814564067,0.02943587589471591,0.05658570154326359,0.01563698651777387,0.015792675817587025
perle,FA50,condition_mean_neural_and_behavior,published_input_causal_train_only;raw_preprocessing_fail,no_bounce,y,301600,50,0.3103686902667144,0.1449502919822969,50,0.2460295088120533,0.1473897038712462,50,2.4099714288378795,0.4254851342887607,50,2.4268460680564448,0.4403579652472532,50,-0.0643391814546611,0.0209932610751607,50,-0.0168746392185656,0.0462473167708296,50,-1.4177259524493475,0.6907312852320621,50,-1.4309244802345011,0.7031867013783444,50,1.1129782746162613,0.117166567338992,50,1.142696943311316,0.1257670938501193,50,46,32,0.1629062889167007,0.14285295921698782,0.2743050664162528,0.06759677188175475,0.06712674984250866
perle,FA50,condition_mean_neural_and_behavior,published_input_causal_train_only;raw_preprocessing_fail,no_bounce,y,320246,53,,,0,,,0,,,0,,,0,,,0,,,0,,,0,,,0,,,0,,,0,47,0,,,,,
perle,FA50,condition_mean_neural_and_behavior,published_input_causal_train_only;raw_preprocessing_fail,no_bounce,y,325813,56,,,0,,,0,,,0,,,0,,,0,,,0,,,0,,,0,,,0,,,0,48,0,,,,,
perle,FA50,condition_mean_neural_and_behavior,published_input_causal_train_only;raw_preprocessing_fail,no_bounce,y,328386,47,0.757107215216889,0.0885873849597917,47,0.7287640381847967,0.0977289058750691,47,2.341402184488487,0.650175143841582,47,2.32628733398694,0.650782345465154,47,-0.0283431770320922,0.0151745588887371,47,0.0151148505015477,0.0814066109080927,47,1.9115577583383088,0.7749222634633887,47,1.907727015303186,0.774216678333368,47,1.1317805512250787,0.1227910417327556,47,1.1176592363947926,0.123007461180255,47,49,32,0.20930878576909676,0.18353774467695255,0.3524503058251218,0.08939463162533234,0.08997546550295228
perle,FA50,condition_mean_neural_and_behavior,published_input_causal_train_only;raw_preprocessing_fail,no_bounce,y,330797,55,0.6722004347177611,0.0855766106248118,55,0.661186095436047,0.089633753175682,55,2.2596814948264208,0.3802876758871094,55,2.1393252925937776,0.3428254119571546,55,-0.011014339281714,0.0099230913089122,55,0.1203562022326441,0.0680385359339772,55,0.7929413570568147,0.7876949032906688,55,0.6222575833826639,0.7806710136098188,55,1.050187780771435,0.0940487764633424,55,1.0832878755467907,0.098418623985128,55,50,36,0.3588550058854982,0.31425697118445806,0.6061309021176431,0.15880778185204544,0.16774214147228278
perle,FA50,condition_mean_neural_and_behavior,published_input_causal_train_only;raw_preprocessing_fail,no_bounce,y,332165,48,,,0,,,0,,,0,,,0,,,0,,,0,,,0,,,0,,,0,,,0,51,0,,,,,
perle,FA50,condition_mean_neural_and_behavior,published_input_causal_train_only;raw_preprocessing_fail,no_bounce,y,340684,52,,,0,,,0,,,0,,,0,,,0,,,0,,,0,,,0,,,0,,,0,52,0,,,,,
perle,FA50,condition_mean_neural_and_behavior,published_input_causal_train_only;raw_preprocessing_fail,no_bounce,y,351612,48,0.6884876611604405,0.1137641455792707,48,0.6485575019818606,0.126569643294233,48,2.4833672125245085,0.3897143411962459,48,2.4964370106154568,0.4555785533769935,48,-0.0399301591785799,0.0200043425204596,48,-0.0130697980909486,0.146252533218975,48,-0.4473915140555939,0.938569818567374,48,-0.8193611459338997,0.9621627771732372,48,0.6172750310394358,0.0771806948669755,48,0.6337050991323214,0.0808955012530469,48,53,40,0.5179691294656483,0.45311932167838387,0.8770401388914797,0.20857532742372728,0.20748335618448122
perle,FA50,condition_mean_neural_and_behavior,published_input_causal_train_only;raw_preprocessing_fail,no_bounce,y,356164,56,0.4891916722990998,0.0856792221061472,56,0.504006238005583,0.087419540787528,56,3.1800323723911306,0.5656784861409458,56,2.853420148003108,0.5048294534500286,56,0.0148145657064832,0.0164497136504602,56,0.3266122243880222,0.1211629351852805,56,2.3225344125310614,0.7982080146040322,56,1.77158899335516,0.831496379516465,56,1.6370344698903525,0.1189516066036104,56,1.3575510978786016,0.1075703902227521,56,54,30,0.6350382090389153,0.5573245361543345,1.0672793502675524,0.19969551711243028,0.22255334864840368
perle,FA50,condition_mean_neural_and_behavior,published_input_causal_train_only;raw_preprocessing_fail,no_bounce,y,356765,58,0.4102941702139459,0.0879613149858838,58,0.4303332633424695,0.0923882962070459,58,3.2500038442430244,0.5126644517038413,58,3.2251612176398696,0.5208639961061224,58,0.0200390931285237,0.0222681582016547,58,0.0248426266031543,0.0756651507347408,58,2.2616115256932816,0.7757155824267438,58,2.1859301677924274,0.8079795874336454,58,1.4242116930533972,0.1247545679235984,58,1.2891084768952898,0.1096649840393287,58,55,31,0.375121753821501,0.32906695303732464,0.6310817682159682,0.11542194157277146,0.11631100850704454
perle,FA50,condition_mean_neural_and_behavior,published_input_causal_train_only;raw_preprocessing_fail,no_bounce,y,370777,49,0.4677323097949653,0.1228859483630422,49,0.3980583881436567,0.1280038090143101,49,1.9515710163993716,0.3359614871907777,49,1.9918133061132823,0.3124456062428812,49,-0.0696739216513085,0.0149716569991305,49,-0.0402422897139111,0.0481631524029474,49,-0.5059391849639453,0.747970124154399,49,-0.4168338276347311,0.7506239015032122,49,0.951359050707104,0.0708651997968532,49,0.903424395020563,0.0651859931627011,49,56,31,0.019099431331688784,0.016753973072089676,0.03213287472583948,0.009786695524371456,0.00958896663310197
perle,FA50,condition_mean_neural_and_behavior,published_input_causal_train_only;raw_preprocessing_fail,no_bounce,y,377134,51,0.6804742243238991,0.0487390537094483,51,0.688055255745583,0.0479173198882157,51,2.188158114116396,0.2010184038781297,51,2.1841247086455966,0.1994811597173068,51,0.0075810314216833,0.0094073479153118,51,0.0040334054707992,0.0375541295276142,51,0.115567756209573,0.6133935404004441,51,0.083674969081732,0.6190816421042113,51,1.0143661561249917,0.0739078540175385,51,1.0175833858167245,0.0785283839224865,51,57,36,0.04218250550513261,0.03694187925817264,0.07124554677714823,0.01927763137087852,0.019313231217136184
perle,FA50,condition_mean_neural_and_behavior,published_input_causal_train_only;raw_preprocessing_fail,no_bounce,y,379400,46,0.1136114017118441,0.2007277288208144,46,0.0949648469030327,0.2077230268385333,46,2.899300977050657,0.3486129699672788,46,2.656754560031577,0.3214136532806387,46,-0.0186465548088114,0.0726138579398248,46,0.24254641701908,0.2304284054324264,46,-0.2691693361537772,0.9502827981317497,46,0.2317814182998753,0.9259423884036796,46,0.6319877529676722,0.0691042625770215,46,0.732639892808355,0.0764536885633488,46,58,70,0.6834706883199136,0.5953746202684612,1.1684915904825677,0.23573637015608537,0.2572577454470579
perle,FA50,condition_mean_neural_and_behavior,published_input_causal_train_only;raw_preprocessing_fail,no_bounce,y,381514,52,0.1134321853554872,0.2514768934684002,52,0.0980084263874602,0.2657350447299082,52,2.810821206234027,0.4986052610155682,52,2.514647950298243,0.4526812464759551,52,-0.015423758968027,0.0834303651319695,52,0.2961732559357846,0.1511704203123154,52,-1.432402019209052,0.8314404768617906,52,-1.0573990913321825,0.8388248715271996,52,0.6761529261660163,0.0663923582524341,52,0.7598912218101687,0.0753223923048711,52,59,65,0.4500736226236781,0.3922369873556918,0.7686947803557751,0.1601217543205789,0.17898076848900396
perle,FA50,condition_mean_neural_and_behavior,published_input_causal_train_only;raw_preprocessing_fail,no_bounce,y,388571,46,0.3155944372620779,0.198326840919128,46,0.3151881456512727,0.1931735181570051,46,2.8759360920131294,0.4645925051758106,46,2.8927008567600434,0.4562606787616257,46,-0.0004062916108052,0.0449118252313071,46,-0.016764764746914,0.0807508440600742,46,-1.310200598079372,0.7977037151657917,46,-1.4505286890379987,0.7543114220919274,46,0.6784501285130246,0.072924312763284,46,0.6887613293982692,0.075724027277351,46,60,70,0.11126114500041714,0.09689671359855977,0.1902644057129681,0.0386869323381019,0.03846272065789571
perle,FA50,condition_mean_neural_and_behavior,published_input_causal_train_only;raw_preprocessing_fail,no_bounce,y,394672,41,0.3333472911992294,0.2003087245422846,41,0.3366824235824305,0.2007880788118001,41,3.353583100213741,0.7826238480401841,41,3.5278165338122767,0.8555662644172846,41,0.003335132383201,0.062492943282031,41,-0.1742334335985363,0.1194603586341668,41,2.6381463946806734,0.9984309176298212,41,3.017496153822448,1.000203254207428,41,0.7566825812385872,0.0654946912951815,41,0.9021192826120767,0.0879383405801977,41,61,63,0.6503042287948927,0.5668532550669116,1.1101731102281218,0.19391325915062177,0.18433618147714506
perle,FA50,condition_mean_neural_and_behavior,published_input_causal_train_only;raw_preprocessing_fail,no_bounce,y,396358,53,0.3809279127597012,0.102644165402869,53,0.406860761703138,0.1001139587399766,53,2.643926033518522,0.3011298711809199,53,2.6640384713713967,0.3276873711045873,53,0.0259328489434368,0.0165176074458914,53,-0.0201124378528742,0.0542036100272618,53,1.0328405807173693,0.6641728922392833,53,1.18852812791649,0.6620184216714589,53,1.420602437859174,0.110466947080595,53,1.4630564159506227,0.114189205351352,53,62,30,0.08255377476862102,0.07241043492650619,0.13882830899771537,0.031223935057955808,0.030988206685365133
perle,FA50,condition_mean_neural_and_behavior,published_input_causal_train_only;raw_preprocessing_fail,no_bounce,y,400995,60,0.5848724512527695,0.1262131303680535,60,0.5422486000013202,0.138646830579278,60,3.468019124271391,0.7078093183494188,60,2.9519810808221862,0.6868115047861459,60,-0.042623851251449,0.021639127884191,60,0.516038043449204,0.0734519362637054,60,2.9918418642821214,0.8027023435340934,60,2.4620346048627697,0.8188008908879508,60,0.8580183144799807,0.0997430894315511,60,1.00306357095191,0.1248630009167005,60,63,32,0.7657397639514825,0.6714855307482026,1.2893558915889765,0.22080032909632805,0.25939860147687954
perle,FA50,condition_mean_neural_and_behavior,published_input_causal_train_only;raw_preprocessing_fail,no_bounce,y,401673,46,0.5397418997322156,0.1672293290213275,46,0.4740978976237869,0.1805953767655008,46,3.1127840971969127,0.7475120830202092,46,2.864174108859068,0.709072622630795,46,-0.0656440021084287,0.0258558358694951,46,0.2486099883378437,0.0886245109046429,46,2.4989191695325847,0.9461981243490734,46,2.2360313778283314,0.947627981153286,46,0.8056755856049675,0.1157689239059133,46,0.8837941225095807,0.1232939806363734,46,64,32,0.5681203523906371,0.498168443390299,0.9566498340235485,0.18251196827375019,0.19835398645403768
perle,FA50,condition_mean_neural_and_behavior,published_input_causal_train_only;raw_preprocessing_fail,no_bounce,y,406460,40,0.3047647454033909,0.1770870641207546,40,0.3153101911560515,0.1879624243067943,40,2.458944102533359,0.344385508386059,40,2.4104192048577127,0.3470173685161386,40,0.0105454457526605,0.0425718555040923,40,0.0485248976756463,0.057118731574123,40,-0.5235659498786757,0.9958349518628442,40,-0.4873742989229147,1.0077826416381397,40,0.7903734278647613,0.082788012573685,40,0.8032674097389463,0.0887069652469107,40,65,65,0.08514401414856995,0.0741870055067871,0.14545176378474345,0.034626250373422165,0.035323322174408256
perle,FA50,condition_mean_neural_and_behavior,published_input_causal_train_only;raw_preprocessing_fail,no_bounce,y,413189,63,0.6524096103009402,0.0718236843840181,63,0.6494740065504256,0.0739615265745105,63,2.9393736196393125,0.3271484578702797,63,3.07638298447652,0.4088360983842758,63,-0.0029356037505145,0.0134815548051486,63,-0.1370093648372088,0.1143533754624143,63,1.2361563924640282,0.7318775996412409,63,1.7024104822726596,0.7314481896525896,63,0.849647661913229,0.0778144095880626,63,0.9063848443373532,0.093943752902303,63,66,40,0.41775368732438317,0.3654347152616908,0.7073855968472533,0.14212337095671604,0.13579378426950586
perle,FA50,condition_mean_neural_and_behavior,published_input_causal_train_only;raw_preprocessing_fail,no_bounce,y,413513,37,0.3086150177380063,0.0915341011728827,37,0.3325505352537509,0.0952899032786518,37,3.1369143944853795,0.4316279684398988,37,3.1523449769062277,0.4385701305892719,37,0.0239355175157447,0.0223325578719126,37,-0.0154305824208476,0.0494375275377587,37,1.3653694545457136,0.865535235496446,37,1.4415822043822126,0.8266427481687945,37,1.3824730925786408,0.1250250120230448,37,1.3509694642640713,0.1273810639218284,37,67,31,0.11976623820031146,0.10512057862380972,0.20136658805738628,0.03817963231985471,0.03799274479084848
perle,FA50,condition_mean_neural_and_behavior,published_input_causal_train_only;raw_preprocessing_fail,no_bounce,y,420020,48,0.6495840905895838,0.1092476357107714,48,0.6775445134905262,0.0979512215183519,48,1.423473176436283,0.3505642866760267,48,1.5209283187935736,0.4112876073401504,48,0.0279604229009426,0.0161760809693081,48,-0.0974551423572911,0.1060017370397714,48,-0.2780450705287939,0.8276062029147121,48,-0.500072496425419,0.846043328229456,48,1.124170328521273,0.1570944545678013,48,0.9877365503307428,0.1441477575342836,48,68,28,0.4763687020113702,0.41841168023931014,0.7989993969726452,0.33465239099480376,0.31320917371650625
perle,FA50,condition_mean_neural_and_behavior,published_input_causal_train_only;raw_preprocessing_fail,no_bounce,y,428615,50,,,0,,,0,,,0,,,0,,,0,,,0,,,0,,,0,,,0,,,0,69,0,,,,,
perle,FA50,condition_mean_neural_and_behavior,published_input_causal_train_only;raw_preprocessing_fail,no_bounce,y,435203,57,0.6373597971798582,0.0978858087470128,57,0.6600310867676286,0.0941143857348479,57,1.4619801064810836,0.1890377386815574,57,1.5615220858356946,0.2416238167281363,57,0.0226712895877705,0.0175846097110405,57,-0.0995419793546108,0.1146084045548991,57,-0.1562794436379557,0.5005735005620771,57,-0.5102467073609006,0.5159351977594517,57,1.2924502710971268,0.1643463403015905,57,1.1374333623067443,0.1492786637143472,57,70,28,0.4418978832509878,0.3881363603098163,0.7411791098556368,0.3022598469650965,0.28299175993690356
perle,FA50,condition_mean_neural_and_behavior,published_input_causal_train_only;raw_preprocessing_fail,no_bounce,y,448412,48,0.7032233378068077,0.0557702416909824,48,0.7162454344339139,0.0554280446973157,48,2.4061152888697737,0.384414440756785,48,2.5258657993970655,0.4297515627371004,48,0.0130220966271062,0.0079394662447524,48,-0.1197505105272919,0.0670636226931588,48,1.4269544073012244,0.6315606818276704,48,1.702839931207156,0.622002861178068,48,0.9899537770906888,0.0794709920005177,48,1.0406729129708474,0.0913755801829883,48,71,33,0.18948093342237685,0.16604554874456226,0.31942535297751284,0.07874973169360554,0.07501623145125395
perle,FA50,condition_mean_neural_and_behavior,published_input_causal_train_only;raw_preprocessing_fail,no_bounce,y,454477,51,0.54034043151046,0.1079627492626964,51,0.5121691928371712,0.1107533465348987,51,2.651330553017556,0.3712715502299652,51,2.533295192531614,0.3351656075468503,51,-0.0281712386732887,0.0142073455964615,51,0.1180353604859413,0.0588261392470798,51,1.1003349111355183,0.7410589851377908,51,0.9374385741021586,0.728363714426208,51,0.7599601589285159,0.074367965389979,51,0.781496440667872,0.0765530160760189,51,72,35,0.33054738284926666,0.2895497087743921,0.5579347411972755,0.12467226407249037,0.13048119454209306
perle,FA50,condition_mean_neural_and_behavior,published_input_causal_train_only;raw_preprocessing_fail,no_bounce,y,456038,45,,,0,,,0,,,0,,,0,,,0,,,0,,,0,,,0,,,0,,,0,73,0,,,,,
perle,FA50,condition_mean_neural_and_behavior,published_input_causal_train_only;raw_preprocessing_fail,no_bounce,y,460651,46,0.6144814896895131,0.0780607715822929,46,0.6367433361788885,0.0741198768026679,46,2.188110249901158,0.3476133902213217,46,2.18539321534397,0.3732205965261442,46,0.0222618464893752,0.0138998926266327,46,0.0027170345571875,0.0576288513911166,46,0.7359449461932758,0.8395379675181321,46,0.8384587992104706,0.8445051707332177,46,1.015221175997009,0.0952743652351432,46,1.0390278373088226,0.1048803160741652,46,74,31,0.028651414798621305,0.02513348267785414,0.048202025693735884,0.013094136732788284,0.013110416284564018
perle,FA50,condition_mean_neural_and_behavior,published_input_causal_train_only;raw_preprocessing_fail,no_bounce,y,463174,54,,,0,,,0,,,0,,,0,,,0,,,0,,,0,,,0,,,0,,,0,75,0,,,,,
perle,FA50,condition_mean_neural_and_behavior,published_input_causal_train_only;raw_preprocessing_fail,no_bounce,y,464785,55,0.1297425052632319,0.226992860747974,55,0.1177735222007238,0.2238360871554386,55,1.9153560887016423,0.2882228385844791,55,1.8570610209554892,0.2928717075789174,55,-0.0119689830625081,0.0520544964835098,55,0.0582950677461531,0.0670513408633635,55,-0.1783688142475582,0.9170639961115172,55,-0.2359245091025288,0.8897330932731322,55,1.0312490358791857,0.1100304478873681,55,1.1004763752363975,0.1118854256861331,55,76,54,0.1901670301679046,0.1659256130387816,0.3238967414591958,0.09928547035700952,0.10240214404482005
perle,FA50,condition_mean_neural_and_behavior,published_input_causal_train_only;raw_preprocessing_fail,no_bounce,y,465431,50,0.2626546056444491,0.2224053838408455,50,0.2515966487601355,0.2227723272589306,50,2.290186581493906,0.4572083517628795,50,2.176385957913704,0.4518600910687206,50,-0.0110579568843136,0.0495738991307019,50,0.1138006235802021,0.0891237247612917,50,1.5383721396944778,0.6042466453089486,50,1.446321692811218,0.6113551518679963,50,0.8508728233035521,0.0774432012236073,50,0.9078413634616072,0.0744805519152846,50,77,55,0.2359004127430355,0.20581278352259427,0.4018902402067468,0.10300488818214797,0.1083908908184516
perle,FA50,condition_mean_neural_and_behavior,published_input_causal_train_only;raw_preprocessing_fail,no_bounce,y,469268,52,,,0,,,0,,,0,,,0,,,0,,,0,,,0,,,0,,,0,,,0,78,0,,,,,
perle,FA50,condition_mean_neural_and_behavior,published_input_causal_train_only;raw_preprocessing_fail,post_bounce,y,29337,45,,,0,,,0,,,0,,,0,,,0,,,0,,,0,,,0,,,0,,,0,0,0,,,,,
perle,FA50,condition_mean_neural_and_behavior,published_input_causal_train_only;raw_preprocessing_fail,post_bounce,y,55062,48,0.7514345762476025,0.0667696075512364,48,0.7539847979465617,0.0671359112941959,48,5.229053137033846,1.041346446968038,48,4.5560850689452,1.0709980057273405,48,0.0025502216989592,0.0127951447782166,48,0.6729680680886457,0.1392767499465575,48,5.09437091196401,1.0701053134287737,48,4.368186156737171,1.1108219945407851,48,1.258336516480541,0.15366127992559,48,0.9493007098101388,0.1142845406387427,48,1,24,0.9073254150669995,0.7837575625871621,1.5431910604541295,0.1735161971564273,0.19914584590429046
perle,FA50,condition_mean_neural_and_behavior,published_input_causal_train_only;raw_preprocessing_fail,post_bounce,y,58244,58,,,0,,,0,,,0,,,0,,,0,,,0,,,0,,,0,,,0,,,0,2,0,,,,,
perle,FA50,condition_mean_neural_and_behavior,published_input_causal_train_only;raw_preprocessing_fail,post_bounce,y,59920,43,,,0,,,0,,,0,,,0,,,0,,,0,,,0,,,0,,,0,,,0,3,0,,,,,
perle,FA50,condition_mean_neural_and_behavior,published_input_causal_train_only;raw_preprocessing_fail,post_bounce,y,68220,53,,,0,,,0,,,0,,,0,,,0,,,0,,,0,,,0,,,0,,,0,4,0,,,,,
perle,FA50,condition_mean_neural_and_behavior,published_input_causal_train_only;raw_preprocessing_fail,post_bounce,y,72780,47,0.4024440803163617,0.1545051223555334,47,0.341877663405485,0.1695623284121214,47,5.42453054295576,0.903203273396032,47,5.626081219200341,0.90164085612451,47,-0.0605664169108766,0.0252850325615004,47,-0.201550676244581,0.0797462466867735,47,-5.206526612301351,0.9380466064676188,47,-5.446870388735369,0.9281759273710596,47,0.8320074750568379,0.1083204842876594,47,0.9395941387347636,0.1247804139329648,47,5,26,0.4671123410129785,0.4035550303015621,0.7956196389402779,0.08611110902851599,0.08302623492509253
perle,FA50,condition_mean_neural_and_behavior,published_input_causal_train_only;raw_preprocessing_fail,post_bounce,y,77046,50,,,0,,,0,,,0,,,0,,,0,,,0,,,0,,,0,,,0,,,0,6,0,,,,,
perle,FA50,condition_mean_neural_and_behavior,published_input_causal_train_only;raw_preprocessing_fail,post_bounce,y,77944,48,,,0,,,0,,,0,,,0,,,0,,,0,,,0,,,0,,,0,,,0,7,0,,,,,
perle,FA50,condition_mean_neural_and_behavior,published_input_causal_train_only;raw_preprocessing_fail,post_bounce,y,90751,53,,,0,,,0,,,0,,,0,,,0,,,0,,,0,,,0,,,0,,,0,8,0,,,,,
perle,FA50,condition_mean_neural_and_behavior,published_input_causal_train_only;raw_preprocessing_fail,post_bounce,y,93053,48,0.6058391702039517,0.1273235594575382,48,0.6022612351392723,0.1351327495007511,48,7.045950941847507,0.8918814935541995,48,6.311472195061245,0.919204065280234,48,-0.0035779350646794,0.0266084339119079,48,0.7344787467862632,0.1392533790540736,48,6.941550726939084,0.9072159004539117,48,6.186225488121457,0.9350573597271796,48,1.7627036870593145,0.2734685427327632,48,1.1504902818873333,0.1850814852046499,48,9,13,0.8422004469374667,0.72571065552714,1.411028253534358,0.1195297063360811,0.1334396193009441
perle,FA50,condition_mean_neural_and_behavior,published_input_causal_train_only;raw_preprocessing_fail,post_bounce,y,99902,46,0.7537927137139373,0.0599226407791275,46,0.7553248203201243,0.0591790658878705,46,4.713429650322015,0.9428265234188932,46,4.282138463727925,0.9334695799290054,46,0.0015321066061867,0.0165611550328318,46,0.4312911865940876,0.1027754628083944,46,4.513106063086823,0.985139373648458,46,4.047316087508128,0.9751304007337912,46,1.3171900343852492,0.155366638645453,46,1.056133366470676,0.1241953270262938,46,10,24,0.7103263429283286,0.6089741071758114,1.2164696040173149,0.15070265085632498,0.16588121774790437
perle,FA50,condition_mean_neural_and_behavior,published_input_causal_train_only;raw_preprocessing_fail,post_bounce,y,105802,56,0.6661242398550363,0.062064519079278,56,0.6882874125930633,0.0648343738243166,56,2.6791658039695534,0.5588445030900738,56,2.751597101425446,0.5984628641596232,56,0.0221631727380269,0.0188548523197206,56,-0.0724312974558925,0.0763610761556753,56,1.7936436463382175,0.8354270402002383,56,2.0087654497135734,0.8238992418048575,56,0.6737222147482091,0.0601141977623341,56,0.7082729294705122,0.0656810123573107,56,11,43,0.1281243884622682,0.11076530263675806,0.21973884383513398,0.04782249320756269,0.046563644218077654
perle,FA50,condition_mean_neural_and_behavior,published_input_causal_train_only;raw_preprocessing_fail,post_bounce,y,118879,59,,,0,,,0,,,0,,,0,,,0,,,0,,,0,,,0,,,0,,,0,12,0,,,,,
perle,FA50,condition_mean_neural_and_behavior,published_input_causal_train_only;raw_preprocessing_fail,post_bounce,y,122957,51,,,0,,,0,,,0,,,0,,,0,,,0,,,0,,,0,,,0,,,0,13,0,,,,,
perle,FA50,condition_mean_neural_and_behavior,published_input_causal_train_only;raw_preprocessing_fail,post_bounce,y,126479,53,,,0,,,0,,,0,,,0,,,0,,,0,,,0,,,0,,,0,,,0,14,0,,,,,
perle,FA50,condition_mean_neural_and_behavior,published_input_causal_train_only;raw_preprocessing_fail,post_bounce,y,158705,57,0.8240592230278309,0.0575272091975816,57,0.8112863208753156,0.0629849657326884,57,3.4075228923796894,0.7190448330089498,57,3.564934101996476,0.7472842988180025,57,-0.0127729021525152,0.0104320132165249,57,-0.1574112096167869,0.0875877953553904,57,-2.782129535261535,0.8716298644770997,57,-3.0366101805266545,0.8698400825878156,57,0.5994028724653476,0.0729346025847031,57,0.612411335460367,0.0747681849131656,57,15,44,0.373359551152813,0.32278039227031113,0.6404843876835185,0.10956919819607502,0.10473112278393022
perle,FA50,condition_mean_neural_and_behavior,published_input_causal_train_only;raw_preprocessing_fail,post_bounce,y,159613,50,,,0,,,0,,,0,,,0,,,0,,,0,,,0,,,0,,,0,,,0,16,0,,,,,
perle,FA50,condition_mean_neural_and_behavior,published_input_causal_train_only;raw_preprocessing_fail,post_bounce,y,163248,39,,,0,,,0,,,0,,,0,,,0,,,0,,,0,,,0,,,0,,,0,17,0,,,,,
perle,FA50,condition_mean_neural_and_behavior,published_input_causal_train_only;raw_preprocessing_fail,post_bounce,y,167848,56,,,0,,,0,,,0,,,0,,,0,,,0,,,0,,,0,,,0,,,0,18,0,,,,,
perle,FA50,condition_mean_neural_and_behavior,published_input_causal_train_only;raw_preprocessing_fail,post_bounce,y,179553,58,,,0,,,0,,,0,,,0,,,0,,,0,,,0,,,0,,,0,,,0,19,0,,,,,
perle,FA50,condition_mean_neural_and_behavior,published_input_causal_train_only;raw_preprocessing_fail,post_bounce,y,182748,51,0.8361897190914029,0.0778857382461295,51,0.8121796076816998,0.0948259652688875,51,5.601533450423317,1.056866775729042,51,5.798173436271794,1.0971740175473603,51,-0.024010111409703,0.0219357558165844,51,-0.1966399858484776,0.1000932516920431,51,-5.5205612390813465,1.0804204648175852,51,-5.719705802026415,1.121371901995142,51,1.597218392756517,0.255014563890504,51,1.8107401613802023,0.2953993951016346,51,20,13,0.35699181103626226,0.3081540235651239,0.5971712045512971,0.06373108617414108,0.06156970207255594
perle,FA50,condition_mean_neural_and_behavior,published_input_causal_train_only;raw_preprocessing_fail,post_bounce,y,183171,51,,,0,,,0,,,0,,,0,,,0,,,0,,,0,,,0,,,0,,,0,21,0,,,,,
perle,FA50,condition_mean_neural_and_behavior,published_input_causal_train_only;raw_preprocessing_fail,post_bounce,y,184642,57,,,0,,,0,,,0,,,0,,,0,,,0,,,0,,,0,,,0,,,0,22,0,,,,,
perle,FA50,condition_mean_neural_and_behavior,published_input_causal_train_only;raw_preprocessing_fail,post_bounce,y,187617,54,0.8045300747423914,0.0536527794007856,54,0.8055640576857614,0.0515433112877791,54,3.4999384412106176,0.7951956135108927,54,3.106246954558667,0.7538442720738829,54,0.00103398294337,0.0153036734387846,54,0.3936914866519511,0.1116441902349702,54,3.335166960281388,0.831490579010459,54,2.8416540611225205,0.8149061829226725,54,0.95566279661182,0.1045039082513212,54,0.7844388182360413,0.0864226286284637,54,23,33,0.7425715722944346,0.6449187922387418,1.2634383714173238,0.2121670380115547,0.23905748099153906
perle,FA50,condition_mean_neural_and_behavior,published_input_causal_train_only;raw_preprocessing_fail,post_bounce,y,197632,47,,,0,,,0,,,0,,,0,,,0,,,0,,,0,,,0,,,0,,,0,24,0,,,,,
perle,FA50,condition_mean_neural_and_behavior,published_input_causal_train_only;raw_preprocessing_fail,post_bounce,y,199564,49,,,0,,,0,,,0,,,0,,,0,,,0,,,0,,,0,,,0,,,0,25,0,,,,,
perle,FA50,condition_mean_neural_and_behavior,published_input_causal_train_only;raw_preprocessing_fail,post_bounce,y,204372,53,,,0,,,0,,,0,,,0,,,0,,,0,,,0,,,0,,,0,,,0,26,0,,,,,
perle,FA50,condition_mean_neural_and_behavior,published_input_causal_train_only;raw_preprocessing_fail,post_bounce,y,204678,45,0.3343742219948741,0.2232564100281914,45,0.2098941690131407,0.2335460234836534,45,4.985768157662552,1.156728445260778,45,4.90908462505362,1.1526448601374362,45,-0.1244800529817333,0.0399008285489581,45,0.0766835326089308,0.0999951708950951,45,-4.866171692143773,1.1837820767713316,45,-4.764639202343363,1.1824681652669555,45,1.3426656851022136,0.23153942952558,45,1.2452827316509192,0.2094675379742286,45,27,13,0.08014694986388703,0.06808765192076376,0.135886613260495,0.016075145760781194,0.016326251426764027
perle,FA50,condition_mean_neural_and_behavior,published_input_causal_train_only;raw_preprocessing_fail,post_bounce,y,206128,53,,,0,,,0,,,0,,,0,,,0,,,0,,,0,,,0,,,0,,,0,28,0,,,,,
perle,FA50,condition_mean_neural_and_behavior,published_input_causal_train_only;raw_preprocessing_fail,post_bounce,y,217817,49,0.755014685133088,0.0844882708772485,49,0.7704957315051733,0.0771879808776356,49,4.197074983643992,0.5411348034158004,49,3.9386931183133527,0.5266308842572136,49,0.0154810463720853,0.0214485121203985,49,0.258381865330638,0.0686850132943063,49,3.997874421388659,0.5785035780759891,49,3.6876158507415826,0.569737363900154,49,0.8899971724899005,0.1197811122402006,49,0.783131392585082,0.1073220149041174,49,29,32,0.5164065243412473,0.4461706377078065,0.8826681929772402,0.12303962315509835,0.1311111347924424
perle,FA50,condition_mean_neural_and_behavior,published_input_causal_train_only;raw_preprocessing_fail,post_bounce,y,218791,56,0.8045666739295381,0.0621820219265927,56,0.8157185794457626,0.0566760089988256,56,2.9218485236976903,0.7242306291848881,56,3.2808347784928387,0.7869515155182842,56,0.0111519055162245,0.015699861008419,56,-0.3589862547951487,0.1230222817516285,56,2.517334083014371,0.8646792788575197,56,3.008102719839417,0.8770671301165077,56,0.7739342275175101,0.0869125913500591,56,0.8636847031934471,0.0957785191426045,56,30,32,0.42342079535676863,0.36383737095332186,0.7274222567013333,0.14491538213655114,0.12905885969402006
perle,FA50,condition_mean_neural_and_behavior,published_input_causal_train_only;raw_preprocessing_fail,post_bounce,y,226533,59,,,0,,,0,,,0,,,0,,,0,,,0,,,0,,,0,,,0,,,0,31,0,,,,,
perle,FA50,condition_mean_neural_and_behavior,published_input_causal_train_only;raw_preprocessing_fail,post_bounce,y,232533,53,,,0,,,0,,,0,,,0,,,0,,,0,,,0,,,0,,,0,,,0,32,0,,,,,
perle,FA50,condition_mean_neural_and_behavior,published_input_causal_train_only;raw_preprocessing_fail,post_bounce,y,241919,43,0.7408124695288725,0.1064050005145421,43,0.7363006120999486,0.1094444049765806,43,4.785347297619752,1.2100975270609486,43,4.786522802931638,1.24654109538988,43,-0.0045118574289239,0.0202371400601442,43,-0.0011755053118861,0.1436069236791895,43,4.642010291515211,1.2446328718848547,43,4.64075027882198,1.2858508273363545,43,1.1691275169262894,0.2229842501094671,43,1.1014896550843498,0.2119973566425411,43,33,18,0.11461457125882343,0.09998621954429347,0.19178177274191732,0.023951150069261035,0.023945267990497104
perle,FA50,condition_mean_neural_and_behavior,published_input_causal_train_only;raw_preprocessing_fail,post_bounce,y,242380,50,,,0,,,0,8.419976747671136,1.0718947558594984,50,7.468264974880896,1.0491379233495572,50,,,0,0.9517117727902388,0.1394932987109792,50,-8.408305466260579,1.0733275688613082,50,-7.441266742771898,1.0515124163208072,50,2.2382959066085224,1.4649847370360272,50,0.7244420551031873,0.4574964251604133,50,34,2,0.8146394252842167,0.7717399895324393,1.0326131038694086,0.0967507927512432,0.10908014485616302
perle,FA50,condition_mean_neural_and_behavior,published_input_causal_train_only;raw_preprocessing_fail,post_bounce,y,244437,50,,,0,,,0,,,0,,,0,,,0,,,0,,,0,,,0,,,0,,,0,35,0,,,,,
perle,FA50,condition_mean_neural_and_behavior,published_input_causal_train_only;raw_preprocessing_fail,post_bounce,y,245662,41,0.7214115390235197,0.0964171080896008,41,0.7047804327208405,0.1099186413900561,41,4.874122389869074,0.776582903151734,41,5.893921219795868,0.833607910563862,41,-0.0166311063026793,0.025932168279903,41,-1.0197988299267933,0.1114031377409236,41,-4.6325205320916005,0.8072206837019105,41,-5.787471852637046,0.85071110466698,41,0.6503716811240967,0.118365470383304,41,0.9456748014062099,0.1681821305670959,41,36,27,1.4013993885541463,1.2196964803318873,2.3715325593854155,0.28751830103137604,0.23777029524033622
perle,FA50,condition_mean_neural_and_behavior,published_input_causal_train_only;raw_preprocessing_fail,post_bounce,y,248856,53,,,0,,,0,,,0,,,0,,,0,,,0,,,0,,,0,,,0,,,0,37,0,,,,,
perle,FA50,condition_mean_neural_and_behavior,published_input_causal_train_only;raw_preprocessing_fail,post_bounce,y,251629,52,0.7619936355484089,0.0730622438833545,52,0.771143587049192,0.0668548067604772,52,3.6148012433204086,0.8438001365006924,52,4.8845722878749465,0.9397009219697176,52,0.009149951500783,0.017704794949809,52,-1.2697710445545367,0.1592039953894449,52,3.164986552133896,0.9627899366051672,52,4.702328669427975,0.9718041986262004,52,0.755990176271763,0.0986871223037019,52,1.072701451436612,0.143654404974424,52,38,31,1.534253675070195,1.327398921206758,2.6176893428524295,0.42443652411187405,0.31410194888070303
perle,FA50,condition_mean_neural_and_behavior,published_input_causal_train_only;raw_preprocessing_fail,post_bounce,y,258471,53,,,0,,,0,,,0,,,0,,,0,,,0,,,0,,,0,,,0,,,0,39,0,,,,,
perle,FA50,condition_mean_neural_and_behavior,published_input_causal_train_only;raw_preprocessing_fail,post_bounce,y,269179,52,,,0,,,0,,,0,,,0,,,0,,,0,,,0,,,0,,,0,,,0,40,0,,,,,
perle,FA50,condition_mean_neural_and_behavior,published_input_causal_train_only;raw_preprocessing_fail,post_bounce,y,270569,46,0.5963900247710443,0.4792613805846114,46,0.3926350515403462,0.640301064660355,46,7.997385122266323,0.7913420050194454,46,7.098932118128734,0.7124296581284039,46,-0.2037549732306979,0.3694384692760286,46,0.8984530041375878,0.1531877844023931,46,7.982613291074763,0.7924993838143342,46,7.065418256935487,0.7138157964828927,46,2.1566564202087624,1.2231618119828531,46,0.5997729443150029,0.3474192387104947,46,41,3,1.0319678472198737,0.8779732014619226,1.5421878074557123,0.1290381582783438,0.14536944853783143
perle,FA50,condition_mean_neural_and_behavior,published_input_causal_train_only;raw_preprocessing_fail,post_bounce,y,273073,52,0.1206533014290564,0.2358366541902157,52,0.0152889288360474,0.2407524906485273,52,6.384150084436706,0.9104194868144002,52,6.067011554133929,0.8770499996171665,52,-0.105364372593009,0.0381706169000852,52,0.3171385303027763,0.0957968430708758,52,-6.270136443607909,0.923476960739974,52,-5.912591209012068,0.8970029884845343,52,1.1740696023728725,0.1444499208479756,52,0.9643334803940514,0.1194328799314173,52,42,18,0.29398677070992785,0.2511662835906861,0.5014849947869733,0.046049476723081656,0.04845660307167401
perle,FA50,condition_mean_neural_and_behavior,published_input_causal_train_only;raw_preprocessing_fail,post_bounce,y,273515,43,0.6704272636554958,0.1079985557588081,43,0.6392299165347806,0.1263209171224899,43,5.3082835685073615,0.6603362866882959,43,5.144575494606585,0.6532786215000884,43,-0.0311973471207151,0.0286939287020923,43,0.1637080739007756,0.0674592999777965,43,-5.197683611792774,0.6752457541055658,43,-5.0312554190607965,0.6703896265958541,43,1.3092016193323972,0.1956656552939355,43,1.2617589194666827,0.1945094421649568,43,43,23,0.027066580057153223,0.023372771664097583,0.04600817705040949,0.00509893258486266,0.0052611882332233234
perle,FA50,condition_mean_neural_and_behavior,published_input_causal_train_only;raw_preprocessing_fail,post_bounce,y,287936,52,,,0,,,0,,,0,,,0,,,0,,,0,,,0,,,0,,,0,,,0,44,0,,,,,
perle,FA50,condition_mean_neural_and_behavior,published_input_causal_train_only;raw_preprocessing_fail,post_bounce,y,297652,55,,,0,,,0,,,0,,,0,,,0,,,0,,,0,,,0,,,0,,,0,45,0,,,,,
perle,FA50,condition_mean_neural_and_behavior,published_input_causal_train_only;raw_preprocessing_fail,post_bounce,y,301600,50,,,0,,,0,,,0,,,0,,,0,,,0,,,0,,,0,,,0,,,0,46,0,,,,,
perle,FA50,condition_mean_neural_and_behavior,published_input_causal_train_only;raw_preprocessing_fail,post_bounce,y,320246,53,0.6533102012517796,0.1210066595532788,53,0.6256402675819114,0.1297301949376772,53,4.674987278861574,0.9083529406619476,53,4.84419441321768,0.942938924805206,53,-0.0276699336698682,0.0216080561394039,53,-0.1692071343561067,0.1031318031116266,53,-4.5422049713593085,0.9377412305739228,53,-4.729204205776406,0.9677651516224016,53,0.996860662973612,0.1435245109181725,53,1.1045940026070151,0.1643933665786012,53,47,24,0.3661484506677863,0.3183941136963317,0.6187673125011788,0.0783207373255032,0.0755850032915128
perle,FA50,condition_mean_neural_and_behavior,published_input_causal_train_only;raw_preprocessing_fail,post_bounce,y,325813,56,0.7196806365647683,0.1283766776260487,56,0.7244994545480113,0.122984016455067,56,6.002332057966579,0.7832784603621777,56,5.671702192059973,0.7769870889285808,56,0.0048188179832431,0.0222049416844395,56,0.3306298659066074,0.1642482251561921,56,5.918330575585663,0.8074418146243658,56,5.582875560562141,0.7969528507870478,56,1.5294939272696806,0.3330788198967335,56,1.22337683938674,0.2648021419679538,56,48,13,0.46609798965340055,0.4015305980787846,0.7810734181320367,0.07765281646402306,0.08217955983406683
perle,FA50,condition_mean_neural_and_behavior,published_input_causal_train_only;raw_preprocessing_fail,post_bounce,y,328386,47,,,0,,,0,,,0,,,0,,,0,,,0,,,0,,,0,,,0,,,0,49,0,,,,,
perle,FA50,condition_mean_neural_and_behavior,published_input_causal_train_only;raw_preprocessing_fail,post_bounce,y,330797,55,,,0,,,0,,,0,,,0,,,0,,,0,,,0,,,0,,,0,,,0,50,0,,,,,
perle,FA50,condition_mean_neural_and_behavior,published_input_causal_train_only;raw_preprocessing_fail,post_bounce,y,332165,48,0.6322488465602649,0.1599550521558668,48,0.6380692056652606,0.1510019226828972,48,4.053230303127699,1.1555690811947192,48,6.330419377281888,1.351435808643768,48,0.0058203591049956,0.0258507466842086,48,-2.277189074154191,0.2935238364522527,48,3.4602538492526818,1.3375501542001025,48,6.231064654241012,1.3780846290044797,48,0.5294509452282707,0.0826764149940895,48,1.3471376286522148,0.209337606388291,48,51,27,3.030480888855456,2.6042422837916086,5.190852382745875,0.7476705398449646,0.47871723945036054
perle,FA50,condition_mean_neural_and_behavior,published_input_causal_train_only;raw_preprocessing_fail,post_bounce,y,340684,52,0.1458546482519283,0.4008616284718232,52,0.1479333636739344,0.3925326276053893,52,6.579780392707232,0.793738624541724,52,6.151302979967168,0.8456486164512439,52,0.002078715422006,0.0881019866576039,52,0.4284774127400623,0.1264956428199777,52,6.497487517089032,0.8030469452445689,52,6.029520841317149,0.8639311642180274,52,0.8232742460300142,0.1443463163269507,52,0.6343424191484353,0.0986268854644029,52,52,31,0.4659425321103046,0.4027733519151656,0.7956333110400182,0.07081429839614965,0.0757469650946687
perle,FA50,condition_mean_neural_and_behavior,published_input_causal_train_only;raw_preprocessing_fail,post_bounce,y,351612,48,,,0,,,0,,,0,,,0,,,0,,,0,,,0,,,0,,,0,,,0,53,0,,,,,
perle,FA50,condition_mean_neural_and_behavior,published_input_causal_train_only;raw_preprocessing_fail,post_bounce,y,356164,56,,,0,,,0,,,0,,,0,,,0,,,0,,,0,,,0,,,0,,,0,54,0,,,,,
perle,FA50,condition_mean_neural_and_behavior,published_input_causal_train_only;raw_preprocessing_fail,post_bounce,y,356765,58,,,0,,,0,,,0,,,0,,,0,,,0,,,0,,,0,,,0,,,0,55,0,,,,,
perle,FA50,condition_mean_neural_and_behavior,published_input_causal_train_only;raw_preprocessing_fail,post_bounce,y,370777,49,,,0,,,0,,,0,,,0,,,0,,,0,,,0,,,0,,,0,,,0,56,0,,,,,
perle,FA50,condition_mean_neural_and_behavior,published_input_causal_train_only;raw_preprocessing_fail,post_bounce,y,377134,51,,,0,,,0,,,0,,,0,,,0,,,0,,,0,,,0,,,0,,,0,57,0,,,,,
perle,FA50,condition_mean_neural_and_behavior,published_input_causal_train_only;raw_preprocessing_fail,post_bounce,y,379400,46,,,0,,,0,,,0,,,0,,,0,,,0,,,0,,,0,,,0,,,0,58,0,,,,,
perle,FA50,condition_mean_neural_and_behavior,published_input_causal_train_only;raw_preprocessing_fail,post_bounce,y,381514,52,,,0,,,0,,,0,,,0,,,0,,,0,,,0,,,0,,,0,,,0,59,0,,,,,
perle,FA50,condition_mean_neural_and_behavior,published_input_causal_train_only;raw_preprocessing_fail,post_bounce,y,388571,46,,,0,,,0,,,0,,,0,,,0,,,0,,,0,,,0,,,0,,,0,60,0,,,,,
perle,FA50,condition_mean_neural_and_behavior,published_input_causal_train_only;raw_preprocessing_fail,post_bounce,y,394672,41,,,0,,,0,,,0,,,0,,,0,,,0,,,0,,,0,,,0,,,0,61,0,,,,,
perle,FA50,condition_mean_neural_and_behavior,published_input_causal_train_only;raw_preprocessing_fail,post_bounce,y,396358,53,,,0,,,0,,,0,,,0,,,0,,,0,,,0,,,0,,,0,,,0,62,0,,,,,
perle,FA50,condition_mean_neural_and_behavior,published_input_causal_train_only;raw_preprocessing_fail,post_bounce,y,400995,60,,,0,,,0,,,0,,,0,,,0,,,0,,,0,,,0,,,0,,,0,63,0,,,,,
perle,FA50,condition_mean_neural_and_behavior,published_input_causal_train_only;raw_preprocessing_fail,post_bounce,y,401673,46,,,0,,,0,,,0,,,0,,,0,,,0,,,0,,,0,,,0,,,0,64,0,,,,,
perle,FA50,condition_mean_neural_and_behavior,published_input_causal_train_only;raw_preprocessing_fail,post_bounce,y,406460,40,,,0,,,0,,,0,,,0,,,0,,,0,,,0,,,0,,,0,,,0,65,0,,,,,
perle,FA50,condition_mean_neural_and_behavior,published_input_causal_train_only;raw_preprocessing_fail,post_bounce,y,413189,63,,,0,,,0,,,0,,,0,,,0,,,0,,,0,,,0,,,0,,,0,66,0,,,,,
perle,FA50,condition_mean_neural_and_behavior,published_input_causal_train_only;raw_preprocessing_fail,post_bounce,y,413513,37,,,0,,,0,,,0,,,0,,,0,,,0,,,0,,,0,,,0,,,0,67,0,,,,,
perle,FA50,condition_mean_neural_and_behavior,published_input_causal_train_only;raw_preprocessing_fail,post_bounce,y,420020,48,,,0,,,0,,,0,,,0,,,0,,,0,,,0,,,0,,,0,,,0,68,0,,,,,
perle,FA50,condition_mean_neural_and_behavior,published_input_causal_train_only;raw_preprocessing_fail,post_bounce,y,428615,50,0.7034508371603465,0.1330355350586276,50,0.7011116295948889,0.1440446904510682,50,6.697956734362446,0.8633075947996893,50,6.365867488232729,0.9175628296584548,50,-0.0023392075654576,0.0426460648520709,50,0.3320892461297154,0.1290443969261315,50,-6.583943335076919,0.8737385029275873,50,-6.21530963039915,0.9354288382533312,50,0.94348685264667,0.2115270798517981,50,0.8067867753005802,0.1667763293908165,50,69,49,0.543173300205712,0.46808423248981007,0.9357283598027442,0.08109537307386246,0.08532588860980296
perle,FA50,condition_mean_neural_and_behavior,published_input_causal_train_only;raw_preprocessing_fail,post_bounce,y,435203,57,,,0,,,0,,,0,,,0,,,0,,,0,,,0,,,0,,,0,,,0,70,0,,,,,
perle,FA50,condition_mean_neural_and_behavior,published_input_causal_train_only;raw_preprocessing_fail,post_bounce,y,448412,48,,,0,,,0,,,0,,,0,,,0,,,0,,,0,,,0,,,0,,,0,71,0,,,,,
perle,FA50,condition_mean_neural_and_behavior,published_input_causal_train_only;raw_preprocessing_fail,post_bounce,y,454477,51,,,0,,,0,,,0,,,0,,,0,,,0,,,0,,,0,,,0,,,0,72,0,,,,,
perle,FA50,condition_mean_neural_and_behavior,published_input_causal_train_only;raw_preprocessing_fail,post_bounce,y,456038,45,0.7177264256481517,0.1356845469054604,45,0.7185347798226361,0.1509530852874838,45,4.200245202468368,1.0366681355450114,45,4.838506686210582,1.0720896666805986,45,0.0008083541744844,0.0349651854206627,45,-0.6382614837422134,0.0926305484524681,45,-4.006501973611604,1.0597820358216732,45,-4.723622087285851,1.0905523278234766,45,0.7946306811430168,0.1754489680395116,45,1.062118483078105,0.2384955532185364,45,73,22,0.9124564482094355,0.7889141440108864,1.5476902846045961,0.21723885254918215,0.18858224394106446
perle,FA50,condition_mean_neural_and_behavior,published_input_causal_train_only;raw_preprocessing_fail,post_bounce,y,460651,46,,,0,,,0,,,0,,,0,,,0,,,0,,,0,,,0,,,0,,,0,74,0,,,,,
perle,FA50,condition_mean_neural_and_behavior,published_input_causal_train_only;raw_preprocessing_fail,post_bounce,y,463174,54,0.5219542510890229,0.1720847139497572,54,0.5493639766857803,0.1462506949828844,54,5.483572884632559,1.107759963003407,54,7.619454039509681,1.2744034439853542,54,0.0274097255967573,0.0417756301714374,54,-2.1358811548771217,0.2528993578899737,54,-4.915904556677776,1.192986951059945,54,-7.5132603337884465,1.285418844674062,54,0.4146723572934757,0.0569931058117227,54,0.8242949252521633,0.104539367792479,54,75,28,2.7564611751537242,2.396799510855201,4.672062705228497,0.5026761261582882,0.36176623165655386
perle,FA50,condition_mean_neural_and_behavior,published_input_causal_train_only;raw_preprocessing_fail,post_bounce,y,464785,55,,,0,,,0,,,0,,,0,,,0,,,0,,,0,,,0,,,0,,,0,76,0,,,,,
perle,FA50,condition_mean_neural_and_behavior,published_input_causal_train_only;raw_preprocessing_fail,post_bounce,y,465431,50,,,0,,,0,,,0,,,0,,,0,,,0,,,0,,,0,,,0,,,0,77,0,,,,,
perle,FA50,condition_mean_neural_and_behavior,published_input_causal_train_only;raw_preprocessing_fail,post_bounce,y,469268,52,0.7460630259500589,0.1010400174588918,52,0.7001731892814506,0.1140523174876176,52,4.698801884941002,0.9264829063308044,52,5.443881810767701,1.0310042215727089,52,-0.0458898366686081,0.0283931909782025,52,-0.7450799258267004,0.1668010633305677,52,-4.5881163941709,0.9548820360445984,52,-5.368233651648568,1.0544135272802198,52,0.8739495846451633,0.1935759820238039,52,1.2317997916610433,0.2651678721345653,52,78,18,0.9587138342466974,0.8360948430555747,1.604687511131651,0.20403367873824182,0.1761084952929018
perle,FA50,condition_mean_neural_and_behavior,published_input_causal_train_only;raw_preprocessing_fail,visible,y,29337,45,-0.0137384189936393,0.1510070991206355,45,-0.0029467519832979,0.149133000913107,45,4.731437298957716,0.5998676948189194,45,4.78716580090291,0.6439168992456287,45,0.0107916670103414,0.0191572443088554,45,-0.0557285019451947,0.1203592310345808,45,4.159341368847046,0.6789910389915161,45,4.24383416126022,0.7222866535479627,45,0.8474560656642675,0.1085645456432935,45,0.870040080805143,0.1090868384220685,45,0,35,0.08793714483314584,0.07703100925120483,0.14842872856292377,0.018585714926945652,0.018369354329979538
perle,FA50,condition_mean_neural_and_behavior,published_input_causal_train_only;raw_preprocessing_fail,visible,y,55062,48,0.3818796452634024,0.166864404162416,48,0.3604975683682702,0.1569504938984729,48,5.234254487490822,1.0616346181290968,48,5.247510318732183,1.065963264163082,48,-0.0213820768951321,0.0286599915270221,48,-0.013255831241361,0.079647464682339,48,4.943301485311356,1.1147937476258407,48,4.958293505581717,1.1214311881201586,48,0.984637365843878,0.1530980149157597,48,0.9993510402427318,0.1557754951687842,48,1,35,0.16992588866691785,0.07417924626522053,0.552625628453737,0.03246420078981989,0.03238219238184796
perle,FA50,condition_mean_neural_and_behavior,published_input_causal_train_only;raw_preprocessing_fail,visible,y,58244,58,-0.1419237187083912,0.1753370662863812,58,-0.1541123636948819,0.1691299250397028,58,2.79793380495546,0.3176157320219389,58,2.7744609216488185,0.2844963234077374,58,-0.0121886449864906,0.0203307391594051,58,0.0234728833066408,0.0561726429056937,58,-1.0244292506606745,0.6916242453066576,58,-0.8565295198048958,0.6777914843891552,58,0.616358015574146,0.0624604877924376,58,0.602222146717662,0.060737067974321,58,2,35,0.06970921835388888,0.061063252425524094,0.11766290430071535,0.024914534514871616,0.025125319953132295
perle,FA50,condition_mean_neural_and_behavior,published_input_causal_train_only;raw_preprocessing_fail,visible,y,59920,43,,,0,,,0,,,0,,,0,,,0,,,0,,,0,,,0,,,0,,,0,3,0,,,,,
perle,FA50,condition_mean_neural_and_behavior,published_input_causal_train_only;raw_preprocessing_fail,visible,y,68220,53,0.4698850454425595,0.0944755187168241,53,0.451622081750689,0.0912880170521985,53,3.0216735550401,0.5736013051206149,53,2.921401793017633,0.544934020552112,53,-0.0182629636918705,0.0193114908121995,53,0.1002717620224668,0.0763825963835372,53,2.083026906324882,0.782802591643937,53,1.888759025088168,0.7897388752996057,53,0.6425584762307237,0.0749989114088064,53,0.6340817962701644,0.0724168295380948,53,4,36,0.010451779445734421,0.009155122114986897,0.017649095220610977,0.0034589373257415683,0.0035776590096969715
perle,FA50,condition_mean_neural_and_behavior,published_input_causal_train_only;raw_preprocessing_fail,visible,y,72780,47,0.3188259817736257,0.1301223850959815,47,0.3685162529771302,0.1264722457022348,47,7.594091986236931,0.8609646394429395,47,7.534314900099773,0.8736528581055724,47,0.0496902712035044,0.0117410261105357,47,0.0597770861371585,0.0667590606642401,47,-7.370571557834912,0.8739490752161203,47,-7.3266569514163775,0.8834942759107206,47,1.314697365126223,0.1470379041077459,47,1.2730212102299543,0.1431381644471456,47,5,33,0.09756609944991193,0.04625263053720813,0.29377693988272213,0.012847632031154584,0.012949564856735669
perle,FA50,condition_mean_neural_and_behavior,published_input_causal_train_only;raw_preprocessing_fail,visible,y,77046,50,0.5894677076128241,0.116661531522699,50,0.5920523946524164,0.1179846342036506,50,1.6326506298475596,0.2386688861894569,50,1.6307498872547703,0.23480356879637,50,0.0025846870395921,0.0119940574498755,50,0.0019007425927893,0.0499248989667345,50,0.1475845520498327,0.663102765599559,50,0.0795102020131712,0.6553393820879003,50,0.8468097886976236,0.1095774107755461,50,0.8172257750921295,0.10670610846965,50,6,32,0.06089981701874487,0.053402928351880444,0.10254498925436328,0.037301193473603764,0.0373446703842884
perle,FA50,condition_mean_neural_and_behavior,published_input_causal_train_only;raw_preprocessing_fail,visible,y,77944,48,0.6627280436114219,0.0735473749461174,48,0.6631365010680222,0.0736208144226032,48,2.5779360128404454,0.6973203502623206,48,2.481000656589624,0.6908521480510526,48,0.0004084574566003,0.0076259609678714,48,0.0969353562508222,0.0723615284918005,48,-2.0963402747427167,0.8232072511469055,48,-2.0071790952564728,0.8197045411970004,48,1.2465099679647658,0.113573581801194,48,1.2636013907077244,0.114185411183002,48,7,31,0.12875689804662835,0.11294777880431886,0.21661527991942808,0.04994573077272008,0.05189716403526358
perle,FA50,condition_mean_neural_and_behavior,published_input_causal_train_only;raw_preprocessing_fail,visible,y,90751,53,0.7318030077959526,0.0677938755205264,53,0.7356763635004783,0.068738735740999,53,2.02031420153429,0.2892936105826333,53,1.9974157318115289,0.3067683288939045,53,0.0038733557045258,0.0116455468119493,53,0.0228984697227611,0.0480825488512414,53,0.7547120345624394,0.712553377482317,53,0.8447807325240595,0.7274471578285169,53,0.7024348042655989,0.068993796028558,53,0.7200620393677053,0.0693412831863815,53,8,36,0.18124250499984038,0.15871887637915302,0.3061291522919496,0.08971005839695584,0.09073849880788962
perle,FA50,condition_mean_neural_and_behavior,published_input_causal_train_only;raw_preprocessing_fail,visible,y,93053,48,0.5059578566052728,0.1885414360048352,48,0.4825394064621188,0.1891582289140738,48,4.753100658423808,0.779465960198512,48,4.840271962001961,0.7905556898117689,48,-0.0234184501431538,0.0125848424100576,48,-0.0871713035781542,0.0666428252052138,48,4.370482833836529,0.7988462334211555,48,4.450668756823569,0.812437616525666,48,0.628092385860112,0.081393549375303,48,0.6161637633453974,0.0782284698745225,48,9,33,1.4027366462805195e-15,9.352787904417985e-16,3.552713678800501e-15,2.951203324075375e-16,2.898053368266399e-16
perle,FA50,condition_mean_neural_and_behavior,published_input_causal_train_only;raw_preprocessing_fail,visible,y,99902,46,0.5796318545121174,0.1206682959638734,46,0.568419165929757,0.1166858679750497,46,4.225241616947286,0.9735315168519184,46,4.290372397618853,0.9753097982944376,46,-0.0112126885823602,0.0135522563999059,46,-0.0651307806715664,0.0663863891183009,46,3.9582162448306817,1.0095678422699563,46,4.028934705254125,1.0099002364819405,46,0.8472344525124909,0.1001967728003846,46,0.8509242847801646,0.100436105960922,46,10,32,0.08965842967980331,0.03499030860212929,0.3184327825994391,0.021219716600391965,0.020897586822431435
perle,FA50,condition_mean_neural_and_behavior,published_input_causal_train_only;raw_preprocessing_fail,visible,y,105802,56,0.0039956545727447,0.1133912775085372,56,0.0211331818718003,0.1162431527161087,56,4.163188059158488,0.6953175884033039,56,4.226361450916769,0.710132402296311,56,0.0171375272990555,0.0158785259963264,56,-0.0631733917582808,0.0698701089906376,56,3.2715303317062703,0.8608055422212865,56,3.3942829117983138,0.8607598698454771,56,1.05384912892251,0.1180170330179713,56,1.0795876622933005,0.1268233778722403,56,11,31,0.07905283164675707,0.06489332457566035,0.14190060012200778,0.018988532471611707,0.01870470203858432
perle,FA50,condition_mean_neural_and_behavior,published_input_causal_train_only;raw_preprocessing_fail,visible,y,118879,59,0.689280994630758,0.0832709445005617,59,0.6822461676295105,0.0840592630357312,59,3.62302466606313,0.9776416044494072,59,3.530848633191966,0.9938654803856186,59,-0.0070348270012476,0.01177220839579,59,0.0921760328711624,0.1302518824872317,59,-3.4038580131743155,1.0414638487548404,59,-3.3100179602733864,1.0634585846439248,59,1.2260096610642632,0.11900284988567,59,1.3525039210519434,0.129526445285493,59,12,28,0.28858311638904804,0.2534789162086071,0.48401958374865384,0.07965253979422385,0.0817319421954836
perle,FA50,condition_mean_neural_and_behavior,published_input_causal_train_only;raw_preprocessing_fail,visible,y,122957,51,-0.0823041940909926,0.1337818704690918,51,-0.0599618234003868,0.1335010883376114,51,4.1517932713171355,0.6137689885902247,51,4.0754458060258045,0.6179731182430194,51,0.0223423706906058,0.0210336923193861,51,0.0763474652913298,0.0537072979644347,51,3.506741879542368,0.6912717907063972,51,3.3932556040339734,0.7086354153601403,51,1.338997976609482,0.1562575193165106,51,1.2501772713835702,0.1474429933649645,51,13,27,0.1817242994548764,0.15969433472190656,0.30444440956364316,0.04377007417742292,0.044590041949812094
perle,FA50,condition_mean_neural_and_behavior,published_input_causal_train_only;raw_preprocessing_fail,visible,y,126479,53,0.4328908512751455,0.2094498109076933,53,0.4165404538149013,0.2087326760152106,53,2.5368272452176464,0.5881856081926352,53,1.916405362961652,0.5108909130182369,53,-0.0163503974602441,0.0177286915680771,53,0.620421882255994,0.1043903586239973,53,2.036128968440887,0.7035745419807111,53,1.367578582379399,0.6975207599805642,53,0.7662903039973599,0.1188576379643459,53,1.0049848930653733,0.1522831996947978,53,14,28,0.7708361233815767,0.6770941480018664,1.2928157418270656,0.3038583430679936,0.4022302057171823
perle,FA50,condition_mean_neural_and_behavior,published_input_causal_train_only;raw_preprocessing_fail,visible,y,158705,57,0.0895512423238626,0.138355284725054,57,0.0841698436313565,0.1399330070333727,57,5.480527452990375,0.7368317005922641,57,5.598992186527336,0.7500973884637495,57,-0.005381398692506,0.0124949044653674,57,-0.1184647335369611,0.0788487753382021,57,-4.7179215864477255,0.8919899019899246,57,-4.89708161869372,0.8905129764275844,57,1.015019147724601,0.0934591014182352,57,1.0836711609585568,0.0990648956512883,57,15,31,0.21307208830167698,0.1717343597383117,0.3892765773567959,0.03887802590705336,0.03805543590762371
perle,FA50,condition_mean_neural_and_behavior,published_input_causal_train_only;raw_preprocessing_fail,visible,y,159613,50,0.6778761144062958,0.0966904916498327,50,0.6778394392426625,0.0941110487224281,50,2.661402062103112,0.4424169534747211,50,2.691258287470262,0.4506362156174728,50,-3.6675163633255184e-05,0.0098496653023679,50,-0.0298562253671499,0.0778273534921828,50,1.9999780586189395,0.5459335372292557,50,2.0837897022302814,0.5416943177686396,50,0.7875878807892788,0.0928534009111792,50,0.8185819629727372,0.0949555899745348,50,16,31,0.17788116151281477,0.15599387248784322,0.29935592977915426,0.06683738772346492,0.0660959084978871
perle,FA50,condition_mean_neural_and_behavior,published_input_causal_train_only;raw_preprocessing_fail,visible,y,163248,39,0.3819106474281156,0.1125553198938493,39,0.3502272564461553,0.1134536007001549,39,2.1540642274568453,0.3997647821300945,39,2.1880712869785026,0.4160632296938283,39,-0.0316833909819603,0.0185522436276644,39,-0.0340070595216577,0.0539594949083861,39,-1.0199346984555973,0.778689384290796,39,-1.0512914835254057,0.7679235686222988,39,8.327739495826641,1.0224066525295972,39,9.90393512683049,1.2078314018418472,39,17,22,0.07086706690504306,0.06246573551113035,0.11785797429528322,0.03289923578031417,0.03238791502213946
perle,FA50,condition_mean_neural_and_behavior,published_input_causal_train_only;raw_preprocessing_fail,visible,y,167848,56,-0.0324813868371173,0.1411355400361498,56,-0.0445438762223176,0.1375835389620412,56,5.383902334727275,0.6850411303593403,56,5.263396790116394,0.6963964137736663,56,-0.0120624893852003,0.0210698601446507,56,0.1205055446108822,0.0928748312327502,56,-4.77189971873818,0.7614163397535835,56,-4.628719418404884,0.7779065096447729,56,1.0353802193901325,0.1003475016508395,56,1.0324316301531975,0.0962282814649097,56,18,27,0.0009135580720965572,0.0008021959867042095,0.001531761809169474,0.00016968325487702854,0.00017356815541857618
perle,FA50,condition_mean_neural_and_behavior,published_input_causal_train_only;raw_preprocessing_fail,visible,y,179553,58,0.0740279028113795,0.1639109375336365,58,0.0732751617665564,0.1636489783107413,58,2.1222237530384227,0.4287768680091412,58,2.123776666275789,0.4273975790014746,58,-0.0007527410448231,0.0154649874265515,58,-0.001552913237367,0.0378501049476728,58,0.9211623071411305,0.7568496821822585,58,0.9611096567646746,0.74566290331988,58,1.2604653681153513,0.1166316365419111,58,1.251837395830332,0.1184793500464759,58,19,24,0.011190455664021486,0.009847983534055573,0.018677032772601798,0.0052729857763583726,0.005269130149944079
perle,FA50,condition_mean_neural_and_behavior,published_input_causal_train_only;raw_preprocessing_fail,visible,y,182748,51,0.6615085309753747,0.1101085709415343,51,0.6659171133138783,0.1099221424059957,51,4.146847713665983,0.8269476949402464,51,4.165020704631083,0.8393778611642775,51,0.0044085823385034,0.0091925736311435,51,-0.0181729909651007,0.0564412235868592,51,-3.692035990791938,0.9629683739693335,51,-3.7210435859975655,0.9719089933834204,51,0.8178459235684857,0.0833402289361352,51,0.8036352325847046,0.0807195069400374,51,20,31,8.664238086864331e-16,6.303201688194437e-16,1.7763568394002505e-15,2.0893552609398307e-16,2.0802388994682717e-16
perle,FA50,condition_mean_neural_and_behavior,published_input_causal_train_only;raw_preprocessing_fail,visible,y,183171,51,0.4512630695603744,0.1330583945812409,51,0.4471293093555185,0.1341041896839354,51,2.731705797258144,0.7540895432044684,51,2.4388284652601637,0.7046489741972884,51,-0.0041337602048559,0.0135250676156709,51,0.2928773319979803,0.0832098892825395,51,-2.2610877333619137,0.9096986979126997,51,-1.924502256645038,0.8804564171032554,51,1.1953435274615036,0.146082776003467,51,1.3153442837028757,0.1589536859862925,51,21,24,0.25224805638691167,0.22205228702896307,0.4208696505117864,0.09234085773076185,0.10343001157320136
perle,FA50,condition_mean_neural_and_behavior,published_input_causal_train_only;raw_preprocessing_fail,visible,y,184642,57,0.3093133076775961,0.1168573496885231,57,0.2839738914283696,0.1201584289651108,57,2.2815513375297565,0.3818498187443698,57,2.2774819492789224,0.380050279330752,57,-0.0253394162492264,0.0189563271697477,57,0.0040693882508339,0.0580470879907786,57,0.7101527322878146,0.9640112349963816,57,0.7444531804850605,0.951680811941944,57,0.8532042979232284,0.0718469579000427,57,0.8717975226635424,0.0723014104618634,57,22,27,0.12031171282699914,0.10572365435005811,0.2015655140592374,0.052732415373682125,0.052826637271523154
perle,FA50,condition_mean_neural_and_behavior,published_input_causal_train_only;raw_preprocessing_fail,visible,y,187617,54,0.021027689041043,0.1198400973045538,54,-0.0008146423177146,0.1208997441997063,54,4.815150675663536,0.7964246386391935,54,4.767482956476512,0.7707525241359245,54,-0.0218423313587577,0.0153798667117065,54,0.0476677191870226,0.1005975218117921,54,4.38679510205536,0.8729065686237489,54,4.249862216904507,0.8593353995125743,54,1.6549333296419315,0.2218835034612968,54,1.3608718144257492,0.176647091173262,54,23,24,0.38264168510513885,0.29633387710892206,0.7222337396360645,0.07946619137778284,0.08026073477312157
perle,FA50,condition_mean_neural_and_behavior,published_input_causal_train_only;raw_preprocessing_fail,visible,y,197632,47,0.5423055475723433,0.125449359149408,47,0.5407687035981817,0.124418277710658,47,3.7210253400303777,0.656266632379897,47,3.827302578358568,0.6891621533139517,47,-0.0015368439741617,0.0161328455118246,47,-0.1062772383281913,0.0699973033142537,47,3.1636682257522417,0.7839778658612565,47,3.30946349195563,0.8059417537136245,47,0.7441791469948951,0.0930977914695017,47,0.7627046753840522,0.0979106644577231,47,24,29,0.11930908230717475,0.10474421814932017,0.2003332158360307,0.0320634963228175,0.031173151289842195
perle,FA50,condition_mean_neural_and_behavior,published_input_causal_train_only;raw_preprocessing_fail,visible,y,199564,49,0.6580658883562484,0.1024090531405613,49,0.6508574011962354,0.1028234695415444,49,2.682335773824789,0.6720756087092102,49,2.6010056364861205,0.6541598151811657,49,-0.0072084871600128,0.0127202202479694,49,0.0813301373386683,0.0647899957987627,49,2.2642342156040955,0.8529432646479537,49,2.1378379026638696,0.8527983906190845,49,0.8898384232649831,0.1080083674641192,49,0.8552555501670435,0.1051730908974166,49,25,26,0.1112196051189287,0.0977987201416193,0.18607245634944025,0.04146371464909434,0.042760232257390646
perle,FA50,condition_mean_neural_and_behavior,published_input_causal_train_only;raw_preprocessing_fail,visible,y,204372,53,0.3290752792656412,0.1627945723140875,53,0.284588961758204,0.1631067344752741,53,2.1093759280564437,0.2667131311773394,53,2.0129933168503142,0.239025294385612,53,-0.0444863175074371,0.028792299160828,53,0.096382611206129,0.0802452810851361,53,0.567583519909421,0.6966800953095414,53,0.3973153337718913,0.719884696196364,53,0.6178077512677558,0.079366457227156,53,0.6756116155557702,0.0846170130616245,53,26,27,0.3436292833615816,0.3019733305937481,0.5756825725373544,0.16290566266118242,0.17070562554040203
perle,FA50,condition_mean_neural_and_behavior,published_input_causal_train_only;raw_preprocessing_fail,visible,y,204678,45,0.6144742880607985,0.0914871792822341,45,0.5928697666209722,0.0962660241193439,45,4.850335452463259,1.0035764577730275,45,4.981770962844076,1.0134455027426572,45,-0.0216045214398262,0.0152374066634322,45,-0.1314355103808172,0.0852011345915333,45,-4.615299836652788,1.0777087732752502,45,-4.740657658095394,1.0900747741414702,45,1.2216877606870231,0.1506953760299372,45,1.224743731640952,0.1492709503264009,45,27,24,1.472877282518059e-15,1.0362081563168128e-15,3.552713678800501e-15,3.0366503450190304e-16,2.9565335169025885e-16
perle,FA50,condition_mean_neural_and_behavior,published_input_causal_train_only;raw_preprocessing_fail,visible,y,206128,53,-0.0279614179639697,0.1710111956853608,53,-0.0568409342272085,0.1783232379521488,53,3.2896068003771903,0.3634129060978528,53,3.2440210712802795,0.4436721508444651,53,-0.0288795162632388,0.0230237986826671,53,0.0455857290969106,0.1264037686695119,53,-0.6096967027704556,0.94649236360683,53,-1.0516462852056074,0.9454635470173776,53,0.6550940607237306,0.0728208249420239,53,0.6901598256429724,0.0779502156896321,53,28,21,0.42939159180458975,0.37877692369545285,0.7127822905070789,0.13052976171965452,0.1323639959080558
perle,FA50,condition_mean_neural_and_behavior,published_input_causal_train_only;raw_preprocessing_fail,visible,y,217817,49,0.1898591248535103,0.1520409307539684,49,0.1526913112561826,0.160172557032525,49,5.5112781965607525,0.5800941841784172,49,5.488041306822405,0.5762113260792018,49,-0.0371678135973276,0.0223335426356979,49,0.0232368897383469,0.0799185084737033,49,5.204613811618783,0.6126712731800725,49,5.1564934473415684,0.6103714428126295,49,1.9108605689201368,0.194025005522358,49,1.633018988458174,0.1706054057143881,49,29,23,0.21368969057320325,0.1536567491642318,0.4320900714087932,0.038773163493462146,0.03893733276160968
perle,FA50,condition_mean_neural_and_behavior,published_input_causal_train_only;raw_preprocessing_fail,visible,y,218791,56,0.2716410337358607,0.2351466456706913,56,0.2932226923161059,0.237352117425332,56,3.6960526106705025,0.7828478603831702,56,3.827390761815805,0.7952343316383899,56,0.0215816585802452,0.0367027665773223,56,-0.1313381511453028,0.0798173254134823,56,3.455537408047084,0.8692380877059382,56,3.6155523643238254,0.8723971587861298,56,1.0423875109455962,0.1413996567140217,56,1.1103071434269396,0.1508101023973449,56,30,27,0.14398215738644599,0.09136228390388569,0.3286517368486761,0.038955656900220945,0.03761888094178746
perle,FA50,condition_mean_neural_and_behavior,published_input_causal_train_only;raw_preprocessing_fail,visible,y,226533,59,0.0132968465816275,0.1624233449694507,59,0.0215083996521633,0.1591779397613139,59,5.074025975988332,0.79560690077887,59,5.176965313345739,0.8085603249513329,59,0.0082115530705358,0.0199820806923977,59,-0.1029393373574077,0.0827206177070063,59,-4.727855077526259,0.8278462054182054,59,-4.8502246165218015,0.8368408973327233,59,1.3256259509542982,0.1673696634301462,59,1.3777974060072102,0.1727275973793699,59,31,22,0.08701636152494976,0.07670748580059,0.14470107696186707,0.01714937249764483,0.01680837252291987
perle,FA50,condition_mean_neural_and_behavior,published_input_causal_train_only;raw_preprocessing_fail,visible,y,232533,53,0.5234621928095096,0.1542621729578281,53,0.5070883631659237,0.1575554450486324,53,1.3604182928879447,0.295119932112932,53,1.3558073361082523,0.2964415527648058,53,-0.0163738296435859,0.0217578220006214,53,0.0046109567796924,0.038985011790267,53,0.3824415854582625,0.633379351755827,53,0.3896044682904892,0.6340917711280909,53,1.2444061169386902,0.1697746307962687,53,1.2353170480832525,0.1803473739373518,53,32,21,0.038970106386878534,0.03437611175526725,0.0646904707469158,0.02864567948741074,0.028743100401521227
perle,FA50,condition_mean_neural_and_behavior,published_input_causal_train_only;raw_preprocessing_fail,visible,y,241919,43,0.5491967534425445,0.207375016568221,43,0.5391892977284211,0.2061488637664769,43,4.179780384898192,0.9962316146175096,43,4.324877062082988,1.0329171350928843,43,-0.0100074557141234,0.0202119399315593,43,-0.1450966771847986,0.0830259868571607,43,3.7802846273331543,1.0162471924350178,43,3.9319587287505446,1.0553475857545656,43,0.619561444319123,0.1129036938582796,43,0.6180305211225796,0.1098716890527384,43,33,27,1.6964319763929547e-15,1.3487153780631532e-15,3.552713678800501e-15,4.058662944403179e-16,3.922497569389644e-16
perle,FA50,condition_mean_neural_and_behavior,published_input_causal_train_only;raw_preprocessing_fail,visible,y,242380,50,0.6262023235788359,0.1422486793653995,50,0.625498726630764,0.1434153655349954,50,2.8120034977049824,0.5810514639572618,50,2.845802597480212,0.5743916924882313,50,-0.0007035969480718,0.0200635673019322,50,-0.033799099775229,0.057113649062403,50,-2.3256650738367575,0.6667980469878757,50,-2.366275585476306,0.6570861023847477,50,0.603192864623836,0.0792875169136815,50,0.5900251181740644,0.0765820352276082,50,34,26,3.519262852783596e-16,2.028292064219036e-16,8.881784197001252e-16,1.251514393796396e-16,1.2366503762065904e-16
perle,FA50,condition_mean_neural_and_behavior,published_input_causal_train_only;raw_preprocessing_fail,visible,y,244437,50,0.6600096543880446,0.1125917593089296,50,0.6262857064726064,0.122850067950934,50,3.676308410499431,0.5619916839924789,50,3.4680298592146515,0.5551598051881024,50,-0.0337239479154381,0.0222630616992017,50,0.208278551284778,0.0964037921100605,50,-3.495375266709168,0.5824531947204139,50,-3.2645569278569475,0.581169932052168,50,1.370628056286455,0.1754679179754598,50,1.6108219682025708,0.2017804996203765,50,35,21,0.35736847540791133,0.3152495215702923,0.5932127289054137,0.09720851340635003,0.10304653936539024
perle,FA50,condition_mean_neural_and_behavior,published_input_causal_train_only;raw_preprocessing_fail,visible,y,245662,41,0.655182708916973,0.0813639728469813,41,0.684705107682527,0.0764599099984187,41,6.386450732752236,0.7651830663430849,41,6.484772079562906,0.8026747883920822,41,0.029522398765554,0.0141104995525842,41,-0.0983213468106714,0.0894705405126534,41,-6.225715823821034,0.7919768987864968,41,-6.333632123332852,0.8277810713490777,41,1.096949493198505,0.1267932366113712,41,1.0642519946664608,0.1217191027486219,41,36,28,0.22933212325460167,0.10799146139134162,0.688079828461027,0.03590916658583087,0.03536471605183376
perle,FA50,condition_mean_neural_and_behavior,published_input_causal_train_only;raw_preprocessing_fail,visible,y,248856,53,0.3560569615145016,0.087956769522449,53,0.3582149050061521,0.087783347692417,53,4.200246146359806,0.5851461667301437,53,4.340115323839084,0.6167379717161776,53,0.0021579434916503,0.0147830871337821,53,-0.1398691774792809,0.0740565445172299,53,3.259317586866719,0.7053061639488521,53,3.4730937975417406,0.7471372479376763,53,1.0609588898616906,0.1060021127048667,53,1.111884638937639,0.1098665077063731,53,37,18,0.2109921342272147,0.18665224646586231,0.34783367404705345,0.05023327844966266,0.04861440733343921
perle,FA50,condition_mean_neural_and_behavior,published_input_causal_train_only;raw_preprocessing_fail,visible,y,251629,52,0.6118568718772416,0.1076418685954655,52,0.661333662256432,0.0962458323303747,52,4.73747182698095,0.9151679647751734,52,5.0530637679596335,0.9332413075617808,52,0.0494767903791902,0.0258297491577595,52,-0.3155919409786852,0.0643896028469429,52,4.530931894628624,0.9331904132040676,52,4.879023196458816,0.9475907207729428,52,0.98540458513795,0.1430952692783132,52,0.9387263874677012,0.1346536046278732,52,38,29,0.28826855662632656,0.14627435381199652,0.8112827525484896,0.060848605997944595,0.05704827207093132
perle,FA50,condition_mean_neural_and_behavior,published_input_causal_train_only;raw_preprocessing_fail,visible,y,258471,53,0.1267337232650802,0.1225898344236531,53,0.1088251835205385,0.1238398479739218,53,3.0665134797960047,0.3672539646886692,53,3.098207149507086,0.4000062142670486,53,-0.0179085397445416,0.0158783808674842,53,-0.0316936697110816,0.0580971805927585,53,-1.7278618721082186,0.645699241800499,53,-1.8783269218916003,0.6506297118297004,53,0.8450481243266108,0.0918474770087677,53,0.880647578518563,0.0990826429202779,53,39,26,0.2249072944093038,0.19769245725754045,0.37643018738800604,0.0733429987805778,0.0725927233255161
perle,FA50,condition_mean_neural_and_behavior,published_input_causal_train_only;raw_preprocessing_fail,visible,y,269179,52,0.4886517708735361,0.1166586160220579,52,0.444210541915395,0.1262705031847713,52,1.5875347845114591,0.2599822607385414,52,1.6583876063061258,0.2735603490038712,52,-0.044441228958141,0.0231580449412504,52,-0.070852821794667,0.0638794185941841,52,0.2962072939042185,0.6529176790518256,52,0.4469066251490801,0.6544112278953184,52,1.1966222739026997,0.1280782606668629,52,1.1303508135850795,0.125495567371154,52,40,21,0.06895692917210909,0.0608328329035673,0.11445841673443757,0.04343648394030597,0.041580707013183116
perle,FA50,condition_mean_neural_and_behavior,published_input_causal_train_only;raw_preprocessing_fail,visible,y,270569,46,0.6413438557397807,0.1015413093538629,46,0.6183623707402639,0.1083459870032918,46,1.9644579025104316,0.3184365417228118,46,2.0139666830190013,0.3225903040781444,46,-0.0229814849995166,0.0132402708720586,46,-0.0495087805085702,0.0452196093178865,46,0.0704689544107189,0.8033810397410687,46,0.1213950694366323,0.8208875180761434,46,0.6799185862162449,0.0764441516425141,46,0.6548512436076406,0.0728475774018382,46,41,28,4.663388063709353e-16,2.701212269735314e-16,1.7763568394002505e-15,2.373880375725989e-16,2.3155239374262055e-16
perle,FA50,condition_mean_neural_and_behavior,published_input_causal_train_only;raw_preprocessing_fail,visible,y,273073,52,0.6404715716188321,0.0709086391558599,52,0.6298660588170103,0.0725343580290025,52,7.818712157376803,0.8324330840262529,52,7.856219112605915,0.81008346295683,52,-0.0106055128018217,0.0109713515687386,52,-0.0375069552291123,0.1074600488663381,52,-7.61107635467423,0.8616705272003863,52,-7.643312318346044,0.8421047483312006,52,2.823503988163864,0.2961727992961192,52,2.874285105632569,0.2975435933730808,52,42,19,0.025591963165623045,0.009478202653791786,0.08919535281661872,0.0032731686050723233,0.003257541929368893
perle,FA50,condition_mean_neural_and_behavior,published_input_causal_train_only;raw_preprocessing_fail,visible,y,273515,43,0.706919123125286,0.041573958217971,43,0.7033250593086408,0.0422113198905459,43,6.461279017003725,0.6557884303141652,43,6.383832566870184,0.6455682481066672,43,-0.0035940638166452,0.0069724127633257,43,0.0774464501335411,0.0780453603919936,43,-6.08929148263292,0.6910878673519781,43,-6.000173190449897,0.6837814002971515,43,4.9178400186305815,0.6251318014902091,43,4.95492338744066,0.6173550621175427,43,43,19,0.0059918144556428505,0.003342964513215544,0.015141715159982638,0.0009273418528861832,0.0009385920437102679
perle,FA50,condition_mean_neural_and_behavior,published_input_causal_train_only;raw_preprocessing_fail,visible,y,287936,52,-0.2415607092214764,0.1139500112758861,52,-0.245211827066191,0.1126265114160386,52,5.27496785350601,0.779000375751353,52,5.267593620498307,0.7839833897567166,52,-0.0036511178447146,0.0141410179224676,52,0.0073742330077049,0.0722693607474595,52,-4.668195007871542,0.8658647298205358,52,-4.670274007829795,0.8667526538149588,52,1.6009284171588305,0.2199643247177142,52,1.704814458159417,0.2237374780303571,52,44,20,0.12559658626864054,0.1108774173818942,0.20807626742218766,0.023809924488006635,0.02384325658302382
perle,FA50,condition_mean_neural_and_behavior,published_input_causal_train_only;raw_preprocessing_fail,visible,y,297652,55,0.5060962111421281,0.1526775541376784,55,0.4818024333549494,0.1559542821929769,55,1.6079275574109628,0.5235686298695738,55,1.6631966254414512,0.5220394689955274,55,-0.0242937777871787,0.0230267485317732,55,-0.055269068030489,0.0594164853564737,55,-0.7621899751343131,0.8756199066094434,55,-0.8356157756013634,0.8695463588176723,55,1.4748575394072154,0.2545475669189377,55,1.4665285987129784,0.2491512981948647,55,45,18,0.018886670692993077,0.016709395121959507,0.03113273999774968,0.011745971145244774,0.01135564514988125
perle,FA50,condition_mean_neural_and_behavior,published_input_causal_train_only;raw_preprocessing_fail,visible,y,301600,50,-0.1904205845690728,0.1582357758109933,50,-0.2042681466646136,0.1598794453591651,50,2.8754631945384785,0.4715421866108509,50,2.887074361190896,0.4967878891576559,50,-0.0138475620955408,0.0161537264086345,50,-0.0116111666524166,0.0513949842668792,50,-1.8875327650411824,0.6638297987294515,50,-1.9390917013135824,0.6827324662503226,50,2.107190318824635,0.2885807098301936,50,2.2026373852163035,0.2958822461655757,50,46,18,0.09437216800193927,0.08348749144957807,0.1555741308814329,0.032819814275900104,0.03268782033137916
perle,FA50,condition_mean_neural_and_behavior,published_input_causal_train_only;raw_preprocessing_fail,visible,y,320246,53,0.6885760061883938,0.0561561881363471,53,0.7554240855595956,0.0501486218511726,53,6.757698204780732,0.8372929795092579,53,6.783361006796108,0.8629402577634079,53,0.0668480793712017,0.01578798490591,53,-0.0256628020153783,0.0862612031855481,53,-6.37887994927182,0.9098716152271452,53,-6.411256035631296,0.9387174856785048,53,5.0822639370488325,0.66978243442229,53,5.434695014439477,0.722247817050011,53,47,18,0.09887884321638289,0.061249274629194855,0.22697618362529148,0.01463203005224931,0.014576674176314402
perle,FA50,condition_mean_neural_and_behavior,published_input_causal_train_only;raw_preprocessing_fail,visible,y,325813,56,0.3822825476222505,0.2289794876870554,56,0.3671843666064408,0.2343589194042954,56,4.231339039512773,0.6271997427236748,56,4.238209507523701,0.6214142143058836,56,-0.0150981810158097,0.0226288334398396,56,-0.0068704680109283,0.07521843139311,56,3.9652235309221138,0.6906181967848025,56,3.97025283850252,0.6819102144541223,56,0.8713157658737852,0.1221515568899806,56,0.8561887147800126,0.1186187783609472,56,48,20,1.7763568394002505e-15,1.3322676295501878e-15,3.552713678800501e-15,4.1980962121267246e-16,4.191290770894758e-16
perle,FA50,condition_mean_neural_and_behavior,published_input_causal_train_only;raw_preprocessing_fail,visible,y,328386,47,0.276175285603352,0.3308194486990398,47,0.2079882349278979,0.3354050541508593,47,2.3701034562070755,0.658477090943083,47,2.320361768506173,0.6460192308336867,47,-0.068187050675454,0.0412838739121825,47,0.0497416877009018,0.0769996917450318,47,2.0369980695706844,0.7349293201071847,47,1.9781681212990168,0.7274640357542989,47,1.0065545085477674,0.1809051595978468,47,1.0291992468493378,0.1934192550164822,47,49,18,0.12124402044700305,0.1072546525455213,0.19988412156225888,0.05115558147028413,0.0522522057088791
perle,FA50,condition_mean_neural_and_behavior,published_input_causal_train_only;raw_preprocessing_fail,visible,y,330797,55,0.4122931390841977,0.1031231727886143,55,0.3959736676305996,0.10651744587528,55,2.044077351125368,0.317189984480345,55,1.9742536915491415,0.298224161837707,55,-0.016319471453598,0.0160875063262217,55,0.0698236595762261,0.0667707781438218,55,0.5363746363900469,0.7906489229438624,55,0.4065235611686316,0.7803813462998763,55,1.5288301652236336,0.1489722584361269,55,1.6028100965251804,0.1592224761331116,55,50,19,0.19518671781337268,0.1724896333026252,0.32259622635397767,0.09548890980368846,0.09886607716570363
perle,FA50,condition_mean_neural_and_behavior,published_input_causal_train_only;raw_preprocessing_fail,visible,y,332165,48,0.4519498425556624,0.1794070569420035,48,0.4253454530054961,0.1904753990613868,48,3.5835300909171424,0.6941421612399704,48,3.659730340799576,0.7225370033405643,48,-0.0266043895501662,0.0229959057738218,48,-0.0762002498824331,0.0725164465074062,48,1.8851915912946384,1.0938967461008662,48,1.9726458640373004,1.104535010838983,48,0.4117301821514716,0.0635103729334051,48,0.4092797816318595,0.0618557552620836,48,51,34,8.861480030587669e-16,4.971513397034708e-16,2.6645352591003757e-15,2.4728353901779925e-16,2.4213478058199276e-16
perle,FA50,condition_mean_neural_and_behavior,published_input_causal_train_only;raw_preprocessing_fail,visible,y,340684,52,-0.1496326250451219,0.2091756329686533,52,-0.1366569525989678,0.2192249437240669,52,6.299388110829216,0.7837658998101887,52,6.342177874810067,0.797563154867484,52,0.012975672446154,0.0194312079985061,52,-0.0427897639808514,0.0521052925829226,52,6.072232848202369,0.7921355057654516,52,6.122906087189282,0.8033808117365226,52,1.2711691633547917,0.1942986181292499,52,1.2539753098117832,0.1904558088439435,52,52,34,1.859318936647082e-15,1.541250787126688e-15,3.552713678800501e-15,2.9515865730684937e-16,2.931672642030344e-16
perle,FA50,condition_mean_neural_and_behavior,published_input_causal_train_only;raw_preprocessing_fail,visible,y,351612,48,0.0637353842109707,0.1909470702752423,48,-0.0105330460382426,0.1981313794488741,48,2.63636586008714,0.5806315145348272,48,2.776321259475335,0.6569383426884051,48,-0.0742684302492133,0.0332719650103477,48,-0.1399553993881954,0.1150356235577716,48,-1.4733267276638724,0.9278312673332276,48,-1.7671982757606308,0.9642467866545422,48,0.706294265794094,0.0900842658916047,48,0.760115516787973,0.1012777842272711,48,53,22,0.2920786220348232,0.25746355988772435,0.485728615310161,0.11078834939289084,0.10520346701160219
perle,FA50,condition_mean_neural_and_behavior,published_input_causal_train_only;raw_preprocessing_fail,visible,y,356164,56,-0.3137370249628195,0.119218617439174,56,-0.2977804781855467,0.1199166194951243,56,3.5394255832875543,0.5512785555791782,56,3.4117639610454606,0.515900536704561,56,0.0159565467772727,0.0126397003695597,56,0.1276616222420936,0.0842317119718924,56,2.195158399345123,0.8640338003584209,56,1.861748762450098,0.902838905158702,56,3.0239159357471883,0.3028043903448717,56,2.4815454729167454,0.2571694255620201,56,54,16,0.3508439092243431,0.31113945347898764,0.5749091849168595,0.09912453333697889,0.10283358205027603
perle,FA50,condition_mean_neural_and_behavior,published_input_causal_train_only;raw_preprocessing_fail,visible,y,356765,58,-0.3756877570794389,0.0964752463683784,58,-0.3570849065177027,0.0989831995691577,58,3.82818724668402,0.5228219401023375,58,3.87658513553618,0.5458846329621418,58,0.0186028505617362,0.0162481661534416,58,-0.0483978888521596,0.0605820939280045,58,2.5234878800097595,0.7858146900284824,58,2.567807393163962,0.815778796513562,58,2.7801503106663055,0.3636019982347615,58,2.4812073758882405,0.3290293322070077,58,55,16,0.20079780372460546,0.1780595454480028,0.3290669530373256,0.05245245093445644,0.05179759935720659
perle,FA50,condition_mean_neural_and_behavior,published_input_causal_train_only;raw_preprocessing_fail,visible,y,370777,49,-0.1994750657226879,0.197375511772415,49,-0.2405297738247279,0.1938897638948411,49,2.2747798748541808,0.448319627849453,49,2.2983908844690117,0.4540967730523287,49,-0.04105470810204,0.0168180986966799,49,-0.0236110096148308,0.043184733076887,49,-0.9507237451168022,0.7888718367610945,49,-0.9880987540278924,0.7900312718256539,49,1.5815070114206768,0.1937308708031117,49,1.5684113656077507,0.1990497728724218,49,56,17,0.010814325925917759,0.00957715230033958,0.01777923318233987,0.004754009847485126,0.004705172648827378
perle,FA50,condition_mean_neural_and_behavior,published_input_causal_train_only;raw_preprocessing_fail,visible,y,377134,51,0.4021387907537198,0.1330880979820068,51,0.4031949271955632,0.1299824127228718,51,2.278754844558378,0.318594634834954,51,2.2764903055445043,0.3121163914632959,51,0.0010561364418433,0.0088573659142107,51,0.002264539013874,0.0503109173783008,51,0.5549480572769525,0.6054700773711814,51,0.4991692778941428,0.6154006519852334,51,1.7646006922756612,0.2192200205373092,51,1.7563813341100667,0.2286626574786898,51,57,18,0.02181547419649199,0.019299993105556672,0.035961774471916064,0.009573418680200249,0.009582941839620107
perle,FA50,condition_mean_neural_and_behavior,published_input_causal_train_only;raw_preprocessing_fail,visible,y,379400,46,0.6065025766040945,0.1191764151632987,46,0.5887882073837756,0.1226833622262957,46,2.081283692428008,0.6695983125829154,46,2.226542314062212,0.7262419276243148,46,-0.0177143692203188,0.0128004322590852,46,-0.1452586216342046,0.0920810842415558,46,1.573701050364029,0.908906483553646,46,1.8070996233836352,0.9110451829290028,46,1.1445269883222495,0.1719333253745097,46,1.3031490041441336,0.1948896091138482,46,58,36,0.3573940793071868,0.3129691566846989,0.6036806633150424,0.17171809907867674,0.16051528733587805
perle,FA50,condition_mean_neural_and_behavior,published_input_causal_train_only;raw_preprocessing_fail,visible,y,381514,52,0.4060739361668541,0.1719113078926471,52,0.3966569760239745,0.1776129076242095,52,1.5715550819061457,0.3533536581681018,52,1.5705404060443453,0.3634264822333578,52,-0.0094169601428796,0.0221024766790615,52,0.0010146758618004,0.110243308670739,52,0.0423107537171803,0.9353291317307884,52,0.2429278109975458,0.9635466330656122,52,1.2898039802990475,0.1396492288547721,52,1.4285815071390202,0.1588197856807672,52,59,33,0.23273905504067333,0.20400809085565053,0.39223698735569124,0.1480947487748143,0.14819042804945304
perle,FA50,condition_mean_neural_and_behavior,published_input_causal_train_only;raw_preprocessing_fail,visible,y,388571,46,0.2363345124681156,0.1626012305715463,46,0.242456852507438,0.1628495348592504,46,3.2735391764398702,0.6994635592849701,46,3.3473922271910728,0.6786728600792377,46,0.0061223400393223,0.0141562429370043,46,-0.0738530507512029,0.102414102378661,46,-2.718050408429248,0.8711883135830162,46,-2.8233902130386523,0.8324023156039009,46,1.2320312106434566,0.1396716022610964,46,1.2648755672539755,0.1450175188718142,46,60,36,0.058138881266794756,0.05088944502044606,0.09824986855673945,0.01776025217148113,0.017368410189439125
perle,FA50,condition_mean_neural_and_behavior,published_input_causal_train_only;raw_preprocessing_fail,visible,y,394672,41,0.1600832527539524,0.1691711779746262,41,0.1828452518483244,0.1678137459533066,41,4.220664763171697,0.9064746592636213,41,4.287339272659471,0.9439003090063278,41,0.022761999094372,0.017540904474965,41,-0.066674509487775,0.0801284825334873,41,3.8112957471185593,1.0371204021332696,41,3.9164480310515306,1.0590686727181058,41,1.7109519945676206,0.1655729678643232,41,2.062334896430664,0.214437604248552,41,61,31,0.3265215335560057,0.28643010401596464,0.549326808126227,0.07736258430310278,0.07615948092520837
perle,FA50,condition_mean_neural_and_behavior,published_input_causal_train_only;raw_preprocessing_fail,visible,y,396358,53,-0.6860974696981085,0.0735882611094641,53,-0.6677156353840576,0.0775843469670572,53,3.3980426189049524,0.3464480843683433,53,3.3676107803620816,0.3581780110381121,53,0.0183818343140511,0.0122016111603224,53,0.030431838542871,0.0444855949206734,53,1.3061586368056315,0.6482152404205417,53,1.3738157972830614,0.6579525710136854,53,2.8820319255050126,0.323305545744062,53,2.9068011494806334,0.3314445155163581,53,62,15,0.0428945104100392,0.038056362131052936,0.07012016340680916,0.01262329971125033,0.01273737174740462
perle,FA50,condition_mean_neural_and_behavior,published_input_causal_train_only;raw_preprocessing_fail,visible,y,400995,60,0.383906459330729,0.2473186887139946,60,0.3487971593093058,0.256009132076916,60,2.7948012933340207,0.7339694811216704,60,2.506212775156993,0.7164330712763503,60,-0.0351093000214231,0.0217697429962935,60,0.2885885181770289,0.0955774187987598,60,2.4352818505720735,0.8379785170425238,60,2.1131058302319072,0.8630519145743795,60,1.3123137915837009,0.1621230142583882,60,1.566116278081264,0.2013274710494069,60,63,16,0.39759627517981,0.35258469934651326,0.6515542287855975,0.14226280634982205,0.1586442616209647
perle,FA50,condition_mean_neural_and_behavior,published_input_causal_train_only;raw_preprocessing_fail,visible,y,401673,46,0.2541708596163384,0.1976941624939565,46,0.2034747099331994,0.2082850992687841,46,2.3813221659203263,0.6712513393748682,46,2.248469590936629,0.6433687887962085,46,-0.0506961496831389,0.0259704398463839,46,0.1328525749836972,0.0823026108528024,46,1.80580232750302,0.9674339137501092,46,1.6394934711805775,0.9871354671910734,46,1.2414806029211547,0.1825153754480652,46,1.4055904098830525,0.2058621057445422,46,64,16,0.2949440644929549,0.26153288693442756,0.4833787211118068,0.12385727085312953,0.13117547405659694
perle,FA50,condition_mean_neural_and_behavior,published_input_causal_train_only;raw_preprocessing_fail,visible,y,406460,40,0.0585250983598905,0.1847630077849266,40,0.0563427128759758,0.1912486511659201,40,2.5321352345775474,0.5534353931720213,40,2.4757669021735302,0.5470579866708846,40,-0.0021823854839146,0.0186852646880675,40,0.0563683324040174,0.0461076741108564,40,-1.564201793255635,1.0199811065168212,40,-1.4795753084061445,1.0487731946399546,40,1.4818311596177811,0.1943092374583777,40,1.4925389897292054,0.1954934083658682,40,65,32,0.04271587411374341,0.037441114519716115,0.07195998181060081,0.016869507414310744,0.017253592846823426
perle,FA50,condition_mean_neural_and_behavior,published_input_causal_train_only;raw_preprocessing_fail,visible,y,413189,63,0.0297946810589807,0.1051881385127704,63,0.0333642881737078,0.1046587527520378,63,3.6620253139799583,0.4493410961603208,63,3.7878932920744144,0.4865591622818901,63,0.003569607114727,0.0099548750667982,63,-0.1258679780944569,0.0615498639267658,63,2.0686797882746517,0.6891259120091419,63,2.345228605921469,0.705084007645551,63,1.6368520828688975,0.1292306240061838,63,1.7483202847143549,0.1432835302294845,63,66,19,0.2051770501480342,0.1813073174848495,0.3391308012935714,0.056028299248713796,0.05416653382959222
perle,FA50,condition_mean_neural_and_behavior,published_input_causal_train_only;raw_preprocessing_fail,visible,y,413513,37,-0.620964733792435,0.0626685483419448,37,-0.6016565741927287,0.0596846092435854,37,4.192115915610501,0.4897238398384261,37,4.213753884082427,0.4965776252505734,37,0.0193081595997061,0.011237817586787,37,-0.0216379684719269,0.0515188508495752,37,1.8613133026874604,0.9170351707758366,37,1.9199887477451376,0.8959924381854685,37,3.30871572744046,0.3681910712466131,37,3.2041247284470824,0.3673786089823464,37,67,15,0.06051286686360473,0.053789373592568225,0.09870417799490383,0.014434922144749951,0.014360797647008709
perle,FA50,condition_mean_neural_and_behavior,published_input_causal_train_only;raw_preprocessing_fail,visible,y,420020,48,0.143277467548825,0.3005119856741277,48,0.1358815653497506,0.2999740253733611,48,1.3624702166370577,0.3515487155863787,48,1.4351408092410674,0.37088245531867,48,-0.0073959021990744,0.0347797007287661,48,-0.0726705926040101,0.0756465623323391,48,-0.1283284640211946,0.8810659586131031,48,-0.2169626571145958,0.899276660733461,48,1.4782199556349005,0.2725999655466102,48,1.272874723841261,0.2242755856986624,48,68,14,0.24856976797496777,0.22106990119239564,0.4043158388788166,0.18244051498498418,0.17320235504028117
perle,FA50,condition_mean_neural_and_behavior,published_input_causal_train_only;raw_preprocessing_fail,visible,y,428615,50,0.1916788178600221,0.1487139626340926,50,0.1670710038064784,0.1363135084699702,50,7.628415055712157,0.9687069268070791,50,7.654769770159119,1.0000869786074806,50,-0.0246078140535437,0.0287391010718874,50,-0.0263547144469623,0.1011319363877502,50,-7.48120714237971,0.9877009652664364,50,-7.502918819601289,1.0218271732243227,50,2.737019095793193,0.3862548072246243,50,2.535586838637649,0.3586465315123166,50,69,32,0.12155945231007699,0.07328944748108449,0.2927176847474593,0.015935086308531847,0.01588022317587615
perle,FA50,condition_mean_neural_and_behavior,published_input_causal_train_only;raw_preprocessing_fail,visible,y,435203,57,-0.0153516069276597,0.2476608906434807,57,-0.0163896986973889,0.2474511804285593,57,1.5042098338961667,0.2327933106026874,57,1.6011489756414026,0.2767294023337678,57,-0.0010380917697291,0.0384553396932424,57,-0.0969391417452354,0.0871372730345147,57,-0.296092845965598,0.5956630176711011,57,-0.4945925486892079,0.6079067458059225,57,1.9117567069342136,0.2524439161973437,57,1.6607307341338733,0.2323225769502204,57,70,13,0.21549722387635986,0.19200149945102718,0.34890938813805866,0.14326274102209818,0.1345891151633995
perle,FA50,condition_mean_neural_and_behavior,published_input_causal_train_only;raw_preprocessing_fail,visible,y,448412,48,0.512969635087097,0.0954146982753538,48,0.5106586245169716,0.0956987470398096,48,2.523185300273601,0.4989240398509109,48,2.6595794449133265,0.5028483823179297,48,-0.0023110105701254,0.0153337480049672,48,-0.1363941446397259,0.0510643256999973,48,1.841060877964269,0.6645344868141758,48,2.005848881443938,0.6472277673170161,48,1.6220510585994985,0.1989441412530726,48,1.715396102897789,0.2249176067074235,48,71,16,0.09541284049556414,0.08456252774580662,0.1564593109800027,0.037814440534834314,0.03587516089359518
perle,FA50,condition_mean_neural_and_behavior,published_input_causal_train_only;raw_preprocessing_fail,visible,y,454477,51,-0.3881606502649149,0.1203108608173394,51,-0.4153600527982154,0.1202523631544464,51,2.492280159432791,0.2698772020187577,51,2.465364971006876,0.2639934526490512,51,-0.0271994025333005,0.0203609558684269,51,0.0269151884259148,0.0540215687490016,51,0.2045991585297362,0.816344655743318,51,0.0877468693689911,0.8182708217551122,51,1.2980815075668812,0.1732920792973971,51,1.394834333210894,0.1706280424590351,51,72,16,0.15740426226198706,0.1395698377145453,0.25797499907758226,0.0631567288558001,0.06384623133413866
perle,FA50,condition_mean_neural_and_behavior,published_input_causal_train_only;raw_preprocessing_fail,visible,y,456038,45,0.6820907102769374,0.0687931558640097,45,0.688041507679211,0.0722119202157049,45,4.34734150094617,1.0575516070171314,45,4.358605106448897,1.0959032311760797,45,0.0059507974022736,0.0090781434160654,45,-0.0112636055027262,0.1110544610426543,45,-3.941708408954217,1.221876169753798,45,-3.962894893604532,1.262217234305002,45,1.6401569206027802,0.2040170063955325,45,1.6183164141021271,0.1994696484613942,45,73,18,0.025160098830461886,0.007363355620923458,0.10240239775943394,0.005787467771967295,0.005772511667376233
perle,FA50,condition_mean_neural_and_behavior,published_input_causal_train_only;raw_preprocessing_fail,visible,y,460651,46,-0.184573320267414,0.1871474598059876,46,-0.1819985223680718,0.187745421136824,46,2.4115266682957746,0.4272044394689364,46,2.4200728591520138,0.4297929438202714,46,0.0025747978993422,0.0322112225831766,46,-0.0085461908562395,0.0467528321687327,46,1.0116558577381554,0.9131564220871354,46,1.0305497883551633,0.9366527400489708,46,1.632003071245366,0.2649851243313997,46,1.6395204417837288,0.2599754119907526,46,74,14,0.01356129669157737,0.012061308302187435,0.02205767694240368,0.00562353171120481,0.005603672897818956
perle,FA50,condition_mean_neural_and_behavior,published_input_causal_train_only;raw_preprocessing_fail,visible,y,463174,54,0.6951281752259689,0.0978300131492407,54,0.6824418036735588,0.1057148562660759,54,3.583250760507686,0.7850328047639479,54,3.6300157010982192,0.8116464359287549,54,-0.0126863715524103,0.0149667298758037,54,-0.0467649405905325,0.0791512975999119,54,-2.7440400047351066,0.9151423925771948,54,-2.7736490472654287,0.9448762331792964,54,0.4931357951294515,0.0977695212041705,54,0.4755747836559283,0.095924957027527,54,75,30,7.356711177141171e-16,4.274358644806853e-16,2.6645352591003757e-15,2.0530829877222575e-16,2.0266334316172472e-16
perle,FA50,condition_mean_neural_and_behavior,published_input_causal_train_only;raw_preprocessing_fail,visible,y,464785,55,0.1442116611676451,0.2246847688827264,55,0.1387443923764418,0.2225653986755492,55,1.744864246543987,0.5836181523906474,55,1.7301613084555467,0.5839236486138732,55,-0.0054672687912033,0.0239053025774225,55,0.01470293808844,0.0387458562159335,55,-1.120515000714624,0.9254257301813932,55,-1.1084373615330405,0.918580637371214,55,1.8857293889842797,0.2626566135538961,55,2.0483508369953056,0.2833515712216108,55,76,24,0.08692652459445702,0.07650799317816948,0.1450615017379726,0.04981850293891368,0.05024186136265712
perle,FA50,condition_mean_neural_and_behavior,published_input_causal_train_only;raw_preprocessing_fail,visible,y,465431,50,0.3809198293283364,0.1318364569826653,50,0.3785945924293935,0.1413594080865697,50,1.3328884508610606,0.3088170696493688,50,1.3251302154698648,0.315348590503016,50,-0.0023252368989428,0.0235059622907676,50,0.0077582353911958,0.0402601701576433,50,0.6166154082187969,0.5967383290694519,50,0.6093149081956315,0.6066310271450802,50,1.68434725582468,0.1661427707143574,50,1.8276083425223597,0.182293357204482,50,77,25,0.11012857859325706,0.09688086314250968,0.1840263994465774,0.08262400242279298,0.08310774089036047
perle,FA50,condition_mean_neural_and_behavior,published_input_causal_train_only;raw_preprocessing_fail,visible,y,469268,52,0.737040073805431,0.0760276298578989,52,0.7421819041579175,0.0836150446985703,52,5.22722503173508,0.8061309973730655,52,5.223425375752593,0.8287954906763092,52,0.0051418303524865,0.0161804604285794,52,0.0037996559824862,0.0852091648696832,52,-4.932666776920153,0.8742268019308567,52,-4.927103017794593,0.891362736148736,52,1.7285133597584432,0.2204132953137408,52,1.7429721317816314,0.2209666150292374,52,78,17,1.1600447823863205e-15,7.836868409118752e-16,2.6645352591003757e-15,2.219236354554388e-16,2.220850685014679e-16
perle,GPFA50,condition_mean_neural_and_behavior,published_input_causal_train_only;raw_preprocessing_fail,bounce,y,29337,45,,,0,,,0,,,0,,,0,,,0,,,0,,,0,,,0,,,0,,,0,0,0,,,,,
perle,GPFA50,condition_mean_neural_and_behavior,published_input_causal_train_only;raw_preprocessing_fail,bounce,y,55062,48,0.5816293721298762,0.121162846057557,48,0.6117316055087967,0.0990061835529105,48,5.128939610167618,1.045388610336904,48,4.858591075888761,1.0577648895429153,48,0.0301022333789206,0.0611539761524056,48,0.2703485342788576,0.1048970870074818,48,4.940342961506065,1.079903286082772,48,4.638862109412074,1.1000462950937566,48,1.0324432591168178,0.1549454818392857,48,0.8774061709695198,0.1347810856432716,48,1,50,0.6286134871578253,0.3762036300418383,1.5431910604541295,0.12256207616710107,0.12938184698798422
perle,GPFA50,condition_mean_neural_and_behavior,published_input_causal_train_only;raw_preprocessing_fail,bounce,y,58244,58,,,0,,,0,,,0,,,0,,,0,,,0,,,0,,,0,,,0,,,0,2,0,,,,,
perle,GPFA50,condition_mean_neural_and_behavior,published_input_causal_train_only;raw_preprocessing_fail,bounce,y,59920,43,,,0,,,0,,,0,,,0,,,0,,,0,,,0,,,0,,,0,,,0,3,0,,,,,
perle,GPFA50,condition_mean_neural_and_behavior,published_input_causal_train_only;raw_preprocessing_fail,bounce,y,68220,53,,,0,,,0,,,0,,,0,,,0,,,0,,,0,,,0,,,0,,,0,4,0,,,,,
perle,GPFA50,condition_mean_neural_and_behavior,published_input_causal_train_only;raw_preprocessing_fail,bounce,y,72780,47,0.0463345420986401,0.1515909632428434,47,0.1314457724452952,0.1483247696385109,47,6.7143720743375805,0.8585878759448946,47,6.75530046069759,0.8682619725536048,47,0.085111230346655,0.023595457752452,47,-0.0409283863600078,0.0725472217133721,47,-6.379756004950111,0.8956405625600675,47,-6.476002534981469,0.8946056917798977,47,1.0927390806747148,0.1507169454533813,47,1.199643729550132,0.1738019078758144,47,5,49,0.34025927740931206,0.2141312405681763,0.7956196389402779,0.05067626185176534,0.05036922922806234
perle,GPFA50,condition_mean_neural_and_behavior,published_input_causal_train_only;raw_preprocessing_fail,bounce,y,77046,50,,,0,,,0,,,0,,,0,,,0,,,0,,,0,,,0,,,0,,,0,6,0,,,,,
perle,GPFA50,condition_mean_neural_and_behavior,published_input_causal_train_only;raw_preprocessing_fail,bounce,y,77944,48,,,0,,,0,,,0,,,0,,,0,,,0,,,0,,,0,,,0,,,0,7,0,,,,,
perle,GPFA50,condition_mean_neural_and_behavior,published_input_causal_train_only;raw_preprocessing_fail,bounce,y,90751,53,,,0,,,0,,,0,,,0,,,0,,,0,,,0,,,0,,,0,,,0,8,0,,,,,
perle,GPFA50,condition_mean_neural_and_behavior,published_input_causal_train_only;raw_preprocessing_fail,bounce,y,93053,48,0.6457845623108274,0.178397464592568,48,0.6869818677562363,0.1616690823607298,48,5.507101738133457,0.8430049289891929,48,5.321372832977659,0.8586250650174109,48,0.0411973054454088,0.0306271034300908,48,0.1857289051557984,0.0645949052067166,48,5.186579805544185,0.8423077965023275,48,5.0415526813276825,0.8544494962023294,48,0.5934821482283331,0.1121391086714687,48,0.60899277806537,0.1194036722772722,48,9,50,0.42943965132907075,0.1886847704370571,1.411028253534358,0.0779792478420096,0.08070091399492695
perle,GPFA50,condition_mean_neural_and_behavior,published_input_causal_train_only;raw_preprocessing_fail,bounce,y,99902,46,0.7469786287113879,0.0767369758751598,46,0.7877590089882281,0.061956155807285,46,4.221204659184255,0.9684528600080597,46,4.054976400788908,0.9716195980480652,46,0.0407803802768401,0.0285506056650389,46,0.1662282583953476,0.0828933700685584,46,4.0637008376940855,0.9918613493864452,46,3.8980218601288463,0.9917024198862576,46,0.9915179629905964,0.1214395416144619,46,0.8756249532942819,0.1107684087431102,46,10,49,0.49712488315189357,0.2982730320861121,1.2164696040173149,0.117768486318302,0.12259624570322443
perle,GPFA50,condition_mean_neural_and_behavior,published_input_causal_train_only;raw_preprocessing_fail,bounce,y,105802,56,0.3650648738593703,0.098034294135005,56,0.3941092805732017,0.1069387823967187,56,3.559671505855583,0.5960295881275645,56,3.6213177604912863,0.6259171949427054,56,0.0290444067138314,0.0244894984897288,56,-0.0616462546357032,0.0665983555522426,56,2.3021311530340856,0.8572874574470652,56,2.508186876688363,0.8435639652222624,56,0.717406567288246,0.0787610362614986,56,0.7484804234095628,0.0809067151805875,56,11,46,0.12387598404906372,0.10354147855175218,0.21973884383513398,0.034799835840270764,0.03420743283026841
perle,GPFA50,condition_mean_neural_and_behavior,published_input_causal_train_only;raw_preprocessing_fail,bounce,y,118879,59,,,0,,,0,,,0,,,0,,,0,,,0,,,0,,,0,,,0,,,0,12,0,,,,,
perle,GPFA50,condition_mean_neural_and_behavior,published_input_causal_train_only;raw_preprocessing_fail,bounce,y,122957,51,,,0,,,0,,,0,,,0,,,0,,,0,,,0,,,0,,,0,,,0,13,0,,,,,
perle,GPFA50,condition_mean_neural_and_behavior,published_input_causal_train_only;raw_preprocessing_fail,bounce,y,126479,53,,,0,,,0,,,0,,,0,,,0,,,0,,,0,,,0,,,0,,,0,14,0,,,,,
perle,GPFA50,condition_mean_neural_and_behavior,published_input_causal_train_only;raw_preprocessing_fail,bounce,y,158705,57,0.4752485581899965,0.1107767681350006,57,0.4410813297746722,0.1175424988220496,57,4.5996362816821685,0.6952236485686512,57,4.745008241206228,0.7204707917215545,57,-0.0341672284153242,0.0154291090522236,57,-0.1453719595240585,0.0904175488039796,57,-3.506700273950821,0.9220700356470944,57,-3.774392511776204,0.9137683750342108,57,0.6118999818431597,0.0614382407683643,57,0.6323515005922529,0.0623501886944481,57,15,48,0.3574645552134423,0.2958820262477853,0.6404843876835185,0.07771583084450129,0.07533486498699342
perle,GPFA50,condition_mean_neural_and_behavior,published_input_causal_train_only;raw_preprocessing_fail,bounce,y,159613,50,,,0,,,0,,,0,,,0,,,0,,,0,,,0,,,0,,,0,,,0,16,0,,,,,
perle,GPFA50,condition_mean_neural_and_behavior,published_input_causal_train_only;raw_preprocessing_fail,bounce,y,163248,39,,,0,,,0,,,0,,,0,,,0,,,0,,,0,,,0,,,0,,,0,17,0,,,,,
perle,GPFA50,condition_mean_neural_and_behavior,published_input_causal_train_only;raw_preprocessing_fail,bounce,y,167848,56,,,0,,,0,,,0,,,0,,,0,,,0,,,0,,,0,,,0,,,0,18,0,,,,,
perle,GPFA50,condition_mean_neural_and_behavior,published_input_causal_train_only;raw_preprocessing_fail,bounce,y,179553,58,,,0,,,0,,,0,,,0,,,0,,,0,,,0,,,0,,,0,,,0,19,0,,,,,
perle,GPFA50,condition_mean_neural_and_behavior,published_input_causal_train_only;raw_preprocessing_fail,bounce,y,182748,51,0.8038068195141749,0.0574886653180363,51,0.8100292840222653,0.0575103435994943,51,4.595087114681763,0.9256614875318476,51,4.696279716251385,0.9523445821607548,51,0.0062224645080904,0.0079977834982411,51,-0.1011926015696208,0.073870664374537,51,-4.2565296488025774,1.0194801803180331,51,-4.358885330014505,1.040245448944235,51,0.7471639297741856,0.0756985230359147,51,0.7220489651937928,0.0723822573145485,51,20,49,0.18387889708742783,0.08175514910911491,0.5971712045512971,0.040016411549612704,0.03915416205962317
perle,GPFA50,condition_mean_neural_and_behavior,published_input_causal_train_only;raw_preprocessing_fail,bounce,y,183171,51,,,0,,,0,,,0,,,0,,,0,,,0,,,0,,,0,,,0,,,0,21,0,,,,,
perle,GPFA50,condition_mean_neural_and_behavior,published_input_causal_train_only;raw_preprocessing_fail,bounce,y,184642,57,,,0,,,0,,,0,,,0,,,0,,,0,,,0,,,0,,,0,,,0,22,0,,,,,
perle,GPFA50,condition_mean_neural_and_behavior,published_input_causal_train_only;raw_preprocessing_fail,bounce,y,187617,54,0.4855103713624561,0.1123466064427328,54,0.4715522391718287,0.1130899992990769,54,4.251091791641445,0.7661364648200597,54,4.040478885387081,0.717220504503642,54,-0.0139581321906274,0.0224703279567209,54,0.2106129062543628,0.1170303521070121,54,3.8606497672744178,0.8404913063146103,54,3.4709467300978054,0.8243084678023183,54,0.911295656004438,0.1120113466781744,54,0.741209115344237,0.0931077039697324,54,23,38,0.6919958514352059,0.5600610564178548,1.2634383714173238,0.16278073618542363,0.1712658006796915
perle,GPFA50,condition_mean_neural_and_behavior,published_input_causal_train_only;raw_preprocessing_fail,bounce,y,197632,47,,,0,,,0,,,0,,,0,,,0,,,0,,,0,,,0,,,0,,,0,24,0,,,,,
perle,GPFA50,condition_mean_neural_and_behavior,published_input_causal_train_only;raw_preprocessing_fail,bounce,y,199564,49,,,0,,,0,,,0,,,0,,,0,,,0,,,0,,,0,,,0,,,0,25,0,,,,,
perle,GPFA50,condition_mean_neural_and_behavior,published_input_causal_train_only;raw_preprocessing_fail,bounce,y,204372,53,,,0,,,0,,,0,,,0,,,0,,,0,,,0,,,0,,,0,,,0,26,0,,,,,
perle,GPFA50,condition_mean_neural_and_behavior,published_input_causal_train_only;raw_preprocessing_fail,bounce,y,204678,45,0.7627229921464727,0.0552238331201903,45,0.7383432988496516,0.056200172411761,45,4.791816860897309,1.096818996883101,45,4.864204462157934,1.1025761022660447,45,-0.0243796932968209,0.0143789399162559,45,-0.0723876012606243,0.0867522655936396,45,-4.630299590498099,1.1484577000778684,45,-4.685978939927984,1.158433348400476,45,1.1106233440832043,0.1389906937717709,45,1.1374772593804416,0.1388331707225035,45,27,40,0.045690791315728355,0.022128486874248933,0.135886613260495,0.00953517061317163,0.009393271124022261
perle,GPFA50,condition_mean_neural_and_behavior,published_input_causal_train_only;raw_preprocessing_fail,bounce,y,206128,53,,,0,,,0,,,0,,,0,,,0,,,0,,,0,,,0,,,0,,,0,28,0,,,,,
perle,GPFA50,condition_mean_neural_and_behavior,published_input_causal_train_only;raw_preprocessing_fail,bounce,y,217817,49,0.5712989858215648,0.1193241369025733,49,0.5765523324829557,0.1240319865250368,49,4.816384028002712,0.5185551993681665,49,4.670365417561198,0.497434166810195,49,0.0052533466613909,0.0343782218637256,49,0.1460186104415147,0.0804076101962262,49,4.485134026717397,0.5654498693749997,49,4.260930407294387,0.549961787991527,49,0.906692103986435,0.1199944214189503,49,0.7861101765028656,0.1048269704926843,49,29,39,0.46777219823522126,0.3660887283756363,0.8826681929772402,0.09712103426877278,0.1001575158287048
perle,GPFA50,condition_mean_neural_and_behavior,published_input_causal_train_only;raw_preprocessing_fail,bounce,y,218791,56,0.851671360943764,0.0625841247353846,56,0.8628923554753561,0.0580975300421661,56,3.1187456067300388,0.75583160288043,56,3.356422238483088,0.8021887637850259,56,0.0112209945315921,0.017602375546517,56,-0.2376766317530496,0.1144353924065246,56,2.811642726544727,0.8722740715947493,56,3.1584568449834056,0.882313365790271,56,0.6791221942421717,0.0888612921144948,56,0.7708115719829278,0.0982004016227476,56,30,44,0.3610944675597016,0.2646089970569616,0.7274222567013333,0.11578195630335623,0.10758314714387536
perle,GPFA50,condition_mean_neural_and_behavior,published_input_causal_train_only;raw_preprocessing_fail,bounce,y,226533,59,,,0,,,0,,,0,,,0,,,0,,,0,,,0,,,0,,,0,,,0,31,0,,,,,
perle,GPFA50,condition_mean_neural_and_behavior,published_input_causal_train_only;raw_preprocessing_fail,bounce,y,232533,53,,,0,,,0,,,0,,,0,,,0,,,0,,,0,,,0,,,0,,,0,32,0,,,,,
perle,GPFA50,condition_mean_neural_and_behavior,published_input_causal_train_only;raw_preprocessing_fail,bounce,y,241919,43,0.6729370840665808,0.1445923438114612,43,0.6693072798981436,0.142905093547027,43,4.405079281983476,1.1106780997005044,43,4.5034152118124124,1.1535940519894303,43,-0.003629804168437,0.0258077097326771,43,-0.0983359298289352,0.1003839231293124,43,4.141020342912064,1.1205710588646125,43,4.242394141584596,1.1661750358621634,43,0.6676532104709327,0.1357088268667644,43,0.6578427562434207,0.1336735067636932,43,33,46,0.07169637050530923,0.03912504243037657,0.19178177274191732,0.016275841117898447,0.01592044418139602
perle,GPFA50,condition_mean_neural_and_behavior,published_input_causal_train_only;raw_preprocessing_fail,bounce,y,242380,50,0.7733193278071471,0.0990070081734849,50,0.8138726307097999,0.0860415414729226,50,4.472147208777032,0.6093873918746606,50,4.374368774161432,0.6035304914462098,50,0.0405533029026526,0.0207861032778713,50,0.0977784346155996,0.06426558077516,50,-3.794781538488013,0.661929834885676,50,-3.7625860038109753,0.6534416335569135,50,0.4468196899803175,0.0807600464016889,50,0.45919413911832,0.0825558023891277,50,34,44,0.1736817090421178,0.03507909043329312,1.0326131038694086,0.0388363130581324,0.03970440491163497
perle,GPFA50,condition_mean_neural_and_behavior,published_input_causal_train_only;raw_preprocessing_fail,bounce,y,244437,50,,,0,,,0,,,0,,,0,,,0,,,0,,,0,,,0,,,0,,,0,35,0,,,,,
perle,GPFA50,condition_mean_neural_and_behavior,published_input_causal_train_only;raw_preprocessing_fail,bounce,y,245662,41,0.5697090451433294,0.1300073246837502,41,0.66285956463583,0.0981463944664555,41,5.591748916904623,0.7164206044310376,41,6.117521431831953,0.7760110559386609,41,0.0931505194925005,0.0584594744956974,41,-0.5257725149273305,0.1094225789559294,41,-5.321930395087762,0.7513900288849255,41,-5.984106640678292,0.795956096841583,41,0.7340271724464767,0.0952932778209844,41,0.9623415227039114,0.1242779310706434,41,36,47,1.0621720685270872,0.7006767014672548,2.3715325593854155,0.1899534625590923,0.1736278459116095
perle,GPFA50,condition_mean_neural_and_behavior,published_input_causal_train_only;raw_preprocessing_fail,bounce,y,248856,53,,,0,,,0,,,0,,,0,,,0,,,0,,,0,,,0,,,0,,,0,37,0,,,,,
perle,GPFA50,condition_mean_neural_and_behavior,published_input_causal_train_only;raw_preprocessing_fail,bounce,y,251629,52,0.7674469971834115,0.0833602097720691,52,0.799890785996587,0.0652492620167009,52,4.015444943040398,0.9125066780970836,52,4.862435926521705,0.9792695906048255,52,0.0324437888131755,0.0352611769572408,52,-0.8469909834813077,0.1217633793569113,52,3.68511170997434,0.9835374668968582,52,4.724044700443702,0.9955295682393072,52,0.7508603354400911,0.0961043160770506,52,1.0172023107616697,0.1323432373509106,52,38,50,1.2080725518234272,0.8229873311481903,2.6176893428524295,0.3008564602329484,0.24845007113288786
perle,GPFA50,condition_mean_neural_and_behavior,published_input_causal_train_only;raw_preprocessing_fail,bounce,y,258471,53,,,0,,,0,,,0,,,0,,,0,,,0,,,0,,,0,,,0,,,0,39,0,,,,,
perle,GPFA50,condition_mean_neural_and_behavior,published_input_causal_train_only;raw_preprocessing_fail,bounce,y,269179,52,,,0,,,0,,,0,,,0,,,0,,,0,,,0,,,0,,,0,,,0,40,0,,,,,
perle,GPFA50,condition_mean_neural_and_behavior,published_input_causal_train_only;raw_preprocessing_fail,bounce,y,270569,46,0.780826821052436,0.0742509932847084,46,0.7966287800320325,0.0715978974328007,46,3.5013271735711298,0.4255820423863614,46,3.454643826295508,0.4086354579620408,46,0.0158019589795962,0.0127845622134454,46,0.0466833472756222,0.064122337011439,46,1.94872673652668,0.7383521955685726,46,1.970425582888031,0.7319197058099937,46,0.4719417716892501,0.0588028851910292,46,0.4621723337391651,0.0592385531117981,46,41,49,0.25534582045175686,0.05375346131399571,1.5421878074557123,0.07292829484178723,0.07391379062239534
perle,GPFA50,condition_mean_neural_and_behavior,published_input_causal_train_only;raw_preprocessing_fail,bounce,y,273073,52,0.3249749222464449,0.0932106245443532,52,0.1735599561259811,0.0957692051288235,52,7.200009856259121,0.8824224502578587,52,7.109104723139259,0.8492595523307789,52,-0.1514149661204639,0.0230364083456819,52,0.0909051331198607,0.1150389477926701,52,-6.974685246825226,0.9173389864650782,52,-6.830508220053673,0.8925738913737976,52,2.4044827148967327,0.2554267772254216,52,2.1637567252175582,0.225224746073312,52,42,33,0.21712361960930548,0.13699979104946547,0.5014849947869733,0.03015601699774832,0.0305416262757524
perle,GPFA50,condition_mean_neural_and_behavior,published_input_causal_train_only;raw_preprocessing_fail,bounce,y,273515,43,0.5086093627931862,0.101534862729337,43,0.4802675135967492,0.1070384928673254,43,5.909263748543816,0.6762224097263853,43,5.784750593398874,0.6609949391985596,43,-0.0283418491964369,0.0224747919840668,43,0.1245131551449435,0.066776322295888,43,-5.646440922646366,0.7027826861116989,43,-5.506006633286273,0.6900833877134398,43,1.9158895568891856,0.2544015120410011,43,1.940187436892429,0.2583047780032288,43,43,34,0.02226167531601745,0.015810992596301726,0.04600817705040949,0.003767250246953905,0.0038483379631648793
perle,GPFA50,condition_mean_neural_and_behavior,published_input_causal_train_only;raw_preprocessing_fail,bounce,y,287936,52,,,0,,,0,,,0,,,0,,,0,,,0,,,0,,,0,,,0,,,0,44,0,,,,,
perle,GPFA50,condition_mean_neural_and_behavior,published_input_causal_train_only;raw_preprocessing_fail,bounce,y,297652,55,,,0,,,0,,,0,,,0,,,0,,,0,,,0,,,0,,,0,,,0,45,0,,,,,
perle,GPFA50,condition_mean_neural_and_behavior,published_input_causal_train_only;raw_preprocessing_fail,bounce,y,301600,50,,,0,,,0,,,0,,,0,,,0,,,0,,,0,,,0,,,0,,,0,46,0,,,,,
perle,GPFA50,condition_mean_neural_and_behavior,published_input_causal_train_only;raw_preprocessing_fail,bounce,y,320246,53,0.2728116816943491,0.0926854788526262,53,0.2789507531587836,0.0912928868132534,53,5.751351356175318,0.8318961766623301,53,5.848835539722514,0.8671734333518247,53,0.0061390714644346,0.020278740345397,53,-0.0974841835471974,0.0937663839161218,53,-5.326268402790963,0.9264425128644848,53,-5.463135013408105,0.956974116954079,53,1.5643813322265732,0.2107753617937459,53,1.8318892278419208,0.2536204885926954,53,47,33,0.31225244789947565,0.23155935541551423,0.6187673125011788,0.054292013921946394,0.05338711368764009
perle,GPFA50,condition_mean_neural_and_behavior,published_input_causal_train_only;raw_preprocessing_fail,bounce,y,325813,56,0.5438383448830562,0.1625297501172695,56,0.5969676713471346,0.1551726958237199,56,4.851956376987368,0.7106965393227119,56,4.701258867947819,0.6975346818384371,56,0.0531293264640784,0.0268886549308222,56,0.15069750903955,0.1167662031094018,56,4.61252360712926,0.763075229772122,56,4.488379639250079,0.7413724946099276,56,0.9349108157923596,0.1665030526921871,56,0.9324034144498132,0.1666985634981172,56,48,37,0.2762791071844831,0.14107831824389816,0.7810734181320367,0.05694179537451402,0.05876704834700663
perle,GPFA50,condition_mean_neural_and_behavior,published_input_causal_train_only;raw_preprocessing_fail,bounce,y,328386,47,,,0,,,0,,,0,,,0,,,0,,,0,,,0,,,0,,,0,,,0,49,0,,,,,
perle,GPFA50,condition_mean_neural_and_behavior,published_input_causal_train_only;raw_preprocessing_fail,bounce,y,330797,55,,,0,,,0,,,0,,,0,,,0,,,0,,,0,,,0,,,0,,,0,50,0,,,,,
perle,GPFA50,condition_mean_neural_and_behavior,published_input_causal_train_only;raw_preprocessing_fail,bounce,y,332165,48,0.6642042182302978,0.1566546125498167,48,0.5249475309783301,0.2026344878510963,48,3.8399033884232048,0.980694056209035,48,4.993899933941001,1.0873695728176276,48,-0.1392566872519676,0.1213372322783465,48,-1.1539965455177958,0.1909251330751925,48,2.722196946186568,1.2346910423949466,48,3.92590060734647,1.2384069467409085,48,0.371783585213898,0.0702723156201432,48,0.3445168138773362,0.0635809095672791,48,51,63,1.9839154378995976,1.1161038359106898,5.190852382745875,0.5166576440128252,0.39726775949512566
perle,GPFA50,condition_mean_neural_and_behavior,published_input_causal_train_only;raw_preprocessing_fail,bounce,y,340684,52,-0.0177357928629106,0.2603016711845113,52,0.0088867818318872,0.276640954103514,52,6.404827156061729,0.7654718549499517,52,6.220014902243865,0.7996339603309213,52,0.0266225746947978,0.0864101070306929,52,0.1848122538178627,0.0802548571272249,52,6.262010724746588,0.7635825917923253,52,6.062473227363295,0.7997523798878688,52,1.0436453096042089,0.1780262660891032,52,0.9109953392251972,0.1490181000892942,52,52,65,0.32177813044466697,0.19209190629800288,0.7956333110400182,0.05023993975233603,0.051732694455215174
perle,GPFA50,condition_mean_neural_and_behavior,published_input_causal_train_only;raw_preprocessing_fail,bounce,y,351612,48,,,0,,,0,,,0,,,0,,,0,,,0,,,0,,,0,,,0,,,0,53,0,,,,,
perle,GPFA50,condition_mean_neural_and_behavior,published_input_causal_train_only;raw_preprocessing_fail,bounce,y,356164,56,,,0,,,0,,,0,,,0,,,0,,,0,,,0,,,0,,,0,,,0,54,0,,,,,
perle,GPFA50,condition_mean_neural_and_behavior,published_input_causal_train_only;raw_preprocessing_fail,bounce,y,356765,58,,,0,,,0,,,0,,,0,,,0,,,0,,,0,,,0,,,0,,,0,55,0,,,,,
perle,GPFA50,condition_mean_neural_and_behavior,published_input_causal_train_only;raw_preprocessing_fail,bounce,y,370777,49,,,0,,,0,,,0,,,0,,,0,,,0,,,0,,,0,,,0,,,0,56,0,,,,,
perle,GPFA50,condition_mean_neural_and_behavior,published_input_causal_train_only;raw_preprocessing_fail,bounce,y,377134,51,,,0,,,0,,,0,,,0,,,0,,,0,,,0,,,0,,,0,,,0,57,0,,,,,
perle,GPFA50,condition_mean_neural_and_behavior,published_input_causal_train_only;raw_preprocessing_fail,bounce,y,379400,46,,,0,,,0,,,0,,,0,,,0,,,0,,,0,,,0,,,0,,,0,58,0,,,,,
perle,GPFA50,condition_mean_neural_and_behavior,published_input_causal_train_only;raw_preprocessing_fail,bounce,y,381514,52,,,0,,,0,,,0,,,0,,,0,,,0,,,0,,,0,,,0,,,0,59,0,,,,,
perle,GPFA50,condition_mean_neural_and_behavior,published_input_causal_train_only;raw_preprocessing_fail,bounce,y,388571,46,,,0,,,0,,,0,,,0,,,0,,,0,,,0,,,0,,,0,,,0,60,0,,,,,
perle,GPFA50,condition_mean_neural_and_behavior,published_input_causal_train_only;raw_preprocessing_fail,bounce,y,394672,41,,,0,,,0,,,0,,,0,,,0,,,0,,,0,,,0,,,0,,,0,61,0,,,,,
perle,GPFA50,condition_mean_neural_and_behavior,published_input_causal_train_only;raw_preprocessing_fail,bounce,y,396358,53,,,0,,,0,,,0,,,0,,,0,,,0,,,0,,,0,,,0,,,0,62,0,,,,,
perle,GPFA50,condition_mean_neural_and_behavior,published_input_causal_train_only;raw_preprocessing_fail,bounce,y,400995,60,,,0,,,0,,,0,,,0,,,0,,,0,,,0,,,0,,,0,,,0,63,0,,,,,
perle,GPFA50,condition_mean_neural_and_behavior,published_input_causal_train_only;raw_preprocessing_fail,bounce,y,401673,46,,,0,,,0,,,0,,,0,,,0,,,0,,,0,,,0,,,0,,,0,64,0,,,,,
perle,GPFA50,condition_mean_neural_and_behavior,published_input_causal_train_only;raw_preprocessing_fail,bounce,y,406460,40,,,0,,,0,,,0,,,0,,,0,,,0,,,0,,,0,,,0,,,0,65,0,,,,,
perle,GPFA50,condition_mean_neural_and_behavior,published_input_causal_train_only;raw_preprocessing_fail,bounce,y,413189,63,,,0,,,0,,,0,,,0,,,0,,,0,,,0,,,0,,,0,,,0,66,0,,,,,
perle,GPFA50,condition_mean_neural_and_behavior,published_input_causal_train_only;raw_preprocessing_fail,bounce,y,413513,37,,,0,,,0,,,0,,,0,,,0,,,0,,,0,,,0,,,0,,,0,67,0,,,,,
perle,GPFA50,condition_mean_neural_and_behavior,published_input_causal_train_only;raw_preprocessing_fail,bounce,y,420020,48,,,0,,,0,,,0,,,0,,,0,,,0,,,0,,,0,,,0,,,0,68,0,,,,,
perle,GPFA50,condition_mean_neural_and_behavior,published_input_causal_train_only;raw_preprocessing_fail,bounce,y,428615,50,0.6036624768397473,0.1718306910250913,50,0.6014762488222736,0.1818034370733462,50,6.91885996108274,0.8753731299902994,50,6.7085873329304775,0.9235024077142489,50,-0.0021862280174735,0.0507525002850533,50,0.2102726281522606,0.1166259800752254,50,-6.759906885998428,0.8903873926290524,50,-6.507325693311587,0.945972202059412,50,1.01951429593493,0.182231801124836,50,0.8613730970542108,0.1480775524439773,50,69,65,0.4716064928887195,0.3528634983384723,0.9357283598027442,0.06816245675464101,0.07029892725309578
perle,GPFA50,condition_mean_neural_and_behavior,published_input_causal_train_only;raw_preprocessing_fail,bounce,y,435203,57,,,0,,,0,,,0,,,0,,,0,,,0,,,0,,,0,,,0,,,0,70,0,,,,,
perle,GPFA50,condition_mean_neural_and_behavior,published_input_causal_train_only;raw_preprocessing_fail,bounce,y,448412,48,,,0,,,0,,,0,,,0,,,0,,,0,,,0,,,0,,,0,,,0,71,0,,,,,
perle,GPFA50,condition_mean_neural_and_behavior,published_input_causal_train_only;raw_preprocessing_fail,bounce,y,454477,51,,,0,,,0,,,0,,,0,,,0,,,0,,,0,,,0,,,0,,,0,72,0,,,,,
perle,GPFA50,condition_mean_neural_and_behavior,published_input_causal_train_only;raw_preprocessing_fail,bounce,y,456038,45,0.7281199957860301,0.0920028825605649,45,0.7383947795853403,0.0740918425254719,45,4.084945391790754,1.0356964943035818,45,4.461278534819903,1.0605749932855664,45,0.0102747837993099,0.0444020928152175,45,-0.3763331430291493,0.0800705873172762,45,-3.839362550845778,1.1007673796090065,45,-4.252589085066898,1.1294126442282817,45,1.1520840057421715,0.1762511192652228,45,1.41471589251169,0.2129884298947887,45,73,38,0.6942752551617657,0.4567397675852504,1.5476902846045961,0.1699594948214008,0.15562248573878673
perle,GPFA50,condition_mean_neural_and_behavior,published_input_causal_train_only;raw_preprocessing_fail,bounce,y,460651,46,,,0,,,0,,,0,,,0,,,0,,,0,,,0,,,0,,,0,,,0,74,0,,,,,
perle,GPFA50,condition_mean_neural_and_behavior,published_input_causal_train_only;raw_preprocessing_fail,bounce,y,463174,54,0.6907107684427514,0.1400432821169886,54,0.5915834948174942,0.2167049630346148,54,5.008725676774422,0.9553029650124067,54,6.118916939170906,1.072305300239712,54,-0.0991272736252572,0.1165043086694502,54,-1.1101912623964847,0.1856234074311165,54,-4.197518459659201,1.0282127063050643,54,-5.354464066449681,1.1027165850834728,54,0.3684901629556949,0.0647494863796306,54,0.3484965107312811,0.0608616115098858,54,75,65,1.8091485029986039,1.032467481599164,4.672062705228497,0.3611993588284676,0.2956648245079362
perle,GPFA50,condition_mean_neural_and_behavior,published_input_causal_train_only;raw_preprocessing_fail,bounce,y,464785,55,,,0,,,0,,,0,,,0,,,0,,,0,,,0,,,0,,,0,,,0,76,0,,,,,
perle,GPFA50,condition_mean_neural_and_behavior,published_input_causal_train_only;raw_preprocessing_fail,bounce,y,465431,50,,,0,,,0,,,0,,,0,,,0,,,0,,,0,,,0,,,0,,,0,77,0,,,,,
perle,GPFA50,condition_mean_neural_and_behavior,published_input_causal_train_only;raw_preprocessing_fail,bounce,y,469268,52,0.7336421732265281,0.0589770460643334,52,0.7758130805375163,0.0707423941654127,52,4.895822964169722,0.8693728907331439,52,5.2334787079958645,0.9443932965695414,52,0.0421709073109879,0.0551291736415397,52,-0.337655743826143,0.135763497277574,52,-4.721123137912088,0.9061668939154364,52,-5.093661011644126,0.9699673439119336,52,1.2640098935694,0.1607528934377861,52,1.4063427716385146,0.1797153026641449,52,78,36,0.6779130534131955,0.4180474215277877,1.604687511131651,0.1384676403486257,0.1295339278590089
perle,GPFA50,condition_mean_neural_and_behavior,published_input_causal_train_only;raw_preprocessing_fail,full,y,29337,45,0.33574146204524,0.1456014592502115,45,0.3695941091523278,0.1417600632947492,45,4.098913837319543,0.5725396416722262,45,4.170355635344829,0.6113903012724952,45,0.0338526471070877,0.0300277842188316,45,-0.0714417980252867,0.1150100771357986,45,3.33921984014022,0.6933531763850908,45,3.486299419827835,0.7200742680186943,45,0.5736348748514404,0.0826216610473045,45,0.6062964841062618,0.0825087305930559,45,0,50,0.12430630268114341,0.10853000306519851,0.21142671619091147,0.030326644475755234,0.029807122833270083
perle,GPFA50,condition_mean_neural_and_behavior,published_input_causal_train_only;raw_preprocessing_fail,full,y,55062,48,0.5816293721298762,0.121162846057557,48,0.6117316055087967,0.0990061835529105,48,5.128939610167618,1.045388610336904,48,4.858591075888761,1.0577648895429153,48,0.0301022333789206,0.0611539761524056,48,0.2703485342788576,0.1048970870074818,48,4.940342961506065,1.079903286082772,48,4.638862109412074,1.1000462950937566,48,1.0324432591168178,0.1549454818392857,48,0.8774061709695198,0.1347810856432716,48,1,50,0.6286134871578253,0.3762036300418383,1.5431910604541295,0.12256207616710107,0.12938184698798422
perle,GPFA50,condition_mean_neural_and_behavior,published_input_causal_train_only;raw_preprocessing_fail,full,y,58244,58,0.5886752480367787,0.1255260916247289,58,0.5536160942387116,0.1362344717554565,58,2.442393237428461,0.2482523875716536,58,2.533232821690727,0.2256213334954849,58,-0.035059153798067,0.0204371999938454,58,-0.0908395842622667,0.0768850887057205,58,-0.2758456705024033,0.6840637402115612,58,-0.0165050853712252,0.6722708341287027,58,0.5203875899072489,0.0698905863481454,58,0.4782838564055372,0.0631410812802587,58,2,50,0.09854042095683851,0.08603368707634367,0.16760377360235523,0.040345845806791306,0.03889907793436483
perle,GPFA50,condition_mean_neural_and_behavior,published_input_causal_train_only;raw_preprocessing_fail,full,y,59920,43,,,0,,,0,,,0,,,0,,,0,,,0,,,0,,,0,,,0,,,0,3,0,,,,,
perle,GPFA50,condition_mean_neural_and_behavior,published_input_causal_train_only;raw_preprocessing_fail,full,y,68220,53,0.7626218706609982,0.0529206219783712,53,0.7730418021712344,0.0501040387076507,53,2.756581302121055,0.4074848373491873,53,2.66568652595505,0.377931612196689,53,0.0104199315102361,0.0069566504526189,53,0.0908947761660043,0.059097222015646,53,1.257303932535286,0.8026002383997555,53,1.0844607474231558,0.8058656056869686,53,0.5248544407248078,0.0655506438809023,53,0.5276632272255283,0.0653743732060577,53,4,52,0.014935087656154745,0.013038081248986358,0.02541501348861086,0.005417974664727981,0.005602717165254031
perle,GPFA50,condition_mean_neural_and_behavior,published_input_causal_train_only;raw_preprocessing_fail,full,y,72780,47,0.0463345420986401,0.1515909632428434,47,0.1314457724452952,0.1483247696385109,47,6.7143720743375805,0.8585878759448946,47,6.75530046069759,0.8682619725536048,47,0.085111230346655,0.023595457752452,47,-0.0409283863600078,0.0725472217133721,47,-6.379756004950111,0.8956405625600675,47,-6.476002534981469,0.8946056917798977,47,1.0927390806747148,0.1507169454533813,47,1.199643729550132,0.1738019078758144,47,5,49,0.34025927740931206,0.2141312405681763,0.7956196389402779,0.05067626185176534,0.05036922922806234
perle,GPFA50,condition_mean_neural_and_behavior,published_input_causal_train_only;raw_preprocessing_fail,full,y,77046,50,0.8216281919174429,0.0659244158244133,50,0.8348887501290355,0.0587961958485798,50,1.6219744542931187,0.2518785440665821,50,1.611948840881256,0.2539070637345486,50,0.0132605582115927,0.0107652575159247,50,0.0100256134118625,0.0646034306317573,50,-0.1749674315351084,0.6507064412039171,50,-0.2652578578294638,0.6311574381710671,50,0.7445227205444159,0.1020892635040716,50,0.7417855138102504,0.1035815368420935,50,6,47,0.08835433808625215,0.07718134491759789,0.15010182238579795,0.05447332283957476,0.05481212296908172
perle,GPFA50,condition_mean_neural_and_behavior,published_input_causal_train_only;raw_preprocessing_fail,full,y,77944,48,0.7420918162794935,0.0861304624526055,48,0.7682584873243857,0.0773701853350366,48,2.8413192476636966,0.6859564536727034,48,2.6271563609454485,0.6804558251773332,48,0.0261666710448923,0.0146834005531627,48,0.2141628867182481,0.0904582090689869,48,-2.379079966531668,0.8077753256360763,48,-2.198098860473336,0.8051605696432432,48,0.888536173428053,0.0919193702436286,48,0.9161668710481704,0.0965493522189319,48,7,45,0.18461390410382314,0.16132594599137037,0.31337161429353166,0.06497471350874204,0.07027138043560725
perle,GPFA50,condition_mean_neural_and_behavior,published_input_causal_train_only;raw_preprocessing_fail,full,y,90751,53,0.7635031217966199,0.0599566702865208,53,0.7826863878217779,0.056561077351416,53,2.715623931998795,0.2428944523025533,53,2.533125343319471,0.229894864702288,53,0.0191832660251579,0.0072591819407151,53,0.1824985886793235,0.0449851644468957,53,-0.4249312297402888,0.716714302317612,53,-0.235786900393872,0.7307676881812813,53,0.530085298005152,0.0605759976229384,53,0.552039340594029,0.0614537946549985,53,8,53,0.26391245653264045,0.2303181532510828,0.4493277060358096,0.097182991143546,0.10418452337096076
perle,GPFA50,condition_mean_neural_and_behavior,published_input_causal_train_only;raw_preprocessing_fail,full,y,93053,48,0.6457845623108274,0.178397464592568,48,0.6869818677562363,0.1616690823607298,48,5.507101738133457,0.8430049289891929,48,5.321372832977659,0.8586250650174109,48,0.0411973054454088,0.0306271034300908,48,0.1857289051557984,0.0645949052067166,48,5.186579805544185,0.8423077965023275,48,5.0415526813276825,0.8544494962023294,48,0.5934821482283331,0.1121391086714687,48,0.60899277806537,0.1194036722772722,48,9,50,0.42943965132907075,0.1886847704370571,1.411028253534358,0.0779792478420096,0.08070091399492695
perle,GPFA50,condition_mean_neural_and_behavior,published_input_causal_train_only;raw_preprocessing_fail,full,y,99902,46,0.7469786287113879,0.0767369758751598,46,0.7877590089882281,0.061956155807285,46,4.221204659184255,0.9684528600080597,46,4.054976400788908,0.9716195980480652,46,0.0407803802768401,0.0285506056650389,46,0.1662282583953476,0.0828933700685584,46,4.0637008376940855,0.9918613493864452,46,3.8980218601288463,0.9917024198862576,46,0.9915179629905964,0.1214395416144619,46,0.8756249532942819,0.1107684087431102,46,10,49,0.49712488315189357,0.2982730320861121,1.2164696040173149,0.117768486318302,0.12259624570322443
perle,GPFA50,condition_mean_neural_and_behavior,published_input_causal_train_only;raw_preprocessing_fail,full,y,105802,56,0.3650648738593703,0.098034294135005,56,0.3941092805732017,0.1069387823967187,56,3.559671505855583,0.5960295881275645,56,3.6213177604912863,0.6259171949427054,56,0.0290444067138314,0.0244894984897288,56,-0.0616462546357032,0.0665983555522426,56,2.3021311530340856,0.8572874574470652,56,2.508186876688363,0.8435639652222624,56,0.717406567288246,0.0787610362614986,56,0.7484804234095628,0.0809067151805875,56,11,46,0.12387598404906372,0.10354147855175218,0.21973884383513398,0.034799835840270764,0.03420743283026841
perle,GPFA50,condition_mean_neural_and_behavior,published_input_causal_train_only;raw_preprocessing_fail,full,y,118879,59,0.8723317011660003,0.0479723335054117,59,0.8801238847118441,0.0449367282094678,59,3.6345470604659553,0.9982664952598485,59,3.378845329323699,1.0051901271760604,59,0.0077921835458436,0.0073604052033115,59,0.2557017311422568,0.1396441181168972,59,-3.473305635616154,1.0512840194314512,59,-3.2138509932683808,1.0660954441073829,59,1.0268828779978014,0.1078398063595308,59,1.159095415550382,0.1174603926835201,59,12,42,0.4266001253954693,0.37301852159974286,0.7230987945309275,0.11737366948298049,0.12625618630517677
perle,GPFA50,condition_mean_neural_and_behavior,published_input_causal_train_only;raw_preprocessing_fail,full,y,122957,51,0.4179117088103831,0.128453199925917,51,0.451609582379071,0.1244147310034808,51,3.648213461972999,0.5686114108336927,51,3.534597565441856,0.571372130587898,51,0.0336978735686878,0.0210919280187209,51,0.1136158965311436,0.0608326627702312,51,3.0058987037716838,0.649410039792841,51,2.8405997046438243,0.6656303987400296,51,0.9235271303212992,0.0989155855988811,51,0.8771194992309747,0.0959631319667258,51,13,42,0.27814183348048105,0.24320399328444683,0.4714637266887234,0.07624055894198101,0.07869123099045389
perle,GPFA50,condition_mean_neural_and_behavior,published_input_causal_train_only;raw_preprocessing_fail,full,y,126479,53,0.8354227618484245,0.0518924667695445,53,0.829784891470066,0.0554256387484805,53,2.4960815585707734,0.6359347014575341,53,1.7192112627540788,0.4779056137553773,53,-0.0056378703783585,0.0077776680594273,53,0.776870295816695,0.2209346419461415,53,2.0605170166413,0.7506871720957595,53,1.0608606302037211,0.7454688857964141,53,0.929209352133436,0.1008219390312365,53,1.1895953737497014,0.1293513241048974,53,14,44,1.192108568351507,1.0419662036019846,2.0225598530273023,0.47759199384257867,0.6934043501098386
perle,GPFA50,condition_mean_neural_and_behavior,published_input_causal_train_only;raw_preprocessing_fail,full,y,158705,57,0.4752485581899965,0.1107767681350006,57,0.4410813297746722,0.1175424988220496,57,4.5996362816821685,0.6952236485686512,57,4.745008241206228,0.7204707917215545,57,-0.0341672284153242,0.0154291090522236,57,-0.1453719595240585,0.0904175488039796,57,-3.506700273950821,0.9220700356470944,57,-3.774392511776204,0.9137683750342108,57,0.6118999818431597,0.0614382407683643,57,0.6323515005922529,0.0623501886944481,57,15,48,0.3574645552134423,0.2958820262477853,0.6404843876835185,0.07771583084450129,0.07533486498699342
perle,GPFA50,condition_mean_neural_and_behavior,published_input_causal_train_only;raw_preprocessing_fail,full,y,159613,50,0.7432530835677551,0.0667480433423999,50,0.7605711136597183,0.0668295452940064,50,2.724548487751322,0.2777970570205553,50,2.630078487235046,0.31514348610048,50,0.017318030091963,0.0111761249483187,50,0.0944700005162751,0.0719310670812036,50,0.7352390460767279,0.533746600497544,50,0.9723855522072808,0.5283384369573012,50,0.5848305708582463,0.068675369259893,50,0.6171487710613766,0.0742030172131903,50,16,50,0.2827151796990966,0.24678984210567387,0.48094786901481434,0.10376588303349765,0.10749305812402199
perle,GPFA50,condition_mean_neural_and_behavior,published_input_causal_train_only;raw_preprocessing_fail,full,y,163248,39,-0.026827566835381,0.1694192240125545,39,-0.1097995104018111,0.1581977849976462,39,1.7778056318081696,0.3067062121883124,39,1.8181575283919784,0.3014012449456156,39,-0.0829719435664301,0.0356858287252023,39,-0.0403518965838089,0.0560838096555514,39,-0.5339513033144867,0.7896171105578254,39,-0.5218372797531816,0.7875937744330197,39,4.068400436675244,0.5458437173132703,39,4.93060644245072,0.6312796184916645,39,17,36,0.11350114031428449,0.09939389470056542,0.19171429267415308,0.06384339113542171,0.06242646115194847
perle,GPFA50,condition_mean_neural_and_behavior,published_input_causal_train_only;raw_preprocessing_fail,full,y,167848,56,0.5508656496302826,0.1269242934339352,56,0.5146225305081062,0.1371023166449001,56,4.533508144958221,0.6498154175516928,56,4.403469878344878,0.648733278832045,56,-0.0362431191221762,0.0233124515300322,56,0.1300382666133423,0.0937169520660857,56,-3.892462689043984,0.7254320223477086,56,-3.6978364344053,0.7344367508425947,56,0.6327424656226661,0.0711246220504042,56,0.6071804217288614,0.0677423205659119,56,18,44,0.0014643295082421405,0.0012792197937006834,0.0024858094231605676,0.0003230014067297182,0.0003325399170875071
perle,GPFA50,condition_mean_neural_and_behavior,published_input_causal_train_only;raw_preprocessing_fail,full,y,179553,58,0.6782406739579617,0.0934846255595917,58,0.6917321267107717,0.0884511181731631,58,1.7013020795967435,0.3802781503378666,58,1.7007122714273566,0.3818817981560801,58,0.01349145275281,0.0134954076807329,58,0.0005898081693875,0.0464937334934211,58,0.5317162706687208,0.7409632271338196,58,0.6073137784572848,0.7254223147754455,58,0.9510666840390912,0.1002750418296913,58,0.9739640310947266,0.0988493461944295,58,19,39,0.017838447465572352,0.015606059124411546,0.030193183953313052,0.01048517349123594,0.01048880975651518
perle,GPFA50,condition_mean_neural_and_behavior,published_input_causal_train_only;raw_preprocessing_fail,full,y,182748,51,0.8038068195141749,0.0574886653180363,51,0.8100292840222653,0.0575103435994943,51,4.595087114681763,0.9256614875318476,51,4.696279716251385,0.9523445821607548,51,0.0062224645080904,0.0079977834982411,51,-0.1011926015696208,0.073870664374537,51,-4.2565296488025774,1.0194801803180331,51,-4.358885330014505,1.040245448944235,51,0.7471639297741856,0.0756985230359147,51,0.7220489651937928,0.0723822573145485,51,20,49,0.18387889708742783,0.08175514910911491,0.5971712045512971,0.040016411549612704,0.03915416205962317
perle,GPFA50,condition_mean_neural_and_behavior,published_input_causal_train_only;raw_preprocessing_fail,full,y,183171,51,0.6572667219923192,0.0924308814087805,51,0.6891043438232757,0.0820609596330513,51,3.1333992901980694,0.8270625840305365,51,2.594025906674013,0.7637470606899911,51,0.0318376218309565,0.0158077437121461,51,0.5393733835240566,0.1180047003532752,51,-2.6484971661445766,0.981608772294226,51,-2.0779446517087403,0.95506928289291,51,0.8824987224288908,0.1063047931536757,51,1.0012820581114614,0.1147414556968833,51,21,39,0.4019496596991407,0.3517157849525434,0.6801966463589473,0.12827910600366943,0.1549520606810397
perle,GPFA50,condition_mean_neural_and_behavior,published_input_causal_train_only;raw_preprocessing_fail,full,y,184642,57,0.79143901352025,0.065799716008565,57,0.7741431037583362,0.0710013237217835,57,2.3124050911597105,0.4321645701193563,57,2.320137750634129,0.4227523055909259,57,-0.0172959097619138,0.0107601548629911,57,-0.0077326594744182,0.0716723684549198,57,1.1991297313103233,0.9136946821152307,57,1.2188424075727056,0.8984431568759907,57,0.745930466239165,0.0824231230299316,57,0.7363159402535147,0.0846445426138492,57,22,44,0.19266407289284407,0.16838948569836706,0.32689717675585506,0.0833176131765995,0.08303992848708489
perle,GPFA50,condition_mean_neural_and_behavior,published_input_causal_train_only;raw_preprocessing_fail,full,y,187617,54,0.4855103713624561,0.1123466064427328,54,0.4715522391718287,0.1130899992990769,54,4.251091791641445,0.7661364648200597,54,4.040478885387081,0.717220504503642,54,-0.0139581321906274,0.0224703279567209,54,0.2106129062543628,0.1170303521070121,54,3.8606497672744178,0.8404913063146103,54,3.4709467300978054,0.8243084678023183,54,0.911295656004438,0.1120113466781744,54,0.741209115344237,0.0931077039697324,54,23,38,0.6919958514352059,0.5600610564178548,1.2634383714173238,0.16278073618542363,0.1712658006796915
perle,GPFA50,condition_mean_neural_and_behavior,published_input_causal_train_only;raw_preprocessing_fail,full,y,197632,47,0.733173232454228,0.0718540031695801,47,0.7495303403496514,0.0702526429886946,47,3.183399931559008,0.4631853777674561,47,3.2160791407529783,0.5210496604310125,47,0.0163571078954235,0.0126518775176178,47,-0.0326792091939703,0.0867499470942834,47,1.7111349397601394,0.7942874101420481,47,1.9545177670859255,0.8208120674470841,47,0.488430496787682,0.0616280198241511,47,0.51030831782099,0.0661560625740517,47,24,47,0.19025870284090585,0.16619428809077685,0.3232333557189442,0.05976588142594147,0.059158588614943323
perle,GPFA50,condition_mean_neural_and_behavior,published_input_causal_train_only;raw_preprocessing_fail,full,y,199564,49,0.713424595794335,0.0714122199936368,49,0.7430136743928987,0.0640226295829033,49,2.5040605763809283,0.5064823048518337,49,2.42822664956115,0.4830103534994287,49,0.0295890785985636,0.0124267750105163,49,0.0758339268197784,0.052357006565278,49,1.436116406099152,0.8547064246236623,49,1.3079769295160633,0.8544401154044766,49,0.6466771274732963,0.0648939883059992,49,0.633684191906334,0.0668420055960279,49,25,42,0.17644661049906554,0.15429391131462453,0.29906283869545014,0.07046419410271636,0.07266480274028558
perle,GPFA50,condition_mean_neural_and_behavior,published_input_causal_train_only;raw_preprocessing_fail,full,y,204372,53,0.7513583598197476,0.0742325535520223,53,0.7195234854335694,0.082644536586362,53,2.7989905351392834,0.3811550089643642,53,2.5445252889475785,0.344476777714368,53,-0.031834874386178,0.0140096399507752,53,0.2544652461917059,0.085797154060436,53,1.5994251710272211,0.6637598439098182,53,1.2981680013298815,0.6819441113156882,53,0.5684952140288435,0.0616319270307758,53,0.5922930368560022,0.0666871065734955,53,26,45,0.5624110471890797,0.4914643442470143,0.9546645998438876,0.2009335294737226,0.22102788666788778
perle,GPFA50,condition_mean_neural_and_behavior,published_input_causal_train_only;raw_preprocessing_fail,full,y,204678,45,0.7627229921464727,0.0552238331201903,45,0.7383432988496516,0.056200172411761,45,4.791816860897309,1.096818996883101,45,4.864204462157934,1.1025761022660447,45,-0.0243796932968209,0.0143789399162559,45,-0.0723876012606243,0.0867522655936396,45,-4.630299590498099,1.1484577000778684,45,-4.685978939927984,1.158433348400476,45,1.1106233440832043,0.1389906937717709,45,1.1374772593804416,0.1388331707225035,45,27,40,0.045690791315728355,0.022128486874248933,0.135886613260495,0.00953517061317163,0.009393271124022261
perle,GPFA50,condition_mean_neural_and_behavior,published_input_causal_train_only;raw_preprocessing_fail,full,y,206128,53,0.7141653182070474,0.0786058050160202,53,0.7004691333541517,0.0861731101364999,53,3.1274888201989577,0.3373242990432281,53,2.8918888289025326,0.3400992409852822,53,-0.0136961848528957,0.0150208793650318,53,0.2355999912964238,0.1875903762427344,53,0.5661632532582618,0.9273059711546676,53,-0.0428655620149507,0.9452246531885616,53,0.5958227032348543,0.069039557499066,53,0.6131119364565262,0.0756500032267432,53,28,34,0.6800364447374461,0.5958804121230098,1.1469892673621933,0.2174384894185441,0.23515303836749452
perle,GPFA50,condition_mean_neural_and_behavior,published_input_causal_train_only;raw_preprocessing_fail,full,y,217817,49,0.5712989858215648,0.1193241369025733,49,0.5765523324829557,0.1240319865250368,49,4.816384028002712,0.5185551993681665,49,4.670365417561198,0.497434166810195,49,0.0052533466613909,0.0343782218637256,49,0.1460186104415147,0.0804076101962262,49,4.485134026717397,0.5654498693749997,49,4.260930407294387,0.549961787991527,49,0.906692103986435,0.1199944214189503,49,0.7861101765028656,0.1048269704926843,49,29,39,0.46777219823522126,0.3660887283756363,0.8826681929772402,0.09712103426877278,0.1001575158287048
perle,GPFA50,condition_mean_neural_and_behavior,published_input_causal_train_only;raw_preprocessing_fail,full,y,218791,56,0.851671360943764,0.0625841247353846,56,0.8628923554753561,0.0580975300421661,56,3.1187456067300388,0.75583160288043,56,3.356422238483088,0.8021887637850259,56,0.0112209945315921,0.017602375546517,56,-0.2376766317530496,0.1144353924065246,56,2.811642726544727,0.8722740715947493,56,3.1584568449834056,0.882313365790271,56,0.6791221942421717,0.0888612921144948,56,0.7708115719829278,0.0982004016227476,56,30,44,0.3610944675597016,0.2646089970569616,0.7274222567013333,0.11578195630335623,0.10758314714387536
perle,GPFA50,condition_mean_neural_and_behavior,published_input_causal_train_only;raw_preprocessing_fail,full,y,226533,59,0.4070143354996793,0.1528631376942827,59,0.3422634993116905,0.1554997329059255,59,4.605225926644029,0.7804853203022168,59,4.703899174875304,0.7933898110114211,59,-0.0647508361879888,0.0239918137050684,59,-0.0986732482312728,0.0998607369918578,59,-4.23887520307176,0.8176011065957999,59,-4.337774091011135,0.8268693781843972,59,0.7823725639444727,0.0867473114373224,59,0.7817685081494198,0.0874620214832482,59,31,36,0.13934921295356212,0.12203654657477535,0.235359198510239,0.030258930869676185,0.02962419213784618
perle,GPFA50,condition_mean_neural_and_behavior,published_input_causal_train_only;raw_preprocessing_fail,full,y,232533,53,0.8516953608325715,0.0638956520387626,53,0.8374102775034901,0.0689633998944274,53,1.2483625614668663,0.2822578027624811,53,1.244691726764115,0.2992620393920221,53,-0.0142850833290813,0.0083915946341564,53,0.0036708347027515,0.0557878328950493,53,0.1618495386545006,0.6368097422726726,53,0.2571291954527547,0.6294985170085398,53,1.1475881392345189,0.1100164383913099,53,1.0967354699102627,0.1153553168680171,53,32,36,0.06521869625271591,0.05711188099900392,0.11016200923439001,0.052243393278377265,0.052397469068319505
perle,GPFA50,condition_mean_neural_and_behavior,published_input_causal_train_only;raw_preprocessing_fail,full,y,241919,43,0.6729370840665808,0.1445923438114612,43,0.6693072798981436,0.142905093547027,43,4.405079281983476,1.1106780997005044,43,4.5034152118124124,1.1535940519894303,43,-0.003629804168437,0.0258077097326771,43,-0.0983359298289352,0.1003839231293124,43,4.141020342912064,1.1205710588646125,43,4.242394141584596,1.1661750358621634,43,0.6676532104709327,0.1357088268667644,43,0.6578427562434207,0.1336735067636932,43,33,46,0.07169637050530923,0.03912504243037657,0.19178177274191732,0.016275841117898447,0.01592044418139602
perle,GPFA50,condition_mean_neural_and_behavior,published_input_causal_train_only;raw_preprocessing_fail,full,y,242380,50,0.7733193278071471,0.0990070081734849,50,0.8138726307097999,0.0860415414729226,50,4.472147208777032,0.6093873918746606,50,4.374368774161432,0.6035304914462098,50,0.0405533029026526,0.0207861032778713,50,0.0977784346155996,0.06426558077516,50,-3.794781538488013,0.661929834885676,50,-3.7625860038109753,0.6534416335569135,50,0.4468196899803175,0.0807600464016889,50,0.45919413911832,0.0825558023891277,50,34,44,0.1736817090421178,0.03507909043329312,1.0326131038694086,0.0388363130581324,0.03970440491163497
perle,GPFA50,condition_mean_neural_and_behavior,published_input_causal_train_only;raw_preprocessing_fail,full,y,244437,50,0.7585805808775425,0.1015427241865217,50,0.7829270348945202,0.0877586235257742,50,4.187463320569171,0.4788550686597265,50,3.6673384086130394,0.474076448137609,50,0.0243464540169775,0.0201538207503298,50,0.5201249119561333,0.1221604877117794,50,-3.989736986003469,0.5219460384457871,50,-3.4802710483742736,0.5200467734300002,50,0.9225984349677928,0.1468004549705909,50,1.1347334790431471,0.1732124687552356,50,35,36,0.5980509165706726,0.5237219270716332,1.0101575399080938,0.14281938032340397,0.1630749197200078
perle,GPFA50,condition_mean_neural_and_behavior,published_input_causal_train_only;raw_preprocessing_fail,full,y,245662,41,0.5697090451433294,0.1300073246837502,41,0.66285956463583,0.0981463944664555,41,5.591748916904623,0.7164206044310376,41,6.117521431831953,0.7760110559386609,41,0.0931505194925005,0.0584594744956974,41,-0.5257725149273305,0.1094225789559294,41,-5.321930395087762,0.7513900288849255,41,-5.984106640678292,0.795956096841583,41,0.7340271724464767,0.0952932778209844,41,0.9623415227039114,0.1242779310706434,41,36,47,1.0621720685270872,0.7006767014672548,2.3715325593854155,0.1899534625590923,0.1736278459116095
perle,GPFA50,condition_mean_neural_and_behavior,published_input_causal_train_only;raw_preprocessing_fail,full,y,248856,53,0.778267765086538,0.0508248074189161,53,0.7862989695998295,0.0493378300904994,53,3.217438837980124,0.4571550432643354,53,3.3630947042456927,0.5323258282590873,53,0.0080312045132915,0.0073928815972158,53,-0.1456558662655685,0.1071688928284917,53,2.005999599313644,0.7642248236259549,53,2.402631225225396,0.7873276232663007,53,0.6875373917636546,0.0548857721535075,53,0.7316898212785559,0.0547030120373031,53,37,31,0.35328393147346526,0.3099086322632433,0.5943464456418148,0.10980284296414268,0.10504727417502303
perle,GPFA50,condition_mean_neural_and_behavior,published_input_causal_train_only;raw_preprocessing_fail,full,y,251629,52,0.7674469971834115,0.0833602097720691,52,0.799890785996587,0.0652492620167009,52,4.015444943040398,0.9125066780970836,52,4.862435926521705,0.9792695906048255,52,0.0324437888131755,0.0352611769572408,52,-0.8469909834813077,0.1217633793569113,52,3.68511170997434,0.9835374668968582,52,4.724044700443702,0.9955295682393072,52,0.7508603354400911,0.0961043160770506,52,1.0172023107616697,0.1323432373509106,52,38,50,1.2080725518234272,0.8229873311481903,2.6176893428524295,0.3008564602329484,0.24845007113288786
perle,GPFA50,condition_mean_neural_and_behavior,published_input_causal_train_only;raw_preprocessing_fail,full,y,258471,53,0.6889055855475501,0.0678809259426866,53,0.6653761431149265,0.071751880330235,53,2.6997316902921287,0.296244801144916,53,2.7109441437393538,0.3335029779789494,53,-0.0235294424326235,0.0083308182295237,53,-0.011212453447226,0.0575690124651801,53,-0.8920849223806178,0.6475186646544494,53,-1.0941915695387203,0.6297017934728267,53,0.6892933946256821,0.0565407368439958,53,0.6941614616928045,0.0616132166147802,53,39,44,0.3734913053079441,0.3263836229514753,0.6338125187758754,0.13834386085512443,0.13777167123508752
perle,GPFA50,condition_mean_neural_and_behavior,published_input_causal_train_only;raw_preprocessing_fail,full,y,269179,52,0.8397206634975956,0.046397607388193,52,0.8208181956696637,0.0505516394266023,52,1.4185514257792902,0.3012263610701976,52,1.560716018803216,0.334820449717977,52,-0.0189024678279318,0.0073499897384289,52,-0.1421645930239263,0.0907922053512048,52,0.3910158242448548,0.6290123399816607,52,0.6681431502380811,0.6183189208538729,52,0.9925371063444316,0.0968413383616024,52,0.91605886932711,0.0968122978871458,52,40,36,0.11539009482702021,0.10105202077671976,0.19489679248074232,0.08134361062280836,0.07393407476877396
perle,GPFA50,condition_mean_neural_and_behavior,published_input_causal_train_only;raw_preprocessing_fail,full,y,270569,46,0.780826821052436,0.0742509932847084,46,0.7966287800320325,0.0715978974328007,46,3.5013271735711298,0.4255820423863614,46,3.454643826295508,0.4086354579620408,46,0.0158019589795962,0.0127845622134454,46,0.0466833472756222,0.064122337011439,46,1.94872673652668,0.7383521955685726,46,1.970425582888031,0.7319197058099937,46,0.4719417716892501,0.0588028851910292,46,0.4621723337391651,0.0592385531117981,46,41,49,0.25534582045175686,0.05375346131399571,1.5421878074557123,0.07292829484178723,0.07391379062239534
perle,GPFA50,condition_mean_neural_and_behavior,published_input_causal_train_only;raw_preprocessing_fail,full,y,273073,52,0.3249749222464449,0.0932106245443532,52,0.1735599561259811,0.0957692051288235,52,7.200009856259121,0.8824224502578587,52,7.109104723139259,0.8492595523307789,52,-0.1514149661204639,0.0230364083456819,52,0.0909051331198607,0.1150389477926701,52,-6.974685246825226,0.9173389864650782,52,-6.830508220053673,0.8925738913737976,52,2.4044827148967327,0.2554267772254216,52,2.1637567252175582,0.225224746073312,52,42,33,0.21712361960930548,0.13699979104946547,0.5014849947869733,0.03015601699774832,0.0305416262757524
perle,GPFA50,condition_mean_neural_and_behavior,published_input_causal_train_only;raw_preprocessing_fail,full,y,273515,43,0.5086093627931862,0.101534862729337,43,0.4802675135967492,0.1070384928673254,43,5.909263748543816,0.6762224097263853,43,5.784750593398874,0.6609949391985596,43,-0.0283418491964369,0.0224747919840668,43,0.1245131551449435,0.066776322295888,43,-5.646440922646366,0.7027826861116989,43,-5.506006633286273,0.6900833877134398,43,1.9158895568891856,0.2544015120410011,43,1.940187436892429,0.2583047780032288,43,43,34,0.02226167531601745,0.015810992596301726,0.04600817705040949,0.003767250246953905,0.0038483379631648793
perle,GPFA50,condition_mean_neural_and_behavior,published_input_causal_train_only;raw_preprocessing_fail,full,y,287936,52,0.3545321171340294,0.1530023204257333,52,0.3120242142261279,0.1602322197429358,52,4.5522466042966965,0.7712021542860649,52,4.551738151625785,0.7807230200413977,52,-0.0425079029079015,0.0176135463480915,52,0.000508452670911,0.0813329943051517,52,-3.9969642421799145,0.8579755222119155,52,-4.007775991532309,0.8641909201203692,52,0.8482108047752633,0.0916861318381143,52,0.8730316057270421,0.0908173267868652,52,44,35,0.21418778733394425,0.187613351624231,0.36154813590686086,0.047051007107519256,0.04705626294813134
perle,GPFA50,condition_mean_neural_and_behavior,published_input_causal_train_only;raw_preprocessing_fail,full,y,297652,55,0.6378272596882596,0.1210769308665476,55,0.6763870168681425,0.1114443563978229,55,1.9488204888675515,0.5724229388788225,55,1.9233519412551063,0.5812328778310205,55,0.0385597571798828,0.0215220008721691,55,0.0254685476124454,0.0686739671535165,55,-1.2210177554453423,0.8813207324760821,55,-1.2590626633879691,0.867783145777349,55,0.8425851842054874,0.1009706286933112,55,0.8389692166238756,0.1014096347166493,55,45,33,0.03357873814564067,0.02943587589471591,0.05658570154326359,0.017230287929265915,0.01745844711276734
perle,GPFA50,condition_mean_neural_and_behavior,published_input_causal_train_only;raw_preprocessing_fail,full,y,301600,50,0.3023988639941052,0.1689829782456672,50,0.2337364106960139,0.1734678522115299,50,2.355969936051748,0.4568350135832233,50,2.3679784999489377,0.4715557151913497,50,-0.0686624532980913,0.0272575290489485,50,-0.0120085638971897,0.0540270966076367,50,-1.4529057588313607,0.7085655427246941,50,-1.4649927336876376,0.7193046089036061,50,0.99152715535594,0.1217154707850876,50,1.0123177432137846,0.1294632522329504,50,46,32,0.1629062889167007,0.14285295921698782,0.2743050664162528,0.06914616626632646,0.06879551014513584
perle,GPFA50,condition_mean_neural_and_behavior,published_input_causal_train_only;raw_preprocessing_fail,full,y,320246,53,0.2728116816943491,0.0926854788526262,53,0.2789507531587836,0.0912928868132534,53,5.751351356175318,0.8318961766623301,53,5.848835539722514,0.8671734333518247,53,0.0061390714644346,0.020278740345397,53,-0.0974841835471974,0.0937663839161218,53,-5.326268402790963,0.9264425128644848,53,-5.463135013408105,0.956974116954079,53,1.5643813322265732,0.2107753617937459,53,1.8318892278419208,0.2536204885926954,53,47,33,0.31225244789947565,0.23155935541551423,0.6187673125011788,0.054292013921946394,0.05338711368764009
perle,GPFA50,condition_mean_neural_and_behavior,published_input_causal_train_only;raw_preprocessing_fail,full,y,325813,56,0.5438383448830562,0.1625297501172695,56,0.5969676713471346,0.1551726958237199,56,4.851956376987368,0.7106965393227119,56,4.701258867947819,0.6975346818384371,56,0.0531293264640784,0.0268886549308222,56,0.15069750903955,0.1167662031094018,56,4.61252360712926,0.763075229772122,56,4.488379639250079,0.7413724946099276,56,0.9349108157923596,0.1665030526921871,56,0.9324034144498132,0.1666985634981172,56,48,37,0.2762791071844831,0.14107831824389816,0.7810734181320367,0.05694179537451402,0.05876704834700663
perle,GPFA50,condition_mean_neural_and_behavior,published_input_causal_train_only;raw_preprocessing_fail,full,y,328386,47,0.8026733233796297,0.0845134171779785,47,0.7805877473058884,0.0939134006615019,47,2.1999337693573664,0.728879304940146,47,2.1676089337072924,0.724676212699065,47,-0.0220855760737413,0.0144323205946194,47,0.0323248356500746,0.1079691956013269,47,1.800592067183019,0.881641782498742,47,1.7782901796709132,0.8798345091091077,47,1.126979964172638,0.1309001258792701,47,1.1058554383494446,0.1335126047876802,47,49,32,0.20930878576909676,0.18353774467695255,0.3524503058251218,0.09514322143899767,0.09656206085620479
perle,GPFA50,condition_mean_neural_and_behavior,published_input_causal_train_only;raw_preprocessing_fail,full,y,330797,55,0.7294094716224683,0.0746262408031378,55,0.719570713121194,0.0786399580839615,55,2.0590941456147904,0.3908436125930621,55,1.9549351498580705,0.3575224876502171,55,-0.0098387585012742,0.0092632135451174,55,0.1041589957567199,0.0751272363058135,55,0.6159117522314956,0.8379082853643267,55,0.4539918541762683,0.828286976391402,55,1.0466275469159376,0.0990364102554546,55,1.0759888803112256,0.1040714981266222,55,50,36,0.3588550058854982,0.31425697118445806,0.6061309021176431,0.17427809537011416,0.18356363683549876
perle,GPFA50,condition_mean_neural_and_behavior,published_input_causal_train_only;raw_preprocessing_fail,full,y,332165,48,0.6642042182302978,0.1566546125498167,48,0.5249475309783301,0.2026344878510963,48,3.8399033884232048,0.980694056209035,48,4.993899933941001,1.0873695728176276,48,-0.1392566872519676,0.1213372322783465,48,-1.1539965455177958,0.1909251330751925,48,2.722196946186568,1.2346910423949466,48,3.92590060734647,1.2384069467409085,48,0.371783585213898,0.0702723156201432,48,0.3445168138773362,0.0635809095672791,48,51,63,1.9839154378995976,1.1161038359106898,5.190852382745875,0.5166576440128252,0.39726775949512566
perle,GPFA50,condition_mean_neural_and_behavior,published_input_causal_train_only;raw_preprocessing_fail,full,y,340684,52,-0.0177357928629106,0.2603016711845113,52,0.0088867818318872,0.276640954103514,52,6.404827156061729,0.7654718549499517,52,6.220014902243865,0.7996339603309213,52,0.0266225746947978,0.0864101070306929,52,0.1848122538178627,0.0802548571272249,52,6.262010724746588,0.7635825917923253,52,6.062473227363295,0.7997523798878688,52,1.0436453096042089,0.1780262660891032,52,0.9109953392251972,0.1490181000892942,52,52,65,0.32177813044466697,0.19209190629800288,0.7956333110400182,0.05023993975233603,0.051732694455215174
perle,GPFA50,condition_mean_neural_and_behavior,published_input_causal_train_only;raw_preprocessing_fail,full,y,351612,48,0.7418326031291154,0.1119738423258827,48,0.7003413040621703,0.1301689878686694,48,2.392417465640419,0.4282432858168194,48,2.440387734422957,0.5222093486899984,48,-0.0414912990669452,0.0264569600817749,48,-0.0479702687825374,0.1662594005999333,48,-0.5389448464950866,0.9670238038722708,48,-0.9439229935750812,0.9932425927904334,48,0.5870621445186986,0.081289004081628,48,0.5938517766235752,0.0850860530024959,48,53,40,0.5179691294656483,0.45311932167838387,0.8770401388914797,0.21650449259155308,0.21224870218753372
perle,GPFA50,condition_mean_neural_and_behavior,published_input_causal_train_only;raw_preprocessing_fail,full,y,356164,56,0.498354422074729,0.085474283313696,56,0.5146695416246795,0.0875132362381476,56,3.124205851461048,0.5896845832733071,56,2.7819225946273414,0.5268667942043581,56,0.0163151195499505,0.0161497979157577,56,0.3422832568337068,0.1285517375786135,56,2.2987371926604183,0.8068239063025207,56,1.7360561781245707,0.8421865318876959,56,1.601252854822911,0.1262104499991728,56,1.320469300361328,0.1135531687936429,56,54,30,0.6350382090389153,0.5573245361543345,1.0672793502675524,0.20326388184118438,0.2282731411238217
perle,GPFA50,condition_mean_neural_and_behavior,published_input_causal_train_only;raw_preprocessing_fail,full,y,356765,58,0.4069111265929248,0.094065985807925,58,0.4252193279905825,0.0989612968219312,58,3.284203526324319,0.5314102176136167,58,3.2458455239221906,0.5347957714700459,58,0.0183082013976576,0.0233554082251775,58,0.0383580024021285,0.0828832587516284,58,2.2418058082258754,0.8167079742826521,58,2.1504685152862155,0.8385454088050653,58,1.461789008365773,0.1469907456989779,58,1.3196150376311606,0.1291261694090057,58,55,31,0.375121753821501,0.32906695303732464,0.6310817682159682,0.11422000823479332,0.11556981102668563
perle,GPFA50,condition_mean_neural_and_behavior,published_input_causal_train_only;raw_preprocessing_fail,full,y,370777,49,0.4997803868640628,0.1423632060632541,49,0.4280268770512849,0.1500473490141138,49,1.8235925778175093,0.372185358590106,49,1.8730737671784576,0.3495259560102321,49,-0.0717535098127779,0.0198610621744076,49,-0.0494811893609481,0.049297075716132,49,-0.4661700332999719,0.7591570798630553,49,-0.4058911249772606,0.764215338651618,49,0.8368538849271298,0.0960177213852354,49,0.7806994997429177,0.0924366779788841,49,56,31,0.019099431331688784,0.016753973072089676,0.03213287472583948,0.010473518901106267,0.010196838835909595
perle,GPFA50,condition_mean_neural_and_behavior,published_input_causal_train_only;raw_preprocessing_fail,full,y,377134,51,0.7295880555000608,0.0567924381491906,51,0.7349105957492996,0.0563232949698312,51,2.011152273513343,0.2372261100106393,51,2.014389258187003,0.2359231054601302,51,0.0053225402492387,0.0095951429945661,51,-0.0032369846736595,0.0446498113607258,51,0.0591040222106655,0.6251234920602792,51,0.0227913421124867,0.6337680654171041,51,0.9963822541174778,0.0813212280258334,51,1.0009485221115093,0.0847459411446024,51,57,36,0.04218250550513261,0.03694187925817264,0.07124554677714823,0.020974297202987373,0.02094059295326954
perle,GPFA50,condition_mean_neural_and_behavior,published_input_causal_train_only;raw_preprocessing_fail,full,y,379400,46,0.145037499518184,0.2378324557784503,46,0.1162834102062037,0.2448133163084137,46,2.7708747516935643,0.3536346581818583,46,2.5338650163577223,0.3389020669300333,46,-0.0287540893119802,0.0962574560111103,46,0.2370097353358419,0.2467145791450639,46,-0.2284867070620371,0.9528334883840108,46,0.2727392961997992,0.9331669457462816,46,0.5395830716398741,0.0778127453570198,46,0.6265117408262317,0.0853944850794527,46,58,70,0.6834706883199136,0.5953746202684612,1.1684915904825677,0.24666242597294408,0.26973445069396845
perle,GPFA50,condition_mean_neural_and_behavior,published_input_causal_train_only;raw_preprocessing_fail,full,y,381514,52,0.1282336895873436,0.2794951067680814,52,0.105852946473836,0.2956361737494794,52,2.70647695940886,0.5111907315628792,52,2.425744687742521,0.4652772058632509,52,-0.0223807431135075,0.0981920602550019,52,0.2807322716663389,0.156435533964074,52,-1.348107867950652,0.8516443211450067,52,-0.9938604546565564,0.8574386339515953,52,0.610855948820958,0.0692141243361258,52,0.6914571581294594,0.0786387763852129,52,59,65,0.4500736226236781,0.3922369873556918,0.7686947803557751,0.16629501354483422,0.1855403929762005
perle,GPFA50,condition_mean_neural_and_behavior,published_input_causal_train_only;raw_preprocessing_fail,full,y,388571,46,0.3572201743790189,0.2065596671937072,46,0.3606402759814505,0.2022157896300468,46,2.815364906384362,0.5051073401404024,46,2.8376541637822927,0.4976117855858855,46,0.0034201016024316,0.0513028670600789,46,-0.0222892573979302,0.0887704248395425,46,-1.347614132667116,0.8415176446358126,46,-1.5062200195558078,0.7912991592528154,46,0.6411585104949394,0.0797690099425229,46,0.6509635113801416,0.0831154509702084,46,60,70,0.11126114500041714,0.09689671359855977,0.1902644057129681,0.039519262582307486,0.039208845961735454
perle,GPFA50,condition_mean_neural_and_behavior,published_input_causal_train_only;raw_preprocessing_fail,full,y,394672,41,0.3429271377332105,0.235589269236527,41,0.3388217760339967,0.2362410161487385,41,3.2914334169347392,0.8271984535172169,41,3.429816230527741,0.9103905760542474,41,-0.0041053616992138,0.0762179019928875,41,-0.1383828135930011,0.1315558752762974,41,2.5930117296803403,1.08724397224491,41,2.9390943973145185,1.0877827614936195,41,0.670556109524821,0.0793258507134802,41,0.7899857936738592,0.0982244737808918,41,61,63,0.6503042287948927,0.5668532550669116,1.1101731102281218,0.1975747786508502,0.18960322801167434
perle,GPFA50,condition_mean_neural_and_behavior,published_input_causal_train_only;raw_preprocessing_fail,full,y,396358,53,0.3430712847690765,0.1174253600155398,53,0.3735205484024845,0.1162279377012135,53,2.6277343495018166,0.3382901080490378,53,2.620247286248028,0.3637096670893468,53,0.0304492636334078,0.0181587346312867,53,0.0074870632537887,0.0577007886241465,53,1.0308558254112494,0.6764432067813928,53,1.1697139688101554,0.6746735388089005,53,1.353235105087693,0.1341011400742956,53,1.3817574606173897,0.1362408481524701,53,62,30,0.08255377476862102,0.07241043492650619,0.13882830899771537,0.03141633201403031,0.03150610066534256
perle,GPFA50,condition_mean_neural_and_behavior,published_input_causal_train_only;raw_preprocessing_fail,full,y,400995,60,0.6885537457830525,0.1329563831937964,60,0.6499066775706553,0.1462303306886977,60,3.29126659475201,0.7734550667068177,60,2.7542080142718177,0.7541106651224533,60,-0.0386470682123969,0.02115189955528,60,0.5370585804801918,0.0852014688589319,60,2.92053180230394,0.8518618259638288,60,2.371859117140048,0.8707824284103233,60,0.7980484314152679,0.1109253174501453,60,0.9262215000225934,0.1401797797304484,60,63,32,0.7657397639514825,0.6714855307482026,1.2893558915889765,0.23265807916395156,0.2780253924117404
perle,GPFA50,condition_mean_neural_and_behavior,published_input_causal_train_only;raw_preprocessing_fail,full,y,401673,46,0.6277815495594127,0.1677653635464871,46,0.5618279010607272,0.1863572804651347,46,2.878244733046562,0.783901538072241,46,2.62844553300059,0.7460717916513661,46,-0.0659536484986853,0.0314507294555925,46,0.2497992000459722,0.1016583730387675,46,2.334540040460993,0.9847236937025178,46,2.0675720888586486,0.989615203517392,46,0.7330717834991551,0.1286351304037474,46,0.7933408096437066,0.1407972861274901,46,64,32,0.5681203523906371,0.498168443390299,0.9566498340235485,0.1973843106070044,0.21614309494253825
perle,GPFA50,condition_mean_neural_and_behavior,published_input_causal_train_only;raw_preprocessing_fail,full,y,406460,40,0.3395652672420692,0.1955442266882624,40,0.3578540417381465,0.2092228811006194,40,2.3729583535358563,0.375786014705414,40,2.311488969896299,0.3800015014919951,40,0.0182887744960773,0.0487842339422148,40,0.0614693836395573,0.0620834013468372,40,-0.611221601953186,1.0156838126452563,40,-0.5712978392189125,1.025067761444296,40,0.7103042699405364,0.0907930743530125,40,0.7230470721722885,0.0975670399205266,40,65,65,0.08514401414856995,0.0741870055067871,0.14545176378474345,0.0358809559475412,0.03683513754875923
perle,GPFA50,condition_mean_neural_and_behavior,published_input_causal_train_only;raw_preprocessing_fail,full,y,413189,63,0.6646811118639047,0.0748335437450204,63,0.6621769311305234,0.0776196981429693,63,2.8778189187622893,0.34086156789731,63,3.0029430156408203,0.4265564816243863,63,-0.0025041807333812,0.0139365641357713,63,-0.1251240968785315,0.1213338991702241,63,1.1853412811548898,0.7713423024208447,63,1.6486337062399714,0.7613813191285707,63,0.8321791398286367,0.0823906676942254,63,0.8869727627366296,0.0995327563720996,63,66,40,0.41775368732438317,0.3654347152616908,0.7073855968472533,0.1451632987054145,0.139114756806411
perle,GPFA50,condition_mean_neural_and_behavior,published_input_causal_train_only;raw_preprocessing_fail,full,y,413513,37,0.2638030884249477,0.0984440835349961,37,0.2897927838699188,0.1030899996543738,37,3.2057001632601447,0.4338783823531928,37,3.231114687276144,0.4430354001299721,37,0.025989695444971,0.0248774745745579,37,-0.0254145240159989,0.0575289173073091,37,1.3614231468281894,0.8956837547462799,37,1.4719330876189298,0.8397984031848675,37,1.3759219017152329,0.1282565444281563,37,1.3448197320909858,0.1326907525761026,37,67,31,0.11976623820031146,0.10512057862380972,0.20136658805738628,0.03736039932022562,0.03706653888577238
perle,GPFA50,condition_mean_neural_and_behavior,published_input_causal_train_only;raw_preprocessing_fail,full,y,420020,48,0.76076141286314,0.1072203449577499,48,0.7816665827866554,0.0957357728849385,48,1.2289286194811633,0.4203863896019549,48,1.3412883337199968,0.482299301202188,48,0.0209051699235155,0.0189388914953976,48,-0.1123597142388331,0.1226373789223926,48,-0.278620896949102,0.8708012503002476,48,-0.5014484762838507,0.8904795025538242,48,1.0012027177460128,0.1847830417305004,48,0.8951691842229315,0.1702498150701821,48,68,28,0.4763687020113702,0.41841168023931014,0.7989993969726452,0.38762926866532454,0.3551575675680301
perle,GPFA50,condition_mean_neural_and_behavior,published_input_causal_train_only;raw_preprocessing_fail,full,y,428615,50,0.6036624768397473,0.1718306910250913,50,0.6014762488222736,0.1818034370733462,50,6.91885996108274,0.8753731299902994,50,6.7085873329304775,0.9235024077142489,50,-0.0021862280174735,0.0507525002850533,50,0.2102726281522606,0.1166259800752254,50,-6.759906885998428,0.8903873926290524,50,-6.507325693311587,0.945972202059412,50,1.01951429593493,0.182231801124836,50,0.8613730970542108,0.1480775524439773,50,69,65,0.4716064928887195,0.3528634983384723,0.9357283598027442,0.06816245675464101,0.07029892725309578
perle,GPFA50,condition_mean_neural_and_behavior,published_input_causal_train_only;raw_preprocessing_fail,full,y,435203,57,0.6516471565697832,0.1039111805970222,57,0.6768149400631953,0.0985594207925652,57,1.4468746058039863,0.2376262706711608,57,1.5421588945107876,0.2795942101153208,57,0.025167783493412,0.0197673204135531,57,-0.095284288706801,0.1278519117674824,57,-0.1633638623115389,0.5168970441465589,57,-0.5245381522629691,0.5292340219155772,57,1.2928395714408567,0.1859367089656599,57,1.1365693612233816,0.1673231391830077,57,70,28,0.4418978832509878,0.3881363603098163,0.7411791098556368,0.3054154668817606,0.28654497589314176
perle,GPFA50,condition_mean_neural_and_behavior,published_input_causal_train_only;raw_preprocessing_fail,full,y,448412,48,0.7669321065795965,0.0525458408822944,48,0.7800426573218762,0.051872048218976,48,2.278387259002648,0.4195328077168104,48,2.4213664014252103,0.4628927938046597,48,0.0131105507422797,0.0082733326112884,48,-0.1429791424225622,0.0703616134868673,48,1.511057005588632,0.6514974254362252,48,1.793468883149677,0.6401221873190592,48,0.9470007221153834,0.0805358166186477,48,0.9998600251466188,0.0935091814108404,48,71,33,0.18948093342237685,0.16604554874456226,0.31942535297751284,0.08316449834139307,0.07825372207644776
perle,GPFA50,condition_mean_neural_and_behavior,published_input_causal_train_only;raw_preprocessing_fail,full,y,454477,51,0.6074193942640149,0.107073480166789,51,0.5813723816166058,0.1105377854855449,51,2.474982076309064,0.370175771637948,51,2.357405872115353,0.3394779083707759,51,-0.026047012647409,0.0146201385670549,51,0.1175762041937104,0.0602507800253239,51,1.0186219709050144,0.7564812901546119,51,0.852925811569135,0.7503156581573824,51,0.7304824355069762,0.0794665325361975,51,0.7435276221638766,0.0821354416633259,51,72,35,0.33054738284926666,0.2895497087743921,0.5579347411972755,0.13355546531561607,0.1402165773654662
perle,GPFA50,condition_mean_neural_and_behavior,published_input_causal_train_only;raw_preprocessing_fail,full,y,456038,45,0.7281199957860301,0.0920028825605649,45,0.7383947795853403,0.0740918425254719,45,4.084945391790754,1.0356964943035818,45,4.461278534819903,1.0605749932855664,45,0.0102747837993099,0.0444020928152175,45,-0.3763331430291493,0.0800705873172762,45,-3.839362550845778,1.1007673796090065,45,-4.252589085066898,1.1294126442282817,45,1.1520840057421715,0.1762511192652228,45,1.41471589251169,0.2129884298947887,45,73,38,0.6942752551617657,0.4567397675852504,1.5476902846045961,0.1699594948214008,0.15562248573878673
perle,GPFA50,condition_mean_neural_and_behavior,published_input_causal_train_only;raw_preprocessing_fail,full,y,460651,46,0.6785795461506346,0.0728515220721804,46,0.699167862461633,0.0696740511878429,46,2.0470647667556165,0.4065768570129147,46,2.049881523679795,0.4309594605599182,46,0.0205883163109984,0.0143935947315555,46,-0.0028167569241791,0.0651426177657163,46,0.7939014316292355,0.8836072014710988,46,0.8960564088094491,0.8870953691518014,46,0.9735686228402444,0.1045059031612495,46,0.998706843367227,0.113752959074929,46,74,31,0.028651414798621305,0.02513348267785414,0.048202025693735884,0.013996340156853365,0.013977107685320473
perle,GPFA50,condition_mean_neural_and_behavior,published_input_causal_train_only;raw_preprocessing_fail,full,y,463174,54,0.6907107684427514,0.1400432821169886,54,0.5915834948174942,0.2167049630346148,54,5.008725676774422,0.9553029650124067,54,6.118916939170906,1.072305300239712,54,-0.0991272736252572,0.1165043086694502,54,-1.1101912623964847,0.1856234074311165,54,-4.197518459659201,1.0282127063050643,54,-5.354464066449681,1.1027165850834728,54,0.3684901629556949,0.0647494863796306,54,0.3484965107312811,0.0608616115098858,54,75,65,1.8091485029986039,1.032467481599164,4.672062705228497,0.3611993588284676,0.2956648245079362
perle,GPFA50,condition_mean_neural_and_behavior,published_input_causal_train_only;raw_preprocessing_fail,full,y,464785,55,0.1607456805451956,0.2521403633037743,55,0.1596464681951156,0.2513923245252355,55,1.8408688548229384,0.3353944806893506,55,1.7734930603961636,0.3494963250669351,55,-0.00109921235008,0.0591458690974304,55,0.0673757944267746,0.0696114346829068,55,-0.2986122576837516,0.9588538486001648,55,-0.3643123227196289,0.9282628705578888,55,0.9163780026805988,0.1463251393378862,55,0.9742139966387322,0.1521831841228605,55,76,54,0.1901670301679046,0.1659256130387816,0.3238967414591958,0.10330286683360482,0.10722738893910586
perle,GPFA50,condition_mean_neural_and_behavior,published_input_causal_train_only;raw_preprocessing_fail,full,y,465431,50,0.3413537784914529,0.2605947472156949,50,0.3308782385254066,0.2666800052006071,50,2.121805147741073,0.4807934621881149,50,1.9976582340256728,0.4743107574693459,50,-0.0104755399660462,0.0572390823426758,50,0.1241469137154003,0.0919791586929094,50,1.4591666213287966,0.6167822183722975,50,1.3588446763678874,0.6218768575123473,50,0.7397230041030834,0.092537704770338,50,0.7838197307627031,0.090423639375099,50,77,55,0.2359004127430355,0.20581278352259427,0.4018902402067468,0.11117911227342483,0.11808847415688815
perle,GPFA50,condition_mean_neural_and_behavior,published_input_causal_train_only;raw_preprocessing_fail,full,y,469268,52,0.7336421732265281,0.0589770460643334,52,0.7758130805375163,0.0707423941654127,52,4.895822964169722,0.8693728907331439,52,5.2334787079958645,0.9443932965695414,52,0.0421709073109879,0.0551291736415397,52,-0.337655743826143,0.135763497277574,52,-4.721123137912088,0.9061668939154364,52,-5.093661011644126,0.9699673439119336,52,1.2640098935694,0.1607528934377861,52,1.4063427716385146,0.1797153026641449,52,78,36,0.6779130534131955,0.4180474215277877,1.604687511131651,0.1384676403486257,0.1295339278590089
perle,GPFA50,condition_mean_neural_and_behavior,published_input_causal_train_only;raw_preprocessing_fail,hidden,y,29337,45,0.8720283455881755,0.1047157636411816,45,0.8885951573188599,0.0912767183969554,45,1.4182464191705404,0.6393117441494194,45,1.7015726101408637,0.6644876619105798,45,0.0165668117306845,0.0215877955927239,45,-0.2833261909703232,0.1565231937087846,45,1.2091031984303895,0.753976991864007,45,1.530152608786148,0.757666413149729,45,1.5567428137708046,0.3955708596113299,45,1.6697441833953752,0.3932564499589711,45,0,14,0.1849043007368217,0.18412758821878336,0.21142671619091147,0.13037529884613616,0.10866671197858228
perle,GPFA50,condition_mean_neural_and_behavior,published_input_causal_train_only;raw_preprocessing_fail,hidden,y,55062,48,0.8454629712386555,0.0769167033003758,48,0.8543025562506599,0.0715008819421552,48,5.120092452427765,1.0069490685283815,48,4.063293050438742,1.0445763241467745,48,0.0088395850120043,0.0204344218973128,48,1.056799401989024,0.1830187270125067,48,5.075204199796338,1.0192477156790447,48,4.006797113404176,1.06841572762755,48,1.412047900082996,0.3126821575158058,48,1.0845075454630315,0.2341952616209009,48,1,14,1.1453129090869925,1.113946039920626,1.5431910604541295,0.22368988836205994,0.28186815345827076
perle,GPFA50,condition_mean_neural_and_behavior,published_input_causal_train_only;raw_preprocessing_fail,hidden,y,58244,58,0.5669958688655526,0.3439016681630985,58,0.5385949407729522,0.360976594994518,58,1.6189575145748574,0.6615687241302173,58,2.065038617455291,0.7084496120748732,58,-0.0284009280926003,0.049954247400265,58,-0.4460811028804336,0.1420526917625865,58,1.4089068026567524,0.7665158428288569,58,1.920679877217712,0.7531940691912578,58,0.8654041366805256,0.2627248255453805,58,0.8062616894753168,0.2555679295816987,58,2,14,0.14657846830846044,0.1459627302383107,0.16760377360235523,0.09053879857184044,0.07098098169664566
perle,GPFA50,condition_mean_neural_and_behavior,published_input_causal_train_only;raw_preprocessing_fail,hidden,y,59920,43,,,0,,,0,,,0,,,0,,,0,,,0,,,0,,,0,,,0,,,0,3,0,,,,,
perle,GPFA50,condition_mean_neural_and_behavior,published_input_causal_train_only;raw_preprocessing_fail,hidden,y,68220,53,-0.3655043324736914,0.1954707076505653,53,-0.2519172654553697,0.225145545349529,53,1.9312842867268347,0.4356521799868767,53,1.883918195608854,0.471219678977735,53,0.1135870670183215,0.0461560058076646,53,0.0473660911179809,0.0896633382851457,53,-0.8837341875180552,0.8800029313021431,53,-0.9897025747339941,0.8716088894037167,53,0.880630081941069,0.1611311087565907,53,0.812253810841414,0.1554905043815769,53,4,15,0.022117064388644928,0.02201742424636016,0.02541501348861086,0.011451998310476191,0.011739928219917758
perle,GPFA50,condition_mean_neural_and_behavior,published_input_causal_train_only;raw_preprocessing_fail,hidden,y,72780,47,0.5517699469850524,0.2072762242648249,47,0.5079130041318833,0.2269976858246586,47,4.382295587846851,0.9434997838722788,47,4.733871486812944,0.9369620473011836,47,-0.0438569428531691,0.0310900430563096,47,-0.3515758989660927,0.10859734278014,47,-4.291096782613876,0.9619135511873692,47,-4.657856664717233,0.9490551718249346,47,1.113196402090613,0.2477309338566588,47,1.25542752057786,0.282284128361111,47,5,15,0.5917878720387743,0.5760634581025967,0.7956196389402779,0.1350406106059899,0.12501139367372063
perle,GPFA50,condition_mean_neural_and_behavior,published_input_causal_train_only;raw_preprocessing_fail,hidden,y,77046,50,-0.0133605641843819,0.2747921930958772,50,0.0901157354400138,0.2824124915021034,50,1.7025222102207294,0.5146453795701896,50,1.691583470262382,0.5289603707583483,50,0.1034762996243958,0.0459890843520017,50,0.0109387399583475,0.1035485149783656,50,-1.0510620970678888,0.7690558916580443,50,-1.1041851849628304,0.7713128959550666,50,1.1881356192450123,0.2177664724858943,50,1.1644586401129728,0.2109970959582084,50,6,14,0.13012302521492158,0.12949386136217628,0.15010182238579795,0.07642956105580047,0.07692379802856442
perle,GPFA50,condition_mean_neural_and_behavior,published_input_causal_train_only;raw_preprocessing_fail,hidden,y,77944,48,-0.8438451955917997,0.0730156101718443,48,-0.7907879345431178,0.1125778549870575,48,3.6889506545920088,0.840143105952392,48,3.298076671528225,0.824416718613173,48,0.0530572610486819,0.0506488454972742,48,0.3908739830637836,0.1155994039068178,48,-3.3233898195607865,0.9346058119644088,48,-2.9514160761001995,0.924852272723014,48,1.5176860594308508,0.4273291835049493,48,1.4173328938499228,0.4293120434723687,48,7,13,0.2731315034770974,0.27190461384748804,0.31337161429353166,0.07404043291744851,0.08281538929491802
perle,GPFA50,condition_mean_neural_and_behavior,published_input_causal_train_only;raw_preprocessing_fail,hidden,y,90751,53,-0.7661230517926669,0.0982705381889675,53,-0.7376436822280857,0.1125951065320727,53,3.9321795078279993,0.6123686237986105,53,3.535324904962269,0.6067808770785259,53,0.0284793695645812,0.0245625899007782,53,0.3968546028657308,0.0721440760969247,53,-3.096467625923749,0.7869622140170612,53,-2.675259116985554,0.7962729593092546,53,1.199815491463441,0.2468317508966346,53,1.176934983975656,0.2550931282594597,53,8,16,0.38809927945993555,0.3861518735017536,0.4493277060358096,0.09869826102478935,0.10977754234559599
perle,GPFA50,condition_mean_neural_and_behavior,published_input_causal_train_only;raw_preprocessing_fail,hidden,y,93053,48,0.8776576273084529,0.0640043762276224,48,0.882127191583463,0.0652373741928851,48,6.704425344481732,1.0191507044022143,48,6.069490323366535,1.059606638843266,48,0.0044695642750101,0.0165525911161026,48,0.6349350211151974,0.1475474332906036,48,6.639384630800177,1.0446822437808567,48,6.022194474034861,1.0708291201735785,48,1.7401108740046336,0.357077527137802,48,1.0872409955511493,0.2287959540990595,48,9,16,0.7591492239129312,0.5896399076158014,1.411028253534358,0.11323106528999843,0.12507627221849782
perle,GPFA50,condition_mean_neural_and_behavior,published_input_causal_train_only;raw_preprocessing_fail,hidden,y,99902,46,0.9115045111427456,0.0636804624696651,46,0.9171743790874508,0.0615765930458032,46,4.342971201114973,0.9638440069617266,46,3.658930068001,0.9640272198359277,46,0.0056698679447054,0.0080743833324986,46,0.6840411331139724,0.1513033174980436,46,4.230488261322528,0.999040098976034,46,3.5667731135213976,0.9906754923345328,46,1.7108758245187288,0.2836835804431586,46,1.3515437564883712,0.2393006468568065,46,10,16,0.8556596569721767,0.8202768886858995,1.2164696040173149,0.19702172023441067,0.23385515466811124
perle,GPFA50,condition_mean_neural_and_behavior,published_input_causal_train_only;raw_preprocessing_fail,hidden,y,105802,56,0.6885234466315101,0.1056680051344813,56,0.7183071991251365,0.0991146252085915,56,1.3247229335327444,0.3829826899277529,56,1.4096166863075326,0.4243928188543439,56,0.0297837524936263,0.0244362780903513,56,-0.0848937527747881,0.1996878892645306,56,0.2562509912928265,0.8664449893258355,56,0.6249560669668794,0.8337659926053675,56,1.6904291315391302,0.2878339261556799,56,1.7756247383458512,0.2962616845318682,56,11,14,0.18718147487276032,0.18600893822611284,0.21973884383513398,0.1412985841300328,0.13278891821512065
perle,GPFA50,condition_mean_neural_and_behavior,published_input_causal_train_only;raw_preprocessing_fail,hidden,y,118879,59,0.198037442127618,0.4000290388413995,59,0.4235064553935343,0.3514564174741418,59,3.6970586986521714,1.0709611960968417,59,3.11726583172078,1.070197111972977,59,0.2254690132659161,0.1265864945368337,59,0.5797928669313915,0.1496960049444394,59,-3.6219247002521375,1.0859047936180846,59,-3.0515886238836725,1.0933343704843022,59,0.860621903512199,0.2316882385470893,59,1.037642307705606,0.2868098247021878,59,12,13,0.6239167917117538,0.6206362756242385,0.7230987945309275,0.1687603153120652,0.20014872821011287
perle,GPFA50,condition_mean_neural_and_behavior,published_input_causal_train_only;raw_preprocessing_fail,hidden,y,122957,51,0.649976233214899,0.18322510097725,51,0.6869180160635513,0.1624878032471281,51,2.261952992676252,0.6025268868364158,51,2.0486899028316845,0.5880033544353391,51,0.0369417828486521,0.0413730915551505,51,0.2132630898445674,0.1104930970399922,51,2.0677637349028246,0.6738229280670979,51,1.8213198380184263,0.6802607004181735,51,1.6996111674918255,0.4055994290705483,51,1.6639774100911624,0.3942252474329629,51,13,14,0.40160484740105407,0.39908868926785523,0.4714637266887234,0.17754783087949647,0.19603008090485471
perle,GPFA50,condition_mean_neural_and_behavior,published_input_causal_train_only;raw_preprocessing_fail,hidden,y,126479,53,-0.105718548034804,0.3430500645933171,53,-0.0959738149195506,0.3445925718261166,53,2.4820979857242533,0.7499407770337259,53,1.4451574462932657,0.5250339156905115,53,0.0097447331152534,0.0624138738318806,53,1.0369405394309876,0.4680821906114081,53,2.0586573708685054,0.9068656447615594,53,0.4846962997898636,0.8979601515393139,53,1.0719511586163482,0.2735540670753068,53,1.410892584655566,0.3526369964682413,53,14,15,1.7146574173133295,1.7032968043771988,2.0225598530273023,0.6908097211210654,1.1864848509837551
perle,GPFA50,condition_mean_neural_and_behavior,published_input_causal_train_only;raw_preprocessing_fail,hidden,y,158705,57,0.1373248007201886,0.4999253676618833,57,0.0313312936752101,0.4998378917959273,57,1.7961635291629818,0.6235156205999102,57,2.0139756221456206,0.6981405207221698,57,-0.1059935070449784,0.1086993591528155,57,-0.2178120929826392,0.1454969386201474,57,-1.176470957786519,0.9095372057953987,57,-1.5345777999171637,0.9024125996038744,57,0.4366935713062418,0.1312390019140526,57,0.4515784735552138,0.1404874974312127,57,15,16,0.5340197327344335,0.529657412539376,0.6404843876835185,0.2973113105037204,0.26515699935111786
perle,GPFA50,condition_mean_neural_and_behavior,published_input_causal_train_only;raw_preprocessing_fail,hidden,y,159613,50,-0.7040853921531554,0.111652315768494,50,-0.6820728309721023,0.1239309323690307,50,2.9231822472100024,0.4194938705904379,50,2.6128273879865014,0.378083565907145,50,0.0220125611810531,0.0200013066498709,50,0.310354859223501,0.1077766545926074,50,-1.4228865524894914,0.630779112401644,50,-0.947585531680915,0.6408975840911509,50,0.9973327097750656,0.2161492844517138,50,0.9761999715880916,0.2211596777015785,50,16,18,0.4027732486217413,0.39970936988307276,0.48094786901481434,0.13778588351997675,0.15415226067885282
perle,GPFA50,condition_mean_neural_and_behavior,published_input_causal_train_only;raw_preprocessing_fail,hidden,y,163248,39,-0.0108914699663178,0.4214877490598745,39,-0.1696120865235277,0.4039658733656825,39,0.9116287709837928,0.4501142962720956,39,0.9525347622117017,0.4643867832385522,39,-0.1587206165572097,0.0892901986349747,39,-0.0409059912279092,0.1165942905733673,39,0.3076492006982094,0.8198492512466811,39,0.4025644177909081,0.8194967908470374,39,3.744134378683365,0.8468127070222619,39,4.472696157265255,1.0623791902523516,39,17,13,0.16127410312766946,0.1600615847974945,0.19171429267415308,0.17690764953987684,0.1693104645894552
perle,GPFA50,condition_mean_neural_and_behavior,published_input_causal_train_only;raw_preprocessing_fail,hidden,y,167848,56,0.4130463385099572,0.349803932917223,56,0.3977452110635003,0.3520849143033779,56,2.6121916355319974,0.6767981462541337,56,2.312563318075327,0.6634687717218367,56,-0.0153011274464569,0.0462312034028108,56,0.2996283174566709,0.1064467981081254,56,-2.423995749535599,0.7286973913185217,56,-2.0860480625939077,0.7338130353572905,56,0.7005887078323388,0.1848756410573508,56,0.6993467256109779,0.1788997925475356,56,18,16,0.0020810487806844856,0.002064906064047743,0.0024858094231605676,0.0007966677300307106,0.0008998883465887008
perle,GPFA50,condition_mean_neural_and_behavior,published_input_causal_train_only;raw_preprocessing_fail,hidden,y,179553,58,0.8889596672210917,0.0618643609851021,58,0.8907921019304238,0.0651884887328199,58,0.8752322828900844,0.3583193974797174,58,0.9181954812453448,0.3706943622698653,58,0.001832434709332,0.015641790028954,58,-0.0429631983552602,0.1112834325777792,58,0.1752206214231848,0.7045563294278787,58,0.3275145044449734,0.684945005728081,58,1.5849268514291033,0.3486337742428797,58,1.6516781372064926,0.3455396292854451,58,19,14,0.025392163638166574,0.025202851775004868,0.030193183953313052,0.029011913905094652,0.027654420171756112
perle,GPFA50,condition_mean_neural_and_behavior,published_input_causal_train_only;raw_preprocessing_fail,hidden,y,182748,51,0.8941508497338339,0.0586451222401475,51,0.8639529594757356,0.0785461061868373,51,5.328600182467392,1.0934943202840264,51,5.524060145829881,1.136908630837851,51,-0.0301978902580984,0.0234582427661204,51,-0.1954599633624865,0.0971003811277115,51,-5.279800888587207,1.1117249629314083,51,-5.475759842026396,1.1545391579350803,51,1.3938282724723092,0.2713120774342395,51,1.5609527356972237,0.3274730763760226,51,20,17,0.312180282652636,0.2356471944909771,0.5971712045512971,0.05858579588684431,0.056512831940887034
perle,GPFA50,condition_mean_neural_and_behavior,published_input_causal_train_only;raw_preprocessing_fail,hidden,y,183171,51,-0.8326076082894825,0.0809585738005226,51,-0.8073127190492493,0.0919854145486757,51,3.84397873010514,0.9316234063060072,51,3.0265334283941208,0.842695243945153,51,0.0252948892402333,0.0207940241649995,51,0.8174453017110198,0.1607590812756881,51,-3.322074732763723,1.0810872985717912,51,-2.4106936797957967,1.05081689643585,51,1.6456677126963613,0.3747033884050021,51,1.7245391224181164,0.4104514370272621,51,21,14,0.5720824819481766,0.5678216148251773,0.6801966463589473,0.14882561067983044,0.18902235692527067
perle,GPFA50,condition_mean_neural_and_behavior,published_input_causal_train_only;raw_preprocessing_fail,hidden,y,184642,57,0.2832825903883131,0.335851019694151,57,0.2329411214443693,0.3398647759108695,57,2.508659362859288,0.654607655117974,57,2.5495173005801024,0.6582064489131805,57,-0.0503414689439438,0.050530043504843,57,-0.040857937720815,0.0973315601018141,57,2.0947346305612418,0.8432035745745629,57,2.143049744626571,0.8318512689849609,57,0.9724433346222622,0.1749210622080596,57,0.9819508021081124,0.1789081188484442,57,22,16,0.273721800325257,0.27160379615440533,0.32689717675585506,0.10911078816746081,0.10736220549002587
perle,GPFA50,condition_mean_neural_and_behavior,published_input_causal_train_only;raw_preprocessing_fail,hidden,y,187617,54,0.6184063192257317,0.2203385174103625,54,0.6500913806933679,0.2053159414144496,54,3.0380407413734494,0.8077025256526629,54,2.2044200215482777,0.7600601598207786,54,0.031685061467636,0.0450152651085355,54,0.8336207198251718,0.1607636623317788,54,2.96555526306418,0.8289780415441917,54,2.0844530287219007,0.8118579201198713,54,1.1546920899542423,0.2540302556947862,54,0.9359673908585084,0.21628131335924,54,23,13,1.0415855724098995,1.031493529225356,1.2634383714173238,0.34284779602363574,0.4724986900084224
perle,GPFA50,condition_mean_neural_and_behavior,published_input_causal_train_only;raw_preprocessing_fail,hidden,y,197632,47,-0.1139043990714882,0.2919039431737942,47,-0.0768056984012843,0.3080257392405811,47,2.064041673638188,0.3453312221472957,47,1.8827697978316789,0.3275567631038706,47,0.0370987006702037,0.0382170053170116,47,0.1812718758065092,0.1563131434659408,47,-0.7755427385861521,0.8404688219867364,47,-0.3518039088911976,0.8757649046649256,47,0.7606236891755446,0.1762401149249084,47,0.741656444532918,0.1740325589975034,47,24,17,0.27068571327516017,0.26861107132653783,0.3232333557189442,0.13114353103057041,0.14376994658980594
perle,GPFA50,condition_mean_neural_and_behavior,published_input_causal_train_only;raw_preprocessing_fail,hidden,y,199564,49,-0.6694233042429004,0.1249006543407514,49,-0.6129242251799446,0.1468606217519463,49,2.192723758054508,0.2994664641069234,49,2.135884692403708,0.3064312626320734,49,0.0564990790629557,0.0337835961875342,49,0.0568390656507999,0.0686969351743133,49,-0.0963454108067816,0.8793501383764997,49,-0.2219809591608108,0.8801166336889412,49,1.2491545146044662,0.1875664667296317,49,1.1422538489744607,0.1809944878091524,49,25,15,0.2514872260729745,0.2496295464190708,0.29906283869545014,0.11469170484845127,0.1177438215496328
perle,GPFA50,condition_mean_neural_and_behavior,published_input_causal_train_only;raw_preprocessing_fail,hidden,y,204372,53,-0.4089148646424168,0.2338524746567834,53,-0.4426881715801009,0.2217326897723656,53,3.679964426354998,0.5781319559561525,53,3.2743890468119465,0.5558436152746505,53,-0.0337733069376841,0.0414715317011819,53,0.4055753795430526,0.1007740684325097,53,3.1693836761378957,0.6699701659726421,53,2.713514458131829,0.6743409585536394,53,0.7392420357510721,0.1881086708127759,53,0.8358369463351691,0.2042146144573493,53,26,17,0.7929651683546097,0.7862281432632061,0.9546645998438876,0.21548174832223613,0.24217194628312932
perle,GPFA50,condition_mean_neural_and_behavior,published_input_causal_train_only;raw_preprocessing_fail,hidden,y,204678,45,0.4363365861162918,0.2939437207168043,45,0.2687112089195332,0.3175701413432794,45,4.697965294037449,1.2064266531347534,45,4.65506652290167,1.2060196833593515,45,-0.1676253771967585,0.0723845979080992,45,0.0428987711357782,0.1064682826537575,45,-4.620990498217938,1.224990644578846,45,-4.551941829673516,1.2281198977864447,45,0.9859221043264708,0.1915619533563268,45,0.8834525445093846,0.1665640277863725,45,27,15,0.07461274977834886,0.05900929833132871,0.135886613260495,0.01588192868794618,0.01602828862085521
perle,GPFA50,condition_mean_neural_and_behavior,published_input_causal_train_only;raw_preprocessing_fail,hidden,y,206128,53,0.6228170924615408,0.3633013815378644,53,0.5607198568419639,0.3881911546744721,53,2.733903152244127,0.7892751604790916,53,2.0672808520251924,0.7019948569732312,53,-0.0620972356195769,0.0780155781204264,53,0.6666223002189346,0.2058355467582165,53,2.452727001234929,0.9023639240933302,53,1.6381079957808913,0.9384561424263376,53,0.5498790766142003,0.1439018619745254,53,0.5703282379259516,0.1546592455534103,53,28,12,0.9701622079522854,0.9632863156157985,1.1469892673621933,0.3548634146589746,0.4692938586461898
perle,GPFA50,condition_mean_neural_and_behavior,published_input_causal_train_only;raw_preprocessing_fail,hidden,y,217817,49,0.6188179667802362,0.14732441576934,49,0.6571907486109962,0.1356606645160325,49,3.606312504302176,0.6140259998503907,49,3.1001489309105774,0.5819530775388452,49,0.0383727818307599,0.032047459560593,49,0.5061635733915987,0.127665486215981,49,3.439062277302599,0.6510750375911583,49,2.9211223178482424,0.6277137047102898,49,1.5029709515508385,0.2779220738385472,49,1.2890023839898217,0.2437270053744485,49,29,15,0.6962535768297671,0.6855402647910442,0.8826681929772402,0.19306523658145722,0.22458713834282248
perle,GPFA50,condition_mean_neural_and_behavior,published_input_causal_train_only;raw_preprocessing_fail,hidden,y,218791,56,0.7613595848333957,0.1297342083045157,56,0.7842869362959097,0.1249264883245772,56,2.019941501179224,0.7376545364156217,56,2.603242445059053,0.8249307393075326,56,0.022927351462514,0.018133217468905,56,-0.5833009438798292,0.2228097015900915,56,1.7815430279822386,0.8835364611690169,56,2.4636365607772026,0.8974716189603946,56,0.9775959901219258,0.1893978935325019,56,1.09914713424612,0.2150927783915205,56,30,16,0.5619948591925006,0.5514940861781015,0.7274222567013333,0.27822333412349465,0.21588264291678452
perle,GPFA50,condition_mean_neural_and_behavior,published_input_causal_train_only;raw_preprocessing_fail,hidden,y,226533,59,-0.4298164353811481,0.4129897888081798,59,-0.5433580829863227,0.3622957400385701,59,3.3876549151842927,0.7333533852202421,59,3.4037452273499773,0.735814089782263,59,-0.1135416476051745,0.0972602234394972,59,-0.016090312165685,0.1290400116393392,59,-3.215482002078321,0.7826224462938681,59,-3.214240227587677,0.7859483297041564,59,0.7896426196740378,0.2878929016861543,59,0.8952216419680078,0.3229297435719527,59,31,13,0.1979938410031749,0.19650571784665127,0.235359198510239,0.05844569354325861,0.05816940686754195
perle,GPFA50,condition_mean_neural_and_behavior,published_input_causal_train_only;raw_preprocessing_fail,hidden,y,232533,53,0.1497356681695261,0.3108110952845071,53,0.1308467691542133,0.3066188805450103,53,1.292554840398244,0.3233982517478347,53,1.2872035073862291,0.3447867914754932,53,-0.0188888990153127,0.0402607321950646,53,0.005351333012014,0.1188360226515528,53,-0.1075194276921947,0.6508788763838855,53,0.1234464044832004,0.6396362035452423,53,1.4268515955961054,0.3598460189963463,53,1.4492160149258135,0.3733631243876424,53,32,14,0.09127936341836485,0.09045767588981768,0.11016200923439001,0.07061933510708228,0.07091292316606174
perle,GPFA50,condition_mean_neural_and_behavior,published_input_causal_train_only;raw_preprocessing_fail,hidden,y,241919,43,0.8083148210582543,0.1005026123182358,43,0.7941640589622593,0.1089047756939935,43,4.715416619129633,1.241897101628965,43,4.738412087069928,1.287543396294654,43,-0.0141507620959948,0.0225547691868739,43,-0.0229954679402965,0.1591129806563289,43,4.6111547592940365,1.2686682401459195,43,4.627154041788294,1.31892120177904,43,1.0977460789340376,0.2543637569082222,43,1.0343411331208103,0.2414270832672192,43,33,18,0.11461457125882343,0.09998621954429347,0.19178177274191732,0.024306350958227498,0.02418839247257137
perle,GPFA50,condition_mean_neural_and_behavior,published_input_causal_train_only;raw_preprocessing_fail,hidden,y,242380,50,-0.3880900646743748,0.3821531541495037,50,-0.1309186191512528,0.4254576773044975,50,6.185482661769381,0.775842273805582,50,5.968014443878789,0.7641886168392464,50,0.257171445523122,0.1034046053612321,50,0.217468217890593,0.0913366341063893,50,-5.951362019329337,0.788693700580015,50,-5.7910653207860205,0.7765575455807958,50,0.6695647089830326,0.1448572723113756,50,0.6766131076866932,0.1382939330767231,50,34,17,0.2794190176750994,0.09079293994499359,1.0326131038694086,0.04517335719039434,0.04681942718179762
perle,GPFA50,condition_mean_neural_and_behavior,published_input_causal_train_only;raw_preprocessing_fail,hidden,y,244437,50,-0.2336361344800761,0.3466038974914216,50,-0.1181751474478147,0.3507226028371789,50,4.723790586654318,0.6035834852350781,50,3.757339846223792,0.5844777293504605,50,0.1154609870322613,0.0530066982095229,50,0.966450740430526,0.1448127062946646,50,-4.56622018004738,0.6319296951653373,50,-3.5980792502911125,0.624010938787865,50,1.0678264949285774,0.2745933536236541,50,1.2686700209442558,0.3235985470488675,50,35,14,0.8370154182715623,0.8294814551402665,1.0101575399080938,0.17719147428683724,0.22276808926740577
perle,GPFA50,condition_mean_neural_and_behavior,published_input_causal_train_only;raw_preprocessing_fail,hidden,y,245662,41,0.7602663371529607,0.2060567553092683,41,0.7283653686838815,0.2109425517270514,41,3.973432675095464,0.7994937404746886,41,5.424939955912998,0.8682030185704198,41,-0.0319009684690791,0.0424285758318553,41,-1.4515072808175349,0.1379314376283623,41,-3.858221286688468,0.8136761500268876,41,-5.378377580990177,0.8758788484012024,41,0.6487028479548222,0.1872330444955201,41,0.9336697468243724,0.2566743904859671,41,36,18,1.6824255067592457,1.6184089692350316,2.3715325593854155,0.4234186519138202,0.3101279498818157
perle,GPFA50,condition_mean_neural_and_behavior,published_input_causal_train_only;raw_preprocessing_fail,hidden,y,248856,53,0.7608188291256784,0.1403783514955888,53,0.785280401509037,0.129378225712741,53,1.326489247173974,0.4176374522592311,53,1.5198551398858071,0.5595808689971261,53,0.0244615723833586,0.0228491111776415,53,-0.193365892711833,0.3540893079707613,53,0.3150267682224203,0.9325155828168656,53,0.9647903391060492,0.9338857480052194,53,0.8064339409544359,0.2025221234368736,53,0.8448164621073629,0.206526215517036,53,37,12,0.49440519162192126,0.4900525807363385,0.5943464456418148,0.37271707454487807,0.3252975751748735
perle,GPFA50,condition_mean_neural_and_behavior,published_input_causal_train_only;raw_preprocessing_fail,hidden,y,251629,52,0.8665884303359584,0.0840053346294746,52,0.8611739667437874,0.0922294542225894,52,2.6404205870851314,0.9757437984942336,52,4.57807830895019,1.0637007806351049,52,-0.0054144635921713,0.0284187722468715,52,-1.9376577218650592,0.2117692212618688,52,2.433410065717141,1.075693291857844,52,4.4703161457677005,1.0850702953366085,52,1.0602524194529432,0.1957300255817686,52,1.4692612371837677,0.2826731995428581,52,38,20,1.867577968629976,1.8005054091435042,2.6176893428524295,0.7073032144063351,0.4079392798893024
perle,GPFA50,condition_mean_neural_and_behavior,published_input_causal_train_only;raw_preprocessing_fail,hidden,y,258471,53,-0.0872306224617241,0.2337776843721677,53,-0.1199867226663311,0.2325278339009294,53,2.0906969084600378,0.3244833998701702,53,2.0134462993639377,0.3169085671401294,53,-0.0327561002046069,0.0271211079784028,53,0.0772506090960997,0.085118611984317,53,0.4227345470930295,0.6758366483095916,53,0.1867755497625894,0.6434005463648464,53,0.9955441857593093,0.1635807721012634,53,1.03701956101574,0.1761738416907249,53,39,17,0.5241227037453425,0.5194203714923775,0.6338125187758754,0.25069281999914567,0.2603112404392989
perle,GPFA50,condition_mean_neural_and_behavior,published_input_causal_train_only;raw_preprocessing_fail,hidden,y,269179,52,0.1003574481742207,0.3681174482733903,52,0.0368805643826034,0.3560079245602638,52,1.2976702863214007,0.3855185743116028,52,1.5413560560754798,0.4541170212373884,52,-0.0634768837916172,0.0389684803297332,52,-0.2436857697540789,0.1673228875698248,52,0.389298577304391,0.6526086201963124,52,0.868664128726545,0.6385236900656255,52,0.9279818291187129,0.207232069697948,52,0.930091189513852,0.2068639216602393,52,40,14,0.16149351549451643,0.16004016299067667,0.19489679248074232,0.12444880428934973,0.10477366008844366
perle,GPFA50,condition_mean_neural_and_behavior,published_input_causal_train_only;raw_preprocessing_fail,hidden,y,270569,46,-0.0697263854705974,0.2947088244830212,46,0.0968681930044259,0.3002634199543888,46,4.991159512535849,0.6455189679386075,46,4.881386851252236,0.612069388186197,46,0.1665945784750234,0.0280994456093773,46,0.1097726612836125,0.0979322778486218,46,4.5591726942941815,0.6965478380138544,46,4.548104311633288,0.6548953194474147,46,0.7439189067466275,0.1272736381702655,46,0.7689401975827254,0.1272837312526173,46,41,20,0.3996794286104091,0.1316959802192891,1.5421878074557123,0.08007747049689957,0.0818782532074626
perle,GPFA50,condition_mean_neural_and_behavior,published_input_causal_train_only;raw_preprocessing_fail,hidden,y,273073,52,0.0250302071747163,0.4237881417533724,52,-0.0908349088218366,0.4299855330048778,52,5.8997222592689695,0.9777156404079596,52,5.478713721637177,0.9475617091521318,52,-0.115865115996553,0.0667793166324728,52,0.4210085376317941,0.1239418064598292,52,-5.834470878877909,0.983759287056754,52,-5.386140173246688,0.9566271005742664,52,1.0236131053444013,0.2522574604142577,52,0.8376044757925323,0.2311373115973078,52,42,13,0.34297201244479086,0.3247894339425352,0.5014849947869733,0.05813358618805359,0.0626008274698285
perle,GPFA50,condition_mean_neural_and_behavior,published_input_causal_train_only;raw_preprocessing_fail,hidden,y,273515,43,0.851771634990158,0.164377850642326,43,0.8482171141768144,0.1729907209041422,43,5.063995143803573,0.7578554448458749,43,4.854951059661548,0.7558294150441314,43,-0.0035545208133434,0.0184291835758933,43,0.2090440841420247,0.0863281019453997,43,-5.029483395917167,0.7629993209183575,43,-4.820441231200434,0.762681382226928,43,1.493162171114695,0.3983689516316604,43,1.4623241647579286,0.4136521017791917,43,43,14,0.03367050142942043,0.032632710231225125,0.04600817705040949,0.006648999549421067,0.006935291626146214
perle,GPFA50,condition_mean_neural_and_behavior,published_input_causal_train_only;raw_preprocessing_fail,hidden,y,287936,52,-0.3651614457497811,0.5072539115450055,52,-0.361556866513226,0.5179093980693364,52,3.2951918422540416,0.7931681362100284,52,3.2850705677947283,0.8133914431526641,52,0.003604579236555,0.0709045174288745,52,0.0101212744593131,0.109045722298429,52,-3.0596310765226677,0.8766064081154574,52,-3.0615756928633244,0.8922483156623126,52,0.653078021073349,0.2324262771306513,52,0.6940189047247532,0.2503062389847607,52,44,14,0.2979124962520466,0.2950436595635026,0.36154813590686086,0.09040824040407391,0.09068678742327158
perle,GPFA50,condition_mean_neural_and_behavior,published_input_causal_train_only;raw_preprocessing_fail,hidden,y,297652,55,-0.6112356629330565,0.2708587671580516,55,-0.5149698940610486,0.3233471650052719,55,2.448989712743784,0.7074066175218087,55,2.364061392978883,0.712871956033818,55,0.0962657688720079,0.0740159718455458,55,0.0849283197648995,0.0929328658798425,55,-1.8837577960412213,0.900986759787235,55,-1.874516523068287,0.8788015058223192,55,1.2138198112086889,0.3025071231987138,55,1.0799112091268106,0.2827994789288984,55,45,14,0.04606675884515804,0.045556084873540695,0.05658570154326359,0.01881051545681915,0.019486278563650452
perle,GPFA50,condition_mean_neural_and_behavior,published_input_causal_train_only;raw_preprocessing_fail,hidden,y,301600,50,-0.1948047274882128,0.5177114704885827,50,-0.3271623643280627,0.4561147366734659,50,1.382094502585002,0.4984819411516148,50,1.4188972908353406,0.4802460203609034,50,-0.1323576368398499,0.1131431877481861,50,-0.0368027882503385,0.08766096154588,50,-0.7586053974936747,0.8074431809818077,50,-0.7224773852050451,0.8073100443209946,50,0.9582871032242016,0.3288566075745792,50,1.1097361494965163,0.3677129832143523,50,46,13,0.22566257369495824,0.2234203797584725,0.2743050664162528,0.16327579139696308,0.15904080947402824
perle,GPFA50,condition_mean_neural_and_behavior,published_input_causal_train_only;raw_preprocessing_fail,hidden,y,320246,53,0.8801504880271265,0.0946558389661791,53,0.8807140076146529,0.0997236693901071,53,3.97357047327946,0.9509249508287204,53,4.244042744742789,0.9771759559321064,53,0.0005635195875265,0.0121498113858159,53,-0.2704722714633296,0.124175613794487,53,-3.914801198659557,0.9800728988903405,53,-4.189265928858836,1.0045931991610029,53,1.5123516506355656,0.3346016069613003,53,1.6671711117682055,0.3888261419416678,53,47,14,0.4611715415260994,0.4489911566549603,0.6187673125011788,0.11605973635733359,0.1086632650195065
perle,GPFA50,condition_mean_neural_and_behavior,published_input_causal_train_only;raw_preprocessing_fail,hidden,y,325813,56,0.8582500305006673,0.0668553588649991,56,0.870547248398941,0.0621160025872038,56,5.56877228864048,0.8157816596466166,56,5.26475140443989,0.8131503438966099,56,0.0122972178982736,0.0126629747391501,56,0.3040208842005903,0.1726318671094494,56,5.415085574866362,0.8748732953087157,56,5.1427676301629885,0.8590622782242053,56,2.063095589119236,0.398305952040772,56,1.5921170885335842,0.3146737872785576,56,48,16,0.4201350502715049,0.3262436109390127,0.7810734181320367,0.0754448249084492,0.0798014983038316
perle,GPFA50,condition_mean_neural_and_behavior,published_input_causal_train_only;raw_preprocessing_fail,hidden,y,328386,47,0.1394166152062027,0.2159387619074434,47,0.1317135666140958,0.2184071503823719,47,2.108063122551153,0.7139845954278012,47,2.1273414223012392,0.7261806840463396,47,-0.0077030485921069,0.0424460314638427,47,-0.0192782997500863,0.1281058809540325,47,1.5655200368357558,0.9970183536925672,47,1.6185479831206349,1.0023520678775992,47,1.6051200914027317,0.2309819345588549,47,1.6664167493916593,0.2612811948968702,47,49,13,0.28994620416964,0.287064798283895,0.3524503058251218,0.1375415190692917,0.13629509637244425
perle,GPFA50,condition_mean_neural_and_behavior,published_input_causal_train_only;raw_preprocessing_fail,hidden,y,330797,55,-0.197098987506796,0.2466144284162742,55,-0.1834135049855052,0.2628374477481538,55,2.1325903118364806,0.5366690126123266,55,2.008308972784385,0.4824188393768348,55,0.0136854825212907,0.0428409898355693,55,0.1242813390520957,0.108344994195993,55,0.814525460874905,0.942866540529802,55,0.6120204002904936,0.9320337991957552,55,1.1532281995036728,0.2305826917193243,55,1.2326642684323434,0.2643016690810747,55,50,16,0.487147459746816,0.48104207457484965,0.6061309021176431,0.22842993192035504,0.24256599275728918
perle,GPFA50,condition_mean_neural_and_behavior,published_input_causal_train_only;raw_preprocessing_fail,hidden,y,332165,48,0.78093969770851,0.1672105717403572,48,0.7958476013826882,0.1572036003407224,48,4.088193749109919,1.2412246432659846,48,6.256315073876533,1.3998311234692198,48,0.0149079036741783,0.0215018759094071,48,-2.168121324766616,0.2758922263002431,48,3.5733373930368617,1.3973138210742182,48,6.210815422877577,1.415705566311755,48,0.4272997119951973,0.1006174361178311,48,1.0985657979693555,0.2539881017731574,48,51,28,2.9758731568493966,2.5112336307990515,5.190852382745875,0.727918816836238,0.4756590935253982
perle,GPFA50,condition_mean_neural_and_behavior,published_input_causal_train_only;raw_preprocessing_fail,hidden,y,340684,52,0.2460542681920761,0.5077222269745016,52,0.2438694797404764,0.5126641838667328,52,6.490686658394134,0.8152738046527778,52,6.035666886644856,0.8717787535316001,52,-0.0021847884515997,0.1155049309425513,52,0.4550197717492782,0.140215071981557,52,6.4314990228689135,0.8232086701622704,52,5.940546959666711,0.888229608453175,52,0.655019937099299,0.1870210781016977,52,0.4945865951318306,0.1295284629998526,52,52,30,0.4736411252116809,0.41586868388599413,0.7956333110400182,0.07297242189301198,0.07847370209573833
perle,GPFA50,condition_mean_neural_and_behavior,published_input_causal_train_only;raw_preprocessing_fail,hidden,y,351612,48,-0.2622247147060592,0.413854558846733,48,-0.3079912188153251,0.4008055291837439,48,2.0632898106626216,0.5443938375140313,48,1.9076169044779412,0.4866697502406166,48,-0.0457665041092659,0.0553573677499707,48,0.1556729061846804,0.2392686051439192,48,0.7222754753843035,1.0637462786823486,48,0.2343543654191292,1.0690275519157382,48,0.514370577574264,0.1493355620547621,48,0.5598241001068174,0.1678841074420734,48,53,17,0.7111440068320141,0.703123906188671,0.8770401388914797,0.34466510868079725,0.3727918352802778
perle,GPFA50,condition_mean_neural_and_behavior,published_input_causal_train_only;raw_preprocessing_fail,hidden,y,356164,56,0.7764122701617296,0.1192618277347001,56,0.7828386821429523,0.1260911451839348,56,2.611311991452245,0.7571294832030082,56,1.847152179647791,0.7145273226157377,56,0.0064264119812226,0.0244995432210662,56,0.7641598118044539,0.1776577148755015,56,2.4791803278813966,0.8055515029357653,56,1.64157924204973,0.8407250836507194,56,1.7781690907364198,0.4081729153956126,56,1.4543513474227086,0.3250055257220299,56,54,13,0.8663161119273897,0.8562635651172559,1.0672793502675524,0.3317551157284733,0.46900094181334645
perle,GPFA50,condition_mean_neural_and_behavior,published_input_causal_train_only;raw_preprocessing_fail,hidden,y,356765,58,0.7419171447171709,0.0967159712036069,58,0.7619335042592122,0.0847487416268604,58,2.306255837257756,0.7248477925526335,58,2.1040476693617247,0.717372236508265,58,0.0200163595420415,0.0232362453070164,58,0.202208167896031,0.1727515556004903,58,1.9891646934901608,0.8951045532969766,58,1.7524919338091305,0.9150231417573704,58,1.9411911325820552,0.3115828394631629,58,1.7751858881359124,0.2940999685425221,58,55,14,0.5067507543447813,0.5002086816385561,0.6310817682159682,0.2197287682303847,0.2408456622556024
perle,GPFA50,condition_mean_neural_and_behavior,published_input_causal_train_only;raw_preprocessing_fail,hidden,y,370777,49,0.1364387906167967,0.3307424560056204,49,0.0643502914493724,0.315599033309033,49,1.1669534646273951,0.3411747670651913,49,1.2542720267276313,0.3503474153207664,49,-0.0720884991674242,0.0480393549953224,49,-0.0873185621002359,0.1250016520700977,49,0.1692803200015919,0.7612176000099345,49,0.3890983789485394,0.7594881417055521,49,0.9044263560531992,0.2075598958537555,49,0.9397815407999374,0.2169391628799944,49,56,13,0.026262994814400694,0.025981314064339796,0.03213287472583948,0.022505605930726973,0.020938834841848688
perle,GPFA50,condition_mean_neural_and_behavior,published_input_causal_train_only;raw_preprocessing_fail,hidden,y,377134,51,0.0030157643780965,0.2279266477017656,51,0.0121609684152375,0.2391693093705158,51,1.8141805155370316,0.3162560406275513,51,1.8206330101986283,0.3390822847053974,51,0.0091452040371409,0.0486396376684684,51,-0.0064524946615961,0.0755851963459392,51,-0.3454490930338288,0.691217258628902,51,-0.3628728029926963,0.7029245255516027,51,0.9017389488792537,0.1562732567405386,51,0.8955416888805209,0.1680130061244106,51,57,17,0.056387603149186775,0.05556387019704504,0.07124554677714823,0.03108158348426258,0.030971427428438735
perle,GPFA50,condition_mean_neural_and_behavior,published_input_causal_train_only;raw_preprocessing_fail,hidden,y,379400,46,-0.8236905185184094,0.0973644106286722,46,-0.825498823814005,0.0882316894853086,46,3.3338474789389814,0.7933700019997477,46,2.8105829167047287,0.5859156912045491,46,-0.0018083052955956,0.0401903580687355,46,0.5232645622342516,0.3239685877753847,46,-2.241124279478645,1.081033643586158,46,-1.450590682022282,1.0449553101872138,46,1.1208001857629772,0.2454152719019053,46,1.3423974671055283,0.2761502530016353,46,58,33,0.9164521615455263,0.9026982129919675,1.1684915904825677,0.27489324791702624,0.32607191771450095
perle,GPFA50,condition_mean_neural_and_behavior,published_input_causal_train_only;raw_preprocessing_fail,hidden,y,381514,52,-0.6848799350329337,0.2531896508811447,52,-0.6885932107619815,0.237618498807187,52,3.5824325266491788,0.7563369131764837,52,3.1311339867411374,0.683189811374185,52,-0.003713275729048,0.0863644668715535,52,0.4512985399080413,0.2094092791943247,52,-2.9320408789903616,0.8700257112664681,52,-2.3924501229149917,0.8569901568694511,52,1.2258188186010794,0.2611399285914847,52,1.4133100646367227,0.2962504423422571,52,59,31,0.6015052032404475,0.5922301898869855,0.7686947803557751,0.16790412625107115,0.19210458759910495
perle,GPFA50,condition_mean_neural_and_behavior,published_input_causal_train_only;raw_preprocessing_fail,hidden,y,388571,46,-0.4793810966769474,0.2550209186336689,46,-0.4766751603825102,0.2496680068098461,46,2.342842702483116,0.3523240151163805,46,2.2664442246864773,0.3094015865826323,46,0.0027059362944373,0.0446424622357427,46,0.0763984777966388,0.1080860788648622,46,0.1408207158604289,0.9027432361479744,46,-0.0609521735486878,0.8527063679816769,46,1.1668998789147838,0.2333591757390232,46,1.1580695299614567,0.2215767014118932,46,60,33,0.14920558874962334,0.14696344705121295,0.1902644057129681,0.06368570480275279,0.0658324555815016
perle,GPFA50,condition_mean_neural_and_behavior,published_input_causal_train_only;raw_preprocessing_fail,hidden,y,394672,41,-0.033262204978986,0.4357487421167144,41,-0.0609828645310055,0.4301638303617845,41,2.1026989271562644,0.7500955239903613,41,2.421735853286545,0.8948270672812584,41,-0.0277206595520195,0.1167579481300358,41,-0.3190369261302806,0.2552250187623796,41,1.3944256818905518,1.1561073864843832,41,1.9997525303507064,1.1295099318322286,41,0.894309467162992,0.183706737310392,41,1.0106554670831407,0.2113622248151521,41,61,31,0.8616562050801722,0.8472764061178585,1.1101731102281218,0.4097858204766836,0.35580106885349033
perle,GPFA50,condition_mean_neural_and_behavior,published_input_causal_train_only;raw_preprocessing_fail,hidden,y,396358,53,0.8425944011547839,0.0947964908837931,53,0.8554010535989867,0.0834648655861703,53,1.1981905111702855,0.5389614162296411,53,1.3267839947551052,0.5854126255703695,53,0.0128066524442028,0.0251903237160645,53,-0.1285934835848196,0.1199339761034212,53,0.7735575904476617,0.7853831816032659,53,0.995636463953798,0.7737794670988157,53,1.5047482899566078,0.3529171440517134,53,1.5628158816656903,0.349838403050881,53,62,14,0.11060692659888961,0.10905477924165638,0.13882830899771537,0.09231163622791391,0.08336468259801791
perle,GPFA50,condition_mean_neural_and_behavior,published_input_causal_train_only;raw_preprocessing_fail,hidden,y,400995,60,-0.6315481966983582,0.2748775184103672,60,-0.6479632938936534,0.2613639489545633,60,3.815062531804762,0.8159754563648972,60,3.083841350726851,0.7848390475416047,60,-0.0164150971952953,0.0406728709401505,60,0.7312211810779121,0.1085508179029714,60,3.414325900033624,0.8890316568497195,60,2.6353340121349813,0.9033811922743844,60,0.9103739118958228,0.300711582896006,60,1.1484117790670494,0.372094535794433,60,63,15,1.0248920056910553,1.0103176641124973,1.2893558915889765,0.2686435666904305,0.33234264967926824
perle,GPFA50,condition_mean_neural_and_behavior,published_input_causal_train_only;raw_preprocessing_fail,hidden,y,401673,46,-0.5077820969755498,0.283119938722435,46,-0.5529657827152689,0.2584962778769447,46,3.463878253502177,0.9417317072741268,46,3.1263922323494917,0.8947733284626243,46,-0.0451836857397192,0.0707893307536651,46,0.3374860211526861,0.129823686834482,46,3.0042959180155133,1.063718400368474,46,2.6305036216843725,1.0440614873247187,46,0.9597278285609168,0.3154199277871071,46,1.173085719218992,0.3730488848075439,46,64,15,0.7604097761520645,0.7495937221246624,0.9566498340235485,0.2195255492548698,0.24322276913431767
perle,GPFA50,condition_mean_neural_and_behavior,published_input_causal_train_only;raw_preprocessing_fail,hidden,y,406460,40,-0.6685256668574,0.2868771274463117,40,-0.6440318300628195,0.2826241341043344,40,2.1994432683452825,0.4390699290916193,40,2.1453751878616747,0.440264103974845,40,0.0244938367945806,0.0501539278783128,40,0.0540680804836081,0.105305973616186,40,0.4128680041443625,1.0823860266055745,40,0.3927092767047827,1.0851368675113406,40,0.9963940707884528,0.2885841885717787,40,0.9905468627544636,0.2819745447870849,40,65,32,0.11282249939324915,0.1109328964938581,0.14545176378474345,0.05129593521097247,0.05258870337999057
perle,GPFA50,condition_mean_neural_and_behavior,published_input_causal_train_only;raw_preprocessing_fail,hidden,y,413189,63,0.2094745646203933,0.3014077856431033,63,0.1614447233270511,0.33299618553695,63,1.9297518291331672,0.3422864239262649,63,2.0737247066787527,0.4857802656139397,63,-0.0480298412933422,0.0869830504923707,63,-0.1439728775455848,0.267830748962005,63,0.3589925779591869,0.9378569192845454,63,1.001606780353692,0.9366790780537976,63,0.4811103454182039,0.0910720776389954,63,0.5002412062447916,0.0904603245054681,63,66,20,0.5501663270526094,0.5407941417158254,0.7073855968472533,0.2850969325417045,0.2653034538676774
perle,GPFA50,condition_mean_neural_and_behavior,published_input_causal_train_only;raw_preprocessing_fail,hidden,y,413513,37,0.6703541678555986,0.2096152358871509,37,0.6846055337346231,0.2208369090279335,37,1.3594989357534533,0.6131187635833983,37,1.3888846479056576,0.634418052578444,37,0.0142513658790242,0.0328217751696944,37,-0.0293857121522042,0.1631544310066796,37,0.9250755256564795,0.9044520280158902,37,1.0477977177904236,0.8411605904491017,37,1.00405112452306,0.19527203081699,37,0.9484982230505726,0.1933109682792295,37,67,15,0.1588888635286262,0.15645178365505116,0.20136658805738628,0.11687310622318933,0.11440033106292856
perle,GPFA50,condition_mean_neural_and_behavior,published_input_causal_train_only;raw_preprocessing_fail,hidden,y,420020,48,0.2764315371858129,0.3425659917310683,48,0.3654916634928555,0.3259475971898089,48,1.1944624258254852,0.4794634156730276,48,1.3234555677286937,0.5782458201016775,48,0.0890601263070426,0.0766402862130354,48,-0.1289931419032086,0.2017280356524223,48,-0.3566363500796866,0.8996588710093208,48,-0.7112977777648789,0.9246945394521118,48,1.2838977996330314,0.3153792841399916,48,1.1179247566787072,0.2821037139600008,48,68,13,0.6386211202036245,0.6298493006467185,0.7989993969726452,0.5346514937565136,0.4825406577869646
perle,GPFA50,condition_mean_neural_and_behavior,published_input_causal_train_only;raw_preprocessing_fail,hidden,y,428615,50,0.8039775943896662,0.14122876248073,50,0.8141590125040287,0.1298290503120104,50,6.144190221200088,0.900829000254389,50,5.621901401822087,0.9754679263415228,50,0.0101814181143626,0.0498373140511225,50,0.522288819377999,0.196446242362357,50,-6.088181406557401,0.9045637309902412,50,-5.5625482128541135,0.9808838604768843,50,1.2507255257115582,0.3421168276492577,50,1.066418086388029,0.2625068666392677,50,69,32,0.6587511724550484,0.6337081942464738,0.9357283598027442,0.10721529587122397,0.11717586726824199
perle,GPFA50,condition_mean_neural_and_behavior,published_input_causal_train_only;raw_preprocessing_fail,hidden,y,435203,57,-0.2454714213437713,0.3185413966996656,57,-0.1471126584035098,0.3355885250669434,57,1.423707181478054,0.3391838355486758,57,1.4883923411502609,0.380899502781146,57,0.0983587629402614,0.0616395820984944,57,-0.0646851596722067,0.1854775745650324,57,0.0752987782032682,0.590769912958852,57,-0.4251836115481718,0.6040072502409993,57,1.4288597897824689,0.3117433929851137,57,1.2146900800653593,0.2851294830137101,57,70,14,0.5808421516491624,0.5711955637780194,0.7411791098556368,0.40797866247057063,0.3902480116232494
perle,GPFA50,condition_mean_neural_and_behavior,published_input_causal_train_only;raw_preprocessing_fail,hidden,y,448412,48,-0.0605089677085276,0.2471540528276488,48,0.0241659939982563,0.2648535788976418,48,2.1555009246607884,0.4027842889641672,48,2.290181313555729,0.4891449211859668,48,0.0846749617067839,0.0437286668759753,48,-0.1346803888949408,0.1293500509724779,48,1.1336592452847956,0.7079406337377356,48,1.53850859124029,0.7148083940195338,48,1.008007890883705,0.1699532000966726,48,1.0202908420445895,0.1722259752764787,48,71,16,0.2514422038398571,0.24752856974331794,0.31942535297751284,0.11665140152024134,0.10979139614473085
perle,GPFA50,condition_mean_neural_and_behavior,published_input_causal_train_only;raw_preprocessing_fail,hidden,y,454477,51,-0.1578131100952439,0.3345485445055114,51,-0.1681634241525575,0.3309475204045712,51,2.5327286771880866,0.5965761548467541,51,2.3534387376031414,0.5638943831828791,51,-0.0103503140573136,0.0496844997541531,51,0.179289939584945,0.07873743564862,51,1.7310282781655768,0.7394105640861276,51,1.5278072779647365,0.7198950267764882,51,0.6661091994992736,0.1743299413527973,51,0.7066716287378932,0.1803798461841717,51,72,18,0.43158567939882037,0.423742224985834,0.5579347411972755,0.1704034400865947,0.18338513448553523
perle,GPFA50,condition_mean_neural_and_behavior,published_input_causal_train_only;raw_preprocessing_fail,hidden,y,456038,45,0.8008007351528984,0.1643221681368715,45,0.7955916251140923,0.1903011499196501,45,3.799600968456864,1.0706018067893748,45,4.547792658792778,1.102273770974256,45,-0.005209110038806,0.0438568185196896,45,-0.7481916903359134,0.1070228369902823,45,-3.6809021585425654,1.0772834597675482,45,-4.485339368489079,1.1090041894716676,45,0.7409388659478082,0.2249076702680946,45,0.9760259133655578,0.3079061004222716,45,73,19,0.9807297470642533,0.8973107355242737,1.5476902846045961,0.2581138796431453,0.21564961743981317
perle,GPFA50,condition_mean_neural_and_behavior,published_input_causal_train_only;raw_preprocessing_fail,hidden,y,460651,46,0.0109975820938562,0.2681028820576548,46,0.0658955271036313,0.2610679856082908,46,1.880293569690168,0.4725697415594063,46,1.8824497242088527,0.5066614187876163,46,0.0548979450097751,0.0565843945990762,46,-0.0021561545186847,0.1041863274092391,46,0.6272419844126065,0.883556613560996,46,0.7973623593840765,0.8798223799152081,46,1.0283245332654811,0.1518494027669032,46,1.021507048743198,0.1487983136266145,46,74,16,0.03734680084263275,0.03666775418579538,0.048202025693735884,0.01986221803055291,0.01983946788184672
perle,GPFA50,condition_mean_neural_and_behavior,published_input_causal_train_only;raw_preprocessing_fail,hidden,y,463174,54,0.5529964783197882,0.1978894541305683,54,0.565932275565227,0.1634951225702326,54,5.982060779439158,1.110082179190242,54,7.683977268333139,1.2895881915005,54,0.0129357972454387,0.0636193664205176,54,-1.7019164888939808,0.2609078974305217,54,-5.401574718118545,1.1958966661721908,54,-7.587306698218595,1.298825713037708,54,0.3334194224252721,0.0602161384202292,54,0.6962783056421684,0.1147238370801891,54,75,34,2.5014477565862667,1.973834891292519,4.672062705228497,0.4181581981219501,0.32554075438186425
perle,GPFA50,condition_mean_neural_and_behavior,published_input_causal_train_only;raw_preprocessing_fail,hidden,y,464785,55,-0.2221529880283645,0.3078683206433364,55,-0.2334855248479061,0.289207560742708,55,1.878106762713296,0.4425718877963583,55,1.7914899849218373,0.4039803175339308,55,-0.0113325368195416,0.0582715128110857,55,0.0866167777914594,0.1052907659631334,55,0.4556665132290683,1.008287706112266,55,0.3222904438391805,0.965343992594958,55,1.846119611882119,0.3541687116032383,55,1.950273652482259,0.366974057790394,55,76,29,0.24555860460255385,0.24044029625595836,0.3238967414591958,0.1307479476021885,0.1370694822015807
perle,GPFA50,condition_mean_neural_and_behavior,published_input_causal_train_only;raw_preprocessing_fail,hidden,y,465431,50,-0.4447512670531047,0.2464764884725455,50,-0.4577895167934636,0.2350937974666748,50,2.70848691694803,0.6469241324641009,50,2.5275596830110727,0.6393298626326815,50,-0.0130382497403589,0.0515578078066313,50,0.1809272339369572,0.1290128420099392,50,2.2153600636327955,0.7240793193090407,50,2.0416875392254874,0.7250350840407915,50,1.27474049928883,0.3193195999677437,50,1.335561669869533,0.3286564594334295,50,77,29,0.30630705599186736,0.3002204478520009,0.4018902402067468,0.1130915767306048,0.1211868736673964
perle,GPFA50,condition_mean_neural_and_behavior,published_input_causal_train_only;raw_preprocessing_fail,hidden,y,469268,52,0.9000289333587947,0.0628805154697208,52,0.8789651468450081,0.0798550760284945,52,4.418664947994047,0.9598350376656823,52,5.151153085864995,1.0708526645934613,52,-0.0210637865137866,0.0345501960867717,52,-0.7324881378709469,0.1743523348560231,52,-4.359253998711417,0.9759308959301548,52,-5.123344049526592,1.08121041204693,52,0.7397702558267271,0.1917752803128281,52,1.0063357288127914,0.2558427541734463,52,78,18,0.9587138342466974,0.8360948430555747,1.604687511131651,0.21696911748919256,0.18611635458426834
perle,GPFA50,condition_mean_neural_and_behavior,published_input_causal_train_only;raw_preprocessing_fail,no_bounce,y,29337,45,0.33574146204524,0.1456014592502115,45,0.3695941091523278,0.1417600632947492,45,4.098913837319543,0.5725396416722262,45,4.170355635344829,0.6113903012724952,45,0.0338526471070877,0.0300277842188316,45,-0.0714417980252867,0.1150100771357986,45,3.33921984014022,0.6933531763850908,45,3.486299419827835,0.7200742680186943,45,0.5736348748514404,0.0826216610473045,45,0.6062964841062618,0.0825087305930559,45,0,50,0.12430630268114341,0.10853000306519851,0.21142671619091147,0.030326644475755234,0.029807122833270083
perle,GPFA50,condition_mean_neural_and_behavior,published_input_causal_train_only;raw_preprocessing_fail,no_bounce,y,55062,48,,,0,,,0,,,0,,,0,,,0,,,0,,,0,,,0,,,0,,,0,1,0,,,,,
perle,GPFA50,condition_mean_neural_and_behavior,published_input_causal_train_only;raw_preprocessing_fail,no_bounce,y,58244,58,0.5886752480367787,0.1255260916247289,58,0.5536160942387116,0.1362344717554565,58,2.442393237428461,0.2482523875716536,58,2.533232821690727,0.2256213334954849,58,-0.035059153798067,0.0204371999938454,58,-0.0908395842622667,0.0768850887057205,58,-0.2758456705024033,0.6840637402115612,58,-0.0165050853712252,0.6722708341287027,58,0.5203875899072489,0.0698905863481454,58,0.4782838564055372,0.0631410812802587,58,2,50,0.09854042095683851,0.08603368707634367,0.16760377360235523,0.040345845806791306,0.03889907793436483
perle,GPFA50,condition_mean_neural_and_behavior,published_input_causal_train_only;raw_preprocessing_fail,no_bounce,y,59920,43,,,0,,,0,,,0,,,0,,,0,,,0,,,0,,,0,,,0,,,0,3,0,,,,,
perle,GPFA50,condition_mean_neural_and_behavior,published_input_causal_train_only;raw_preprocessing_fail,no_bounce,y,68220,53,0.7626218706609982,0.0529206219783712,53,0.7730418021712344,0.0501040387076507,53,2.756581302121055,0.4074848373491873,53,2.66568652595505,0.377931612196689,53,0.0104199315102361,0.0069566504526189,53,0.0908947761660043,0.059097222015646,53,1.257303932535286,0.8026002383997555,53,1.0844607474231558,0.8058656056869686,53,0.5248544407248078,0.0655506438809023,53,0.5276632272255283,0.0653743732060577,53,4,52,0.014935087656154745,0.013038081248986358,0.02541501348861086,0.005417974664727981,0.005602717165254031
perle,GPFA50,condition_mean_neural_and_behavior,published_input_causal_train_only;raw_preprocessing_fail,no_bounce,y,72780,47,,,0,,,0,,,0,,,0,,,0,,,0,,,0,,,0,,,0,,,0,5,0,,,,,
perle,GPFA50,condition_mean_neural_and_behavior,published_input_causal_train_only;raw_preprocessing_fail,no_bounce,y,77046,50,0.8216281919174429,0.0659244158244133,50,0.8348887501290355,0.0587961958485798,50,1.6219744542931187,0.2518785440665821,50,1.611948840881256,0.2539070637345486,50,0.0132605582115927,0.0107652575159247,50,0.0100256134118625,0.0646034306317573,50,-0.1749674315351084,0.6507064412039171,50,-0.2652578578294638,0.6311574381710671,50,0.7445227205444159,0.1020892635040716,50,0.7417855138102504,0.1035815368420935,50,6,47,0.08835433808625215,0.07718134491759789,0.15010182238579795,0.05447332283957476,0.05481212296908172
perle,GPFA50,condition_mean_neural_and_behavior,published_input_causal_train_only;raw_preprocessing_fail,no_bounce,y,77944,48,0.7420918162794935,0.0861304624526055,48,0.7682584873243857,0.0773701853350366,48,2.8413192476636966,0.6859564536727034,48,2.6271563609454485,0.6804558251773332,48,0.0261666710448923,0.0146834005531627,48,0.2141628867182481,0.0904582090689869,48,-2.379079966531668,0.8077753256360763,48,-2.198098860473336,0.8051605696432432,48,0.888536173428053,0.0919193702436286,48,0.9161668710481704,0.0965493522189319,48,7,45,0.18461390410382314,0.16132594599137037,0.31337161429353166,0.06497471350874204,0.07027138043560725
perle,GPFA50,condition_mean_neural_and_behavior,published_input_causal_train_only;raw_preprocessing_fail,no_bounce,y,90751,53,0.7635031217966199,0.0599566702865208,53,0.7826863878217779,0.056561077351416,53,2.715623931998795,0.2428944523025533,53,2.533125343319471,0.229894864702288,53,0.0191832660251579,0.0072591819407151,53,0.1824985886793235,0.0449851644468957,53,-0.4249312297402888,0.716714302317612,53,-0.235786900393872,0.7307676881812813,53,0.530085298005152,0.0605759976229384,53,0.552039340594029,0.0614537946549985,53,8,53,0.26391245653264045,0.2303181532510828,0.4493277060358096,0.097182991143546,0.10418452337096076
perle,GPFA50,condition_mean_neural_and_behavior,published_input_causal_train_only;raw_preprocessing_fail,no_bounce,y,93053,48,,,0,,,0,,,0,,,0,,,0,,,0,,,0,,,0,,,0,,,0,9,0,,,,,
perle,GPFA50,condition_mean_neural_and_behavior,published_input_causal_train_only;raw_preprocessing_fail,no_bounce,y,99902,46,,,0,,,0,,,0,,,0,,,0,,,0,,,0,,,0,,,0,,,0,10,0,,,,,
perle,GPFA50,condition_mean_neural_and_behavior,published_input_causal_train_only;raw_preprocessing_fail,no_bounce,y,105802,56,,,0,,,0,,,0,,,0,,,0,,,0,,,0,,,0,,,0,,,0,11,0,,,,,
perle,GPFA50,condition_mean_neural_and_behavior,published_input_causal_train_only;raw_preprocessing_fail,no_bounce,y,118879,59,0.8723317011660003,0.0479723335054117,59,0.8801238847118441,0.0449367282094678,59,3.6345470604659553,0.9982664952598485,59,3.378845329323699,1.0051901271760604,59,0.0077921835458436,0.0073604052033115,59,0.2557017311422568,0.1396441181168972,59,-3.473305635616154,1.0512840194314512,59,-3.2138509932683808,1.0660954441073829,59,1.0268828779978014,0.1078398063595308,59,1.159095415550382,0.1174603926835201,59,12,42,0.4266001253954693,0.37301852159974286,0.7230987945309275,0.11737366948298049,0.12625618630517677
perle,GPFA50,condition_mean_neural_and_behavior,published_input_causal_train_only;raw_preprocessing_fail,no_bounce,y,122957,51,0.4179117088103831,0.128453199925917,51,0.451609582379071,0.1244147310034808,51,3.648213461972999,0.5686114108336927,51,3.534597565441856,0.571372130587898,51,0.0336978735686878,0.0210919280187209,51,0.1136158965311436,0.0608326627702312,51,3.0058987037716838,0.649410039792841,51,2.8405997046438243,0.6656303987400296,51,0.9235271303212992,0.0989155855988811,51,0.8771194992309747,0.0959631319667258,51,13,42,0.27814183348048105,0.24320399328444683,0.4714637266887234,0.07624055894198101,0.07869123099045389
perle,GPFA50,condition_mean_neural_and_behavior,published_input_causal_train_only;raw_preprocessing_fail,no_bounce,y,126479,53,0.8354227618484245,0.0518924667695445,53,0.829784891470066,0.0554256387484805,53,2.4960815585707734,0.6359347014575341,53,1.7192112627540788,0.4779056137553773,53,-0.0056378703783585,0.0077776680594273,53,0.776870295816695,0.2209346419461415,53,2.0605170166413,0.7506871720957595,53,1.0608606302037211,0.7454688857964141,53,0.929209352133436,0.1008219390312365,53,1.1895953737497014,0.1293513241048974,53,14,44,1.192108568351507,1.0419662036019846,2.0225598530273023,0.47759199384257867,0.6934043501098386
perle,GPFA50,condition_mean_neural_and_behavior,published_input_causal_train_only;raw_preprocessing_fail,no_bounce,y,158705,57,,,0,,,0,,,0,,,0,,,0,,,0,,,0,,,0,,,0,,,0,15,0,,,,,
perle,GPFA50,condition_mean_neural_and_behavior,published_input_causal_train_only;raw_preprocessing_fail,no_bounce,y,159613,50,0.7432530835677551,0.0667480433423999,50,0.7605711136597183,0.0668295452940064,50,2.724548487751322,0.2777970570205553,50,2.630078487235046,0.31514348610048,50,0.017318030091963,0.0111761249483187,50,0.0944700005162751,0.0719310670812036,50,0.7352390460767279,0.533746600497544,50,0.9723855522072808,0.5283384369573012,50,0.5848305708582463,0.068675369259893,50,0.6171487710613766,0.0742030172131903,50,16,50,0.2827151796990966,0.24678984210567387,0.48094786901481434,0.10376588303349765,0.10749305812402199
perle,GPFA50,condition_mean_neural_and_behavior,published_input_causal_train_only;raw_preprocessing_fail,no_bounce,y,163248,39,-0.026827566835381,0.1694192240125545,39,-0.1097995104018111,0.1581977849976462,39,1.7778056318081696,0.3067062121883124,39,1.8181575283919784,0.3014012449456156,39,-0.0829719435664301,0.0356858287252023,39,-0.0403518965838089,0.0560838096555514,39,-0.5339513033144867,0.7896171105578254,39,-0.5218372797531816,0.7875937744330197,39,4.068400436675244,0.5458437173132703,39,4.93060644245072,0.6312796184916645,39,17,36,0.11350114031428449,0.09939389470056542,0.19171429267415308,0.06384339113542171,0.06242646115194847
perle,GPFA50,condition_mean_neural_and_behavior,published_input_causal_train_only;raw_preprocessing_fail,no_bounce,y,167848,56,0.5508656496302826,0.1269242934339352,56,0.5146225305081062,0.1371023166449001,56,4.533508144958221,0.6498154175516928,56,4.403469878344878,0.648733278832045,56,-0.0362431191221762,0.0233124515300322,56,0.1300382666133423,0.0937169520660857,56,-3.892462689043984,0.7254320223477086,56,-3.6978364344053,0.7344367508425947,56,0.6327424656226661,0.0711246220504042,56,0.6071804217288614,0.0677423205659119,56,18,44,0.0014643295082421405,0.0012792197937006834,0.0024858094231605676,0.0003230014067297182,0.0003325399170875071
perle,GPFA50,condition_mean_neural_and_behavior,published_input_causal_train_only;raw_preprocessing_fail,no_bounce,y,179553,58,0.6782406739579617,0.0934846255595917,58,0.6917321267107717,0.0884511181731631,58,1.7013020795967435,0.3802781503378666,58,1.7007122714273566,0.3818817981560801,58,0.01349145275281,0.0134954076807329,58,0.0005898081693875,0.0464937334934211,58,0.5317162706687208,0.7409632271338196,58,0.6073137784572848,0.7254223147754455,58,0.9510666840390912,0.1002750418296913,58,0.9739640310947266,0.0988493461944295,58,19,39,0.017838447465572352,0.015606059124411546,0.030193183953313052,0.01048517349123594,0.01048880975651518
perle,GPFA50,condition_mean_neural_and_behavior,published_input_causal_train_only;raw_preprocessing_fail,no_bounce,y,182748,51,,,0,,,0,,,0,,,0,,,0,,,0,,,0,,,0,,,0,,,0,20,0,,,,,
perle,GPFA50,condition_mean_neural_and_behavior,published_input_causal_train_only;raw_preprocessing_fail,no_bounce,y,183171,51,0.6572667219923192,0.0924308814087805,51,0.6891043438232757,0.0820609596330513,51,3.1333992901980694,0.8270625840305365,51,2.594025906674013,0.7637470606899911,51,0.0318376218309565,0.0158077437121461,51,0.5393733835240566,0.1180047003532752,51,-2.6484971661445766,0.981608772294226,51,-2.0779446517087403,0.95506928289291,51,0.8824987224288908,0.1063047931536757,51,1.0012820581114614,0.1147414556968833,51,21,39,0.4019496596991407,0.3517157849525434,0.6801966463589473,0.12827910600366943,0.1549520606810397
perle,GPFA50,condition_mean_neural_and_behavior,published_input_causal_train_only;raw_preprocessing_fail,no_bounce,y,184642,57,0.79143901352025,0.065799716008565,57,0.7741431037583362,0.0710013237217835,57,2.3124050911597105,0.4321645701193563,57,2.320137750634129,0.4227523055909259,57,-0.0172959097619138,0.0107601548629911,57,-0.0077326594744182,0.0716723684549198,57,1.1991297313103233,0.9136946821152307,57,1.2188424075727056,0.8984431568759907,57,0.745930466239165,0.0824231230299316,57,0.7363159402535147,0.0846445426138492,57,22,44,0.19266407289284407,0.16838948569836706,0.32689717675585506,0.0833176131765995,0.08303992848708489
perle,GPFA50,condition_mean_neural_and_behavior,published_input_causal_train_only;raw_preprocessing_fail,no_bounce,y,187617,54,,,0,,,0,,,0,,,0,,,0,,,0,,,0,,,0,,,0,,,0,23,0,,,,,
perle,GPFA50,condition_mean_neural_and_behavior,published_input_causal_train_only;raw_preprocessing_fail,no_bounce,y,197632,47,0.733173232454228,0.0718540031695801,47,0.7495303403496514,0.0702526429886946,47,3.183399931559008,0.4631853777674561,47,3.2160791407529783,0.5210496604310125,47,0.0163571078954235,0.0126518775176178,47,-0.0326792091939703,0.0867499470942834,47,1.7111349397601394,0.7942874101420481,47,1.9545177670859255,0.8208120674470841,47,0.488430496787682,0.0616280198241511,47,0.51030831782099,0.0661560625740517,47,24,47,0.19025870284090585,0.16619428809077685,0.3232333557189442,0.05976588142594147,0.059158588614943323
perle,GPFA50,condition_mean_neural_and_behavior,published_input_causal_train_only;raw_preprocessing_fail,no_bounce,y,199564,49,0.713424595794335,0.0714122199936368,49,0.7430136743928987,0.0640226295829033,49,2.5040605763809283,0.5064823048518337,49,2.42822664956115,0.4830103534994287,49,0.0295890785985636,0.0124267750105163,49,0.0758339268197784,0.052357006565278,49,1.436116406099152,0.8547064246236623,49,1.3079769295160633,0.8544401154044766,49,0.6466771274732963,0.0648939883059992,49,0.633684191906334,0.0668420055960279,49,25,42,0.17644661049906554,0.15429391131462453,0.29906283869545014,0.07046419410271636,0.07266480274028558
perle,GPFA50,condition_mean_neural_and_behavior,published_input_causal_train_only;raw_preprocessing_fail,no_bounce,y,204372,53,0.7513583598197476,0.0742325535520223,53,0.7195234854335694,0.082644536586362,53,2.7989905351392834,0.3811550089643642,53,2.5445252889475785,0.344476777714368,53,-0.031834874386178,0.0140096399507752,53,0.2544652461917059,0.085797154060436,53,1.5994251710272211,0.6637598439098182,53,1.2981680013298815,0.6819441113156882,53,0.5684952140288435,0.0616319270307758,53,0.5922930368560022,0.0666871065734955,53,26,45,0.5624110471890797,0.4914643442470143,0.9546645998438876,0.2009335294737226,0.22102788666788778
perle,GPFA50,condition_mean_neural_and_behavior,published_input_causal_train_only;raw_preprocessing_fail,no_bounce,y,204678,45,,,0,,,0,,,0,,,0,,,0,,,0,,,0,,,0,,,0,,,0,27,0,,,,,
perle,GPFA50,condition_mean_neural_and_behavior,published_input_causal_train_only;raw_preprocessing_fail,no_bounce,y,206128,53,0.7141653182070474,0.0786058050160202,53,0.7004691333541517,0.0861731101364999,53,3.1274888201989577,0.3373242990432281,53,2.8918888289025326,0.3400992409852822,53,-0.0136961848528957,0.0150208793650318,53,0.2355999912964238,0.1875903762427344,53,0.5661632532582618,0.9273059711546676,53,-0.0428655620149507,0.9452246531885616,53,0.5958227032348543,0.069039557499066,53,0.6131119364565262,0.0756500032267432,53,28,34,0.6800364447374461,0.5958804121230098,1.1469892673621933,0.2174384894185441,0.23515303836749452
perle,GPFA50,condition_mean_neural_and_behavior,published_input_causal_train_only;raw_preprocessing_fail,no_bounce,y,217817,49,,,0,,,0,,,0,,,0,,,0,,,0,,,0,,,0,,,0,,,0,29,0,,,,,
perle,GPFA50,condition_mean_neural_and_behavior,published_input_causal_train_only;raw_preprocessing_fail,no_bounce,y,218791,56,,,0,,,0,,,0,,,0,,,0,,,0,,,0,,,0,,,0,,,0,30,0,,,,,
perle,GPFA50,condition_mean_neural_and_behavior,published_input_causal_train_only;raw_preprocessing_fail,no_bounce,y,226533,59,0.4070143354996793,0.1528631376942827,59,0.3422634993116905,0.1554997329059255,59,4.605225926644029,0.7804853203022168,59,4.703899174875304,0.7933898110114211,59,-0.0647508361879888,0.0239918137050684,59,-0.0986732482312728,0.0998607369918578,59,-4.23887520307176,0.8176011065957999,59,-4.337774091011135,0.8268693781843972,59,0.7823725639444727,0.0867473114373224,59,0.7817685081494198,0.0874620214832482,59,31,36,0.13934921295356212,0.12203654657477535,0.235359198510239,0.030258930869676185,0.02962419213784618
perle,GPFA50,condition_mean_neural_and_behavior,published_input_causal_train_only;raw_preprocessing_fail,no_bounce,y,232533,53,0.8516953608325715,0.0638956520387626,53,0.8374102775034901,0.0689633998944274,53,1.2483625614668663,0.2822578027624811,53,1.244691726764115,0.2992620393920221,53,-0.0142850833290813,0.0083915946341564,53,0.0036708347027515,0.0557878328950493,53,0.1618495386545006,0.6368097422726726,53,0.2571291954527547,0.6294985170085398,53,1.1475881392345189,0.1100164383913099,53,1.0967354699102627,0.1153553168680171,53,32,36,0.06521869625271591,0.05711188099900392,0.11016200923439001,0.052243393278377265,0.052397469068319505
perle,GPFA50,condition_mean_neural_and_behavior,published_input_causal_train_only;raw_preprocessing_fail,no_bounce,y,241919,43,,,0,,,0,,,0,,,0,,,0,,,0,,,0,,,0,,,0,,,0,33,0,,,,,
perle,GPFA50,condition_mean_neural_and_behavior,published_input_causal_train_only;raw_preprocessing_fail,no_bounce,y,242380,50,,,0,,,0,,,0,,,0,,,0,,,0,,,0,,,0,,,0,,,0,34,0,,,,,
perle,GPFA50,condition_mean_neural_and_behavior,published_input_causal_train_only;raw_preprocessing_fail,no_bounce,y,244437,50,0.7585805808775425,0.1015427241865217,50,0.7829270348945202,0.0877586235257742,50,4.187463320569171,0.4788550686597265,50,3.6673384086130394,0.474076448137609,50,0.0243464540169775,0.0201538207503298,50,0.5201249119561333,0.1221604877117794,50,-3.989736986003469,0.5219460384457871,50,-3.4802710483742736,0.5200467734300002,50,0.9225984349677928,0.1468004549705909,50,1.1347334790431471,0.1732124687552356,50,35,36,0.5980509165706726,0.5237219270716332,1.0101575399080938,0.14281938032340397,0.1630749197200078
perle,GPFA50,condition_mean_neural_and_behavior,published_input_causal_train_only;raw_preprocessing_fail,no_bounce,y,245662,41,,,0,,,0,,,0,,,0,,,0,,,0,,,0,,,0,,,0,,,0,36,0,,,,,
perle,GPFA50,condition_mean_neural_and_behavior,published_input_causal_train_only;raw_preprocessing_fail,no_bounce,y,248856,53,0.778267765086538,0.0508248074189161,53,0.7862989695998295,0.0493378300904994,53,3.217438837980124,0.4571550432643354,53,3.3630947042456927,0.5323258282590873,53,0.0080312045132915,0.0073928815972158,53,-0.1456558662655685,0.1071688928284917,53,2.005999599313644,0.7642248236259549,53,2.402631225225396,0.7873276232663007,53,0.6875373917636546,0.0548857721535075,53,0.7316898212785559,0.0547030120373031,53,37,31,0.35328393147346526,0.3099086322632433,0.5943464456418148,0.10980284296414268,0.10504727417502303
perle,GPFA50,condition_mean_neural_and_behavior,published_input_causal_train_only;raw_preprocessing_fail,no_bounce,y,251629,52,,,0,,,0,,,0,,,0,,,0,,,0,,,0,,,0,,,0,,,0,38,0,,,,,
perle,GPFA50,condition_mean_neural_and_behavior,published_input_causal_train_only;raw_preprocessing_fail,no_bounce,y,258471,53,0.6889055855475501,0.0678809259426866,53,0.6653761431149265,0.071751880330235,53,2.6997316902921287,0.296244801144916,53,2.7109441437393538,0.3335029779789494,53,-0.0235294424326235,0.0083308182295237,53,-0.011212453447226,0.0575690124651801,53,-0.8920849223806178,0.6475186646544494,53,-1.0941915695387203,0.6297017934728267,53,0.6892933946256821,0.0565407368439958,53,0.6941614616928045,0.0616132166147802,53,39,44,0.3734913053079441,0.3263836229514753,0.6338125187758754,0.13834386085512443,0.13777167123508752
perle,GPFA50,condition_mean_neural_and_behavior,published_input_causal_train_only;raw_preprocessing_fail,no_bounce,y,269179,52,0.8397206634975956,0.046397607388193,52,0.8208181956696637,0.0505516394266023,52,1.4185514257792902,0.3012263610701976,52,1.560716018803216,0.334820449717977,52,-0.0189024678279318,0.0073499897384289,52,-0.1421645930239263,0.0907922053512048,52,0.3910158242448548,0.6290123399816607,52,0.6681431502380811,0.6183189208538729,52,0.9925371063444316,0.0968413383616024,52,0.91605886932711,0.0968122978871458,52,40,36,0.11539009482702021,0.10105202077671976,0.19489679248074232,0.08134361062280836,0.07393407476877396
perle,GPFA50,condition_mean_neural_and_behavior,published_input_causal_train_only;raw_preprocessing_fail,no_bounce,y,270569,46,,,0,,,0,,,0,,,0,,,0,,,0,,,0,,,0,,,0,,,0,41,0,,,,,
perle,GPFA50,condition_mean_neural_and_behavior,published_input_causal_train_only;raw_preprocessing_fail,no_bounce,y,273073,52,,,0,,,0,,,0,,,0,,,0,,,0,,,0,,,0,,,0,,,0,42,0,,,,,
perle,GPFA50,condition_mean_neural_and_behavior,published_input_causal_train_only;raw_preprocessing_fail,no_bounce,y,273515,43,,,0,,,0,,,0,,,0,,,0,,,0,,,0,,,0,,,0,,,0,43,0,,,,,
perle,GPFA50,condition_mean_neural_and_behavior,published_input_causal_train_only;raw_preprocessing_fail,no_bounce,y,287936,52,0.3545321171340294,0.1530023204257333,52,0.3120242142261279,0.1602322197429358,52,4.5522466042966965,0.7712021542860649,52,4.551738151625785,0.7807230200413977,52,-0.0425079029079015,0.0176135463480915,52,0.000508452670911,0.0813329943051517,52,-3.9969642421799145,0.8579755222119155,52,-4.007775991532309,0.8641909201203692,52,0.8482108047752633,0.0916861318381143,52,0.8730316057270421,0.0908173267868652,52,44,35,0.21418778733394425,0.187613351624231,0.36154813590686086,0.047051007107519256,0.04705626294813134
perle,GPFA50,condition_mean_neural_and_behavior,published_input_causal_train_only;raw_preprocessing_fail,no_bounce,y,297652,55,0.6378272596882596,0.1210769308665476,55,0.6763870168681425,0.1114443563978229,55,1.9488204888675515,0.5724229388788225,55,1.9233519412551063,0.5812328778310205,55,0.0385597571798828,0.0215220008721691,55,0.0254685476124454,0.0686739671535165,55,-1.2210177554453423,0.8813207324760821,55,-1.2590626633879691,0.867783145777349,55,0.8425851842054874,0.1009706286933112,55,0.8389692166238756,0.1014096347166493,55,45,33,0.03357873814564067,0.02943587589471591,0.05658570154326359,0.017230287929265915,0.01745844711276734
perle,GPFA50,condition_mean_neural_and_behavior,published_input_causal_train_only;raw_preprocessing_fail,no_bounce,y,301600,50,0.3023988639941052,0.1689829782456672,50,0.2337364106960139,0.1734678522115299,50,2.355969936051748,0.4568350135832233,50,2.3679784999489377,0.4715557151913497,50,-0.0686624532980913,0.0272575290489485,50,-0.0120085638971897,0.0540270966076367,50,-1.4529057588313607,0.7085655427246941,50,-1.4649927336876376,0.7193046089036061,50,0.99152715535594,0.1217154707850876,50,1.0123177432137846,0.1294632522329504,50,46,32,0.1629062889167007,0.14285295921698782,0.2743050664162528,0.06914616626632646,0.06879551014513584
perle,GPFA50,condition_mean_neural_and_behavior,published_input_causal_train_only;raw_preprocessing_fail,no_bounce,y,320246,53,,,0,,,0,,,0,,,0,,,0,,,0,,,0,,,0,,,0,,,0,47,0,,,,,
perle,GPFA50,condition_mean_neural_and_behavior,published_input_causal_train_only;raw_preprocessing_fail,no_bounce,y,325813,56,,,0,,,0,,,0,,,0,,,0,,,0,,,0,,,0,,,0,,,0,48,0,,,,,
perle,GPFA50,condition_mean_neural_and_behavior,published_input_causal_train_only;raw_preprocessing_fail,no_bounce,y,328386,47,0.8026733233796297,0.0845134171779785,47,0.7805877473058884,0.0939134006615019,47,2.1999337693573664,0.728879304940146,47,2.1676089337072924,0.724676212699065,47,-0.0220855760737413,0.0144323205946194,47,0.0323248356500746,0.1079691956013269,47,1.800592067183019,0.881641782498742,47,1.7782901796709132,0.8798345091091077,47,1.126979964172638,0.1309001258792701,47,1.1058554383494446,0.1335126047876802,47,49,32,0.20930878576909676,0.18353774467695255,0.3524503058251218,0.09514322143899767,0.09656206085620479
perle,GPFA50,condition_mean_neural_and_behavior,published_input_causal_train_only;raw_preprocessing_fail,no_bounce,y,330797,55,0.7294094716224683,0.0746262408031378,55,0.719570713121194,0.0786399580839615,55,2.0590941456147904,0.3908436125930621,55,1.9549351498580705,0.3575224876502171,55,-0.0098387585012742,0.0092632135451174,55,0.1041589957567199,0.0751272363058135,55,0.6159117522314956,0.8379082853643267,55,0.4539918541762683,0.828286976391402,55,1.0466275469159376,0.0990364102554546,55,1.0759888803112256,0.1040714981266222,55,50,36,0.3588550058854982,0.31425697118445806,0.6061309021176431,0.17427809537011416,0.18356363683549876
perle,GPFA50,condition_mean_neural_and_behavior,published_input_causal_train_only;raw_preprocessing_fail,no_bounce,y,332165,48,,,0,,,0,,,0,,,0,,,0,,,0,,,0,,,0,,,0,,,0,51,0,,,,,
perle,GPFA50,condition_mean_neural_and_behavior,published_input_causal_train_only;raw_preprocessing_fail,no_bounce,y,340684,52,,,0,,,0,,,0,,,0,,,0,,,0,,,0,,,0,,,0,,,0,52,0,,,,,
perle,GPFA50,condition_mean_neural_and_behavior,published_input_causal_train_only;raw_preprocessing_fail,no_bounce,y,351612,48,0.7418326031291154,0.1119738423258827,48,0.7003413040621703,0.1301689878686694,48,2.392417465640419,0.4282432858168194,48,2.440387734422957,0.5222093486899984,48,-0.0414912990669452,0.0264569600817749,48,-0.0479702687825374,0.1662594005999333,48,-0.5389448464950866,0.9670238038722708,48,-0.9439229935750812,0.9932425927904334,48,0.5870621445186986,0.081289004081628,48,0.5938517766235752,0.0850860530024959,48,53,40,0.5179691294656483,0.45311932167838387,0.8770401388914797,0.21650449259155308,0.21224870218753372
perle,GPFA50,condition_mean_neural_and_behavior,published_input_causal_train_only;raw_preprocessing_fail,no_bounce,y,356164,56,0.498354422074729,0.085474283313696,56,0.5146695416246795,0.0875132362381476,56,3.124205851461048,0.5896845832733071,56,2.7819225946273414,0.5268667942043581,56,0.0163151195499505,0.0161497979157577,56,0.3422832568337068,0.1285517375786135,56,2.2987371926604183,0.8068239063025207,56,1.7360561781245707,0.8421865318876959,56,1.601252854822911,0.1262104499991728,56,1.320469300361328,0.1135531687936429,56,54,30,0.6350382090389153,0.5573245361543345,1.0672793502675524,0.20326388184118438,0.2282731411238217
perle,GPFA50,condition_mean_neural_and_behavior,published_input_causal_train_only;raw_preprocessing_fail,no_bounce,y,356765,58,0.4069111265929248,0.094065985807925,58,0.4252193279905825,0.0989612968219312,58,3.284203526324319,0.5314102176136167,58,3.2458455239221906,0.5347957714700459,58,0.0183082013976576,0.0233554082251775,58,0.0383580024021285,0.0828832587516284,58,2.2418058082258754,0.8167079742826521,58,2.1504685152862155,0.8385454088050653,58,1.461789008365773,0.1469907456989779,58,1.3196150376311606,0.1291261694090057,58,55,31,0.375121753821501,0.32906695303732464,0.6310817682159682,0.11422000823479332,0.11556981102668563
perle,GPFA50,condition_mean_neural_and_behavior,published_input_causal_train_only;raw_preprocessing_fail,no_bounce,y,370777,49,0.4997803868640628,0.1423632060632541,49,0.4280268770512849,0.1500473490141138,49,1.8235925778175093,0.372185358590106,49,1.8730737671784576,0.3495259560102321,49,-0.0717535098127779,0.0198610621744076,49,-0.0494811893609481,0.049297075716132,49,-0.4661700332999719,0.7591570798630553,49,-0.4058911249772606,0.764215338651618,49,0.8368538849271298,0.0960177213852354,49,0.7806994997429177,0.0924366779788841,49,56,31,0.019099431331688784,0.016753973072089676,0.03213287472583948,0.010473518901106267,0.010196838835909595
perle,GPFA50,condition_mean_neural_and_behavior,published_input_causal_train_only;raw_preprocessing_fail,no_bounce,y,377134,51,0.7295880555000608,0.0567924381491906,51,0.7349105957492996,0.0563232949698312,51,2.011152273513343,0.2372261100106393,51,2.014389258187003,0.2359231054601302,51,0.0053225402492387,0.0095951429945661,51,-0.0032369846736595,0.0446498113607258,51,0.0591040222106655,0.6251234920602792,51,0.0227913421124867,0.6337680654171041,51,0.9963822541174778,0.0813212280258334,51,1.0009485221115093,0.0847459411446024,51,57,36,0.04218250550513261,0.03694187925817264,0.07124554677714823,0.020974297202987373,0.02094059295326954
perle,GPFA50,condition_mean_neural_and_behavior,published_input_causal_train_only;raw_preprocessing_fail,no_bounce,y,379400,46,0.145037499518184,0.2378324557784503,46,0.1162834102062037,0.2448133163084137,46,2.7708747516935643,0.3536346581818583,46,2.5338650163577223,0.3389020669300333,46,-0.0287540893119802,0.0962574560111103,46,0.2370097353358419,0.2467145791450639,46,-0.2284867070620371,0.9528334883840108,46,0.2727392961997992,0.9331669457462816,46,0.5395830716398741,0.0778127453570198,46,0.6265117408262317,0.0853944850794527,46,58,70,0.6834706883199136,0.5953746202684612,1.1684915904825677,0.24666242597294408,0.26973445069396845
perle,GPFA50,condition_mean_neural_and_behavior,published_input_causal_train_only;raw_preprocessing_fail,no_bounce,y,381514,52,0.1282336895873436,0.2794951067680814,52,0.105852946473836,0.2956361737494794,52,2.70647695940886,0.5111907315628792,52,2.425744687742521,0.4652772058632509,52,-0.0223807431135075,0.0981920602550019,52,0.2807322716663389,0.156435533964074,52,-1.348107867950652,0.8516443211450067,52,-0.9938604546565564,0.8574386339515953,52,0.610855948820958,0.0692141243361258,52,0.6914571581294594,0.0786387763852129,52,59,65,0.4500736226236781,0.3922369873556918,0.7686947803557751,0.16629501354483422,0.1855403929762005
perle,GPFA50,condition_mean_neural_and_behavior,published_input_causal_train_only;raw_preprocessing_fail,no_bounce,y,388571,46,0.3572201743790189,0.2065596671937072,46,0.3606402759814505,0.2022157896300468,46,2.815364906384362,0.5051073401404024,46,2.8376541637822927,0.4976117855858855,46,0.0034201016024316,0.0513028670600789,46,-0.0222892573979302,0.0887704248395425,46,-1.347614132667116,0.8415176446358126,46,-1.5062200195558078,0.7912991592528154,46,0.6411585104949394,0.0797690099425229,46,0.6509635113801416,0.0831154509702084,46,60,70,0.11126114500041714,0.09689671359855977,0.1902644057129681,0.039519262582307486,0.039208845961735454
perle,GPFA50,condition_mean_neural_and_behavior,published_input_causal_train_only;raw_preprocessing_fail,no_bounce,y,394672,41,0.3429271377332105,0.235589269236527,41,0.3388217760339967,0.2362410161487385,41,3.2914334169347392,0.8271984535172169,41,3.429816230527741,0.9103905760542474,41,-0.0041053616992138,0.0762179019928875,41,-0.1383828135930011,0.1315558752762974,41,2.5930117296803403,1.08724397224491,41,2.9390943973145185,1.0877827614936195,41,0.670556109524821,0.0793258507134802,41,0.7899857936738592,0.0982244737808918,41,61,63,0.6503042287948927,0.5668532550669116,1.1101731102281218,0.1975747786508502,0.18960322801167434
perle,GPFA50,condition_mean_neural_and_behavior,published_input_causal_train_only;raw_preprocessing_fail,no_bounce,y,396358,53,0.3430712847690765,0.1174253600155398,53,0.3735205484024845,0.1162279377012135,53,2.6277343495018166,0.3382901080490378,53,2.620247286248028,0.3637096670893468,53,0.0304492636334078,0.0181587346312867,53,0.0074870632537887,0.0577007886241465,53,1.0308558254112494,0.6764432067813928,53,1.1697139688101554,0.6746735388089005,53,1.353235105087693,0.1341011400742956,53,1.3817574606173897,0.1362408481524701,53,62,30,0.08255377476862102,0.07241043492650619,0.13882830899771537,0.03141633201403031,0.03150610066534256
perle,GPFA50,condition_mean_neural_and_behavior,published_input_causal_train_only;raw_preprocessing_fail,no_bounce,y,400995,60,0.6885537457830525,0.1329563831937964,60,0.6499066775706553,0.1462303306886977,60,3.29126659475201,0.7734550667068177,60,2.7542080142718177,0.7541106651224533,60,-0.0386470682123969,0.02115189955528,60,0.5370585804801918,0.0852014688589319,60,2.92053180230394,0.8518618259638288,60,2.371859117140048,0.8707824284103233,60,0.7980484314152679,0.1109253174501453,60,0.9262215000225934,0.1401797797304484,60,63,32,0.7657397639514825,0.6714855307482026,1.2893558915889765,0.23265807916395156,0.2780253924117404
perle,GPFA50,condition_mean_neural_and_behavior,published_input_causal_train_only;raw_preprocessing_fail,no_bounce,y,401673,46,0.6277815495594127,0.1677653635464871,46,0.5618279010607272,0.1863572804651347,46,2.878244733046562,0.783901538072241,46,2.62844553300059,0.7460717916513661,46,-0.0659536484986853,0.0314507294555925,46,0.2497992000459722,0.1016583730387675,46,2.334540040460993,0.9847236937025178,46,2.0675720888586486,0.989615203517392,46,0.7330717834991551,0.1286351304037474,46,0.7933408096437066,0.1407972861274901,46,64,32,0.5681203523906371,0.498168443390299,0.9566498340235485,0.1973843106070044,0.21614309494253825
perle,GPFA50,condition_mean_neural_and_behavior,published_input_causal_train_only;raw_preprocessing_fail,no_bounce,y,406460,40,0.3395652672420692,0.1955442266882624,40,0.3578540417381465,0.2092228811006194,40,2.3729583535358563,0.375786014705414,40,2.311488969896299,0.3800015014919951,40,0.0182887744960773,0.0487842339422148,40,0.0614693836395573,0.0620834013468372,40,-0.611221601953186,1.0156838126452563,40,-0.5712978392189125,1.025067761444296,40,0.7103042699405364,0.0907930743530125,40,0.7230470721722885,0.0975670399205266,40,65,65,0.08514401414856995,0.0741870055067871,0.14545176378474345,0.0358809559475412,0.03683513754875923
perle,GPFA50,condition_mean_neural_and_behavior,published_input_causal_train_only;raw_preprocessing_fail,no_bounce,y,413189,63,0.6646811118639047,0.0748335437450204,63,0.6621769311305234,0.0776196981429693,63,2.8778189187622893,0.34086156789731,63,3.0029430156408203,0.4265564816243863,63,-0.0025041807333812,0.0139365641357713,63,-0.1251240968785315,0.1213338991702241,63,1.1853412811548898,0.7713423024208447,63,1.6486337062399714,0.7613813191285707,63,0.8321791398286367,0.0823906676942254,63,0.8869727627366296,0.0995327563720996,63,66,40,0.41775368732438317,0.3654347152616908,0.7073855968472533,0.1451632987054145,0.139114756806411
perle,GPFA50,condition_mean_neural_and_behavior,published_input_causal_train_only;raw_preprocessing_fail,no_bounce,y,413513,37,0.2638030884249477,0.0984440835349961,37,0.2897927838699188,0.1030899996543738,37,3.2057001632601447,0.4338783823531928,37,3.231114687276144,0.4430354001299721,37,0.025989695444971,0.0248774745745579,37,-0.0254145240159989,0.0575289173073091,37,1.3614231468281894,0.8956837547462799,37,1.4719330876189298,0.8397984031848675,37,1.3759219017152329,0.1282565444281563,37,1.3448197320909858,0.1326907525761026,37,67,31,0.11976623820031146,0.10512057862380972,0.20136658805738628,0.03736039932022562,0.03706653888577238
perle,GPFA50,condition_mean_neural_and_behavior,published_input_causal_train_only;raw_preprocessing_fail,no_bounce,y,420020,48,0.76076141286314,0.1072203449577499,48,0.7816665827866554,0.0957357728849385,48,1.2289286194811633,0.4203863896019549,48,1.3412883337199968,0.482299301202188,48,0.0209051699235155,0.0189388914953976,48,-0.1123597142388331,0.1226373789223926,48,-0.278620896949102,0.8708012503002476,48,-0.5014484762838507,0.8904795025538242,48,1.0012027177460128,0.1847830417305004,48,0.8951691842229315,0.1702498150701821,48,68,28,0.4763687020113702,0.41841168023931014,0.7989993969726452,0.38762926866532454,0.3551575675680301
perle,GPFA50,condition_mean_neural_and_behavior,published_input_causal_train_only;raw_preprocessing_fail,no_bounce,y,428615,50,,,0,,,0,,,0,,,0,,,0,,,0,,,0,,,0,,,0,,,0,69,0,,,,,
perle,GPFA50,condition_mean_neural_and_behavior,published_input_causal_train_only;raw_preprocessing_fail,no_bounce,y,435203,57,0.6516471565697832,0.1039111805970222,57,0.6768149400631953,0.0985594207925652,57,1.4468746058039863,0.2376262706711608,57,1.5421588945107876,0.2795942101153208,57,0.025167783493412,0.0197673204135531,57,-0.095284288706801,0.1278519117674824,57,-0.1633638623115389,0.5168970441465589,57,-0.5245381522629691,0.5292340219155772,57,1.2928395714408567,0.1859367089656599,57,1.1365693612233816,0.1673231391830077,57,70,28,0.4418978832509878,0.3881363603098163,0.7411791098556368,0.3054154668817606,0.28654497589314176
perle,GPFA50,condition_mean_neural_and_behavior,published_input_causal_train_only;raw_preprocessing_fail,no_bounce,y,448412,48,0.7669321065795965,0.0525458408822944,48,0.7800426573218762,0.051872048218976,48,2.278387259002648,0.4195328077168104,48,2.4213664014252103,0.4628927938046597,48,0.0131105507422797,0.0082733326112884,48,-0.1429791424225622,0.0703616134868673,48,1.511057005588632,0.6514974254362252,48,1.793468883149677,0.6401221873190592,48,0.9470007221153834,0.0805358166186477,48,0.9998600251466188,0.0935091814108404,48,71,33,0.18948093342237685,0.16604554874456226,0.31942535297751284,0.08316449834139307,0.07825372207644776
perle,GPFA50,condition_mean_neural_and_behavior,published_input_causal_train_only;raw_preprocessing_fail,no_bounce,y,454477,51,0.6074193942640149,0.107073480166789,51,0.5813723816166058,0.1105377854855449,51,2.474982076309064,0.370175771637948,51,2.357405872115353,0.3394779083707759,51,-0.026047012647409,0.0146201385670549,51,0.1175762041937104,0.0602507800253239,51,1.0186219709050144,0.7564812901546119,51,0.852925811569135,0.7503156581573824,51,0.7304824355069762,0.0794665325361975,51,0.7435276221638766,0.0821354416633259,51,72,35,0.33054738284926666,0.2895497087743921,0.5579347411972755,0.13355546531561607,0.1402165773654662
perle,GPFA50,condition_mean_neural_and_behavior,published_input_causal_train_only;raw_preprocessing_fail,no_bounce,y,456038,45,,,0,,,0,,,0,,,0,,,0,,,0,,,0,,,0,,,0,,,0,73,0,,,,,
perle,GPFA50,condition_mean_neural_and_behavior,published_input_causal_train_only;raw_preprocessing_fail,no_bounce,y,460651,46,0.6785795461506346,0.0728515220721804,46,0.699167862461633,0.0696740511878429,46,2.0470647667556165,0.4065768570129147,46,2.049881523679795,0.4309594605599182,46,0.0205883163109984,0.0143935947315555,46,-0.0028167569241791,0.0651426177657163,46,0.7939014316292355,0.8836072014710988,46,0.8960564088094491,0.8870953691518014,46,0.9735686228402444,0.1045059031612495,46,0.998706843367227,0.113752959074929,46,74,31,0.028651414798621305,0.02513348267785414,0.048202025693735884,0.013996340156853365,0.013977107685320473
perle,GPFA50,condition_mean_neural_and_behavior,published_input_causal_train_only;raw_preprocessing_fail,no_bounce,y,463174,54,,,0,,,0,,,0,,,0,,,0,,,0,,,0,,,0,,,0,,,0,75,0,,,,,
perle,GPFA50,condition_mean_neural_and_behavior,published_input_causal_train_only;raw_preprocessing_fail,no_bounce,y,464785,55,0.1607456805451956,0.2521403633037743,55,0.1596464681951156,0.2513923245252355,55,1.8408688548229384,0.3353944806893506,55,1.7734930603961636,0.3494963250669351,55,-0.00109921235008,0.0591458690974304,55,0.0673757944267746,0.0696114346829068,55,-0.2986122576837516,0.9588538486001648,55,-0.3643123227196289,0.9282628705578888,55,0.9163780026805988,0.1463251393378862,55,0.9742139966387322,0.1521831841228605,55,76,54,0.1901670301679046,0.1659256130387816,0.3238967414591958,0.10330286683360482,0.10722738893910586
perle,GPFA50,condition_mean_neural_and_behavior,published_input_causal_train_only;raw_preprocessing_fail,no_bounce,y,465431,50,0.3413537784914529,0.2605947472156949,50,0.3308782385254066,0.2666800052006071,50,2.121805147741073,0.4807934621881149,50,1.9976582340256728,0.4743107574693459,50,-0.0104755399660462,0.0572390823426758,50,0.1241469137154003,0.0919791586929094,50,1.4591666213287966,0.6167822183722975,50,1.3588446763678874,0.6218768575123473,50,0.7397230041030834,0.092537704770338,50,0.7838197307627031,0.090423639375099,50,77,55,0.2359004127430355,0.20581278352259427,0.4018902402067468,0.11117911227342483,0.11808847415688815
perle,GPFA50,condition_mean_neural_and_behavior,published_input_causal_train_only;raw_preprocessing_fail,no_bounce,y,469268,52,,,0,,,0,,,0,,,0,,,0,,,0,,,0,,,0,,,0,,,0,78,0,,,,,
perle,GPFA50,condition_mean_neural_and_behavior,published_input_causal_train_only;raw_preprocessing_fail,post_bounce,y,29337,45,,,0,,,0,,,0,,,0,,,0,,,0,,,0,,,0,,,0,,,0,0,0,,,,,
perle,GPFA50,condition_mean_neural_and_behavior,published_input_causal_train_only;raw_preprocessing_fail,post_bounce,y,55062,48,0.8029650832053624,0.0630115408119868,48,0.8032915374068379,0.0686186047033445,48,5.117626468270415,1.0878368472547644,48,4.446049416289918,1.1197620064710947,48,0.0003264542014754,0.0183263117245058,48,0.6715770519804968,0.1501714262181592,48,5.014361770615881,1.1200072625382815,48,4.29105889772013,1.165463319886209,48,1.1725308411543751,0.1867391036422278,48,0.8777162725650663,0.1387031412394689,48,1,24,0.9073254150669995,0.7837575625871621,1.5431910604541295,0.1772941852424108,0.20407452327062364
perle,GPFA50,condition_mean_neural_and_behavior,published_input_causal_train_only;raw_preprocessing_fail,post_bounce,y,58244,58,,,0,,,0,,,0,,,0,,,0,,,0,,,0,,,0,,,0,,,0,2,0,,,,,
perle,GPFA50,condition_mean_neural_and_behavior,published_input_causal_train_only;raw_preprocessing_fail,post_bounce,y,59920,43,,,0,,,0,,,0,,,0,,,0,,,0,,,0,,,0,,,0,,,0,3,0,,,,,
perle,GPFA50,condition_mean_neural_and_behavior,published_input_causal_train_only;raw_preprocessing_fail,post_bounce,y,68220,53,,,0,,,0,,,0,,,0,,,0,,,0,,,0,,,0,,,0,,,0,4,0,,,,,
perle,GPFA50,condition_mean_neural_and_behavior,published_input_causal_train_only;raw_preprocessing_fail,post_bounce,y,72780,47,0.2998203088863328,0.2133290035438227,47,0.2181181839915328,0.2307061557393936,47,5.39325689288623,0.940253633448811,47,5.61297837059684,0.9389614570284356,47,-0.0817021248948,0.0337984719826592,47,-0.2197214777106098,0.0951353506402007,47,-5.159668032397462,0.9790166627657032,47,-5.423250643637606,0.968337881918814,47,0.7089820682993491,0.1151909333988649,47,0.8043468068322811,0.1322439794238476,47,5,26,0.4671123410129785,0.4035550303015621,0.7956196389402779,0.08661043786531016,0.08322005006466993
perle,GPFA50,condition_mean_neural_and_behavior,published_input_causal_train_only;raw_preprocessing_fail,post_bounce,y,77046,50,,,0,,,0,,,0,,,0,,,0,,,0,,,0,,,0,,,0,,,0,6,0,,,,,
perle,GPFA50,condition_mean_neural_and_behavior,published_input_causal_train_only;raw_preprocessing_fail,post_bounce,y,77944,48,,,0,,,0,,,0,,,0,,,0,,,0,,,0,,,0,,,0,,,0,7,0,,,,,
perle,GPFA50,condition_mean_neural_and_behavior,published_input_causal_train_only;raw_preprocessing_fail,post_bounce,y,90751,53,,,0,,,0,,,0,,,0,,,0,,,0,,,0,,,0,,,0,,,0,8,0,,,,,
perle,GPFA50,condition_mean_neural_and_behavior,published_input_causal_train_only;raw_preprocessing_fail,post_bounce,y,93053,48,0.8465339269003965,0.0892887065804923,48,0.8421994965100733,0.0973282662390253,48,6.911542146114336,0.9808602147338066,48,6.13024729322176,1.0151016898017873,48,-0.0043344303903232,0.0231033500496347,48,0.7812948528925742,0.1556969943304827,48,6.860396627238651,0.9953230340677504,48,6.080929486848528,1.0228097137717287,48,1.604842291814785,0.3509764912855192,48,1.0413556390462309,0.2306350966600717,48,9,13,0.8422004469374667,0.72571065552714,1.411028253534358,0.12185420115117886,0.13738441642781543
perle,GPFA50,condition_mean_neural_and_behavior,published_input_causal_train_only;raw_preprocessing_fail,post_bounce,y,99902,46,0.8143384100227258,0.0600391132800742,46,0.8191106032724673,0.0589397484032472,46,4.5145523523925455,1.0135130697767891,46,4.095018506432316,1.0078245827548922,46,0.0047721932497416,0.0128363175477577,46,0.4195338459602288,0.1140693839767845,46,4.374933220089945,1.0434976590919984,46,3.9272647214199847,1.0361648353591535,46,1.199505773725754,0.1713214518382457,46,0.9532696658512916,0.1373873489667679,46,10,24,0.7103263429283286,0.6089741071758114,1.2164696040173149,0.15734147872975313,0.17346108248658024
perle,GPFA50,condition_mean_neural_and_behavior,published_input_causal_train_only;raw_preprocessing_fail,post_bounce,y,105802,56,0.6488323088758998,0.0719595274808212,56,0.6713085718184851,0.076232305967319,56,2.7244007217282515,0.5762430953432347,56,2.797319709038369,0.6142099634108605,56,0.0224762629425854,0.0184725682555157,56,-0.0729189873101179,0.07491870078626,56,1.81222480848088,0.8494348172766896,56,2.0292950055488768,0.8348362695808608,56,0.6853016536115671,0.0722274676549351,56,0.7203839397382212,0.0762691137992615,56,11,43,0.1281243884622682,0.11076530263675806,0.21973884383513398,0.04702846664237821,0.045802554512552794
perle,GPFA50,condition_mean_neural_and_behavior,published_input_causal_train_only;raw_preprocessing_fail,post_bounce,y,118879,59,,,0,,,0,,,0,,,0,,,0,,,0,,,0,,,0,,,0,,,0,12,0,,,,,
perle,GPFA50,condition_mean_neural_and_behavior,published_input_causal_train_only;raw_preprocessing_fail,post_bounce,y,122957,51,,,0,,,0,,,0,,,0,,,0,,,0,,,0,,,0,,,0,,,0,13,0,,,,,
perle,GPFA50,condition_mean_neural_and_behavior,published_input_causal_train_only;raw_preprocessing_fail,post_bounce,y,126479,53,,,0,,,0,,,0,,,0,,,0,,,0,,,0,,,0,,,0,,,0,14,0,,,,,
perle,GPFA50,condition_mean_neural_and_behavior,published_input_causal_train_only;raw_preprocessing_fail,post_bounce,y,158705,57,0.8313930914549535,0.0500932573640991,57,0.812550758329559,0.0580132514043259,57,3.441200019614338,0.7788704076839161,57,3.636541535057596,0.804062585926062,57,-0.0188423331253945,0.0122274129581337,57,-0.1953415154432576,0.1053421176128054,57,-2.822535981092812,0.93966295350333,57,-3.1101870798372366,0.9305196418572688,57,0.5879978308255962,0.0785888238138234,57,0.5968763813948021,0.0804501809020695,57,15,44,0.373359551152813,0.32278039227031113,0.6404843876835185,0.10849690486595316,0.10266885378689884
perle,GPFA50,condition_mean_neural_and_behavior,published_input_causal_train_only;raw_preprocessing_fail,post_bounce,y,159613,50,,,0,,,0,,,0,,,0,,,0,,,0,,,0,,,0,,,0,,,0,16,0,,,,,
perle,GPFA50,condition_mean_neural_and_behavior,published_input_causal_train_only;raw_preprocessing_fail,post_bounce,y,163248,39,,,0,,,0,,,0,,,0,,,0,,,0,,,0,,,0,,,0,,,0,17,0,,,,,
perle,GPFA50,condition_mean_neural_and_behavior,published_input_causal_train_only;raw_preprocessing_fail,post_bounce,y,167848,56,,,0,,,0,,,0,,,0,,,0,,,0,,,0,,,0,,,0,,,0,18,0,,,,,
perle,GPFA50,condition_mean_neural_and_behavior,published_input_causal_train_only;raw_preprocessing_fail,post_bounce,y,179553,58,,,0,,,0,,,0,,,0,,,0,,,0,,,0,,,0,,,0,,,0,19,0,,,,,
perle,GPFA50,condition_mean_neural_and_behavior,published_input_causal_train_only;raw_preprocessing_fail,post_bounce,y,182748,51,0.9218452692832128,0.0589355887686062,51,0.905771610608446,0.078819050822708,51,5.446883308461245,1.0984872130725534,51,5.663337759865394,1.1430879992683227,51,-0.0160736586747667,0.0232720906009948,51,-0.2164544514041482,0.1088533801687472,51,-5.411411178312076,1.1129356054398098,51,-5.62918881296637,1.1572205689728228,51,1.3353807879901922,0.2799470969534888,51,1.472030011092753,0.3272694871183792,51,20,13,0.35699181103626226,0.3081540235651239,0.5971712045512971,0.06554056527734081,0.06303558540445366
perle,GPFA50,condition_mean_neural_and_behavior,published_input_causal_train_only;raw_preprocessing_fail,post_bounce,y,183171,51,,,0,,,0,,,0,,,0,,,0,,,0,,,0,,,0,,,0,,,0,21,0,,,,,
perle,GPFA50,condition_mean_neural_and_behavior,published_input_causal_train_only;raw_preprocessing_fail,post_bounce,y,184642,57,,,0,,,0,,,0,,,0,,,0,,,0,,,0,,,0,,,0,,,0,22,0,,,,,
perle,GPFA50,condition_mean_neural_and_behavior,published_input_causal_train_only;raw_preprocessing_fail,post_bounce,y,187617,54,0.8721511330274602,0.0436691465951863,54,0.8760672050758314,0.043077294565703,54,3.3804873389877907,0.8189577086673863,54,2.9883268221267203,0.7808816437602917,54,0.0039160720483712,0.0120606663447054,54,0.3921605168610715,0.1159110796471582,54,3.2688582619287776,0.8445648033833745,54,2.790758729570671,0.8275920792898819,54,0.9129457184041894,0.1141016290459301,54,0.7439999980928165,0.0968416158306917,54,23,33,0.7425715722944346,0.6449187922387418,1.2634383714173238,0.21966405959585122,0.24849074967173915
perle,GPFA50,condition_mean_neural_and_behavior,published_input_causal_train_only;raw_preprocessing_fail,post_bounce,y,197632,47,,,0,,,0,,,0,,,0,,,0,,,0,,,0,,,0,,,0,,,0,24,0,,,,,
perle,GPFA50,condition_mean_neural_and_behavior,published_input_causal_train_only;raw_preprocessing_fail,post_bounce,y,199564,49,,,0,,,0,,,0,,,0,,,0,,,0,,,0,,,0,,,0,,,0,25,0,,,,,
perle,GPFA50,condition_mean_neural_and_behavior,published_input_causal_train_only;raw_preprocessing_fail,post_bounce,y,204372,53,,,0,,,0,,,0,,,0,,,0,,,0,,,0,,,0,,,0,,,0,26,0,,,,,
perle,GPFA50,condition_mean_neural_and_behavior,published_input_causal_train_only;raw_preprocessing_fail,post_bounce,y,204678,45,0.3497681325931959,0.311355436697395,45,0.1700080006492588,0.3257366739880889,45,4.706095921873831,1.2083685926515932,45,4.63185315816218,1.203347472304206,45,-0.179760131943937,0.0732306613692898,45,0.0742427637116503,0.1083463522929785,45,-4.622184270378137,1.2298812987540002,45,-4.5176432118836685,1.2293019496806712,45,0.9525854437405472,0.1700521677399682,45,0.8798737420627641,0.1600763598088609,45,27,13,0.08014694986388703,0.06808765192076376,0.135886613260495,0.01703045394620321,0.01730343064150324
perle,GPFA50,condition_mean_neural_and_behavior,published_input_causal_train_only;raw_preprocessing_fail,post_bounce,y,206128,53,,,0,,,0,,,0,,,0,,,0,,,0,,,0,,,0,,,0,,,0,28,0,,,,,
perle,GPFA50,condition_mean_neural_and_behavior,published_input_causal_train_only;raw_preprocessing_fail,post_bounce,y,217817,49,0.819329217007008,0.0846515271175245,49,0.8338638847416168,0.0745719062616515,49,4.090330550191965,0.5530642846783667,49,3.843687238736244,0.5378092510541356,49,0.014534667734609,0.0213912910657391,49,0.2466433114557206,0.0859684697677577,49,3.9347883943978745,0.5876394318780175,49,3.642370646362808,0.57692879919652,49,0.8672829204502587,0.1435641194146038,49,0.7584165255007743,0.1273686232989519,49,29,32,0.5164065243412473,0.4461706377078065,0.8826681929772402,0.12625056043869406,0.13435185858437204
perle,GPFA50,condition_mean_neural_and_behavior,published_input_causal_train_only;raw_preprocessing_fail,post_bounce,y,218791,56,0.868237504228677,0.0595196053335025,56,0.8776830240044289,0.053821775575391,56,2.8137233354044207,0.7657133615974309,56,3.1602005941010254,0.833139316114822,56,0.0094455197757521,0.0150906030607749,56,-0.3464772586966053,0.1397322973572379,56,2.475556178922475,0.9142247086604584,56,2.94956107675804,0.9272340813173766,56,0.707093738431217,0.0962164188607422,56,0.7898026120081811,0.1051105998676454,56,30,32,0.42342079535676863,0.36383737095332186,0.7274222567013333,0.1504841609794979,0.13398541730140334
perle,GPFA50,condition_mean_neural_and_behavior,published_input_causal_train_only;raw_preprocessing_fail,post_bounce,y,226533,59,,,0,,,0,,,0,,,0,,,0,,,0,,,0,,,0,,,0,,,0,31,0,,,,,
perle,GPFA50,condition_mean_neural_and_behavior,published_input_causal_train_only;raw_preprocessing_fail,post_bounce,y,232533,53,,,0,,,0,,,0,,,0,,,0,,,0,,,0,,,0,,,0,,,0,32,0,,,,,
perle,GPFA50,condition_mean_neural_and_behavior,published_input_causal_train_only;raw_preprocessing_fail,post_bounce,y,241919,43,0.8083148210582543,0.1005026123182358,43,0.7941640589622593,0.1089047756939935,43,4.715416619129633,1.241897101628965,43,4.738412087069928,1.287543396294654,43,-0.0141507620959948,0.0225547691868739,43,-0.0229954679402965,0.1591129806563289,43,4.6111547592940365,1.2686682401459195,43,4.627154041788294,1.31892120177904,43,1.0977460789340376,0.2543637569082222,43,1.0343411331208103,0.2414270832672192,43,33,18,0.11461457125882343,0.09998621954429347,0.19178177274191732,0.024306350958227498,0.02418839247257137
perle,GPFA50,condition_mean_neural_and_behavior,published_input_causal_train_only;raw_preprocessing_fail,post_bounce,y,242380,50,,,0,,,0,8.490984193749599,1.0942750020347938,50,7.51964239356459,1.0697216826360805,50,,,0,0.9713418001850062,0.1278260744857472,50,-8.489071549053445,1.0947673157109636,50,-7.509279919964157,1.072059267402058,50,0.8273079432856238,0.5739597692623593,50,0.2727738503921489,0.205299868473902,50,34,2,0.8146394252842167,0.7717399895324393,1.0326131038694086,0.09594169612091503,0.10833486257024616
perle,GPFA50,condition_mean_neural_and_behavior,published_input_causal_train_only;raw_preprocessing_fail,post_bounce,y,244437,50,,,0,,,0,,,0,,,0,,,0,,,0,,,0,,,0,,,0,,,0,35,0,,,,,
perle,GPFA50,condition_mean_neural_and_behavior,published_input_causal_train_only;raw_preprocessing_fail,post_bounce,y,245662,41,0.8159044235310817,0.1091666055426821,41,0.7900045213546066,0.1364905076270703,41,4.763266661071408,0.7744503321583863,41,5.765366850778514,0.8385257647891627,41,-0.0258999021764752,0.039332014004403,41,-1.002100189707107,0.1166706116264264,41,-4.549510488768123,0.8013056671769497,41,-5.691955784246657,0.8494490376561735,41,0.5275905862750337,0.1207511773753761,41,0.756832970457546,0.1760630025053797,41,36,27,1.4013993885541463,1.2196964803318873,2.3715325593854155,0.2942097279598719,0.2430720238322582
perle,GPFA50,condition_mean_neural_and_behavior,published_input_causal_train_only;raw_preprocessing_fail,post_bounce,y,248856,53,,,0,,,0,,,0,,,0,,,0,,,0,,,0,,,0,,,0,,,0,37,0,,,,,
perle,GPFA50,condition_mean_neural_and_behavior,published_input_causal_train_only;raw_preprocessing_fail,post_bounce,y,251629,52,0.8080218276490693,0.07838054260689,52,0.8208806650799431,0.0711114687870681,52,3.5948221706773964,0.9131182708432118,52,4.880751321753723,1.0000695237743933,52,0.0128588374308735,0.0202121640937243,52,-1.2859291510763262,0.1596932047547048,52,3.2085410415272926,1.0145763618676455,52,4.743764185759746,1.018982609471336,52,0.7204206934301316,0.1133095906776599,52,1.019305094318692,0.1654276888914973,52,38,31,1.534253675070195,1.327398921206758,2.6176893428524295,0.426795430267719,0.31434784809296856
perle,GPFA50,condition_mean_neural_and_behavior,published_input_causal_train_only;raw_preprocessing_fail,post_bounce,y,258471,53,,,0,,,0,,,0,,,0,,,0,,,0,,,0,,,0,,,0,,,0,39,0,,,,,
perle,GPFA50,condition_mean_neural_and_behavior,published_input_causal_train_only;raw_preprocessing_fail,post_bounce,y,269179,52,,,0,,,0,,,0,,,0,,,0,,,0,,,0,,,0,,,0,,,0,40,0,,,,,
perle,GPFA50,condition_mean_neural_and_behavior,published_input_causal_train_only;raw_preprocessing_fail,post_bounce,y,270569,46,0.9627547707179476,0.0569629233539932,46,0.9368561069573172,0.1253447085725353,46,7.942108176215797,0.8252073703538114,46,7.068809689259762,0.7570541007739654,46,-0.0258986637606302,0.0811551190563341,46,0.8732984869560354,0.1402951893603592,46,7.938941598519546,0.8261019768597341,46,7.052492195849737,0.7567471949497538,46,1.683140885273358,0.5146235202465306,46,0.4469855864034081,0.1656220433876463,46,41,3,1.0319678472198737,0.8779732014619226,1.5421878074557123,0.12993626179888912,0.14598891363390776
perle,GPFA50,condition_mean_neural_and_behavior,published_input_causal_train_only;raw_preprocessing_fail,post_bounce,y,273073,52,0.0537876132333278,0.3681223478321935,52,-0.0943706507763905,0.3703210514155446,52,6.257557334913502,0.91988952618207,52,5.97124230858064,0.8819857710613846,52,-0.1481582640097183,0.0640120042476201,52,0.2863150263328624,0.1112656785525266,52,-6.174353822669896,0.9337328284577124,52,-5.845739422592359,0.9039424353879618,52,0.7531533952867991,0.1536687064948865,52,0.6190518517922877,0.1304015162460908,52,42,18,0.29398677070992785,0.2511662835906861,0.5014849947869733,0.04698107503860236,0.049233770046054
perle,GPFA50,condition_mean_neural_and_behavior,published_input_causal_train_only;raw_preprocessing_fail,post_bounce,y,273515,43,0.8058011730627306,0.0997955465707471,43,0.7760175457672019,0.1261621760176935,43,5.192621792162368,0.6994525466847759,43,5.044168562883145,0.6822374862763961,43,-0.0297836272955287,0.0354236110993163,43,0.1484532292792232,0.0724388022850536,43,-5.139467582176508,0.707709473890439,43,-4.986542519889888,0.6927963387773017,43,1.0733777512888782,0.2309003104854139,43,1.0265985986914692,0.233644985574762,43,43,23,0.027066580057153223,0.023372771664097583,0.04600817705040949,0.005212507504014049,0.005365915060079299
perle,GPFA50,condition_mean_neural_and_behavior,published_input_causal_train_only;raw_preprocessing_fail,post_bounce,y,287936,52,,,0,,,0,,,0,,,0,,,0,,,0,,,0,,,0,,,0,,,0,44,0,,,,,
perle,GPFA50,condition_mean_neural_and_behavior,published_input_causal_train_only;raw_preprocessing_fail,post_bounce,y,297652,55,,,0,,,0,,,0,,,0,,,0,,,0,,,0,,,0,,,0,,,0,45,0,,,,,
perle,GPFA50,condition_mean_neural_and_behavior,published_input_causal_train_only;raw_preprocessing_fail,post_bounce,y,301600,50,,,0,,,0,,,0,,,0,,,0,,,0,,,0,,,0,,,0,,,0,46,0,,,,,
perle,GPFA50,condition_mean_neural_and_behavior,published_input_causal_train_only;raw_preprocessing_fail,post_bounce,y,320246,53,0.75065195549931,0.1227312963215406,53,0.7355394022199645,0.1299283568473314,53,4.515149597362117,0.9308633229672894,53,4.684752818249097,0.9725186986056112,53,-0.0151125532793457,0.0166629044367497,53,-0.16960322088698,0.1118682591126688,53,-4.416586654035382,0.9610050744957896,53,-4.602586227746677,0.9972549388435492,53,0.9651621372297736,0.1338012003420505,53,1.058834387416456,0.1540452460881976,53,47,24,0.3661484506677863,0.3183941136963317,0.6187673125011788,0.08109331546438704,0.07815747487070884
perle,GPFA50,condition_mean_neural_and_behavior,published_input_causal_train_only;raw_preprocessing_fail,post_bounce,y,325813,56,0.829626037006834,0.0880706870058526,56,0.8337268900827268,0.085674851719047,56,5.905729745315078,0.8134324962361645,56,5.534937074551224,0.8052881502133467,56,0.0041008530758927,0.0175557664532833,56,0.3707926707638536,0.1770446519150007,56,5.808841286150281,0.8544163963838883,56,5.447050961120253,0.8383184962780424,56,1.7545686865417185,0.4349462869247247,56,1.3879008819040972,0.3485795317724175,56,48,13,0.46609798965340055,0.4015305980787846,0.7810734181320367,0.07892301370938092,0.08421016957834015
perle,GPFA50,condition_mean_neural_and_behavior,published_input_causal_train_only;raw_preprocessing_fail,post_bounce,y,328386,47,,,0,,,0,,,0,,,0,,,0,,,0,,,0,,,0,,,0,,,0,49,0,,,,,
perle,GPFA50,condition_mean_neural_and_behavior,published_input_causal_train_only;raw_preprocessing_fail,post_bounce,y,330797,55,,,0,,,0,,,0,,,0,,,0,,,0,,,0,,,0,,,0,,,0,50,0,,,,,
perle,GPFA50,condition_mean_neural_and_behavior,published_input_causal_train_only;raw_preprocessing_fail,post_bounce,y,332165,48,0.8002170463247431,0.1582773267003167,48,0.8093696730228506,0.1483986513428169,48,3.9328749392664832,1.2516420386742848,48,6.222334826096836,1.4060680975424773,48,0.0091526266981077,0.0209037095098387,48,-2.2894598868303526,0.2740099553393957,48,3.4460028802395057,1.4023919780128933,48,6.178952484820294,1.420944617650315,48,0.4416032808870094,0.1035857096593099,48,1.1248641266074246,0.2587405425916137,48,51,27,3.030480888855456,2.6042422837916086,5.190852382745875,0.7705510436140816,0.48703275756641096
perle,GPFA50,condition_mean_neural_and_behavior,published_input_causal_train_only;raw_preprocessing_fail,post_bounce,y,340684,52,0.233236132108453,0.51260208947573,52,0.2207375849828671,0.5193718728803307,52,6.541119675021936,0.8126387158680016,52,6.10633598765265,0.8673665604835914,52,-0.0124985471255858,0.1149345328468704,52,0.434783687369287,0.1361102694338978,52,6.478248250774983,0.8207161643424433,52,6.004139423679619,0.8845185957798698,52,0.6355992130509847,0.1818241322335521,52,0.4808094552876612,0.1254077036521033,52,52,31,0.4659425321103046,0.4027733519151656,0.7956333110400182,0.07123284013432181,0.07630476492817727
perle,GPFA50,condition_mean_neural_and_behavior,published_input_causal_train_only;raw_preprocessing_fail,post_bounce,y,351612,48,,,0,,,0,,,0,,,0,,,0,,,0,,,0,,,0,,,0,,,0,53,0,,,,,
perle,GPFA50,condition_mean_neural_and_behavior,published_input_causal_train_only;raw_preprocessing_fail,post_bounce,y,356164,56,,,0,,,0,,,0,,,0,,,0,,,0,,,0,,,0,,,0,,,0,54,0,,,,,
perle,GPFA50,condition_mean_neural_and_behavior,published_input_causal_train_only;raw_preprocessing_fail,post_bounce,y,356765,58,,,0,,,0,,,0,,,0,,,0,,,0,,,0,,,0,,,0,,,0,55,0,,,,,
perle,GPFA50,condition_mean_neural_and_behavior,published_input_causal_train_only;raw_preprocessing_fail,post_bounce,y,370777,49,,,0,,,0,,,0,,,0,,,0,,,0,,,0,,,0,,,0,,,0,56,0,,,,,
perle,GPFA50,condition_mean_neural_and_behavior,published_input_causal_train_only;raw_preprocessing_fail,post_bounce,y,377134,51,,,0,,,0,,,0,,,0,,,0,,,0,,,0,,,0,,,0,,,0,57,0,,,,,
perle,GPFA50,condition_mean_neural_and_behavior,published_input_causal_train_only;raw_preprocessing_fail,post_bounce,y,379400,46,,,0,,,0,,,0,,,0,,,0,,,0,,,0,,,0,,,0,,,0,58,0,,,,,
perle,GPFA50,condition_mean_neural_and_behavior,published_input_causal_train_only;raw_preprocessing_fail,post_bounce,y,381514,52,,,0,,,0,,,0,,,0,,,0,,,0,,,0,,,0,,,0,,,0,59,0,,,,,
perle,GPFA50,condition_mean_neural_and_behavior,published_input_causal_train_only;raw_preprocessing_fail,post_bounce,y,388571,46,,,0,,,0,,,0,,,0,,,0,,,0,,,0,,,0,,,0,,,0,60,0,,,,,
perle,GPFA50,condition_mean_neural_and_behavior,published_input_causal_train_only;raw_preprocessing_fail,post_bounce,y,394672,41,,,0,,,0,,,0,,,0,,,0,,,0,,,0,,,0,,,0,,,0,61,0,,,,,
perle,GPFA50,condition_mean_neural_and_behavior,published_input_causal_train_only;raw_preprocessing_fail,post_bounce,y,396358,53,,,0,,,0,,,0,,,0,,,0,,,0,,,0,,,0,,,0,,,0,62,0,,,,,
perle,GPFA50,condition_mean_neural_and_behavior,published_input_causal_train_only;raw_preprocessing_fail,post_bounce,y,400995,60,,,0,,,0,,,0,,,0,,,0,,,0,,,0,,,0,,,0,,,0,63,0,,,,,
perle,GPFA50,condition_mean_neural_and_behavior,published_input_causal_train_only;raw_preprocessing_fail,post_bounce,y,401673,46,,,0,,,0,,,0,,,0,,,0,,,0,,,0,,,0,,,0,,,0,64,0,,,,,
perle,GPFA50,condition_mean_neural_and_behavior,published_input_causal_train_only;raw_preprocessing_fail,post_bounce,y,406460,40,,,0,,,0,,,0,,,0,,,0,,,0,,,0,,,0,,,0,,,0,65,0,,,,,
perle,GPFA50,condition_mean_neural_and_behavior,published_input_causal_train_only;raw_preprocessing_fail,post_bounce,y,413189,63,,,0,,,0,,,0,,,0,,,0,,,0,,,0,,,0,,,0,,,0,66,0,,,,,
perle,GPFA50,condition_mean_neural_and_behavior,published_input_causal_train_only;raw_preprocessing_fail,post_bounce,y,413513,37,,,0,,,0,,,0,,,0,,,0,,,0,,,0,,,0,,,0,,,0,67,0,,,,,
perle,GPFA50,condition_mean_neural_and_behavior,published_input_causal_train_only;raw_preprocessing_fail,post_bounce,y,420020,48,,,0,,,0,,,0,,,0,,,0,,,0,,,0,,,0,,,0,,,0,68,0,,,,,
perle,GPFA50,condition_mean_neural_and_behavior,published_input_causal_train_only;raw_preprocessing_fail,post_bounce,y,428615,50,0.793749270615359,0.1199581616352956,50,0.7940292556113968,0.1413917247140353,50,6.561572653813513,0.8829459310436224,50,6.229357158321403,0.9429365473401656,50,0.0002799849960378,0.0459974831893175,50,0.3322154954921102,0.1415793440902355,50,-6.481022829329936,0.888389545223947,50,-6.1174082631062685,0.9542707892333744,50,0.8572646184268053,0.2423950408063001,50,0.7352576878350112,0.1904103125179385,50,69,49,0.543173300205712,0.46808423248981007,0.9357283598027442,0.08278096256238597,0.0871957228331532
perle,GPFA50,condition_mean_neural_and_behavior,published_input_causal_train_only;raw_preprocessing_fail,post_bounce,y,435203,57,,,0,,,0,,,0,,,0,,,0,,,0,,,0,,,0,,,0,,,0,70,0,,,,,
perle,GPFA50,condition_mean_neural_and_behavior,published_input_causal_train_only;raw_preprocessing_fail,post_bounce,y,448412,48,,,0,,,0,,,0,,,0,,,0,,,0,,,0,,,0,,,0,,,0,71,0,,,,,
perle,GPFA50,condition_mean_neural_and_behavior,published_input_causal_train_only;raw_preprocessing_fail,post_bounce,y,454477,51,,,0,,,0,,,0,,,0,,,0,,,0,,,0,,,0,,,0,,,0,72,0,,,,,
perle,GPFA50,condition_mean_neural_and_behavior,published_input_causal_train_only;raw_preprocessing_fail,post_bounce,y,456038,45,0.843777912594006,0.133807239678211,45,0.8362018638072105,0.1681437277348789,45,3.986632847344957,1.0658347180564864,45,4.621046248600239,1.0980873340905726,45,-0.0075760487867952,0.0465259212793668,45,-0.6344134012552824,0.0966709774349973,45,-3.8547406782333655,1.075424314884863,45,-4.556086927121921,1.106099757110986,45,0.6966283007505005,0.2061664687039802,45,0.9191748047428294,0.28418894318771,45,73,22,0.9124564482094355,0.7889141440108864,1.5476902846045961,0.22887897710899538,0.1974566795313567
perle,GPFA50,condition_mean_neural_and_behavior,published_input_causal_train_only;raw_preprocessing_fail,post_bounce,y,460651,46,,,0,,,0,,,0,,,0,,,0,,,0,,,0,,,0,,,0,,,0,74,0,,,,,
perle,GPFA50,condition_mean_neural_and_behavior,published_input_causal_train_only;raw_preprocessing_fail,post_bounce,y,463174,54,0.5827736441045432,0.2070584455216859,54,0.6196209891916737,0.1678784882920804,54,5.374493683582467,1.1419187557600772,54,7.518636478372119,1.3155806961495449,54,0.0368473450871303,0.060018748200484,54,-2.1441427947896505,0.2723057573680057,54,-4.817798064680304,1.2201809620060973,54,-7.432972455487949,1.3201391372628255,54,0.3513338773666253,0.0670314110212963,54,0.7034924495350005,0.1223972133119805,54,75,28,2.7564611751537242,2.396799510855201,4.672062705228497,0.5128782983918877,0.3666171629766749
perle,GPFA50,condition_mean_neural_and_behavior,published_input_causal_train_only;raw_preprocessing_fail,post_bounce,y,464785,55,,,0,,,0,,,0,,,0,,,0,,,0,,,0,,,0,,,0,,,0,76,0,,,,,
perle,GPFA50,condition_mean_neural_and_behavior,published_input_causal_train_only;raw_preprocessing_fail,post_bounce,y,465431,50,,,0,,,0,,,0,,,0,,,0,,,0,,,0,,,0,,,0,,,0,77,0,,,,,
perle,GPFA50,condition_mean_neural_and_behavior,published_input_causal_train_only;raw_preprocessing_fail,post_bounce,y,469268,52,0.9000289333587947,0.0628805154697208,52,0.8789651468450081,0.0798550760284945,52,4.418664947994047,0.9598350376656823,52,5.151153085864995,1.0708526645934613,52,-0.0210637865137866,0.0345501960867717,52,-0.7324881378709469,0.1743523348560231,52,-4.359253998711417,0.9759308959301548,52,-5.123344049526592,1.08121041204693,52,0.7397702558267271,0.1917752803128281,52,1.0063357288127914,0.2558427541734463,52,78,18,0.9587138342466974,0.8360948430555747,1.604687511131651,0.21696911748919256,0.18611635458426834
perle,GPFA50,condition_mean_neural_and_behavior,published_input_causal_train_only;raw_preprocessing_fail,visible,y,29337,45,-0.0490282078905651,0.1734551769547664,45,-0.0357898695235185,0.170677084003009,45,4.797488276112457,0.6313765444493215,45,4.846428979505166,0.6691167855354001,45,0.0132383383670465,0.023563978246289,45,-0.0489407033927087,0.1203423982468244,45,4.24706858485035,0.7047551167929768,45,4.322045217762818,0.7418979293277662,45,0.7906622860809343,0.1112642982426074,45,0.8161897433122361,0.1097007731819204,45,0,35,0.08793714483314584,0.07703100925120483,0.14842872856292377,0.01832983006357732,0.01814472990422826
perle,GPFA50,condition_mean_neural_and_behavior,published_input_causal_train_only;raw_preprocessing_fail,visible,y,55062,48,0.4636605319830753,0.1856314465004881,48,0.4399452532216609,0.1773314020058675,48,5.15530959015883,1.0863380136762204,48,5.1685718939987115,1.0923817929928004,48,-0.0237152787614144,0.0319407113096912,48,-0.0132623038398805,0.0917757681925239,48,4.91474131577924,1.1276059093933684,48,4.928336456536162,1.1358484923883656,48,0.9262986104866578,0.1837228260620697,48,0.9353921528619976,0.1877113967231076,48,1,35,0.16992588866691785,0.07417924626522053,0.552625628453737,0.032961335433917674,0.03287675825196913
perle,GPFA50,condition_mean_neural_and_behavior,published_input_causal_train_only;raw_preprocessing_fail,visible,y,58244,58,-0.2089732765320385,0.2369409405543006,58,-0.2272631313215718,0.2248486969510231,58,2.679199705605744,0.3322829105655238,58,2.6674970422701603,0.2995990832958133,58,-0.0182898547895332,0.0288705836438444,58,0.0117026633355845,0.0560934926637073,58,-0.9985858790950396,0.7034728354574451,58,-0.8426286612564506,0.6886732562652039,58,0.4589572018584085,0.0666223471274913,58,0.4529742289594695,0.0654456238153336,58,2,35,0.06970921835388888,0.061063252425524094,0.11766290430071535,0.026018671996729047,0.026132819361840115
perle,GPFA50,condition_mean_neural_and_behavior,published_input_causal_train_only;raw_preprocessing_fail,visible,y,59920,43,,,0,,,0,,,0,,,0,,,0,,,0,,,0,,,0,,,0,,,0,3,0,,,,,
perle,GPFA50,condition_mean_neural_and_behavior,published_input_causal_train_only;raw_preprocessing_fail,visible,y,68220,53,0.5036763405777896,0.1369487772759657,53,0.4847031246703563,0.1328396202463614,53,3.032170128759424,0.6019572007012429,53,2.9229853550264755,0.5768174871344746,53,-0.0189732159074332,0.023554474232583,53,0.1091847737329479,0.0789366506111807,53,2.174080971425917,0.806271459817757,53,1.9759721853355348,0.8146431662965254,53,0.5430586827053334,0.0779607283668734,53,0.5317041565626994,0.0757806658444032,53,4,36,0.010451779445734421,0.009155122114986897,0.017649095220610977,0.0034469633964802106,0.0035757207704654246
perle,GPFA50,condition_mean_neural_and_behavior,published_input_causal_train_only;raw_preprocessing_fail,visible,y,72780,47,0.294880700353565,0.1552891984055931,47,0.3537250285385998,0.1510833307377796,47,7.549412028680723,0.8945832657252418,47,7.503053572014715,0.9060691119487873,47,0.0588443281850347,0.013323635594901,47,0.0463584566660098,0.0725468191026822,47,-7.342477935248013,0.906460062466224,47,-7.312913818676634,0.9142127218420072,47,1.1998910055842142,0.1628940877736238,47,1.1602953756932932,0.164336429897522,47,5,33,0.09756609944991193,0.04625263053720813,0.29377693988272213,0.012923668635286002,0.013003518969106008
perle,GPFA50,condition_mean_neural_and_behavior,published_input_causal_train_only;raw_preprocessing_fail,visible,y,77046,50,0.6119878109542336,0.1540191831794663,50,0.617776561948182,0.1574234380181246,50,1.5724757384174128,0.274381836329625,50,1.5590748698976935,0.2702951912873848,50,0.0057887509939484,0.0175681089737153,50,0.013400868519719,0.0711445172776786,50,0.2220135120963109,0.6889204013410429,50,0.1183653444826112,0.6635617018683451,50,0.7290287056229019,0.106146739352964,50,0.6932313654871898,0.105127210928561,50,6,32,0.06089981701874487,0.053402928351880444,0.10254498925436328,0.03872862107242194,0.03906150897213879
perle,GPFA50,condition_mean_neural_and_behavior,published_input_causal_train_only;raw_preprocessing_fail,visible,y,77944,48,0.7057998294684028,0.0937574697724279,48,0.7094946953965806,0.0961282783680142,48,2.3969044550337815,0.7011767595782286,48,2.2850605893337375,0.6954693455721995,48,0.0036948659281776,0.0118850947059081,48,0.1118438657000441,0.100842846278665,48,-1.9939570801759727,0.8201806456951583,48,-1.8929957849757235,0.8160136100115045,48,1.1429378688829563,0.1035529053918242,48,1.1514435018962248,0.1028015210530899,48,7,31,0.12875689804662835,0.11294777880431886,0.21661527991942808,0.05371799354631083,0.056347257769725226
perle,GPFA50,condition_mean_neural_and_behavior,published_input_causal_train_only;raw_preprocessing_fail,visible,y,90751,53,0.7854102760495567,0.0789602258194241,53,0.7896849201958878,0.0801940849651566,53,1.946050286457006,0.3044007472572109,53,1.9180825002886464,0.3223941207573397,53,0.004274644146331,0.0137220183202129,53,0.0279677861683589,0.0510137115040945,53,0.7598224267783829,0.7339954834245433,53,0.8462799434118969,0.7509111306861724,53,0.6041085924212568,0.0688492271574571,53,0.6225058736722343,0.0680340949371139,53,8,36,0.18124250499984038,0.15871887637915302,0.3061291522919496,0.09313351574784424,0.09449150647720614
perle,GPFA50,condition_mean_neural_and_behavior,published_input_causal_train_only;raw_preprocessing_fail,visible,y,93053,48,0.5681532120174173,0.2259264696546101,48,0.5403598515205013,0.2290129930325571,48,4.790237762232748,0.8065929236633055,48,4.8759545135104405,0.8125518214575265,48,-0.0277933604969159,0.0200479118721125,48,-0.0857167512776929,0.0771990364626168,48,4.457639698044101,0.8117898685716501,48,4.533402208577793,0.8220233147945541,48,0.5381002740485372,0.0923113838403359,48,0.5197829878744691,0.0891848221658514,48,9,33,1.4027366462805195e-15,9.352787904417985e-16,3.552713678800501e-15,2.9283236363338643e-16,2.876845225675865e-16
perle,GPFA50,condition_mean_neural_and_behavior,published_input_causal_train_only;raw_preprocessing_fail,visible,y,99902,46,0.7229097036295639,0.1265141938431426,46,0.71389476258288,0.1212520270983677,46,4.174902886115095,1.0015443818022765,46,4.253942001878653,1.0039351891843986,46,-0.0090149410466836,0.0154267727166102,46,-0.0790391157635584,0.0784360102033832,46,4.00306186543558,1.0170613700939517,46,4.086005743751024,1.0200966637130024,46,0.7188873896269967,0.1123401818529886,46,0.7122349684694472,0.1100633697727468,46,10,32,0.08965842967980331,0.03499030860212929,0.3184327825994391,0.02147557251642657,0.021076551969962866
perle,GPFA50,condition_mean_neural_and_behavior,published_input_causal_train_only;raw_preprocessing_fail,visible,y,105802,56,-0.0380500688819277,0.1183874291560378,56,-0.0154456910667743,0.1205557440812633,56,4.233140771009037,0.7232916403865228,56,4.299326354455201,0.7374129448901968,56,0.0226043778151533,0.0185691755127782,56,-0.0661855834461638,0.0694303715081327,56,3.2919379253867525,0.8828503170806103,56,3.4236848733428347,0.8810521675701571,56,1.0775697629564396,0.1452859661776605,56,1.1059164824439678,0.15471114057331,56,11,31,0.07905283164675707,0.06489332457566035,0.14190060012200778,0.018674746700642692,0.018387260033153364
perle,GPFA50,condition_mean_neural_and_behavior,published_input_causal_train_only;raw_preprocessing_fail,visible,y,118879,59,0.7216001775202386,0.0931863400866917,59,0.7139505600248072,0.0968231929921846,59,3.619574482517745,1.0211317721428417,59,3.5068178909230827,1.0288229510632647,59,-0.0076496174954311,0.0145032492466347,59,0.1127565915946617,0.14586399337438,59,-3.4351655029993045,1.0864892635052823,59,-3.3205729212673054,1.1004691655914645,59,1.1559836098114813,0.1200538702321349,59,1.2726517955257173,0.1311327673061608,59,12,28,0.28858311638904804,0.2534789162086071,0.48401958374865384,0.07972846470845714,0.0822920166844152
perle,GPFA50,condition_mean_neural_and_behavior,published_input_causal_train_only;raw_preprocessing_fail,visible,y,122957,51,-0.1611518652177733,0.139039765856532,51,-0.1315130694098087,0.1382615278284139,51,4.212416385924387,0.6300064075565072,51,4.122619988746125,0.6364733257567187,51,0.0296387958079645,0.0232887812159112,51,0.0897963971782619,0.0599211820069275,51,3.517788067902827,0.7021465503723303,51,3.397261834222983,0.7224849261265794,51,1.3571951420250217,0.1801112071985987,51,1.2553339970750823,0.1690769081788169,51,13,27,0.1817242994548764,0.15969433472190656,0.30444440956364316,0.04314015586448209,0.04407980845941296
perle,GPFA50,condition_mean_neural_and_behavior,published_input_causal_train_only;raw_preprocessing_fail,visible,y,126479,53,0.4647295205949757,0.2482611561189833,53,0.4451349208375504,0.2497532703878621,53,2.499340641436859,0.6057310869092098,53,1.8365587809280928,0.5374749509197293,53,-0.0195945997574253,0.0262592711076707,53,0.6627818605087653,0.1039045976991286,53,2.0585298395101166,0.7075188957932954,53,1.3756509934574654,0.7010575084014251,53,0.6463012911018403,0.1301488780980231,53,0.8422935603931268,0.1672794082161263,53,14,28,0.7708361233815767,0.6770941480018664,1.2928157418270656,0.3084157919900133,0.41971764333730704
perle,GPFA50,condition_mean_neural_and_behavior,published_input_causal_train_only;raw_preprocessing_fail,visible,y,158705,57,0.0142261762285491,0.151039878594795,57,0.0136762624681388,0.1538770634831052,57,5.534591555723693,0.7872531335355907,57,5.676879544744509,0.8025931889240022,57,-0.0005499137604102,0.0140849519344275,57,-0.1422879890208154,0.0941869901443386,57,-4.718914440951052,0.9717798878784184,57,-4.939396111241062,0.962829734559928,57,0.9994772009817944,0.099772592507458,57,1.0637144879056737,0.1051801494526393,57,15,31,0.21307208830167698,0.1717343597383117,0.3892765773567959,0.038498249808755054,0.03753331150014148
perle,GPFA50,condition_mean_neural_and_behavior,published_input_causal_train_only;raw_preprocessing_fail,visible,y,159613,50,0.7115405283408076,0.1068185943991955,50,0.7087605579959206,0.1055777175663534,50,2.6060928611739507,0.4640685962122516,50,2.647257020554843,0.4752519280491011,50,-0.0027799703448869,0.01165425951567,50,-0.0411641593808919,0.0868780088270765,50,2.003032680922032,0.5656259427093578,50,2.098256088953941,0.5651053594148777,50,0.7149412731875682,0.1058892011969782,50,0.7475927096714406,0.1076969210009097,50,16,31,0.17788116151281477,0.15599387248784322,0.29935592977915426,0.06825587996610594,0.06719451875342741
perle,GPFA50,condition_mean_neural_and_behavior,published_input_causal_train_only;raw_preprocessing_fail,visible,y,163248,39,0.4020421976003687,0.1297334363199669,39,0.3662262346380112,0.1316547625622037,39,2.1157377750201207,0.4531362977052357,39,2.153998082039466,0.4710883577364896,39,-0.0358159629623574,0.0233289287139794,39,-0.0382603070193455,0.0615172376850439,39,-1.0566569442235887,0.8122621027221991,39,-1.0942631188921357,0.8036370765272586,39,7.987172637189382,1.2345480225260743,39,9.500946237100763,1.4767582942651925,39,17,22,0.07086706690504306,0.06246573551113035,0.11785797429528322,0.03349520330059291,0.0329002460568322
perle,GPFA50,condition_mean_neural_and_behavior,published_input_causal_train_only;raw_preprocessing_fail,visible,y,167848,56,-0.1673006049072666,0.1772951294825334,56,-0.1706259477188833,0.1727018501570525,56,5.379334629543574,0.716546407399029,56,5.289736084011693,0.7233048293909252,56,-0.0033253428116167,0.0317932250718324,56,0.0895985455318826,0.1032293959078033,56,-4.7868695051365435,0.7861614853589837,56,-4.680485805500881,0.7950574976064986,56,0.8771186756760224,0.1191375802486102,56,0.8824318553385366,0.1176645856012446,56,18,27,0.0009135580720965572,0.0008021959867042095,0.001531761809169474,0.00016982733646634488,0.00017270390385974079
perle,GPFA50,condition_mean_neural_and_behavior,published_input_causal_train_only;raw_preprocessing_fail,visible,y,179553,58,-0.0014118190506519,0.1997082968952175,58,-0.0011554691341731,0.2020566825667941,58,2.0422031501248403,0.4645363627720672,58,2.0311672497865456,0.4602733680459449,58,0.0002563499164788,0.020459626787745,58,0.0110359003382953,0.0483144968363535,58,0.7809772854150567,0.8133342188710465,58,0.8123255491049324,0.7966316360551255,58,1.121229311873576,0.1578258300858065,58,1.1061315738738626,0.1612014472290319,58,19,24,0.011190455664021486,0.009847983534055573,0.018677032772601798,0.005479599648711447,0.005509371847738036
perle,GPFA50,condition_mean_neural_and_behavior,published_input_causal_train_only;raw_preprocessing_fail,visible,y,182748,51,0.6634887574997452,0.1185622416878919,51,0.6703852140256019,0.1205234484706714,51,4.147602794702026,0.8478273428750708,51,4.184450867743036,0.8601198221081201,51,0.0068964565258564,0.0118749058035445,51,-0.0368480730410094,0.0702281738927775,51,-3.7023714836146135,0.9905860517921568,51,-3.754382551544893,0.9966174101402802,51,0.7607359235968111,0.098271567902273,51,0.7438840389275697,0.0955499951132628,51,20,31,8.664238086864331e-16,6.303201688194437e-16,1.7763568394002505e-15,2.0889748888036398e-16,2.0705794764266296e-16
perle,GPFA50,condition_mean_neural_and_behavior,published_input_causal_train_only;raw_preprocessing_fail,visible,y,183171,51,0.5397012642991356,0.150292081855183,51,0.5397277915089232,0.1512357839776068,51,2.638326025692048,0.8102961110929023,51,2.307940720925787,0.7613332414278825,51,2.6527209787389577e-05,0.0135101280696074,51,0.3303853047662613,0.1072465107457553,51,-2.2590687297315246,0.9566247079298276,51,-1.8861209634592844,0.9293258091057656,51,1.0955204455576866,0.1767946129386908,51,1.208813105160583,0.1933311625870833,51,21,24,0.25224805638691167,0.22205228702896307,0.4208696505117864,0.09560913015696972,0.1092957258823039
perle,GPFA50,condition_mean_neural_and_behavior,published_input_causal_train_only;raw_preprocessing_fail,visible,y,184642,57,0.3276571944257309,0.1446413340309116,57,0.2967304442318252,0.1494713966024778,57,2.177835289238711,0.4211285714827103,57,2.1614737204058265,0.4083260032499554,57,-0.0309267501939056,0.0254470760086727,57,0.0163615688328851,0.0730087601282776,57,0.666405485083899,1.0137856670205154,57,0.6688848874946717,0.9977447209814212,57,0.7281581966905978,0.0879688318581054,57,0.7373054780726042,0.0876300384176121,57,22,27,0.12031171282699914,0.10572365435005811,0.2015655140592374,0.05524371536336688,0.055661890168347765
perle,GPFA50,condition_mean_neural_and_behavior,published_input_causal_train_only;raw_preprocessing_fail,visible,y,187617,54,-0.0446608629401396,0.1338495496029097,54,-0.0657044150692236,0.137656775647638,54,4.806627464222292,0.797736056361463,54,4.77537110816882,0.7714282020233588,54,-0.0210435521290839,0.0169523256027109,54,0.0312563560534716,0.1094824204594422,54,4.374819094415881,0.881412883124213,54,4.257758694930918,0.8666567531748794,54,1.584654194244774,0.2584533382030227,54,1.289507702169908,0.2072115844065086,54,23,24,0.38264168510513885,0.29633387710892206,0.7222337396360645,0.07960710247534232,0.08012815683593393
perle,GPFA50,condition_mean_neural_and_behavior,published_input_causal_train_only;raw_preprocessing_fail,visible,y,197632,47,0.5851186338191691,0.1403905360226981,47,0.5766020099493048,0.1441498491020616,47,3.6961928841138585,0.6896331377269989,47,3.801515899951623,0.7176448850891085,47,-0.0085166238698641,0.0211764629889891,47,-0.105323015837764,0.0708359639318672,47,3.194823117061804,0.8079735188395263,47,3.32935344108288,0.8293324513612415,47,0.6691233148074164,0.1107974510686192,47,0.6883703301327475,0.115475627719486,47,24,29,0.11930908230717475,0.10474421814932017,0.2003332158360307,0.032278911314385705,0.03138460694290218
perle,GPFA50,condition_mean_neural_and_behavior,published_input_causal_train_only;raw_preprocessing_fail,visible,y,199564,49,0.7065236525504592,0.0938841007282893,49,0.7045601104939035,0.0918674660232402,49,2.649743289127084,0.7238150409710533,49,2.566621106165915,0.7048540354562876,49,-0.0019635420565555,0.0134617982663038,49,0.0831221829611687,0.0715482962412564,49,2.3004321878080547,0.8861550399121503,49,2.177453301302572,0.8859633104233218,49,0.7838928206244717,0.1264546561762218,49,0.748386817360711,0.1257428648831887,49,25,26,0.1112196051189287,0.0977987201416193,0.18607245634944025,0.041973728389201145,0.043333082881513205
perle,GPFA50,condition_mean_neural_and_behavior,published_input_causal_train_only;raw_preprocessing_fail,visible,y,204372,53,0.3367051019259369,0.2127636333810628,53,0.2878369587071364,0.2137762224945687,53,2.0789597255779357,0.2866694714585184,53,1.966350286207904,0.2568527903158568,53,-0.0488681432188005,0.04257948642667,53,0.1126094393700313,0.0982370195507016,53,0.6000304205060101,0.721302465029047,53,0.3992781414666303,0.7438001813735603,53,0.5374303225677395,0.0969483784423791,53,0.5876947358725784,0.1044403836205262,53,26,27,0.3436292833615816,0.3019733305937481,0.5756825725373544,0.16528905256500587,0.17475486731525786
perle,GPFA50,condition_mean_neural_and_behavior,published_input_causal_train_only;raw_preprocessing_fail,visible,y,204678,45,0.6414699058054472,0.0973611721873974,45,0.6153963916793017,0.1015809162276534,45,4.879211242158561,1.053562706071454,45,5.016133354908817,1.0630082041426117,45,-0.0260735141261455,0.0177716429102205,45,-0.1369221127502563,0.0905268422122925,45,-4.674406361242652,1.1239951507143475,45,-4.802502462332715,1.1372128056012722,45,1.15007519167547,0.1776176496007035,45,1.1548190159807334,0.1816813015852722,45,27,24,1.472877282518059e-15,1.0362081563168128e-15,3.552713678800501e-15,3.0186790639268546e-16,2.9362801550654407e-16
perle,GPFA50,condition_mean_neural_and_behavior,published_input_causal_train_only;raw_preprocessing_fail,visible,y,206128,53,-0.1316246403676725,0.2024840124434259,53,-0.1554764763040142,0.2127677466925525,53,3.335007942944103,0.3910094546383625,53,3.2720644486346986,0.4743159976440414,53,-0.0238518359363417,0.0323784109934639,53,0.0629434943094046,0.1514040685717004,53,-0.5377652044387348,1.006466011721984,53,-1.0248718734089224,1.0145347914993812,53,0.5858993222948102,0.0994949064249329,53,0.6122574183037148,0.1062163756088707,53,28,21,0.42939159180458975,0.37877692369545285,0.7127822905070789,0.1287527943413317,0.13122956425377186
perle,GPFA50,condition_mean_neural_and_behavior,published_input_causal_train_only;raw_preprocessing_fail,visible,y,217817,49,0.230258809170724,0.1728984369979317,49,0.1915548253482436,0.1804357196618403,49,5.503592756207415,0.5888233309872599,49,5.4976125465139845,0.5858495905053746,49,-0.0387039838224804,0.0222219015982425,49,0.0059802096934311,0.09595301182623,49,5.230468710442816,0.61993470940719,49,5.201264872077656,0.617555905112283,49,1.8203931459914235,0.2490629626305419,49,1.5563592030920887,0.2188874700703268,49,29,23,0.21368969057320325,0.1536567491642318,0.4320900714087932,0.038827307913032995,0.03886954360010385
perle,GPFA50,condition_mean_neural_and_behavior,published_input_causal_train_only;raw_preprocessing_fail,visible,y,218791,56,0.3123007012987554,0.3297896552440102,56,0.3501753815604337,0.3349574881282279,56,3.623008330789885,0.8219849872971634,56,3.736783653584885,0.8359894137220739,56,0.0378746802616783,0.0583426370936331,56,-0.1137753227950005,0.0947595879257115,56,3.442776962457532,0.9044864029187716,56,3.5869092756360974,0.9076466852364325,56,0.7567313055292093,0.1435979916846534,56,0.7962235497953271,0.1500836254532009,56,30,27,0.14398215738644599,0.09136228390388569,0.3286517368486761,0.039741050596771646,0.03853103918615054
perle,GPFA50,condition_mean_neural_and_behavior,published_input_causal_train_only;raw_preprocessing_fail,visible,y,226533,59,-0.0461172100579488,0.1681853130628604,59,-0.0246579293629318,0.1646972216364769,59,5.212183865880395,0.8502787504954666,59,5.344309224695849,0.8641967580579825,59,0.021459280695017,0.0250461386348357,59,-0.1321253588154525,0.0987243088094651,59,-4.859898015761918,0.8845475521991738,59,-5.016245310411748,0.8922760574216501,59,1.3117509976821071,0.1761686798929937,59,1.3698758156720738,0.1808010595235201,59,31,22,0.08701636152494976,0.07670748580059,0.14470107696186707,0.016694798910408686,0.016282059638849204
perle,GPFA50,condition_mean_neural_and_behavior,published_input_causal_train_only;raw_preprocessing_fail,visible,y,232533,53,0.5796596229277657,0.2047413876411271,53,0.5626738784539328,0.212302928952274,53,1.2122504830583654,0.3390939142308008,53,1.2095980633469,0.3367501724195679,53,-0.0169857444738329,0.0275586232391846,53,0.0026524197114653,0.0484971352143152,53,0.3241307503501238,0.6774692967884479,53,0.3255705876195235,0.6739856816503746,53,1.0764895927594853,0.1793652984097782,53,1.0666651548926955,0.1948064678218218,53,32,21,0.038970106386878534,0.03437611175526725,0.0646904707469158,0.03214690934876886,0.032217401439160805
perle,GPFA50,condition_mean_neural_and_behavior,published_input_causal_train_only;raw_preprocessing_fail,visible,y,241919,43,0.6528871999549614,0.2247514366459474,43,0.639393763517715,0.2289875664733052,43,4.085664155261321,1.0483553591206167,43,4.236990626939771,1.0833873378301024,43,-0.0134934364372463,0.0241269272785281,43,-0.1513264716784514,0.0838908205083833,43,3.749615756481472,1.0535687135469571,43,3.9039752462023967,1.0914155681280833,43,0.5304171702418391,0.1310950227085561,43,0.5230503523752037,0.1270554583208005,43,33,27,1.6964319763929547e-15,1.3487153780631532e-15,3.552713678800501e-15,4.152157181613598e-16,4.003860583515682e-16
perle,GPFA50,condition_mean_neural_and_behavior,published_input_causal_train_only;raw_preprocessing_fail,visible,y,242380,50,0.6597634991656368,0.1658990931858379,50,0.6578640097676548,0.1673045154644626,50,2.840926532254593,0.6039884253194556,50,2.8825113081471585,0.5958188512683544,50,-0.001899489397982,0.0226514276947402,50,-0.0415847758925658,0.0630001580700433,50,-2.378251356174864,0.685764330499327,50,-2.4242622033786327,0.6766231997594626,50,0.521313028556288,0.0933764309726796,50,0.5074556811860949,0.0899519916588891,50,34,26,3.519262852783596e-16,2.028292064219036e-16,8.881784197001252e-16,1.2387729189148258e-16,1.2209016640582525e-16
perle,GPFA50,condition_mean_neural_and_behavior,published_input_causal_train_only;raw_preprocessing_fail,visible,y,244437,50,0.6888047776633108,0.1242979013887831,50,0.6487525464184744,0.1355806915842095,50,3.7996350745205167,0.604206173824047,50,3.6126865444579743,0.5891769966353027,50,-0.0400522312448363,0.0248160911892275,50,0.1869485300625415,0.1250963513718477,50,-3.640640424706248,0.6338502440531228,50,-3.4339099717849364,0.624860014145253,50,1.3396707371538854,0.1953114597290704,50,1.562187431642081,0.2267238759115073,50,35,21,0.35736847540791133,0.3152495215702923,0.5932127289054137,0.09405336786270412,0.09892042141218448
perle,GPFA50,condition_mean_neural_and_behavior,published_input_causal_train_only;raw_preprocessing_fail,visible,y,245662,41,0.664672398298479,0.0949959193525007,41,0.6895668485851013,0.0892997972918701,41,6.43738170095393,0.7553157874342585,41,6.5400956382115965,0.7936651046147897,41,0.0248944502866223,0.0154520057686411,41,-0.1027139372576671,0.0929519566638269,41,-6.290084303615876,0.7794577979859563,41,-6.399387424459691,0.8171042349233143,41,1.0531969074240888,0.1413747390244484,41,1.0219139519223157,0.1342553747212695,41,36,28,0.22933212325460167,0.10799146139134162,0.688079828461027,0.035625062161626656,0.03506556110811142
perle,GPFA50,condition_mean_neural_and_behavior,published_input_causal_train_only;raw_preprocessing_fail,visible,y,248856,53,0.3825875756941477,0.1000334752756709,53,0.3856683517678677,0.1015479771255719,53,4.064559579372819,0.5857959309911743,53,4.215571006660502,0.6171870950408151,53,0.00308077607372,0.0180597637199452,53,-0.1510114272876837,0.0765535391982145,53,3.2219955554387054,0.7170276461116964,53,3.447740559771673,0.7550723159504823,53,0.9640407259725248,0.1063405862789667,53,1.0113876331228868,0.11031910939822,53,37,18,0.2109921342272147,0.18665224646586231,0.34783367404705345,0.05191020825429056,0.05005066547185473
perle,GPFA50,condition_mean_neural_and_behavior,published_input_causal_train_only;raw_preprocessing_fail,visible,y,251629,52,0.6879380643621676,0.1102980863470581,52,0.7328420077850655,0.1028163009988808,52,4.752600070239995,0.9735452834540704,52,5.073170817666907,0.9847647779248758,52,0.044903943422898,0.026397530255944,52,-0.3205707474269103,0.0714178394806188,52,4.5914186461243,0.980442985290018,52,4.937894573256794,0.9894636260084936,52,0.9415137710774382,0.1803858171206488,52,0.897194838596126,0.1699604297350088,52,38,29,0.28826855662632656,0.14627435381199652,0.8112827525484896,0.060654915702126326,0.05682216644912776
perle,GPFA50,condition_mean_neural_and_behavior,published_input_causal_train_only;raw_preprocessing_fail,visible,y,258471,53,0.0829139901227876,0.1635347509791633,53,0.0608761814447278,0.160934587555094,53,3.0612632494914367,0.4009844686672614,53,3.1136182610577023,0.4326828727813686,53,-0.0220378086780598,0.0228128219215715,53,-0.0523550115662648,0.0634775628811926,53,-1.7786862035769864,0.6808638649981839,53,-1.9588436222491024,0.6751406577502603,53,0.7455239986383818,0.131228102547333,53,0.7806022697573297,0.1423518092208183,53,39,26,0.2249072944093038,0.19769245725754045,0.37643018738800604,0.07346878594863324,0.07223341962701052
perle,GPFA50,condition_mean_neural_and_behavior,published_input_causal_train_only;raw_preprocessing_fail,visible,y,269179,52,0.472823334685234,0.1550865242252529,52,0.4288837304477765,0.1701216184653041,52,1.4883667114548458,0.305473291517503,52,1.558988096776603,0.3200739227978228,52,-0.0439396042374574,0.0298645578405255,52,-0.0706213853217571,0.0673020046048907,52,0.3662435305674619,0.679113214212486,52,0.5039605693805095,0.6766774395941171,52,0.9880930541572867,0.149313542228697,52,0.9200505516001786,0.1379715072047917,52,40,21,0.06895692917210909,0.0608328329035673,0.11445841673443757,0.046330604306989105,0.044231850977365324
perle,GPFA50,condition_mean_neural_and_behavior,published_input_causal_train_only;raw_preprocessing_fail,visible,y,270569,46,0.7049653325000965,0.1156199100944965,46,0.6860432807969956,0.1260912431094359,46,1.8619772203196463,0.366628583117384,46,1.912295277910768,0.3695271849862913,46,-0.0189220517031008,0.019267236994037,46,-0.0503180575911218,0.054298222792081,46,0.1099086066746256,0.8378704937053587,46,0.1483899559540138,0.8518962482711789,46,0.6081130783769136,0.0985633965387323,46,0.5778767113534372,0.0936581842385363,46,41,28,4.663388063709353e-16,2.701212269735314e-16,1.7763568394002505e-15,2.504535508178122e-16,2.438633885455297e-16
perle,GPFA50,condition_mean_neural_and_behavior,published_input_causal_train_only;raw_preprocessing_fail,visible,y,273073,52,0.6606073825756138,0.071276329069463,52,0.6474165934480246,0.0736738560206888,52,7.99313913065147,0.8795465420098886,52,8.059698557874054,0.8550465818508115,52,-0.0131907891275892,0.0119686991170573,52,-0.0665594272225836,0.1261126275747917,52,-7.781008584236262,0.9134974965498484,52,-7.842391841494616,0.8930114966602292,52,2.8936978390116934,0.3335872421366983,52,2.945138560177023,0.3350254282496902,52,42,19,0.025591963165623045,0.009478202653791786,0.08919535281661872,0.0032017412367420163,0.0031753002896889437
perle,GPFA50,condition_mean_neural_and_behavior,published_input_causal_train_only;raw_preprocessing_fail,visible,y,273515,43,0.7785819730179998,0.0428101273841537,43,0.7786413742676074,0.0420870756067813,43,6.50761719727042,0.7017267991633455,43,6.427102572937962,0.6874307616747329,43,5.94012496076307e-05,0.0059548974700103,43,0.0805146243324606,0.0828302678715831,43,-6.15680107129536,0.7266050205610382,43,-6.064994765871937,0.714121975961088,43,4.889917068399088,0.6769878745445066,43,4.931975453975535,0.6677712008990697,43,43,19,0.0059918144556428505,0.003342964513215544,0.015141715159982638,0.0009207386166100981,0.000932273040245547
perle,GPFA50,condition_mean_neural_and_behavior,published_input_causal_train_only;raw_preprocessing_fail,visible,y,287936,52,-0.3076088705211398,0.1146177321530361,52,-0.3092669996274932,0.1155077019342518,52,5.2861073282848245,0.8335504664770371,52,5.2883135052372365,0.8395606645063024,52,-0.0016581291063534,0.0161544879441625,52,-0.0022061769524127,0.0777764458841762,52,-4.681270103007728,0.918083071242129,52,-4.697761128643713,0.9178649039994278,52,1.5408970561477977,0.2278383173623532,52,1.6397647885145956,0.2337691285928522,52,44,20,0.12559658626864054,0.1108774173818942,0.20807626742218766,0.023759749560248275,0.02374983747545546
perle,GPFA50,condition_mean_neural_and_behavior,published_input_causal_train_only;raw_preprocessing_fail,visible,y,297652,55,0.5618206729164352,0.1917748555048788,55,0.5405567233101495,0.1923194393904627,55,1.4657412484700634,0.5631399636938961,55,1.5152752115646322,0.5590064049876704,55,-0.0212639496062857,0.024788819592949,55,-0.0495339630945684,0.0646084004790071,55,-0.766424696317559,0.9098688172220732,55,-0.8318363902749291,0.9003210536298447,55,1.2399566387741217,0.2501937148836607,55,1.2326129382085254,0.2497695225037397,55,45,18,0.018886670692993077,0.016709395121959507,0.03113273999774968,0.012885405737681826,0.012464185085883648
perle,GPFA50,condition_mean_neural_and_behavior,published_input_causal_train_only;raw_preprocessing_fail,visible,y,301600,50,-0.2570641065989984,0.1760556402578269,50,-0.2570765398731794,0.1833116710779894,50,2.885124129501272,0.5153738216084963,50,2.8921498345717622,0.5394476439747727,50,-1.243327418100848e-05,0.0250821579425098,50,-0.0070257050704898,0.0594113277346615,50,-1.990408430607555,0.6836823952826243,50,-2.042909989527156,0.7008274498883408,50,1.9372485159043191,0.3161610014554554,50,2.0257386788372,0.3199785533828583,50,46,18,0.09437216800193927,0.08348749144957807,0.1555741308814329,0.03270991602647357,0.03263045602750138
perle,GPFA50,condition_mean_neural_and_behavior,published_input_causal_train_only;raw_preprocessing_fail,visible,y,320246,53,0.705270192426006,0.0652140808421679,53,0.7795798936435149,0.0577892505867057,53,6.832771171453822,0.8509127356884943,53,6.854606915776748,0.8783153636324557,53,0.0743097012175091,0.0153630481111765,53,-0.0218357443229278,0.086864470530814,53,-6.436087871649016,0.922280916170808,53,-6.467504035547622,0.9537089881877008,53,5.222712429603393,0.7549478811761923,53,5.57075886464217,0.8179775711612218,53,47,18,0.09887884321638289,0.061249274629194855,0.22697618362529148,0.01447126513316913,0.014425166086300394
perle,GPFA50,condition_mean_neural_and_behavior,published_input_causal_train_only;raw_preprocessing_fail,visible,y,325813,56,0.3679095895134779,0.3773226128660807,56,0.3437437138869786,0.3786574921804345,56,4.226552789782983,0.6847718257188706,56,4.218569831625149,0.6663098072680346,56,-0.0241658756264994,0.0386146741147771,56,0.0079829581578337,0.0839330842019173,56,4.0051300377368015,0.7475593518171763,56,3.9887602971862353,0.7274128511949999,56,0.5449591230323241,0.1223077314973072,56,0.5463196793472538,0.1222769127460272,56,48,20,1.7763568394002505e-15,1.3322676295501878e-15,3.552713678800501e-15,4.202850236945602e-16,4.2108034483239365e-16
perle,GPFA50,condition_mean_neural_and_behavior,published_input_causal_train_only;raw_preprocessing_fail,visible,y,328386,47,0.3161384324441163,0.4246225455008345,47,0.2525147337300703,0.4392277857782029,47,2.240989405111278,0.7706650759331513,47,2.170522396928753,0.7517028239120112,47,-0.0636236987140461,0.0565361809045131,47,0.0704670081825257,0.1039295313628764,47,1.941292592794968,0.8424963534712763,47,1.8621769576647305,0.8317102570407487,47,0.8705143553813122,0.1972222358561122,47,0.8707478024387227,0.2121579447942983,47,49,18,0.12124402044700305,0.1072546525455213,0.19988412156225888,0.054102897662286174,0.05585937312536419
perle,GPFA50,condition_mean_neural_and_behavior,published_input_causal_train_only;raw_preprocessing_fail,visible,y,330797,55,0.3805369025178061,0.1264285811647404,55,0.3712497068410579,0.1309803088942252,55,2.018338017884904,0.3557144813298337,55,1.9302840478280137,0.3390177320845155,55,-0.0092871956767482,0.0203695532681551,55,0.0880539700568896,0.0723976193983692,55,0.4787496064818374,0.8468479912215269,55,0.3497296373737821,0.8328717308332995,55,1.4526332550935204,0.1545869520913949,55,1.5113169076804924,0.1637328110675234,55,50,19,0.19518671781337268,0.1724896333026252,0.32259622635397767,0.09670665472472074,0.10111813234585858
perle,GPFA50,condition_mean_neural_and_behavior,published_input_causal_train_only;raw_preprocessing_fail,visible,y,332165,48,0.5680459281630927,0.2051317246063496,48,0.5364226473873093,0.2232184042713335,48,3.4779375060542077,0.7570439866720476,48,3.538763903534921,0.7680552026300246,48,-0.0316232807757834,0.0314090700031446,48,-0.0608263974807141,0.0760935126268142,48,1.9022847553168043,1.1384602667213088,48,1.9579158943971244,1.1319072483630117,48,0.3475413705799179,0.0748027936337089,48,0.3403364776031183,0.0738352047780038,48,51,34,8.861480030587669e-16,4.971513397034708e-16,2.6645352591003757e-15,2.54791238058823e-16,2.504117333664394e-16
perle,GPFA50,condition_mean_neural_and_behavior,published_input_causal_train_only;raw_preprocessing_fail,visible,y,340684,52,-0.1134301255189659,0.2474912491981967,52,-0.1020610397426509,0.2600457986372724,52,6.268056724946411,0.8016270841684398,52,6.312080073259808,0.8125910507396302,52,0.0113690857763149,0.0245917744526305,52,-0.0440233483133962,0.0551438429688794,52,6.064852980426584,0.807110193286801,52,6.11565993072194,0.8163965700535711,52,1.1834399458523073,0.236385826103864,52,1.166435687929456,0.2325186836783572,52,52,34,1.859318936647082e-15,1.541250787126688e-15,3.552713678800501e-15,2.9663403160458446e-16,2.945651694952051e-16
perle,GPFA50,condition_mean_neural_and_behavior,published_input_causal_train_only;raw_preprocessing_fail,visible,y,351612,48,-0.0177107463596685,0.2937204857046542,48,-0.1201655709464142,0.2921328775028668,48,2.6004823485774677,0.6387830982944771,48,2.777639882464872,0.7329496546287037,48,-0.1024548245867457,0.0506444535859244,48,-0.1771575338874044,0.1362438953220985,48,-1.5180441758796053,0.9794697369451564,48,-1.8603464742485976,1.020118140473464,48,0.515338566954953,0.1034211752981453,48,0.5608336739466545,0.1120737492183656,48,53,22,0.2920786220348232,0.25746355988772435,0.485728615310161,0.11231709463230846,0.10515352399665043
perle,GPFA50,condition_mean_neural_and_behavior,published_input_causal_train_only;raw_preprocessing_fail,visible,y,356164,56,-0.3548634450957693,0.1257408491112185,56,-0.3342813985534648,0.1269212295688117,56,3.5268226502417943,0.5664305408561447,56,3.384599734396964,0.5317055729984251,56,0.0205820465423044,0.0124865063909107,56,0.1422229158448306,0.0894612691116236,56,2.2018325573480864,0.8687625309711863,56,1.86198868866536,0.9102651283506928,56,2.957920728481276,0.3224184410576456,56,2.4100243563742687,0.2721995745043052,56,54,16,0.3508439092243431,0.31113945347898764,0.5749091849168595,0.09947875014364267,0.10365890703671439
perle,GPFA50,condition_mean_neural_and_behavior,published_input_causal_train_only;raw_preprocessing_fail,visible,y,356765,58,-0.4713436023602383,0.0836501432219449,58,-0.456397965921483,0.0878960932131028,58,3.949626600381384,0.5291832393665783,58,3.986720783127149,0.5491908306515273,58,0.0149456364387553,0.0156817397537221,58,-0.037094182745764,0.0607450563705913,58,2.4448053314144245,0.81152069147199,58,2.476533006179706,0.834356919895455,58,2.959934125696884,0.4377530027637944,58,2.632751897388929,0.3948577595274947,58,55,16,0.20079780372460546,0.1780595454480028,0.3290669530373256,0.050839692973815805,0.050366658376085574
perle,GPFA50,condition_mean_neural_and_behavior,published_input_causal_train_only;raw_preprocessing_fail,visible,y,370777,49,-0.2980667269256878,0.2382447049048148,49,-0.3403871948195075,0.2359156854079181,49,2.21069923410944,0.4981354334829273,49,2.239096819353087,0.5097866923747111,49,-0.0423204678938197,0.0198427737920046,49,-0.0283975852436465,0.0523706101308131,49,-0.9756625493576307,0.7976221479484101,49,-1.0425740013181906,0.802238886154605,49,1.387033984168963,0.2481929696747199,49,1.361675021862233,0.2527439967990323,49,56,17,0.010814325925917759,0.00957715230033958,0.01777923318233987,0.004891812399923417,0.00482977146519381
perle,GPFA50,condition_mean_neural_and_behavior,published_input_causal_train_only;raw_preprocessing_fail,visible,y,377134,51,0.4149474618855097,0.1411343428545841,51,0.4202246311717931,0.1365675295601853,51,2.196891427846792,0.3550329444087839,51,2.194961473639266,0.3474750937101455,51,0.0052771692862834,0.0117314098565952,51,0.0019299542075251,0.0633491808277133,51,0.4522600569470893,0.6173426126039897,51,0.3990982516061795,0.6237919595172003,51,1.719293967489102,0.241428294833634,51,1.7148849385095462,0.2532905130487127,51,57,18,0.02181547419649199,0.019299993105556672,0.035961774471916064,0.00993015581924942,0.009938887064073035
perle,GPFA50,condition_mean_neural_and_behavior,published_input_causal_train_only;raw_preprocessing_fail,visible,y,379400,46,0.6918439487068428,0.11976303330329,46,0.6698290586353126,0.1280395887220729,46,1.9552654713598208,0.7343180247130898,46,2.1084458563139927,0.7929157366530323,46,-0.0220148900715304,0.0171933402109981,46,-0.1531803849541721,0.1021622201985296,46,1.5907776019876878,0.9253056233133689,46,1.825106456577405,0.929558727463412,46,0.9642982924171998,0.1863822603231185,46,1.0823187828990009,0.208157620743013,46,58,36,0.3573940793071868,0.3129691566846989,0.6036806633150424,0.18278545013052952,0.16950593169700212
perle,GPFA50,condition_mean_neural_and_behavior,published_input_causal_train_only;raw_preprocessing_fail,visible,y,381514,52,0.3664955563750951,0.2433673605379662,52,0.3543133889610478,0.2547784985496125,52,1.4622334159329815,0.402261621547109,52,1.4563720254705688,0.4212913886799635,52,-0.0121821674140472,0.0376496336422625,52,0.0058613904624132,0.114841238372058,52,0.0729236050821299,0.9554810737935896,52,0.2541420957078967,0.9865243822774734,52,1.027095948456478,0.1463442591425862,52,1.1428918978439702,0.1662100320592911,52,59,33,0.23273905504067333,0.20400809085565053,0.39223698735569124,0.15916682829476553,0.15980741937519224
perle,GPFA50,condition_mean_neural_and_behavior,published_input_causal_train_only;raw_preprocessing_fail,visible,y,388571,46,0.2767024870995561,0.199907924500195,46,0.2779588040499746,0.1975724301535852,46,3.180352874044896,0.7450036178266629,46,3.273577142250673,0.7201314115007149,46,0.0012563169504183,0.0194359574992384,46,-0.0932242682057754,0.1084654115315357,46,-2.7070411302543893,0.9155740544637506,46,-2.8250673828345896,0.8697064135444682,46,1.08133718263238,0.1671333688847253,46,1.1243579732896296,0.1703771451321931,46,60,36,0.058138881266794756,0.05088944502044606,0.09824986855673945,0.018280638523250244,0.017760046194244473
perle,GPFA50,condition_mean_neural_and_behavior,published_input_causal_train_only;raw_preprocessing_fail,visible,y,394672,41,0.0992909311898425,0.2099967302239698,41,0.1302712928160045,0.2081020193560984,41,4.139725519971561,0.9588725578285476,41,4.179505545524174,1.0015255467780224,41,0.030980361626162,0.023723300285949,41,-0.0397800255526132,0.0893238734466608,41,3.7743900025217423,1.0976887444111827,41,3.8596163918631663,1.122782198696248,41,1.475238360624228,0.1868785159449149,41,1.7719312275179786,0.2404282402499744,41,61,31,0.3265215335560057,0.28643010401596464,0.549326808126227,0.07887516502742646,0.07812444079794968
perle,GPFA50,condition_mean_neural_and_behavior,published_input_causal_train_only;raw_preprocessing_fail,visible,y,396358,53,-0.7669511756674977,0.0809885286707669,53,-0.7515810681722132,0.0872669403184342,53,3.4858892598128106,0.3929323050259525,53,3.4311656188449087,0.4038477850356185,53,0.0153701074952845,0.0159238762502702,53,0.054723640967901,0.0495095673173093,53,1.4088125722510103,0.6648573119012084,53,1.466497323839086,0.673913219535812,53,2.876854775484325,0.3947124820274436,53,2.8700286587843284,0.4037961599056482,53,62,15,0.0428945104100392,0.038056362131052936,0.07012016340680916,0.012305184477473217,0.012501439794818037
perle,GPFA50,condition_mean_neural_and_behavior,published_input_causal_train_only;raw_preprocessing_fail,visible,y,400995,60,0.3387423009100505,0.3995812192805571,60,0.2772653758551735,0.4061219125435341,60,2.7584867210304527,0.8174398276883914,60,2.4425022128457075,0.8030361072963799,60,-0.0614769250548769,0.0408335930066147,60,0.3159845081847463,0.0955225570087124,60,2.511797089477012,0.8783451575517619,60,2.1760594791159686,0.9044604237852908,60,0.8872086166667938,0.1650216699353432,60,1.0673142787636958,0.1986571217099147,60,63,16,0.39759627517981,0.35258469934651326,0.6515542287855975,0.14413564950252328,0.16278236027331128
perle,GPFA50,condition_mean_neural_and_behavior,published_input_causal_train_only;raw_preprocessing_fail,visible,y,401673,46,0.1648856676147408,0.3449201104920831,46,0.0989107433064742,0.3654287264147306,46,2.232324113667364,0.7336772852405427,46,2.0862269733415317,0.7079952921291796,46,-0.0659749243082665,0.05364072981067,46,0.1460971403258323,0.0996718228271593,46,1.768218950602554,0.9920459846372212,46,1.5985411496543227,1.0144468873996129,46,0.8068107757406383,0.1873912158745918,46,0.916081289413882,0.2162103123832994,46,64,16,0.2949440644929549,0.26153288693442756,0.4833787211118068,0.1321242120206314,0.14137678606491214
perle,GPFA50,condition_mean_neural_and_behavior,published_input_causal_train_only;raw_preprocessing_fail,visible,y,406460,40,0.0084266659106422,0.2259923464330802,40,0.0086278394091792,0.2355809778848158,40,2.5053227467872894,0.5695302861361063,40,2.4390411670951337,0.5627649231413354,40,0.000201173498537,0.0237195737812173,40,0.0662815796921557,0.0512987588674538,40,-1.6144872368900969,1.0389499963827475,40,-1.5178992174862105,1.0687028700783312,40,1.2995613566548865,0.2534266751403082,40,1.3070807997098808,0.2539310602615902,40,65,32,0.04271587411374341,0.037441114519716115,0.07195998181060081,0.01705004840933979,0.017513387920638283
perle,GPFA50,condition_mean_neural_and_behavior,published_input_causal_train_only;raw_preprocessing_fail,visible,y,413189,63,-0.0023229275856831,0.1104144556984227,63,-0.0002997725008704,0.1098589544677878,63,3.649648297480291,0.4672554436967377,63,3.763332415239436,0.5032029560581456,63,0.0020231550848127,0.0125458262778685,63,-0.1136841177591449,0.0613771494436227,63,2.0661501586315856,0.7170203558110717,63,2.334375571451807,0.7265580565790686,63,1.5899446289621415,0.1429620346278706,63,1.6923734936569006,0.1568399328093617,63,66,19,0.2051770501480342,0.1813073174848495,0.3391308012935714,0.05621830747080149,0.05452004434080271
perle,GPFA50,condition_mean_neural_and_behavior,published_input_causal_train_only;raw_preprocessing_fail,visible,y,413513,37,-0.7037877791318006,0.0628163512933884,37,-0.6848041278085054,0.0621792210613891,37,4.3671480539173,0.4947392084409447,37,4.3939291129382525,0.505194513344551,37,0.0189836513232952,0.0103623255586735,37,-0.0267810590209534,0.0580375114279838,37,1.8673406874524023,0.948082033935796,37,1.95727944479121,0.9128564044512189,37,3.447498003981602,0.3972796957628566,37,3.3310018210254286,0.4005376368996965,37,67,15,0.06051286686360473,0.053789373592568225,0.09870417799490383,0.01385638089584005,0.01377192606166997
perle,GPFA50,condition_mean_neural_and_behavior,published_input_causal_train_only;raw_preprocessing_fail,visible,y,420020,48,0.1275023074026178,0.4475516652634311,48,0.0985799336642853,0.4504638147110587,48,1.2306890655019112,0.4271876498871913,48,1.318605379418843,0.4523554622636947,48,-0.0289223737383325,0.0538318054095653,48,-0.0879163139169319,0.0916942182056872,48,-0.1600588472869207,0.9320337731200669,48,-0.2582210666661157,0.9545412518982876,48,1.0624876606614195,0.2935517527470468,48,0.8979201938345529,0.2425583824091176,48,68,14,0.24856976797496777,0.22106990119239564,0.4043158388788166,0.20197609204693284,0.1885095964681423
perle,GPFA50,condition_mean_neural_and_behavior,published_input_causal_train_only;raw_preprocessing_fail,visible,y,428615,50,0.1824667391785998,0.1474101950697696,50,0.1540729796122966,0.1362859320275226,50,7.603472498541464,0.9786395638281788,50,7.628354945222283,1.0158536425367013,50,-0.0283937595663031,0.0290406411676675,50,-0.0248824466808189,0.1138000863521087,50,-7.431671878754359,1.00186480800307,50,-7.451434544161007,1.042609695006908,50,2.9402414178500558,0.4866002465272419,50,2.722195844758488,0.4441272354805604,50,69,32,0.12155945231007699,0.07328944748108449,0.2927176847474593,0.015987360029696317,0.015935211875033543
perle,GPFA50,condition_mean_neural_and_behavior,published_input_causal_train_only;raw_preprocessing_fail,visible,y,435203,57,-0.2098746004413275,0.3258714503231472,57,-0.2099825798347227,0.3328026021102653,57,1.4734451547291867,0.2957904467586465,57,1.5913326783044883,0.3409118033363108,57,-0.0001079793933952,0.0489022156165025,57,-0.1178875235753018,0.0898813712956495,57,-0.4124359941752832,0.5761000708821806,57,-0.616838995531901,0.586355000739911,57,1.6282300424975604,0.2898907092481,57,1.4037127980465398,0.2568772993836263,57,70,13,0.21549722387635986,0.19200149945102718,0.34890938813805866,0.14625398385864413,0.13541934179719411
perle,GPFA50,condition_mean_neural_and_behavior,published_input_causal_train_only;raw_preprocessing_fail,visible,y,448412,48,0.5874323958881355,0.1188078921440001,48,0.5782311940374497,0.1193981066232878,48,2.418785336750046,0.5160788006513505,48,2.569026960268811,0.5133233414387408,48,-0.0092012018506858,0.0192623795943901,48,-0.1502416235187656,0.0552086450899311,48,1.8979771392893487,0.6810900096312695,48,2.061027056221732,0.6616874126993653,48,1.4671822946319215,0.2133560181701168,48,1.5602139821691636,0.2385216557338147,48,71,16,0.09541284049556414,0.08456252774580662,0.1564593109800027,0.03944659290177596,0.03713968049816829
perle,GPFA50,condition_mean_neural_and_behavior,published_input_causal_train_only;raw_preprocessing_fail,visible,y,454477,51,-0.645060598177129,0.1179091842702908,51,-0.6678729947105196,0.1154249085929181,51,2.4258926317752456,0.3115731300954192,51,2.373328012857704,0.3085684887353945,51,-0.0228123965333906,0.0179380140262273,51,0.0525646189175413,0.0651284703665603,51,0.2223728579356076,0.8481047711680952,51,0.0935421914119676,0.8536255921977111,51,1.0393861091439305,0.2321661403512101,51,1.1086223042919838,0.235772254771699,51,72,16,0.15740426226198706,0.1395698377145453,0.25797499907758226,0.06488509021390616,0.06632216929528334
perle,GPFA50,condition_mean_neural_and_behavior,published_input_causal_train_only;raw_preprocessing_fail,visible,y,456038,45,0.7395676581542963,0.0709080711327588,45,0.7434178599763162,0.0742421249920709,45,4.304386713579722,1.0835110015832894,45,4.315348981799928,1.1204249919812346,45,0.0038502018220198,0.0085526326664305,45,-0.0109622682202079,0.1159461505276385,45,-3.9571548602086537,1.2308610050463376,45,-3.97504148504691,1.2693054931313532,45,1.6126759627113438,0.2120607116581099,45,1.5935566527088776,0.2082354130124743,45,73,18,0.025160098830461886,0.007363355620923458,0.10240239775943394,0.005845222677387556,0.005830374075555677
perle,GPFA50,condition_mean_neural_and_behavior,published_input_causal_train_only;raw_preprocessing_fail,visible,y,460651,46,-0.1781860893864528,0.2680290775411392,46,-0.1682562722865782,0.274045290894701,46,2.2386007771242107,0.5076560862961127,46,2.244987878909384,0.5035954329517831,46,0.0099298170998745,0.0468699585945129,46,-0.0063871017851732,0.054026205196801,46,1.0424095773748177,0.9544032907435755,46,1.0678709885279467,0.9768132436874672,46,1.329920339253308,0.353141852931808,46,1.32848731168081,0.3463133429066952,46,74,14,0.01356129669157737,0.012061308302187435,0.02205767694240368,0.0060579344160680195,0.006040699292401282
perle,GPFA50,condition_mean_neural_and_behavior,published_input_causal_train_only;raw_preprocessing_fail,visible,y,463174,54,0.8045914077639672,0.1057864999680437,54,0.7970536648203902,0.1090199804483996,54,3.5129284477587306,0.8140700926019532,54,3.5578340352488294,0.8419074916686222,54,-0.0075377429435768,0.0149222003913649,54,-0.044905587490099,0.0784161892671335,54,-2.7621957753585558,0.9301753519230906,54,-2.7868037841431685,0.961913153499432,54,0.4365814248455275,0.1045806232971385,54,0.418341969244427,0.1032372444096835,54,75,30,7.356711177141171e-16,4.274358644806853e-16,2.6645352591003757e-15,2.094181901665204e-16,2.0677499580518389e-16
perle,GPFA50,condition_mean_neural_and_behavior,published_input_causal_train_only;raw_preprocessing_fail,visible,y,464785,55,0.2174879579079019,0.2957928187987798,55,0.2291649487502669,0.2938880744698801,55,1.6896501469840568,0.6947835449709007,55,1.6582611967620424,0.6987987232585595,55,0.011676990842365,0.0388273074366873,55,0.0313889502220146,0.0445800404983235,55,-1.2342289067047505,0.9810953421117544,55,-1.21877035634772,0.974076181616638,55,1.5358931594486946,0.3589303981730708,55,1.6426929037827596,0.3877411402004826,55,76,24,0.08692652459445702,0.07650799317816948,0.1450615017379726,0.051446463488087533,0.052420285033619354
perle,GPFA50,condition_mean_neural_and_behavior,published_input_causal_train_only;raw_preprocessing_fail,visible,y,465431,50,0.498524881447417,0.1750656049834946,50,0.4833850392507588,0.1862159367955232,50,1.1139220966712715,0.3496420298467964,50,1.1066230257874023,0.3513029923633199,50,-0.0151398421966582,0.0350346213877446,50,0.0072990708838694,0.0461122648919454,50,0.6010491896199355,0.6126396144522948,50,0.5893169325919652,0.6198432674979704,50,1.286192242182662,0.2432293045670759,50,1.3935426158330797,0.2650898301236561,50,77,25,0.11012857859325706,0.09688086314250968,0.1840263994465774,0.09886560193244555,0.09951770027096317
perle,GPFA50,condition_mean_neural_and_behavior,published_input_causal_train_only;raw_preprocessing_fail,visible,y,469268,52,0.7644706714921913,0.0743890143472587,52,0.7665269962255679,0.0826819796508833,52,5.290627859983828,0.8390950974740949,52,5.280290976906995,0.8661283104125057,52,0.0020563247333767,0.0181121259056,52,0.0103368830768322,0.0931132928956719,52,-5.044909916178364,0.8946458763783959,52,-5.031662966754656,0.9153564687016464,52,1.6590143653174465,0.216372315174008,52,1.6724758138503129,0.2156601282985285,52,78,17,1.1600447823863205e-15,7.836868409118752e-16,2.6645352591003757e-15,2.1926410495820934e-16,2.1969334407132106e-16
