animal,representation,iteration,epoch,coordinate,n_conditions,n_bins,r_obj,r_beh,RMSE_obj,RMSE_beh,Delta_r,Delta_RMSE
mahler,FA50,0,full,x,39,1639,0.91995820297947439,0.91995820297947439,1.4063823642671995,1.4063823642671995,0,0
mahler,FA50,0,full,y,39,1639,0.46132139687186335,0.42921551348927534,4.883622367570859,4.9320194824215529,-0.032105883382588019,-0.048397114850693868
mahler,FA50,0,visible,x,39,931,0.75900830727828938,0.75900830727828938,1.5482917945288086,1.5482917945288086,0,0
mahler,FA50,0,visible,y,39,931,0.41818978338016977,0.37981289735694046,4.9346016362726477,5.0328586976686784,-0.038376886023229306,-0.098257061396030743
mahler,FA50,0,hidden,x,39,669,0.711792065162693,0.711792065162693,1.1948967124046523,1.1948967124046523,0,0
mahler,FA50,0,hidden,y,39,669,0.49796969648581602,0.47743445779122018,4.8552638680300246,4.8282990495764517,-0.020535238694595837,0.026964818453572903
mahler,FA50,0,bounce,x,14,642,0.93264681421446838,0.93264681421446838,1.2796438095513014,1.2796438095513014,0,0
mahler,FA50,0,bounce,y,14,642,0.54414481515185598,0.53052635519029145,6.2860024667185161,6.4138709077639859,-0.013618459961564522,-0.12786844104546979
mahler,FA50,0,no_bounce,x,25,997,0.9124897319921077,0.9124897319921077,1.4822687328974657,1.4822687328974657,0,0
mahler,FA50,0,no_bounce,y,25,997,0.43162289985179081,0.39436879310667811,3.7098761999572685,3.6740223103342831,-0.037254106745112703,0.035853889622985413
mahler,FA50,0,post_bounce,x,14,328,0.90301130314092337,0.90301130314092337,1.2435328906267822,1.2435328906267822,0,0
mahler,FA50,0,post_bounce,y,14,328,0.49875007383329045,0.49626833702201428,6.4008970954708504,6.5245348794486562,-0.0024817368112761695,-0.12363778397780578
mahler,GPFA50,0,full,x,39,1639,0.92859416270353812,0.92859416270353812,1.3350973832362427,1.3350973832362427,0,0
mahler,GPFA50,0,full,y,39,1639,0.48407715022468967,0.44006807458738284,4.8342281120837693,4.9287637462183795,-0.044009075637306827,-0.094535634134610191
mahler,GPFA50,0,visible,x,39,931,0.78268309090890487,0.78268309090890487,1.4806680169702835,1.4806680169702835,0,0
mahler,GPFA50,0,visible,y,39,931,0.46793560885651142,0.41614102794033964,4.848392486206599,4.9960223705408877,-0.051794580916171784,-0.1476298843342887
mahler,GPFA50,0,hidden,x,39,669,0.74527342117715811,0.74527342117715811,1.1265677572770199,1.1265677572770199,0,0
mahler,GPFA50,0,hidden,y,39,669,0.49213356392411772,0.45873534366465546,4.8521303931503139,4.8681144111240657,-0.033398220259462263,-0.015984017973751818
mahler,GPFA50,0,bounce,x,14,642,0.94245479893933193,0.94245479893933193,1.196344700862443,1.196344700862443,0,0
mahler,GPFA50,0,bounce,y,14,642,0.58637957371640581,0.55953192446156952,6.1213667508239826,6.299803270728777,-0.026847649254836292,-0.17843651990479437
mahler,GPFA50,0,no_bounce,x,25,997,0.92099393652338934,0.92099393652338934,1.417272890659397,1.417272890659397,0,0
mahler,GPFA50,0,no_bounce,y,25,997,0.42464030856133633,0.3760726144376324,3.7801377338516526,3.7920317705227431,-0.048567694123703931,-0.011894036671090458
mahler,GPFA50,0,post_bounce,x,14,328,0.91443204415725254,0.91443204415725254,1.1816734976813703,1.1816734976813703,0,0
mahler,GPFA50,0,post_bounce,y,14,328,0.54067432403457605,0.5272324623533865,6.2334638630330339,6.3903098927463935,-0.013441861681189549,-0.15684602971335959
mahler,FA50,1,full,x,40,1684,0.93024449297525758,0.93024449297525758,1.4012863528982495,1.4012863528982495,0,0
mahler,FA50,1,full,y,40,1684,0.4577877429480533,0.42268432522528865,4.3734774202656084,4.4763731029508325,-0.035103417722764652,-0.10289568268522409
mahler,FA50,1,visible,x,40,983,0.80402747285708764,0.80402747285708764,1.5844692516589247,1.5844692516589247,0,0
mahler,FA50,1,visible,y,40,983,0.33665811559181247,0.31775769747502308,4.6003580893446196,4.6205202625307535,-0.018900418116789386,-0.020162173186133892
mahler,FA50,1,hidden,x,40,661,0.71773177926919862,0.71773177926919862,1.0967882226184742,1.0967882226184742,0,0
mahler,FA50,1,hidden,y,40,661,0.58363180254966751,0.52912099696505632,4.0572592314722487,4.3021643574826278,-0.054510805584611188,-0.24490512601037917
mahler,FA50,1,bounce,x,9,447,0.91421640771938428,0.91421640771938428,1.6142042666552952,1.6142042666552952,0,0
mahler,FA50,1,bounce,y,9,447,0.53522221192312758,0.5073189884407211,5.6219280706380017,6.0871350840690095,-0.027903223482406481,-0.46520701343100779
mahler,FA50,1,no_bounce,x,31,1237,0.93716037315611878,0.93716037315611878,1.3158999758751853,1.3158999758751853,0,0
mahler,FA50,1,no_bounce,y,31,1237,0.43496561297614134,0.40044245586828642,3.8233492708362897,3.7268351465705969,-0.034523157107854918,0.096514124265692836
mahler,FA50,1,post_bounce,x,9,232,0.88155707800631533,0.88155707800631533,1.3646015947238257,1.3646015947238257,0,0
mahler,FA50,1,post_bounce,y,9,232,0.61628275733953886,0.57227362418039152,5.2821885913735649,6.1288394798867669,-0.04400913315914734,-0.84665088851320203
mahler,GPFA50,1,full,x,40,1684,0.93725814164751187,0.93725814164751187,1.3381430301388457,1.3381430301388457,0,0
mahler,GPFA50,1,full,y,40,1684,0.49662095270579126,0.45526023890497386,4.2382542732886916,4.3623427966377202,-0.041360713800817406,-0.12408852334902853
mahler,GPFA50,1,visible,x,40,983,0.82886662811315892,0.82886662811315892,1.5056874371068305,1.5056874371068305,0,0
mahler,GPFA50,1,visible,y,40,983,0.38519009727591019,0.36516699061197189,4.4652626644095958,4.4893383367350674,-0.020023106663938306,-0.024075672325471587
mahler,GPFA50,1,hidden,x,40,661,0.73455235330668889,0.73455235330668889,1.0656704215443371,1.0656704215443371,0,0
mahler,GPFA50,1,hidden,y,40,661,0.61620654464465607,0.54852107982942622,3.9239022696238304,4.2170416554075931,-0.067685464815229857,-0.29313938578376275
mahler,GPFA50,1,bounce,x,9,447,0.9233533006077973,0.9233533006077973,1.5648352019057479,1.5648352019057479,0,0
mahler,GPFA50,1,bounce,y,9,447,0.58055495569182725,0.54627948197042298,5.4355261698008182,5.9278786276144606,-0.03427547372140427,-0.49235245781364245
mahler,GPFA50,1,no_bounce,x,31,1237,0.94373412341627239,0.94373412341627239,1.2461233216751477,1.2461233216751477,0,0
mahler,GPFA50,1,no_bounce,y,31,1237,0.46590250657925131,0.42437566421901074,3.7118050763594761,3.6343720169711839,-0.041526842360240568,0.077433059388292147
mahler,GPFA50,1,post_bounce,x,9,232,0.88727649494284411,0.88727649494284411,1.3340775991316367,1.3340775991316367,0,0
mahler,GPFA50,1,post_bounce,y,9,232,0.66264694234895971,0.61038260452141058,5.0793766958563644,5.9512427434888044,-0.052264337827549134,-0.87186604763244002
mahler,FA50,2,full,x,40,1683,0.92876962860531598,0.92876962860531598,1.3517858779583549,1.3517858779583549,0,0
mahler,FA50,2,full,y,40,1683,0.59724579404959588,0.58053307794428499,4.230610655267661,4.1850585568478307,-0.016712716105310887,0.045552098419830322
mahler,FA50,2,visible,x,40,966,0.77638811753099435,0.77638811753099435,1.5456469805374229,1.5456469805374229,0,0
mahler,FA50,2,visible,y,40,966,0.53828145830772722,0.50561587001562625,4.2961430981014539,4.3828293076747018,-0.032665588292100978,-0.086686209573247908
mahler,FA50,2,hidden,x,40,677,0.76978261456384078,0.76978261456384078,1.0387239925580416,1.0387239925580416,0,0
mahler,FA50,2,hidden,y,40,677,0.66230950104671749,0.66573893038393273,4.1740919989256424,3.9256128308301883,0.0034294293372152396,0.24847916809545412
mahler,FA50,2,bounce,x,13,569,0.93355006073301938,0.93355006073301938,1.3635513816892773,1.3635513816892773,0,0
mahler,FA50,2,bounce,y,13,569,0.72393930135829965,0.72694244636223404,5.3888696800715259,5.4230980725748337,0.0030031450039343932,-0.034228392503307781
mahler,FA50,2,no_bounce,x,27,1114,0.92707320411641547,0.92707320411641547,1.3457367009623751,1.3457367009623751,0,0
mahler,FA50,2,no_bounce,y,27,1114,0.45903235886536203,0.42373378776271742,3.4938691493896816,3.3821502759800577,-0.035298571102644616,0.11171887340962394
mahler,FA50,2,post_bounce,x,13,264,0.92080406416914018,0.92080406416914018,1.0134127781469007,1.0134127781469007,0,0
mahler,FA50,2,post_bounce,y,13,264,0.791241057253527,0.80955837937837249,5.1459201304414783,5.0949992549396192,0.018317322124845492,0.050920875501859086
mahler,GPFA50,2,full,x,40,1683,0.93731712655795296,0.93731712655795296,1.2685290383955599,1.2685290383955599,0,0
mahler,GPFA50,2,full,y,40,1683,0.66291698466654536,0.64064869588053341,3.9529340953171435,3.9467117937333867,-0.022268288786011947,0.0062223015837568063
mahler,GPFA50,2,visible,x,40,966,0.79320117412854829,0.79320117412854829,1.4895010363493439,1.4895010363493439,0,0
mahler,GPFA50,2,visible,y,40,966,0.6171827270588085,0.58290544760242646,4.0056008388381121,4.1144463289020452,-0.034277279456382037,-0.10884549006393307
mahler,GPFA50,2,hidden,x,40,677,0.82488847102747254,0.82488847102747254,0.88932131321396213,0.88932131321396213,0,0
mahler,GPFA50,2,hidden,y,40,677,0.70969354669470686,0.70316194645029129,3.9242943870012255,3.7409455977333965,-0.0065316002444155696,0.18334878926782894
mahler,GPFA50,2,bounce,x,13,569,0.94144235656629249,0.94144235656629249,1.2915245059413674,1.2915245059413674,0,0
mahler,GPFA50,2,bounce,y,13,569,0.79090937655235105,0.79472695876288613,4.8764443059418427,4.9554375123313781,0.0038175822105350754,-0.078993206389535331
mahler,GPFA50,2,no_bounce,x,27,1114,0.93685947543006243,0.93685947543006243,1.2566212492009881,1.2566212492009881,0,0
mahler,GPFA50,2,no_bounce,y,27,1114,0.50200465490570845,0.45750707655256934,3.3853865882047489,3.3151002810472763,-0.044497578353139111,0.070286307157472638
mahler,GPFA50,2,post_bounce,x,13,264,0.95092385404927715,0.95092385404927715,0.78729145034127546,0.78729145034127546,0,0
mahler,GPFA50,2,post_bounce,y,13,264,0.84109525862781009,0.86143586299756858,4.5543955997789283,4.5037682533530825,0.020340604369758486,0.050627346425845765
mahler,FA50,3,full,x,40,1689,0.92657186246719203,0.92657186246719203,1.368257846676973,1.368257846676973,0,0
mahler,FA50,3,full,y,40,1689,0.47680753261628012,0.44738046112528973,4.402777885976076,4.378266543889338,-0.029427071490990386,0.024511342086737997
mahler,FA50,3,visible,x,40,976,0.76591631154039974,0.76591631154039974,1.55845577167005,1.55845577167005,0,0
mahler,FA50,3,visible,y,40,976,0.35946889796763376,0.32914349657668918,4.8104839263631458,4.8539148396748351,-0.030325401390944584,-0.043430913311689245
mahler,FA50,3,hidden,x,40,673,0.72735525903634735,0.72735525903634735,1.052120787896438,1.052120787896438,0,0
mahler,FA50,3,hidden,y,40,673,0.6156260650753016,0.59999733719714188,3.8152695547998658,3.6662078223683943,-0.015628727878159721,0.14906173243147158
mahler,FA50,3,bounce,x,10,430,0.9375071880640482,0.9375071880640482,1.4477786994142132,1.4477786994142132,0,0
mahler,FA50,3,bounce,y,10,430,0.57824172169650645,0.56004915485322482,5.7846359196826223,5.9240574045893464,-0.018192566843281632,-0.13942148490672412
mahler,FA50,3,no_bounce,x,30,1259,0.92665938949639104,0.92665938949639104,1.3400175525322575,1.3400175525322575,0,0
mahler,FA50,3,no_bounce,y,30,1259,0.42753145686218097,0.39530456725998059,3.8179039612161265,3.7054146398634047,-0.032226889602200381,0.11248932135272183
mahler,FA50,3,post_bounce,x,10,256,0.94351606189252968,0.94351606189252968,1.0986117933433981,1.0986117933433981,0,0
mahler,FA50,3,post_bounce,y,10,256,0.62295606140477888,0.60242752722026538,5.6275394022235314,5.7959850282690617,-0.020528534184513503,-0.16844562604553026
mahler,GPFA50,3,full,x,40,1689,0.93543151258083357,0.93543151258083357,1.2915408174282588,1.2915408174282588,0,0
mahler,GPFA50,3,full,y,40,1689,0.53109554534327641,0.4982207299008975,4.2574159404479648,4.24650574363522,-0.032874815442378913,0.010910196812744744
mahler,GPFA50,3,visible,x,40,976,0.80138060808747946,0.80138060808747946,1.4550177238400102,1.4550177238400102,0,0
mahler,GPFA50,3,visible,y,40,976,0.3906203651447564,0.35380002064048388,4.7304318017668416,4.7960264672865387,-0.036820344504272517,-0.06559466551969706
mahler,GPFA50,3,hidden,x,40,673,0.71816144262825399,0.71816144262825399,1.0315179315387073,1.0315179315387073,0,0
mahler,GPFA50,3,hidden,y,40,673,0.69500794742126593,0.68392003238022736,3.5388178098410661,3.3754526627725103,-0.011087915041038565,0.16336514706855576
mahler,GPFA50,3,bounce,x,10,430,0.94798814285669697,0.94798814285669697,1.3441959220262552,1.3441959220262552,0,0
mahler,GPFA50,3,bounce,y,10,430,0.61153516606268987,0.59151525324189702,5.5359756801067324,5.7214580288972003,-0.020019912820792851,-0.18548234879046799
mahler,GPFA50,3,no_bounce,x,30,1259,0.93436218889793665,0.93436218889793665,1.2730581018417246,1.2730581018417246,0,0
mahler,GPFA50,3,no_bounce,y,30,1259,0.47934044196410908,0.43974503287451927,3.7214255089141419,3.6071296205307743,-0.039595409089589806,0.11429588838336757
mahler,GPFA50,3,post_bounce,x,10,256,0.94352150002115209,0.94352150002115209,1.0973910103524307,1.0973910103524307,0,0
mahler,GPFA50,3,post_bounce,y,10,256,0.66947966987452234,0.64457447678578439,5.3322499383497775,5.5806895183064293,-0.024905193088737954,-0.24843957995665189
mahler,FA50,4,full,x,39,1704,0.9217436176078817,0.9217436176078817,1.4080663869564984,1.4080663869564984,0,0
mahler,FA50,4,full,y,39,1704,0.4574109505291799,0.4417355687887895,4.6244252645799877,4.6940492144096222,-0.015675381740390404,-0.069623949829634491
mahler,FA50,4,visible,x,39,951,0.77948882157781851,0.77948882157781851,1.4628262300517474,1.4628262300517474,0,0
mahler,FA50,4,visible,y,39,951,0.36512545863678053,0.34531718984769388,4.8997922200638655,4.9216522611644438,-0.019808268789086647,-0.021860041100578265
mahler,FA50,4,hidden,x,39,714,0.64547284267920657,0.64547284267920657,1.3430564569869656,1.3430564569869656,0,0
mahler,FA50,4,hidden,y,39,714,0.56062789793684464,0.54374694336408946,4.2473156763930309,4.3851686493845303,-0.01688095457275518,-0.13785297299149946
mahler,FA50,4,bounce,x,14,675,0.90850470174746745,0.90850470174746745,1.5221932872170962,1.5221932872170962,0,0
mahler,FA50,4,bounce,y,14,675,0.49117881859082613,0.48349277698090898,6.0285306643990291,6.2462871591306426,-0.0076860416099171491,-0.21775649473161351
mahler,FA50,4,no_bounce,x,25,1029,0.93101310830393091,0.93101310830393091,1.3278848882530212,1.3278848882530212,0,0
mahler,FA50,4,no_bounce,y,25,1029,0.46338127845281063,0.45216392276709555,3.4019543277578634,3.3006512489217941,-0.01121735568571508,0.10130307883606937
mahler,FA50,4,post_bounce,x,14,363,0.85731168244198208,0.85731168244198208,1.4738951494870371,1.4738951494870371,0,0
mahler,FA50,4,post_bounce,y,14,363,0.5941395262044421,0.59129673631202029,5.6973319098286872,6.0142889930570593,-0.0028427898924218153,-0.31695708322837213
mahler,GPFA50,4,full,x,39,1704,0.92497232990082545,0.92497232990082545,1.3654499546989898,1.3654499546989898,0,0
mahler,GPFA50,4,full,y,39,1704,0.50570757745091965,0.4779060838522643,4.4511147360237295,4.5593367000347511,-0.027801493598655358,-0.10822196401102158
mahler,GPFA50,4,visible,x,39,951,0.79307572063693244,0.79307572063693244,1.4156761938295361,1.4156761938295361,0,0
mahler,GPFA50,4,visible,y,39,951,0.41318022047068648,0.37779622528949736,4.7458003671865576,4.8094655255385899,-0.035383995181189121,-0.063665158352032236
mahler,GPFA50,4,hidden,x,39,714,0.63594319184791859,0.63594319184791859,1.3074171756861697,1.3074171756861697,0,0
mahler,GPFA50,4,hidden,y,39,714,0.61045685719670717,0.58359209143989799,4.0499690266550017,4.2255956542348869,-0.026864765756809184,-0.17562662757988523
mahler,GPFA50,4,bounce,x,14,675,0.89906765864800842,0.89906765864800842,1.5615881401865992,1.5615881401865992,0,0
mahler,GPFA50,4,bounce,y,14,675,0.54992377960440786,0.52555070115389002,5.8172286448169483,6.1024962851406981,-0.024373078450517838,-0.28526764032374974
mahler,GPFA50,4,no_bounce,x,25,1029,0.94182959095719487,0.94182959095719487,1.2197765302761678,1.2197765302761678,0,0
mahler,GPFA50,4,no_bounce,y,25,1029,0.50647016878515227,0.49157198766340965,3.2573855846260704,3.1614594856185048,-0.014898181121742626,0.095926099007565657
mahler,GPFA50,4,post_bounce,x,14,363,0.85173885882884415,0.85173885882884415,1.4500560496458836,1.4500560496458836,0,0
mahler,GPFA50,4,post_bounce,y,14,363,0.67486801821189835,0.65636208056883183,5.3522862280837948,5.7549277291573473,-0.018505937643066517,-0.40264150107355245
mahler,FA50,5,full,x,40,1770,0.92600934098987253,0.92600934098987253,1.3481880319672908,1.3481880319672908,0,0
mahler,FA50,5,full,y,40,1770,0.42885513131436281,0.42609891206608613,4.7304111219813381,4.7165336337978632,-0.0027562192482766812,0.013877488183474895
mahler,FA50,5,visible,x,40,1001,0.79026580944700742,0.79026580944700742,1.4327694943350939,1.4327694943350939,0,0
mahler,FA50,5,visible,y,40,1001,0.36278188800312811,0.3461795262267543,4.98563114732677,5.0300330903388391,-0.016602361776373808,-0.044401943012069012
mahler,FA50,5,hidden,x,40,729,0.71190859921909011,0.71190859921909011,1.2348301847180443,1.2348301847180443,0,0
mahler,FA50,5,hidden,y,40,729,0.51468016133387096,0.52626681252250929,4.4113581566310121,4.3057545535429629,0.011586651188638331,0.10560360308804917
mahler,FA50,5,bounce,x,11,555,0.91395663766893231,0.91395663766893231,1.4686799923675988,1.4686799923675988,0,0
mahler,FA50,5,bounce,y,11,555,0.49019626413668643,0.5078005519080222,6.0759325166161311,6.205930214265222,0.017604287771335769,-0.12999769764909086
mahler,FA50,5,no_bounce,x,29,1215,0.93354375734319817,0.93354375734319817,1.2894075602288846,1.2894075602288846,0,0
mahler,FA50,5,no_bounce,y,29,1215,0.3351626039554263,0.31274150071963586,3.9667347911522155,3.8489846018890108,-0.022421103235790441,0.11775018926320469
mahler,FA50,5,post_bounce,x,11,297,0.90389981218353688,0.90389981218353688,1.3759110098596696,1.3759110098596696,0,0
mahler,FA50,5,post_bounce,y,11,297,0.43415868442732791,0.47591998262264273,6.284087781609462,6.4718800206642522,0.041761298195314822,-0.18779223905479014
mahler,GPFA50,5,full,x,40,1770,0.93618294128612201,0.93618294128612201,1.2561325887608177,1.2561325887608177,0,0
mahler,GPFA50,5,full,y,40,1770,0.48688527632292378,0.47994730196940261,4.5186579606681621,4.5245354973306151,-0.0069379743535211702,-0.0058775366624530534
mahler,GPFA50,5,visible,x,40,1001,0.82037723233813309,0.82037723233813309,1.3340773466957616,1.3340773466957616,0,0
mahler,GPFA50,5,visible,y,40,1001,0.41554872869060305,0.39900785307191228,4.772440992273058,4.823454103637407,-0.016540875618690776,-0.051013111364349051
mahler,GPFA50,5,hidden,x,40,729,0.72667217463488176,0.72667217463488176,1.1545170506754432,1.1545170506754432,0,0
mahler,GPFA50,5,hidden,y,40,729,0.57436693216894286,0.57730861779223075,4.191071565863977,4.1230459940481525,0.002941685623287893,0.06802557181582447
mahler,GPFA50,5,bounce,x,11,555,0.9219439943958585,0.9219439943958585,1.3793566519371057,1.3793566519371057,0,0
mahler,GPFA50,5,bounce,y,11,555,0.53295942477058544,0.55855439827793751,5.908071721166718,6.0268928237108481,0.02559497350735207,-0.11882110254413014
mahler,GPFA50,5,no_bounce,x,29,1215,0.94311891831136985,0.94311891831136985,1.1956269851366546,1.1956269851366546,0,0
mahler,GPFA50,5,no_bounce,y,29,1215,0.40959785703026097,0.37337546086133733,3.7149336737337331,3.6373585586941721,-0.036222396168923643,0.077575115039560938
mahler,GPFA50,5,post_bounce,x,11,297,0.91543459278010009,0.91543459278010009,1.2708504531166207,1.2708504531166207,0,0
mahler,GPFA50,5,post_bounce,y,11,297,0.47141715769887726,0.53270188199826796,6.1007065106892391,6.2661562817847241,0.061284724299390692,-0.16544977109548498
mahler,FA50,6,full,x,39,1691,0.92789800789137711,0.92789800789137711,1.3498878394391145,1.3498878394391145,0,0
mahler,FA50,6,full,y,39,1691,0.51412803186270972,0.49274633962596126,4.3751898668261839,4.3200856834535211,-0.021381692236748462,0.055104183372662874
mahler,FA50,6,visible,x,39,947,0.77244931349650769,0.77244931349650769,1.4780464960276631,1.4780464960276631,0,0
mahler,FA50,6,visible,y,39,947,0.44331646309215983,0.41406359161676543,4.5726390032523838,4.6413797719444947,-0.029252871475394404,-0.068740768692110876
mahler,FA50,6,hidden,x,39,705,0.7326047735172142,0.7326047735172142,1.1609072064442754,1.1609072064442754,0,0
mahler,FA50,6,hidden,y,39,705,0.59838927203737646,0.59614334360537768,4.1353822512773339,3.8852359332578552,-0.0022459284319987782,0.25014631801947873
mahler,FA50,6,bounce,x,11,508,0.92504551543528424,0.92504551543528424,1.4440433320914827,1.4440433320914827,0,0
mahler,FA50,6,bounce,y,11,508,0.67843105928343217,0.68152027934818415,5.8025169914252483,5.7083295049184306,0.0030892200647519852,0.094187486506817741
mahler,FA50,6,no_bounce,x,28,1183,0.93608304759353267,0.93608304759353267,1.3073764221451969,1.3073764221451969,0,0
mahler,FA50,6,no_bounce,y,28,1183,0.38965899735177123,0.34056367247022207,3.5922395583357778,3.5615796634433261,-0.049095324881549163,0.030659894892451689
mahler,FA50,6,post_bounce,x,11,259,0.90991073384542565,0.90991073384542565,1.1879124958712655,1.1879124958712655,0,0
mahler,FA50,6,post_bounce,y,11,259,0.68501780904539755,0.69747368762596107,5.8224740241315063,5.5978640526342112,0.012455878580563517,0.22460997149729511
mahler,GPFA50,6,full,x,39,1691,0.93467744319085355,0.93467744319085355,1.2879453103331928,1.2879453103331928,0,0
mahler,GPFA50,6,full,y,39,1691,0.54347727636231613,0.49677696764135493,4.2604554164305597,4.3125167240778346,-0.046700308720961203,-0.052061307647274901
mahler,GPFA50,6,visible,x,39,947,0.7966618942642758,0.7966618942642758,1.4100218634673121,1.4100218634673121,0,0
mahler,GPFA50,6,visible,y,39,947,0.4691071749057461,0.41598036801662025,4.4900971145006912,4.654717699755663,-0.053126806889125855,-0.16462058525497181
mahler,GPFA50,6,hidden,x,39,705,0.7521298642248041,0.7521298642248041,1.1148412243387404,1.1148412243387404,0,0
mahler,GPFA50,6,hidden,y,39,705,0.62634454937231476,0.597340619743565,3.9800306395542226,3.8522805832779148,-0.029003929628749758,0.12775005627630787
mahler,GPFA50,6,bounce,x,11,508,0.93280822651588291,0.93280822651588291,1.3722256891582674,1.3722256891582674,0,0
mahler,GPFA50,6,bounce,y,11,508,0.70825643998953558,0.67022543686320635,5.6656625791271411,5.8033174625394333,-0.038031003126329233,-0.13765488341229215
mahler,GPFA50,6,no_bounce,x,28,1183,0.94281955789021221,0.94281955789021221,1.2500111182143712,1.2500111182143712,0,0
mahler,GPFA50,6,no_bounce,y,28,1183,0.41537095047544659,0.35651664471648048,3.4873869082786881,3.4816516887246656,-0.058854305758966108,0.0057352195540225637
mahler,GPFA50,6,post_bounce,x,11,259,0.92041014782527175,0.92041014782527175,1.0999610606483192,1.0999610606483192,0,0
mahler,GPFA50,6,post_bounce,y,11,259,0.73306268672831731,0.7212058737071102,5.5277926507153037,5.4603667830167986,-0.011856813021207113,0.067425867698505115
mahler,FA50,7,full,x,40,1703,0.9237375777067347,0.9237375777067347,1.3793926846527162,1.3793926846527162,0,0
mahler,FA50,7,full,y,40,1703,0.4475876335108841,0.42524998543956227,4.8994942712260885,4.8412598053059828,-0.022337648071321825,0.058234465920105727
mahler,FA50,7,visible,x,40,963,0.77347508502365092,0.77347508502365092,1.5249582402060904,1.5249582402060904,0,0
mahler,FA50,7,visible,y,40,963,0.36436122009679761,0.35428476669898579,5.1142720181943391,5.0787028327161288,-0.010076453397811824,0.035569185478210308
mahler,FA50,7,hidden,x,40,700,0.76963315195026061,0.76963315195026061,1.161059551786142,1.161059551786142,0,0
mahler,FA50,7,hidden,y,40,700,0.53575225816538019,0.49682207899878544,4.6439326364966185,4.549406085815983,-0.038930179166594747,0.094526550680635424
mahler,FA50,7,bounce,x,14,621,0.90874190288998025,0.90874190288998025,1.5237508181946311,1.5237508181946311,0,0
mahler,FA50,7,bounce,y,14,621,0.51677514437615557,0.4944079061677859,6.0951446677737833,6.2085934854976959,-0.022367238208369666,-0.11344881772391258
mahler,FA50,7,no_bounce,x,26,1082,0.9334291028806101,0.9334291028806101,1.2892600561272962,1.2892600561272962,0,0
mahler,FA50,7,no_bounce,y,26,1082,0.40858301861031743,0.39010883726384848,4.0571188039126937,3.8426909649977778,-0.018474181346468943,0.2144278389149159
mahler,FA50,7,post_bounce,x,14,365,0.90588000395197843,0.90588000395197843,1.3674092574247148,1.3674092574247148,0,0
mahler,FA50,7,post_bounce,y,14,365,0.61022851266744393,0.58056555818999067,5.6491351240603978,5.8508312441327055,-0.029662954477453263,-0.20169612007230775
mahler,GPFA50,7,full,x,40,1703,0.92793719591705304,0.92793719591705304,1.3427748952674945,1.3427748952674945,0,0
mahler,GPFA50,7,full,y,40,1703,0.55484033243954811,0.54322791881067711,4.5557220180975522,4.4749814338681251,-0.011612413628870999,0.080740584229427093
mahler,GPFA50,7,visible,x,40,963,0.79101922535841485,0.79101922535841485,1.4732023231175801,1.4732023231175801,0,0
mahler,GPFA50,7,visible,y,40,963,0.49249641137801831,0.47929335496740744,4.7407130207469397,4.7246522205294195,-0.013203056410610869,0.01606080021752021
mahler,GPFA50,7,hidden,x,40,700,0.77369239290706027,0.77369239290706027,1.1597136998361885,1.1597136998361885,0,0
mahler,GPFA50,7,hidden,y,40,700,0.62813837802094563,0.61236764051784831,4.3373926394995905,4.1564406957879356,-0.015770737503097321,0.18095194371165491
mahler,GPFA50,7,bounce,x,14,621,0.91105348665256392,0.91105348665256392,1.4943324143053134,1.4943324143053134,0,0
mahler,GPFA50,7,bounce,y,14,621,0.62663707062666607,0.6293134918705916,5.6395886402615698,5.6611628477196305,0.0026764212439255308,-0.021574207458060712
mahler,GPFA50,7,no_bounce,x,26,1082,0.93805752735405257,0.93805752735405257,1.2475015366589581,1.2475015366589581,0,0
mahler,GPFA50,7,no_bounce,y,26,1082,0.49614793113880734,0.46788401946232633,3.7963657237238935,3.6228216681193763,-0.028263911676481013,0.17354405560451713
mahler,GPFA50,7,post_bounce,x,14,365,0.90648206118740193,0.90648206118740193,1.3487699199881742,1.3487699199881742,0,0
mahler,GPFA50,7,post_bounce,y,14,365,0.70493629168547634,0.71076619373716454,5.1461910072362054,5.2024647710661434,0.0058299020516882072,-0.056273763829937984
mahler,FA50,8,full,x,40,1763,0.93128206482917575,0.93128206482917575,1.3985078311655841,1.3985078311655841,0,0
mahler,FA50,8,full,y,40,1763,0.47450061726641646,0.42968771203073997,4.831521554600525,4.8957899101020663,-0.044812905235676492,-0.064268355501541308
mahler,FA50,8,visible,x,40,1026,0.81033885414378082,0.81033885414378082,1.5876524784853721,1.5876524784853721,0,0
mahler,FA50,8,visible,y,40,1026,0.48576935002182697,0.4597622337213948,4.8364050267623879,4.8783687586459452,-0.026007116300432176,-0.041963731883557287
mahler,FA50,8,hidden,x,40,697,0.75256100481467647,0.75256100481467647,1.0816012939454178,1.0816012939454178,0,0
mahler,FA50,8,hidden,y,40,697,0.46171110591908149,0.39327011791949756,4.8846683758636038,4.9855232848013484,-0.068440987999583924,-0.10085490893774463
mahler,FA50,8,bounce,x,13,635,0.93180695985591111,0.93180695985591111,1.5046359106069915,1.5046359106069915,0,0
mahler,FA50,8,bounce,y,13,635,0.49217348108326486,0.44766263234877013,6.5803426714328106,6.8278950394519944,-0.044510848734494735,-0.24755236801918379
mahler,FA50,8,no_bounce,x,27,1128,0.93205810852644522,0.93205810852644522,1.3350574821907362,1.3350574821907362,0,0
mahler,FA50,8,no_bounce,y,27,1128,0.5170122213310786,0.48473853123659227,3.4797654828786637,3.3492253479302243,-0.032273690094486329,0.13054013494843941
mahler,FA50,8,post_bounce,x,13,372,0.91918074638718761,0.91918074638718761,1.1585654080336441,1.1585654080336441,0,0
mahler,FA50,8,post_bounce,y,13,372,0.46658999762905834,0.40880135166043752,6.5621357729449521,6.9119379616386478,-0.057788645968620822,-0.34980218869369573
mahler,GPFA50,8,full,x,40,1763,0.93632788700847636,0.93632788700847636,1.3416952127091279,1.3416952127091279,0,0
mahler,GPFA50,8,full,y,40,1763,0.54882735357609747,0.49636573287348484,4.6373803647669467,4.7544121086459787,-0.052461620702612621,-0.11703174387903204
mahler,GPFA50,8,visible,x,40,1026,0.82977479151388767,0.82977479151388767,1.5036612276924417,1.5036612276924417,0,0
mahler,GPFA50,8,visible,y,40,1026,0.57359701154228437,0.53642437248283059,4.5987040185753072,4.6954394471286145,-0.037172639059453783,-0.096735428553307301
mahler,GPFA50,8,hidden,x,40,697,0.76263657775486537,0.76263657775486537,1.0803675361736398,1.0803675361736398,0,0
mahler,GPFA50,8,hidden,y,40,697,0.52219239590148592,0.44996448291433516,4.7566077433421272,4.9050431648459298,-0.072227912987150755,-0.14843542150380262
mahler,GPFA50,8,bounce,x,13,635,0.93802321505773145,0.93802321505773145,1.449209986551133,1.449209986551133,0,0
mahler,GPFA50,8,bounce,y,13,635,0.60752170546074213,0.54834122873367896,6.2457486233490833,6.5754258670041104,-0.059180476727063169,-0.32967724365502704
mahler,GPFA50,8,no_bounce,x,27,1128,0.93718264271914564,0.93718264271914564,1.2771950888291035,1.2771950888291035,0,0
mahler,GPFA50,8,no_bounce,y,27,1128,0.54715188814222249,0.51034285715108141,3.4134283626193032,3.3151028426835913,-0.036809030991141078,0.098325519935711814
mahler,GPFA50,8,post_bounce,x,13,372,0.92227771433315098,0.92227771433315098,1.1467133763224489,1.1467133763224489,0,0
mahler,GPFA50,8,post_bounce,y,13,372,0.59825760700547781,0.51909999556254538,6.2287442368702326,6.6665687574934305,-0.07915761144293243,-0.43782452062319788
mahler,FA50,9,full,x,39,1684,0.93103557976267759,0.93103557976267759,1.3072927038972368,1.3072927038972368,0,0
mahler,FA50,9,full,y,39,1684,0.53842197224243116,0.49997525381665997,4.1567393098440544,4.168175555841291,-0.038446718425771187,-0.011436245997236583
mahler,FA50,9,visible,x,39,958,0.8010595744276493,0.8010595744276493,1.4010649826119055,1.4010649826119055,0,0
mahler,FA50,9,visible,y,39,958,0.47192757514505945,0.44019845463496549,4.1262855076402012,4.1765274689532292,-0.031729120510093967,-0.05024196131302805
mahler,FA50,9,hidden,x,39,687,0.72690854087390067,0.72690854087390067,1.1725061798436267,1.1725061798436267,0,0
mahler,FA50,9,hidden,y,39,687,0.59671317410498137,0.55490049524975127,4.2364136019710328,4.1915450350307948,-0.041812678855230101,0.044868566940237997
mahler,FA50,9,bounce,x,10,452,0.91366861667665411,0.91366861667665411,1.4880584462081385,1.4880584462081385,0,0
mahler,FA50,9,bounce,y,10,452,0.55826293224294998,0.52184398604359039,5.9375936547251564,6.1480899913726805,-0.036418946199359592,-0.2104963366475241
mahler,FA50,9,no_bounce,x,29,1232,0.93846742996871335,0.93846742996871335,1.2343527890425261,1.2343527890425261,0,0
mahler,FA50,9,no_bounce,y,29,1232,0.56178186153523701,0.53956109477901859,3.2685155450002368,3.143243749730543,-0.022220766756218424,0.12527179526969379
mahler,FA50,9,post_bounce,x,10,247,0.88478334253006863,0.88478334253006863,1.4794807233496037,1.4794807233496037,0,0
mahler,FA50,9,post_bounce,y,10,247,0.61814603201513185,0.57555413845475156,5.6167435852652874,5.9304628974704565,-0.04259189356038029,-0.31371931220516913
mahler,GPFA50,9,full,x,39,1684,0.93568688067737793,0.93568688067737793,1.2620292519532108,1.2620292519532108,0,0
mahler,GPFA50,9,full,y,39,1684,0.61099283509563451,0.56086853727970942,3.8586947958811466,3.9393413762189815,-0.05012429781592509,-0.080646580337834894
mahler,GPFA50,9,visible,x,39,958,0.80881530448119776,0.80881530448119776,1.3753388004116338,1.3753388004116338,0,0
mahler,GPFA50,9,visible,y,39,958,0.5423988331453703,0.49972726083460095,3.8576011308338756,3.9522028463187202,-0.042671572310769346,-0.09460171548484464
mahler,GPFA50,9,hidden,x,39,687,0.75585477349074048,0.75585477349074048,1.1020205735678383,1.1020205735678383,0,0
mahler,GPFA50,9,hidden,y,39,687,0.66916096569473671,0.61507593651486803,3.9004859661886107,3.9581188793819999,-0.054085029179868682,-0.057632913193389257
mahler,GPFA50,9,bounce,x,10,452,0.9113527408475115,0.9113527408475115,1.4895376531152671,1.4895376531152671,0,0
mahler,GPFA50,9,bounce,y,10,452,0.61549203319841983,0.57610488546820815,5.5824850613029042,5.8745696544271597,-0.03938714773021168,-0.2920845931242555
mahler,GPFA50,9,no_bounce,x,29,1232,0.94516398929177736,0.94516398929177736,1.1674961749948329,1.1674961749948329,0,0
mahler,GPFA50,9,no_bounce,y,29,1232,0.63697575064017897,0.60580348418587981,2.9864099588555755,2.9241252198443632,-0.031172266454299158,0.062284739011212231
mahler,GPFA50,9,post_bounce,x,10,247,0.89649813445344206,0.89649813445344206,1.3913960830596641,1.3913960830596641,0,0
mahler,GPFA50,9,post_bounce,y,10,247,0.68342632565620087,0.64302056786978168,5.1321181531152282,5.5206550130969516,-0.040405757786419194,-0.38853685998172338
mahler,FA50,10,full,x,40,1695,0.92588864040898711,0.92588864040898711,1.3631592438971616,1.3631592438971616,0,0
mahler,FA50,10,full,y,40,1695,0.49248395546482476,0.46151880334743378,5.0040373406471277,5.0614845012809901,-0.030965152117390982,-0.05744716063386246
mahler,FA50,10,visible,x,40,970,0.76960255917855747,0.76960255917855747,1.5001841160345035,1.5001841160345035,0,0
mahler,FA50,10,visible,y,40,970,0.46922688100381998,0.45362596843686742,4.9801787807781279,4.9989527695674001,-0.015600912566952563,-0.018773988789272167
mahler,FA50,10,hidden,x,40,685,0.7273911811933278,0.7273911811933278,1.1639751745878519,1.1639751745878519,0,0
mahler,FA50,10,hidden,y,40,685,0.50909392653521535,0.46158936308273218,5.0773250887125716,5.1886378848993706,-0.047504563452483162,-0.11131279618679901
mahler,FA50,10,bounce,x,14,640,0.91311574248540606,0.91311574248540606,1.4488824671643379,1.4488824671643379,0,0
mahler,FA50,10,bounce,y,14,640,0.54239951135421016,0.51395546513887602,6.7114308630462407,6.948215097488557,-0.02844404621533414,-0.23678423444231633
mahler,FA50,10,no_bounce,x,26,1055,0.93409528007294573,0.93409528007294573,1.3084224563863542,1.3084224563863542,0,0
mahler,FA50,10,no_bounce,y,26,1055,0.51373494219980587,0.48774475019625957,3.5924810692623232,3.4456988001321691,-0.025990192003546297,0.14678226913015413
mahler,FA50,10,post_bounce,x,14,326,0.89409305497608116,0.89409305497608116,1.2674213990965189,1.2674213990965189,0,0
mahler,FA50,10,post_bounce,y,14,326,0.63419818784996451,0.5991994547207713,6.5574661456459733,6.9158945786978725,-0.034998733129193216,-0.3584284330518992
mahler,GPFA50,10,full,x,40,1695,0.9367233260297344,0.9367233260297344,1.2588745040034801,1.2588745040034801,0,0
mahler,GPFA50,10,full,y,40,1695,0.55923884502481269,0.53118630848380999,4.7201021660193252,4.7719068421083675,-0.028052536541002704,-0.051804676089042268
mahler,GPFA50,10,visible,x,40,970,0.81004767452543147,0.81004767452543147,1.3698454016636195,1.3698454016636195,0,0
mahler,GPFA50,10,visible,y,40,970,0.5595917010705489,0.5493824896157119,4.6213735450589368,4.6263626196458771,-0.010209211454836997,-0.0049890745869403119
mahler,GPFA50,10,hidden,x,40,685,0.74314895537494619,0.74314895537494619,1.1012169050687082,1.1012169050687082,0,0
mahler,GPFA50,10,hidden,y,40,685,0.55309217488304097,0.50488485192255694,4.8863219408011354,5.0003145452118156,-0.048207322960484023,-0.11399260441068026
mahler,GPFA50,10,bounce,x,14,640,0.92110913646573767,0.92110913646573767,1.3630888611252747,1.3630888611252747,0,0
mahler,GPFA50,10,bounce,y,14,640,0.62489135409015684,0.60589584744292235,6.2894401106530955,6.4934615204374815,-0.018995506647234484,-0.20402140978438599
mahler,GPFA50,10,no_bounce,x,26,1055,0.94576868213503162,0.94576868213503162,1.191219657660106,1.191219657660106,0,0
mahler,GPFA50,10,no_bounce,y,26,1055,0.55279559033423498,0.5181112451935892,3.4348377358032463,3.3175361526413454,-0.034684345140645778,0.11730158316190087
mahler,GPFA50,10,post_bounce,x,14,326,0.8936964444953357,0.8936964444953357,1.2302877327716155,1.2302877327716155,0,0
mahler,GPFA50,10,post_bounce,y,14,326,0.72848596389028297,0.70260310424809946,6.0777312996997495,6.3950530161955248,-0.025882859642183509,-0.31732171649577534
mahler,FA50,11,full,x,39,1612,0.9240137601345928,0.9240137601345928,1.3866296974339467,1.3866296974339467,0,0
mahler,FA50,11,full,y,39,1612,0.50232612600568705,0.46561013727657341,4.8623870383013692,4.9502252993909233,-0.036715988729113636,-0.087838261089554059
mahler,FA50,11,visible,x,39,918,0.76636338671537363,0.76636338671537363,1.5635788738524057,1.5635788738524057,0,0
mahler,FA50,11,visible,y,39,918,0.48277270989509941,0.46915514837970829,4.9031465538859411,4.90792282318644,-0.013617561515391119,-0.0047762693004989032
mahler,FA50,11,hidden,x,39,655,0.73646337787136085,0.73646337787136085,1.1211468404202625,1.1211468404202625,0,0
mahler,FA50,11,hidden,y,39,655,0.51590590107252876,0.45434593512471272,4.844589183088873,5.0460091912049556,-0.061559965947816042,-0.20142000811608263
mahler,FA50,11,bounce,x,14,647,0.90928228508417763,0.90928228508417763,1.544078528220804,1.544078528220804,0,0
mahler,FA50,11,bounce,y,14,647,0.56367851251572154,0.53926076251697308,6.165398359976356,6.4849205820648992,-0.024417749998748461,-0.3195222220885432
mahler,FA50,11,no_bounce,x,25,965,0.93525768330592574,0.93525768330592574,1.2701827542423951,1.2701827542423951,0,0
mahler,FA50,11,no_bounce,y,25,965,0.45862345805899346,0.41648019961786903,3.7428139687547386,3.569090311438778,-0.042143258441124432,0.17372365731596062
mahler,FA50,11,post_bounce,x,14,314,0.89359395675038567,0.89359395675038567,1.2094930177897838,1.2094930177897838,0,0
mahler,FA50,11,post_bounce,y,14,314,0.60064767927719742,0.55850425984542051,6.1764149345824499,6.7533987640742126,-0.042143419431776907,-0.57698382949176263
mahler,GPFA50,11,full,x,39,1612,0.92717617745532488,0.92717617745532488,1.3569064406630493,1.3569064406630493,0,0
mahler,GPFA50,11,full,y,39,1612,0.54833679026562565,0.52340865589299523,4.7312175353832213,4.7938533377812798,-0.024928134372630417,-0.062635802398058438
mahler,GPFA50,11,visible,x,39,918,0.76984820244050745,0.76984820244050745,1.547043707590595,1.547043707590595,0,0
mahler,GPFA50,11,visible,y,39,918,0.50728813326598832,0.49167741656056013,4.8746250055942735,4.8858161474943111,-0.015610716705428185,-0.011191141900037671
mahler,GPFA50,11,hidden,x,39,655,0.7589137749298801,0.7589137749298801,1.0630766228282855,1.0630766228282855,0,0
mahler,GPFA50,11,hidden,y,39,655,0.59085448310673128,0.55460314792278365,4.569047521470913,4.7046596873230104,-0.036251335183947631,-0.13561216585209745
mahler,GPFA50,11,bounce,x,14,647,0.90541232629314861,0.90541232629314861,1.5717273083497323,1.5717273083497323,0,0
mahler,GPFA50,11,bounce,y,14,647,0.57843957654779443,0.57099335140874508,6.0620175353909369,6.3041741034302738,-0.0074462251390493561,-0.24215656803933694
mahler,GPFA50,11,no_bounce,x,25,965,0.94335154903990226,0.94335154903990226,1.1913788274038184,1.1913788274038184,0,0
mahler,GPFA50,11,no_bounce,y,25,965,0.52782628824476041,0.48320424782347471,3.5712860921972385,3.4267993915961359,-0.044622040421285702,0.14448670060110258
mahler,GPFA50,11,post_bounce,x,14,314,0.89861119605044393,0.89861119605044393,1.1826014168874102,1.1826014168874102,0,0
mahler,GPFA50,11,post_bounce,y,14,314,0.63938527312933768,0.62506830510888911,5.8757199912351439,6.3585635876246265,-0.014316968020448573,-0.4828435963894826
mahler,FA50,12,full,x,40,1751,0.92068518795420951,0.92068518795420951,1.4600645369360532,1.4600645369360532,0,0
mahler,FA50,12,full,y,40,1751,0.48119210660442474,0.45478023425384717,4.4877195470102675,4.4741108000489307,-0.02641187235057757,0.013608746961336848
mahler,FA50,12,visible,x,40,1012,0.76699680679285942,0.76699680679285942,1.6580114789556013,1.6580114789556013,0,0
mahler,FA50,12,visible,y,40,1012,0.40448568780103572,0.38227126531128469,4.7814418571121475,4.8004203154338922,-0.022214422489751029,-0.018978458321744718
mahler,FA50,12,hidden,x,40,699,0.75385274273351854,0.75385274273351854,1.1410296798049777,1.1410296798049777,0,0
mahler,FA50,12,hidden,y,40,699,0.58934224265513291,0.55659893724247012,4.0899944375458857,4.0171176140974225,-0.032743305412662793,0.072876823448463135
mahler,FA50,12,bounce,x,12,555,0.9070896352926312,0.9070896352926312,1.7549290743723402,1.7549290743723402,0,0
mahler,FA50,12,bounce,y,12,555,0.6044173518042516,0.58125037612906072,5.5248116566479295,5.6963029758431949,-0.023166975675190882,-0.17149131919526539
mahler,FA50,12,no_bounce,x,28,1196,0.93155131303541261,0.93155131303541261,1.3007220365456371,1.3007220365456371,0,0
mahler,FA50,12,no_bounce,y,28,1196,0.40918718258519493,0.38807306302687095,3.9142052821296076,3.7748473571000258,-0.021114119558323985,0.13935792502958178
mahler,FA50,12,post_bounce,x,12,295,0.89351250940173832,0.89351250940173832,1.3195133239498058,1.3195133239498058,0,0
mahler,FA50,12,post_bounce,y,12,295,0.67716807939220658,0.65556408620657969,5.28232496352092,5.5215050180006697,-0.021603993185626891,-0.23918005447974977
mahler,GPFA50,12,full,x,40,1751,0.92725573029081498,0.92725573029081498,1.4050659249470465,1.4050659249470465,0,0
mahler,GPFA50,12,full,y,40,1751,0.53559713639576245,0.51972954414116812,4.3708087509998101,4.2989635499253271,-0.015867592254594332,0.071845201074483001
mahler,GPFA50,12,visible,x,40,1012,0.77693161999920624,0.77693161999920624,1.6285174013152988,1.6285174013152988,0,0
mahler,GPFA50,12,visible,y,40,1012,0.44230245799606455,0.43593932140241393,4.7725391894589304,4.6910755346274415,-0.0063631365936506201,0.081463654831488874
mahler,GPFA50,12,hidden,x,40,699,0.78760595967921299,0.78760595967921299,1.0331298665299979,1.0331298665299979,0,0
mahler,GPFA50,12,hidden,y,40,699,0.66175444353905932,0.63303275723256403,3.7855508233854009,3.7258016514037942,-0.028721686306495298,0.059749171981606786
mahler,GPFA50,12,bounce,x,12,555,0.91380880153901534,0.91380880153901534,1.7222913878731552,1.7222913878731552,0,0
mahler,GPFA50,12,bounce,y,12,555,0.64332541166356327,0.65130762065165471,5.484213550098505,5.5305388954722678,0.0079822089880914326,-0.046325345373762872
mahler,GPFA50,12,no_bounce,x,28,1196,0.93893610746078549,0.93893610746078549,1.2303820144098614,1.2303820144098614,0,0
mahler,GPFA50,12,no_bounce,y,28,1196,0.45451003207929269,0.43379148339037538,3.7432813753583334,3.586564117100834,-0.020718548688917315,0.15671725825749938
mahler,GPFA50,12,post_bounce,x,12,295,0.90709151626671414,0.90709151626671414,1.2315010759032186,1.2315010759032186,0,0
mahler,GPFA50,12,post_bounce,y,12,295,0.76788253753308033,0.76178696405979363,4.8664182685120876,5.1203285109845531,-0.0060955734732867084,-0.25391024247246552
mahler,FA50,13,full,x,40,1727,0.93197955044681868,0.93197955044681868,1.2944391254486776,1.2944391254486776,0,0
mahler,FA50,13,full,y,40,1727,0.42777479298993765,0.38016478785766344,5.0044187153335562,5.1110781298450396,-0.047610005132274202,-0.10665941451148342
mahler,FA50,13,visible,x,40,988,0.80151481943332759,0.80151481943332759,1.401135769176356,1.401135769176356,0,0
mahler,FA50,13,visible,y,40,988,0.416106643117785,0.38750667483373041,4.9618720535427405,4.9992063211279483,-0.028599968284054589,-0.037334267585207748
mahler,FA50,13,hidden,x,40,699,0.71208633430480062,0.71208633430480062,1.1464292575208836,1.1464292575208836,0,0
mahler,FA50,13,hidden,y,40,699,0.43393334081773294,0.36798948758529459,5.106417433948879,5.3067173497881193,-0.065943853232438343,-0.20029991583924023
mahler,FA50,13,bounce,x,16,767,0.9342739235012868,0.9342739235012868,1.2743046812318817,1.2743046812318817,0,0
mahler,FA50,13,bounce,y,16,767,0.43971189100296204,0.40281797695994576,6.5258226420886869,6.7603569668756363,-0.036893914043016285,-0.23453432478694936
mahler,FA50,13,no_bounce,x,24,960,0.93083518263128573,0.93083518263128573,1.3103033837093596,1.3103033837093596,0,0
mahler,FA50,13,no_bounce,y,24,960,0.51030403828060467,0.47032992265047358,3.3209571171378189,3.237293533853876,-0.039974115630131091,0.083663583283942966
mahler,FA50,13,post_bounce,x,16,377,0.89232188255999079,0.89232188255999079,1.1633181179703156,1.1633181179703156,0,0
mahler,FA50,13,post_bounce,y,16,377,0.48646942699203655,0.44167496927665584,6.6863363653666577,7.0604399874539716,-0.044794457715380709,-0.37410362208731396
mahler,GPFA50,13,full,x,40,1727,0.94172170804170829,0.94172170804170829,1.2008029629628301,1.2008029629628301,0,0
mahler,GPFA50,13,full,y,40,1727,0.48479024217535399,0.42230601584434113,4.8089551876052763,4.9621669432998923,-0.06248422633101286,-0.15321175569461598
mahler,GPFA50,13,visible,x,40,988,0.82043961006137911,0.82043961006137911,1.343524130119693,1.343524130119693,0,0
mahler,GPFA50,13,visible,y,40,988,0.45378486191517414,0.40208676815867156,4.8481509205523006,4.9463914051761479,-0.051698093756502583,-0.098240484623847379
mahler,GPFA50,13,hidden,x,40,699,0.77784973708968674,0.77784973708968674,0.9836297286683644,0.9836297286683644,0,0
mahler,GPFA50,13,hidden,y,40,699,0.51610084430238612,0.44370699250952833,4.7866429321061279,5.0161033163007902,-0.072393851792857788,-0.2294603841946623
mahler,GPFA50,13,bounce,x,16,767,0.94812939480802427,0.94812939480802427,1.139772277721641,1.139772277721641,0,0
mahler,GPFA50,13,bounce,y,16,767,0.48608181164893771,0.43776677408629566,6.3161049444888997,6.5994748627890827,-0.048315037562642049,-0.28336991830018299
mahler,GPFA50,13,no_bounce,x,24,960,0.9375315595262167,0.9375315595262167,1.2474199315518912,1.2474199315518912,0,0
mahler,GPFA50,13,no_bounce,y,24,960,0.57731321318918294,0.51881168762087604,3.1192644036430051,3.0820196846220815,-0.0585015255683069,0.037244719020923522
mahler,GPFA50,13,post_bounce,x,16,377,0.92042464467901464,0.92042464467901464,0.98059518367157905,0.98059518367157905,0,0
mahler,GPFA50,13,post_bounce,y,16,377,0.55920301875966805,0.51186021478725707,6.2972138405693885,6.7021622597994641,-0.047342803972410974,-0.40494841923007563
mahler,FA50,14,full,x,39,1630,0.93377894607002077,0.93377894607002077,1.2763882226090923,1.2763882226090923,0,0
mahler,FA50,14,full,y,39,1630,0.53660151344093665,0.52205138094286108,4.6051716075159126,4.5571135320277669,-0.014550132498075574,0.048058075488145668
mahler,FA50,14,visible,x,39,933,0.78090573615044179,0.78090573615044179,1.4496196947277753,1.4496196947277753,0,0
mahler,FA50,14,visible,y,39,933,0.48239787742677859,0.47200745295637225,4.6273402735443678,4.6200603532279807,-0.010390424470406334,0.007279920316387134
mahler,FA50,14,hidden,x,39,658,0.77065801468429851,0.77065801468429851,1.0048845235190886,1.0048845235190886,0,0
mahler,FA50,14,hidden,y,39,658,0.58290619479023764,0.56563721437652192,4.6328003877016579,4.5242345050425357,-0.017268980413715718,0.10856588265912226
mahler,FA50,14,bounce,x,13,569,0.93430863817411114,0.93430863817411114,1.3377308946989026,1.3377308946989026,0,0
mahler,FA50,14,bounce,y,13,569,0.56451368327246665,0.56614483489350342,6.1505365429770258,6.218063744481773,0.0016311516210367749,-0.067527201504747225
mahler,FA50,14,no_bounce,x,26,1061,0.93614743233446118,0.93614743233446118,1.242243763998979,1.242243763998979,0,0
mahler,FA50,14,no_bounce,y,26,1061,0.51247282457842924,0.48007994761550538,3.5062404652514849,3.3420571758419464,-0.032392876962923867,0.16418328940953852
mahler,FA50,14,post_bounce,x,13,273,0.89792476082401684,0.89792476082401684,0.99567109800117715,0.99567109800117715,0,0
mahler,FA50,14,post_bounce,y,13,273,0.63002250771319868,0.63070884207600819,6.0074521587647496,6.1687525573034492,0.00068633436280951532,-0.1613003985386996
mahler,GPFA50,14,full,x,39,1630,0.94083739112762776,0.94083739112762776,1.2057962672198748,1.2057962672198748,0,0
mahler,GPFA50,14,full,y,39,1630,0.58508917407673311,0.58131802276679323,4.4643414326889808,4.359379868523785,-0.0037711513099398797,0.10496156416519575
mahler,GPFA50,14,visible,x,39,933,0.80156276672197346,0.80156276672197346,1.3887100420843879,1.3887100420843879,0,0
mahler,GPFA50,14,visible,y,39,933,0.51938667175497699,0.5175206837886942,4.5356862987220561,4.4766943059247701,-0.0018659879662827894,0.058991992797285953
mahler,GPFA50,14,hidden,x,39,658,0.80069209670253716,0.80069209670253716,0.90837314920143841,0.90837314920143841,0,0
mahler,GPFA50,14,hidden,y,39,658,0.64374247997306921,0.64259896898976321,4.4200783073418757,4.2391289915128896,-0.0011435109833060064,0.1809493158289861
mahler,GPFA50,14,bounce,x,13,569,0.93787978281444351,0.93787978281444351,1.3218745744928406,1.3218745744928406,0,0
mahler,GPFA50,14,bounce,y,13,569,0.60087300386618214,0.61810884159507029,6.0395292146236557,5.9491399987702422,0.017235837728888148,0.090389215853413418
mahler,GPFA50,14,no_bounce,x,26,1061,0.94617853185480949,0.94617853185480949,1.1386808221804698,1.1386808221804698,0,0
mahler,GPFA50,14,no_bounce,y,26,1061,0.58606444718537187,0.55210205672682733,3.325233665315563,3.1961679693935721,-0.033962390458544545,0.12906569592199091
mahler,GPFA50,14,post_bounce,x,13,273,0.9184980845223093,0.9184980845223093,0.86317319977477747,0.86317319977477747,0,0
mahler,GPFA50,14,post_bounce,y,13,273,0.68291327597358364,0.70115110225157895,5.6888314104996605,5.6693921750761174,0.018237826277995306,0.019439235423543089
mahler,FA50,15,full,x,39,1633,0.93753797285706042,0.93753797285706042,1.2827721225408713,1.2827721225408713,0,0
mahler,FA50,15,full,y,39,1633,0.53759320472458794,0.52651600056417669,4.7953397815726291,4.6626094858342322,-0.011077204160411247,0.1327302957383969
mahler,FA50,15,visible,x,39,944,0.79647411974985094,0.79647411974985094,1.4939301160762488,1.4939301160762488,0,0
mahler,FA50,15,visible,y,39,944,0.51754974634044026,0.48878376265628781,4.7380343173206425,4.7450524286313138,-0.028765983684152452,-0.0070181113106713156
mahler,FA50,15,hidden,x,39,650,0.81717386703058636,0.81717386703058636,0.91986969464236512,0.91986969464236512,0,0
mahler,FA50,15,hidden,y,39,650,0.62466687564018875,0.63593601422320778,4.9031823204817826,4.5674244791476193,0.011269138583019034,0.33575784133416331
mahler,FA50,15,bounce,x,15,679,0.93497094758992561,0.93497094758992561,1.4067448977219366,1.4067448977219366,0,0
mahler,FA50,15,bounce,y,15,679,0.65923704732768706,0.64906896227907784,5.8038830423469614,5.8269818209931579,-0.010168085048609221,-0.023098778646196472
mahler,FA50,15,no_bounce,x,24,954,0.94246344788145631,0.94246344788145631,1.186672259085505,1.186672259085505,0,0
mahler,FA50,15,no_bounce,y,24,954,0.3809724232701483,0.3646493971540134,3.9226193918120869,3.6120470462343559,-0.016323026116134898,0.31057234557773095
mahler,FA50,15,post_bounce,x,15,356,0.93695405842177226,0.93695405842177226,0.95292325871380623,0.95292325871380623,0,0
mahler,FA50,15,post_bounce,y,15,356,0.71933784017288815,0.70789755560236012,5.6068815959639204,5.6766181864654959,-0.011440284570528036,-0.069736590501575435
mahler,GPFA50,15,full,x,39,1633,0.94669020677209637,0.94669020677209637,1.1889616479297314,1.1889616479297314,0,0
mahler,GPFA50,15,full,y,39,1633,0.60546695505243409,0.59756457553121822,4.4554002048252794,4.3441600214600209,-0.0079023795212158632,0.11124018336525854
mahler,GPFA50,15,visible,x,39,944,0.82297072255163028,0.82297072255163028,1.3935585024156443,1.3935585024156443,0,0
mahler,GPFA50,15,visible,y,39,944,0.55184920231412948,0.5308358300623538,4.6037255438835798,4.6134111025068467,-0.021013372251775686,-0.0096855586232669211
mahler,GPFA50,15,hidden,x,39,650,0.85358116857159494,0.85358116857159494,0.83227604331337468,0.83227604331337468,0,0
mahler,GPFA50,15,hidden,y,39,650,0.70171928546962137,0.71325116275054168,4.276386281519498,3.9642279370151154,0.011531877280920311,0.31215834450438251
mahler,GPFA50,15,bounce,x,15,679,0.94338333132238417,0.94338333132238417,1.3324059113360829,1.3324059113360829,0,0
mahler,GPFA50,15,bounce,y,15,679,0.69941554129833905,0.70679902424258523,5.2992417942590651,5.3356804223357486,0.007383482944246178,-0.036438628076683521
mahler,GPFA50,15,no_bounce,x,24,954,0.95330489475547309,0.95330489475547309,1.0752723904200785,1.0752723904200785,0,0
mahler,GPFA50,15,no_bounce,y,24,954,0.44418178619611548,0.41634094118389542,3.7405873201133408,3.4699591786709925,-0.027840845012220061,0.27062814144234837
mahler,GPFA50,15,post_bounce,x,15,356,0.94988333731566343,0.94988333731566343,0.85522959469294724,0.85522959469294724,0,0
mahler,GPFA50,15,post_bounce,y,15,356,0.79013668648147828,0.78853705320041079,4.826610068599722,4.9095520050540662,-0.0015996332810674918,-0.082941936454344223
mahler,FA50,16,full,x,39,1651,0.9323474541504152,0.9323474541504152,1.2941057742237463,1.2941057742237463,0,0
mahler,FA50,16,full,y,39,1651,0.49774987986268404,0.45953458458245505,4.7445855446549334,4.7847718378256587,-0.038215295280228989,-0.040186293170725307
mahler,FA50,16,visible,x,39,945,0.79911308241780321,0.79911308241780321,1.4276888615570424,1.4276888615570424,0,0
mahler,FA50,16,visible,y,39,945,0.42423734562952148,0.39069523597463451,4.8655050576515535,4.9115266727592433,-0.033542109654886965,-0.046021615107689762
mahler,FA50,16,hidden,x,39,667,0.69692059747174329,0.69692059747174329,1.0996570006933613,1.0996570006933613,0,0
mahler,FA50,16,hidden,y,39,667,0.56803737066579418,0.53015219949011383,4.6137535004528898,4.6437389784041843,-0.037885171175680354,-0.02998547795129447
mahler,FA50,16,bounce,x,15,711,0.93984146407966007,0.93984146407966007,1.2084840167714468,1.2084840167714468,0,0
mahler,FA50,16,bounce,y,15,711,0.49695868278176697,0.46866343313594405,6.1215881287156897,6.2973926586534352,-0.028295249645822917,-0.17580452993774554
mahler,FA50,16,no_bounce,x,24,940,0.92701183728415149,0.92701183728415149,1.3552802577187544,1.3552802577187544,0,0
mahler,FA50,16,no_bounce,y,24,940,0.54767069964488724,0.51730341387664969,3.3456723031814106,3.1960457412359915,-0.030367285768237551,0.14962656194541912
mahler,FA50,16,post_bounce,x,15,343,0.90317845710941858,0.90317845710941858,1.2129767945798025,1.2129767945798025,0,0
mahler,FA50,16,post_bounce,y,15,343,0.51006412951501234,0.49108931181701215,6.3004114998581713,6.5238150016601191,-0.01897481769800019,-0.22340350180194779
mahler,GPFA50,16,full,x,39,1651,0.94020273919392561,0.94020273919392561,1.224492071033441,1.224492071033441,0,0
mahler,GPFA50,16,full,y,39,1651,0.53713327902830377,0.49513534330724018,4.6080708353930993,4.6716029397576122,-0.041997935721063584,-0.063532104364512954
mahler,GPFA50,16,visible,x,39,945,0.81731571208792608,0.81731571208792608,1.3705093326855087,1.3705093326855087,0,0
mahler,GPFA50,16,visible,y,39,945,0.45402351396954499,0.41399568455543495,4.7750060227081672,4.8412360186334356,-0.040027829414110039,-0.066229995925268348
mahler,GPFA50,16,hidden,x,39,667,0.73984879717583396,0.73984879717583396,1.002829613898488,1.002829613898488,0,0
mahler,GPFA50,16,hidden,y,39,667,0.62211128027266505,0.58712711524708472,4.3980119628577627,4.4559013308739619,-0.034984165025580327,-0.05788936801619915
mahler,GPFA50,16,bounce,x,15,711,0.94938866021299229,0.94938866021299229,1.1183699056175287,1.1183699056175287,0,0
mahler,GPFA50,16,bounce,y,15,711,0.54517991597089699,0.51979458770893849,5.9730124827808009,6.1594646978913135,-0.025385328261958495,-0.18645221511051258
mahler,GPFA50,16,no_bounce,x,24,940,0.9335952741143394,0.9335952741143394,1.2990150187958964,1.2990150187958964,0,0
mahler,GPFA50,16,no_bounce,y,24,940,0.58577561959477953,0.54414524155240929,3.2109514619422375,3.1039753515346704,-0.041630378042370242,0.10697611040756705
mahler,GPFA50,16,post_bounce,x,15,343,0.92600234525791303,0.92600234525791303,1.0716806444719762,1.0716806444719762,0,0
mahler,GPFA50,16,post_bounce,y,15,343,0.56770227997783096,0.56104996559561193,6.1034313617036773,6.3324433165555609,-0.0066523143822190267,-0.22901195485188364
mahler,FA50,17,full,x,40,1786,0.92577363717630146,0.92577363717630146,1.4455257537584947,1.4455257537584947,0,0
mahler,FA50,17,full,y,40,1786,0.53929686932503962,0.51574816419164937,4.0326229346767564,4.1132614076760623,-0.023548705133390246,-0.080638472999305932
mahler,FA50,17,visible,x,40,1043,0.78945874839627461,0.78945874839627461,1.6321479559452547,1.6321479559452547,0,0
mahler,FA50,17,visible,y,40,1043,0.46278959047176838,0.44728926304320288,4.1596808149021438,4.1974771614662059,-0.015500327428565497,-0.037796346564062056
mahler,FA50,17,hidden,x,40,703,0.71398918006112022,0.71398918006112022,1.1349054180660878,1.1349054180660878,0,0
mahler,FA50,17,hidden,y,40,703,0.61601178376415144,0.58280660750784175,3.8951459486550868,4.0459887656955829,-0.033205176256309699,-0.15084281704049607
mahler,FA50,17,bounce,x,12,570,0.92519689398338101,0.92519689398338101,1.423220741095542,1.423220741095542,0,0
mahler,FA50,17,bounce,y,12,570,0.6706916979493639,0.6650721069482779,4.8898489497094104,5.2018921981793538,-0.0056195910010859995,-0.31204324846994336
mahler,FA50,17,no_bounce,x,28,1216,0.92640325993801975,0.92640325993801975,1.4558635963358213,1.4558635963358213,0,0
mahler,FA50,17,no_bounce,y,28,1216,0.43944871497288013,0.40312950102478762,3.5604463475436989,3.4878986131876499,-0.03631921394809251,0.072547734356048998
mahler,FA50,17,post_bounce,x,12,288,0.90059578787200745,0.90059578787200745,1.321334593726502,1.321334593726502,0,0
mahler,FA50,17,post_bounce,y,12,288,0.75032438673767954,0.73204375420654799,4.6099748007605976,5.2129171691906393,-0.018280632531131547,-0.60294236843004168
mahler,GPFA50,17,full,x,40,1786,0.93004996121377825,0.93004996121377825,1.4025969330818993,1.4025969330818993,0,0
mahler,GPFA50,17,full,y,40,1786,0.60489545503437026,0.58184330563920483,3.7932965282763771,3.8790293852274944,-0.023052149395165422,-0.08573285695111732
mahler,GPFA50,17,visible,x,40,1043,0.7942781157280917,0.7942781157280917,1.6018584570629728,1.6018584570629728,0,0
mahler,GPFA50,17,visible,y,40,1043,0.54363832565373782,0.52769419475302282,3.9110537379587602,3.9555465022803635,-0.015944130900715003,-0.044492764321603318
mahler,GPFA50,17,hidden,x,40,703,0.74635017171043005,0.74635017171043005,1.064170454064171,1.064170454064171,0,0
mahler,GPFA50,17,hidden,y,40,703,0.66796195429699312,0.63582351020691419,3.6684343806395465,3.8186722058543419,-0.032138444090078933,-0.15023782521479534
mahler,GPFA50,17,bounce,x,12,570,0.92355048209878821,0.92355048209878821,1.4339091904485579,1.4339091904485579,0,0
mahler,GPFA50,17,bounce,y,12,570,0.72591175376397066,0.72756802185137348,4.5009661196408466,4.8074586245515523,0.0016562680874028235,-0.30649250491070568
mahler,GPFA50,17,no_bounce,x,28,1216,0.93307820023002208,0.93307820023002208,1.3876761134590341,1.3876761134590341,0,0
mahler,GPFA50,17,no_bounce,y,28,1216,0.49083706210661704,0.44902657061872275,3.4114109606815286,3.3565605780737346,-0.041810491487894286,0.054850382607793957
mahler,GPFA50,17,post_bounce,x,12,288,0.91329883556184488,0.91329883556184488,1.2543920609797738,1.2543920609797738,0,0
mahler,GPFA50,17,post_bounce,y,12,288,0.80418903681193443,0.78910044245055988,4.1407402955642203,4.7551950468929869,-0.015088594361374552,-0.61445475132876659
mahler,FA50,18,full,x,39,1631,0.93488642286706747,0.93488642286706747,1.3001566832958165,1.3001566832958165,0,0
mahler,FA50,18,full,y,39,1631,0.51636057813662439,0.4955505119307676,4.4923994565058836,4.4875807859344237,-0.020810066205856792,0.0048186705714599043
mahler,FA50,18,visible,x,39,953,0.79971358882762622,0.79971358882762622,1.4662039271726648,1.4662039271726648,0,0
mahler,FA50,18,visible,y,39,953,0.40571022645507249,0.37629684712246325,4.8410944764998849,4.9013123562004539,-0.029413379332609235,-0.060217879700569021
mahler,FA50,18,hidden,x,39,639,0.74161669118698925,0.74161669118698925,1.0227436587720002,1.0227436587720002,0,0
mahler,FA50,18,hidden,y,39,639,0.65027111367853763,0.64710515579659145,3.9731513398114404,3.8447618828457073,-0.0031659578819461798,0.12838945696573312
mahler,FA50,18,bounce,x,12,532,0.94248446796323926,0.94248446796323926,1.1665765075943106,1.1665765075943106,0,0
mahler,FA50,18,bounce,y,12,532,0.54756808739410046,0.53630279823332849,5.9008807771692151,6.0309219896222563,-0.011265289160771963,-0.13004121245304123
mahler,FA50,18,no_bounce,x,27,1099,0.9320051154561988,0.9320051154561988,1.3601153651127615,1.3601153651127615,0,0
mahler,FA50,18,no_bounce,y,27,1099,0.53818839171173471,0.51916650988888124,3.6187543871453931,3.5042915653605449,-0.01902188182285347,0.11446282178484823
mahler,FA50,18,post_bounce,x,12,273,0.93173569006867529,0.93173569006867529,1.197990070873699,1.197990070873699,0,0
mahler,FA50,18,post_bounce,y,12,273,0.54146303867955003,0.52559173016469918,5.9006585020710407,6.1124482066568886,-0.015871308514850857,-0.21178970458584789
mahler,GPFA50,18,full,x,39,1631,0.94403266478512693,0.94403266478512693,1.2087131794666279,1.2087131794666279,0,0
mahler,GPFA50,18,full,y,39,1631,0.55841062371386452,0.54967052764784186,4.3270726506150146,4.2770148875249125,-0.0087400960660226623,0.050057763090102014
mahler,GPFA50,18,visible,x,39,953,0.82873020314082446,0.82873020314082446,1.3660193887781598,1.3660193887781598,0,0
mahler,GPFA50,18,visible,y,39,953,0.45486666138432397,0.43344189220596629,4.6657771439597919,4.7030976328294791,-0.021424769178357672,-0.037320488869687196
mahler,GPFA50,18,hidden,x,39,639,0.77877683188681501,0.77877683188681501,0.94048317193731645,0.94048317193731645,0,0
mahler,GPFA50,18,hidden,y,39,639,0.68200827256225516,0.69742963055194362,3.8147387943066118,3.5920228181840494,0.015421357989688467,0.22271597612256233
mahler,GPFA50,18,bounce,x,12,532,0.94911457048404857,0.94911457048404857,1.1019668652478489,1.1019668652478489,0,0
mahler,GPFA50,18,bounce,y,12,532,0.58488469550742928,0.60341239382033962,5.7132384471136417,5.7603053289751918,0.018527698312910346,-0.047066881861550058
mahler,GPFA50,18,no_bounce,x,27,1099,0.94194513525372214,0.94194513525372214,1.2571349119146649,1.2571349119146649,0,0
mahler,GPFA50,18,no_bounce,y,27,1099,0.5847684412058145,0.56891255338160673,3.4621390239763032,3.3295345023813896,-0.015855887824207771,0.13260452159491365
mahler,GPFA50,18,post_bounce,x,12,273,0.94052921185188454,0.94052921185188454,1.1323043218199247,1.1323043218199247,0,0
mahler,GPFA50,18,post_bounce,y,12,273,0.59705930715729882,0.62641033332865448,5.5979005291069273,5.6355978736277663,0.029351026171355654,-0.03769734452083906
mahler,FA50,19,full,x,40,1739,0.92346155667082885,0.92346155667082885,1.3881446233689052,1.3881446233689052,0,0
mahler,FA50,19,full,y,40,1739,0.47923663538869482,0.45228519286082997,4.6225866947903551,4.6151891975469175,-0.026951442527864855,0.007397497243437634
mahler,FA50,19,visible,x,40,982,0.75921581786911296,0.75921581786911296,1.571454937056264,1.571454937056264,0,0
mahler,FA50,19,visible,y,40,982,0.41450858175918542,0.39538665362541581,4.7027213934210383,4.7026887360924006,-0.019121928133769617,3.2657328637775151e-05
mahler,FA50,19,hidden,x,40,717,0.74860457141757064,0.74860457141757064,1.1095696210328323,1.1095696210328323,0,0
mahler,FA50,19,hidden,y,40,717,0.5325483858008393,0.50179241291340382,4.5604516645109108,4.5424393397763936,-0.030755972887435479,0.018012324734517193
mahler,FA50,19,bounce,x,14,628,0.91025416720027674,0.91025416720027674,1.5472799123893055,1.5472799123893055,0,0
mahler,FA50,19,bounce,y,14,628,0.53620117889227392,0.52139161891751518,6.0357071079484506,6.1745695337088691,-0.014809559974758746,-0.13886242576041852
mahler,FA50,19,no_bounce,x,26,1111,0.93211927836622666,0.93211927836622666,1.2895338005005577,1.2895338005005577,0,0
mahler,FA50,19,no_bounce,y,26,1111,0.44724532199416328,0.41732542778804804,3.5853484371301958,3.4335607546520226,-0.029919894206115238,0.1517876824781732
mahler,FA50,19,post_bounce,x,14,327,0.91176707925869138,0.91176707925869138,1.2633969808277621,1.2633969808277621,0,0
mahler,FA50,19,post_bounce,y,14,327,0.61556770858804011,0.59365729663801448,5.8178805415467671,6.0759373811453301,-0.021910411950025632,-0.25805683959856296
mahler,GPFA50,19,full,x,40,1739,0.9307901387985873,0.9307901387985873,1.3197422499752314,1.3197422499752314,0,0
mahler,GPFA50,19,full,y,40,1739,0.55115951074033087,0.5250812246192641,4.3919760450992831,4.3948270170561461,-0.026078286121066774,-0.0028509719568630132
mahler,GPFA50,19,visible,x,40,982,0.77485183599670071,0.77485183599670071,1.5302208402384716,1.5302208402384716,0,0
mahler,GPFA50,19,visible,y,40,982,0.48334921865992614,0.46076806113718094,4.5038302007985331,4.5313913394964169,-0.022581157522745199,-0.027561138697883791
mahler,GPFA50,19,hidden,x,40,717,0.79030168300170811,0.79030168300170811,0.98381954829998441,0.98381954829998441,0,0
mahler,GPFA50,19,hidden,y,40,717,0.61140904355632142,0.58444560968102488,4.2826418535003725,4.2479217018548354,-0.026963433875296539,0.034720151645537101
mahler,GPFA50,19,bounce,x,14,628,0.92134506579016173,0.92134506579016173,1.4402945769620339,1.4402945769620339,0,0
mahler,GPFA50,19,bounce,y,14,628,0.62362084940646445,0.60781523872470655,5.632976877742438,5.8082747390312086,-0.015805610681757898,-0.17529786128877056
mahler,GPFA50,19,no_bounce,x,26,1111,0.937191444282231,0.937191444282231,1.2464519428438725,1.2464519428438725,0,0
mahler,GPFA50,19,no_bounce,y,26,1111,0.48110600726621128,0.45409073805111222,3.5010157553484129,3.3410520400387536,-0.027015269215099058,0.15996371530965936
mahler,GPFA50,19,post_bounce,x,14,327,0.92805698002414128,0.92805698002414128,1.1106461434420298,1.1106461434420298,0,0
mahler,GPFA50,19,post_bounce,y,14,327,0.72042180749547524,0.69478502882774784,5.2454038032050532,5.5535623848837767,-0.0256367786677274,-0.30815858167872356
mahler,FA50,20,full,x,40,1722,0.92922064131870519,0.92922064131870519,1.3280486843543735,1.3280486843543735,0,0
mahler,FA50,20,full,y,40,1722,0.55484784444281576,0.54751432035220937,4.3031239304804298,4.2312937305892024,-0.0073335240906063914,0.071830199891227409
mahler,FA50,20,visible,x,40,976,0.77569312396687773,0.77569312396687773,1.5044440254352365,1.5044440254352365,0,0
mahler,FA50,20,visible,y,40,976,0.47423878879659082,0.45874400157475537,4.6103628415819324,4.6284597224467738,-0.015494787221835449,-0.018096880864841403
mahler,FA50,20,hidden,x,40,706,0.79154250038523732,0.79154250038523732,1.0365514639663538,1.0365514639663538,0,0
mahler,FA50,20,hidden,y,40,706,0.6449457858085732,0.65692825666168775,3.890708354264889,3.6634183428006755,0.011982470853114546,0.22729001146421357
mahler,FA50,20,bounce,x,11,477,0.94025600931137354,0.94025600931137354,1.1870847675727427,1.1870847675727427,0,0
mahler,FA50,20,bounce,y,11,477,0.6526842422323571,0.66672051338833282,5.7348201743873037,5.6914826909911485,0.014036271155975721,0.043337483396155285
mahler,FA50,20,no_bounce,x,29,1245,0.9257872617769326,0.9257872617769326,1.3782417380962746,1.3782417380962746,0,0
mahler,FA50,20,no_bounce,y,29,1245,0.49800823206333156,0.46850106808384662,3.6070442277456944,3.5146251776852928,-0.029507163979484941,0.092419050060401631
mahler,FA50,20,post_bounce,x,11,249,0.93411859187810609,0.93411859187810609,0.96776875475090596,0.96776875475090596,0,0
mahler,FA50,20,post_bounce,y,11,249,0.71169986812017771,0.74111826800644987,5.7089965764494712,5.586259860831003,0.029418399886272151,0.12273671561846822
mahler,GPFA50,20,full,x,40,1722,0.93804372624699828,0.93804372624699828,1.2444343461022007,1.2444343461022007,0,0
mahler,GPFA50,20,full,y,40,1722,0.6205960607044827,0.61621182995349966,4.0423087674126963,3.9600018678846567,-0.0043842307509830425,0.082306899528039601
mahler,GPFA50,20,visible,x,40,976,0.8075678294411136,0.8075678294411136,1.4064883622209119,1.4064883622209119,0,0
mahler,GPFA50,20,visible,y,40,976,0.53557234750565741,0.51626215660771158,4.4036616373170601,4.4338959514053977,-0.019310190897945834,-0.030234314088337655
mahler,GPFA50,20,hidden,x,40,706,0.79808058822655747,0.79808058822655747,0.9854625386125927,0.9854625386125927,0,0
mahler,GPFA50,20,hidden,y,40,706,0.71615693069087882,0.73986353393161164,3.5524231702328852,3.2597438475359093,0.023706603240732815,0.29267932269697594
mahler,GPFA50,20,bounce,x,11,477,0.94974352458554423,0.94974352458554423,1.0927366120412891,1.0927366120412891,0,0
mahler,GPFA50,20,bounce,y,11,477,0.71389931777317628,0.73193412597403507,5.2914999794217961,5.2053586714090923,0.018034808200858787,0.08614130801270381
mahler,GPFA50,20,no_bounce,x,29,1245,0.93483472429606096,0.93483472429606096,1.2978651719990559,1.2978651719990559,0,0
mahler,GPFA50,20,no_bounce,y,29,1245,0.53848535814215726,0.50856235963907703,3.4457285536262301,3.3628090763207563,-0.029922998503080223,0.082919477305473777
mahler,GPFA50,20,post_bounce,x,11,249,0.94083190970904718,0.94083190970904718,0.8664958991647489,0.8664958991647489,0,0
mahler,GPFA50,20,post_bounce,y,11,249,0.78383711854205618,0.82185536220866995,5.0554182587467515,4.8203395352907323,0.038018243666613771,0.23507872345601921
mahler,FA50,21,full,x,39,1707,0.92386637431520224,0.92386637431520224,1.3969620850815918,1.3969620850815918,0,0
mahler,FA50,21,full,y,39,1707,0.45685471919114118,0.41866194500349535,4.8436898256349137,4.9767157222526643,-0.038192774187645828,-0.13302589661775066
mahler,FA50,21,visible,x,39,976,0.77047649033412258,0.77047649033412258,1.5669316506921118,1.5669316506921118,0,0
mahler,FA50,21,visible,y,39,976,0.40989134216856266,0.39006521252029153,4.5907386108953654,4.5916288214003638,-0.019826129648271129,-0.00089021050499837884
mahler,FA50,21,hidden,x,39,692,0.7084095928369315,0.7084095928369315,1.1332680093859493,1.1332680093859493,0,0
mahler,FA50,21,hidden,y,39,692,0.49005040702384972,0.43434890769815176,5.223582114929763,5.5183196276351607,-0.055701499325697956,-0.29473751270539772
mahler,FA50,21,bounce,x,14,660,0.93110001993080738,0.93110001993080738,1.2863907925949432,1.2863907925949432,0,0
mahler,FA50,21,bounce,y,14,660,0.4232019886095334,0.38401301002722826,6.3688096500539508,6.7669832982986895,-0.039188978582305134,-0.39817364824473866
mahler,FA50,21,no_bounce,x,25,1047,0.92480452889810771,0.92480452889810771,1.4623733168569011,1.4623733168569011,0,0
mahler,FA50,21,no_bounce,y,25,1047,0.52678573435653664,0.50949854800591843,3.5611383085411887,3.3933050113872554,-0.017287186350618211,0.16783329715393336
mahler,FA50,21,post_bounce,x,14,283,0.87343498536835751,0.87343498536835751,1.4057755610690628,1.4057755610690628,0,0
mahler,FA50,21,post_bounce,y,14,283,0.45186763148994863,0.41988826216052971,6.7379881212249773,7.4692840549252448,-0.031979369329418916,-0.73129593370026758
mahler,GPFA50,21,full,x,39,1707,0.93058205341923916,0.93058205341923916,1.3374546257596067,1.3374546257596067,0,0
mahler,GPFA50,21,full,y,39,1707,0.50251251625350313,0.46747188066335266,4.7438370665673881,4.8845571901237994,-0.035040635590150471,-0.14072012355641128
mahler,GPFA50,21,visible,x,39,976,0.79286253701405729,0.79286253701405729,1.4990563288493961,1.4990563288493961,0,0
mahler,GPFA50,21,visible,y,39,976,0.45695271731074588,0.44004642312595293,4.4848840658404114,4.4821975138754491,-0.016906294184792947,0.0026865519649623693
mahler,GPFA50,21,hidden,x,39,692,0.71459275985918358,0.71459275985918358,1.0876543754639283,1.0876543754639283,0,0
mahler,GPFA50,21,hidden,y,39,692,0.53641630823313025,0.48774482751943876,5.1188990904125626,5.4326406287140765,-0.048671480713691484,-0.31374153830151386
mahler,GPFA50,21,bounce,x,14,660,0.93774938671471486,0.93774938671471486,1.2248709924117009,1.2248709924117009,0,0
mahler,GPFA50,21,bounce,y,14,660,0.47562385905691867,0.45360170801458138,6.2412638147572652,6.6060277633558711,-0.02202215104233729,-0.36476394859860584
mahler,GPFA50,21,no_bounce,x,25,1047,0.93093232005717907,0.93093232005717907,1.4037920664287793,1.4037920664287793,0,0
mahler,GPFA50,21,no_bounce,y,25,1047,0.56752926559705674,0.53786717258761796,3.4834969477491744,3.3748610841208171,-0.029662093009438784,0.10863586362835731
mahler,GPFA50,21,post_bounce,x,14,283,0.87654154969507547,0.87654154969507547,1.3826557268699173,1.3826557268699173,0,0
mahler,GPFA50,21,post_bounce,y,14,283,0.50530350553675829,0.49623839631535988,6.608036713832024,7.2872288619596892,-0.0090651092213984152,-0.67919214812766526
mahler,FA50,22,full,x,40,1626,0.9296974633365791,0.9296974633365791,1.3376471769082678,1.3376471769082678,0,0
mahler,FA50,22,full,y,40,1626,0.5298458942266554,0.51131107650339069,4.5402939229879555,4.4555031108123053,-0.018534817723264707,0.08479081217565021
mahler,FA50,22,visible,x,40,919,0.77542458771496592,0.77542458771496592,1.4877559215096461,1.4877559215096461,0,0
mahler,FA50,22,visible,y,40,919,0.4793203063250957,0.45691073283686007,4.8786081977805011,4.9002869668629838,-0.022409573488235635,-0.021678769082482674
mahler,FA50,22,hidden,x,40,667,0.78841577648943728,0.78841577648943728,1.1057747559793067,1.1057747559793067,0,0
mahler,FA50,22,hidden,y,40,667,0.59575732870162523,0.59308662198072881,4.102399296854168,3.8314353921523092,-0.0026707067208964208,0.27096390470185883
mahler,FA50,22,bounce,x,12,532,0.94051367886641501,0.94051367886641501,1.3490819430479872,1.3490819430479872,0,0
mahler,FA50,22,bounce,y,12,532,0.62901681428218692,0.62457547267647395,5.9258485664498979,5.8669714730426605,-0.0044413416057129673,0.058877093407237346
mahler,FA50,22,no_bounce,x,28,1094,0.93094364437542954,0.93094364437542954,1.3320511048546528,1.3320511048546528,0,0
mahler,FA50,22,no_bounce,y,28,1094,0.44943149281763745,0.41798851077128962,3.6827155482366831,3.5730035259248405,-0.031442982046347823,0.10971202231184263
mahler,FA50,22,post_bounce,x,12,313,0.94055830784843353,0.94055830784843353,1.0232998846115209,1.0232998846115209,0,0
mahler,FA50,22,post_bounce,y,12,313,0.70649468648122271,0.71050991125777685,5.4307982053726347,5.2824280508076837,0.0040152247765541382,0.14837015456495095
mahler,GPFA50,22,full,x,40,1626,0.93488299421047416,0.93488299421047416,1.2935509960864762,1.2935509960864762,0,0
mahler,GPFA50,22,full,y,40,1626,0.58066799497608168,0.54918091007193892,4.3950888806729802,4.3575306033236769,-0.031487084904142759,0.037558277349303282
mahler,GPFA50,22,visible,x,40,919,0.79112588431097164,0.79112588431097164,1.4453277838094656,1.4453277838094656,0,0
mahler,GPFA50,22,visible,y,40,919,0.51258334952747087,0.47386042387034571,4.7942863421194302,4.8646963726990018,-0.038722925657125151,-0.070410030579571625
mahler,GPFA50,22,hidden,x,40,667,0.80084942108680957,0.80084942108680957,1.0668643289129767,1.0668643289129767,0,0
mahler,GPFA50,22,hidden,y,40,667,0.67274617335873188,0.66260578543220061,3.8454781879436908,3.610462310058522,-0.010140387926531269,0.23501587788516876
mahler,GPFA50,22,bounce,x,12,532,0.94921326098930092,0.94921326098930092,1.2720262906137643,1.2720262906137643,0,0
mahler,GPFA50,22,bounce,y,12,532,0.6795836444627652,0.64738331607460142,5.6527891881001775,5.7256071998781541,-0.032200328388163779,-0.072818011777976643
mahler,GPFA50,22,no_bounce,x,28,1094,0.93658264678341252,0.93658264678341252,1.3038898159831833,1.3038898159831833,0,0
mahler,GPFA50,22,no_bounce,y,28,1094,0.48600376077965279,0.44988618203591973,3.629251635367738,3.5042772555571204,-0.036117578743733059,0.12497437981061754
mahler,GPFA50,22,post_bounce,x,12,313,0.95222325914891726,0.95222325914891726,0.92460778008240996,0.92460778008240996,0,0
mahler,GPFA50,22,post_bounce,y,12,313,0.76878054169585441,0.76446978642857688,4.9714330561433497,4.8885381689283669,-0.0043107552672775329,0.082894887214982838
mahler,FA50,23,full,x,40,1781,0.92876906774174617,0.92876906774174617,1.332822522205823,1.332822522205823,0,0
mahler,FA50,23,full,y,40,1781,0.41830534744455278,0.40328701923194182,4.454035950886027,4.4677582839409444,-0.015018328212610954,-0.013722333054917435
mahler,FA50,23,visible,x,40,1018,0.78427090391903631,0.78427090391903631,1.4787271796882162,1.4787271796882162,0,0
mahler,FA50,23,visible,y,40,1018,0.27020987074591379,0.2541763861782797,4.7591346296688712,4.7592050342084997,-0.016033484567634093,-7.0404539628476925e-05
mahler,FA50,23,hidden,x,40,723,0.75845669541257243,0.75845669541257243,1.1122115736282765,1.1122115736282765,0,0
mahler,FA50,23,hidden,y,40,723,0.57579575296394969,0.563068685128296,4.0357648330093623,4.0708716530442688,-0.012727067835653694,-0.035106820034906505
mahler,FA50,23,bounce,x,12,594,0.91376633230317661,0.91376633230317661,1.5530875822108967,1.5530875822108967,0,0
mahler,FA50,23,bounce,y,12,594,0.53730406495308392,0.53100235222861558,5.4831615743898423,5.7197372175113976,-0.0063017127244683335,-0.23657564312155532
mahler,FA50,23,no_bounce,x,28,1187,0.93849633087593476,0.93849633087593476,1.2076073589163094,1.2076073589163094,0,0
mahler,FA50,23,no_bounce,y,28,1187,0.35710214353265585,0.32736850381024113,3.8367715844511032,3.6848645316254443,-0.029733639722414718,0.15190705282565897
mahler,FA50,23,post_bounce,x,12,302,0.89705779806031771,0.89705779806031771,1.424384818949217,1.424384818949217,0,0
mahler,FA50,23,post_bounce,y,12,302,0.57550805451916565,0.56510726801812772,5.4309140213206373,5.8636628782568474,-0.010400786501037929,-0.43274885693621012
mahler,GPFA50,23,full,x,40,1781,0.93716097244159791,0.93716097244159791,1.2571578426433969,1.2571578426433969,0,0
mahler,GPFA50,23,full,y,40,1781,0.45993600011357039,0.44326568358527141,4.3278042708502324,4.3486420640464898,-0.016670316528298978,-0.020837793196257337
mahler,GPFA50,23,visible,x,40,1018,0.80289829100194188,0.80289829100194188,1.4187721684987082,1.4187721684987082,0,0
mahler,GPFA50,23,visible,y,40,1018,0.32578654168981669,0.30581941054859818,4.6104670438978346,4.623683911405271,-0.019967131141218508,-0.013216867507436447
mahler,GPFA50,23,hidden,x,40,723,0.79827993938333086,0.79827993938333086,0.99824248061527254,0.99824248061527254,0,0
mahler,GPFA50,23,hidden,y,40,723,0.60306597908089776,0.59155142799124616,3.9314842315284029,3.9637399519429928,-0.011514551089651603,-0.032255720414589906
mahler,GPFA50,23,bounce,x,12,594,0.92444579539290161,0.92444579539290161,1.4635400058700483,1.4635400058700483,0,0
mahler,GPFA50,23,bounce,y,12,594,0.61880236528547772,0.60875432883555902,5.2176723987143996,5.4599321708027473,-0.010048036449918696,-0.2422597720883477
mahler,GPFA50,23,no_bounce,x,28,1187,0.94616561523256515,0.94616561523256515,1.1399375270035337,1.1399375270035337,0,0
mahler,GPFA50,23,no_bounce,y,28,1187,0.3729462312765715,0.33484545072707428,3.8051549326837284,3.6682435262337267,-0.038100780549497226,0.13691140645000166
mahler,GPFA50,23,post_bounce,x,12,302,0.90857611230360225,0.90857611230360225,1.3259921133815347,1.3259921133815347,0,0
mahler,GPFA50,23,post_bounce,y,12,302,0.64335106475126225,0.6342601336431507,5.2277528954115988,5.6328436573472942,-0.009090931108111544,-0.40509076193569538
mahler,FA50,24,full,x,39,1734,0.91539568504834112,0.91539568504834112,1.4848895982791692,1.4848895982791692,0,0
mahler,FA50,24,full,y,39,1734,0.4674635521215792,0.45153191173033436,4.8032226090949015,4.8413803148697694,-0.015931640391244839,-0.038157705774867878
mahler,FA50,24,visible,x,39,988,0.78296039256063688,0.78296039256063688,1.5119704231906435,1.5119704231906435,0,0
mahler,FA50,24,visible,y,39,988,0.47170719916894033,0.46053965982263101,4.8865470015918246,4.9017838046339692,-0.011167539346309319,-0.015236803042144587
mahler,FA50,24,hidden,x,39,707,0.62231179078306142,0.62231179078306142,1.4617573595744962,1.4617573595744962,0,0
mahler,FA50,24,hidden,y,39,707,0.46111452793461166,0.4374424795385492,4.7172268728915601,4.7917926040709826,-0.023672048396062462,-0.074565731179422556
mahler,FA50,24,bounce,x,15,743,0.91957330191364739,0.91957330191364739,1.4940439805556676,1.4940439805556676,0,0
mahler,FA50,24,bounce,y,15,743,0.49547098943092233,0.48045224330787628,6.1115174256052001,6.2658911469253464,-0.015018746123046045,-0.15437372132014637
mahler,FA50,24,no_bounce,x,24,991,0.9158181630886324,0.9158181630886324,1.4779889295930315,1.4779889295930315,0,0
mahler,FA50,24,no_bounce,y,24,991,0.47847913777181278,0.46352427726364098,3.5163584032158255,3.4023717463238716,-0.014954860508171797,0.11398665689195386
mahler,FA50,24,post_bounce,x,15,377,0.86799084624141687,0.86799084624141687,1.5061209936899915,1.5061209936899915,0,0
mahler,FA50,24,post_bounce,y,15,377,0.54583966208186896,0.53615660772672347,6.2183168686733108,6.4503954136031147,-0.0096830543551454928,-0.23207854492980395
mahler,GPFA50,24,full,x,39,1734,0.92105015007520241,0.92105015007520241,1.4412820364337806,1.4412820364337806,0,0
mahler,GPFA50,24,full,y,39,1734,0.5140596710952916,0.49944628147372289,4.6653187833764109,4.6997531986199981,-0.014613389621568718,-0.034434415243587146
mahler,GPFA50,24,visible,x,39,988,0.79791370526016336,0.79791370526016336,1.4669484456209498,1.4669484456209498,0,0
mahler,GPFA50,24,visible,y,39,988,0.50692888589702678,0.4972104306417604,4.7846984685966785,4.796391714397779,-0.0097184552552663783,-0.011693245801100538
mahler,GPFA50,24,hidden,x,39,707,0.62999807267741326,0.62999807267741326,1.4260974159964788,1.4260974159964788,0,0
mahler,GPFA50,24,hidden,y,39,707,0.5235060049543393,0.50106382366490265,4.5303097296367332,4.5978005041113104,-0.022442181289436647,-0.067490774474577186
mahler,GPFA50,24,bounce,x,15,743,0.9233955631788513,0.9233955631788513,1.4733848444840192,1.4733848444840192,0,0
mahler,GPFA50,24,bounce,y,15,743,0.52070753405921011,0.50691264588398133,6.0363882877390056,6.1699652077745304,-0.013794888175228781,-0.13357692003552479
mahler,GPFA50,24,no_bounce,x,24,991,0.923348515114229,0.923348515114229,1.4167359562319295,1.4167359562319295,0,0
mahler,GPFA50,24,no_bounce,y,24,991,0.56045537514389676,0.54362481532350893,3.2809012028394031,3.179012221743557,-0.016830559820387836,0.1018889810958461
mahler,GPFA50,24,post_bounce,x,15,377,0.88159092917478354,0.88159092917478354,1.4621680017885168,1.4621680017885168,0,0
mahler,GPFA50,24,post_bounce,y,15,377,0.60111796264641382,0.59068412533156467,5.9969705879137338,6.2052396085687445,-0.010433837314849148,-0.20826902065501063
mahler,FA50,25,full,x,40,1694,0.92718875996629746,0.92718875996629746,1.3507535289884438,1.3507535289884438,0,0
mahler,FA50,25,full,y,40,1694,0.57733393918365272,0.55787697908226852,4.4637981850253041,4.5143499948378096,-0.019456960101384202,-0.05055180981250551
mahler,FA50,25,visible,x,40,973,0.77083000233468335,0.77083000233468335,1.5266941177148181,1.5266941177148181,0,0
mahler,FA50,25,visible,y,40,973,0.46116287814772694,0.44477930316551062,4.9561895613652966,4.9729942436560028,-0.01638357498221632,-0.016804682290706197
mahler,FA50,25,hidden,x,40,681,0.73762321432461531,0.73762321432461531,1.0744012372949363,1.0744012372949363,0,0
mahler,FA50,25,hidden,y,40,681,0.72260233972360532,0.70056941051071986,3.6972035977875017,3.8136153692384593,-0.022032929212885466,-0.1164117714509576
mahler,FA50,25,bounce,x,15,693,0.92006947088763147,0.92006947088763147,1.4792606280606189,1.4792606280606189,0,0
mahler,FA50,25,bounce,y,15,693,0.65965029098365224,0.6453119353097565,5.4298125325502529,5.6274903354573729,-0.014338355673895742,-0.19767780290712
mahler,FA50,25,no_bounce,x,25,1001,0.93505987887714848,0.93505987887714848,1.2540967961068634,1.2540967961068634,0,0
mahler,FA50,25,no_bounce,y,25,1001,0.47112175889847119,0.43701034268644173,3.6481301423122781,3.5445299350779909,-0.034111416212029455,0.1036002072342872
mahler,FA50,25,post_bounce,x,15,372,0.89359558969444863,0.89359558969444863,1.2129558453421847,1.2129558453421847,0,0
mahler,FA50,25,post_bounce,y,15,372,0.75055955456335033,0.73263414200645716,5.0261226089626341,5.3666952429463821,-0.017925412556893172,-0.34057263398374804
mahler,GPFA50,25,full,x,40,1694,0.94053888656509532,0.94053888656509532,1.2284886421273176,1.2284886421273176,0,0
mahler,GPFA50,25,full,y,40,1694,0.62713779440422557,0.60631913602913601,4.299164179033987,4.3703615936916069,-0.02081865837508956,-0.071197414657619973
mahler,GPFA50,25,visible,x,40,973,0.81038766138957719,0.81038766138957719,1.4086419453687373,1.4086419453687373,0,0
mahler,GPFA50,25,visible,y,40,973,0.53162938766679702,0.51603208573941417,4.7533079037475696,4.7793992820659108,-0.015597301927382845,-0.026091378318341185
mahler,GPFA50,25,hidden,x,40,681,0.7857744684981669,0.7857744684981669,0.93227506353983325,0.93227506353983325,0,0
mahler,GPFA50,25,hidden,y,40,681,0.74902290237559244,0.72275236458807723,3.5819651166013462,3.7405272272683749,-0.026270537787515202,-0.15856211066702874
mahler,GPFA50,25,bounce,x,15,693,0.93932476197854775,0.93932476197854775,1.3159472912036361,1.3159472912036361,0,0
mahler,GPFA50,25,bounce,y,15,693,0.68717592320763143,0.66834858094444516,5.18706192437529,5.4154812218040433,-0.018827342263186275,-0.22841929742875333
mahler,GPFA50,25,no_bounce,x,25,1001,0.94464698665944535,0.94464698665944535,1.1640975410278578,1.1640975410278578,0,0
mahler,GPFA50,25,no_bounce,y,25,1001,0.54029721034320655,0.50907969849623746,3.5569149919192888,3.4669250212445766,-0.031217511846969082,0.089989970674712261
mahler,GPFA50,25,post_bounce,x,15,372,0.9230055622134713,0.9230055622134713,1.0339323218540761,1.0339323218540761,0,0
mahler,GPFA50,25,post_bounce,y,15,372,0.77322064391964385,0.74719151987288168,4.7098151887665471,5.1143549942321673,-0.026029124046762164,-0.40453980546562018
mahler,FA50,26,full,x,40,1724,0.9258519802849442,0.9258519802849442,1.4654203753187651,1.4654203753187651,0,0
mahler,FA50,26,full,y,40,1724,0.44316581843707342,0.40551793586632867,5.0336307375947831,5.1234842744584492,-0.037647882570744751,-0.08985353686366615
mahler,FA50,26,visible,x,40,1014,0.7852332633489445,0.7852332633489445,1.6734984032372504,1.6734984032372504,0,0
mahler,FA50,26,visible,y,40,1014,0.38634131470199928,0.36356208781745253,5.1465694459581837,5.1808356121854358,-0.022779226884546755,-0.034266166227252093
mahler,FA50,26,hidden,x,40,670,0.70900681306681035,0.70900681306681035,1.0967416234455043,1.0967416234455043,0,0
mahler,FA50,26,hidden,y,40,670,0.50524767311557728,0.44617761741247564,4.917692271890985,5.0936694658605965,-0.059070055703101643,-0.17597719396961153
mahler,FA50,26,bounce,x,16,718,0.91867485436129381,0.91867485436129381,1.4574948597541824,1.4574948597541824,0,0
mahler,FA50,26,bounce,y,16,718,0.52957919210563587,0.4918243657404282,6.1343694122078229,6.3739537644135709,-0.037754826365207661,-0.23958435220574792
mahler,FA50,26,no_bounce,x,24,1006,0.93086934109086084,0.93086934109086084,1.4710508428603639,1.4710508428603639,0,0
mahler,FA50,26,no_bounce,y,24,1006,0.3678174308856777,0.33226772239344443,4.0698490552482252,3.9986037949025657,-0.035549708492233267,0.071245260345659478
mahler,FA50,26,post_bounce,x,16,319,0.86742314578382629,0.86742314578382629,1.1849565809761144,1.1849565809761144,0,0
mahler,FA50,26,post_bounce,y,16,319,0.60502619041979455,0.5533726100581895,6.166243338942345,6.5939958690501186,-0.051653580361605056,-0.42775253010777359
mahler,GPFA50,26,full,x,40,1724,0.93564254054651497,0.93564254054651497,1.3866732573783422,1.3866732573783422,0,0
mahler,GPFA50,26,full,y,40,1724,0.49365948829827783,0.44467909174263193,4.8786028269121298,5.0137187657100242,-0.0489803965556459,-0.13511593879789441
mahler,GPFA50,26,visible,x,40,1014,0.81899682625140269,0.81899682625140269,1.5809259719735422,1.5809259719735422,0,0
mahler,GPFA50,26,visible,y,40,1014,0.4063350030213852,0.38027991056516464,5.0603052994207953,5.1100224207050511,-0.026055092456220563,-0.049717121284255761
mahler,GPFA50,26,hidden,x,40,670,0.72612916897630342,0.72612916897630342,1.045269810068429,1.045269810068429,0,0
mahler,GPFA50,26,hidden,y,40,670,0.58648025444642959,0.51127747821495284,4.6355453063502319,4.9081772630702947,-0.075202776231476753,-0.2726319567200628
mahler,GPFA50,26,bounce,x,16,718,0.93377382098429018,0.93377382098429018,1.331242869205391,1.331242869205391,0,0
mahler,GPFA50,26,bounce,y,16,718,0.56723030877466074,0.51919303805690731,5.9668323485813026,6.2698664791514531,-0.048037270717753433,-0.3030341305701505
mahler,GPFA50,26,no_bounce,x,24,1006,0.93736399153571948,0.93736399153571948,1.4249168277613864,1.4249168277613864,0,0
mahler,GPFA50,26,no_bounce,y,24,1006,0.43442825207329261,0.3917385829431696,3.9213822791981454,3.8757255406171356,-0.042689669130123009,0.045656738581009826
mahler,GPFA50,26,post_bounce,x,16,319,0.8861649474025276,0.8861649474025276,1.0860006424564843,1.0860006424564843,0,0
mahler,GPFA50,26,post_bounce,y,16,319,0.65727698917434696,0.59216425199465839,5.908174174008761,6.4371174854359507,-0.065112737179688573,-0.52894331142718976
mahler,FA50,27,full,x,39,1658,0.93751273818576419,0.93751273818576419,1.2497537384160282,1.2497537384160282,0,0
mahler,FA50,27,full,y,39,1658,0.49935968497750632,0.47940393631104289,4.3546946616830899,4.3231000429830981,-0.019955748666463435,0.031594618699991805
mahler,FA50,27,visible,x,39,947,0.79724536187420092,0.79724536187420092,1.4165568143602443,1.4165568143602443,0,0
mahler,FA50,27,visible,y,39,947,0.43586717733971042,0.40221035260326482,4.377268470470737,4.4498510253881012,-0.033656824736445601,-0.072582554917364206
mahler,FA50,27,hidden,x,39,672,0.7686177911296731,0.7686177911296731,0.98549621171522184,0.98549621171522184,0,0
mahler,FA50,27,hidden,y,39,672,0.55796330484065004,0.5619892868432399,4.3796104469320687,4.1968776224772641,0.0040259820025898563,0.18273282445480454
mahler,FA50,27,bounce,x,10,451,0.95460149936126637,0.95460149936126637,1.0152599908526283,1.0152599908526283,0,0
mahler,FA50,27,bounce,y,10,451,0.55408837402794253,0.54718227299803091,5.8597363963233073,5.9384405196654217,-0.0069061010299116266,-0.078704123342114407
mahler,FA50,27,no_bounce,x,29,1207,0.93324546118495033,0.93324546118495033,1.326779435849877,1.326779435849877,0,0
mahler,FA50,27,no_bounce,y,29,1207,0.47054324391998209,0.44170022297167633,3.6358126017376433,3.5349051791682307,-0.028843020948305764,0.10090742256941265
mahler,FA50,27,post_bounce,x,10,203,0.90317086759448351,0.90317086759448351,0.9573064252864254,0.9573064252864254,0,0
mahler,FA50,27,post_bounce,y,10,203,0.61163052766359727,0.61972124215622992,6.1095858552530995,6.0959202579100147,0.0080907144926326557,0.013665597343084812
mahler,GPFA50,27,full,x,39,1658,0.94729020133235409,0.94729020133235409,1.1505348007617522,1.1505348007617522,0,0
mahler,GPFA50,27,full,y,39,1658,0.57535862330072207,0.55487989299602325,4.0730594453755593,4.0545110094755534,-0.020478730304698822,0.018548435900005877
mahler,GPFA50,27,visible,x,39,947,0.82511103666668406,0.82511103666668406,1.328734855597189,1.328734855597189,0,0
mahler,GPFA50,27,visible,y,39,947,0.50115248589540429,0.47047693258772427,4.1573057221228753,4.2241727204364432,-0.030675553307680015,-0.066866998313567905
mahler,GPFA50,27,hidden,x,39,672,0.8151327720342425,0.8151327720342425,0.8579814851958748,0.8579814851958748,0,0
mahler,GPFA50,27,hidden,y,39,672,0.64565931742686455,0.64411739211639751,4.0107062152730766,3.8623113692002602,-0.0015419253104670405,0.14839484607281639
mahler,GPFA50,27,bounce,x,10,451,0.96608270801200113,0.96608270801200113,0.87882226114340645,0.87882226114340645,0,0
mahler,GPFA50,27,bounce,y,10,451,0.65713649977049904,0.64974696480010041,5.3294373041495149,5.4223086329450378,-0.0073895349703986257,-0.092871328795522956
mahler,GPFA50,27,no_bounce,x,29,1207,0.94222696326588751,0.94222696326588751,1.2368361365658918,1.2368361365658918,0,0
mahler,GPFA50,27,no_bounce,y,29,1207,0.51299944337570469,0.47630628869724051,3.4893852019451574,3.4052344512459722,-0.036693154678464179,0.084150750699185206
mahler,GPFA50,27,post_bounce,x,10,203,0.93684902863258923,0.93684902863258923,0.7478129040271887,0.7478129040271887,0,0
mahler,GPFA50,27,post_bounce,y,10,203,0.73214406543618848,0.73681820645572194,5.2988635526352814,5.3021099358101029,0.004674141019533451,-0.00324638317482151
mahler,FA50,28,full,x,40,1736,0.93472124901598241,0.93472124901598241,1.2999200660467609,1.2999200660467609,0,0
mahler,FA50,28,full,y,40,1736,0.52428358153277022,0.4958580924818296,4.5767837442763186,4.5754596711792725,-0.028425489050940611,0.0013240730970460746
mahler,FA50,28,visible,x,40,1002,0.79670486595890166,0.79670486595890166,1.485913823626571,1.485913823626571,0,0
mahler,FA50,28,visible,y,40,1002,0.46205815368753056,0.44061025863043052,4.7041683703091373,4.7128962307427447,-0.021447895057100042,-0.0087278604336074039
mahler,FA50,28,hidden,x,40,694,0.76813438180436922,0.76813438180436922,0.99090318524274545,0.99090318524274545,0,0
mahler,FA50,28,hidden,y,40,694,0.5998802323347574,0.56351424884007639,4.4281030005962965,4.4123902735883185,-0.036365983494681009,0.015712727007977989
mahler,FA50,28,bounce,x,14,626,0.93013243112769306,0.93013243112769306,1.3320770444941366,1.3320770444941366,0,0
mahler,FA50,28,bounce,y,14,626,0.61487353211009255,0.59090900155207426,5.8686731494517614,6.0479883596987731,-0.023964530558018282,-0.17931521024701169
mahler,FA50,28,no_bounce,x,26,1110,0.93741506658749962,0.93741506658749962,1.2814288580167863,1.2814288580167863,0,0
mahler,FA50,28,no_bounce,y,26,1110,0.47541248217711934,0.44765832728169314,3.6519321150701458,3.4803097103932914,-0.027754154895426209,0.17162240467685441
mahler,FA50,28,post_bounce,x,14,329,0.90312539617446108,0.90312539617446108,1.1830528777555323,1.1830528777555323,0,0
mahler,FA50,28,post_bounce,y,14,329,0.69110476780431429,0.66496800076770468,5.5274741290461158,5.8151863441076062,-0.026136767036609609,-0.28771221506149036
mahler,GPFA50,28,full,x,40,1736,0.94260146417415203,0.94260146417415203,1.2286535780829648,1.2286535780829648,0,0
mahler,GPFA50,28,full,y,40,1736,0.54805346523537157,0.51853655269731758,4.5035146216364028,4.512236042095819,-0.029516912538053997,-0.0087214204594161515
mahler,GPFA50,28,visible,x,40,1002,0.82607528266219454,0.82607528266219454,1.3974922140403536,1.3974922140403536,0,0
mahler,GPFA50,28,visible,y,40,1002,0.48579727334757467,0.46916486918859091,4.6336594903602446,4.6293930813991651,-0.01663240415898376,0.0042664089610795486
mahler,GPFA50,28,hidden,x,40,694,0.77494079404318028,0.77494079404318028,0.95272367010010428,0.95272367010010428,0,0
mahler,GPFA50,28,hidden,y,40,694,0.62310236766721416,0.57880671701108277,4.3451238317500813,4.373146360702,-0.044295650656131391,-0.028022528951918702
mahler,GPFA50,28,bounce,x,14,626,0.93957748396634144,0.93957748396634144,1.2554268404002822,1.2554268404002822,0,0
mahler,GPFA50,28,bounce,y,14,626,0.61819187824388322,0.59027512305385832,5.8209978103259106,6.0206890313182262,-0.0279167551900249,-0.19969122099231562
mahler,GPFA50,28,no_bounce,x,26,1110,0.94450529641988223,0.94450529641988223,1.2132939047507938,1.2132939047507938,0,0
mahler,GPFA50,28,no_bounce,y,26,1110,0.51548306220805518,0.49128493275850427,3.5511120177639901,3.3763555013120583,-0.024198129449550909,0.1747565164519318
mahler,GPFA50,28,post_bounce,x,14,329,0.91046816607945225,0.91046816607945225,1.1091536167369631,1.1091536167369631,0,0
mahler,GPFA50,28,post_bounce,y,14,329,0.72778600226733658,0.69307619425888189,5.2835263564288031,5.6223043078907011,-0.03470980800845469,-0.33877795146189804
mahler,FA50,29,full,x,40,1755,0.92652925117160567,0.92652925117160567,1.3691008280922445,1.3691008280922445,0,0
mahler,FA50,29,full,y,40,1755,0.38867700491184448,0.35770977888783317,4.7356183713433024,4.7699766861086648,-0.030967226024011307,-0.03435831476536233
mahler,FA50,29,visible,x,40,1001,0.77889231718394203,0.77889231718394203,1.50415842147493,1.50415842147493,0,0
mahler,FA50,29,visible,y,40,1001,0.24502746295673561,0.21497021505656205,4.9724436900506896,5.0227025773466982,-0.030057247900173556,-0.050258887296008581
mahler,FA50,29,hidden,x,40,714,0.73870520188024236,0.73870520188024236,1.1621540739161089,1.1621540739161089,0,0
mahler,FA50,29,hidden,y,40,714,0.54213451128712131,0.51680779983371661,4.415600076621728,4.4255443070963185,-0.025326711453404704,-0.0099442304745904764
mahler,FA50,29,bounce,x,12,570,0.92293507472941483,0.92293507472941483,1.4697318717855419,1.4697318717855419,0,0
mahler,FA50,29,bounce,y,12,570,0.41450232167266393,0.40914564746633952,6.4137465718457154,6.5661707007126404,-0.0053566742063244077,-0.15242412886692502
mahler,FA50,29,no_bounce,x,28,1185,0.93153638064526978,0.93153638064526978,1.3179620373400385,1.3179620373400385,0,0
mahler,FA50,29,no_bounce,y,28,1185,0.41976928434484434,0.38026035691860532,3.6641921168483402,3.5997689202739855,-0.039508927426239016,0.064423196574354691
mahler,FA50,29,post_bounce,x,12,300,0.89574541976878308,0.89574541976878308,1.3931003542707872,1.3931003542707872,0,0
mahler,FA50,29,post_bounce,y,12,300,0.46397588796504691,0.47090134425070396,6.3468368003581448,6.5899845551306493,0.0069254562856570501,-0.2431477547725045
mahler,GPFA50,29,full,x,40,1755,0.9347068072255188,0.9347068072255188,1.2949480528979338,1.2949480528979338,0,0
mahler,GPFA50,29,full,y,40,1755,0.39669743726524731,0.36440352948189331,4.7297731854640244,4.7682274166694265,-0.032293907783354003,-0.038454231205402145
mahler,GPFA50,29,visible,x,40,1001,0.80174407268755032,0.80174407268755032,1.434196070846987,1.434196070846987,0,0
mahler,GPFA50,29,visible,y,40,1001,0.25865643193208482,0.22769792911868955,4.9739351335425805,5.0242422867851708,-0.030958502813395267,-0.050307153242590275
mahler,GPFA50,29,hidden,x,40,714,0.77795828160031166,0.77795828160031166,1.0844521593603829,1.0844521593603829,0,0
mahler,GPFA50,29,hidden,y,40,714,0.54462847143854176,0.51353861073840501,4.3856078435656514,4.4061665994077712,-0.031089860700136751,-0.020558755842119858
mahler,GPFA50,29,bounce,x,12,570,0.92734992933242322,0.92734992933242322,1.4407879567172037,1.4407879567172037,0,0
mahler,GPFA50,29,bounce,y,12,570,0.41280027934340163,0.39592807714726774,6.4535554625995672,6.6565229255528831,-0.01687220219613389,-0.2029674629533158
mahler,GPFA50,29,no_bounce,x,28,1185,0.9430184194731569,0.9430184194731569,1.2185960286847577,1.2185960286847577,0,0
mahler,GPFA50,29,no_bounce,y,28,1185,0.42424831965983312,0.39627388312840106,3.6191122329459908,3.5155312581556806,-0.027974436531432056,0.10358097479031025
mahler,GPFA50,29,post_bounce,x,12,300,0.90888207487795891,0.90888207487795891,1.3070231395906609,1.3070231395906609,0,0
mahler,GPFA50,29,post_bounce,y,12,300,0.39726164694576332,0.39809981700423014,6.5722969879797475,6.829525133612985,0.00083817005846681392,-0.25722814563323748
mahler,FA50,30,full,x,39,1714,0.92807685788286209,0.92807685788286209,1.344955796086025,1.344955796086025,0,0
mahler,FA50,30,full,y,39,1714,0.53151302732180372,0.50849982374750746,4.5746243779928975,4.5744169653266287,-0.023013203574296259,0.0002074126662687803
mahler,FA50,30,visible,x,39,985,0.77538534407634285,0.77538534407634285,1.5120899974139532,1.5120899974139532,0,0
mahler,FA50,30,visible,y,39,985,0.48394282184996129,0.45606758162115535,4.7388319988754173,4.7946260534736433,-0.027875240228805942,-0.055794054598226062
mahler,FA50,30,hidden,x,39,690,0.76781579590938343,0.76781579590938343,1.0675726326867392,1.0675726326867392,0,0
mahler,FA50,30,hidden,y,39,690,0.57799362032109391,0.56714573206057961,4.3873296966537705,4.2974463421008533,-0.010847888260514305,0.089883354552917183
mahler,FA50,30,bounce,x,15,684,0.93154771566840655,0.93154771566840655,1.3061490005589653,1.3061490005589653,0,0
mahler,FA50,30,bounce,y,15,684,0.58702237517045763,0.5787038905519124,5.9095305857975102,5.9463799191049773,-0.0083184846185452299,-0.036849333307467091
mahler,FA50,30,no_bounce,x,24,1030,0.92594801092773849,0.92594801092773849,1.3701193340964599,1.3701193340964599,0,0
mahler,FA50,30,no_bounce,y,24,1030,0.50919079579332138,0.47360981479333936,3.4107447555461516,3.3674765246219036,-0.035580980999982026,0.04326823092424803
mahler,FA50,30,post_bounce,x,15,372,0.93004575863580086,0.93004575863580086,1.1428504284498882,1.1428504284498882,0,0
mahler,FA50,30,post_bounce,y,15,372,0.59638567013432975,0.5961946597330311,5.9013976593332513,5.9175208611132639,-0.00019101040129865243,-0.016123201780012586
mahler,GPFA50,30,full,x,39,1714,0.93497574340101941,0.93497574340101941,1.2850020844150238,1.2850020844150238,0,0
mahler,GPFA50,30,full,y,39,1714,0.59976632963802123,0.5684656789538326,4.3301592444025045,4.366338556346741,-0.031300650684188636,-0.036179311944236403
mahler,GPFA50,30,visible,x,39,985,0.79735168076546203,0.79735168076546203,1.4469723046825986,1.4469723046825986,0,0
mahler,GPFA50,30,visible,y,39,985,0.53124162677769826,0.49389505072636636,4.5977960942540737,4.6862688953937317,-0.037346576051331903,-0.088472801139658053
mahler,GPFA50,30,hidden,x,39,690,0.7775132842819652,0.7775132842819652,1.023214208663914,1.023214208663914,0,0
mahler,GPFA50,30,hidden,y,39,690,0.67493652036585527,0.65921475561081178,3.9702537523255685,3.9156621340329116,-0.015721764755043499,0.054591618292656907
mahler,GPFA50,30,bounce,x,15,684,0.93975121802015005,0.93975121802015005,1.2325548387759906,1.2325548387759906,0,0
mahler,GPFA50,30,bounce,y,15,684,0.69266342074532661,0.68111941924052799,5.4571090954116599,5.5320996115050365,-0.011544001504798618,-0.074990516093376591
mahler,GPFA50,30,no_bounce,x,24,1030,0.93233733791544215,0.93233733791544215,1.3186790585677586,1.3186790585677586,0,0
mahler,GPFA50,30,no_bounce,y,24,1030,0.52869365294868309,0.47907954333515768,3.3801865872782586,3.376681540651389,-0.049614109613525414,0.0035050466268695679
mahler,GPFA50,30,post_bounce,x,15,372,0.93802432287927329,0.93802432287927329,1.0759585410506776,1.0759585410506776,0,0
mahler,GPFA50,30,post_bounce,y,15,372,0.72099466430649861,0.71957164420293906,5.3457436644750542,5.3976283737584909,-0.0014230201035595469,-0.051884709283436692
mahler,FA50,31,full,x,39,1618,0.91139548129263093,0.91139548129263093,1.4983666468392354,1.4983666468392354,0,0
mahler,FA50,31,full,y,39,1618,0.4118422717498238,0.36680848695249146,5.3966908339660939,5.4868949443689798,-0.045033784797332332,-0.090204110402885895
mahler,FA50,31,visible,x,39,926,0.71974464213235234,0.71974464213235234,1.7100694694336021,1.7100694694336021,0,0
mahler,FA50,31,visible,y,39,926,0.41647425490306722,0.40293611128580731,5.2460645153713559,5.2415975316917311,-0.013538143617259912,0.0044669836796247253
mahler,FA50,31,hidden,x,39,653,0.74910086803876319,0.74910086803876319,1.1467509904935071,1.1467509904935071,0,0
mahler,FA50,31,hidden,y,39,653,0.40659039454844598,0.32732577920535966,5.6495963395586397,5.8653864984300554,-0.07926461534308632,-0.21579015887141573
mahler,FA50,31,bounce,x,15,704,0.89591323629862318,0.89591323629862318,1.6827019172141735,1.6827019172141735,0,0
mahler,FA50,31,bounce,y,15,704,0.54763853082257585,0.51115331080005222,7.0456876241297985,7.2966099781891529,-0.036485220022523634,-0.25092235405935437
mahler,FA50,31,no_bounce,x,24,914,0.9301434438442765,0.9301434438442765,1.3391961965141281,1.3391961965141281,0,0
mahler,FA50,31,no_bounce,y,24,914,0.43712893397417285,0.40843290181951819,3.6497812204653366,3.5052648755496931,-0.02869603215465466,0.14451634491564347
mahler,FA50,31,post_bounce,x,15,341,0.89251840043193165,0.89251840043193165,1.2325252521626382,1.2325252521626382,0,0
mahler,FA50,31,post_bounce,y,15,341,0.58388826354994561,0.53233699136779522,7.5449741893703628,7.9753383789244365,-0.051551272182150387,-0.43036418955407374
mahler,GPFA50,31,full,x,39,1618,0.90975461417531056,0.90975461417531056,1.5135718369841982,1.5135718369841982,0,0
mahler,GPFA50,31,full,y,39,1618,0.44194260338159252,0.39381610373900333,5.2548001214417361,5.3754679608649649,-0.048126499642589193,-0.12066783942322878
mahler,GPFA50,31,visible,x,39,926,0.71573346852194042,0.71573346852194042,1.7292467139627579,1.7292467139627579,0,0
mahler,GPFA50,31,visible,y,39,926,0.42013750835358304,0.4090572124270313,5.1907113328278847,5.1908434595060715,-0.011080295926551742,-0.0001321266781868502
mahler,GPFA50,31,hidden,x,39,653,0.74919860159673712,0.74919860159673712,1.1636380452138562,1.1636380452138562,0,0
mahler,GPFA50,31,hidden,y,39,653,0.46780496597036297,0.37857670874531607,5.3956456295053989,5.6773093758030342,-0.089228257225046903,-0.28166374629763524
mahler,GPFA50,31,bounce,x,15,704,0.89546757084247663,0.89546757084247663,1.7113191974649422,1.7113191974649422,0,0
mahler,GPFA50,31,bounce,y,15,704,0.57398249650508015,0.53493840395792691,6.7837424976570313,7.0812127534651648,-0.039044092547153242,-0.29747025580813347
mahler,GPFA50,31,no_bounce,x,24,914,0.93134208502816218,0.93134208502816218,1.3415314631657955,1.3415314631657955,0,0
mahler,GPFA50,31,no_bounce,y,24,914,0.44409816860646939,0.41440089920291867,3.6654727802802158,3.5397237686457603,-0.029697269403550719,0.12574901163445551
mahler,GPFA50,31,post_bounce,x,15,341,0.88908331320664535,0.88908331320664535,1.264419192257545,1.264419192257545,0,0
mahler,GPFA50,31,post_bounce,y,15,341,0.61490525027142839,0.55394837792063456,7.1662637153001123,7.6858487629239081,-0.060956872350793834,-0.51958504762379576
mahler,FA50,32,full,x,40,1776,0.92791908562420589,0.92791908562420589,1.3487644979761082,1.3487644979761082,0,0
mahler,FA50,32,full,y,40,1776,0.44420288784669243,0.44242313569413011,4.8979552732207186,4.8867574321139831,-0.0017797521525623194,0.011197841106735495
mahler,FA50,32,visible,x,40,1019,0.79817468224279853,0.79817468224279853,1.4667744738727881,1.4667744738727881,0,0
mahler,FA50,32,visible,y,40,1019,0.45249341359647055,0.44284501965116496,4.8463434976648347,4.8489665710616556,-0.0096483939453055889,-0.0026230733968208853
mahler,FA50,32,hidden,x,40,717,0.68871233857038283,0.68871233857038283,1.1763572162165765,1.1763572162165765,0,0
mahler,FA50,32,hidden,y,40,717,0.44211523224493643,0.44496025786393645,5.0113619402589862,4.9813823099838634,0.0028450256190000189,0.029979630275122737
mahler,FA50,32,bounce,x,14,680,0.92874664267842633,0.92874664267842633,1.3560066531444028,1.3560066531444028,0,0
mahler,FA50,32,bounce,y,14,680,0.47943452862211861,0.49870601099185502,6.5906792292595302,6.6446812440668888,0.019271482369736415,-0.054002014807358556
mahler,FA50,32,no_bounce,x,26,1096,0.92863463704026084,0.92863463704026084,1.3442515766334149,1.3442515766334149,0,0
mahler,FA50,32,no_bounce,y,26,1096,0.50898406566935017,0.48404229684894157,3.4531514653322288,3.3620318299151761,-0.024941768820408605,0.091119635417052702
mahler,FA50,32,post_bounce,x,14,369,0.88518953304955095,0.88518953304955095,1.2608361856814785,1.2608361856814785,0,0
mahler,FA50,32,post_bounce,y,14,369,0.51329331040532944,0.54545724290256381,6.863873073738028,6.9184691945902701,0.032163932497234371,-0.05459612085224208
mahler,GPFA50,32,full,x,40,1776,0.92558807719803238,0.92558807719803238,1.369561678546148,1.369561678546148,0,0
mahler,GPFA50,32,full,y,40,1776,0.44695118823262192,0.44829174583234088,4.8822799440944449,4.8498443713440178,0.0013405575997189612,0.032435572750427077
mahler,GPFA50,32,visible,x,40,1019,0.79479894771611892,0.79479894771611892,1.4877297471604916,1.4877297471604916,0,0
mahler,GPFA50,32,visible,y,40,1019,0.45783971033218074,0.45011228159014022,4.7737262907535571,4.7682191385441666,-0.0077274287420405208,0.0055071522093905756
mahler,GPFA50,32,hidden,x,40,717,0.67262293476905521,0.67262293476905521,1.1983935008341864,1.1983935008341864,0,0
mahler,GPFA50,32,hidden,y,40,717,0.45504829775901018,0.45920658834902695,5.0750111517480505,5.0056273569208205,0.0041582905900167666,0.069383794827230005
mahler,GPFA50,32,bounce,x,14,680,0.91993449398562055,0.91993449398562055,1.4212935465688854,1.4212935465688854,0,0
mahler,GPFA50,32,bounce,y,14,680,0.48853258425114882,0.50930325594950954,6.5845823926874854,6.6060892472888941,0.020770671698360721,-0.021506854601408776
mahler,GPFA50,32,no_bounce,x,26,1096,0.93036295156991744,0.93036295156991744,1.336459032413789,1.336459032413789,0,0
mahler,GPFA50,32,no_bounce,y,26,1096,0.52839424296485715,0.50671657872563836,3.4242760491624566,3.3223689853631493,-0.021677664239218797,0.10190706379930736
mahler,GPFA50,32,post_bounce,x,14,369,0.86966568076361206,0.86966568076361206,1.2967782697226828,1.2967782697226828,0,0
mahler,GPFA50,32,post_bounce,y,14,369,0.53510639046878272,0.56877110757735116,6.9270890339098532,6.9168778092896046,0.033664717108568443,0.010211224620248593
mahler,FA50,33,full,x,40,1737,0.92421048536952988,0.92421048536952988,1.3913963145417487,1.3913963145417487,0,0
mahler,FA50,33,full,y,40,1737,0.46005365136100107,0.43071907598305775,4.8508568540291108,4.8385474718697186,-0.029334575377943317,0.012309382159392257
mahler,FA50,33,visible,x,40,976,0.77856840954826223,0.77856840954826223,1.4704033563765795,1.4704033563765795,0,0
mahler,FA50,33,visible,y,40,976,0.41528069429562636,0.39177433456900823,5.0288208859012409,5.0602116890450386,-0.023506359726618131,-0.031390803143797719
mahler,FA50,33,hidden,x,40,721,0.72410846073313706,0.72410846073313706,1.2797705356605293,1.2797705356605293,0,0
mahler,FA50,33,hidden,y,40,721,0.50322302719698242,0.47132307031525117,4.6378060870926703,4.561054905913724,-0.031899956881731251,0.076751181178946304
mahler,FA50,33,bounce,x,13,604,0.91811441443793851,0.91811441443793851,1.4870171999483706,1.4870171999483706,0,0
mahler,FA50,33,bounce,y,13,604,0.50421291868710594,0.49808850362985241,6.2869771481385301,6.3178132931960533,-0.0061244150572535294,-0.03083614505752319
mahler,FA50,33,no_bounce,x,27,1133,0.92919608046175572,0.92919608046175572,1.3376306336152028,1.3376306336152028,0,0
mahler,FA50,33,no_bounce,y,27,1133,0.4428941583156914,0.39365316166940978,3.8734695750438979,3.822787839681884,-0.049240996646281621,0.050681735362013924
mahler,FA50,33,post_bounce,x,13,342,0.89355091210707593,0.89355091210707593,1.3542425919529779,1.3542425919529779,0,0
mahler,FA50,33,post_bounce,y,13,342,0.62232308934837077,0.62350758318879962,5.8267097974570259,5.8741658158306009,0.0011844938404288463,-0.047456018373575048
mahler,GPFA50,33,full,x,40,1737,0.92962119445473401,0.92962119445473401,1.3434372517512321,1.3434372517512321,0,0
mahler,GPFA50,33,full,y,40,1737,0.49808735165939599,0.44768881077612965,4.7616201336391608,4.8256131199348173,-0.050398540883266341,-0.063992986295656529
mahler,GPFA50,33,visible,x,40,976,0.80072854113210534,0.80072854113210534,1.4030832547329757,1.4030832547329757,0,0
mahler,GPFA50,33,visible,y,40,976,0.4547645522708153,0.41174520603140607,4.9674173429762094,5.0734273667711696,-0.043019346239409229,-0.10601002379496016
mahler,GPFA50,33,hidden,x,40,721,0.73610106759845972,0.73610106759845972,1.2681657346496389,1.2681657346496389,0,0
mahler,GPFA50,33,hidden,y,40,721,0.5432255698521401,0.48967801239634118,4.515960834857804,4.514826696002463,-0.053547557455798922,0.0011341388553409715
mahler,GPFA50,33,bounce,x,13,604,0.91616605088681757,0.91616605088681757,1.4863241263986471,1.4863241263986471,0,0
mahler,GPFA50,33,bounce,y,13,604,0.53241451677778717,0.48413840315979401,6.1899603108465469,6.3907130234646115,-0.048276113617993166,-0.2007527126180646
mahler,GPFA50,33,no_bounce,x,27,1133,0.93834090967086903,0.93834090967086903,1.2606637445820408,1.2606637445820408,0,0
mahler,GPFA50,33,no_bounce,y,27,1133,0.47841601073751605,0.4245943793743408,3.786026597818918,3.7320480339869944,-0.053821631363175249,0.053978563831923676
mahler,GPFA50,33,post_bounce,x,13,342,0.8974493771783939,0.8974493771783939,1.3139168401223227,1.3139168401223227,0,0
mahler,GPFA50,33,post_bounce,y,13,342,0.66762655743593624,0.64789935660189935,5.5380159376543556,5.6776498754108085,-0.019727200834036895,-0.13963393775645283
mahler,FA50,34,full,x,40,1743,0.93325829757655809,0.93325829757655809,1.411221734031286,1.411221734031286,0,0
mahler,FA50,34,full,y,40,1743,0.53030764152880139,0.49686871746295547,4.3944718394318949,4.4045025882914501,-0.033438924065845921,-0.010030748859555239
mahler,FA50,34,visible,x,40,1019,0.7979356952805321,0.7979356952805321,1.6580720312315578,1.6580720312315578,0,0
mahler,FA50,34,visible,y,40,1019,0.43035252647538352,0.38990453912332829,4.7109127077603743,4.7858189768769366,-0.040447987352055237,-0.074906269116562285
mahler,FA50,34,hidden,x,40,684,0.77646869785382844,0.77646869785382844,0.96971943560238938,0.96971943560238938,0,0
mahler,FA50,34,hidden,y,40,684,0.64782958209032826,0.63053683691358997,3.9305979123549744,3.8241208018072155,-0.017292745176738289,0.10647711054775888
mahler,FA50,34,bounce,x,12,586,0.93344966267575735,0.93344966267575735,1.4246996709375006,1.4246996709375006,0,0
mahler,FA50,34,bounce,y,12,586,0.62459219026853374,0.61010761921941603,5.7526393674508762,5.8438733654391601,-0.014484571049117712,-0.09123399798828391
mahler,FA50,34,no_bounce,x,28,1157,0.93397185192886156,0.93397185192886156,1.4043460504975993,1.4043460504975993,0,0
mahler,FA50,34,no_bounce,y,28,1157,0.49877214967869016,0.45870677034328788,3.5115963405125044,3.4537537696889622,-0.040065379335402274,0.057842570823542161
mahler,FA50,34,post_bounce,x,12,333,0.91736616043563812,0.91736616043563812,1.1012433570204905,1.1012433570204905,0,0
mahler,FA50,34,post_bounce,y,12,333,0.67834797295666049,0.66995759580633407,5.5238141637990967,5.602267160817834,-0.0083903771503264224,-0.078452997018737314
mahler,GPFA50,34,full,x,40,1743,0.94092636523723361,0.94092636523723361,1.3383263698087227,1.3383263698087227,0,0
mahler,GPFA50,34,full,y,40,1743,0.59308897096538493,0.55644077353344668,4.1732479483351206,4.218174337942342,-0.036648197431938256,-0.044926389607221395
mahler,GPFA50,34,visible,x,40,1019,0.81933751367505669,0.81933751367505669,1.5830934232279719,1.5830934232279719,0,0
mahler,GPFA50,34,visible,y,40,1019,0.46167343310551068,0.42191858398732829,4.6434049664153081,4.7196807979464497,-0.039754849118182389,-0.076275831531141591
mahler,GPFA50,34,hidden,x,40,684,0.80343868569252563,0.80343868569252563,0.89316151167608449,0.89316151167608449,0,0
mahler,GPFA50,34,hidden,y,40,684,0.74799587185585914,0.72281511738359361,3.4068420248194551,3.3852726906596686,-0.025180754472265532,0.021569334159786457
mahler,GPFA50,34,bounce,x,12,586,0.94234910191484533,0.94234910191484533,1.3498027328747615,1.3498027328747615,0,0
mahler,GPFA50,34,bounce,y,12,586,0.68303665873777153,0.66992698438589537,5.3519177937217925,5.4840538958124956,-0.013109674351876155,-0.13213610209070303
mahler,GPFA50,34,no_bounce,x,28,1157,0.94098173342531721,0.94098173342531721,1.3324760865811307,1.3324760865811307,0,0
mahler,GPFA50,34,no_bounce,y,28,1157,0.55297091787823782,0.50975974636876342,3.4248662570288535,3.4018309958137518,-0.0432111715094744,0.023035261215101688
mahler,GPFA50,34,post_bounce,x,12,333,0.9327163806551898,0.9327163806551898,1.0037992332748906,1.0037992332748906,0,0
mahler,GPFA50,34,post_bounce,y,12,333,0.77876607528415809,0.76473074681683406,4.8663129573295416,5.003747565861163,-0.014035328467324026,-0.13743460853162137
mahler,FA50,35,full,x,40,1692,0.92957061666800278,0.92957061666800278,1.4306278536663206,1.4306278536663206,0,0
mahler,FA50,35,full,y,40,1692,0.46216697621959185,0.43714838208906692,4.4383978254207577,4.4291760475569166,-0.025018594130524929,0.0092217778638410408
mahler,FA50,35,visible,x,40,988,0.78696450614043356,0.78696450614043356,1.6701814471715974,1.6701814471715974,0,0
mahler,FA50,35,visible,y,40,988,0.40933799487289874,0.38588789402995416,4.6989263403922452,4.745352779758746,-0.023450100842944577,-0.046426439366500816
mahler,FA50,35,hidden,x,40,664,0.77165000940507356,0.77165000940507356,0.9922008274656231,0.9922008274656231,0,0
mahler,FA50,35,hidden,y,40,664,0.55209991085802435,0.53741297892378304,4.0848156338279269,3.9784457551807773,-0.01468693193424131,0.10636987864714964
mahler,FA50,35,bounce,x,12,520,0.93371784202509933,0.93371784202509933,1.6727750339044682,1.6727750339044682,0,0
mahler,FA50,35,bounce,y,12,520,0.57421834605146505,0.55667522845165274,5.7036491654066728,5.8197635292803405,-0.017543117599812308,-0.11611436387366769
mahler,FA50,35,no_bounce,x,28,1172,0.93240110772082974,0.93240110772082974,1.3089212278215965,1.3089212278215965,0,0
mahler,FA50,35,no_bounce,y,28,1172,0.38999088591114983,0.3661733132689674,3.7424444655703186,3.6461166470354356,-0.023817572642182427,0.096327818534883036
mahler,FA50,35,post_bounce,x,12,324,0.93848024690002452,0.93848024690002452,1.1518262431462827,1.1518262431462827,0,0
mahler,FA50,35,post_bounce,y,12,324,0.66902047390002717,0.64629324005405264,5.2113533201191258,5.4011717859987511,-0.022727233845974526,-0.18981846587962536
mahler,GPFA50,35,full,x,40,1692,0.93108300563613111,0.93108300563613111,1.418703468923286,1.418703468923286,0,0
mahler,GPFA50,35,full,y,40,1692,0.48198436142078221,0.45668807111585985,4.3864141862250818,4.3736839833584327,-0.025296290304922364,0.012730202866649165
mahler,GPFA50,35,visible,x,40,988,0.79161245366577482,0.79161245366577482,1.6568038508353353,1.6568038508353353,0,0
mahler,GPFA50,35,visible,y,40,988,0.39913751321605179,0.3755253767517332,4.7382725436266808,4.7743067655913096,-0.023612136464318589,-0.036034221964628799
mahler,GPFA50,35,hidden,x,40,664,0.77909455949421069,0.77909455949421069,0.99604265981260354,0.99604265981260354,0,0
mahler,GPFA50,35,hidden,y,40,664,0.60023504313863607,0.58610394900259311,3.8737218244031677,3.7653185633897652,-0.014131094136042965,0.10840326101340247
mahler,GPFA50,35,bounce,x,12,520,0.93611474913099735,0.93611474913099735,1.7217244077761695,1.7217244077761695,0,0
mahler,GPFA50,35,bounce,y,12,520,0.57435703575177088,0.56010121300808269,5.6485395488832104,5.7871489298072039,-0.014255822743688196,-0.13860938092399344
mahler,GPFA50,35,no_bounce,x,28,1172,0.93692320218975289,0.93692320218975289,1.26115070244553,1.26115070244553,0,0
mahler,GPFA50,35,no_bounce,y,28,1172,0.41857580634952191,0.39988051806354058,3.6906885726753718,3.571680489624284,-0.018695288285981326,0.11900808305108779
mahler,GPFA50,35,post_bounce,x,12,324,0.94744249868157182,0.94744249868157182,1.1233885808096593,1.1233885808096593,0,0
mahler,GPFA50,35,post_bounce,y,12,324,0.70252959717179198,0.68549819050331273,4.9267973544736927,5.1285914009110938,-0.017031406668479243,-0.20179404643740106
mahler,FA50,36,full,x,39,1667,0.92925071921156233,0.92925071921156233,1.3235036035561436,1.3235036035561436,0,0
mahler,FA50,36,full,y,39,1667,0.4950407070335392,0.46575937412744506,4.6233433395685086,4.6854447847669922,-0.029281332906094137,-0.062101445198483596
mahler,FA50,36,visible,x,39,933,0.78529814932254727,0.78529814932254727,1.4285741764920181,1.4285741764920181,0,0
mahler,FA50,36,visible,y,39,933,0.44889501631921847,0.43760834887076194,4.6516890990995599,4.6412897887935607,-0.011286667448456522,0.010399310305999165
mahler,FA50,36,hidden,x,39,695,0.72991990889861824,0.72991990889861824,1.1800303703118267,1.1800303703118267,0,0
mahler,FA50,36,hidden,y,39,695,0.53359073441537741,0.48441006619854432,4.6187620438277239,4.7781067559574808,-0.04918066821683309,-0.15934471212975687
mahler,FA50,36,bounce,x,13,596,0.91217296840820505,0.91217296840820505,1.4910521322784096,1.4910521322784096,0,0
mahler,FA50,36,bounce,y,13,596,0.52982277128064759,0.51044165339871428,6.1095542927910644,6.4295615088208145,-0.019381117881933307,-0.32000721602975002
mahler,FA50,36,no_bounce,x,26,1071,0.94027627755474397,0.94027627755474397,1.220342389228489,1.220342389228489,0,0
mahler,FA50,36,no_bounce,y,26,1071,0.49402828697930734,0.47363574956881566,3.5353286450482195,3.3414615431641823,-0.020392537410491685,0.19386710188403722
mahler,FA50,36,post_bounce,x,13,294,0.88290987487996242,0.88290987487996242,1.3119648999486782,1.3119648999486782,0,0
mahler,FA50,36,post_bounce,y,13,294,0.59080148552634704,0.56786875334237386,6.0040582419754589,6.5825612756153733,-0.022932732183973181,-0.5785030336399144
mahler,GPFA50,36,full,x,39,1667,0.94060300283218312,0.94060300283218312,1.2254383887982829,1.2254383887982829,0,0
mahler,GPFA50,36,full,y,39,1667,0.48217825428004263,0.44846726863718084,4.7055110928168293,4.7842480784813413,-0.03371098564286179,-0.078736985664511927
mahler,GPFA50,36,visible,x,39,933,0.82158128962293464,0.82158128962293464,1.3277836798652305,1.3277836798652305,0,0
mahler,GPFA50,36,visible,y,39,933,0.43268815756353124,0.42168759449253929,4.7518811284030074,4.7359864790488349,-0.011000563070991953,0.015894649354172508
mahler,GPFA50,36,hidden,x,39,695,0.75272386883088149,0.75272386883088149,1.0891215980493607,1.0891215980493607,0,0
mahler,GPFA50,36,hidden,y,39,695,0.5262583855339672,0.46655132892959245,4.6743878534032994,4.8805786668886535,-0.059707056604374753,-0.20619081348535406
mahler,GPFA50,36,bounce,x,13,596,0.92319194867340304,0.92319194867340304,1.4170112152439276,1.4170112152439276,0,0
mahler,GPFA50,36,bounce,y,13,596,0.45094946892809645,0.4303693736820024,6.4741785689386901,6.7762297992988607,-0.020580095246094054,-0.30205123036017056
mahler,GPFA50,36,no_bounce,x,26,1071,0.9522482201286504,0.9522482201286504,1.1045326584989199,1.1045326584989199,0,0
mahler,GPFA50,36,no_bounce,y,26,1071,0.56389967740778635,0.54248011140069619,3.337407233141426,3.1739643842206071,-0.021419566007090163,0.16344284892081884
mahler,GPFA50,36,post_bounce,x,13,294,0.89617490782470932,0.89617490782470932,1.2656069630919748,1.2656069630919748,0,0
mahler,GPFA50,36,post_bounce,y,13,294,0.49579782236160747,0.46199364296669615,6.4059556682887262,7.0041488019380935,-0.033804179394911316,-0.59819313364936733
mahler,FA50,37,full,x,40,1749,0.92463648925690212,0.92463648925690212,1.3581460538544432,1.3581460538544432,0,0
mahler,FA50,37,full,y,40,1749,0.50534640481786808,0.4871900256256137,4.188354117204713,4.2066527473018596,-0.018156379192254379,-0.018298630097146606
mahler,FA50,37,visible,x,40,988,0.78814987043693496,0.78814987043693496,1.4243739254014713,1.4243739254014713,0,0
mahler,FA50,37,visible,y,40,988,0.43462797968139011,0.41567731015558068,4.2873417940555205,4.310951769952438,-0.018950669525809427,-0.02360997589691749
mahler,FA50,37,hidden,x,40,721,0.68497288673201051,0.68497288673201051,1.264686075146195,1.264686075146195,0,0
mahler,FA50,37,hidden,y,40,721,0.57271255394817511,0.55780669269093797,4.0997286330828917,4.1139302771209252,-0.014905861257237141,-0.014201644038033479
mahler,FA50,37,bounce,x,11,557,0.91822274703663809,0.91822274703663809,1.4204627524523163,1.4204627524523163,0,0
mahler,FA50,37,bounce,y,11,557,0.52109807477105563,0.52571428993437508,5.422124538317064,5.60687880744171,0.0046162151633194481,-0.18475426912464599
mahler,FA50,37,no_bounce,x,29,1192,0.92868960781002818,0.92868960781002818,1.3280245119811476,1.3280245119811476,0,0
mahler,FA50,37,no_bounce,y,29,1192,0.52343711153555972,0.4981507991484348,3.464345665105018,3.3578164099118775,-0.025286312387124921,0.10652925519314049
mahler,FA50,37,post_bounce,x,11,306,0.90801958296688923,0.90801958296688923,1.4035736016118991,1.4035736016118991,0,0
mahler,FA50,37,post_bounce,y,11,306,0.54956473934366545,0.56378380656284799,5.5029516921015986,5.7777923268800926,0.014219067219182535,-0.27484063477849396
mahler,GPFA50,37,full,x,40,1749,0.92922685874003119,0.92922685874003119,1.3166887156874545,1.3166887156874545,0,0
mahler,GPFA50,37,full,y,40,1749,0.57243569955422302,0.54645270650682509,3.9332337198027347,3.9879465274818422,-0.025982993047397929,-0.054712807679107467
mahler,GPFA50,37,visible,x,40,988,0.8064059019539449,0.8064059019539449,1.3697473745552868,1.3697473745552868,0,0
mahler,GPFA50,37,visible,y,40,988,0.48504913618233014,0.46065042472500378,4.1112980122130027,4.1565648054997082,-0.024398711457326361,-0.045266793286705465
mahler,GPFA50,37,hidden,x,40,721,0.68584861962122012,0.68584861962122012,1.2524810552177512,1.2524810552177512,0,0
mahler,GPFA50,37,hidden,y,40,721,0.65827479299868774,0.63420369637420437,3.7323333774412903,3.8003081343917211,-0.024071096624483368,-0.067974756950430759
mahler,GPFA50,37,bounce,x,11,557,0.91261577365716651,0.91261577365716651,1.4512126453959786,1.4512126453959786,0,0
mahler,GPFA50,37,bounce,y,11,557,0.61168471221267595,0.59715742573936315,5.0653976895912605,5.3468730222482268,-0.014527286473312806,-0.28147533265696634
mahler,GPFA50,37,no_bounce,x,29,1192,0.93793025112245176,0.93793025112245176,1.2488703889798698,1.2488703889798698,0,0
mahler,GPFA50,37,no_bounce,y,29,1192,0.56594122733120289,0.54261503642158482,3.2725669079690083,3.1584950496346975,-0.023326190909618072,0.11407185833431077
mahler,GPFA50,37,post_bounce,x,11,306,0.9119808369319844,0.9119808369319844,1.365710695627238,1.365710695627238,0,0
mahler,GPFA50,37,post_bounce,y,11,306,0.6636652538752581,0.65469506617545303,5.0150688745445944,5.4022480064487457,-0.0089701876998050656,-0.38717913190415132
mahler,FA50,38,full,x,40,1699,0.92946232582333033,0.92946232582333033,1.3946850745062975,1.3946850745062975,0,0
mahler,FA50,38,full,y,40,1699,0.53025593733897447,0.51870520708567003,4.4512466913955047,4.372692174455854,-0.011550730253304442,0.078554516939650654
mahler,FA50,38,visible,x,40,998,0.77815035663851506,0.77815035663851506,1.6305862581774211,1.6305862581774211,0,0
mahler,FA50,38,visible,y,40,998,0.49230972869865691,0.47173942248533601,4.4986013536137559,4.526089592001016,-0.020570306213320899,-0.027488238387260111
mahler,FA50,38,hidden,x,40,661,0.7973829579236138,0.7973829579236138,0.94475412014651416,0.94475412014651416,0,0
mahler,FA50,38,hidden,y,40,661,0.55829166351031045,0.56409645268926811,4.4461867538855406,4.199014726861054,0.0058047891789576589,0.2471720270244866
mahler,FA50,38,bounce,x,13,592,0.938942721304584,0.938942721304584,1.3865889960389524,1.3865889960389524,0,0
mahler,FA50,38,bounce,y,13,592,0.61245137863096455,0.62212775724574443,5.6298212651417439,5.5338860145158018,0.0096763786147798792,0.095935250625942103
mahler,FA50,38,no_bounce,x,27,1107,0.92633272511732256,0.92633272511732256,1.3989954572971828,1.3989954572971828,0,0
mahler,FA50,38,no_bounce,y,27,1107,0.45026582223663392,0.4046107953767466,3.6687513289539697,3.6011988261437811,-0.045655026859887315,0.067552502810188653
mahler,FA50,38,post_bounce,x,13,281,0.94826215013181137,0.94826215013181137,0.83954225725772624,0.83954225725772624,0,0
mahler,FA50,38,post_bounce,y,13,281,0.61136926660292978,0.63578435306242942,5.9419903703208794,5.7148400639393859,0.024415086459499635,0.22715030638149347
mahler,GPFA50,38,full,x,40,1699,0.93329406041907037,0.93329406041907037,1.356614740221707,1.356614740221707,0,0
mahler,GPFA50,38,full,y,40,1699,0.61534394622455502,0.59957199370039427,4.1329661644186197,4.0813995308056823,-0.015771952524160748,0.051566633612937451
mahler,GPFA50,38,visible,x,40,998,0.78462007970418191,0.78462007970418191,1.6021218367450396,1.6021218367450396,0,0
mahler,GPFA50,38,visible,y,40,998,0.57818033744177333,0.54963606677618704,4.2203500896748469,4.2868667118994948,-0.028544270665586291,-0.066516622224647826
mahler,GPFA50,38,hidden,x,40,661,0.81840984519110549,0.81840984519110549,0.88985119135841995,0.88985119135841995,0,0
mahler,GPFA50,38,hidden,y,40,661,0.64847065403750237,0.65551428159582525,4.0618326475187674,3.8149540764092995,0.0070436275583228847,0.24687857110946787
mahler,GPFA50,38,bounce,x,13,592,0.94239993768742936,0.94239993768742936,1.3798031367740127,1.3798031367740127,0,0
mahler,GPFA50,38,bounce,y,13,592,0.71525009525684646,0.70817753652802296,5.0326749748969926,5.0435377049900429,-0.0070725587288235081,-0.010862730093050388
mahler,GPFA50,38,no_bounce,x,27,1107,0.93235182374034076,0.93235182374034076,1.3440499117714171,1.3440499117714171,0,0
mahler,GPFA50,38,no_bounce,y,27,1107,0.48334440845804216,0.44092886555218164,3.5596918512185454,3.4587221913008581,-0.042415542905860526,0.10096965991768725
mahler,GPFA50,38,post_bounce,x,13,281,0.96337827982395885,0.96337827982395885,0.70732904714063449,0.70732904714063449,0,0
mahler,GPFA50,38,post_bounce,y,13,281,0.73576859753472612,0.74648850945771095,5.193348837868637,5.0283629034257036,0.010719911922984826,0.16498593444293341
mahler,FA50,39,full,x,40,1787,0.92703503538328424,0.92703503538328424,1.352050840245411,1.352050840245411,0,0
mahler,FA50,39,full,y,40,1787,0.53449489335129852,0.51215479333084002,4.2176977583755608,4.2915674323515196,-0.022340100020458498,-0.073869673975958783
mahler,FA50,39,visible,x,40,1017,0.7886998274871313,0.7886998274871313,1.482548896501322,1.482548896501322,0,0
mahler,FA50,39,visible,y,40,1017,0.42813877811677697,0.41428873612553008,4.4231744427018782,4.4228644110184403,-0.013850041991246897,0.00031003168343790577
mahler,FA50,39,hidden,x,40,730,0.71516560568596266,0.71516560568596266,1.1611555706800796,1.1611555706800796,0,0
mahler,FA50,39,hidden,y,40,730,0.63265557910130987,0.59945699683368547,3.9614017166052555,4.1505300597698573,-0.033198582267624399,-0.18912834316460181
mahler,FA50,39,bounce,x,13,620,0.91662024667696462,0.91662024667696462,1.4120196501054758,1.4120196501054758,0,0
mahler,FA50,39,bounce,y,13,620,0.59487762051313275,0.57895472730864894,5.5198845946384543,5.8062895043365907,-0.015922893204483812,-0.28640490969813648
mahler,FA50,39,no_bounce,x,27,1167,0.9334026575327915,0.9334026575327915,1.3190822904729691,1.3190822904729691,0,0
mahler,FA50,39,no_bounce,y,27,1167,0.51285972353886278,0.48996008717532941,3.324500611578137,3.2080267051837699,-0.022899636363533371,0.11647390639436717
mahler,FA50,39,post_bounce,x,13,328,0.88730700467834456,0.88730700467834456,1.3732675066494031,1.3732675066494031,0,0
mahler,FA50,39,post_bounce,y,13,328,0.6475726153030037,0.62294762409778093,5.3387709412850306,5.8589528106340074,-0.024624991205222768,-0.52018186934897681
mahler,GPFA50,39,full,x,40,1787,0.92857699551588657,0.92857699551588657,1.3371079911567745,1.3371079911567745,0,0
mahler,GPFA50,39,full,y,40,1787,0.54587814443628135,0.51832583793214626,4.1942616800107926,4.2938713148341261,-0.027552306504135093,-0.099609634823333515
mahler,GPFA50,39,visible,x,40,1017,0.78702595607094594,0.78702595607094594,1.4955542035327727,1.4955542035327727,0,0
mahler,GPFA50,39,visible,y,40,1017,0.47328719580208994,0.45691384051444039,4.3157278656824438,4.3365066358625155,-0.016373355287649549,-0.020778770180071682
mahler,GPFA50,39,hidden,x,40,730,0.74235343978803248,0.74235343978803248,1.0944184842728271,1.0944184842728271,0,0
mahler,GPFA50,39,hidden,y,40,730,0.60885857976581614,0.568026793149631,4.0739892805612188,4.289457446646483,-0.040831786616185139,-0.2154681660852642
mahler,GPFA50,39,bounce,x,13,620,0.90444490776783015,0.90444490776783015,1.4818051306975542,1.4818051306975542,0,0
mahler,GPFA50,39,bounce,y,13,620,0.5620965994607876,0.53360500117182985,5.6398408429022533,5.9805019410788685,-0.028491598288957753,-0.34066109817661516
mahler,GPFA50,39,no_bounce,x,27,1167,0.94041897471013081,0.94041897471013081,1.2534576195793552,1.2534576195793552,0,0
mahler,GPFA50,39,no_bounce,y,27,1167,0.55793773922633483,0.53591140644891655,3.168471925049885,3.0382226730752753,-0.022026332777418278,0.13024925197460968
mahler,GPFA50,39,post_bounce,x,13,328,0.89544973457257748,0.89544973457257748,1.2751838581377701,1.2751838581377701,0,0
mahler,GPFA50,39,post_bounce,y,13,328,0.61733405672854968,0.57156888019735752,5.4253904177737144,6.0257372529569002,-0.045765176531192164,-0.60034683518318577
mahler,FA50,40,full,x,40,1693,0.93035885431107102,0.93035885431107102,1.3336596362543134,1.3336596362543134,0,0
mahler,FA50,40,full,y,40,1693,0.50110689615185788,0.45886762661804842,4.3395420063452281,4.4310294265574077,-0.042239269533809465,-0.091487420212179593
mahler,FA50,40,visible,x,40,976,0.78088393511621856,0.78088393511621856,1.5171895670373763,1.5171895670373763,0,0
mahler,FA50,40,visible,y,40,976,0.41222456529933149,0.37153776469588573,4.6079668697581271,4.7142386621138348,-0.040686800603445761,-0.10627179235570772
mahler,FA50,40,hidden,x,40,677,0.78319664916590415,0.78319664916590415,1.0229159672182644,1.0229159672182644,0,0
mahler,FA50,40,hidden,y,40,677,0.60078710528086077,0.56033083657294791,3.9964336752337295,4.0614061488772739,-0.040456268707912857,-0.064972473643544415
mahler,FA50,40,bounce,x,9,407,0.95075114121486071,0.95075114121486071,1.4455056420998675,1.4455056420998675,0,0
mahler,FA50,40,bounce,y,9,407,0.60802068462510195,0.57770385843473382,5.6801651205304511,5.9292745675179894,-0.030316826190368129,-0.24910944698753834
mahler,FA50,40,no_bounce,x,31,1286,0.93089647842772061,0.93089647842772061,1.296253147044278,1.296253147044278,0,0
mahler,FA50,40,no_bounce,y,31,1286,0.40748746082289655,0.3506271596156143,3.8184275890652053,3.836854315443909,-0.056860301207282249,-0.018426726378703684
mahler,FA50,40,post_bounce,x,9,202,0.94657659367034275,0.94657659367034275,1.0039735434053216,1.0039735434053216,0,0
mahler,FA50,40,post_bounce,y,9,202,0.6332353405981006,0.59722528974038314,5.4631800334129581,5.9198918191801049,-0.036010050857717468,-0.45671178576714677
mahler,GPFA50,40,full,x,40,1693,0.93374229371631667,0.93374229371631667,1.3021103119545205,1.3021103119545205,0,0
mahler,GPFA50,40,full,y,40,1693,0.53895075341737464,0.48891037808608317,4.260586938301107,4.3974355292905649,-0.050040375331291465,-0.1368485909894579
mahler,GPFA50,40,visible,x,40,976,0.78687646351230012,0.78687646351230012,1.4968983081766953,1.4968983081766953,0,0
mahler,GPFA50,40,visible,y,40,976,0.43189002033982593,0.37844798049154482,4.6305736452559945,4.7895252440449916,-0.053442039848281109,-0.15895159878899712
mahler,GPFA50,40,hidden,x,40,677,0.79894785431676596,0.79894785431676596,0.97837835123684191,0.97837835123684191,0,0
mahler,GPFA50,40,hidden,y,40,677,0.66284351378644979,0.62197545777078589,3.7514681802629966,3.8460512072667732,-0.040868056015663901,-0.094583027003776632
mahler,GPFA50,40,bounce,x,9,407,0.95690525699049211,0.95690525699049211,1.4642460203897691,1.4642460203897691,0,0
mahler,GPFA50,40,bounce,y,9,407,0.66096683724536687,0.62327297919503732,5.5255857986706749,5.810583244900287,-0.037693858050329543,-0.28499744622961209
mahler,GPFA50,40,no_bounce,x,31,1286,0.93744782182277175,0.93744782182277175,1.2464107201241379,1.2464107201241379,0,0
mahler,GPFA50,40,no_bounce,y,31,1286,0.4284942687852924,0.3549980942922451,3.7728865667164491,3.8434361066032281,-0.073496174493047295,-0.070549539886779034
mahler,GPFA50,40,post_bounce,x,9,202,0.96594370447754918,0.96594370447754918,0.86803615986124361,0.86803615986124361,0,0
mahler,GPFA50,40,post_bounce,y,9,202,0.72504810059015523,0.68716707124510634,4.9943295697628383,5.4627733908437692,-0.037881029345048889,-0.46844382108093097
mahler,FA50,41,full,x,40,1612,0.93168771715001719,0.93168771715001719,1.3642022609484283,1.3642022609484283,0,0
mahler,FA50,41,full,y,40,1612,0.46373613981345846,0.44252666016781567,4.8422921982019309,4.8252439036320798,-0.021209479645642793,0.01704829456985113
mahler,FA50,41,visible,x,40,934,0.80217217986714573,0.80217217986714573,1.5477053249315973,1.5477053249315973,0,0
mahler,FA50,41,visible,y,40,934,0.41136636093354551,0.39022665273496598,5.0087026522044473,5.0079015130978863,-0.021139708198579521,0.00080113910656098852
mahler,FA50,41,hidden,x,40,638,0.70685082943593514,0.70685082943593514,1.0741199312407734,1.0741199312407734,0,0
mahler,FA50,41,hidden,y,40,638,0.51532264881394674,0.49501753172065299,4.6476488400915716,4.6048781038198339,-0.020305117093293745,0.042770736271737775
mahler,FA50,41,bounce,x,12,575,0.91849428697720459,0.91849428697720459,1.5195878461146779,1.5195878461146779,0,0
mahler,FA50,41,bounce,y,12,575,0.56590280782689684,0.5484527325351235,6.2901119063396909,6.415687043023234,-0.017450075291773337,-0.12557513668354314
mahler,FA50,41,no_bounce,x,28,1037,0.94019050761861334,0.94019050761861334,1.2698755112009807,1.2698755112009807,0,0
mahler,FA50,41,no_bounce,y,28,1037,0.45076958671521627,0.42958736203548731,3.8093014765390958,3.6564843891631309,-0.021182224679728967,0.15281708737596489
mahler,FA50,41,post_bounce,x,12,313,0.88201557419027687,0.88201557419027687,1.1311666346882741,1.1311666346882741,0,0
mahler,FA50,41,post_bounce,y,12,313,0.67313563142956667,0.655919483765109,6.0420021140020008,6.2584797987825231,-0.017216147664457671,-0.21647768478052232
mahler,GPFA50,41,full,x,40,1612,0.93287070149572893,0.93287070149572893,1.3525794024903197,1.3525794024903197,0,0
mahler,GPFA50,41,full,y,40,1612,0.49580539358556747,0.4657274512134556,4.7522973436343712,4.7601455241767292,-0.030077942372111865,-0.0078481805423580298
mahler,GPFA50,41,visible,x,40,934,0.79656683646655002,0.79656683646655002,1.5602635486169119,1.5602635486169119,0,0
mahler,GPFA50,41,visible,y,40,934,0.43487312686403301,0.40497160313906289,4.950186815115992,4.9673567720021259,-0.029901523724970125,-0.017169956886133875
mahler,GPFA50,41,hidden,x,40,638,0.72365073242795508,0.72365073242795508,1.0128099189762183,1.0128099189762183,0,0
mahler,GPFA50,41,hidden,y,40,638,0.55676205049785266,0.52736691073605391,4.5104539467466314,4.5024213728899882,-0.02939513976179875,0.0080325738566431326
mahler,GPFA50,41,bounce,x,12,575,0.9130200316086573,0.9130200316086573,1.5862591256738698,1.5862591256738698,0,0
mahler,GPFA50,41,bounce,y,12,575,0.61899464671911741,0.57820717912690478,6.0987961811934213,6.2827469088985657,-0.040787467592212634,-0.18395072770514442
mahler,GPFA50,41,no_bounce,x,28,1037,0.94589587706417155,0.94589587706417155,1.2036115528383557,1.2036115528383557,0,0
mahler,GPFA50,41,no_bounce,y,28,1037,0.4623103284303971,0.44173782078945079,3.8056236598696604,3.6518396004021625,-0.020572507640946314,0.15378405946749796
mahler,GPFA50,41,post_bounce,x,12,313,0.89757661713459347,0.89757661713459347,1.0458590778808263,1.0458590778808263,0,0
mahler,GPFA50,41,post_bounce,y,12,313,0.75204389603651522,0.71895471289009505,5.6693164278708563,5.9491449784656059,-0.033089183146420176,-0.27982855059474954
mahler,FA50,42,full,x,40,1633,0.93569687270913238,0.93569687270913238,1.2719537481443934,1.2719537481443934,0,0
mahler,FA50,42,full,y,40,1633,0.57608822198131215,0.56224359368895405,4.6424814034776514,4.6252375212424086,-0.013844628292358108,0.017243882235242758
mahler,FA50,42,visible,x,40,933,0.79422918426127254,0.79422918426127254,1.4179895072134909,1.4179895072134909,0,0
mahler,FA50,42,visible,y,40,933,0.48766732761610798,0.46520410300931386,4.9675840860474487,5.0005068037502172,-0.022463224606794119,-0.032922717702768445
mahler,FA50,42,hidden,x,40,660,0.76764244736559262,0.76764244736559262,1.0362857641748053,1.0362857641748053,0,0
mahler,FA50,42,hidden,y,40,660,0.68140124654623202,0.67976212067978992,4.2099448717233887,4.1061017217153122,-0.0016391258664421038,0.10384315000807653
mahler,FA50,42,bounce,x,14,628,0.92558924437071288,0.92558924437071288,1.3613197634154477,1.3613197634154477,0,0
mahler,FA50,42,bounce,y,14,628,0.66268422097274016,0.66442909256008531,5.5855772828015482,5.7007588150828532,0.0017448715873451537,-0.11518153228130501
mahler,FA50,42,no_bounce,x,26,1005,0.94283958119534395,0.94283958119534395,1.2127726007738875,1.2127726007738875,0,0
mahler,FA50,42,no_bounce,y,26,1005,0.47576995437171304,0.43996829693451317,3.9401850638687312,3.8017180803576713,-0.035801657437199874,0.1384669835110599
mahler,FA50,42,post_bounce,x,14,345,0.92176885882876136,0.92176885882876136,1.1448010555211061,1.1448010555211061,0,0
mahler,FA50,42,post_bounce,y,14,345,0.73415497688154663,0.73891635509122811,5.3548620567771161,5.553560945207888,0.0047613782096814772,-0.19869888843077188
mahler,GPFA50,42,full,x,40,1633,0.93848358428375711,0.93848358428375711,1.2538924759407761,1.2538924759407761,0,0
mahler,GPFA50,42,full,y,40,1633,0.60470778555065086,0.59559822716096045,4.5517973304701709,4.51850216592275,-0.0091095583896904087,0.033295164547420875
mahler,GPFA50,42,visible,x,40,933,0.8071421636891104,0.8071421636891104,1.3835844154671406,1.3835844154671406,0,0
mahler,GPFA50,42,visible,y,40,933,0.51889827931522525,0.49694833047738024,4.8636508528194184,4.9001887887326259,-0.021949948837845012,-0.03653793591320742
mahler,GPFA50,42,hidden,x,40,660,0.77192134456430939,0.77192134456430939,1.0537373158755641,1.0537373158755641,0,0
mahler,GPFA50,42,hidden,y,40,660,0.71271651324957319,0.72088224209753515,4.1325598845222897,3.9744648916184735,0.0081657288479619616,0.15809499290381623
mahler,GPFA50,42,bounce,x,14,628,0.92150429578646464,0.92150429578646464,1.413935867234414,1.413935867234414,0,0
mahler,GPFA50,42,bounce,y,14,628,0.67643547038877994,0.68424164428517631,5.3232154464683044,5.4076982340779507,0.0078061738963963734,-0.084482787609646337
mahler,GPFA50,42,no_bounce,x,26,1005,0.95099298658120435,0.95099298658120435,1.1425603975658654,1.1425603975658654,0,0
mahler,GPFA50,42,no_bounce,y,26,1005,0.49701026678123478,0.45877731249628534,3.9948346744048089,3.8602458661466579,-0.038232954284949439,0.134588808258151
mahler,GPFA50,42,post_bounce,x,14,345,0.92595779688031643,0.92595779688031643,1.1134420273200722,1.1134420273200722,0,0
mahler,GPFA50,42,post_bounce,y,14,345,0.75661008515415784,0.77000400966136673,4.9971455203092336,5.1137553900354762,0.013393924507208887,-0.11660986972624254
mahler,FA50,43,full,x,39,1674,0.93021796115921029,0.93021796115921029,1.4095426241162563,1.4095426241162563,0,0
mahler,FA50,43,full,y,39,1674,0.47961217720760235,0.45611981960054049,4.6101410347687164,4.6378214351344305,-0.023492357607061864,-0.027680400365714064
mahler,FA50,43,visible,x,39,983,0.79402171348298078,0.79402171348298078,1.6247576596121776,1.6247576596121776,0,0
mahler,FA50,43,visible,y,39,983,0.33010948238016152,0.30887963364042303,5.0119124642160218,5.0497768360533,-0.021229848739738488,-0.037864371837278199
mahler,FA50,43,hidden,x,39,652,0.79268146587853261,0.79268146587853261,1.0179916379264966,1.0179916379264966,0,0
mahler,FA50,43,hidden,y,39,652,0.64613405388441014,0.62712116771155524,3.9919948278400961,4.0046873173175079,-0.019012886172854904,-0.012692489477411861
mahler,FA50,43,bounce,x,13,586,0.93688588586225874,0.93688588586225874,1.4772507844775131,1.4772507844775131,0,0
mahler,FA50,43,bounce,y,13,586,0.6311424406305467,0.61457807317014701,5.4829677010971691,5.6678683903311704,-0.016564367460399687,-0.18490068923400127
mahler,FA50,43,no_bounce,x,26,1088,0.92838516542526484,0.92838516542526484,1.3716906951708174,1.3716906951708174,0,0
mahler,FA50,43,no_bounce,y,26,1088,0.34872879142956537,0.31480490209869039,4.063072629778258,3.9739063822376446,-0.033923889330874979,0.089166247540613419
mahler,FA50,43,post_bounce,x,13,322,0.92615628291737051,0.92615628291737051,1.2139363053400378,1.2139363053400378,0,0
mahler,FA50,43,post_bounce,y,13,322,0.67086143227468042,0.65991700444613322,5.3002825811467895,5.5374003560359304,-0.01094442782854721,-0.23711777488914088
mahler,GPFA50,43,full,x,39,1674,0.93886799310341129,0.93886799310341129,1.3281542664232133,1.3281542664232133,0,0
mahler,GPFA50,43,full,y,39,1674,0.52910664865358903,0.51603085368641832,4.4362162159619931,4.4206714641439202,-0.013075794967170706,0.015544751818072911
mahler,GPFA50,43,visible,x,39,983,0.81947422798607772,0.81947422798607772,1.5404334259057186,1.5404334259057186,0,0
mahler,GPFA50,43,visible,y,39,983,0.36695312246055106,0.35882909469833724,4.9078886418357612,4.8903629588876409,-0.0081240277622138257,0.017525682948120291
mahler,GPFA50,43,hidden,x,39,652,0.81666971357715823,0.81666971357715823,0.94177558841822195,0.94177558841822195,0,0
mahler,GPFA50,43,hidden,y,39,652,0.7094419099179724,0.69785095181254941,3.668347489008279,3.654046559449204,-0.011590958105422988,0.014300929559075026
mahler,GPFA50,43,bounce,x,13,586,0.94680627166537901,0.94680627166537901,1.3917892278332098,1.3917892278332098,0,0
mahler,GPFA50,43,bounce,y,13,586,0.6523142303887004,0.6559841193509236,5.3079604996831318,5.4066179025073691,0.0036698889622232,-0.098657402824237295
mahler,GPFA50,43,no_bounce,x,26,1088,0.93680509560660497,0.93680509560660497,1.2925828691535086,1.2925828691535086,0,0
mahler,GPFA50,43,no_bounce,y,26,1088,0.40101861751252449,0.37037485896913602,3.8865008868986588,3.7846683919115001,-0.030643758543388466,0.10183249498715874
mahler,GPFA50,43,post_bounce,x,13,322,0.94427410658424005,0.94427410658424005,1.0771487341993382,1.0771487341993382,0,0
mahler,GPFA50,43,post_bounce,y,13,322,0.71656491840116721,0.71197035689811283,4.9462848238582504,5.1492446808072598,-0.0045945615030543729,-0.20295985694900942
mahler,FA50,44,full,x,40,1803,0.92705913548914753,0.92705913548914753,1.3702358511443811,1.3702358511443811,0,0
mahler,FA50,44,full,y,40,1803,0.50338305396828953,0.48060045708454507,4.4385141928177045,4.489909370713856,-0.022782596883744455,-0.051395177896151445
mahler,FA50,44,visible,x,40,1035,0.79433125298992635,0.79433125298992635,1.466711523622815,1.466711523622815,0,0
mahler,FA50,44,visible,y,40,1035,0.4788122825920369,0.4595530955964176,4.3964521896688025,4.4464203301616356,-0.019259186995619293,-0.049968140492833157
mahler,FA50,44,hidden,x,40,728,0.69110913327985557,0.69110913327985557,1.2339836363836436,1.2339836363836436,0,0
mahler,FA50,44,hidden,y,40,728,0.52251322790126697,0.49488665314222374,4.5461088922419837,4.6009402304927312,-0.027626574759043232,-0.054831338250747486
mahler,FA50,44,bounce,x,13,667,0.93353312935063748,0.93353312935063748,1.2994857242849547,1.2994857242849547,0,0
mahler,FA50,44,bounce,y,13,667,0.55605304532703748,0.55111485787652625,5.8065424804806884,5.969562385053842,-0.0049381874505112222,-0.16301990457315352
mahler,FA50,44,no_bounce,x,27,1136,0.92499657479443298,0.92499657479443298,1.4101236202710214,1.4101236202710214,0,0
mahler,FA50,44,no_bounce,y,27,1136,0.50752176747268563,0.46693148705405824,3.3869190976068739,3.3275151546224335,-0.040590280418627389,0.059403942984440405
mahler,FA50,44,post_bounce,x,13,325,0.89081847188016072,0.89081847188016072,1.4091854514468829,1.4091854514468829,0,0
mahler,FA50,44,post_bounce,y,13,325,0.59253828101872963,0.59417749863762126,5.9802003589719339,6.2431072443072972,0.0016392176188916308,-0.26290688533536333
mahler,GPFA50,44,full,x,40,1803,0.93538081930004857,0.93538081930004857,1.3033879814954192,1.3033879814954192,0,0
mahler,GPFA50,44,full,y,40,1803,0.52324442680812366,0.4911028198336066,4.3811317921798594,4.4724749784929427,-0.032141606974517067,-0.091343186313083358
mahler,GPFA50,44,visible,x,40,1035,0.8101883125362046,0.8101883125362046,1.4180591642658416,1.4180591642658416,0,0
mahler,GPFA50,44,visible,y,40,1035,0.49172177245911419,0.46274368228720075,4.3639675220902454,4.4484125272650115,-0.02897809017191344,-0.084445005174766052
mahler,GPFA50,44,hidden,x,40,728,0.74690557471870989,0.74690557471870989,1.12892614419834,1.12892614419834,0,0
mahler,GPFA50,44,hidden,y,40,728,0.55205972128342085,0.51545887235096843,4.4448116332004401,4.5466167736034544,-0.036600848932452412,-0.10180514040301425
mahler,GPFA50,44,bounce,x,13,667,0.94346885025701388,0.94346885025701388,1.2219899103157179,1.2219899103157179,0,0
mahler,GPFA50,44,bounce,y,13,667,0.56240935125089009,0.54732649102383502,5.7413058453620875,5.9284161584356792,-0.015082860227055073,-0.18711031307359161
mahler,GPFA50,44,no_bounce,x,27,1136,0.9322203572830885,0.9322203572830885,1.3488939440261427,1.3488939440261427,0,0
mahler,GPFA50,44,no_bounce,y,27,1136,0.53415302022373001,0.48095235646754092,3.3332118160213056,3.3334369123317824,-0.053200663756189093,-0.00022509631047684664
mahler,GPFA50,44,post_bounce,x,13,325,0.91200339860146729,0.91200339860146729,1.3082878076712998,1.3082878076712998,0,0
mahler,GPFA50,44,post_bounce,y,13,325,0.58829547682200378,0.57983575304363999,5.8809391484853464,6.156833777363822,-0.0084597237783637924,-0.2758946288784756
mahler,FA50,45,full,x,40,1714,0.92046240178681271,0.92046240178681271,1.4253653793395573,1.4253653793395573,0,0
mahler,FA50,45,full,y,40,1714,0.46122156827379751,0.43503137006550979,4.291045477123463,4.2783399977666736,-0.026190198208287718,0.01270547935678934
mahler,FA50,45,visible,x,40,986,0.75082665630827272,0.75082665630827272,1.6231437126914332,1.6231437126914332,0,0
mahler,FA50,45,visible,y,40,986,0.41142360511918541,0.39727862371540784,4.7049708878628085,4.7270644349800266,-0.014144981403777568,-0.022093547117218115
mahler,FA50,45,hidden,x,40,688,0.76389193223422791,0.76389193223422791,1.0900360854900497,1.0900360854900497,0,0
mahler,FA50,45,hidden,y,40,688,0.52844861956661637,0.49285613459014427,3.7159995237899306,3.6411635451800612,-0.035592484976472105,0.074835978609869347
mahler,FA50,45,bounce,x,9,421,0.93154212411845538,0.93154212411845538,1.3765634920782088,1.3765634920782088,0,0
mahler,FA50,45,bounce,y,9,421,0.56395930971240871,0.5418943644080324,5.7855820175749608,5.8298974899709766,-0.022064945304376304,-0.044315472396015743
mahler,FA50,45,no_bounce,x,31,1293,0.91792007225352967,0.91792007225352967,1.4408985856605787,1.4408985856605787,0,0
mahler,FA50,45,no_bounce,y,31,1293,0.42243616187099131,0.39107539823633997,3.6755382018492915,3.6328572034787046,-0.031360763634651345,0.04268099837058692
mahler,FA50,45,post_bounce,x,9,278,0.93232968785502113,0.93232968785502113,1.142012152748684,1.142012152748684,0,0
mahler,FA50,45,post_bounce,y,9,278,0.59040094357779171,0.56649832711878412,5.5464323008459919,5.5793321168188861,-0.023902616459007597,-0.032899815972894153
mahler,GPFA50,45,full,x,40,1714,0.92889162847026741,0.92889162847026741,1.3523192019067094,1.3523192019067094,0,0
mahler,GPFA50,45,full,y,40,1714,0.53788764115856291,0.51448292235413506,4.0602144653619545,4.0481911134276105,-0.023404718804427849,0.012023351934344007
mahler,GPFA50,45,visible,x,40,986,0.78472471072702088,0.78472471072702088,1.525650330503912,1.525650330503912,0,0
mahler,GPFA50,45,visible,y,40,986,0.47276600021106774,0.46238800957842402,4.5325641944085637,4.5454775838163641,-0.010377990632643719,-0.012913389407800402
mahler,GPFA50,45,hidden,x,40,688,0.78089371341626446,0.78089371341626446,1.0700543848784212,1.0700543848784212,0,0
mahler,GPFA50,45,hidden,y,40,688,0.63396016460534399,0.60455293186538406,3.3609782871391163,3.2996998159367705,-0.029407232739959932,0.061278471202345752
mahler,GPFA50,45,bounce,x,9,421,0.9392664318766244,0.9392664318766244,1.3019078614842627,1.3019078614842627,0,0
mahler,GPFA50,45,bounce,y,9,421,0.63840335544352755,0.61664442488440385,5.4163187933059458,5.4788241343867501,-0.021758930559123701,-0.0625053410808043
mahler,GPFA50,45,no_bounce,x,31,1293,0.92702128561367347,0.92702128561367347,1.368332359027755,1.368332359027755,0,0
mahler,GPFA50,45,no_bounce,y,31,1293,0.48519456527856841,0.45649874009440972,3.5072794629677095,3.4568832175292044,-0.028695825184158696,0.050396245438505183
mahler,GPFA50,45,post_bounce,x,9,278,0.93798482556841456,0.93798482556841456,1.089728655929965,1.089728655929965,0,0
mahler,GPFA50,45,post_bounce,y,9,278,0.66687118610449769,0.64113265824168664,5.147513163652242,5.2103186441688383,-0.025738527862811056,-0.06280548051659629
mahler,FA50,46,full,x,39,1648,0.9292830377218837,0.9292830377218837,1.334069822203833,1.334069822203833,0,0
mahler,FA50,46,full,y,39,1648,0.49455143143700026,0.46189512140391098,4.1462632656069296,4.2426969132309873,-0.032656310033089275,-0.096433647624057706
mahler,FA50,46,visible,x,39,947,0.77885071181531751,0.77885071181531751,1.4823930989622702,1.4823930989622702,0,0
mahler,FA50,46,visible,y,39,947,0.40674328590316283,0.38846746473724464,4.2080998278431974,4.2261379755707376,-0.018275821165918194,-0.018038147727540199
mahler,FA50,46,hidden,x,39,662,0.70831274458626381,0.70831274458626381,1.1061254642490856,1.1061254642490856,0,0
mahler,FA50,46,hidden,y,39,662,0.58733160172574128,0.54107998538588276,4.1130663605456732,4.3224621500372908,-0.046251616339858526,-0.20939578949161763
mahler,FA50,46,bounce,x,8,382,0.92687714356465967,0.92687714356465967,1.3677849602105459,1.3677849602105459,0,0
mahler,FA50,46,bounce,y,8,382,0.60657767024045739,0.57400407141974885,5.4198260262138787,5.871014906583456,-0.032573598820708538,-0.45118888036957738
mahler,FA50,46,no_bounce,x,31,1266,0.93026299527750678,0.93026299527750678,1.3237280575241366,1.3237280575241366,0,0
mahler,FA50,46,no_bounce,y,31,1266,0.44841705412482846,0.41874584082821709,3.6763328773991431,3.6098971523090593,-0.029671213296611376,0.066435725090083775
mahler,FA50,46,post_bounce,x,8,171,0.87872759036836656,0.87872759036836656,1.2968550211950647,1.2968550211950647,0,0
mahler,FA50,46,post_bounce,y,8,171,0.65805657739585732,0.62414093284101058,5.5227349047122054,6.3282584840694431,-0.033915644554846747,-0.80552357935723773
mahler,GPFA50,46,full,x,39,1648,0.93591163152487844,0.93591163152487844,1.2780777992010617,1.2780777992010617,0,0
mahler,GPFA50,46,full,y,39,1648,0.53430569096854419,0.50311526903222514,3.9989965214504641,4.1007954569120839,-0.031190421936319046,-0.10179893546161978
mahler,GPFA50,46,visible,x,39,947,0.79379770994065291,0.79379770994065291,1.4401924110407807,1.4401924110407807,0,0
mahler,GPFA50,46,visible,y,39,947,0.42429325588414118,0.40130635643702373,4.156478244549219,4.190771695937034,-0.022986899447117459,-0.034293451387815033
mahler,GPFA50,46,hidden,x,39,662,0.74957190725049549,0.74957190725049549,1.0218138314042695,1.0218138314042695,0,0
mahler,GPFA50,46,hidden,y,39,662,0.6517767072675229,0.61405653006353589,3.8263263622061978,4.0286797596009256,-0.037720177203987015,-0.2023533973947278
mahler,GPFA50,46,bounce,x,8,382,0.9384723846148052,0.9384723846148052,1.2796355172153104,1.2796355172153104,0,0
mahler,GPFA50,46,bounce,y,8,382,0.6726998200431179,0.6410042415463697,5.0715817824861009,5.5156027169045858,-0.0316955784967482,-0.44402093441848489
mahler,GPFA50,46,no_bounce,x,31,1266,0.93555900910641887,0.93555900910641887,1.2776074038665446,1.2776074038665446,0,0
mahler,GPFA50,46,no_bounce,y,31,1266,0.46441727671165062,0.42958558982239403,3.6133607650924491,3.5652875908988677,-0.034831686889256586,0.048073174193581369
mahler,GPFA50,46,post_bounce,x,8,171,0.90015633458756239,0.90015633458756239,1.2185817698938965,1.2185817698938965,0,0
mahler,GPFA50,46,post_bounce,y,8,171,0.72356490424351083,0.69285482079849769,5.1912020206406719,5.9810658812051232,-0.030710083445013137,-0.78986386056445124
mahler,FA50,47,full,x,40,1706,0.93533692244417133,0.93533692244417133,1.2506113977595381,1.2506113977595381,0,0
mahler,FA50,47,full,y,40,1706,0.44271146932650385,0.42218423047549208,5.075333361962751,5.07673028623487,-0.020527238851011764,-0.0013969242721190156
mahler,FA50,47,visible,x,40,964,0.81415036494187931,0.81415036494187931,1.3243231233556039,1.3243231233556039,0,0
mahler,FA50,47,visible,y,40,964,0.42461055423852312,0.40330703784943817,5.5811890618501696,5.6358373049703294,-0.021303516389084953,-0.054648243120159812
mahler,FA50,47,hidden,x,40,702,0.7104774177445885,0.7104774177445885,1.1444241535916027,1.1444241535916027,0,0
mahler,FA50,47,hidden,y,40,702,0.56631596005219598,0.56685820974577628,4.324823795329098,4.2323652643170755,0.00054224969358029895,0.092458531012022505
mahler,FA50,47,bounce,x,13,585,0.94709480107561106,0.94709480107561106,1.1133445189600402,1.1133445189600402,0,0
mahler,FA50,47,bounce,y,13,585,0.49602642375792305,0.48018448172152939,6.6476303462017707,6.7431828443690325,-0.015841942036393664,-0.095552498167261746
mahler,FA50,47,no_bounce,x,27,1121,0.92962396244020074,0.92962396244020074,1.316574055024279,1.316574055024279,0,0
mahler,FA50,47,no_bounce,y,27,1121,0.30637440502831637,0.26243438483079196,4.0174841129843406,3.9362461254080756,-0.04394002019752441,0.081237987576264992
mahler,FA50,47,post_bounce,x,13,300,0.91841764292038652,0.91841764292038652,1.0575317440746921,1.0575317440746921,0,0
mahler,FA50,47,post_bounce,y,13,300,0.52447736771672127,0.54663299999261727,6.5095507309974296,6.5725133802656623,0.022155632275896009,-0.062962649268232695
mahler,GPFA50,47,full,x,40,1706,0.94231289684263775,0.94231289684263775,1.1874239560950823,1.1874239560950823,0,0
mahler,GPFA50,47,full,y,40,1706,0.50607805957570318,0.49254847118285622,4.9206995100270321,4.9253662292348119,-0.013529588392846958,-0.0046667192077798347
mahler,GPFA50,47,visible,x,40,964,0.84309446498799734,0.84309446498799734,1.2302573950064173,1.2302573950064173,0,0
mahler,GPFA50,47,visible,y,40,964,0.45995396831603641,0.44293915020841168,5.5139615975286267,5.5690543849760621,-0.01701481810762473,-0.055092787447435398
mahler,GPFA50,47,hidden,x,40,702,0.71704444130557288,0.71704444130557288,1.1287968604643488,1.1287968604643488,0,0
mahler,GPFA50,47,hidden,y,40,702,0.66408536269196794,0.67408276682858703,4.0152985903975136,3.9217032907262648,0.0099974041366190924,0.093595299671248799
mahler,GPFA50,47,bounce,x,13,585,0.9569601462262245,0.9569601462262245,1.0062968504754597,1.0062968504754597,0,0
mahler,GPFA50,47,bounce,y,13,585,0.57426476944573224,0.56289842229381148,6.4746064582606246,6.5745726449908215,-0.011366347151920753,-0.09996618673019686
mahler,GPFA50,47,no_bounce,x,27,1121,0.93552475706766725,0.93552475706766725,1.2717432566257287,1.2717432566257287,0,0
mahler,GPFA50,47,no_bounce,y,27,1121,0.35662533737103835,0.31614624060154672,3.8694522424216888,3.7897018110986727,-0.040479096769491629,0.07975043132301618
mahler,GPFA50,47,post_bounce,x,13,300,0.93711624609073019,0.93711624609073019,0.92752890750213923,0.92752890750213923,0,0
mahler,GPFA50,47,post_bounce,y,13,300,0.62842111105579124,0.65088622678757302,6.1862596272804309,6.2465327340153536,0.022465115731781782,-0.060273106734922699
mahler,FA50,48,full,x,39,1696,0.9237161955144505,0.9237161955144505,1.3910899865447812,1.3910899865447812,0,0
mahler,FA50,48,full,y,39,1696,0.46316248109763458,0.42888702112269755,4.5975477867754782,4.645082711179942,-0.034275459974937028,-0.04753492440446383
mahler,FA50,48,visible,x,39,973,0.78520121728652958,0.78520121728652958,1.4929380295783681,1.4929380295783681,0,0
mahler,FA50,48,visible,y,39,973,0.35827974094644433,0.32689464044470223,4.8618940100679122,4.894122682166886,-0.031385100501742091,-0.032228672098973732
mahler,FA50,48,hidden,x,39,684,0.69982563007536724,0.69982563007536724,1.2470175769412482,1.2470175769412482,0,0
mahler,FA50,48,hidden,y,39,684,0.58281445086681372,0.55118409765207288,4.240607461403135,4.3131788389710808,-0.031630353214740836,-0.072571377567945738
mahler,FA50,48,bounce,x,11,525,0.91870121379194314,0.91870121379194314,1.5044229453117719,1.5044229453117719,0,0
mahler,FA50,48,bounce,y,11,525,0.59532905236106937,0.568075881350806,5.6936160394301449,5.950717908336542,-0.027253171010263366,-0.25710186890639708
mahler,FA50,48,no_bounce,x,28,1171,0.92717090937301472,0.92717090937301472,1.3371638420721337,1.3371638420721337,0,0
mahler,FA50,48,no_bounce,y,28,1171,0.37753700273481772,0.34313618581004257,4.0100263359645867,3.921022594099457,-0.034400816924775146,0.089003741865129715
mahler,FA50,48,post_bounce,x,11,272,0.90431759060838024,0.90431759060838024,1.361827347882951,1.361827347882951,0,0
mahler,FA50,48,post_bounce,y,11,272,0.6291051079711053,0.60207171258448355,5.5156468415210691,5.9183947919014654,-0.02703339538662175,-0.40274795038039635
mahler,GPFA50,48,full,x,39,1696,0.92576979359228206,0.92576979359228206,1.3725707935766382,1.3725707935766382,0,0
mahler,GPFA50,48,full,y,39,1696,0.49758710658592192,0.45135266020893894,4.4785782601659587,4.5557224061194068,-0.046234446376982985,-0.077144145953448096
mahler,GPFA50,48,visible,x,39,973,0.78722385741380763,0.78722385741380763,1.4845045582090413,1.4845045582090413,0,0
mahler,GPFA50,48,visible,y,39,973,0.40660696295676713,0.36418379354943864,4.7108358293638775,4.7679996605472423,-0.042423169407328487,-0.057163831183364877
mahler,GPFA50,48,hidden,x,39,684,0.71286820324903577,0.71286820324903577,1.2179969417785863,1.2179969417785863,0,0
mahler,GPFA50,48,hidden,y,39,684,0.60360154290084134,0.56100282295397341,4.1671193055524052,4.2771786745562963,-0.042598719946867925,-0.11005936900389113
mahler,GPFA50,48,bounce,x,11,525,0.90903892644673889,0.90903892644673889,1.5757842268787239,1.5757842268787239,0,0
mahler,GPFA50,48,bounce,y,11,525,0.66143877966699682,0.6158149692424878,5.4567290955412995,5.8183887872449063,-0.045623810424509026,-0.36165969170360679
mahler,GPFA50,48,no_bounce,x,28,1171,0.93470533299159098,0.93470533299159098,1.2709574738625762,1.2709574738625762,0,0
mahler,GPFA50,48,no_bounce,y,28,1171,0.37442137522575658,0.33848195539091558,3.9624037292921397,3.857700232861069,-0.035939419834841002,0.10470349643107069
mahler,GPFA50,48,post_bounce,x,11,272,0.91053769890843683,0.91053769890843683,1.3231839476279914,1.3231839476279914,0,0
mahler,GPFA50,48,post_bounce,y,11,272,0.69515553869996938,0.65672090280359507,5.1729656847464929,5.7010680897297767,-0.038434635896374303,-0.52810240498328387
mahler,FA50,49,full,x,40,1783,0.92828614000052057,0.92828614000052057,1.3485894967932588,1.3485894967932588,0,0
mahler,FA50,49,full,y,40,1783,0.46080608469883222,0.43036679901345348,4.6711601557349587,4.7139416144914783,-0.030439285685378736,-0.042781458756519619
mahler,FA50,49,visible,x,40,1020,0.79724853097274717,0.79724853097274717,1.4725401016189625,1.4725401016189625,0,0
mahler,FA50,49,visible,y,40,1020,0.4808594724245176,0.46419861806860341,4.5931695033376831,4.6276646241816382,-0.01666085435591419,-0.034495120843955007
mahler,FA50,49,hidden,x,40,723,0.72012086593152536,0.72012086593152536,1.1651453461831109,1.1651453461831109,0,0
mahler,FA50,49,hidden,y,40,723,0.4265675405044474,0.3853966666178244,4.8310389223896708,4.8874421749877373,-0.041170873886622994,-0.056403252598066445
mahler,FA50,49,bounce,x,14,668,0.92775689467764288,0.92775689467764288,1.3208261727727433,1.3208261727727433,0,0
mahler,FA50,49,bounce,y,14,668,0.50056577290788096,0.47635719598332288,6.090983694416308,6.2936406572779635,-0.024208576924558078,-0.20265696286165547
mahler,FA50,49,no_bounce,x,26,1115,0.93019168546184516,0.93019168546184516,1.3649521142296517,1.3649521142296517,0,0
mahler,FA50,49,no_bounce,y,26,1115,0.45249796619745503,0.41944410810740845,3.5588248688146638,3.4356426553368475,-0.033053858090046573,0.12318221347781622
mahler,FA50,49,post_bounce,x,14,366,0.8996966350324942,0.8996966350324942,1.2627219492068487,1.2627219492068487,0,0
mahler,FA50,49,post_bounce,y,14,366,0.54085792399084776,0.50348806542550106,5.9838835381046636,6.3446575032852284,-0.037369858565346692,-0.36077396518056482
mahler,GPFA50,49,full,x,40,1783,0.93258067687354163,0.93258067687354163,1.3084902090436976,1.3084902090436976,0,0
mahler,GPFA50,49,full,y,40,1783,0.49338348684882388,0.46120875507074266,4.5701526975523139,4.6203301492052393,-0.032174731778081223,-0.05017745165292542
mahler,GPFA50,49,visible,x,40,1020,0.81561161118864212,0.81561161118864212,1.42098864202502,1.42098864202502,0,0
mahler,GPFA50,49,visible,y,40,1020,0.49325119992620442,0.47471378299382944,4.5611730634610588,4.5966051993165902,-0.018537416932374984,-0.035432135855531399
mahler,GPFA50,49,hidden,x,40,723,0.72798105056626783,0.72798105056626783,1.1535336721021987,1.1535336721021987,0,0
mahler,GPFA50,49,hidden,y,40,723,0.48899174282705643,0.44746895759559563,4.6256348846275408,4.6967854142686809,-0.041522785231460801,-0.071150529641140103
mahler,GPFA50,49,bounce,x,14,668,0.92470390909719757,0.92470390909719757,1.3301989136106827,1.3301989136106827,0,0
mahler,GPFA50,49,bounce,y,14,668,0.50453538389325525,0.48055030073720456,6.0735425288772538,6.2809608247864732,-0.023985083156050691,-0.20741829590921945
mahler,GPFA50,49,no_bounce,x,26,1115,0.93757140931965921,0.93757140931965921,1.2953101898998034,1.2953101898998034,0,0
mahler,GPFA50,49,no_bounce,y,26,1115,0.52364617865205465,0.48686677207090023,3.3614986252870453,3.2406597571334346,-0.036779406581154417,0.12083886815361078
mahler,GPFA50,49,post_bounce,x,14,366,0.88764238640477688,0.88764238640477688,1.2848950374070429,1.2848950374070429,0,0
mahler,GPFA50,49,post_bounce,y,14,366,0.56785372158041114,0.52922638323330351,5.8750878007049909,6.2577981390038149,-0.038627338347107631,-0.38271033829882395
mahler,FA50,50,full,x,39,1701,0.92854159914329426,0.92854159914329426,1.3604196756281317,1.3604196756281317,0,0
mahler,FA50,50,full,y,39,1701,0.46415741209503913,0.4421192428943711,4.8864495043955616,4.9442904974246078,-0.022038169200668034,-0.057840993029046217
mahler,FA50,50,visible,x,39,962,0.80777671028898734,0.80777671028898734,1.3520271999113787,1.3520271999113787,0,0
mahler,FA50,50,visible,y,39,962,0.40792519051828047,0.40296001386246344,5.0478785153060528,5.0391638683261553,-0.0049651766558170274,0.0087146469798975446
mahler,FA50,50,hidden,x,39,700,0.65741320389533575,0.65741320389533575,1.3763490642702023,1.3763490642702023,0,0
mahler,FA50,50,hidden,y,39,700,0.52093756594194529,0.47700982502517497,4.6904024943419511,4.8484623139798932,-0.043927740916770319,-0.15805981963794213
mahler,FA50,50,bounce,x,14,650,0.91466788274317801,0.91466788274317801,1.4757475893766969,1.4757475893766969,0,0
mahler,FA50,50,bounce,y,14,650,0.48225290017601108,0.48125036922978848,6.291794693456211,6.5183298951444417,-0.0010025309462226017,-0.22653520168823071
mahler,FA50,50,no_bounce,x,25,1051,0.93750240816737351,0.93750240816737351,1.2839199851862513,1.2839199851862513,0,0
mahler,FA50,50,no_bounce,y,25,1051,0.46726278043373132,0.42882149420750065,3.7632222939094788,3.6451882302957856,-0.038441286226230664,0.11803406361369317
mahler,FA50,50,post_bounce,x,14,333,0.88224146391896596,0.88224146391896596,1.5271656084423806,1.5271656084423806,0,0
mahler,FA50,50,post_bounce,y,14,333,0.53167299535725698,0.53095481691373769,6.213964557373945,6.6148642790909093,-0.00071817844351929061,-0.40089972171696431
mahler,GPFA50,50,full,x,39,1701,0.93369292202808174,0.93369292202808174,1.3363441826243476,1.3363441826243476,0,0
mahler,GPFA50,50,full,y,39,1701,0.48802685110641097,0.46338352135628608,4.8534332678499394,4.9282244745614978,-0.024643329750124898,-0.074791206711558367
mahler,GPFA50,50,visible,x,39,962,0.82215791140450023,0.82215791140450023,1.3300423885881734,1.3300423885881734,0,0
mahler,GPFA50,50,visible,y,39,962,0.42692911872900874,0.42017996446089517,5.0497590411109181,5.0478109476903636,-0.0067491542681135663,0.0019480934205544642
mahler,GPFA50,50,hidden,x,39,700,0.68460286225336697,0.68460286225336697,1.3519950911501246,1.3519950911501246,0,0
mahler,GPFA50,50,hidden,y,39,700,0.55807426277047778,0.51083285943840395,4.5884191249890103,4.7789607808300785,-0.047241403332073828,-0.19054165584106819
mahler,GPFA50,50,bounce,x,14,650,0.91785569998236016,0.91785569998236016,1.4700077391536384,1.4700077391536384,0,0
mahler,GPFA50,50,bounce,y,14,650,0.48359434413201202,0.48133388217868278,6.2639526443769009,6.4850561047511643,-0.0022604619533292403,-0.22110346037426343
mahler,GPFA50,50,no_bounce,x,25,1051,0.9441999759535048,0.9441999759535048,1.2465262265371315,1.2465262265371315,0,0
mahler,GPFA50,50,no_bounce,y,25,1051,0.511690902984685,0.46466043334378393,3.7225779697485764,3.6466806661967115,-0.047030469640901074,0.075897303551864859
mahler,GPFA50,50,post_bounce,x,14,333,0.88141570221081489,0.88141570221081489,1.5542133721953539,1.5542133721953539,0,0
mahler,GPFA50,50,post_bounce,y,14,333,0.54100556928592003,0.54102883948049718,6.1756846872654947,6.549316668632601,2.3270194577151848e-05,-0.37363198136710629
mahler,FA50,51,full,x,39,1627,0.93304101922170668,0.93304101922170668,1.2677123117619498,1.2677123117619498,0,0
mahler,FA50,51,full,y,39,1627,0.45961558948331893,0.43109988066083943,4.8561249272448084,4.8937519259185658,-0.028515708822479502,-0.037626998673757406
mahler,FA50,51,visible,x,39,929,0.81614820548773326,0.81614820548773326,1.3285625461433943,1.3285625461433943,0,0
mahler,FA50,51,visible,y,39,929,0.45812358619193666,0.43253753041936144,4.882647723652676,4.9233891190903414,-0.025586055772575222,-0.040741395437665417
mahler,FA50,51,hidden,x,39,659,0.67764339642739413,0.67764339642739413,1.192902909946866,1.192902909946866,0,0
mahler,FA50,51,hidden,y,39,659,0.46652273160553587,0.43369579708401601,4.8439460072005236,4.8802828096539326,-0.032826934521519857,-0.036336802453408978
mahler,FA50,51,bounce,x,15,711,0.9285664418605365,0.9285664418605365,1.3342949373394688,1.3342949373394688,0,0
mahler,FA50,51,bounce,y,15,711,0.50657237308718284,0.49336894220494365,5.9729004359238331,6.1445327531566072,-0.013203430882239187,-0.17163231723277406
mahler,FA50,51,no_bounce,x,24,916,0.93817468564383621,0.93817468564383621,1.2135150960089907,1.2135150960089907,0,0
mahler,FA50,51,no_bounce,y,24,916,0.44762572931293809,0.41276229072367721,3.7676111728124684,3.6376104906755571,-0.034863438589260887,0.13000068213691129
mahler,FA50,51,post_bounce,x,15,364,0.8983946106328401,0.8983946106328401,1.2351620572665809,1.2351620572665809,0,0
mahler,FA50,51,post_bounce,y,15,364,0.53619339305511049,0.52841582255287611,6.0635701504427013,6.3270099587124697,-0.0077775705022343766,-0.26343980826976843
mahler,GPFA50,51,full,x,39,1627,0.93640709023111013,0.93640709023111013,1.2366310454226654,1.2366310454226654,0,0
mahler,GPFA50,51,full,y,39,1627,0.51569616443544941,0.47542851835728617,4.6835523008352391,4.7720212268951769,-0.040267646078163244,-0.088468926059937836
mahler,GPFA50,51,visible,x,39,929,0.82915046528967351,0.82915046528967351,1.283658544641687,1.283658544641687,0,0
mahler,GPFA50,51,visible,y,39,929,0.49583448680049413,0.46106459947431816,4.7522432140900692,4.8260808329330764,-0.034769887326175974,-0.073837618843007213
mahler,GPFA50,51,hidden,x,39,659,0.67732648671838036,0.67732648671838036,1.1834296037366239,1.1834296037366239,0,0
mahler,GPFA50,51,hidden,y,39,659,0.53600326000214205,0.4886737637363146,4.6263780743603071,4.7368964010260628,-0.047329496265827442,-0.11051832666575567
mahler,GPFA50,51,bounce,x,15,711,0.9235198850934172,0.9235198850934172,1.3749008884925478,1.3749008884925478,0,0
mahler,GPFA50,51,bounce,y,15,711,0.55485120346820693,0.5306455732254729,5.7820598437479376,6.0061634361168226,-0.024205630242734033,-0.224103592368885
mahler,GPFA50,51,no_bounce,x,24,916,0.94768596587888443,0.94768596587888443,1.1175747071358899,1.1175747071358899,0,0
mahler,GPFA50,51,no_bounce,y,24,916,0.51506794007479373,0.46909346091990095,3.6072187334252566,3.5280742634098958,-0.045974479154892778,0.079144470015360735
mahler,GPFA50,51,post_bounce,x,15,364,0.89012408494242978,0.89012408494242978,1.2569086647400689,1.2569086647400689,0,0
mahler,GPFA50,51,post_bounce,y,15,364,0.62920291554750907,0.60360104754260302,5.6640315231208378,6.0111344229269701,-0.025601868004906048,-0.34710289980613229
mahler,FA50,52,full,x,40,1685,0.93151275478807627,0.93151275478807627,1.3964385697097648,1.3964385697097648,0,0
mahler,FA50,52,full,y,40,1685,0.48019622887025931,0.4701233614837218,4.7105304079855754,4.5989792690338955,-0.01007286738653751,0.1115511389516799
mahler,FA50,52,visible,x,40,975,0.80061847030165945,0.80061847030165945,1.5932357802082018,1.5932357802082018,0,0
mahler,FA50,52,visible,y,40,975,0.4515628759025006,0.42957597305429163,4.6565571653474658,4.6618424042228188,-0.021986902848208978,-0.0052852388753530377
mahler,FA50,52,hidden,x,40,670,0.72007300360150261,0.72007300360150261,1.0687048786511417,1.0687048786511417,0,0
mahler,FA50,52,hidden,y,40,670,0.49803780786601448,0.50632178074008904,4.8439046818025737,4.5641172316403233,0.0082839728740745633,0.27978745016225037
mahler,FA50,52,bounce,x,12,559,0.94381657160896471,0.94381657160896471,1.4384135665711817,1.4384135665711817,0,0
mahler,FA50,52,bounce,y,12,559,0.50955382599534194,0.51586056102875621,6.1890879482123262,6.1132475929936225,0.0063067350334142791,0.075840355218703692
mahler,FA50,52,no_bounce,x,28,1126,0.92877192330410385,0.92877192330410385,1.3751243341493635,1.3751243341493635,0,0
mahler,FA50,52,no_bounce,y,28,1126,0.47220539379331883,0.44862309731170585,3.7667611678549187,3.6190663871782323,-0.023582296481612974,0.1476947806766864
mahler,FA50,52,post_bounce,x,12,254,0.92154397997056181,0.92154397997056181,1.118031469396414,1.118031469396414,0,0
mahler,FA50,52,post_bounce,y,12,254,0.47195858601230056,0.50709245652394197,6.8035848742683109,6.5617871923493052,0.035133870511641407,0.24179768191900575
mahler,GPFA50,52,full,x,40,1685,0.9357954621702006,0.9357954621702006,1.3784014369260162,1.3784014369260162,0,0
mahler,GPFA50,52,full,y,40,1685,0.56787944489803954,0.55215127319575474,4.425586236458054,4.3325751221699429,-0.015728171702284799,0.093011114288111152
mahler,GPFA50,52,visible,x,40,975,0.80607883423218341,0.80607883423218341,1.5997914357511442,1.5997914357511442,0,0
mahler,GPFA50,52,visible,y,40,975,0.53034405323643286,0.50886980732820608,4.4283018287487508,4.4277691705247184,-0.021474245908226774,0.0005326582240323674
mahler,GPFA50,52,hidden,x,40,670,0.7447294029181073,0.7447294029181073,1.0044216028882911,1.0044216028882911,0,0
mahler,GPFA50,52,hidden,y,40,670,0.59551118527810409,0.59106482710660879,4.4875889672922913,4.2570662924920324,-0.0044463581714953015,0.2305226748002589
mahler,GPFA50,52,bounce,x,12,559,0.94890395665459493,0.94890395665459493,1.4854383032356893,1.4854383032356893,0,0
mahler,GPFA50,52,bounce,y,12,559,0.63394131290929601,0.63113446011535312,5.6678488724063589,5.6320482068968012,-0.0028068527939428822,0.035800665509557739
mahler,GPFA50,52,no_bounce,x,28,1126,0.93498262727281545,0.93498262727281545,1.322048125064001,1.322048125064001,0,0
mahler,GPFA50,52,no_bounce,y,28,1126,0.50297003316910383,0.47481643967938131,3.6552711699474609,3.5132358913448201,-0.028153593489722517,0.14203527860264087
mahler,GPFA50,52,post_bounce,x,12,254,0.94125449495955649,0.94125449495955649,1.0310152500709435,1.0310152500709435,0,0
mahler,GPFA50,52,post_bounce,y,12,254,0.63762537779609363,0.64537649358372895,6.0886272852075063,5.922983596655504,0.0077511157876353209,0.16564368855200229
mahler,FA50,53,full,x,40,1734,0.92764120222771629,0.92764120222771629,1.4383381174431875,1.4383381174431875,0,0
mahler,FA50,53,full,y,40,1734,0.52497931070948045,0.48598978664946052,4.5110129137286954,4.5345099353321983,-0.038989524060019931,-0.023497021603502866
mahler,FA50,53,visible,x,40,1011,0.77965288814348988,0.77965288814348988,1.6933220230288413,1.6933220230288413,0,0
mahler,FA50,53,visible,y,40,1011,0.43029183676402039,0.39259062447160009,4.8745622460578337,4.9254567352957679,-0.037701212292420294,-0.05089448923793416
mahler,FA50,53,hidden,x,40,683,0.80540167734258095,0.80540167734258095,0.96587636006229893,0.96587636006229893,0,0
mahler,FA50,53,hidden,y,40,683,0.63951637042947052,0.60766223488268178,3.9888905962657581,3.9644645513325867,-0.031854135546788731,0.024426044933171465
mahler,FA50,53,bounce,x,13,595,0.92998275459290969,0.92998275459290969,1.4539937907661507,1.4539937907661507,0,0
mahler,FA50,53,bounce,y,13,595,0.60137700475239741,0.56545918919822336,5.7439863561968307,5.9554274698565637,-0.03591781555417406,-0.21144111365973295
mahler,FA50,53,no_bounce,x,27,1139,0.92710277561929855,0.92710277561929855,1.4300916318812971,1.4300916318812971,0,0
mahler,FA50,53,no_bounce,y,27,1139,0.49184414963514733,0.45685073988409247,3.7073020960298324,3.5742706674158775,-0.03499340975105486,0.13303142861395489
mahler,FA50,53,post_bounce,x,13,338,0.92854645333280106,0.92854645333280106,1.1679194573700116,1.1679194573700116,0,0
mahler,FA50,53,post_bounce,y,13,338,0.65998675649486005,0.62584426387568604,5.3320016771027676,5.6059777368065191,-0.034142492619174014,-0.2739760597037515
mahler,GPFA50,53,full,x,40,1734,0.93664956040768521,0.93664956040768521,1.361391745853733,1.361391745853733,0,0
mahler,GPFA50,53,full,y,40,1734,0.5934055511205073,0.55147360944453949,4.2997579729816593,4.3230506989696247,-0.04193194167596781,-0.02329272598796539
mahler,GPFA50,53,visible,x,40,1011,0.81103635133267904,0.81103635133267904,1.6116357813221796,1.6116357813221796,0,0
mahler,GPFA50,53,visible,y,40,1011,0.50224015860686122,0.46289499806468404,4.7017692595993674,4.7399971600778539,-0.039345160542177182,-0.038227900478486454
mahler,GPFA50,53,hidden,x,40,683,0.83155192069319106,0.83155192069319106,0.89468654560631788,0.89468654560631788,0,0
mahler,GPFA50,53,hidden,y,40,683,0.7112306592625971,0.67536879672655459,3.6903447672742495,3.6869898469129296,-0.03586186253604251,0.0033549203613199019
mahler,GPFA50,53,bounce,x,13,595,0.9363207091667286,0.9363207091667286,1.4211070978454006,1.4211070978454006,0,0
mahler,GPFA50,53,bounce,y,13,595,0.68328766372130734,0.64600954011848455,5.4199258337248111,5.6540825005950071,-0.037278123602822788,-0.23415666687019598
mahler,GPFA50,53,no_bounce,x,27,1139,0.93800026206730092,0.93800026206730092,1.3291307624938122,1.3291307624938122,0,0
mahler,GPFA50,53,no_bounce,y,27,1139,0.54015700195846073,0.49752340654032323,3.5777543160159864,3.4280483916414606,-0.042633595418137493,0.14970592437452579
mahler,GPFA50,53,post_bounce,x,13,338,0.93779600195093515,0.93779600195093515,1.1014324689911172,1.1014324689911172,0,0
mahler,GPFA50,53,post_bounce,y,13,338,0.7441580978023018,0.709173354987505,4.9572540504890945,5.2510946412845527,-0.034984742814796799,-0.29384059079545821
mahler,FA50,54,full,x,39,1663,0.92912684273445634,0.92912684273445634,1.3676814188087669,1.3676814188087669,0,0
mahler,FA50,54,full,y,39,1663,0.57454174639301037,0.54462694674860457,4.7690413788560768,4.7828395762306775,-0.029914799644405798,-0.01379819737460064
mahler,FA50,54,visible,x,39,964,0.78859919829841985,0.78859919829841985,1.5619372730936731,1.5619372730936731,0,0
mahler,FA50,54,visible,y,39,964,0.58016440976365669,0.56537382628804445,4.801985392949474,4.785102419153767,-0.01479058347561224,0.016882973795707024
mahler,FA50,54,hidden,x,39,660,0.75686835568636579,0.75686835568636579,1.0488382797257665,1.0488382797257665,0,0
mahler,FA50,54,hidden,y,39,660,0.55090019517969679,0.50277669100850775,4.7820862359907101,4.839528196269181,-0.048123504171189047,-0.057441960278470816
mahler,FA50,54,bounce,x,14,668,0.9272490072700682,0.9272490072700682,1.3618948742403509,1.3618948742403509,0,0
mahler,FA50,54,bounce,y,14,668,0.60010439382236769,0.57510330147917466,6.1058557589834432,6.2778569194010156,-0.025001092343193032,-0.17200116041757241
mahler,FA50,54,no_bounce,x,25,995,0.93176176465225147,0.93176176465225147,1.3715525580415246,1.3715525580415246,0,0
mahler,FA50,54,no_bounce,y,25,995,0.57521601689863966,0.5500496225976772,3.6032984171369624,3.4313326207968888,-0.025166394300962458,0.17196579634007358
mahler,FA50,54,post_bounce,x,14,371,0.9119543506389961,0.9119543506389961,1.1558893543490194,1.1558893543490194,0,0
mahler,FA50,54,post_bounce,y,14,371,0.66135102418394742,0.63444330531713511,6.0054096235336392,6.2869266503924059,-0.026907718866812314,-0.28151702685876678
mahler,GPFA50,54,full,x,39,1663,0.93445496482694312,0.93445496482694312,1.322141466086602,1.322141466086602,0,0
mahler,GPFA50,54,full,y,39,1663,0.62385884623789756,0.59857713418046532,4.5645393060738799,4.5998454143894429,-0.025281712057432237,-0.035306108315563023
mahler,GPFA50,54,visible,x,39,964,0.80129844891797752,0.80129844891797752,1.5284201434825222,1.5284201434825222,0,0
mahler,GPFA50,54,visible,y,39,964,0.62430655273569458,0.61048400627848343,4.6067818639322242,4.6021742118656173,-0.013822546457211149,0.0046076520666069598
mahler,GPFA50,54,hidden,x,39,660,0.77961188628917599,0.77961188628917599,0.97771994013093699,0.97771994013093699,0,0
mahler,GPFA50,54,hidden,y,39,660,0.60977192623369014,0.57165246166368688,4.5612339885510123,4.6535316260439323,-0.038119464570003259,-0.092297637492920082
mahler,GPFA50,54,bounce,x,14,668,0.93536007201557059,0.93536007201557059,1.2952858033092507,1.2952858033092507,0,0
mahler,GPFA50,54,bounce,y,14,668,0.64116200577813243,0.62045198919212063,5.7992488177030967,5.9824927133884147,-0.020710016586011792,-0.18324389568531796
mahler,GPFA50,54,no_bounce,x,25,995,0.93509881839065623,0.93509881839065623,1.3398692350194252,1.3398692350194252,0,0
mahler,GPFA50,54,no_bounce,y,25,995,0.62596612366073068,0.60260246319642785,3.4991653145400554,3.3668273250940524,-0.023363660464302827,0.13233798944600306
mahler,GPFA50,54,post_bounce,x,14,371,0.9212650175320698,0.9212650175320698,1.0814680726042196,1.0814680726042196,0,0
mahler,GPFA50,54,post_bounce,y,14,371,0.70818802481571519,0.68805450170247895,5.6399366101858694,5.9655722013345311,-0.02013352311323624,-0.3256355911486617
mahler,FA50,55,full,x,40,1713,0.9322875422830581,0.9322875422830581,1.3036351144008484,1.3036351144008484,0,0
mahler,FA50,55,full,y,40,1713,0.47377278231669184,0.45455449318828961,4.8032280184643152,4.8804614345684234,-0.019218289128402233,-0.077233416104108166
mahler,FA50,55,visible,x,40,965,0.80076301707273201,0.80076301707273201,1.3820551581350358,1.3820551581350358,0,0
mahler,FA50,55,visible,y,40,965,0.39975370333814325,0.39234242046355705,5.1397734603291267,5.1553299565571065,-0.0074112828745862003,-0.015556496227979721
mahler,FA50,55,hidden,x,40,708,0.73468780840510139,0.73468780840510139,1.1930644929879108,1.1930644929879108,0,0
mahler,FA50,55,hidden,y,40,708,0.55676777614649742,0.52173271835135659,4.3477676241184406,4.5242953900120133,-0.035035057795140823,-0.17652776589357266
mahler,FA50,55,bounce,x,15,670,0.9306291794377044,0.9306291794377044,1.3601480113573536,1.3601480113573536,0,0
mahler,FA50,55,bounce,y,15,670,0.59157682475368545,0.56762789929978552,5.936406388374154,6.2383601589708162,-0.023948925453899927,-0.30195377059666217
mahler,FA50,55,no_bounce,x,25,1043,0.93553167712844254,0.93553167712844254,1.2660024422259293,1.2660024422259293,0,0
mahler,FA50,55,no_bounce,y,25,1043,0.33649057359589324,0.31591258871512334,3.9055489479972367,3.757676722382107,-0.020577984880769895,0.14787222561512969
mahler,FA50,55,post_bounce,x,15,374,0.9175969873598715,0.9175969873598715,1.2281261039967881,1.2281261039967881,0,0
mahler,FA50,55,post_bounce,y,15,374,0.65063992984999397,0.61521493612002542,5.6418293425978492,6.1355448426359374,-0.035424993729968546,-0.49371550003808817
mahler,GPFA50,55,full,x,40,1713,0.93990352471230876,0.93990352471230876,1.228722649369274,1.228722649369274,0,0
mahler,GPFA50,55,full,y,40,1713,0.50092334176045605,0.48711044416534721,4.7501532106634548,4.813138809360435,-0.013812897595108842,-0.062985598696980283
mahler,GPFA50,55,visible,x,40,965,0.82428940233974135,0.82428940233974135,1.3078504872252217,1.3078504872252217,0,0
mahler,GPFA50,55,visible,y,40,965,0.44185393124136807,0.43905257514039708,5.040495956412097,5.0442918016073737,-0.0028013561009709864,-0.0037958451952766481
mahler,GPFA50,55,hidden,x,40,708,0.75177639847053535,0.75177639847053535,1.1225075092245085,1.1225075092245085,0,0
mahler,GPFA50,55,hidden,y,40,708,0.56627716410793916,0.53786360003238542,4.3753781356494592,4.5320432501687327,-0.028413564075553732,-0.15666511451927345
mahler,GPFA50,55,bounce,x,15,670,0.93505676221915635,0.93505676221915635,1.3160211917392526,1.3160211917392526,0,0
mahler,GPFA50,55,bounce,y,15,670,0.62850638058558106,0.60504961715620986,5.8173104789824528,6.1098189700671801,-0.023456763429371197,-0.29250849108472732
mahler,GPFA50,55,no_bounce,x,25,1043,0.94618590157356686,0.94618590157356686,1.1692106614113555,1.1692106614113555,0,0
mahler,GPFA50,55,no_bounce,y,25,1043,0.35217807517216437,0.33942147174777526,3.9140475189779842,3.750724563683677,-0.012756603424389112,0.16332295529430718
mahler,GPFA50,55,post_bounce,x,15,374,0.92107447329713765,0.92107447329713765,1.188219275916135,1.188219275916135,0,0
mahler,GPFA50,55,post_bounce,y,15,374,0.68346390509118393,0.65373656157411564,5.5751985920016329,6.0375961043153925,-0.029727343517068294,-0.46239751231375958
mahler,FA50,56,full,x,39,1661,0.9370903755261103,0.9370903755261103,1.2415239812680874,1.2415239812680874,0,0
mahler,FA50,56,full,y,39,1661,0.55013084885498287,0.53149765055120757,4.6344868315578625,4.6192143173909059,-0.0186331983037753,0.015272514166956519
mahler,FA50,56,visible,x,39,948,0.78917414487302595,0.78917414487302595,1.4312159990142566,1.4312159990142566,0,0
mahler,FA50,56,visible,y,39,948,0.4806241821725587,0.45251950854279416,4.9407409552383061,4.9858587951280287,-0.028104673629764543,-0.045117839889722511
mahler,FA50,56,hidden,x,39,674,0.79554260805362931,0.79554260805362931,0.9253789427166117,0.9253789427166117,0,0
mahler,FA50,56,hidden,y,39,674,0.62732599418215307,0.62523165417392812,4.2109753293479599,4.0931485774456133,-0.0020943400082249486,0.11782675190234659
mahler,FA50,56,bounce,x,16,705,0.94024776531265397,0.94024776531265397,1.2465555917692566,1.2465555917692566,0,0
mahler,FA50,56,bounce,y,16,705,0.60599254466155117,0.59850982039343525,5.9665937761227328,5.9853272056078302,-0.0074827242681159145,-0.018733429485097375
mahler,FA50,56,no_bounce,x,23,956,0.93710872559638081,0.93710872559638081,1.2378003285814778,1.2378003285814778,0,0
mahler,FA50,56,no_bounce,y,23,956,0.5073960457128428,0.46577200889681664,3.3263191547147311,3.2640060466810463,-0.041624036816026166,0.062313108033684728
mahler,FA50,56,post_bounce,x,16,394,0.93960697239110114,0.93960697239110114,0.96860250812355375,0.96860250812355375,0,0
mahler,FA50,56,post_bounce,y,16,394,0.66107606110564765,0.66510258510508624,5.7955312606630018,5.7506566555559893,0.0040265239994385915,0.044874605107012577
mahler,GPFA50,56,full,x,39,1661,0.94020470107864018,0.94020470107864018,1.2122331642835011,1.2122331642835011,0,0
mahler,GPFA50,56,full,y,39,1661,0.6168905133192264,0.58884929024979582,4.3799023400446346,4.4090449293897791,-0.028041223069430576,-0.029142589345144465
mahler,GPFA50,56,visible,x,39,948,0.78739392617548598,0.78739392617548598,1.4423526960114932,1.4423526960114932,0,0
mahler,GPFA50,56,visible,y,39,948,0.53948802909604221,0.50368952819385238,4.7610259426555563,4.8337621059813536,-0.035798500902189834,-0.072736163325797243
mahler,GPFA50,56,hidden,x,39,674,0.84301531568075538,0.84301531568075538,0.80369051526685142,0.80369051526685142,0,0
mahler,GPFA50,56,hidden,y,39,674,0.70594678473039374,0.6915437580134316,3.8328635495377963,3.7840430890522971,-0.014403026716962142,0.048820460485499151
mahler,GPFA50,56,bounce,x,16,705,0.94007520729874128,0.94007520729874128,1.2628137246247939,1.2628137246247939,0,0
mahler,GPFA50,56,bounce,y,16,705,0.68298839095230235,0.65640768273984673,5.5731501726985195,5.6768760232630502,-0.026580708212455617,-0.10372585056453065
mahler,GPFA50,56,no_bounce,x,23,956,0.94486178503125462,0.94486178503125462,1.173536839639721,1.173536839639721,0,0
mahler,GPFA50,56,no_bounce,y,23,956,0.54372753178177857,0.50542368948365801,3.228819852036577,3.1638194299194184,-0.038303842298120561,0.065000422117158507
mahler,GPFA50,56,post_bounce,x,16,394,0.95419497791299368,0.95419497791299368,0.83674012657577712,0.83674012657577712,0,0
mahler,GPFA50,56,post_bounce,y,16,394,0.75122489864300523,0.73808058001571852,5.2386090919584696,5.2729591085653427,-0.013144318627286711,-0.034350016606873091
mahler,FA50,57,full,x,40,1717,0.92421092924094939,0.92421092924094939,1.3821847110384762,1.3821847110384762,0,0
mahler,FA50,57,full,y,40,1717,0.4799233041490954,0.46310703804143355,4.5441434002864325,4.620339052777485,-0.016816266107661848,-0.076195652491052535
mahler,FA50,57,visible,x,40,972,0.77337884950601654,0.77337884950601654,1.5118404734902389,1.5118404734902389,0,0
mahler,FA50,57,visible,y,40,972,0.4338863919802578,0.42648792979773503,4.8384943836400565,4.8654684148280021,-0.0073984621825227692,-0.026974031187945613
mahler,FA50,57,hidden,x,40,705,0.72842194411267103,0.72842194411267103,1.1955810493640553,1.1955810493640553,0,0
mahler,FA50,57,hidden,y,40,705,0.53704487682269997,0.50744825147750117,4.1367640684806766,4.2902925595787584,-0.029596625345198802,-0.15352849109808187
mahler,FA50,57,bounce,x,14,630,0.93063083277453973,0.93063083277453973,1.3511724982570321,1.3511724982570321,0,0
mahler,FA50,57,bounce,y,14,630,0.5167120512615142,0.50560457104207679,6.1061562081625809,6.3418479053229397,-0.011107480219437416,-0.23569169716035887
mahler,FA50,57,no_bounce,x,26,1087,0.92326847498098408,0.92326847498098408,1.3998442154032917,1.3998442154032917,0,0
mahler,FA50,57,no_bounce,y,26,1087,0.49180481265579729,0.47805164221793456,3.3177484422057617,3.2264605941546711,-0.013753170437862727,0.091287848051090581
mahler,FA50,57,post_bounce,x,14,371,0.90409525166655225,0.90409525166655225,1.3388239808077944,1.3388239808077944,0,0
mahler,FA50,57,post_bounce,y,14,371,0.61057553798692232,0.59355642971711975,5.5413025192248524,5.9420829076333472,-0.017019108269802574,-0.40078038840849484
mahler,GPFA50,57,full,x,40,1717,0.9317353529278195,0.9317353529278195,1.3205712030562649,1.3205712030562649,0,0
mahler,GPFA50,57,full,y,40,1717,0.4898628348391918,0.48000192833199573,4.5127555690802348,4.5667403347583004,-0.0098609065071960655,-0.053984765678065649
mahler,GPFA50,57,visible,x,40,972,0.79091012271995986,0.79091012271995986,1.4658786249536466,1.4658786249536466,0,0
mahler,GPFA50,57,visible,y,40,972,0.4568726122431116,0.45409062991341981,4.7647754209739714,4.7776325240051793,-0.00278198232969179,-0.012857103031207906
mahler,GPFA50,57,hidden,x,40,705,0.75843091381863048,0.75843091381863048,1.1066243742827704,1.1066243742827704,0,0
mahler,GPFA50,57,hidden,y,40,705,0.52894859754120083,0.50943555272931751,4.1762340620879073,4.295332719033313,-0.019513044811883318,-0.11909865694540578
mahler,GPFA50,57,bounce,x,14,630,0.93415744803728817,0.93415744803728817,1.3274826497104564,1.3274826497104564,0,0
mahler,GPFA50,57,bounce,y,14,630,0.5401317063596518,0.54545228255080158,6.049808526391419,6.2261981079935476,0.005320576191149784,-0.17638958160212859
mahler,GPFA50,57,no_bounce,x,26,1087,0.93269492464878789,0.93269492464878789,1.3165488807039609,1.3165488807039609,0,0
mahler,GPFA50,57,no_bounce,y,26,1087,0.48721388344609307,0.46521273168415628,3.3098950854166125,3.2364563690891281,-0.022001151761936788,0.073438716327484332
mahler,GPFA50,57,post_bounce,x,14,371,0.91470496744930063,0.91470496744930063,1.2606333891201353,1.2606333891201353,0,0
mahler,GPFA50,57,post_bounce,y,14,371,0.66238613023697801,0.65802924709109023,5.313387572590937,5.6742862034415591,-0.0043568831458877799,-0.36089863085062213
mahler,FA50,58,full,x,40,1802,0.92103026380815889,0.92103026380815889,1.410580012547759,1.410580012547759,0,0
mahler,FA50,58,full,y,40,1802,0.47558083595475636,0.46221597898568156,4.6199551445169211,4.6343747860093476,-0.013364856969074801,-0.014419641492426472
mahler,FA50,58,visible,x,40,1023,0.77883925774368468,0.77883925774368468,1.4842321042576085,1.4842321042576085,0,0
mahler,FA50,58,visible,y,40,1023,0.4386452256242952,0.43205653349692941,4.7263322175470446,4.7163240060907707,-0.0065886921273657917,0.010008211456273841
mahler,FA50,58,hidden,x,40,739,0.65023089964878489,0.65023089964878489,1.315700265461798,1.315700265461798,0,0
mahler,FA50,58,hidden,y,40,739,0.52435874957012474,0.49766956293959397,4.5107486045692751,4.5624598992418663,-0.02668918663053077,-0.051711294672591279
mahler,FA50,58,bounce,x,14,662,0.90332097962950364,0.90332097962950364,1.5265574258058729,1.5265574258058729,0,0
mahler,FA50,58,bounce,y,14,662,0.54421573572888071,0.5424270318819473,6.1576013995974277,6.2813432403665743,-0.0017887038469334149,-0.12374184076914663
mahler,FA50,58,no_bounce,x,26,1140,0.93073497238410308,0.93073497238410308,1.3386279526515339,1.3386279526515339,0,0
mahler,FA50,58,no_bounce,y,26,1140,0.44588964389150537,0.41345666915132145,3.4235297178080741,3.3222980817670829,-0.032432974740183917,0.10123163604099128
mahler,FA50,58,post_bounce,x,14,374,0.87741166410091709,0.87741166410091709,1.3450709987561504,1.3450709987561504,0,0
mahler,FA50,58,post_bounce,y,14,374,0.56011853119250798,0.5633008503877841,6.1151181514517026,6.3329298993662331,0.0031823191952761176,-0.21781174791453051
mahler,GPFA50,58,full,x,40,1802,0.92884882287756376,0.92884882287756376,1.3430533448860329,1.3430533448860329,0,0
mahler,GPFA50,58,full,y,40,1802,0.54905535976062991,0.54113531182471653,4.3530261243494905,4.3596781678453,-0.007920047935913388,-0.0066520434958095009
mahler,GPFA50,58,visible,x,40,1023,0.78714978208241326,0.78714978208241326,1.4610144993202931,1.4610144993202931,0,0
mahler,GPFA50,58,visible,y,40,1023,0.49533147566334412,0.49319419231559469,4.5376589823908198,4.5236720310100944,-0.0021372833477494302,0.013986951380725365
mahler,GPFA50,58,hidden,x,40,739,0.72159199794845819,0.72159199794845819,1.1740355584949418,1.1740355584949418,0,0
mahler,GPFA50,58,hidden,y,40,739,0.62089174645251299,0.60014014685347905,4.1311019884869182,4.1692697057855863,-0.020751599599033943,-0.03816771729866808
mahler,GPFA50,58,bounce,x,14,662,0.9047808000784634,0.9047808000784634,1.5168536102942778,1.5168536102942778,0,0
mahler,GPFA50,58,bounce,y,14,662,0.61332410137068516,0.61689833854396581,5.7641411004953911,5.8514804066556296,0.0035742371732806477,-0.08733930616023855
mahler,GPFA50,58,no_bounce,x,26,1140,0.94194070022797705,0.94194070022797705,1.2309155037699013,1.2309155037699013,0,0
mahler,GPFA50,58,no_bounce,y,26,1140,0.50442940134799485,0.47137928599101397,3.264729064397768,3.1876240263230193,-0.03305011535698088,0.077105038074748666
mahler,GPFA50,58,post_bounce,x,14,374,0.89250679399772415,0.89250679399772415,1.2630281020724032,1.2630281020724032,0,0
mahler,GPFA50,58,post_bounce,y,14,374,0.67576045661962381,0.68190067213606353,5.4599561844972317,5.6307773811639601,0.0061402155164397287,-0.17082119666672835
mahler,FA50,59,full,x,40,1696,0.93176537729240905,0.93176537729240905,1.3023554221792515,1.3023554221792515,0,0
mahler,FA50,59,full,y,40,1696,0.4515379642069694,0.43458306864646024,4.9850122903266572,4.9865900011537265,-0.016954895560509164,-0.0015777108270693674
mahler,FA50,59,visible,x,40,964,0.79649996130187051,0.79649996130187051,1.4062565154206583,1.4062565154206583,0,0
mahler,FA50,59,visible,y,40,964,0.43616892472116947,0.42129385299963917,5.079379231295416,5.0711015529368844,-0.014875071721530297,0.0082776783585316593
mahler,FA50,59,hidden,x,40,692,0.7304114123086497,0.7304114123086497,1.1552969409835903,1.1552969409835903,0,0
mahler,FA50,59,hidden,y,40,692,0.45972445365544368,0.43808480330675614,4.9065763726783933,4.925990559398957,-0.021639650348687534,-0.01941418672056372
mahler,FA50,59,bounce,x,15,711,0.92921605166322085,0.92921605166322085,1.3500808514269913,1.3500808514269913,0,0
mahler,FA50,59,bounce,y,15,711,0.4918207168967238,0.48174218654451512,6.4625337386800714,6.6015342177925156,-0.010078530352208681,-0.13900047911244418
mahler,FA50,59,no_bounce,x,25,985,0.93655963644142137,0.93655963644142137,1.2667890436682678,1.2667890436682678,0,0
mahler,FA50,59,no_bounce,y,25,985,0.47534158366484153,0.45230260809406236,3.5554693731990863,3.3701151215597163,-0.023038975570779163,0.18535425163937003
mahler,FA50,59,post_bounce,x,15,420,0.90708079245290341,0.90708079245290341,1.2051888735585881,1.2051888735585881,0,0
mahler,FA50,59,post_bounce,y,15,420,0.57760524735843022,0.56309701182324323,6.1395820977754614,6.3696690905900413,-0.014508235535186986,-0.23008699281457989
mahler,GPFA50,59,full,x,40,1696,0.94047528228901101,0.94047528228901101,1.2179361742745018,1.2179361742745018,0,0
mahler,GPFA50,59,full,y,40,1696,0.50458586357635482,0.48551567498037618,4.7762389470679185,4.7962451221095055,-0.019070188595978643,-0.020006175041586971
mahler,GPFA50,59,visible,x,40,964,0.81926468297113286,0.81926468297113286,1.3333346596960136,1.3333346596960136,0,0
mahler,GPFA50,59,visible,y,40,964,0.45965190963271618,0.44986467381121248,4.9922453160369082,4.9726094512032777,-0.0097872358215037036,0.019635864833630556
mahler,GPFA50,59,hidden,x,40,692,0.76361927903929105,0.76361927903929105,1.0504811003750443,1.0504811003750443,0,0
mahler,GPFA50,59,hidden,y,40,692,0.54978967148658597,0.51844485172274302,4.5213939902913935,4.6033364283190874,-0.031344819763842957,-0.081942438027693854
mahler,GPFA50,59,bounce,x,15,711,0.94188516643845588,0.94188516643845588,1.22996604878433,1.22996604878433,0,0
mahler,GPFA50,59,bounce,y,15,711,0.55095753139858805,0.53921116783680278,6.11171223944089,6.2802775610918768,-0.011746363561785267,-0.16856532165098681
mahler,GPFA50,59,no_bounce,x,25,985,0.94306242028310705,0.94306242028310705,1.2091783087541783,1.2091783087541783,0,0
mahler,GPFA50,59,no_bounce,y,25,985,0.49288162996784912,0.46699024485470131,3.5095124889327418,3.337458130688828,-0.025891385113147813,0.1720543582439138
mahler,GPFA50,59,post_bounce,x,15,420,0.92363104043217081,0.92363104043217081,1.083845649347779,1.083845649347779,0,0
mahler,GPFA50,59,post_bounce,y,15,420,0.66355708005534197,0.63852984369339927,5.6059741863531514,5.9200678231595134,-0.025027236361942706,-0.31409363680636204
mahler,FA50,60,full,x,39,1791,0.91632187152125233,0.91632187152125233,1.4839069884620006,1.4839069884620006,0,0
mahler,FA50,60,full,y,39,1791,0.546953725465815,0.52697608653809036,4.3654504455340781,4.3592704323802778,-0.019977638927724639,0.0061800131538003455
mahler,FA50,60,visible,x,39,1012,0.75960907979387127,0.75960907979387127,1.5713204935184564,1.5713204935184564,0,0
mahler,FA50,60,visible,y,39,1012,0.55186090838791091,0.53751834871602966,4.1942306549052795,4.202688348065716,-0.01434255967188125,-0.0084576931604365413
mahler,FA50,60,hidden,x,39,740,0.71902657271198511,0.71902657271198511,1.3642076698647116,1.3642076698647116,0,0
mahler,FA50,60,hidden,y,39,740,0.54463062254146233,0.52544441901907324,4.6316767916668216,4.6104802337643358,-0.019186203522389089,0.021196557902485758
mahler,FA50,60,bounce,x,14,680,0.92115383739001189,0.92115383739001189,1.4826976647259407,1.4826976647259407,0,0
mahler,FA50,60,bounce,y,14,680,0.58844406102853486,0.57889239158009409,5.6782816131570408,5.7172256627423517,-0.0095516694484407694,-0.038944049585310836
mahler,FA50,60,no_bounce,x,25,1111,0.91409701100001217,0.91409701100001217,1.4846466826377196,1.4846466826377196,0,0
mahler,FA50,60,no_bounce,y,25,1111,0.54049573714397536,0.51221650580598888,3.3146171966001456,3.2600830787500934,-0.028279231337986488,0.054534117850052244
mahler,FA50,60,post_bounce,x,14,317,0.9088210593320889,0.9088210593320889,1.334505022949207,1.334505022949207,0,0
mahler,FA50,60,post_bounce,y,14,317,0.59678350821072468,0.59555305777238576,5.931407688288326,6.0070387503531295,-0.0012304504383389148,-0.075631062064803523
mahler,GPFA50,60,full,x,39,1791,0.92433189896485335,0.92433189896485335,1.4173686367700409,1.4173686367700409,0,0
mahler,GPFA50,60,full,y,39,1791,0.55825328052191936,0.50557167291261107,4.3329427634244029,4.4680880523150481,-0.05268160760930829,-0.13514528889064525
mahler,GPFA50,60,visible,x,39,1012,0.77925747171207771,0.77925747171207771,1.5232901085253856,1.5232901085253856,0,0
mahler,GPFA50,60,visible,y,39,1012,0.56770496269082515,0.5213019091191593,4.1397878979384828,4.2833803997858562,-0.046403053571665853,-0.14359250184737338
mahler,GPFA50,60,hidden,x,39,740,0.7497769408356344,0.7497769408356344,1.2711911732427981,1.2711911732427981,0,0
mahler,GPFA50,60,hidden,y,39,740,0.5644559718165667,0.51564762768293371,4.6215887763027546,4.7514551707412718,-0.048808344133632997,-0.12986639443851722
mahler,GPFA50,60,bounce,x,14,680,0.92899650303136472,0.92899650303136472,1.410145929389476,1.410145929389476,0,0
mahler,GPFA50,60,bounce,y,14,680,0.58692863639454873,0.5137460169713689,5.6701028685735402,5.9615388051823599,-0.073182619423179829,-0.29143593660881972
mahler,GPFA50,60,no_bounce,x,25,1111,0.9222740477378617,0.9222740477378617,1.4217712742874833,1.4217712742874833,0,0
mahler,GPFA50,60,no_bounce,y,25,1111,0.57109526853360959,0.54169432382121363,3.2538687905288786,3.2295918364457319,-0.02940094471239596,0.024276954083146673
mahler,GPFA50,60,post_bounce,x,14,317,0.93554085955628008,0.93554085955628008,1.1892092756997279,1.1892092756997279,0,0
mahler,GPFA50,60,post_bounce,y,14,317,0.6094460369695911,0.55207779239172339,5.901536696802907,6.1972779608767841,-0.057368244577867711,-0.29574126407387702
mahler,FA50,61,full,x,40,1740,0.92651899217284517,0.92651899217284517,1.3440280102718265,1.3440280102718265,0,0
mahler,FA50,61,full,y,40,1740,0.51413010546591964,0.48869657443453723,4.4231037696460609,4.4674347054894037,-0.025433531031382406,-0.0443309358433428
mahler,FA50,61,visible,x,40,988,0.76361721685757666,0.76361721685757666,1.5148261128669378,1.5148261128669378,0,0
mahler,FA50,61,visible,y,40,988,0.46955161165667625,0.46104349163686736,4.5074095753289019,4.5060021527385414,-0.0085081200198088847,0.0014074225903604187
mahler,FA50,61,hidden,x,40,712,0.7784176042403641,0.7784176042403641,1.0771512159476737,1.0771512159476737,0,0
mahler,FA50,61,hidden,y,40,712,0.56709457778471539,0.5318420716755663,4.3546055328472661,4.4674180455365891,-0.035252506109149095,-0.11281251268932291
mahler,FA50,61,bounce,x,13,593,0.92094080192716732,0.92094080192716732,1.3749855848588768,1.3749855848588768,0,0
mahler,FA50,61,bounce,y,13,593,0.54515266033209842,0.52793250216620613,5.7949845514126794,6.0203485830867525,-0.017220158165892285,-0.22536403167407304
mahler,FA50,61,no_bounce,x,27,1147,0.92994670558694137,0.92994670558694137,1.3277398942551832,1.3277398942551832,0,0
mahler,FA50,61,no_bounce,y,27,1147,0.51904435352742895,0.50198822621298456,3.5094913101024612,3.3967298876738403,-0.017056127314444391,0.11276142242862086
mahler,FA50,61,post_bounce,x,13,298,0.90450296415048603,0.90450296415048603,1.2622655535561629,1.2622655535561629,0,0
mahler,FA50,61,post_bounce,y,13,298,0.62060983120407565,0.58580561612758575,5.4834101231036323,5.9951475809884327,-0.034804215076489897,-0.51173745788480041
mahler,GPFA50,61,full,x,40,1740,0.93598213401648722,0.93598213401648722,1.2563527748808245,1.2563527748808245,0,0
mahler,GPFA50,61,full,y,40,1740,0.54315403071802615,0.51552013940482222,4.3738623539488977,4.4206733488155594,-0.027633891313203929,-0.046810994866661737
mahler,GPFA50,61,visible,x,40,988,0.79867968222311347,0.79867968222311347,1.412676511448413,1.412676511448413,0,0
mahler,GPFA50,61,visible,y,40,988,0.50593175947697444,0.49140319770915303,4.4568716762527698,4.4731935611428284,-0.014528561767821413,-0.016321884890058591
mahler,GPFA50,61,hidden,x,40,712,0.79137908048031758,0.79137908048031758,1.0173595271100599,1.0173595271100599,0,0
mahler,GPFA50,61,hidden,y,40,712,0.58617899130551376,0.55370592905296301,4.2986198246083038,4.3911176679960136,-0.032473062252550755,-0.092497843387709722
mahler,GPFA50,61,bounce,x,13,593,0.92908847180295839,0.92908847180295839,1.304107331699357,1.304107331699357,0,0
mahler,GPFA50,61,bounce,y,13,593,0.56267203029858315,0.55387656997906209,5.7400434263374818,5.9263447106506177,-0.0087954603195210534,-0.18630128431313597
mahler,GPFA50,61,no_bounce,x,27,1147,0.94014381380488432,0.94014381380488432,1.2309373329650923,1.2309373329650923,0,0
mahler,GPFA50,61,no_bounce,y,27,1147,0.57005613638551367,0.54362919749084349,3.4622319779693322,3.3893787541318168,-0.026426938894670182,0.072853223837515468
mahler,GPFA50,61,post_bounce,x,13,298,0.9164883113686525,0.9164883113686525,1.1723925314177053,1.1723925314177053,0,0
mahler,GPFA50,61,post_bounce,y,13,298,0.62910644954749662,0.60369231541238266,5.4519065489169325,5.9105474401961171,-0.025414134135113953,-0.45864089127918461
mahler,FA50,62,full,x,40,1655,0.9262241992143917,0.9262241992143917,1.3658616719881296,1.3658616719881296,0,0
mahler,FA50,62,full,y,40,1655,0.45392344359679143,0.43466198045345095,5.5823949503446277,5.5775309841049143,-0.019261463143340485,0.0048639662397134131
mahler,FA50,62,visible,x,40,954,0.75064884972666657,0.75064884972666657,1.5846860741252862,1.5846860741252862,0,0
mahler,FA50,62,visible,y,40,954,0.40596289705404404,0.39196371432089477,5.6985156347927219,5.7131086260982649,-0.013999182733149262,-0.014592991305542924
mahler,FA50,62,hidden,x,40,661,0.81601969868688595,0.81601969868688595,0.97852296841209485,0.97852296841209485,0,0
mahler,FA50,62,hidden,y,40,661,0.49853163687398827,0.47698579818408771,5.4522037382287625,5.4153738565225371,-0.021545838689900565,0.036829881706225365
mahler,FA50,62,bounce,x,14,621,0.91333683843557889,0.91333683843557889,1.5661901923514039,1.5661901923514039,0,0
mahler,FA50,62,bounce,y,14,621,0.6079106618925193,0.61149712067548412,7.7543956130200042,7.8546425293934439,0.0035864587829648187,-0.10024691637343963
mahler,FA50,62,no_bounce,x,26,1034,0.93751111512277996,0.93751111512277996,1.2299646760325595,1.2299646760325595,0,0
mahler,FA50,62,no_bounce,y,26,1034,0.41513269512833112,0.3674523225446098,3.7102309378353397,3.5691972432461907,-0.04768037258372132,0.14103369458914905
mahler,FA50,62,post_bounce,x,14,325,0.93609509312335082,0.93609509312335082,1.012680619025184,1.012680619025184,0,0
mahler,FA50,62,post_bounce,y,14,325,0.60908762685699813,0.61979866094094882,7.790850064358132,7.924329722768003,0.010711034083950688,-0.13347965840987097
mahler,GPFA50,62,full,x,40,1655,0.92666529897152017,0.92666529897152017,1.3623398005617984,1.3623398005617984,0,0
mahler,GPFA50,62,full,y,40,1655,0.49726332152514369,0.48199886671617748,5.4772925756719806,5.433963876510747,-0.01526445480896621,0.043328699161233608
mahler,GPFA50,62,visible,x,40,954,0.75058764378580434,0.75058764378580434,1.5902775160300924,1.5902775160300924,0,0
mahler,GPFA50,62,visible,y,40,954,0.44278196105778117,0.43610155604057171,5.6749093680662925,5.642756454089028,-0.0066804050172094565,0.032152913977264497
mahler,GPFA50,62,hidden,x,40,661,0.81927867013012412,0.81927867013012412,0.96120016784701723,0.96120016784701723,0,0
mahler,GPFA50,62,hidden,y,40,661,0.55533639129021128,0.53571901100126607,5.221860456373598,5.1529334984258126,-0.019617380288945219,0.068926957947785361
mahler,GPFA50,62,bounce,x,14,621,0.90669035705836076,0.90669035705836076,1.636163756650745,1.636163756650745,0,0
mahler,GPFA50,62,bounce,y,14,621,0.66053687548392992,0.67025441038564471,7.6279584536749754,7.6393529432349245,0.0097175349017147861,-0.01139448955994915
mahler,GPFA50,62,no_bounce,x,26,1034,0.94392328107576606,0.94392328107576606,1.1674142495299291,1.1674142495299291,0,0
mahler,GPFA50,62,no_bounce,y,26,1034,0.45692176261964712,0.40237508296317515,3.6157114501733312,3.4945934242405192,-0.054546679656471975,0.12111802593281196
mahler,GPFA50,62,post_bounce,x,14,325,0.94099548959514723,0.94099548959514723,0.9609372093146229,0.9609372093146229,0,0
mahler,GPFA50,62,post_bounce,y,14,325,0.68328032176709497,0.7007545507659354,7.485236631783958,7.5387747099368516,0.017474228998840435,-0.053538078152893576
mahler,FA50,63,full,x,40,1715,0.93002140556207402,0.93002140556207402,1.3368922058760992,1.3368922058760992,0,0
mahler,FA50,63,full,y,40,1715,0.50634976412488786,0.47456977814382478,4.4515912945719442,4.4634664219836324,-0.031779985981063075,-0.011875127411688169
mahler,FA50,63,visible,x,40,991,0.76948225321452091,0.76948225321452091,1.5609273825867251,1.5609273825867251,0,0
mahler,FA50,63,visible,y,40,991,0.44723443407931879,0.41830430226605453,4.6677553326585386,4.7157397576035214,-0.028930131813264259,-0.047984424944982784
mahler,FA50,63,hidden,x,40,684,0.78599104440525325,0.78599104440525325,0.94646866249185124,0.94646866249185124,0,0
mahler,FA50,63,hidden,y,40,684,0.57095405113786901,0.54127868525384937,4.1774868557664071,4.1251401543384771,-0.029675365884019644,0.052346701427929965
mahler,FA50,63,bounce,x,13,596,0.93790308251722465,0.93790308251722465,1.4373548504950382,1.4373548504950382,0,0
mahler,FA50,63,bounce,y,13,596,0.55221301740519846,0.53596311580674239,6.0108002946327632,6.1285769016402352,-0.016249901598456074,-0.11777660700747195
mahler,FA50,63,no_bounce,x,27,1119,0.93092997717373238,0.93092997717373238,1.2801701660573475,1.2801701660573475,0,0
mahler,FA50,63,no_bounce,y,27,1119,0.49914042272519066,0.45589852246746448,3.3358704382637434,3.2448086197893198,-0.043241900257726174,0.091061818474423628
mahler,FA50,63,post_bounce,x,13,323,0.94101135876564934,0.94101135876564934,1.0512453030295394,1.0512453030295394,0,0
mahler,FA50,63,post_bounce,y,13,323,0.59310866847973587,0.57538350500806135,5.8164668617691602,5.9995899633101857,-0.017725163471674521,-0.18312310154102551
mahler,GPFA50,63,full,x,40,1715,0.93662496277644147,0.93662496277644147,1.2744114536213991,1.2744114536213991,0,0
mahler,GPFA50,63,full,y,40,1715,0.5606580621724806,0.52861947262482645,4.2693218633123156,4.2911144447156193,-0.03203858954765415,-0.021792581403303757
mahler,GPFA50,63,visible,x,40,991,0.78448877206985501,0.78448877206985501,1.5112957376884788,1.5112957376884788,0,0
mahler,GPFA50,63,visible,y,40,991,0.48434316438335473,0.45099836675585669,4.5590859145178211,4.6201159442122623,-0.033344797627498035,-0.061030029694441268
mahler,GPFA50,63,hidden,x,40,684,0.82221527173425346,0.82221527173425346,0.84516618223792139,0.84516618223792139,0,0
mahler,GPFA50,63,hidden,y,40,684,0.64798965891738969,0.62381234116112028,3.8751744307131721,3.8222315419378012,-0.024177317756269412,0.0529428887753709
mahler,GPFA50,63,bounce,x,13,596,0.94598188516680548,0.94598188516680548,1.3892453320668536,1.3892453320668536,0,0
mahler,GPFA50,63,bounce,y,13,596,0.56895521036790275,0.56885951093775589,5.8802411337751437,5.9709002717590201,-9.5699430146867215e-05,-0.09065913798387637
mahler,GPFA50,63,no_bounce,x,27,1119,0.93934305713424282,0.93934305713424282,1.2088044830572513,1.2088044830572513,0,0
mahler,GPFA50,63,no_bounce,y,27,1119,0.58558594184836621,0.5345524326615454,3.0852440326664228,3.038485482513412,-0.051033509186820813,0.046758550153010781
mahler,GPFA50,63,post_bounce,x,13,323,0.95384880121019788,0.95384880121019788,0.97420904298471522,0.97420904298471522,0,0
mahler,GPFA50,63,post_bounce,y,13,323,0.65293212480807339,0.65259338085870366,5.4697596399713166,5.6162018710570578,-0.00033874394936972418,-0.14644223108574117
mahler,FA50,64,full,x,39,1732,0.9197917195472588,0.9197917195472588,1.4460354699507181,1.4460354699507181,0,0
mahler,FA50,64,full,y,39,1732,0.54037160967741826,0.5226700674246868,4.436504491955449,4.4657228653606156,-0.017701542252731461,-0.029218373405166531
mahler,FA50,64,visible,x,39,965,0.7690420346351875,0.7690420346351875,1.535461200194242,1.535461200194242,0,0
mahler,FA50,64,visible,y,39,965,0.49341832822509868,0.4797346798459356,4.4709661788097739,4.4710621745375656,-0.013683648379163083,-9.5995727791731156e-05
mahler,FA50,64,hidden,x,39,728,0.6848284871296112,0.6848284871296112,1.3283758511413766,1.3283758511413766,0,0
mahler,FA50,64,hidden,y,39,728,0.59404328371137349,0.57412805051876847,4.4246069529171939,4.492552414904976,-0.01991523319260502,-0.067945461987782174
mahler,FA50,64,bounce,x,13,634,0.89975982082409178,0.89975982082409178,1.6043319754629246,1.6043319754629246,0,0
mahler,FA50,64,bounce,y,13,634,0.62748914742885498,0.62486569786518642,5.7227547804589669,5.8092993395367341,-0.0026234495636685562,-0.086544559077767147
mahler,FA50,64,no_bounce,x,26,1098,0.93184664539791406,0.93184664539791406,1.3461824765630206,1.3461824765630206,0,0
mahler,FA50,64,no_bounce,y,26,1098,0.49801941960367518,0.46607647822699022,3.4838639444455124,3.4599605560827,-0.031942941376684963,0.023903388362812361
mahler,FA50,64,post_bounce,x,13,299,0.81581251350616135,0.81581251350616135,1.5978247549014912,1.5978247549014912,0,0
mahler,FA50,64,post_bounce,y,13,299,0.68483013569752571,0.68606218842418665,5.8045431807594845,5.9294638048328521,0.0012320527266609371,-0.12492062407336757
mahler,GPFA50,64,full,x,39,1732,0.92341657321478288,0.92341657321478288,1.4166431511889745,1.4166431511889745,0,0
mahler,GPFA50,64,full,y,39,1732,0.57495177751242332,0.55972642152692009,4.3218775893928667,4.3479964213482765,-0.015225355985503231,-0.02611883195540976
mahler,GPFA50,64,visible,x,39,965,0.77936044223442902,0.77936044223442902,1.5064074136883745,1.5064074136883745,0,0
mahler,GPFA50,64,visible,y,39,965,0.52414597257690398,0.51330670055166072,4.3830571821848592,4.3776485846567965,-0.010839272025243263,0.0054085975280626641
mahler,GPFA50,64,hidden,x,39,728,0.69058376805618382,0.69058376805618382,1.3031166850237907,1.3031166850237907,0,0
mahler,GPFA50,64,hidden,y,39,728,0.64034548273440606,0.62286422719836498,4.2786913112306495,4.3464173431354078,-0.017481255536041074,-0.067726031904758344
mahler,GPFA50,64,bounce,x,13,634,0.90557649517057137,0.90557649517057137,1.5601038496294055,1.5601038496294055,0,0
mahler,GPFA50,64,bounce,y,13,634,0.6761052583097209,0.67583005772399563,5.4463905263917463,5.5192065798914305,-0.00027520058572527706,-0.07281605349968423
mahler,GPFA50,64,no_bounce,x,26,1098,0.93449725563437591,0.93449725563437591,1.3267613137063705,1.3267613137063705,0,0
mahler,GPFA50,64,no_bounce,y,26,1098,0.50403873082473427,0.47095420144469885,3.5122645411341313,3.4974497164695504,-0.033084529380035421,0.01481482466458095
mahler,GPFA50,64,post_bounce,x,13,299,0.81069958514230167,0.81069958514230167,1.5955213100126047,1.5955213100126047,0,0
mahler,GPFA50,64,post_bounce,y,13,299,0.74318385503910267,0.74703449006379707,5.4953474125592328,5.5966283201091951,0.0038506350246944043,-0.10128090754996233
mahler,FA50,65,full,x,40,1812,0.92207443126222421,0.92207443126222421,1.4972296080234193,1.4972296080234193,0,0
mahler,FA50,65,full,y,40,1812,0.46824490270744401,0.45341735057506971,4.6029843150419154,4.5948057274967189,-0.0148275521323743,0.008178587545196514
mahler,FA50,65,visible,x,40,1063,0.78944133928952953,0.78944133928952953,1.6868939157104488,1.6868939157104488,0,0
mahler,FA50,65,visible,y,40,1063,0.35148522880088939,0.33870599925049388,4.8396685621275441,4.8235787834155923,-0.01277922955039551,0.01608977871195183
mahler,FA50,65,hidden,x,40,709,0.69353814584597184,0.69353814584597184,1.1929375535072013,1.1929375535072013,0,0
mahler,FA50,65,hidden,y,40,709,0.59975968708094196,0.58310275286162316,4.2651866993849081,4.2714890324683941,-0.016656934219318797,-0.0063023330834859337
mahler,FA50,65,bounce,x,15,707,0.91033093594704984,0.91033093594704984,1.5563340943307302,1.5563340943307302,0,0
mahler,FA50,65,bounce,y,15,707,0.50813167166243511,0.51002586656729754,5.8948903706078895,6.0285131925076563,0.0018941949048624229,-0.13362282189976682
mahler,FA50,65,no_bounce,x,25,1105,0.92998657203594348,0.92998657203594348,1.4581571945778711,1.4581571945778711,0,0
mahler,FA50,65,no_bounce,y,25,1105,0.4517638617868362,0.43091178480080577,3.5369574315197951,3.371546843529321,-0.020852076986030421,0.16541058799047414
mahler,FA50,65,post_bounce,x,15,381,0.88798683277203128,0.88798683277203128,1.4433797880569317,1.4433797880569317,0,0
mahler,FA50,65,post_bounce,y,15,381,0.56400575266681496,0.55774189606780533,5.7078241225960111,5.9835177394167154,-0.0062638565990096318,-0.27569361682070426
mahler,GPFA50,65,full,x,40,1812,0.92942465153731046,0.92942465153731046,1.4335989653712857,1.4335989653712857,0,0
mahler,GPFA50,65,full,y,40,1812,0.49844211609844735,0.47926746451432578,4.5556997773142074,4.5557090925450892,-0.019174651584121571,-9.3152308817678886e-06
mahler,GPFA50,65,visible,x,40,1063,0.80929832681006209,0.80929832681006209,1.6265286053788552,1.6265286053788552,0,0
mahler,GPFA50,65,visible,y,40,1063,0.37005899976907819,0.35331769979017091,4.8642502913905483,4.8417178744971956,-0.016741299978907276,0.022532416893352725
mahler,GPFA50,65,hidden,x,40,709,0.73310298875574553,0.73310298875574553,1.1154127228418687,1.1154127228418687,0,0
mahler,GPFA50,65,hidden,y,40,709,0.64140284126960756,0.61865177944020144,4.0971311685010541,4.1365761282153297,-0.022751061829406116,-0.03944495971427564
mahler,GPFA50,65,bounce,x,15,707,0.91598886102771193,0.91598886102771193,1.5162405731426258,1.5162405731426258,0,0
mahler,GPFA50,65,bounce,y,15,707,0.5074881585151968,0.51043360226715684,5.8481519653039289,5.9847810795260896,0.0029454437519600418,-0.13662911422216073
mahler,GPFA50,65,no_bounce,x,25,1105,0.93816430600721223,0.93816430600721223,1.3781259913133657,1.3781259913133657,0,0
mahler,GPFA50,65,no_bounce,y,25,1105,0.50364177811825261,0.47220423640656378,3.4858408463866142,3.3341888642650317,-0.031437541711688832,0.15165198212158248
mahler,GPFA50,65,post_bounce,x,15,381,0.89520905650506744,0.89520905650506744,1.3975398546684754,1.3975398546684754,0,0
mahler,GPFA50,65,post_bounce,y,15,381,0.59724008133492579,0.59048745795708812,5.5434827175045776,5.833972149639937,-0.0067526233778376632,-0.29048943213535949
mahler,FA50,66,full,x,39,1654,0.9317562706394541,0.9317562706394541,1.2764949598406621,1.2764949598406621,0,0
mahler,FA50,66,full,y,39,1654,0.52385751013111115,0.49548264700251465,4.5869475809737521,4.6158755564616616,-0.028374863128596495,-0.028927975487909485
mahler,FA50,66,visible,x,39,943,0.79484330404520809,0.79484330404520809,1.3709425094478289,1.3709425094478289,0,0
mahler,FA50,66,visible,y,39,943,0.48417684691652169,0.46091713564559855,4.7839337160695061,4.8031420171400541,-0.023259711270923134,-0.01920830107054794
mahler,FA50,66,hidden,x,39,672,0.69817304279913128,0.69817304279913128,1.1461648839168692,1.1461648839168692,0,0
mahler,FA50,66,hidden,y,39,672,0.56897248877594564,0.53439151148537423,4.3458626179823039,4.3915645600241024,-0.034580977290571413,-0.04570194204179856
mahler,FA50,66,bounce,x,15,715,0.93666691999901353,0.93666691999901353,1.2302660515724084,1.2302660515724084,0,0
mahler,FA50,66,bounce,y,15,715,0.58306312208734112,0.56102918331010432,5.733097295998868,5.8709865869860094,-0.022033938777236806,-0.13788929098714142
mahler,FA50,66,no_bounce,x,24,939,0.92863114370279731,0.92863114370279731,1.310602796841293,1.310602796841293,0,0
mahler,FA50,66,no_bounce,y,24,939,0.47661625600358792,0.44385265935762946,3.4689243347980758,3.3591650296378646,-0.032763596645958459,0.10975930516021126
mahler,FA50,66,post_bounce,x,15,357,0.91660340446795063,0.91660340446795063,1.1269502850720716,1.1269502850720716,0,0
mahler,FA50,66,post_bounce,y,15,357,0.62153056403401086,0.6065040142500876,5.7557630999962202,5.9153087045663861,-0.01502654978392326,-0.15954560457016598
mahler,GPFA50,66,full,x,39,1654,0.94192310155243197,0.94192310155243197,1.1816213270760263,1.1816213270760263,0,0
mahler,GPFA50,66,full,y,39,1654,0.5645449709842798,0.53553120970821699,4.4459490468164722,4.4854174793498931,-0.029013761276062811,-0.039468432533420916
mahler,GPFA50,66,visible,x,39,943,0.81654283685410178,0.81654283685410178,1.3017000756082207,1.3017000756082207,0,0
mahler,GPFA50,66,visible,y,39,943,0.51976427931188185,0.4969756740731856,4.6763430874417127,4.6953992299982588,-0.022788605238696247,-0.019056142556546085
mahler,GPFA50,66,hidden,x,39,672,0.74873776952216642,0.74873776952216642,1.004824816962953,1.004824816962953,0,0
mahler,GPFA50,66,hidden,y,39,672,0.62240025746046823,0.58497672045174876,4.1476388944225588,4.2212157144884301,-0.037423537008719476,-0.073576820065871296
mahler,GPFA50,66,bounce,x,15,715,0.95187477042659896,0.95187477042659896,1.0763265490802028,1.0763265490802028,0,0
mahler,GPFA50,66,bounce,y,15,715,0.63693389697688996,0.60705892851651799,5.5050637507094029,5.6793097519330482,-0.029874968460371965,-0.17424600122364531
mahler,GPFA50,66,no_bounce,x,24,939,0.93534741674059063,0.93534741674059063,1.2558914751227928,1.2558914751227928,0,0
mahler,GPFA50,66,no_bounce,y,24,939,0.49809991349469102,0.47107463725232135,3.4265664698236407,3.2982336982090894,-0.027025276242369667,0.12833277161455126
mahler,GPFA50,66,post_bounce,x,15,357,0.94214445459828411,0.94214445459828411,0.93326075703785649,0.93326075703785649,0,0
mahler,GPFA50,66,post_bounce,y,15,357,0.68038288511870038,0.65856119572748728,5.4415502328777086,5.6354179639399415,-0.021821689391213095,-0.19386773106223298
mahler,FA50,67,full,x,39,1701,0.92301338439924552,0.92301338439924552,1.4018541559178288,1.4018541559178288,0,0
mahler,FA50,67,full,y,39,1701,0.48510630440999764,0.47091762229237083,4.6849773033623245,4.6994513884249027,-0.014188682117626805,-0.01447408506257819
mahler,FA50,67,visible,x,39,976,0.78301946044250548,0.78301946044250548,1.5281647157168849,1.5281647157168849,0,0
mahler,FA50,67,visible,y,39,976,0.46036146878858952,0.44730675375356377,4.8767999595982152,4.8956254068314138,-0.013054715035025755,-0.018825447233198567
mahler,FA50,67,hidden,x,39,686,0.72939007055362548,0.72939007055362548,1.2154896397842612,1.2154896397842612,0,0
mahler,FA50,67,hidden,y,39,686,0.51499751592486842,0.49851218625211818,4.4555763506497357,4.4641674045698672,-0.016485329672750237,-0.0085910539201314862
mahler,FA50,67,bounce,x,13,609,0.92039992654419667,0.92039992654419667,1.4417481164853954,1.4417481164853954,0,0
mahler,FA50,67,bounce,y,13,609,0.53225871686596671,0.52149340263496591,6.205631630823639,6.3321836214647425,-0.0107653142310008,-0.12655199064110345
mahler,FA50,67,no_bounce,x,26,1092,0.92482897760654925,0.92482897760654925,1.3791044315431715,1.3791044315431715,0,0
mahler,FA50,67,no_bounce,y,26,1092,0.47847539216845236,0.45819331155926551,3.5655508388437931,3.4698491944153829,-0.020282080609186848,0.095701644428410226
mahler,FA50,67,post_bounce,x,13,336,0.9030977446154419,0.9030977446154419,1.2108092285056236,1.2108092285056236,0,0
mahler,FA50,67,post_bounce,y,13,336,0.58589053612684661,0.57090618794410619,6.1767267320920656,6.3722262185929841,-0.014984348182740415,-0.19549948650091853
mahler,GPFA50,67,full,x,39,1701,0.92915266968471455,0.92915266968471455,1.3473516341893297,1.3473516341893297,0,0
mahler,GPFA50,67,full,y,39,1701,0.52416578202141084,0.50493098086800781,4.5596102355248647,4.6002664471235208,-0.019234801153403036,-0.040656211598656178
mahler,GPFA50,67,visible,x,39,976,0.79742326121711349,0.79742326121711349,1.4843166916965549,1.4843166916965549,0,0
mahler,GPFA50,67,visible,y,39,976,0.48783940405201415,0.46956718107467077,4.7981399251496235,4.8393083171083564,-0.018272222977343378,-0.041168391958732897
mahler,GPFA50,67,hidden,x,39,686,0.75762166218681093,0.75762166218681093,1.1424194869977549,1.1424194869977549,0,0
mahler,GPFA50,67,hidden,y,39,686,0.56944040242683691,0.54805199070300703,4.2589770327171736,4.2997631557641878,-0.021388411723829881,-0.040786123047014122
mahler,GPFA50,67,bounce,x,13,609,0.92511938801586502,0.92511938801586502,1.401754672387022,1.401754672387022,0,0
mahler,GPFA50,67,bounce,y,13,609,0.54890415531679237,0.52619825010373367,6.0753902167613782,6.2459315032474363,-0.022705905213058708,-0.17054128648605804
mahler,GPFA50,67,no_bounce,x,26,1092,0.93192320196915068,0.93192320196915068,1.3160349965620703,1.3160349965620703,0,0
mahler,GPFA50,67,no_bounce,y,26,1092,0.51494266008048517,0.49130831035027261,3.4350933902892864,3.3478477937109177,-0.023634349730212556,0.087245596578368723
mahler,GPFA50,67,post_bounce,x,13,336,0.91105936230180184,0.91105936230180184,1.150848584410842,1.150848584410842,0,0
mahler,GPFA50,67,post_bounce,y,13,336,0.63609249404381607,0.60283659383221222,5.9250424781408508,6.1676185476026655,-0.03325590021160385,-0.24257606946181465
mahler,FA50,68,full,x,39,1635,0.93925718272825154,0.93925718272825154,1.2336061404364573,1.2336061404364573,0,0
mahler,FA50,68,full,y,39,1635,0.50327208946858826,0.47497734843545547,4.5912668007308675,4.68087167743768,-0.028294741033132786,-0.089604876706812497
mahler,FA50,68,visible,x,39,944,0.82560368436910903,0.82560368436910903,1.3263718726727909,1.3263718726727909,0,0
mahler,FA50,68,visible,y,39,944,0.47467197183258963,0.45913855761080213,4.6899990263036058,4.7166036552018982,-0.0155334142217875,-0.026604628898292404
mahler,FA50,68,hidden,x,39,652,0.71217774006972601,0.71217774006972601,1.0997146275271419,1.0997146275271419,0,0
mahler,FA50,68,hidden,y,39,652,0.52858269507105315,0.48039989474274986,4.4764626018600451,4.6588888067311398,-0.048182800328303299,-0.18242620487109473
mahler,FA50,68,bounce,x,14,658,0.94136259099134179,0.94136259099134179,1.1899579577665091,1.1899579577665091,0,0
mahler,FA50,68,bounce,y,14,658,0.54147031567263582,0.51982209484274489,5.9531816999492397,6.2305026762160427,-0.02164822082989093,-0.27732097626680297
mahler,FA50,68,no_bounce,x,25,977,0.93802376560053258,0.93802376560053258,1.2621524149562799,1.2621524149562799,0,0
mahler,FA50,68,no_bounce,y,25,977,0.53783779617729655,0.52592477491916589,3.3775698973489918,3.2438833705670218,-0.011913021258130652,0.13368652678197002
mahler,FA50,68,post_bounce,x,14,327,0.90356432567337963,0.90356432567337963,1.2028789084742426,1.2028789084742426,0,0
mahler,FA50,68,post_bounce,y,14,327,0.59413447290279597,0.57108698725993579,5.798899305711096,6.2341883083891965,-0.023047485642860188,-0.43528900267810045
mahler,GPFA50,68,full,x,39,1635,0.94807029657065256,0.94807029657065256,1.1464533624950533,1.1464533624950533,0,0
mahler,GPFA50,68,full,y,39,1635,0.54958617820696576,0.52227580120860118,4.4097511769524553,4.513866566507132,-0.027310376998364583,-0.1041153895546767
mahler,GPFA50,68,visible,x,39,944,0.84662983298635131,0.84662983298635131,1.2512830990427086,1.2512830990427086,0,0
mahler,GPFA50,68,visible,y,39,944,0.54028116721889619,0.52329432109435525,4.464653970543667,4.5161790165844486,-0.016986846124540933,-0.051525046040781675
mahler,GPFA50,68,hidden,x,39,652,0.75763496552239584,0.75763496552239584,0.99294585834982474,0.99294585834982474,0,0
mahler,GPFA50,68,hidden,y,39,652,0.54951241128328931,0.50378277256827553,4.3642953647171669,4.5425130117529093,-0.045729638715013787,-0.17821764703574239
mahler,GPFA50,68,bounce,x,14,658,0.95005155986516887,0.95005155986516887,1.1031290933840907,1.1031290933840907,0,0
mahler,GPFA50,68,bounce,y,14,658,0.56082707572396384,0.55347062790899204,5.7641900745519381,6.0327693054217804,-0.0073564478149718004,-0.26857923086984226
mahler,GPFA50,68,no_bounce,x,25,977,0.94702550530697427,0.94702550530697427,1.1747317547095644,1.1747317547095644,0,0
mahler,GPFA50,68,no_bounce,y,25,977,0.59429670093592735,0.57544535241623851,3.1882944829798863,3.0961490745380882,-0.018851348519688838,0.092145408441798082
mahler,GPFA50,68,post_bounce,x,14,327,0.92022474354512229,0.92022474354512229,1.1034630244229817,1.1034630244229817,0,0
mahler,GPFA50,68,post_bounce,y,14,327,0.61638822718092301,0.60225357212865693,5.5432047798988595,5.9702489902036282,-0.014134655052266076,-0.42704421030476869
mahler,FA50,69,full,x,40,1741,0.92584368040721865,0.92584368040721865,1.366323292262424,1.366323292262424,0,0
mahler,FA50,69,full,y,40,1741,0.46169224688319244,0.46118698262612468,4.8484176260276159,4.8427836876795611,-0.00050526425706776124,0.0056339383480548122
mahler,FA50,69,visible,x,40,1002,0.79318351401986242,0.79318351401986242,1.43277343229541,1.43277343229541,0,0
mahler,FA50,69,visible,y,40,1002,0.40129901115221811,0.39185051827539247,5.081293870612857,5.097465302319077,-0.0094484928768256427,-0.016171431706220041
mahler,FA50,69,hidden,x,40,699,0.70702506550410738,0.70702506550410738,1.2677879676485591,1.2677879676485591,0,0
mahler,FA50,69,hidden,y,40,699,0.53609504722915691,0.54448450301869256,4.5355147307523982,4.5009849792350698,0.0083894557895356492,0.0345297515173284
mahler,FA50,69,bounce,x,15,701,0.92536845196267092,0.92536845196267092,1.3787829108511389,1.3787829108511389,0,0
mahler,FA50,69,bounce,y,15,701,0.5778404757685679,0.58091241176549813,6.1763041800364959,6.2787978106764371,0.0030719359969302307,-0.1024936306399411
mahler,FA50,69,no_bounce,x,25,1040,0.92678434821840527,0.92678434821840527,1.357860529461516,1.357860529461516,0,0
mahler,FA50,69,no_bounce,y,25,1040,0.40173244252802098,0.37835495979029282,3.6931712115858031,3.5619735211771437,-0.023377482737728161,0.13119769040865936
mahler,FA50,69,post_bounce,x,15,410,0.90856639993260413,0.90856639993260413,1.3324208174834722,1.3324208174834722,0,0
mahler,FA50,69,post_bounce,y,15,410,0.62971916433902853,0.63723214308268139,5.9537415046341593,6.0947220077609723,0.007512978743652865,-0.14098050312681298
mahler,GPFA50,69,full,x,40,1741,0.93292179026749489,0.93292179026749489,1.3032264927440407,1.3032264927440407,0,0
mahler,GPFA50,69,full,y,40,1741,0.47914421116423911,0.48298470744630612,4.7805480512060941,4.7602363295135985,0.0038404962820670074,0.02031172169249551
mahler,GPFA50,69,visible,x,40,1002,0.81819694673250776,0.81819694673250776,1.3535109418335398,1.3535109418335398,0,0
mahler,GPFA50,69,visible,y,40,1002,0.42580609224726867,0.42252761287418283,4.982205004692732,4.98077051750177,-0.0032784793730858408,0.0014344871909619528
mahler,GPFA50,69,hidden,x,40,699,0.71761472191965714,0.71761472191965714,1.2363926970450172,1.2363926970450172,0,0
mahler,GPFA50,69,hidden,y,40,699,0.55236148833474896,0.56332125993772375,4.5197714255787975,4.4720300391696837,0.010959771602974788,0.047741386409113851
mahler,GPFA50,69,bounce,x,15,701,0.93433318613531158,0.93433318613531158,1.3093858073569453,1.3093858073569453,0,0
mahler,GPFA50,69,bounce,y,15,701,0.58317996651752779,0.58669120329409263,6.1702534001215215,6.2671502674982502,0.0035112367765648411,-0.096896867376728757
mahler,GPFA50,69,no_bounce,x,25,1040,0.93312964960658606,0.93312964960658606,1.2990584017345863,1.2990584017345863,0,0
mahler,GPFA50,69,no_bounce,y,25,1040,0.46006285130273955,0.44136198358710282,3.5490648447404691,3.3851344696850321,-0.018700867715636726,0.16393037505543706
mahler,GPFA50,69,post_bounce,x,15,410,0.91920722268524124,0.91920722268524124,1.2616979419503001,1.2616979419503001,0,0
mahler,GPFA50,69,post_bounce,y,15,410,0.66558110129036818,0.67298453330864594,5.809137937194393,5.9453437106289115,0.0074034320182777558,-0.13620577343451856
mahler,FA50,70,full,x,39,1723,0.92177140490372467,0.92177140490372467,1.4255194812320016,1.4255194812320016,0,0
mahler,FA50,70,full,y,39,1723,0.48049820645556834,0.47212547064488475,5.0608826755300536,5.1576606773600648,-0.0083727358106835958,-0.096778001830011284
mahler,FA50,70,visible,x,39,985,0.78436893109259431,0.78436893109259431,1.5279479595899554,1.5279479595899554,0,0
mahler,FA50,70,visible,y,39,985,0.42526924452991716,0.41722142942944951,5.3526744150942331,5.3974096718558364,-0.0080478151004676479,-0.044735256761603281
mahler,FA50,70,hidden,x,39,699,0.71867090095958808,0.71867090095958808,1.2767941973715033,1.2767941973715033,0,0
mahler,FA50,70,hidden,y,39,699,0.53934962247050255,0.53009539289390617,4.662693583348779,4.8422656027679833,-0.0092542295765963845,-0.17957201941920431
mahler,FA50,70,bounce,x,19,897,0.92079036304298978,0.92079036304298978,1.4130627852129545,1.4130627852129545,0,0
mahler,FA50,70,bounce,y,19,897,0.50565616516743428,0.50866792970413743,6.1019379193567955,6.2559193163348752,0.0030117645367031542,-0.15398139697807967
mahler,FA50,70,no_bounce,x,20,826,0.92319179165670384,0.92319179165670384,1.4389247761284567,1.4389247761284567,0,0
mahler,FA50,70,no_bounce,y,20,826,0.46888540006075324,0.43177763956412224,3.6045126324741017,3.6040160587984347,-0.037107760496631004,0.00049657367566702248
mahler,FA50,70,post_bounce,x,19,495,0.89454949816775353,0.89454949816775353,1.3413056711988984,1.3413056711988984,0,0
mahler,FA50,70,post_bounce,y,19,495,0.61123954656284307,0.62063458141682981,5.6994703867398515,5.9522564840148027,0.009395034853986739,-0.25278609727495116
mahler,GPFA50,70,full,x,39,1723,0.92495418756401437,0.92495418756401437,1.4011400385127071,1.4011400385127071,0,0
mahler,GPFA50,70,full,y,39,1723,0.48485519495693308,0.4642020240398454,5.0480148452472546,5.1718721261820244,-0.020653170917087682,-0.12385728093476978
mahler,GPFA50,70,visible,x,39,985,0.79760815756208714,0.79760815756208714,1.486955046252779,1.486955046252779,0,0
mahler,GPFA50,70,visible,y,39,985,0.41615073042402173,0.40157680854293765,5.3650371389906413,5.4174107559859799,-0.014573921881084084,-0.052373616995338601
mahler,GPFA50,70,hidden,x,39,699,0.70961010404814118,0.70961010404814118,1.2883831704707303,1.2883831704707303,0,0
mahler,GPFA50,70,hidden,y,39,699,0.56760327625628448,0.54102472334134977,4.5900122215487107,4.8277284590033176,-0.026578552914934717,-0.2377162374546069
mahler,GPFA50,70,bounce,x,19,897,0.92438532491662273,0.92438532491662273,1.3844553859698239,1.3844553859698239,0,0
mahler,GPFA50,70,bounce,y,19,897,0.49631324757877304,0.4849700647262844,6.1385385906159273,6.3250875108461724,-0.011343182852488642,-0.18654892023024505
mahler,GPFA50,70,no_bounce,x,20,826,0.9256650603412826,0.9256650603412826,1.4190366694277836,1.4190366694277836,0,0
mahler,GPFA50,70,no_bounce,y,20,826,0.4967572409653202,0.44124137646967282,3.4978067451750632,3.5142765866555083,-0.055515864495647382,-0.016469841480445169
mahler,GPFA50,70,post_bounce,x,19,495,0.89429406838157866,0.89429406838157866,1.3335902744036894,1.3335902744036894,0,0
mahler,GPFA50,70,post_bounce,y,19,495,0.61772517614655031,0.61524614107072928,5.6956276958411216,5.9848439922032943,-0.0024790350758210344,-0.28921629636217272
mahler,FA50,71,full,x,40,1704,0.93336467309580096,0.93336467309580096,1.3020776123228104,1.3020776123228104,0,0
mahler,FA50,71,full,y,40,1704,0.55275888694845765,0.53224174624704523,4.5127337514502059,4.5031892023617006,-0.020517140701412417,0.0095445490885053275
mahler,FA50,71,visible,x,40,958,0.77955195982685588,0.77955195982685588,1.4778231689362504,1.4778231689362504,0,0
mahler,FA50,71,visible,y,40,958,0.46691110498214294,0.44260418722964023,4.7656652057840212,4.8081968898834564,-0.02430691775250271,-0.042531684099435196
mahler,FA50,71,hidden,x,40,706,0.75939201970760217,0.75939201970760217,1.0343146406530448,1.0343146406530448,0,0
mahler,FA50,71,hidden,y,40,706,0.64718626326127349,0.64048116277320233,4.2052891584158703,4.1059460772329439,-0.0067051004880711584,0.09934308118292634
mahler,FA50,71,bounce,x,15,684,0.93912131512386843,0.93912131512386843,1.2409021919901695,1.2409021919901695,0,0
mahler,FA50,71,bounce,y,15,684,0.60708267327120657,0.60402825488504264,5.8299083787504005,5.8987925894666331,-0.0030544183861639373,-0.06888421071623263
mahler,FA50,71,no_bounce,x,25,1020,0.92957715116594875,0.92957715116594875,1.3415394456231335,1.3415394456231335,0,0
mahler,FA50,71,no_bounce,y,25,1020,0.49578072475474505,0.4539105749429419,3.3510145123464055,3.2471150383247744,-0.041870149811803148,0.10389947402163102
mahler,FA50,71,post_bounce,x,15,352,0.91465132569344343,0.91465132569344343,1.0970527765885802,1.0970527765885802,0,0
mahler,FA50,71,post_bounce,y,15,352,0.6461610582381454,0.65465997124633779,5.6939149667735132,5.74947282739386,0.008498913008192388,-0.055557860620346844
mahler,GPFA50,71,full,x,40,1704,0.94237940261506092,0.94237940261506092,1.204737106669894,1.204737106669894,0,0
mahler,GPFA50,71,full,y,40,1704,0.58949644974457194,0.5684059819032089,4.3838671503175863,4.3863102830415013,-0.021090467841363036,-0.0024431327239149425
mahler,GPFA50,71,visible,x,40,958,0.81290794132104838,0.81290794132104838,1.3649235129195814,1.3649235129195814,0,0
mahler,GPFA50,71,visible,y,40,958,0.48883934996429851,0.46485815782209677,4.7278608694996107,4.7761633572450126,-0.023981192142201735,-0.048302487745401912
mahler,GPFA50,71,hidden,x,40,706,0.77712741496029436,0.77712741496029436,0.95344437392792403,0.95344437392792403,0,0
mahler,GPFA50,71,hidden,y,40,706,0.705963737197987,0.69925455091682831,3.908655975746683,3.824841360949379,-0.0067091862811586855,0.08381461479730401
mahler,GPFA50,71,bounce,x,15,684,0.95055278382364417,0.95055278382364417,1.1155794862748165,1.1155794862748165,0,0
mahler,GPFA50,71,bounce,y,15,684,0.63035722703552166,0.6309128255765355,5.6951555801513711,5.7520645112520414,0.00055559854101383532,-0.056908931100670301
mahler,GPFA50,71,no_bounce,x,25,1020,0.93713452665760288,0.93713452665760288,1.2609990895054974,1.2609990895054974,0,0
mahler,GPFA50,71,no_bounce,y,25,1020,0.55468167897174392,0.5059025663840041,3.2179897187175461,3.1550592641081048,-0.048779112587739815,0.062930454609441355
mahler,GPFA50,71,post_bounce,x,15,352,0.93045067128761105,0.93045067128761105,0.96403469049822288,0.96403469049822288,0,0
mahler,GPFA50,71,post_bounce,y,15,352,0.67914838935422661,0.69079800122435009,5.4528035911519641,5.4927913568665678,0.011649611870123477,-0.039987765714603718
mahler,FA50,72,full,x,39,1687,0.93022442419715445,0.93022442419715445,1.4136917533377227,1.4136917533377227,0,0
mahler,FA50,72,full,y,39,1687,0.49324307330202366,0.46585043547348176,4.1350141317920777,4.110843506719557,-0.027392637828541899,0.024170625072520657
mahler,FA50,72,visible,x,39,1001,0.777239368121181,0.777239368121181,1.6700141954064407,1.6700141954064407,0,0
mahler,FA50,72,visible,y,39,1001,0.37470424253233453,0.33987282839704902,4.4488224342619569,4.5197467322262943,-0.03483141413528551,-0.070924297964337413
mahler,FA50,72,hidden,x,39,647,0.79579433009434319,0.79579433009434319,0.91039112823256407,0.91039112823256407,0,0
mahler,FA50,72,hidden,y,39,647,0.63457118482701347,0.62891945033526797,3.6809828873703747,3.4751088858811778,-0.005651734491745497,0.20587400148919688
mahler,FA50,72,bounce,x,8,353,0.94092178849643637,0.94092178849643637,1.4309956829077768,1.4309956829077768,0,0
mahler,FA50,72,bounce,y,8,353,0.65370682538589553,0.62852703742810512,5.2150995320763984,5.218746932128119,-0.025179787957790412,-0.0036474000517205951
mahler,FA50,72,no_bounce,x,31,1334,0.92758907196406382,0.92758907196406382,1.409077272722201,1.409077272722201,0,0
mahler,FA50,72,no_bounce,y,31,1334,0.42951155348304026,0.40131874879412599,3.7981559530017264,3.7634917843294309,-0.028192804688914275,0.034664168672295492
mahler,FA50,72,post_bounce,x,8,172,0.95238408079099823,0.95238408079099823,0.95546675050731822,0.95546675050731822,0,0
mahler,FA50,72,post_bounce,y,8,172,0.72211908633650634,0.69257395724706428,5.1129532140376783,5.0723628862017165,-0.029545129089442068,0.040590327835961837
mahler,GPFA50,72,full,x,39,1687,0.94129986429561607,0.94129986429561607,1.295441671880464,1.295441671880464,0,0
mahler,GPFA50,72,full,y,39,1687,0.56127254409163463,0.53916354509342002,3.8631719653996708,3.8038069802065326,-0.022108998998214613,0.059364985193138153
mahler,GPFA50,72,visible,x,39,1001,0.81633270881552944,0.81633270881552944,1.536990312189116,1.536990312189116,0,0
mahler,GPFA50,72,visible,y,39,1001,0.43961205742829051,0.41322860325485972,4.1815891603509705,4.2106462451978555,-0.026383454173430798,-0.029057084846884962
mahler,GPFA50,72,hidden,x,39,647,0.8354311203601017,0.8354311203601017,0.81493316295343932,0.81493316295343932,0,0
mahler,GPFA50,72,hidden,y,39,647,0.69820991401769306,0.6977821574284323,3.38843894879777,3.1474507374430574,-0.00042775658926075266,0.2409882113547126
mahler,GPFA50,72,bounce,x,8,353,0.94756930367958714,0.94756930367958714,1.3149294006959129,1.3149294006959129,0,0
mahler,GPFA50,72,bounce,y,8,353,0.70698890537624826,0.6845860915299109,4.8934864091840176,4.9105220837479999,-0.022402813846337355,-0.017035674563982361
mahler,GPFA50,72,no_bounce,x,31,1334,0.93957192347071583,0.93957192347071583,1.2902356255456546,1.2902356255456546,0,0
mahler,GPFA50,72,no_bounce,y,31,1334,0.48947953422073992,0.46502189880602102,3.5407184712466844,3.4520864044956139,-0.024457635414718903,0.088632066751070493
mahler,GPFA50,72,post_bounce,x,8,172,0.9591441221551259,0.9591441221551259,0.88783540472803801,0.88783540472803801,0,0
mahler,GPFA50,72,post_bounce,y,8,172,0.77375760684723616,0.74245941502070545,4.7933236783973037,4.8051935295662904,-0.031298191826530708,-0.011869851168986756
mahler,FA50,73,full,x,40,1766,0.93081715994617664,0.93081715994617664,1.3533006924007103,1.3533006924007103,0,0
mahler,FA50,73,full,y,40,1766,0.44214188353484418,0.42701841117614248,4.5820894027121168,4.6043482155562829,-0.015123472358701706,-0.022258812844166087
mahler,FA50,73,visible,x,40,1025,0.78307861758131958,0.78307861758131958,1.5545575420649855,1.5545575420649855,0,0
mahler,FA50,73,visible,y,40,1025,0.2930372398194161,0.28396086892035494,5.174577545647276,5.1826366637858436,-0.0090763708990611591,-0.0080591181385676336
mahler,FA50,73,hidden,x,40,701,0.77980323860733936,0.77980323860733936,0.99925226547170343,0.99925226547170343,0,0
mahler,FA50,73,hidden,y,40,701,0.63962949200462538,0.62150478870433545,3.6053254412036488,3.657946389528421,-0.018124703300289924,-0.052620948324772154
mahler,FA50,73,bounce,x,12,522,0.9430015635151705,0.9430015635151705,1.2791080043553114,1.2791080043553114,0,0
mahler,FA50,73,bounce,y,12,522,0.53007580225696183,0.5062109157680903,6.0413078591046441,6.2705232150060013,-0.023864886488871528,-0.22921535590135722
mahler,FA50,73,no_bounce,x,28,1244,0.92666172954158221,0.92666172954158221,1.3832482443398022,1.3832482443398022,0,0
mahler,FA50,73,no_bounce,y,28,1244,0.3877580831412652,0.37899899575133178,3.806671069295628,3.6873906187894203,-0.0087590873899334176,0.11928045050620772
mahler,FA50,73,post_bounce,x,12,297,0.94337469697138432,0.94337469697138432,1.0842062673830617,1.0842062673830617,0,0
mahler,FA50,73,post_bounce,y,12,297,0.58715976384165569,0.56268343808415633,5.6913876757740036,6.0439983584933987,-0.024476325757499362,-0.35261068271939511
mahler,GPFA50,73,full,x,40,1766,0.93517601059137212,0.93517601059137212,1.3092112362640953,1.3092112362640953,0,0
mahler,GPFA50,73,full,y,40,1766,0.46630418562167614,0.4513034904400362,4.553535694766297,4.5815703164017085,-0.015000695181639934,-0.028034621635411483
mahler,GPFA50,73,visible,x,40,1025,0.80329482379998907,0.80329482379998907,1.4854935693429947,1.4854935693429947,0,0
mahler,GPFA50,73,visible,y,40,1025,0.30111913456966194,0.28250305158366107,5.2111513214322951,5.2542873426716072,-0.01861608298600087,-0.04313602123931215
mahler,GPFA50,73,hidden,x,40,701,0.77458654136667437,0.77458654136667437,1.013029816745374,1.013029816745374,0,0
mahler,GPFA50,73,hidden,y,40,701,0.68279331412740241,0.6769765097009397,3.438925899188785,3.4356333273690285,-0.0058168044264627072,0.0032925718197565068
mahler,GPFA50,73,bounce,x,12,522,0.94311844488003227,0.94311844488003227,1.2863667044444973,1.2863667044444973,0,0
mahler,GPFA50,73,bounce,y,12,522,0.53388486068792096,0.50155679639739359,6.0045777637681441,6.2690654230506029,-0.03232806429052737,-0.26448765928245876
mahler,GPFA50,73,no_bounce,x,28,1244,0.93338169467364407,0.93338169467364407,1.3186792568899481,1.3186792568899481,0,0
mahler,GPFA50,73,no_bounce,y,28,1244,0.40994351464141887,0.40902469345171405,3.7823387771947012,3.6479426925561533,-0.00091882118970482152,0.13439608463854791
mahler,GPFA50,73,post_bounce,x,12,297,0.94259087152905618,0.94259087152905618,1.104003312690214,1.104003312690214,0,0
mahler,GPFA50,73,post_bounce,y,12,297,0.60022357626245593,0.56807165456539555,5.6224608323893888,5.9997667266775334,-0.032151921697060382,-0.37730589428814465
mahler,FA50,74,full,x,40,1718,0.92955745282221669,0.92955745282221669,1.3400798065979271,1.3400798065979271,0,0
mahler,FA50,74,full,y,40,1718,0.52092165403992496,0.48509590674702469,4.342526528532507,4.4980154138356143,-0.035825747292900278,-0.15548888530310734
mahler,FA50,74,visible,x,40,972,0.79734857273125115,0.79734857273125115,1.4138089498473341,1.4138089498473341,0,0
mahler,FA50,74,visible,y,40,972,0.46798913675110293,0.45420723869105928,4.4726875336189984,4.4946461809854794,-0.013781898060043651,-0.02195864736648101
mahler,FA50,74,hidden,x,40,706,0.7123294382691443,0.7123294382691443,1.2334969942884004,1.2334969942884004,0,0
mahler,FA50,74,hidden,y,40,706,0.57292992854983704,0.51015959544852651,4.1863694487459915,4.539374286404013,-0.062770333101310527,-0.35300483765802149
mahler,FA50,74,bounce,x,14,609,0.91939469585279743,0.91939469585279743,1.4369215114970426,1.4369215114970426,0,0
mahler,FA50,74,bounce,y,14,609,0.6006949160705003,0.56495033303650533,5.5922104731791613,6.0270185585684759,-0.03574458303399497,-0.43480808538931459
mahler,FA50,74,no_bounce,x,26,1109,0.93592120933464118,0.93592120933464118,1.2837963282135096,1.2837963282135096,0,0
mahler,FA50,74,no_bounce,y,26,1109,0.47589364256267525,0.44858645213339721,3.4698367677212465,3.3756307092157276,-0.027307190429278039,0.094206058505518886
mahler,FA50,74,post_bounce,x,14,337,0.89670321514821039,0.89670321514821039,1.4060303437396562,1.4060303437396562,0,0
mahler,FA50,74,post_bounce,y,14,337,0.67218900760488098,0.62777721288336907,5.185202938400443,5.883926190028717,-0.04441179472151191,-0.69872325162827398
mahler,GPFA50,74,full,x,40,1718,0.939263825589847,0.939263825589847,1.2388916322332575,1.2388916322332575,0,0
mahler,GPFA50,74,full,y,40,1718,0.61364733038768693,0.57732065844600333,3.9986311382222186,4.1791300069515129,-0.036326671941683597,-0.18049886872929433
mahler,GPFA50,74,visible,x,40,972,0.83541900075103603,0.83541900075103603,1.2825710048255989,1.2825710048255989,0,0
mahler,GPFA50,74,visible,y,40,972,0.55819970028154264,0.54500752944086828,4.1736319097602088,4.2058084763714056,-0.013192170840674367,-0.032176566611196833
mahler,GPFA50,74,hidden,x,40,706,0.72416465822832343,0.72416465822832343,1.1813832953361565,1.1813832953361565,0,0
mahler,GPFA50,74,hidden,y,40,706,0.6714789033422095,0.60713180751753493,3.7768846532955536,4.180524022985181,-0.064347095824674572,-0.40363936968962744
mahler,GPFA50,74,bounce,x,14,609,0.93111662608535029,0.93111662608535029,1.3091479790245539,1.3091479790245539,0,0
mahler,GPFA50,74,bounce,y,14,609,0.7158360801446958,0.68275393168823317,4.9928602257802721,5.4673474806558691,-0.033082148456462623,-0.47448725487559695
mahler,GPFA50,74,no_bounce,x,26,1109,0.94406083421080111,0.94406083421080111,1.1985604079111667,1.1985604079111667,0,0
mahler,GPFA50,74,no_bounce,y,26,1109,0.53028303322469139,0.49593519236350836,3.3286525275968444,3.262062882389257,-0.034347840861183032,0.066589645207587367
mahler,GPFA50,74,post_bounce,x,14,337,0.90489840744181393,0.90489840744181393,1.3286072450180857,1.3286072450180857,0,0
mahler,GPFA50,74,post_bounce,y,14,337,0.78840731967623867,0.74991903657911341,4.4714567451400287,5.2132142097800527,-0.038488283097125264,-0.74175746464002401
mahler,FA50,75,full,x,39,1629,0.93137457381974376,0.93137457381974376,1.3141904302855891,1.3141904302855891,0,0
mahler,FA50,75,full,y,39,1629,0.46931330303148655,0.4614108435632957,4.2607993847703369,4.2428625596149701,-0.0079024594681908478,0.017936825155366876
mahler,FA50,75,visible,x,39,935,0.78788138106737304,0.78788138106737304,1.4686451695213179,1.4686451695213179,0,0
mahler,FA50,75,visible,y,39,935,0.3847799728327464,0.37550452398269857,4.5265055340094298,4.5187472338318635,-0.0092754488500478294,0.0077583001775662908
mahler,FA50,75,hidden,x,39,655,0.73735666032579594,0.73735666032579594,1.0702199944266793,1.0702199944266793,0,0
mahler,FA50,75,hidden,y,39,655,0.59693507796554546,0.58231534762707671,3.9040895765800139,3.871324983133738,-0.01461973033846875,0.032764593446275914
mahler,FA50,75,bounce,x,8,384,0.92178472451407367,0.92178472451407367,1.4014642518082399,1.4014642518082399,0,0
mahler,FA50,75,bounce,y,8,384,0.65787711685939487,0.65888091254758796,5.3569917474868252,5.7037861895841333,0.0010037956881930876,-0.34679444209730814
mahler,FA50,75,no_bounce,x,31,1245,0.93519740155653441,0.93519740155653441,1.2860777489530122,1.2860777489530122,0,0
mahler,FA50,75,no_bounce,y,31,1245,0.37633098908405688,0.3626544818261947,3.8603899029413613,3.6769472877896074,-0.01367650725786218,0.18344261515175386
mahler,FA50,75,post_bounce,x,8,219,0.91097490469760189,0.91097490469760189,1.2690781859694462,1.2690781859694462,0,0
mahler,FA50,75,post_bounce,y,8,219,0.70767919702477766,0.70887870214179483,5.0992741261509975,5.6642900812087333,0.0011995051170171633,-0.56501595505773583
mahler,GPFA50,75,full,x,39,1629,0.93387288483109887,0.93387288483109887,1.2911565900172697,1.2911565900172697,0,0
mahler,GPFA50,75,full,y,39,1629,0.50467856601662275,0.50959294470224126,4.1486106083582932,4.0799690352648987,0.0049143786856185034,0.06864157309339447
mahler,GPFA50,75,visible,x,39,935,0.79564003914161785,0.79564003914161785,1.445103456264732,1.445103456264732,0,0
mahler,GPFA50,75,visible,y,39,935,0.39442391374763286,0.39722681309624791,4.4944723675878038,4.4496799242216936,0.0028028993486150511,0.044792443366110213
mahler,GPFA50,75,hidden,x,39,655,0.75188087858290653,0.75188087858290653,1.0468813776513162,1.0468813776513162,0,0
mahler,GPFA50,75,hidden,y,39,655,0.66581784796570642,0.66590125511904519,3.6436061010201262,3.5300049092596151,8.3407153338765916e-05,0.11360119176051109
mahler,GPFA50,75,bounce,x,8,384,0.93123085254105176,0.93123085254105176,1.3210669028117454,1.3210669028117454,0,0
mahler,GPFA50,75,bounce,y,8,384,0.70195365927778475,0.71924747727295313,5.0697510907709855,5.3355744584189839,0.017293817995168381,-0.26582336764799841
mahler,GPFA50,75,no_bounce,x,31,1245,0.93583581115435255,0.93583581115435255,1.2817904139452065,1.2817904139452065,0,0
mahler,GPFA50,75,no_bounce,y,31,1245,0.39793686263280731,0.38797933915127231,3.8199389875145027,3.6055207283705553,-0.0099575234815350022,0.21441825914394741
mahler,GPFA50,75,post_bounce,x,8,219,0.91873316125264082,0.91873316125264082,1.1908455051006011,1.1908455051006011,0,0
mahler,GPFA50,75,post_bounce,y,8,219,0.75888688406262172,0.78242421939891216,4.6935861209679626,5.106214749391718,0.023537335336290433,-0.41262862842375547
mahler,FA50,76,full,x,40,1648,0.92823916966550546,0.92823916966550546,1.3202020171009152,1.3202020171009152,0,0
mahler,FA50,76,full,y,40,1648,0.49265284161029349,0.47769119414719913,4.8790123734739765,4.9522106868006706,-0.014961647463094363,-0.07319831332669402
mahler,FA50,76,visible,x,40,938,0.79067413183989776,0.79067413183989776,1.4138958608186367,1.4138958608186367,0,0
mahler,FA50,76,visible,y,40,938,0.40503639000648217,0.38974968504723401,5.0529302100736535,5.0679874888201484,-0.015286704959248165,-0.015057278746494873
mahler,FA50,76,hidden,x,40,670,0.69425474315120161,0.69425474315120161,1.1960073874543395,1.1960073874543395,0,0
mahler,FA50,76,hidden,y,40,670,0.58690382038987821,0.57110419059957562,4.657741295860502,4.8193401103017823,-0.015799629790302583,-0.16159881444128033
mahler,FA50,76,bounce,x,18,853,0.917810168150484,0.917810168150484,1.4225921540826223,1.4225921540826223,0,0
mahler,FA50,76,bounce,y,18,853,0.55581425818079933,0.55117132265832669,5.7102297055977136,5.9382371041426429,-0.0046429355224726354,-0.22800739854492935
mahler,FA50,76,no_bounce,x,22,795,0.94224274221487136,0.94224274221487136,1.2006705204549915,1.2006705204549915,0,0
mahler,FA50,76,no_bounce,y,22,795,0.42982853512058899,0.40326886468126866,3.7895441025157566,3.6059257575476331,-0.026559670439320338,0.18361834496812346
mahler,FA50,76,post_bounce,x,18,419,0.90333571022471981,0.90333571022471981,1.2945099142949297,1.2945099142949297,0,0
mahler,FA50,76,post_bounce,y,18,419,0.57325725111650727,0.5795545643500214,5.7889130388335852,6.1688274416769486,0.0062973132335141235,-0.37991440284336342
mahler,GPFA50,76,full,x,40,1648,0.92672941498885286,0.92672941498885286,1.3427992019768822,1.3427992019768822,0,0
mahler,GPFA50,76,full,y,40,1648,0.53437752768608471,0.52457340312115563,4.7378416106117474,4.8011755295825767,-0.0098041245649290731,-0.063333918970829295
mahler,GPFA50,76,visible,x,40,938,0.78964660339758064,0.78964660339758064,1.4373673474159629,1.4373673474159629,0,0
mahler,GPFA50,76,visible,y,40,938,0.4544141518436593,0.43936263705987144,4.9091354658213415,4.9303788719717536,-0.015051514783787856,-0.021243406150412092
mahler,GPFA50,76,hidden,x,40,670,0.68617200040015591,0.68617200040015591,1.2177462996332087,1.2177462996332087,0,0
mahler,GPFA50,76,hidden,y,40,670,0.61711820653934024,0.61202842386164769,4.5227864235509285,4.6496621767189623,-0.0050897826776925559,-0.12687575316803379
mahler,GPFA50,76,bounce,x,18,853,0.91184097789083352,0.91184097789083352,1.4861034072678139,1.4861034072678139,0,0
mahler,GPFA50,76,bounce,y,18,853,0.59108871628410975,0.59628544718551868,5.561234503176312,5.7564620070920158,0.0051967309014089302,-0.19522750391570387
mahler,GPFA50,76,no_bounce,x,22,795,0.94639139666808514,0.94639139666808514,1.1696752405458681,1.1696752405458681,0,0
mahler,GPFA50,76,no_bounce,y,22,795,0.49177988711215193,0.46066652782705458,3.6535293639757849,3.4971296258672999,-0.031113359285097342,0.15639973810848495
mahler,GPFA50,76,post_bounce,x,18,419,0.8965162525791236,0.8965162525791236,1.3249299713657836,1.3249299713657836,0,0
mahler,GPFA50,76,post_bounce,y,18,419,0.61149883695642682,0.6317339878780045,5.606493988230695,5.9382369751114936,0.020235150921577683,-0.33174298688079862
mahler,FA50,77,full,x,40,1741,0.91504243650128692,0.91504243650128692,1.4632773293577157,1.4632773293577157,0,0
mahler,FA50,77,full,y,40,1741,0.41758155177756123,0.38441278788500327,5.2024239831183348,5.3105882078242628,-0.033168763892557962,-0.10816422470592801
mahler,FA50,77,visible,x,40,999,0.74433501189775342,0.74433501189775342,1.620477510345212,1.620477510345212,0,0
mahler,FA50,77,visible,y,40,999,0.40591198295777325,0.39854029233596616,5.1207663382816548,5.1235447354539492,-0.0073716906218070921,-0.0027783971722943335
mahler,FA50,77,hidden,x,40,702,0.72921644652683282,0.72921644652683282,1.2156723358139649,1.2156723358139649,0,0
mahler,FA50,77,hidden,y,40,702,0.45679086434537081,0.39319618296133563,5.3470203558836831,5.5962689134151447,-0.063594681384035179,-0.24924855753146158
mahler,FA50,77,bounce,x,16,739,0.90401758033450796,0.90401758033450796,1.5367604765512533,1.5367604765512533,0,0
mahler,FA50,77,bounce,y,16,739,0.52857500189457662,0.50237398911786424,6.8569951118279722,7.0980439969169025,-0.026201012776712385,-0.2410488850889303
mahler,FA50,77,no_bounce,x,24,1002,0.92300277922867424,0.92300277922867424,1.4066241609950398,1.4066241609950398,0,0
mahler,FA50,77,no_bounce,y,24,1002,0.49079931207669847,0.46030391790840514,3.5141509717552259,3.4415303484605513,-0.030495394168293333,0.072620623294674669
mahler,FA50,77,post_bounce,x,16,372,0.89284108944192386,0.89284108944192386,1.2393071966366951,1.2393071966366951,0,0
mahler,FA50,77,post_bounce,y,16,372,0.55663532515534286,0.51505457940598731,7.1159076918948809,7.5725904703355376,-0.041580745749355552,-0.45668277844065663
mahler,GPFA50,77,full,x,40,1741,0.92164139084254504,0.92164139084254504,1.4096081599284485,1.4096081599284485,0,0
mahler,GPFA50,77,full,y,40,1741,0.42987947720860809,0.39605635326350019,5.1846357958592666,5.289865386710634,-0.033823123945107891,-0.1052295908513674
mahler,GPFA50,77,visible,x,40,999,0.76628718223803816,0.76628718223803816,1.5590653440711124,1.5590653440711124,0,0
mahler,GPFA50,77,visible,y,40,999,0.40887106041440441,0.40197901896299865,5.1355209698155813,5.1272913978345329,-0.0068920414514057615,0.0082295719810483448
mahler,GPFA50,77,hidden,x,40,702,0.73632035912329996,0.73632035912329996,1.1809769784897044,1.1809769784897044,0,0
mahler,GPFA50,77,hidden,y,40,702,0.48245196311252797,0.4165514916944531,5.2891497502837979,5.5477900550054988,-0.065900471418074869,-0.25864030472170096
mahler,GPFA50,77,bounce,x,16,739,0.90615229083605564,0.90615229083605564,1.5179476735845274,1.5179476735845274,0,0
mahler,GPFA50,77,bounce,y,16,739,0.51634553591350041,0.48877023775651374,6.9417566428017965,7.1589782920972027,-0.027575298156986672,-0.21722164929540622
mahler,GPFA50,77,no_bounce,x,24,1002,0.93280530153188934,0.93280530153188934,1.3240371574852117,1.3240371574852117,0,0
mahler,GPFA50,77,no_bounce,y,24,1002,0.55061107743912663,0.51271374350713572,3.3414978988921722,3.2896395182553877,-0.037897333931990906,0.051858380636784496
mahler,GPFA50,77,post_bounce,x,16,372,0.89586922456397688,0.89586922456397688,1.2002981314673093,1.2002981314673093,0,0
mahler,GPFA50,77,post_bounce,y,16,372,0.55687791733292225,0.51402120141661101,7.1506438907756937,7.6006461203124909,-0.042856715916311239,-0.45000222953679714
mahler,FA50,78,full,x,40,1668,0.92670056769382791,0.92670056769382791,1.4633656819748821,1.4633656819748821,0,0
mahler,FA50,78,full,y,40,1668,0.53829688682907384,0.52445288375113164,4.2804166778890975,4.2387996034483031,-0.013844003077942202,0.041617074440794433
mahler,FA50,78,visible,x,40,989,0.76684486379168004,0.76684486379168004,1.7412305724330022,1.7412305724330022,0,0
mahler,FA50,78,visible,y,40,989,0.47668880266889152,0.45777158340237328,4.5273799053400623,4.5607039989205251,-0.018917219266518237,-0.033324093580462844
mahler,FA50,78,hidden,x,40,639,0.79389005539406454,0.79389005539406454,0.91582520017299429,0.91582520017299429,0,0
mahler,FA50,78,hidden,y,40,639,0.62742055395546681,0.62304302104385123,3.9628636571863889,3.7833774430470104,-0.0043775329116155781,0.17948621413937849
mahler,FA50,78,bounce,x,12,527,0.94345579345619301,0.94345579345619301,1.557564539090688,1.557564539090688,0,0
mahler,FA50,78,bounce,y,12,527,0.66995985711774986,0.65886905853284095,5.3703238980241785,5.4626927029378978,-0.011090798584908912,-0.092368804913719238
mahler,FA50,78,no_bounce,x,28,1141,0.92329288020337541,0.92329288020337541,1.4177461119054859,1.4177461119054859,0,0
mahler,FA50,78,no_bounce,y,28,1141,0.44276167696519331,0.42656509280131005,3.6693009837309369,3.5331715821959593,-0.016196584163883254,0.13612940153497766
mahler,FA50,78,post_bounce,x,12,317,0.94274691638647601,0.94274691638647601,1.060495712032498,1.060495712032498,0,0
mahler,FA50,78,post_bounce,y,12,317,0.70603256307520224,0.69019833050738133,5.0390190005729947,5.1732598851641081,-0.015834232567820905,-0.13424088459111339
mahler,GPFA50,78,full,x,40,1668,0.92696211686478247,0.92696211686478247,1.462388099126201,1.462388099126201,0,0
mahler,GPFA50,78,full,y,40,1668,0.59030923849074157,0.58291816007512454,4.2380858790773184,4.1181077436499915,-0.0073910784156170362,0.11997813542732683
mahler,GPFA50,78,visible,x,40,989,0.76111171036548342,0.76111171036548342,1.7549820820834816,1.7549820820834816,0,0
mahler,GPFA50,78,visible,y,40,989,0.4923208032493675,0.48533345669937406,4.6144806960131755,4.558566719732589,-0.0069873465499934451,0.055913976280586475
mahler,GPFA50,78,hidden,x,40,639,0.80245379081588553,0.80245379081588553,0.87806070391927815,0.87806070391927815,0,0
mahler,GPFA50,78,hidden,y,40,639,0.72515870436663399,0.72413309146364002,3.686639550011539,3.4294744797833148,-0.0010256129029939665,0.25716507022822421
mahler,GPFA50,78,bounce,x,12,527,0.93895765371066908,0.93895765371066908,1.6472997831946656,1.6472997831946656,0,0
mahler,GPFA50,78,bounce,y,12,527,0.6695835778708491,0.67736774776236819,5.5010368623140078,5.3889991544160871,0.0077841698915190882,0.11203770789792067
mahler,GPFA50,78,no_bounce,x,28,1141,0.92875480877238747,0.92875480877238747,1.3685731156039944,1.3685731156039944,0,0
mahler,GPFA50,78,no_bounce,y,28,1141,0.49787575515370064,0.47902820368234394,3.5043239976610785,3.37315873513682,-0.018847551471356694,0.13116526252425853
mahler,GPFA50,78,post_bounce,x,12,317,0.94897299685382608,0.94897299685382608,1.0185358092943253,1.0185358092943253,0,0
mahler,GPFA50,78,post_bounce,y,12,317,0.74426709421405246,0.74020826453764088,4.8314273959243446,4.8428667853896581,-0.0040588296764115794,-0.011439389465313532
mahler,FA50,79,full,x,39,1649,0.92056336330838373,0.92056336330838373,1.5194515933161965,1.5194515933161965,0,0
mahler,FA50,79,full,y,39,1649,0.52386672250472843,0.49449495871631549,4.2301092806783123,4.2679006731806588,-0.029371763788412941,-0.037791392502346532
mahler,FA50,79,visible,x,39,968,0.76736442082423673,0.76736442082423673,1.771421148894011,1.771421148894011,0,0
mahler,FA50,79,visible,y,39,968,0.47013966724608552,0.45739542501999586,4.4516446448225784,4.4588178064765316,-0.012744242226089664,-0.0071731616539532084
mahler,FA50,79,hidden,x,39,642,0.76890110052454808,0.76890110052454808,1.0695285893708597,1.0695285893708597,0,0
mahler,FA50,79,hidden,y,39,642,0.58377614297350067,0.53358941388689518,3.9450171470401099,4.0391850393806674,-0.050186729086605486,-0.094167892340557557
mahler,FA50,79,bounce,x,10,452,0.89777003939205902,0.89777003939205902,1.728853186510998,1.728853186510998,0,0
mahler,FA50,79,bounce,y,10,452,0.64215017793329054,0.61549577274662426,5.6234960656497615,5.9497759624634909,-0.026654405186666286,-0.32627989681372949
mahler,FA50,79,no_bounce,x,29,1197,0.93012103268114865,0.93012103268114865,1.4324392750616506,1.4324392750616506,0,0
mahler,FA50,79,no_bounce,y,29,1197,0.44962097280364544,0.41758694714244265,3.56500683135374,3.4242940978260488,-0.032034025661202781,0.1407127335276912
mahler,FA50,79,post_bounce,x,10,254,0.88454760673797939,0.88454760673797939,1.2781287173032909,1.2781287173032909,0,0
mahler,FA50,79,post_bounce,y,10,254,0.69411587534440178,0.65703361958568851,5.2479009493345954,5.7979713282955512,-0.037082255758713267,-0.55007037896095579
mahler,GPFA50,79,full,x,39,1649,0.93237483375969199,0.93237483375969199,1.4096627402364807,1.4096627402364807,0,0
mahler,GPFA50,79,full,y,39,1649,0.59289581349043452,0.55975983188248246,4.0182893849951462,4.0739098876676509,-0.033135981607952059,-0.055620502672504735
mahler,GPFA50,79,visible,x,39,968,0.80858408072211951,0.80858408072211951,1.6374041440299407,1.6374041440299407,0,0
mahler,GPFA50,79,visible,y,39,968,0.52199880942096522,0.51539598422228694,4.327936817353601,4.3118065065866107,-0.0066028251986782749,0.016130310766990341
mahler,GPFA50,79,hidden,x,39,642,0.78774249855828393,0.78774249855828393,1.0067006617876826,1.0067006617876826,0,0
mahler,GPFA50,79,hidden,y,39,642,0.68049354829744191,0.61313237972261725,3.5635981096215912,3.7526475588926593,-0.067361168574824659,-0.18904944927106815
mahler,GPFA50,79,bounce,x,10,452,0.91059089250263514,0.91059089250263514,1.6312554862367503,1.6312554862367503,0,0
mahler,GPFA50,79,bounce,y,10,452,0.70180573555731607,0.67177236494822146,5.2066478829223231,5.558713225728984,-0.030033370609094612,-0.35206534280666091
mahler,GPFA50,79,no_bounce,x,29,1197,0.94156061535610258,0.94156061535610258,1.3163197958161363,1.3163197958161363,0,0
mahler,GPFA50,79,no_bounce,y,29,1197,0.5147267197662061,0.47646782960935868,3.4651233811913205,3.3460343079623032,-0.038258890156847414,0.11908907322901729
mahler,GPFA50,79,post_bounce,x,10,254,0.88864984715194362,0.88864984715194362,1.2414173145399232,1.2414173145399232,0,0
mahler,GPFA50,79,post_bounce,y,10,254,0.76710598980982092,0.71849238373732627,4.6530883896059061,5.2898522679657498,-0.048613606072494653,-0.63676387835984372
mahler,FA50,80,full,x,39,1556,0.9228683241812643,0.9228683241812643,1.4112092156674982,1.4112092156674982,0,0
mahler,FA50,80,full,y,39,1556,0.56673994367469371,0.54997759988690598,4.3898181581855242,4.3535888477088109,-0.016762343787787737,0.036229310476713295
mahler,FA50,80,visible,x,39,895,0.7603586528460321,0.7603586528460321,1.6156947701655553,1.6156947701655553,0,0
mahler,FA50,80,visible,y,39,895,0.52488846915369725,0.50681729965478461,4.587292516917886,4.6315462524888007,-0.018071169498912631,-0.044253735570914721
mahler,FA50,80,hidden,x,39,622,0.77263639172322862,0.77263639172322862,1.0645339358546586,1.0645339358546586,0,0
mahler,FA50,80,hidden,y,39,622,0.60560542722908384,0.59714052189890576,4.1487058641638246,3.9817916484786755,-0.0084649053301780741,0.16691421568514908
mahler,FA50,80,bounce,x,11,501,0.93303691927153776,0.93303691927153776,1.4897967922437556,1.4897967922437556,0,0
mahler,FA50,80,bounce,y,11,501,0.66756884183991849,0.65788770020593568,5.4902849100478015,5.4950913081300135,-0.0096811416339828149,-0.004806398082211949
mahler,FA50,80,no_bounce,x,28,1055,0.92414772530830058,0.92414772530830058,1.3723142943545596,1.3723142943545596,0,0
mahler,FA50,80,no_bounce,y,28,1055,0.48581538925618634,0.45614614403322246,3.755961575548123,3.6898480837206122,-0.02966924522296388,0.066113491827510806
mahler,FA50,80,post_bounce,x,11,258,0.9297761750907878,0.9297761750907878,1.0924522808323514,1.0924522808323514,0,0
mahler,FA50,80,post_bounce,y,11,258,0.69125606989004829,0.69226159428722245,5.4771056185509615,5.3770585099197845,0.0010055243971741623,0.10004710863117694
mahler,GPFA50,80,full,x,39,1556,0.92477234996396407,0.92477234996396407,1.3964970033061566,1.3964970033061566,0,0
mahler,GPFA50,80,full,y,39,1556,0.65718953854881601,0.62636112875442485,4.0357068664884217,4.0786459611511878,-0.030828409794391165,-0.042939094662766131
mahler,GPFA50,80,visible,x,39,895,0.76727016473723775,0.76727016473723775,1.5939940733799614,1.5939940733799614,0,0
mahler,GPFA50,80,visible,y,39,895,0.6204939005541088,0.58755363620514645,4.2645166886852639,4.3880272153557351,-0.032940264348962356,-0.12351052667047124
mahler,GPFA50,80,hidden,x,39,622,0.77801283973739388,0.77801283973739388,1.0762816231515639,1.0762816231515639,0,0
mahler,GPFA50,80,hidden,y,39,622,0.69659133721902255,0.67568747551785269,3.7470313201546368,3.6535125131034532,-0.020903861701169868,0.09351880705118365
mahler,GPFA50,80,bounce,x,11,501,0.93789076397962301,0.93789076397962301,1.4478408328560506,1.4478408328560506,0,0
mahler,GPFA50,80,bounce,y,11,501,0.75445673337954489,0.72150319826200793,4.9409340090515803,5.1128081615303129,-0.032953535117536958,-0.17187415247873261
mahler,GPFA50,80,no_bounce,x,28,1055,0.9250433706611586,0.9250433706611586,1.3714417832596526,1.3714417832596526,0,0
mahler,GPFA50,80,no_bounce,y,28,1055,0.56786660030684233,0.53181332800403658,3.52534972533351,3.4815784158190564,-0.03605327230280575,0.043771309514453627
mahler,GPFA50,80,post_bounce,x,11,258,0.92820308021763154,0.92820308021763154,1.124575188645881,1.124575188645881,0,0
mahler,GPFA50,80,post_bounce,y,11,258,0.79942900052115184,0.78024358886047829,4.8109675256117219,4.8437136965023457,-0.019185411660673557,-0.032746170890623816
mahler,FA50,81,full,x,39,1662,0.92825064752940656,0.92825064752940656,1.4980738525546862,1.4980738525546862,0,0
mahler,FA50,81,full,y,39,1662,0.57783399093779497,0.56902617510476905,4.1155659552891271,4.1131963159153617,-0.0088078158330259226,0.002369639373765331
mahler,FA50,81,visible,x,39,979,0.77791539218360473,0.77791539218360473,1.7793465151441994,1.7793465151441994,0,0
mahler,FA50,81,visible,y,39,979,0.47748137229206783,0.471078113634395,4.3836160985328876,4.3792410185665194,-0.0064032586576728279,0.0043750799663682116
mahler,FA50,81,hidden,x,39,644,0.75293784241207062,0.75293784241207062,0.96455240502775175,0.96455240502775175,0,0
mahler,FA50,81,hidden,y,39,644,0.69841072029900975,0.6850120252781956,3.7308097704052812,3.7320617557932181,-0.013398695020814144,-0.0012519853879369158
mahler,FA50,81,bounce,x,12,552,0.9366486695249997,0.9366486695249997,1.504785128181696,1.504785128181696,0,0
mahler,FA50,81,bounce,y,12,552,0.68314127063024421,0.67101638824237331,5.05364972847745,5.2767186418227263,-0.012124882387870906,-0.22306891334527634
mahler,FA50,81,no_bounce,x,27,1110,0.92539026005610603,0.92539026005610603,1.4947251346551458,1.4947251346551458,0,0
mahler,FA50,81,no_bounce,y,27,1110,0.44754945201681878,0.43976386360472353,3.5581433622484648,3.3889857081167829,-0.0077855884120952568,0.16915765413168193
mahler,FA50,81,post_bounce,x,12,258,0.90727717577543643,0.90727717577543643,1.2000746048348099,1.2000746048348099,0,0
mahler,FA50,81,post_bounce,y,12,258,0.76762315463372599,0.75097075960505244,4.7385934406264916,5.1906973900933409,-0.01665239502867355,-0.45210394946684929
mahler,GPFA50,81,full,x,39,1662,0.9318109439595037,0.9318109439595037,1.4821981896484047,1.4821981896484047,0,0
mahler,GPFA50,81,full,y,39,1662,0.57793811289819308,0.57346740413663155,4.2702191520752839,4.2320344807242325,-0.004470708761561526,0.038184671351051414
mahler,GPFA50,81,visible,x,39,979,0.78198154573441447,0.78198154573441447,1.77712783504495,1.77712783504495,0,0
mahler,GPFA50,81,visible,y,39,979,0.46562823326349684,0.4678164658862215,4.6157482473228741,4.56448233716901,0.0021882326227246618,0.051265910153864169
mahler,GPFA50,81,hidden,x,39,644,0.78484201735188197,0.78484201735188197,0.90876888799084221,0.90876888799084221,0,0
mahler,GPFA50,81,hidden,y,39,644,0.71152609682114032,0.69770061952846496,3.7548592977131707,3.7382407034197986,-0.013825477292675359,0.016618594293372091
mahler,GPFA50,81,bounce,x,12,552,0.93257909666181238,0.93257909666181238,1.5961831392848358,1.5961831392848358,0,0
mahler,GPFA50,81,bounce,y,12,552,0.6428358240090325,0.63105850265501096,5.55078286858644,5.6328397803475685,-0.011777321354021542,-0.082056911761128504
mahler,GPFA50,81,no_bounce,x,27,1110,0.93372209620387758,0.93372209620387758,1.4221164692302606,1.4221164692302606,0,0
mahler,GPFA50,81,no_bounce,y,27,1110,0.47615243460973494,0.46266585639810637,3.4612934727120126,3.3223605757862593,-0.013486578211628575,0.13893289692575328
mahler,GPFA50,81,post_bounce,x,12,258,0.91130246303702322,0.91130246303702322,1.2286325798196942,1.2286325798196942,0,0
mahler,GPFA50,81,post_bounce,y,12,258,0.74744149783775271,0.72611206232338066,4.7856275598792211,5.1384673156415843,-0.021329435514372053,-0.35283975576236326
mahler,FA50,82,full,x,39,1615,0.92695683553968622,0.92695683553968622,1.4018987217180541,1.4018987217180541,0,0
mahler,FA50,82,full,y,39,1615,0.47016262133689418,0.46428391914625711,4.725349606169881,4.7251285600381605,-0.0058787021906370751,0.00022104613172047038
mahler,FA50,82,visible,x,39,942,0.7776739806803763,0.7776739806803763,1.6057869151924631,1.6057869151924631,0,0
mahler,FA50,82,visible,y,39,942,0.40464233366746943,0.40265743101984175,4.8119184452835135,4.8079837696869356,-0.0019849026476276843,0.0039346755965778968
mahler,FA50,82,hidden,x,39,634,0.75087220129637644,0.75087220129637644,1.0589530111888841,1.0589530111888841,0,0
mahler,FA50,82,hidden,y,39,634,0.53713998665332818,0.52910857104690734,4.6303714520103236,4.6371725680891949,-0.0080314156064208442,-0.0068011160788712388
mahler,FA50,82,bounce,x,14,628,0.92770049178673786,0.92770049178673786,1.34524778219884,1.34524778219884,0,0
mahler,FA50,82,bounce,y,14,628,0.53821600401502845,0.5330496494071435,6.1557920804520601,6.2746831044391165,-0.0051663546078849487,-0.11889102398705642
mahler,FA50,82,no_bounce,x,25,987,0.92679248007854165,0.92679248007854165,1.436781808587287,1.436781808587287,0,0
mahler,FA50,82,no_bounce,y,25,987,0.39584372347550667,0.39021300048300128,3.5249765582792452,3.3884677583241452,-0.0056307229925053881,0.13650879995510001
mahler,FA50,82,post_bounce,x,14,323,0.91449570690064097,0.91449570690064097,1.1324152253175779,1.1324152253175779,0,0
mahler,FA50,82,post_bounce,y,14,323,0.65311127947326064,0.64861060374325108,5.8171269625231705,6.0182707504294486,-0.0045006757300095623,-0.20114378790627807
mahler,GPFA50,82,full,x,39,1615,0.93358427455535697,0.93358427455535697,1.3414424812312475,1.3414424812312475,0,0
mahler,GPFA50,82,full,y,39,1615,0.51625441814227135,0.51956898371447868,4.5954901894611391,4.5690933637782818,0.0033145655722073286,0.026396825682857283
mahler,GPFA50,82,visible,x,39,942,0.79808672603815023,0.79808672603815023,1.5396543154785554,1.5396543154785554,0,0
mahler,GPFA50,82,visible,y,39,942,0.4290053645061726,0.43415806568572474,4.7566521046859211,4.7326926835671017,0.0051527011795521327,0.023959421118819435
mahler,GPFA50,82,hidden,x,39,634,0.76497092335168004,0.76497092335168004,1.0117657072384845,1.0117657072384845,0,0
mahler,GPFA50,82,hidden,y,39,634,0.60803309533362759,0.61238429488389234,4.3873384578634953,4.3569911588845933,0.0043511995502647505,0.030347298978901982
mahler,GPFA50,82,bounce,x,14,628,0.93432279274604035,0.93432279274604035,1.2887362047527589,1.2887362047527589,0,0
mahler,GPFA50,82,bounce,y,14,628,0.57937997288828058,0.59178655244088407,6.0245733247910325,6.0800706802007793,0.012406579552603492,-0.055497355409746874
mahler,GPFA50,82,no_bounce,x,25,987,0.9335373911418432,0.9335373911418432,1.3739258699480594,1.3739258699480594,0,0
mahler,GPFA50,82,no_bounce,y,25,987,0.44226359042914254,0.43339422140334977,3.3855378530404709,3.2616858614942053,-0.0088693690257927726,0.12385199154626569
mahler,GPFA50,82,post_bounce,x,14,323,0.92209091787132624,0.92209091787132624,1.0890919263524215,1.0890919263524215,0,0
mahler,GPFA50,82,post_bounce,y,14,323,0.71192097244321717,0.73071127479762876,5.5433297981901823,5.6603355373285185,0.018790302354411592,-0.11700573913833612
mahler,FA50,83,full,x,39,1680,0.9188187577982565,0.9188187577982565,1.4183801964745493,1.4183801964745493,0,0
mahler,FA50,83,full,y,39,1680,0.51050305391082451,0.49790605177307107,4.4911020697012676,4.4662905450871753,-0.012597002137753444,0.024811524614092306
mahler,FA50,83,visible,x,39,955,0.75589211715279825,0.75589211715279825,1.5760178828961457,1.5760178828961457,0,0
mahler,FA50,83,visible,y,39,955,0.45151458756234503,0.42264676543306384,4.6247711959449775,4.6729852473261273,-0.028867822129281184,-0.048214051381149758
mahler,FA50,83,hidden,x,39,686,0.68524035489443147,0.68524035489443147,1.1739744942830181,1.1739744942830181,0,0
mahler,FA50,83,hidden,y,39,686,0.572863276932154,0.58180103018473983,4.3313865798078766,4.1939464843019314,0.0089377532525858339,0.13744009550594516
mahler,FA50,83,bounce,x,13,599,0.92795842555739172,0.92795842555739172,1.3458036375812594,1.3458036375812594,0,0
mahler,FA50,83,bounce,y,13,599,0.57032418081524427,0.57539174419668848,5.6737353870196268,5.7684753143302068,0.0050675633814442067,-0.094739927310580008
mahler,FA50,83,no_bounce,x,26,1081,0.91434858472918645,0.91434858472918645,1.4570403041556814,1.4570403041556814,0,0
mahler,FA50,83,no_bounce,y,26,1081,0.4541639258405919,0.43112410988547395,3.6754333106687733,3.5443943974504175,-0.023039815955117948,0.13103891321835581
mahler,FA50,83,post_bounce,x,13,303,0.91659977729708331,0.91659977729708331,1.1433255170301087,1.1433255170301087,0,0
mahler,FA50,83,post_bounce,y,13,303,0.58080579930213061,0.60875467258601945,5.8382817950487755,5.8956720242867879,0.027948873283888842,-0.057390229238012402
mahler,GPFA50,83,full,x,39,1680,0.92849740774166267,0.92849740774166267,1.3346198038984756,1.3346198038984756,0,0
mahler,GPFA50,83,full,y,39,1680,0.51806707700137256,0.49768185337912324,4.4529355126272456,4.4673240346911003,-0.020385223622249316,-0.014388522063854658
mahler,GPFA50,83,visible,x,39,955,0.77976501315026669,0.77976501315026669,1.5052248918273541,1.5052248918273541,0,0
mahler,GPFA50,83,visible,y,39,955,0.43816802876783301,0.40139063241172773,4.6607993922573785,4.7390135173941248,-0.036777396356105274,-0.078214125136746304
mahler,GPFA50,83,hidden,x,39,686,0.72879636778858337,0.72879636778858337,1.0680851135499547,1.0680851135499547,0,0
mahler,GPFA50,83,hidden,y,39,686,0.60032313101230239,0.60311719415414833,4.1981713948327863,4.1081039477507932,0.0027940631418459372,0.090067447081993102
mahler,GPFA50,83,bounce,x,13,599,0.93961916310257221,0.93961916310257221,1.2568141267622106,1.2568141267622106,0,0
mahler,GPFA50,83,bounce,y,13,599,0.57387713239196525,0.56778673484336029,5.6242495050017043,5.774172085990017,-0.0060903975486049644,-0.14992258098831268
mahler,GPFA50,83,no_bounce,x,26,1081,0.92451685217731827,0.92451685217731827,1.3758399561844132,1.3758399561844132,0,0
mahler,GPFA50,83,no_bounce,y,26,1081,0.46256049733422516,0.43773157725573614,3.6452837178307096,3.5412771843313351,-0.024828920078489025,0.1040065334993745
mahler,GPFA50,83,post_bounce,x,13,303,0.93760051045177273,0.93760051045177273,0.99148263528079894,0.99148263528079894,0,0
mahler,GPFA50,83,post_bounce,y,13,303,0.62793335008239437,0.65088090376882668,5.5409367762066104,5.6402648138125535,0.022947553686432309,-0.099328037605943109
mahler,FA50,84,full,x,39,1554,0.93197136711485007,0.93197136711485007,1.3458429985312341,1.3458429985312341,0,0
mahler,FA50,84,full,y,39,1554,0.57126812801920379,0.53741565099842281,4.2700578045755071,4.3936903898288975,-0.03385247702078098,-0.12363258525339038
mahler,FA50,84,visible,x,39,908,0.77636410646672083,0.77636410646672083,1.5649406677535693,1.5649406677535693,0,0
mahler,FA50,84,visible,y,39,908,0.44839302076888954,0.41664795551610173,4.6687933021394494,4.7391705109346915,-0.031745065252787807,-0.070377208795242119
mahler,FA50,84,hidden,x,39,607,0.80745144175235761,0.80745144175235761,0.95656751851204225,0.95656751851204225,0,0
mahler,FA50,84,hidden,y,39,607,0.72557419288123248,0.69572506470767581,3.6655303229528875,3.8870345578701273,-0.029849128173556672,-0.22150423491723981
mahler,FA50,84,bounce,x,13,582,0.92968761297992153,0.92968761297992153,1.3570166854814649,1.3570166854814649,0,0
mahler,FA50,84,bounce,y,13,582,0.66124479771746736,0.62523940212454032,5.0373460323288253,5.4213569483608763,-0.036005395592927036,-0.38401091603205106
mahler,FA50,84,no_bounce,x,26,972,0.93333658084874627,0.93333658084874627,1.3391079556851975,1.3391079556851975,0,0
mahler,FA50,84,no_bounce,y,26,972,0.48898265014927472,0.45819360111173429,3.7359514767219246,3.6421161811933782,-0.030789049037540428,0.093835295528546414
mahler,FA50,84,post_bounce,x,13,326,0.92664489176041609,0.92664489176041609,1.1940872066562143,1.1940872066562143,0,0
mahler,FA50,84,post_bounce,y,13,326,0.7148442116137973,0.6703944238791526,4.7276569772455685,5.3294572848948158,-0.044449787734644697,-0.6018003076492473
mahler,GPFA50,84,full,x,39,1554,0.9414040244347206,0.9414040244347206,1.254967621826226,1.254967621826226,0,0
mahler,GPFA50,84,full,y,39,1554,0.63038949051698001,0.61049825753771225,4.0346593565762907,4.1174986126968669,-0.019891232979267759,-0.082839256120576188
mahler,GPFA50,84,visible,x,39,908,0.80566920148231269,0.80566920148231269,1.4736274047888829,1.4736274047888829,0,0
mahler,GPFA50,84,visible,y,39,908,0.5127625431280699,0.49522990074709677,4.4600522927660364,4.4895131782228237,-0.017532642380973129,-0.029460885456787267
mahler,GPFA50,84,hidden,x,39,607,0.84431682853400103,0.84431682853400103,0.85281386975480067,0.85281386975480067,0,0
mahler,GPFA50,84,hidden,y,39,607,0.78727819344674133,0.77256056395565798,3.3659424173577603,3.5513951103089525,-0.014717629491083351,-0.18545269295119216
mahler,GPFA50,84,bounce,x,13,582,0.94420055326749919,0.94420055326749919,1.2289005991316717,1.2289005991316717,0,0
mahler,GPFA50,84,bounce,y,13,582,0.7119667010654972,0.69601845850895061,4.7415234047973396,5.0473596309046487,-0.015948242556546588,-0.30583622610730909
mahler,GPFA50,84,no_bounce,x,26,972,0.94008381970231403,0.94008381970231403,1.2703196553525495,1.2703196553525495,0,0
mahler,GPFA50,84,no_bounce,y,26,972,0.5483319282955007,0.52245112323762832,3.5445724713775095,3.4425410988362888,-0.02588080505787238,0.10203137254122074
mahler,GPFA50,84,post_bounce,x,13,326,0.94407097221787717,0.94407097221787717,1.053747623862227,1.053747623862227,0,0
mahler,GPFA50,84,post_bounce,y,13,326,0.77415036033092488,0.75159367161856183,4.3273053406814297,4.8351577519323223,-0.022556688712363049,-0.50785241125089264
mahler,FA50,85,full,x,39,1708,0.92903582792918138,0.92903582792918138,1.574474919879266,1.574474919879266,0,0
mahler,FA50,85,full,y,39,1708,0.49650374828394683,0.47277862511151225,4.5355207337245753,4.5409575849726043,-0.023725123172434581,-0.005436851248028951
mahler,FA50,85,visible,x,39,1015,0.7929925065795741,0.7929925065795741,1.8873010755725796,1.8873010755725796,0,0
mahler,FA50,85,visible,y,39,1015,0.47433182620469999,0.46167002978297161,4.6450365311052435,4.645684815135894,-0.012661796421728377,-0.00064828403065053664
mahler,FA50,85,hidden,x,39,654,0.77627186615592658,0.77627186615592658,0.9523041892196854,0.9523041892196854,0,0
mahler,FA50,85,hidden,y,39,654,0.51979772247698786,0.48144919802210218,4.4337750876024433,4.4439197417349323,-0.03834852445488568,-0.010144654132488995
mahler,FA50,85,bounce,x,13,617,0.93207291742764831,0.93207291742764831,1.5073304504220613,1.5073304504220613,0,0
mahler,FA50,85,bounce,y,13,617,0.50475741472722035,0.48524093635414661,6.1655657032753171,6.2965449368033957,-0.019516478373073742,-0.13097923352807861
mahler,FA50,85,no_bounce,x,26,1091,0.92754325894086731,0.92754325894086731,1.6112093357649386,1.6112093357649386,0,0
mahler,FA50,85,no_bounce,y,26,1091,0.54607387411544517,0.53201629513433479,3.2720265457894731,3.1401115934214787,-0.014057578981110375,0.13191495236799433
mahler,FA50,85,post_bounce,x,13,372,0.92780578813650894,0.92780578813650894,1.0390052304230013,1.0390052304230013,0,0
mahler,FA50,85,post_bounce,y,13,372,0.57885671720119047,0.55096561962344304,5.9009762039890363,6.0997666338129788,-0.027891097577747437,-0.19879042982394246
mahler,GPFA50,85,full,x,39,1708,0.93902547970830108,0.93902547970830108,1.4822756773880958,1.4822756773880958,0,0
mahler,GPFA50,85,full,y,39,1708,0.54718172005222732,0.51351094729538105,4.3595850328511689,4.4088588176498655,-0.033670772756846268,-0.049273784798696596
mahler,GPFA50,85,visible,x,39,1015,0.82622677699047542,0.82622677699047542,1.7779012154034388,1.7779012154034388,0,0
mahler,GPFA50,85,visible,y,39,1015,0.5090400119971914,0.48658540174099357,4.5393542644823501,4.5714186484746246,-0.022454610256197827,-0.032064383992274514
mahler,GPFA50,85,hidden,x,39,654,0.79248673759496546,0.79248673759496546,0.89425273892933821,0.89425273892933821,0,0
mahler,GPFA50,85,hidden,y,39,654,0.5909735524587183,0.54425918541033314,4.1520736135500282,4.2298239576621537,-0.046714367048385164,-0.077750344112125447
mahler,GPFA50,85,bounce,x,13,617,0.94043216825797371,0.94043216825797371,1.4167813322739928,1.4167813322739928,0,0
mahler,GPFA50,85,bounce,y,13,617,0.57598462426921948,0.54147829931795699,5.9191640923763833,6.1159006936751776,-0.03450632495126249,-0.19673660129879433
mahler,GPFA50,85,no_bounce,x,26,1091,0.93852491659527093,0.93852491659527093,1.5180647495525013,1.5180647495525013,0,0
mahler,GPFA50,85,no_bounce,y,26,1091,0.57805887944016299,0.55960441809833128,3.1527989370702754,3.0458983156686417,-0.018454461341831707,0.1069006214016337
mahler,GPFA50,85,post_bounce,x,13,372,0.93951128260647343,0.93951128260647343,0.95575235520815283,0.95575235520815283,0,0
mahler,GPFA50,85,post_bounce,y,13,372,0.66965964787563959,0.62444198619085889,5.5680008173682385,5.8504509050203559,-0.045217661684780697,-0.28245008765211743
mahler,FA50,86,full,x,40,1770,0.92321619313377501,0.92321619313377501,1.3874644776740319,1.3874644776740319,0,0
mahler,FA50,86,full,y,40,1770,0.49717361713643682,0.49474672502955774,4.3443968436055371,4.2910203897540056,-0.002426892106879075,0.053376453851531558
mahler,FA50,86,visible,x,40,1015,0.76869714010959123,0.76869714010959123,1.5292945987238205,1.5292945987238205,0,0
mahler,FA50,86,visible,y,40,1015,0.42781348427691795,0.41819385559718686,4.6308098830644857,4.6241069815681026,-0.0096196286797310959,0.0067029014963830846
mahler,FA50,86,hidden,x,40,715,0.72227008566089435,0.72227008566089435,1.1566214847822445,1.1566214847822445,0,0
mahler,FA50,86,hidden,y,40,715,0.58166068742686849,0.59071296469355294,3.9656416185012384,3.834732646802216,0.0090522772666844498,0.13090897169902238
mahler,FA50,86,bounce,x,9,437,0.92974290769702672,0.92974290769702672,1.3013952169492797,1.3013952169492797,0,0
mahler,FA50,86,bounce,y,9,437,0.58518555381526316,0.59854808372816282,5.8102113460384466,5.8168823288998261,0.013362529912899657,-0.0066709828613795707
mahler,FA50,86,no_bounce,x,31,1333,0.92141772767068542,0.92141772767068542,1.4145413481537557,1.4145413481537557,0,0
mahler,FA50,86,no_bounce,y,31,1333,0.42995570945190753,0.4119804467618754,3.7408662100959589,3.6546705919254427,-0.017975262690032134,0.086195618170516131
mahler,FA50,86,post_bounce,x,9,255,0.91437533578123098,0.91437533578123098,1.3453778728891002,1.3453778728891002,0,0
mahler,FA50,86,post_bounce,y,9,255,0.55625457312308901,0.58309785437433426,6.1725829822596125,6.134377432622534,0.026843281251245243,0.038205549637078562
mahler,GPFA50,86,full,x,40,1770,0.92883352814517073,0.92883352814517073,1.3475910177848147,1.3475910177848147,0,0
mahler,GPFA50,86,full,y,40,1770,0.53725733869478076,0.53458638733423092,4.1745107570771234,4.1238249484838834,-0.0026709513605498447,0.050685808593240012
mahler,GPFA50,86,visible,x,40,1015,0.78883914295278612,0.78883914295278612,1.4758469213424503,1.4758469213424503,0,0
mahler,GPFA50,86,visible,y,40,1015,0.48871500412291746,0.48472520876747555,4.397982591462382,4.3741716646569984,-0.0039897953554419163,0.023810926805383659
mahler,GPFA50,86,hidden,x,40,715,0.74381349984199752,0.74381349984199752,1.1515608353489741,1.1515608353489741,0,0
mahler,GPFA50,86,hidden,y,40,715,0.60213037496476352,0.60073550401063192,3.8936421060903994,3.7992474913849432,-0.0013948709541315996,0.094394614705456181
mahler,GPFA50,86,bounce,x,9,437,0.93367453369478526,0.93367453369478526,1.2721949842893621,1.2721949842893621,0,0
mahler,GPFA50,86,bounce,y,9,437,0.63968326146953536,0.65156963761313313,5.3032327123691525,5.3187536555909602,0.011886376143597777,-0.015520943221807748
mahler,GPFA50,86,no_bounce,x,31,1333,0.92799756697276892,0.92799756697276892,1.3714063593648707,1.3714063593648707,0,0
mahler,GPFA50,86,no_bounce,y,31,1333,0.42227299745785168,0.39923292853306036,3.7308819263139572,3.6478673159795014,-0.023040068924791324,0.083014610334455785
mahler,GPFA50,86,post_bounce,x,9,255,0.92333595492501241,0.92333595492501241,1.2896270969066332,1.2896270969066332,0,0
mahler,GPFA50,86,post_bounce,y,9,255,0.66160498499798415,0.68208281158362782,5.5789081392413724,5.5471662234943322,0.020477826585643677,0.031741915747040217
mahler,FA50,87,full,x,39,1705,0.92547248979059027,0.92547248979059027,1.4929195429273496,1.4929195429273496,0,0
mahler,FA50,87,full,y,39,1705,0.42965250434103036,0.39638212910592935,4.7823909126674504,4.8980229537393489,-0.033270375235101013,-0.11563204107189851
mahler,FA50,87,visible,x,39,1009,0.77428586695703194,0.77428586695703194,1.7546865561518961,1.7546865561518961,0,0
mahler,FA50,87,visible,y,39,1009,0.37622296516287201,0.35579172506840129,5.0575285235832883,5.1144679971836817,-0.020431240094470726,-0.05693947360039342
mahler,FA50,87,hidden,x,39,657,0.79170703154680211,0.79170703154680211,1.0024388836572209,1.0024388836572209,0,0
mahler,FA50,87,hidden,y,39,657,0.49527814540156767,0.44070295959776429,4.4097363440199393,4.6259625348365896,-0.054575185803803383,-0.21622619081665029
mahler,FA50,87,bounce,x,15,682,0.91560016845904224,0.91560016845904224,1.659414120763427,1.659414120763427,0,0
mahler,FA50,87,bounce,y,15,682,0.51226943931079294,0.47778974563029997,6.008334700897568,6.3149175061613887,-0.034479693680492973,-0.30658280526382065
mahler,FA50,87,no_bounce,x,24,1023,0.93354600198455817,0.93354600198455817,1.3707337888753741,1.3707337888753741,0,0
mahler,FA50,87,no_bounce,y,24,1023,0.34361008950734867,0.3050092654683656,3.7486060721198444,3.6604543460040828,-0.038600824038983073,0.088151726115761608
mahler,FA50,87,post_bounce,x,15,396,0.92139955087102943,0.92139955087102943,1.2037423271475105,1.2037423271475105,0,0
mahler,FA50,87,post_bounce,y,15,396,0.5557632599132809,0.50590178293158605,5.720969221506981,6.1881749557278383,-0.049861476981694852,-0.46720573422085732
mahler,GPFA50,87,full,x,39,1705,0.93018259772696577,0.93018259772696577,1.4606981158429559,1.4606981158429559,0,0
mahler,GPFA50,87,full,y,39,1705,0.4620424854388353,0.42409723244131176,4.8038737846898778,4.9210535659832875,-0.037945252997523549,-0.11717978129340967
mahler,GPFA50,87,visible,x,39,1009,0.78735009253115273,0.78735009253115273,1.7230982885981032,1.7230982885981032,0,0
mahler,GPFA50,87,visible,y,39,1009,0.40671468529651161,0.38087762476218395,5.0661308642142444,5.1199582640975185,-0.02583706053432766,-0.053827399883274119
mahler,GPFA50,87,hidden,x,39,657,0.81258602424440085,0.81258602424440085,0.96276681813420772,0.96276681813420772,0,0
mahler,GPFA50,87,hidden,y,39,657,0.53323692100793973,0.47572138165518418,4.4562628077222444,4.6812559351730032,-0.057515539352755551,-0.22499312745075883
mahler,GPFA50,87,bounce,x,15,682,0.91402836293729328,0.91402836293729328,1.6940705945614554,1.6940705945614554,0,0
mahler,GPFA50,87,bounce,y,15,682,0.52610826743708106,0.48748782023236964,6.193276120571384,6.4795952942526034,-0.038620447204711417,-0.2863191736812194
mahler,GPFA50,87,no_bounce,x,24,1023,0.94304942835126193,0.94304942835126193,1.2817233931209187,1.2817233931209187,0,0
mahler,GPFA50,87,no_bounce,y,24,1023,0.41133271878651928,0.36213441130257973,3.5903889522294468,3.5172683833614959,-0.049198307483939552,0.073120568867950819
mahler,GPFA50,87,post_bounce,x,15,396,0.92478182592126856,0.92478182592126856,1.190390398131473,1.190390398131473,0,0
mahler,GPFA50,87,post_bounce,y,15,396,0.59192378536350665,0.53388583187619454,5.7061954877481087,6.2100189389452858,-0.058037953487312111,-0.50382345119717709
mahler,FA50,88,full,x,39,1644,0.92171984426725007,0.92171984426725007,1.4420292073298095,1.4420292073298095,0,0
mahler,FA50,88,full,y,39,1644,0.57022135098347504,0.55089650275308089,4.3785916832236556,4.3465128902093593,-0.019324848230394154,0.032078793014296281
mahler,FA50,88,visible,x,39,946,0.75617103381605888,0.75617103381605888,1.675902833119731,1.675902833119731,0,0
mahler,FA50,88,visible,y,39,946,0.54213667518546482,0.51908784695721166,4.5705049664306756,4.5894097452538594,-0.02304882822825316,-0.018904778823183754
mahler,FA50,88,hidden,x,39,659,0.76337136967833175,0.76337136967833175,1.045109930700145,1.045109930700145,0,0
mahler,FA50,88,hidden,y,39,659,0.59615081346026499,0.58596528296797079,4.1621259056486801,4.0469861433902343,-0.010185530492294204,0.1151397622584458
mahler,FA50,88,bounce,x,12,556,0.92884392294721341,0.92884392294721341,1.3334739993788938,1.3334739993788938,0,0
mahler,FA50,88,bounce,y,12,556,0.64943098014509437,0.64430241229972129,5.7518948767553653,5.8409743868242687,-0.0051285678453730776,-0.089079510068903467
mahler,FA50,88,no_bounce,x,27,1088,0.91841600646046928,0.91841600646046928,1.4944627827120267,1.4944627827120267,0,0
mahler,FA50,88,no_bounce,y,27,1088,0.53775150635410485,0.5157452151782661,3.4731119543941418,3.3334441487146047,-0.022006291175838744,0.13966780567953707
mahler,FA50,88,post_bounce,x,12,330,0.91693581082959719,0.91693581082959719,1.1395312722143502,1.1395312722143502,0,0
mahler,FA50,88,post_bounce,y,12,330,0.66466589574241464,0.6620679888376213,5.4674633726445654,5.5923427754319635,-0.0025979069047933345,-0.12487940278739806
mahler,GPFA50,88,full,x,39,1644,0.93364642400715514,0.93364642400715514,1.3432549525235533,1.3432549525235533,0,0
mahler,GPFA50,88,full,y,39,1644,0.59964123299824157,0.57673305791172003,4.2595471688858746,4.2472623011766402,-0.022908175086521543,0.012284867709234426
mahler,GPFA50,88,visible,x,39,946,0.79238604584715855,0.79238604584715855,1.5712813688992326,1.5712813688992326,0,0
mahler,GPFA50,88,visible,y,39,946,0.56505091574973254,0.53393048461599613,4.4770800890269422,4.5265278009975702,-0.031120431133736415,-0.049447711970628028
mahler,GPFA50,88,hidden,x,39,659,0.8002252032446735,0.8002252032446735,0.95091456220914083,0.95091456220914083,0,0
mahler,GPFA50,88,hidden,y,39,659,0.6367835404687574,0.62907900181020038,3.9963723647736997,3.8778500767375412,-0.0077045386585570252,0.1185222880361585
mahler,GPFA50,88,bounce,x,12,556,0.94125891396712635,0.94125891396712635,1.2557947003177279,1.2557947003177279,0,0
mahler,GPFA50,88,bounce,y,12,556,0.68591104180349061,0.67837268426649344,5.5476288083594305,5.6534628646079623,-0.0075383575369971645,-0.10583405624853182
mahler,GPFA50,88,no_bounce,x,27,1088,0.93050025928392432,0.93050025928392432,1.3858202521096648,1.3858202521096648,0,0
mahler,GPFA50,88,no_bounce,y,27,1088,0.55983983620084521,0.53308218721072087,3.4187997907745764,3.3052198808646951,-0.026757648990124339,0.11357990990988132
mahler,GPFA50,88,post_bounce,x,12,330,0.93397928527468888,0.93397928527468888,1.0632996565605233,1.0632996565605233,0,0
mahler,GPFA50,88,post_bounce,y,12,330,0.7338610804818716,0.73490458459429264,5.0975984559188534,5.2162611341497387,0.0010435041124210453,-0.11866267823088528
mahler,FA50,89,full,x,40,1724,0.92029743327336311,0.92029743327336311,1.4322307814270228,1.4322307814270228,0,0
mahler,FA50,89,full,y,40,1724,0.4724277703790169,0.46009026469454956,4.6071356022655916,4.6551545893311097,-0.012337505684467343,-0.048018987065518104
mahler,FA50,89,visible,x,40,966,0.76211415090826029,0.76211415090826029,1.5583299555580774,1.5583299555580774,0,0
mahler,FA50,89,visible,y,40,966,0.4203596068291961,0.39522182245070403,4.8568534784764337,4.915386291548586,-0.025137784378492067,-0.058532813072152301
mahler,FA50,89,hidden,x,40,718,0.71660310676469108,0.71660310676469108,1.258389955416529,1.258389955416529,0,0
mahler,FA50,89,hidden,y,40,718,0.52976353342988092,0.52941270347530778,4.2902835723448263,4.3227391097216081,-0.0003508299545731397,-0.032455537376781862
mahler,FA50,89,bounce,x,14,676,0.91442437807685994,0.91442437807685994,1.54442872679728,1.54442872679728,0,0
mahler,FA50,89,bounce,y,14,676,0.53406494700141471,0.53630799485525305,5.7428026251095625,5.924881103800689,0.0022430478538383314,-0.18207847869112648
mahler,FA50,89,no_bounce,x,26,1048,0.9287645814893899,0.9287645814893899,1.3549384993248852,1.3549384993248852,0,0
mahler,FA50,89,no_bounce,y,26,1048,0.44074601924455881,0.40866579344678167,3.69376040770659,3.6062697587432266,-0.03208022579777714,0.087490648963363338
mahler,FA50,89,post_bounce,x,14,390,0.90490572730597696,0.90490572730597696,1.3985865690477655,1.3985865690477655,0,0
mahler,FA50,89,post_bounce,y,14,390,0.54297267339143773,0.55525244931769224,5.7235146444405522,5.9540437874011571,0.01227977592625451,-0.23052914296060489
mahler,GPFA50,89,full,x,40,1724,0.92181562881050827,0.92181562881050827,1.4100724723329814,1.4100724723329814,0,0
mahler,GPFA50,89,full,y,40,1724,0.50945865046387206,0.49554791142881971,4.4783924566918278,4.5312467657478281,-0.013910739035052355,-0.052854309056000304
mahler,GPFA50,89,visible,x,40,966,0.76955848716367081,0.76955848716367081,1.5388519123569842,1.5388519123569842,0,0
mahler,GPFA50,89,visible,y,40,966,0.4482103587457027,0.42699762053716306,4.7721253866037996,4.8204325661009157,-0.021212738208539639,-0.048307179497116159
mahler,GPFA50,89,hidden,x,40,718,0.70438751386435838,0.70438751386435838,1.235868509600639,1.235868509600639,0,0
mahler,GPFA50,89,hidden,y,40,718,0.58246621910052687,0.57363820922086228,4.0867300082750759,4.1465324025239108,-0.0088280098796645889,-0.059802394248834823
mahler,GPFA50,89,bounce,x,14,676,0.90785037097307342,0.90785037097307342,1.5745298535720245,1.5745298535720245,0,0
mahler,GPFA50,89,bounce,y,14,676,0.57992789090227859,0.58093798211854797,5.5511859044266743,5.7466062847676342,0.001010091216269382,-0.19542038034095999
mahler,GPFA50,89,no_bounce,x,26,1048,0.93607431923599249,0.93607431923599249,1.2929400290170014,1.2929400290170014,0,0
mahler,GPFA50,89,no_bounce,y,26,1048,0.4707378838879851,0.44061460497563765,3.6215471534345522,3.5319740467787275,-0.030123278912347451,0.089573106655824741
mahler,GPFA50,89,post_bounce,x,14,390,0.9061351557866707,0.9061351557866707,1.3487579860598562,1.3487579860598562,0,0
mahler,GPFA50,89,post_bounce,y,14,390,0.62764686825008575,0.63297813718826679,5.3770305328467103,5.6294201081810069,0.005331268938181033,-0.25238957533429662
mahler,FA50,90,full,x,40,1713,0.93261886239475256,0.93261886239475256,1.3092296977386912,1.3092296977386912,0,0
mahler,FA50,90,full,y,40,1713,0.44612701791744774,0.42292078034574765,4.7887749084878042,4.8498553060356544,-0.023206237571700095,-0.061080397547850218
mahler,FA50,90,visible,x,40,972,0.79193438255117199,0.79193438255117199,1.4306864721621504,1.4306864721621504,0,0
mahler,FA50,90,visible,y,40,972,0.37463478951367418,0.35629937552604662,4.9510934342457302,4.9926163555691483,-0.018335413987627558,-0.041522921323418061
mahler,FA50,90,hidden,x,40,701,0.73706582217905103,0.73706582217905103,1.1199567148399765,1.1199567148399765,0,0
mahler,FA50,90,hidden,y,40,701,0.51585416468855427,0.48870997252563164,4.6112568427162115,4.7013338126144193,-0.027144192162922631,-0.090076969898207793
mahler,FA50,90,bounce,x,13,598,0.93460990784920683,0.93460990784920683,1.2899215050911832,1.2899215050911832,0,0
mahler,FA50,90,bounce,y,13,598,0.51577210048847555,0.5039541470183373,6.2241596810238153,6.3738185506719311,-0.011817953470138254,-0.14965886964811581
mahler,FA50,90,no_bounce,x,27,1115,0.93176348048228697,0.93176348048228697,1.3194687254916624,1.3194687254916624,0,0
mahler,FA50,90,no_bounce,y,27,1115,0.43576096455638696,0.40185888231086275,3.8018786416175669,3.7878199490054181,-0.033902082245524212,0.014058692612148871
mahler,FA50,90,post_bounce,x,13,317,0.92806787432998761,0.92806787432998761,1.187222946379221,1.187222946379221,0,0
mahler,FA50,90,post_bounce,y,13,317,0.52919700728061003,0.50992221620669897,6.3663153604680112,6.612675455128552,-0.019274791073911057,-0.24636009466054087
mahler,GPFA50,90,full,x,40,1713,0.94171325811521145,0.94171325811521145,1.2366640910320124,1.2366640910320124,0,0
mahler,GPFA50,90,full,y,40,1713,0.47090799210810796,0.4504021749885726,4.6656882550148122,4.7163492168986503,-0.020505817119535363,-0.050660961883838063
mahler,GPFA50,90,visible,x,40,972,0.82985401690098604,0.82985401690098604,1.3281784595469199,1.3281784595469199,0,0
mahler,GPFA50,90,visible,y,40,972,0.38331928395257181,0.36524396765472306,4.8632308233325423,4.9011814439457435,-0.018075316297848754,-0.037950620613201203
mahler,GPFA50,90,hidden,x,40,701,0.74166679126478585,0.74166679126478585,1.101620935988129,1.101620935988129,0,0
mahler,GPFA50,90,hidden,y,40,701,0.5555022899985379,0.53336107183630943,4.4429172607926217,4.512571163498623,-0.022141218162228471,-0.069653902706001247
mahler,GPFA50,90,bounce,x,13,598,0.9362573922096985,0.9362573922096985,1.2834994248315965,1.2834994248315965,0,0
mahler,GPFA50,90,bounce,y,13,598,0.55623885490429337,0.54150693800528293,5.9848537585303028,6.1385978140720754,-0.014731916899010433,-0.15374405554177262
mahler,GPFA50,90,no_bounce,x,27,1115,0.94461943016056515,0.94461943016056515,1.2107990906448178,1.2107990906448178,0,0
mahler,GPFA50,90,no_bounce,y,27,1115,0.44905047979241242,0.42002460825740728,3.7727182537947641,3.7368389236326283,-0.029025871535005132,0.035879330162135847
mahler,GPFA50,90,post_bounce,x,13,317,0.92922425553062049,0.92922425553062049,1.182954738173674,1.182954738173674,0,0
mahler,GPFA50,90,post_bounce,y,13,317,0.55225541305587711,0.52801415575314081,6.2342032323757888,6.4798139360441542,-0.024241257302736297,-0.24561070366836546
mahler,FA50,91,full,x,40,1662,0.93345748761230452,0.93345748761230452,1.2872968311860318,1.2872968311860318,0,0
mahler,FA50,91,full,y,40,1662,0.49507142607961513,0.46687127874464257,4.3303548178663824,4.3579493245999048,-0.028200147334972558,-0.027594506733522373
mahler,FA50,91,visible,x,40,956,0.80616035668811237,0.80616035668811237,1.3814389595057042,1.3814389595057042,0,0
mahler,FA50,91,visible,y,40,956,0.38785332078847029,0.36626677053888185,4.5339314302635874,4.5425726845626739,-0.021586550249588443,-0.0086412542990865759
mahler,FA50,91,hidden,x,40,666,0.67878554581385642,0.67878554581385642,1.15418623979947,1.15418623979947,0,0
mahler,FA50,91,hidden,y,40,666,0.62235149493272135,0.60239230370125219,4.0632599747679512,4.1174345762943938,-0.019959191231469164,-0.054174601526442601
mahler,FA50,91,bounce,x,10,469,0.92310137825253324,0.92310137825253324,1.3594519030199073,1.3594519030199073,0,0
mahler,FA50,91,bounce,y,10,469,0.5840111334203113,0.57001193745371403,5.5996027030528932,5.8764967572534923,-0.013999195966597267,-0.27689405420059909
mahler,FA50,91,no_bounce,x,30,1193,0.93744214032322237,0.93744214032322237,1.2577977801638889,1.2577977801638889,0,0
mahler,FA50,91,no_bounce,y,30,1193,0.4352182926773086,0.39840405135054485,3.7144544151862671,3.5891432009743234,-0.036814241326763752,0.12531121421194369
mahler,FA50,91,post_bounce,x,10,230,0.87082271743860618,0.87082271743860618,1.2836819728756999,1.2836819728756999,0,0
mahler,FA50,91,post_bounce,y,10,230,0.68075508441986377,0.67044950385052604,5.3668576202973401,5.8387013717942144,-0.010305580569337724,-0.4718437514968743
mahler,GPFA50,91,full,x,40,1662,0.93713901517690601,0.93713901517690601,1.2552650473734044,1.2552650473734044,0,0
mahler,GPFA50,91,full,y,40,1662,0.54987247748531065,0.52142530893529415,4.1435804176254942,4.1827948989525776,-0.028447168550016499,-0.039214481327083384
mahler,GPFA50,91,visible,x,40,956,0.81169660810622113,0.81169660810622113,1.3682325470427397,1.3682325470427397,0,0
mahler,GPFA50,91,visible,y,40,956,0.44814777862426664,0.43043471388838384,4.3683137375127847,4.3656828518929167,-0.0177130647358828,0.0026308856198680175
mahler,GPFA50,91,hidden,x,40,666,0.69834850070097809,0.69834850070097809,1.0855835317580944,1.0855835317580944,0,0
mahler,GPFA50,91,hidden,y,40,666,0.67652505610357505,0.6523364709814623,3.8305068045319208,3.9334140473257881,-0.024188585122112749,-0.10290724279386732
mahler,GPFA50,91,bounce,x,10,469,0.92227192861931806,0.92227192861931806,1.3831422534636486,1.3831422534636486,0,0
mahler,GPFA50,91,bounce,y,10,469,0.65330850195559464,0.64279831534285137,5.2184946539088273,5.5397184642286774,-0.010510186612743277,-0.32122381031985014
mahler,GPFA50,91,no_bounce,x,30,1193,0.94316646953441829,0.94316646953441829,1.2012712092966631,1.2012712092966631,0,0
mahler,GPFA50,91,no_bounce,y,30,1193,0.46839699526444067,0.43018827512864594,3.6349770035998961,3.5084710769362415,-0.038208720135794738,0.12650592666365457
mahler,GPFA50,91,post_bounce,x,10,230,0.89477018388500762,0.89477018388500762,1.1511960608510081,1.1511960608510081,0,0
mahler,GPFA50,91,post_bounce,y,10,230,0.73215805027459713,0.71245187446349367,4.9266885788772043,5.5011560041556482,-0.019706175811103455,-0.57446742527844386
mahler,FA50,92,full,x,39,1700,0.92666006681143098,0.92666006681143098,1.3616748799668941,1.3616748799668941,0,0
mahler,FA50,92,full,y,39,1700,0.48776790367347844,0.44556892089417643,4.3062286525174001,4.3858867787547515,-0.042198982779302008,-0.079658126237351468
mahler,FA50,92,visible,x,39,968,0.78623227060404366,0.78623227060404366,1.4855671273442099,1.4855671273442099,0,0
mahler,FA50,92,visible,y,39,968,0.37965356382365406,0.34966386948207884,4.4419305189788947,4.4658322150153351,-0.029989694341575224,-0.023901696036440434
mahler,FA50,92,hidden,x,39,693,0.71150401010367348,0.71150401010367348,1.1784624326301634,1.1784624326301634,0,0
mahler,FA50,92,hidden,y,39,693,0.58625298018454552,0.53607277809107579,4.1575608511264823,4.3168081065992583,-0.050180202093469739,-0.15924725547277596
mahler,FA50,92,bounce,x,8,365,0.90842623385032717,0.90842623385032717,1.5464075102654622,1.5464075102654622,0,0
mahler,FA50,92,bounce,y,8,365,0.55603439588198178,0.51273130644111231,5.9953941412047733,6.3887590145101809,-0.043303089440869469,-0.39336487330540759
mahler,FA50,92,no_bounce,x,31,1335,0.93328702601283964,0.93328702601283964,1.3066287653956865,1.3066287653956865,0,0
mahler,FA50,92,no_bounce,y,31,1335,0.48109707508009553,0.44873386397464504,3.7129487732774669,3.6518197797146446,-0.032363211105450485,0.061128993562822309
mahler,FA50,92,post_bounce,x,8,201,0.89764754632514254,0.89764754632514254,1.4477019088961902,1.4477019088961902,0,0
mahler,FA50,92,post_bounce,y,8,201,0.59752322107934841,0.53702692120115869,5.7047879943914506,6.3048703681910956,-0.060496299878189719,-0.60008237379964502
mahler,GPFA50,92,full,x,39,1700,0.93678453031647535,0.93678453031647535,1.2722908287194159,1.2722908287194159,0,0
mahler,GPFA50,92,full,y,39,1700,0.52282190866881251,0.47064826104164653,4.1644766666828907,4.2729822961027288,-0.052173647627165975,-0.1085056294198381
mahler,GPFA50,92,visible,x,39,968,0.81861913709550649,0.81861913709550649,1.395332656700673,1.395332656700673,0,0
mahler,GPFA50,92,visible,y,39,968,0.40858973173902158,0.36531504230130812,4.3244130968813179,4.3780856300586528,-0.043274689437713454,-0.053672533177334891
mahler,GPFA50,92,hidden,x,39,693,0.74444763198064301,0.74444763198064301,1.0975862265254819,1.0975862265254819,0,0
mahler,GPFA50,92,hidden,y,39,693,0.6250533412407564,0.56880803177779349,3.9721111175329571,4.1588657595941827,-0.056245309462962911,-0.18675464206122561
mahler,GPFA50,92,bounce,x,8,365,0.92298699898120573,0.92298699898120573,1.423686220336982,1.423686220336982,0,0
mahler,GPFA50,92,bounce,y,8,365,0.59782476924795336,0.5454031852230945,5.9115107177944184,6.3324410410957812,-0.052421584024858858,-0.42093032330136282
mahler,GPFA50,92,no_bounce,x,31,1335,0.94169783604988389,0.94169783604988389,1.2276522535025074,1.2276522535025074,0,0
mahler,GPFA50,92,no_bounce,y,31,1335,0.5312193359680788,0.49121503914605658,3.5397789790796619,3.5052461071871561,-0.040004296822022223,0.034532871892505757
mahler,GPFA50,92,post_bounce,x,8,201,0.91832910160625048,0.91832910160625048,1.3183664029720119,1.3183664029720119,0,0
mahler,GPFA50,92,post_bounce,y,8,201,0.67273921318425456,0.60658835445700265,5.5238759871480516,6.1386227280115575,-0.066150858727251904,-0.61474674086350589
mahler,FA50,93,full,x,40,1795,0.91466556099086216,0.91466556099086216,1.4821999210459125,1.4821999210459125,0,0
mahler,FA50,93,full,y,40,1795,0.54164926477530806,0.52440332795345701,4.3894067156185654,4.383265921294913,-0.017245936821851049,0.0061407943236524432
mahler,FA50,93,visible,x,40,1004,0.76391253209098087,0.76391253209098087,1.5443574911100513,1.5443574911100513,0,0
mahler,FA50,93,visible,y,40,1004,0.44918104317214597,0.42343081132965638,4.7560897424352273,4.7933701042806236,-0.02575023184248959,-0.037280361845396293
mahler,FA50,93,hidden,x,40,751,0.66343092471553244,0.66343092471553244,1.4031621725750136,1.4031621725750136,0,0
mahler,FA50,93,hidden,y,40,751,0.6447636849867423,0.6431749859024698,3.8832061234913993,3.80317713080967,-0.0015886990842725046,0.08002899268172925
mahler,FA50,93,bounce,x,12,577,0.91708933879955368,0.91708933879955368,1.5622604211246627,1.5622604211246627,0,0
mahler,FA50,93,bounce,y,12,577,0.66833848576163135,0.6688884495139078,5.7318417057858646,5.7754828070185056,0.00054996375227645,-0.043641101232640978
mahler,FA50,93,no_bounce,x,28,1218,0.91985986431210853,0.91985986431210853,1.4427230510769504,1.4427230510769504,0,0
mahler,FA50,93,no_bounce,y,28,1218,0.42771037160345476,0.3861593948605791,3.581940943210419,3.5373729260048261,-0.041550976742875667,0.044568017205592891
mahler,FA50,93,post_bounce,x,12,303,0.8534147908706603,0.8534147908706603,1.3910055906563403,1.3910055906563403,0,0
mahler,FA50,93,post_bounce,y,12,303,0.75170987933045397,0.76803442676104094,5.3821578636520275,5.3679628674105144,0.016324547430586978,0.014194996241513103
mahler,GPFA50,93,full,x,40,1795,0.92027166517868608,0.92027166517868608,1.4381094238886436,1.4381094238886436,0,0
mahler,GPFA50,93,full,y,40,1795,0.59338849786429115,0.58412984900979581,4.1958234457705945,4.1685488487254947,-0.0092586488544953438,0.027274597045099824
mahler,GPFA50,93,visible,x,40,1004,0.7757382281694577,0.7757382281694577,1.5154062031946232,1.5154062031946232,0,0
mahler,GPFA50,93,visible,y,40,1004,0.48725250588554786,0.46946727118078074,4.633652555824364,4.6500043252902232,-0.017785234704767117,-0.016351769465859256
mahler,GPFA50,93,hidden,x,40,751,0.68072410633194314,0.68072410633194314,1.3437020767928047,1.3437020767928047,0,0
mahler,GPFA50,93,hidden,y,40,751,0.7119562814757967,0.71900296418171006,3.57081931436834,3.4617430369896196,0.0070466827059133541,0.10907627737872039
mahler,GPFA50,93,bounce,x,12,577,0.92883077255967872,0.92883077255967872,1.475628159311108,1.475628159311108,0,0
mahler,GPFA50,93,bounce,y,12,577,0.68032701758450742,0.68888253055532445,5.5357861096430199,5.5465035095958566,0.0085555129708170252,-0.010717399952836715
mahler,GPFA50,93,no_bounce,x,28,1218,0.92504047377139853,0.92504047377139853,1.4199897717887606,1.4199897717887606,0,0
mahler,GPFA50,93,no_bounce,y,28,1218,0.49365318821248855,0.45619884213634065,3.3804632673065895,3.3219056404117522,-0.037454346076147893,0.058557626894837345
mahler,GPFA50,93,post_bounce,x,12,303,0.87308673059642616,0.87308673059642616,1.2669661654577271,1.2669661654577271,0,0
mahler,GPFA50,93,post_bounce,y,12,303,0.79173840870518941,0.80781832144297816,4.9194848623655396,4.9146507249427511,0.016079912737788749,0.004834137422788487
mahler,FA50,94,full,x,40,1737,0.91540431240343578,0.91540431240343578,1.470018698776195,1.470018698776195,0,0
mahler,FA50,94,full,y,40,1737,0.52272811658137963,0.50905049424571192,4.7950776735233491,4.8091041087106605,-0.013677622335667716,-0.014026435187311392
mahler,FA50,94,visible,x,40,999,0.75850266700460267,0.75850266700460267,1.5989600791629228,1.5989600791629228,0,0
mahler,FA50,94,visible,y,40,999,0.43233477630178002,0.41574279408094195,5.1305618382548737,5.144965256670317,-0.016591982220838075,-0.014403418415443348
mahler,FA50,94,hidden,x,40,698,0.66143558213053166,0.66143558213053166,1.2907226056723062,1.2907226056723062,0,0
mahler,FA50,94,hidden,y,40,698,0.62588820831139746,0.61845266676594068,4.3177101626294974,4.3311462608555997,-0.0074355415454567808,-0.013436098226102366
mahler,FA50,94,bounce,x,16,788,0.91372157429096101,0.91372157429096101,1.4948878186001238,1.4948878186001238,0,0
mahler,FA50,94,bounce,y,16,788,0.54478460835807718,0.55134310079571425,5.8873957235438086,6.0161475411242122,0.0065584924376370646,-0.12875181758040366
mahler,FA50,94,no_bounce,x,24,949,0.91833968875314198,0.91833968875314198,1.449044376085096,1.449044376085096,0,0
mahler,FA50,94,no_bounce,y,24,949,0.5452347004689474,0.5183793333760468,3.6474272764222442,3.5039553429451207,-0.026855367092900595,0.1434719334771235
mahler,FA50,94,post_bounce,x,16,407,0.8841436383104998,0.8841436383104998,1.5093298154895303,1.5093298154895303,0,0
mahler,FA50,94,post_bounce,y,16,407,0.59057965757796949,0.60348402548533608,5.7229504103772584,5.9132670198026851,0.012904367907366598,-0.19031660942542672
mahler,GPFA50,94,full,x,40,1737,0.92393998563054236,0.92393998563054236,1.3962601050714127,1.3962601050714127,0,0
mahler,GPFA50,94,full,y,40,1737,0.55498273816890631,0.54281504410524184,4.6902471968319714,4.6974871957862092,-0.012167694063664469,-0.0072399989542377696
mahler,GPFA50,94,visible,x,40,999,0.78356959046338437,0.78356959046338437,1.5284651819308059,1.5284651819308059,0,0
mahler,GPFA50,94,visible,y,40,999,0.45446649272720979,0.44129873362945859,5.0827632325231669,5.0871760353132807,-0.013167759097751197,-0.0044128027901138012
mahler,GPFA50,94,hidden,x,40,698,0.67884529986071751,0.67884529986071751,1.2091741257891782,1.2091741257891782,0,0
mahler,GPFA50,94,hidden,y,40,698,0.67345246503665568,0.66784222742462696,4.1136343192119158,4.12384101744831,-0.0056102376120287234,-0.010206698236394196
mahler,GPFA50,94,bounce,x,16,788,0.92320588343886822,0.92320588343886822,1.4111208647872862,1.4111208647872862,0,0
mahler,GPFA50,94,bounce,y,16,788,0.59531469184733443,0.60496626914702378,5.7201387310680767,5.8375967145453327,0.0096515772996893512,-0.117457983477256
mahler,GPFA50,94,no_bounce,x,24,949,0.92577381412707349,0.92577381412707349,1.3837992368682803,1.3837992368682803,0,0
mahler,GPFA50,94,no_bounce,y,24,949,0.55234692278717501,0.52286917930743182,3.6188104109451826,3.4774926632491465,-0.02947774347974319,0.14131774769603611
mahler,GPFA50,94,post_bounce,x,16,407,0.89122405885682687,0.89122405885682687,1.4294694075273326,1.4294694075273326,0,0
mahler,GPFA50,94,post_bounce,y,16,407,0.66317271779884779,0.67810863616973915,5.4441039116507204,5.6245423711807812,0.014935918370891366,-0.18043845953006077
mahler,FA50,95,full,x,39,1723,0.92993446217185749,0.92993446217185749,1.3291616540152955,1.3291616540152955,0,0
mahler,FA50,95,full,y,39,1723,0.37949184415036247,0.37690826218145246,4.9213985924814798,4.9235433363974828,-0.0025835819689100092,-0.0021447439160029447
mahler,FA50,95,visible,x,39,980,0.80171283089404233,0.80171283089404233,1.4599347343228555,1.4599347343228555,0,0
mahler,FA50,95,visible,y,39,980,0.36726188813995203,0.35747719422191376,5.0609641479701404,5.0624615827186981,-0.0097846939180382675,-0.00149743474855768
mahler,FA50,95,hidden,x,39,704,0.73013979755539571,0.73013979755539571,1.1377961900220093,1.1377961900220093,0,0
mahler,FA50,95,hidden,y,39,704,0.393687611012355,0.39630805812993808,4.7551421241628704,4.7617345103687336,0.0026204471175830801,-0.006592386205863221
mahler,FA50,95,bounce,x,15,706,0.92352104557241421,0.92352104557241421,1.3747500354232447,1.3747500354232447,0,0
mahler,FA50,95,bounce,y,15,706,0.41576185779496871,0.43272421721804588,6.1636341496346372,6.287605769015526,0.016962359423077167,-0.12397161938088885
mahler,FA50,95,no_bounce,x,24,1017,0.9342660354333564,0.9342660354333564,1.2965719996870588,1.2965719996870588,0,0
mahler,FA50,95,no_bounce,y,24,1017,0.37189964902559036,0.34832173231864483,3.8289548275728764,3.6912196649526825,-0.023577916706945534,0.13773516262019392
mahler,FA50,95,post_bounce,x,15,401,0.90101029020934986,0.90101029020934986,1.2374565471418393,1.2374565471418393,0,0
mahler,FA50,95,post_bounce,y,15,401,0.46162604472271945,0.4903712095708157,6.0193527789218768,6.1825249209628987,0.02874516484809625,-0.16317214204102193
mahler,GPFA50,95,full,x,39,1723,0.93996870789293197,0.93996870789293197,1.2386071223497086,1.2386071223497086,0,0
mahler,GPFA50,95,full,y,39,1723,0.43764682186367732,0.44798531437400552,4.7399021638373267,4.70192477320533,0.010338492510328201,0.037977390631996677
mahler,GPFA50,95,visible,x,39,980,0.83806642992340263,0.83806642992340263,1.3465343044235007,1.3465343044235007,0,0
mahler,GPFA50,95,visible,y,39,980,0.42431736505719864,0.41986598033485423,4.9079213125335075,4.8951733677414717,-0.0044513847223444092,0.012747944792035781
mahler,GPFA50,95,hidden,x,39,704,0.73836406721064096,0.73836406721064096,1.0903256397149843,1.0903256397149843,0,0
mahler,GPFA50,95,hidden,y,39,704,0.45860367170432731,0.48234878930326291,4.5350569901550255,4.4627308141887729,0.023745117598935606,0.072326175966252571
mahler,GPFA50,95,bounce,x,15,706,0.93278770207391426,0.93278770207391426,1.2963590957812725,1.2963590957812725,0,0
mahler,GPFA50,95,bounce,y,15,706,0.50734304383560391,0.53090309528365176,5.8606514571516506,5.963549154409308,0.023560051448047847,-0.10289769725765741
mahler,GPFA50,95,no_bounce,x,24,1017,0.94488090686010473,0.94488090686010473,1.1968781934025448,1.1968781934025448,0,0
mahler,GPFA50,95,no_bounce,y,24,1017,0.38311024651276382,0.3764426319852856,3.7708357239693129,3.5731055823319586,-0.0066676145274782161,0.19773014163735425
mahler,GPFA50,95,post_bounce,x,15,401,0.91198191253684591,0.91198191253684591,1.162149792195645,1.162149792195645,0,0
mahler,GPFA50,95,post_bounce,y,15,401,0.59184555514635662,0.62027045388149826,5.513275051147418,5.649466679005279,0.028424898735141646,-0.13619162785786099
mahler,FA50,96,full,x,39,1694,0.92669584741024758,0.92669584741024758,1.3685609236401817,1.3685609236401817,0,0
mahler,FA50,96,full,y,39,1694,0.50566807231202504,0.47364106946862844,4.4803513297791211,4.5528197743434511,-0.032027002843396601,-0.072468444564329992
mahler,FA50,96,visible,x,39,973,0.76106454601366924,0.76106454601366924,1.603189097230648,1.603189097230648,0,0
mahler,FA50,96,visible,y,39,973,0.44574006742813843,0.41274667331529558,4.679622442290194,4.7749194810096691,-0.032993394112842855,-0.095297038719475147
mahler,FA50,96,hidden,x,39,682,0.79978801578578973,0.79978801578578973,0.96533831271074599,0.96533831271074599,0,0
mahler,FA50,96,hidden,y,39,682,0.57263235440470028,0.54930524164182504,4.2283192710442465,4.2634227888843546,-0.023327112762875246,-0.035103517840108012
mahler,FA50,96,bounce,x,14,628,0.93434647522460412,0.93434647522460412,1.3694737197041933,1.3694737197041933,0,0
mahler,FA50,96,bounce,y,14,628,0.59033201171018512,0.56376804135191538,5.8150624162207958,5.9680036513704007,-0.02656397035826974,-0.15294123514960489
mahler,FA50,96,no_bounce,x,25,1066,0.92508846161895408,0.92508846161895408,1.3680228937765075,1.3680228937765075,0,0
mahler,FA50,96,no_bounce,y,25,1066,0.39658436113461981,0.35101736378461057,3.4609590479603511,3.4578672808446749,-0.045566997350009242,0.0030917671156762694
mahler,FA50,96,post_bounce,x,14,321,0.93652155698118122,0.93652155698118122,1.0626639081232832,1.0626639081232832,0,0
mahler,FA50,96,post_bounce,y,14,321,0.59451977077963014,0.57498997248332018,5.9205552189654522,6.0697526653667078,-0.019529798296309964,-0.14919744640125554
mahler,GPFA50,96,full,x,39,1694,0.92937647156369041,0.92937647156369041,1.3456289772831671,1.3456289772831671,0,0
mahler,GPFA50,96,full,y,39,1694,0.55367728855076492,0.52609023451741888,4.3032024776751214,4.3664054489892994,-0.027587054033346048,-0.063202971314177958
mahler,GPFA50,96,visible,x,39,973,0.76230300727460809,0.76230300727460809,1.5992101687756688,1.5992101687756688,0,0
mahler,GPFA50,96,visible,y,39,973,0.48273664119705995,0.44947281726929128,4.5674053714592748,4.6702047512315463,-0.033263823927768665,-0.10279937977227149
mahler,GPFA50,96,hidden,x,39,682,0.82561064264512118,0.82561064264512118,0.89148573866202507,0.89148573866202507,0,0
mahler,GPFA50,96,hidden,y,39,682,0.63766503514508199,0.62531545791143783,3.9432411263232363,3.9399854867842716,-0.01234957723364416,0.0032556395389646831
mahler,GPFA50,96,bounce,x,14,628,0.94099814195959008,0.94099814195959008,1.3306903059684985,1.3306903059684985,0,0
mahler,GPFA50,96,bounce,y,14,628,0.65062839361520874,0.63715166678164858,5.5209961922538042,5.6062263220902793,-0.01347672683356016,-0.085230129836475044
mahler,GPFA50,96,no_bounce,x,25,1066,0.92703649176407998,0.92703649176407998,1.3543524930536559,1.3543524930536559,0,0
mahler,GPFA50,96,no_bounce,y,25,1066,0.41593272657004032,0.35620169868916052,3.3866548890120973,3.4324154659570669,-0.059731027880879806,-0.0457605769449696
mahler,GPFA50,96,post_bounce,x,14,321,0.93718332555114636,0.93718332555114636,1.0884199518277358,1.0884199518277358,0,0
mahler,GPFA50,96,post_bounce,y,14,321,0.66665541420135122,0.66337443182575329,5.5205406273108695,5.5757577429793956,-0.0032809823755979295,-0.055217115668526162
mahler,FA50,97,full,x,40,1840,0.9343457295193458,0.9343457295193458,1.3442969988446882,1.3442969988446882,0,0
mahler,FA50,97,full,y,40,1840,0.44088674430538949,0.39967605729766859,4.3757994187682838,4.432299346540562,-0.041210687007720903,-0.056499927772278191
mahler,FA50,97,visible,x,40,1072,0.80164753038675496,0.80164753038675496,1.5459623861581198,1.5459623861581198,0,0
mahler,FA50,97,visible,y,40,1072,0.32245030689877124,0.27484088084605923,4.6810109078503723,4.7635682624381275,-0.047609426052712012,-0.08255735458775515
mahler,FA50,97,hidden,x,40,728,0.76453156244033438,0.76453156244033438,0.99793056151217718,0.99793056151217718,0,0
mahler,FA50,97,hidden,y,40,728,0.5824746718627738,0.55383224717617152,3.9371606032886457,3.9500345383526025,-0.028642424686602275,-0.012873935063956843
mahler,FA50,97,bounce,x,12,569,0.93406393621329986,0.93406393621329986,1.467904505954281,1.467904505954281,0,0
mahler,FA50,97,bounce,y,12,569,0.57858880538881363,0.55685419466604635,5.5878933679133533,5.7749299901224873,-0.021734610722767278,-0.18703662220913397
mahler,FA50,97,no_bounce,x,28,1271,0.93563634311530419,0.93563634311530419,1.28511364348993,1.28511364348993,0,0
mahler,FA50,97,no_bounce,y,28,1271,0.338233888457592,0.28478847341915436,3.7068897900165507,3.6756010837814679,-0.053445415038437638,0.031288706235082842
mahler,FA50,97,post_bounce,x,12,300,0.92132994570572657,0.92132994570572657,1.1752243218327718,1.1752243218327718,0,0
mahler,FA50,97,post_bounce,y,12,300,0.59008446572516882,0.57439867851393489,5.4490281080366536,5.6951692495541391,-0.015685787211233926,-0.24614114151748545
mahler,GPFA50,97,full,x,40,1840,0.94363323686223544,0.94363323686223544,1.2497848989541829,1.2497848989541829,0,0
mahler,GPFA50,97,full,y,40,1840,0.47928966591210465,0.43647313538807314,4.2545851253451517,4.3163751375605139,-0.042816530524031504,-0.061790012215362289
mahler,GPFA50,97,visible,x,40,1072,0.82534309678194373,0.82534309678194373,1.4596841251393171,1.4596841251393171,0,0
mahler,GPFA50,97,visible,y,40,1072,0.36552645529484501,0.31937853296185242,4.5723267319608016,4.6467494355451162,-0.046147922332992586,-0.074422703584314576
mahler,GPFA50,97,hidden,x,40,728,0.81342491776450809,0.81342491776450809,0.87600670203437481,0.87600670203437481,0,0
mahler,GPFA50,97,hidden,y,40,728,0.61600486570685331,0.58085493607768834,3.7941043346107257,3.8318867452047556,-0.035149929629164967,-0.037782410594029869
mahler,GPFA50,97,bounce,x,12,569,0.94229750925393763,0.94229750925393763,1.3915752975138032,1.3915752975138032,0,0
mahler,GPFA50,97,bounce,y,12,569,0.56997263260589826,0.55789825426678086,5.3849822159612373,5.596742176565578,-0.012074378339117398,-0.21175996060434077
mahler,GPFA50,97,no_bounce,x,28,1271,0.94581380174134166,0.94581380174134166,1.1808038678593877,1.1808038678593877,0,0
mahler,GPFA50,97,no_bounce,y,28,1271,0.356535389102213,0.30083148839686585,3.6363914857818527,3.5984664298411362,-0.055703900705347142,0.03792505594071649
mahler,GPFA50,97,post_bounce,x,12,300,0.9386274864185955,0.9386274864185955,1.0439396072005038,1.0439396072005038,0,0
mahler,GPFA50,97,post_bounce,y,12,300,0.61504191505742489,0.60004669504223485,5.0550769729020439,5.3526335730170036,-0.014995220015190047,-0.29755660011495966
mahler,FA50,98,full,x,40,1734,0.93007123363401145,0.93007123363401145,1.3205368061265372,1.3205368061265372,0,0
mahler,FA50,98,full,y,40,1734,0.47337049138976178,0.44724250631941143,4.3802014190819669,4.4394461389527518,-0.026127985070350357,-0.059244719870784834
mahler,FA50,98,visible,x,40,991,0.80203906853982065,0.80203906853982065,1.3979883530853217,1.3979883530853217,0,0
mahler,FA50,98,visible,y,40,991,0.35898582160256992,0.33647152917959539,4.6499231148089128,4.6635781370557554,-0.022514292422974536,-0.013655022246842563
mahler,FA50,98,hidden,x,40,703,0.69662270152776196,0.69662270152776196,1.211991606952489,1.211991606952489,0,0
mahler,FA50,98,hidden,y,40,703,0.5879137205211673,0.5569325530237127,4.0201091227576162,4.1557413991110081,-0.030981167497454609,-0.13563227635339192
mahler,FA50,98,bounce,x,11,533,0.92336609891672372,0.92336609891672372,1.3868530170207767,1.3868530170207767,0,0
mahler,FA50,98,bounce,y,11,533,0.45168346497774775,0.44356109263471238,6.1640014010281261,6.4146778526701498,-0.0081223723430353667,-0.25067645164202368
mahler,FA50,98,no_bounce,x,29,1201,0.93401840570683548,0.93401840570683548,1.290014135842168,1.290014135842168,0,0
mahler,FA50,98,no_bounce,y,29,1201,0.54688495919406854,0.52498236277321264,3.2922486640086182,3.1927949710854433,-0.021902596420855902,0.099453692923174852
mahler,FA50,98,post_bounce,x,11,299,0.90289087100724219,0.90289087100724219,1.4222405912929872,1.4222405912929872,0,0
mahler,FA50,98,post_bounce,y,11,299,0.51592894999326167,0.50622459123729824,5.8544916482288123,6.2856640079571724,-0.009704358755963427,-0.4311723597283601
mahler,GPFA50,98,full,x,40,1734,0.93723298852823711,0.93723298852823711,1.2472700116518372,1.2472700116518372,0,0
mahler,GPFA50,98,full,y,40,1734,0.49509857171464544,0.46888193113166016,4.3064042559099027,4.3647857832144865,-0.026216640582985284,-0.058381527304583791
mahler,GPFA50,98,visible,x,40,991,0.82461317773644127,0.82461317773644127,1.3235283436682761,1.3235283436682761,0,0
mahler,GPFA50,98,visible,y,40,991,0.37144443737696126,0.34384867497049371,4.5930207230018256,4.6159357135061274,-0.02759576240646755,-0.022914990504301791
mahler,GPFA50,98,hidden,x,40,703,0.72798526793559681,0.72798526793559681,1.1374726873207901,1.1374726873207901,0,0
mahler,GPFA50,98,hidden,y,40,703,0.61847735079493271,0.59214144430547289,3.9064021871054893,4.0259855181651378,-0.026335906489459826,-0.11958333105964858
mahler,GPFA50,98,bounce,x,11,533,0.93151491847328827,0.93151491847328827,1.3051071937289442,1.3051071937289442,0,0
mahler,GPFA50,98,bounce,y,11,533,0.47321928092481347,0.46855938556547055,6.1405483813230175,6.3836604045989649,-0.0046598953593429138,-0.24311202327594739
mahler,GPFA50,98,no_bounce,x,29,1201,0.9414132223470959,0.9414132223470959,1.2207244447534693,1.2207244447534693,0,0
mahler,GPFA50,98,no_bounce,y,29,1201,0.58331320324466218,0.56070248906089748,3.1688215826345867,3.0693757971157392,-0.022610714183764702,0.099445785518847529
mahler,GPFA50,98,post_bounce,x,11,299,0.91881660552723332,0.91881660552723332,1.2950092921311254,1.2950092921311254,0,0
mahler,GPFA50,98,post_bounce,y,11,299,0.5616941119800668,0.56348907833031303,5.7435705225308746,6.1484502642166836,0.0017949663502462299,-0.40487974168580898
mahler,FA50,99,full,x,39,1645,0.92834312808368769,0.92834312808368769,1.4622611985592502,1.4622611985592502,0,0
mahler,FA50,99,full,y,39,1645,0.47600379025895634,0.44891704741184063,4.3504705455468882,4.3765716261935133,-0.027086742847115708,-0.026101080646625086
mahler,FA50,99,visible,x,39,962,0.77957786040855193,0.77957786040855193,1.7286098040798321,1.7286098040798321,0,0
mahler,FA50,99,visible,y,39,962,0.36427731487039283,0.32716847497450008,4.8077747681626173,4.8900519591927001,-0.037108839895892753,-0.082277191030082797
mahler,FA50,99,hidden,x,39,644,0.76352141084457581,0.76352141084457581,0.96720376258798735,0.96720376258798735,0,0
mahler,FA50,99,hidden,y,39,644,0.62846858634595149,0.6198359819143674,3.6096757217068567,3.5262549618904395,-0.00863260443158409,0.083420759816417167
mahler,FA50,99,bounce,x,10,458,0.93290767241369355,0.93290767241369355,1.4970598645098423,1.4970598645098423,0,0
mahler,FA50,99,bounce,y,10,458,0.61713963973553043,0.61371239517254139,5.9939126584695348,6.0157434121183853,-0.0034272445629890402,-0.021830753648850454
mahler,FA50,99,no_bounce,x,29,1187,0.92737227271237666,0.92737227271237666,1.4486107684506868,1.4486107684506868,0,0
mahler,FA50,99,no_bounce,y,29,1187,0.39232125423241654,0.33925503734394025,3.5166814091414831,3.5470498049111319,-0.053066216888476292,-0.030368395769648782
mahler,FA50,99,post_bounce,x,10,284,0.92971083274928512,0.92971083274928512,0.93409051352207495,0.93409051352207495,0,0
mahler,FA50,99,post_bounce,y,10,284,0.72717123543734452,0.73772339888367011,5.3823259193956901,5.3341776835163426,0.010552163446325591,0.048148235879347467
mahler,GPFA50,99,full,x,39,1645,0.93725604369731341,0.93725604369731341,1.3769878045818773,1.3769878045818773,0,0
mahler,GPFA50,99,full,y,39,1645,0.50248089891377479,0.48003380659907019,4.2943236953815855,4.3115640317678556,-0.022447092314704598,-0.017240336386270094
mahler,GPFA50,99,visible,x,39,962,0.80634195556860222,0.80634195556860222,1.6356906522745995,1.6356906522745995,0,0
mahler,GPFA50,99,visible,y,39,962,0.37081842952682043,0.34320508093679275,4.8064135588352954,4.8646742637190838,-0.027613348590027675,-0.058260704883788428
mahler,GPFA50,99,hidden,x,39,644,0.79196153392547941,0.79196153392547941,0.89110307123927757,0.89110307123927757,0,0
mahler,GPFA50,99,hidden,y,39,644,0.67915542068235601,0.66989100498665644,3.4392381982687965,3.3705336848116483,-0.0092644156956995793,0.068704513457148231
mahler,GPFA50,99,bounce,x,10,458,0.94614504593418658,0.94614504593418658,1.3743146809134639,1.3743146809134639,0,0
mahler,GPFA50,99,bounce,y,10,458,0.6501841126696174,0.65010832047459399,5.8202608205379915,5.8254902838674987,-7.5792195023405284e-05,-0.0052294633295071336
mahler,GPFA50,99,no_bounce,x,29,1187,0.93476089557019681,0.93476089557019681,1.3780178340716758,1.3780178340716758,0,0
mahler,GPFA50,99,no_bounce,y,29,1187,0.41949653008947829,0.37129872134456376,3.5335497120235235,3.559226174420997,-0.048197808744914528,-0.025676462397473454
mahler,GPFA50,99,post_bounce,x,10,284,0.94893796026711985,0.94893796026711985,0.79390537884569812,0.79390537884569812,0,0
mahler,GPFA50,99,post_bounce,y,10,284,0.78442340399828336,0.7974114085798929,5.0021971884926684,4.9185817435323473,0.012988004581609536,0.083615444960321028
perle,FA50,0,full,x,39,1639,0.95938010672960972,0.95938010672960972,1.0130817946554913,1.0130817946554913,0,0
perle,FA50,0,full,y,39,1639,0.78639470777346587,0.78297416524009289,3.5050975423647257,3.5012071377804794,-0.0034205425333729833,0.0038904045842462764
perle,FA50,0,visible,x,39,931,0.85975444288871339,0.85975444288871339,1.2081690735411836,1.2081690735411836,0,0
perle,FA50,0,visible,y,39,931,0.76636044578585827,0.75917795355562234,3.5001336799901446,3.5448088697499389,-0.0071824922302359262,-0.044675189759794343
perle,FA50,0,hidden,x,39,669,0.90331516707918436,0.90331516707918436,0.6789266642658619,0.6789266642658619,0,0
perle,FA50,0,hidden,y,39,669,0.80944136839973979,0.81274613822092323,3.5382265870545191,3.4631579127078065,0.0033047698211834398,0.075068674346712605
perle,FA50,0,bounce,x,14,642,0.96730561122741543,0.96730561122741543,0.9219264240851609,0.9219264240851609,0,0
perle,FA50,0,bounce,y,14,642,0.85848764693188961,0.85724103709653188,4.5474749675615129,4.5691391001038273,-0.0012466098353577371,-0.021664132542314363
perle,FA50,0,no_bounce,x,25,997,0.95489277598315037,0.95489277598315037,1.0676682669502897,1.0676682669502897,0,0
perle,FA50,0,no_bounce,y,25,997,0.72603990793933537,0.72137140333290073,2.6231014711795204,2.5901106697177267,-0.0046685046064346425,0.032990801461793673
perle,FA50,0,post_bounce,x,14,328,0.95612613832610549,0.95612613832610549,0.84358824018167633,0.84358824018167633,0,0
perle,FA50,0,post_bounce,y,14,328,0.87182825914165685,0.87660075210991573,4.4489067548541223,4.407736811719376,0.004772492968258879,0.041169943134746312
perle,GPFA50,0,full,x,39,1639,0.96112906846303003,0.96112906846303003,0.99136597494177381,0.99136597494177381,0,0
perle,GPFA50,0,full,y,39,1639,0.80757701396622406,0.80508948822331816,3.4164358813995821,3.412162934890437,-0.0024875257429058939,0.0042729465091451146
perle,GPFA50,0,visible,x,39,931,0.86323905896891151,0.86323905896891151,1.1942089569958962,1.1942089569958962,0,0
perle,GPFA50,0,visible,y,39,931,0.77882082066571667,0.77251380628981892,3.4635714517429634,3.5062105324969584,-0.006307014375897757,-0.042639080753994918
perle,GPFA50,0,hidden,x,39,669,0.9101593242343865,0.9101593242343865,0.63466537705279025,0.63466537705279025,0,0
perle,GPFA50,0,hidden,y,39,669,0.840832898873764,0.84576647572039843,3.3815805638772622,3.3056091573015429,0.0049335768466344243,0.075971406575719325
perle,GPFA50,0,bounce,x,14,642,0.96859474928330946,0.96859474928330946,0.90202894476758499,0.90202894476758499,0,0
perle,GPFA50,0,bounce,y,14,642,0.87382976854493322,0.87334941094636542,4.4623645326298869,4.4844684269122963,-0.00048035759856779325,-0.022103894282409442
perle,GPFA50,0,no_bounce,x,25,997,0.95686089580208822,0.95686089580208822,1.0448577602555627,1.0448577602555627,0,0
perle,GPFA50,0,no_bounce,y,25,997,0.75095701047208208,0.74716385389393525,2.5230158843668566,2.4880310016654694,-0.0037931565781468279,0.034984882701387221
perle,GPFA50,0,post_bounce,x,14,328,0.95853173915937728,0.95853173915937728,0.82050028435893685,0.82050028435893685,0,0
perle,GPFA50,0,post_bounce,y,14,328,0.88726139539762217,0.89370603383936187,4.3313184168811709,4.2820963410049426,0.0064446384417397029,0.049222075876228288
perle,FA50,1,full,x,40,1684,0.95326309647325802,0.95326309647325802,1.1618246509119239,1.1618246509119239,0,0
perle,FA50,1,full,y,40,1684,0.71287076957370354,0.70555195982864438,3.4293181148438632,3.4992952313043384,-0.0073188097450591627,-0.069977116460475219
perle,FA50,1,visible,x,40,983,0.85122454240785805,0.85122454240785805,1.3811999503901007,1.3811999503901007,0,0
perle,FA50,1,visible,y,40,983,0.64297534516062604,0.64684827502320041,3.6482881529543332,3.6266770542367763,0.0038729298625743702,0.021611098717556843
perle,FA50,1,hidden,x,40,661,0.8616502853057153,0.8616502853057153,0.76245132696063123,0.76245132696063123,0,0
perle,FA50,1,hidden,y,40,661,0.80743507710133522,0.78203236710587509,3.1005898926397557,3.3301337181957678,-0.025402709995460127,-0.22954382555601205
perle,FA50,1,bounce,x,9,447,0.93978915373914518,0.93978915373914518,1.3797753332684537,1.3797753332684537,0,0
perle,FA50,1,bounce,y,9,447,0.79607973593294279,0.7847309909874719,4.5234820903192805,4.8938103307021752,-0.01134874494547089,-0.37032824038289469
perle,FA50,1,no_bounce,x,31,1237,0.95920228281468467,0.95920228281468467,1.072224115098487,1.072224115098487,0,0
perle,FA50,1,no_bounce,y,31,1237,0.68055986500126775,0.6810003833531344,2.9352690658819216,2.8311868050472162,0.00044051835186664778,0.1040822608347054
perle,FA50,1,post_bounce,x,9,232,0.91910302681970701,0.91910302681970701,1.1774514903399669,1.1774514903399669,0,0
perle,FA50,1,post_bounce,y,9,232,0.89072735444406725,0.86204922404546136,4.021673339663467,4.7698088956804199,-0.028678130398605894,-0.74813555601695292
perle,GPFA50,1,full,x,40,1684,0.95398797789327106,0.95398797789327106,1.1539946483050296,1.1539946483050296,0,0
perle,GPFA50,1,full,y,40,1684,0.73730196332044884,0.73050781998162573,3.3283552116880757,3.3996693121025094,-0.0067941433388231109,-0.071314100414433756
perle,GPFA50,1,visible,x,40,983,0.85150461149080181,0.85150461149080181,1.3790536605767605,1.3790536605767605,0,0
perle,GPFA50,1,visible,y,40,983,0.65564040151377068,0.65938598716782304,3.6014943392896237,3.5806549544563651,0.0037455856540523635,0.020839384833258645
perle,GPFA50,1,hidden,x,40,661,0.86812269625011429,0.86812269625011429,0.73844121199414947,0.73844121199414947,0,0
perle,GPFA50,1,hidden,y,40,661,0.84368905391752946,0.81925433038649775,2.9143120044552475,3.1541968992460832,-0.02443472353103171,-0.23988489479083563
perle,GPFA50,1,bounce,x,9,447,0.94155827256800229,0.94155827256800229,1.365089011677642,1.365089011677642,0,0
perle,GPFA50,1,bounce,y,9,447,0.82034696914527638,0.80860471745254303,4.3926019398323941,4.7678852990745781,-0.011742251692733352,-0.37528335924218403
perle,GPFA50,1,no_bounce,x,31,1237,0.95953883122163952,0.95953883122163952,1.0674953283161384,1.0674953283161384,0,0
perle,GPFA50,1,no_bounce,y,31,1237,0.70129248003177835,0.70217639787590658,2.8475722084619788,2.7421856344111881,0.00088391784412822361,0.10538657405079066
perle,GPFA50,1,post_bounce,x,9,232,0.92150957093823338,0.92150957093823338,1.1682368835586967,1.1682368835586967,0,0
perle,GPFA50,1,post_bounce,y,9,232,0.90450178308184193,0.87687006314295346,3.9036836185034658,4.6569185337619876,-0.027631719938888466,-0.75323491525852182
perle,FA50,2,full,x,40,1683,0.9566328382760817,0.9566328382760817,1.0649358945688165,1.0649358945688165,0,0
perle,FA50,2,full,y,40,1683,0.72565214113598242,0.71310446907675773,3.8383992903943325,3.8067870560604149,-0.01254767205922469,0.031612234333917577
perle,FA50,2,visible,x,40,966,0.84256819330330912,0.84256819330330912,1.3219808214231901,1.3219808214231901,0,0
perle,FA50,2,visible,y,40,966,0.67434134288532988,0.65454074926471173,3.842324939762086,3.9098383186205039,-0.019800593620618145,-0.067513378858417905
perle,FA50,2,hidden,x,40,677,0.92779808138166464,0.92779808138166464,0.55074262645127836,0.55074262645127836,0,0
perle,FA50,2,hidden,y,40,677,0.79436698235822534,0.79196577106641841,3.8506981349175513,3.667229144734176,-0.0024012112918069262,0.18346899018337526
perle,FA50,2,bounce,x,13,569,0.96316601340583841,0.96316601340583841,1.0182793222071187,1.0182793222071187,0,0
perle,FA50,2,bounce,y,13,569,0.80601213567142904,0.80495484990456001,5.3162756746035482,5.3375252466326204,-0.0010572857668690316,-0.021249572029072183
perle,FA50,2,no_bounce,x,27,1114,0.95296859999045636,0.95296859999045636,1.0879950787928812,1.0879950787928812,0,0
perle,FA50,2,no_bounce,y,27,1114,0.6723255787508815,0.65689205568653875,2.7969323741186831,2.7096258355708742,-0.015433523064342758,0.087306538547808898
perle,FA50,2,post_bounce,x,13,264,0.97051099722926049,0.97051099722926049,0.58981560578787284,0.58981560578787284,0,0
perle,FA50,2,post_bounce,y,13,264,0.87090098394341031,0.88632845955013617,5.1264292865593175,5.0408956318057268,0.01542747560672586,0.08553365475359076
perle,GPFA50,2,full,x,40,1683,0.95788807011070265,0.95788807011070265,1.0507058437487595,1.0507058437487595,0,0
perle,GPFA50,2,full,y,40,1683,0.74364221823348475,0.72919434861273436,3.7801926344485359,3.7601750267334446,-0.014447869620750398,0.020017607715091312
perle,GPFA50,2,visible,x,40,966,0.8437845709448788,0.8437845709448788,1.3179224116042683,1.3179224116042683,0,0
perle,GPFA50,2,visible,y,40,966,0.67878764003060654,0.65687218729895325,3.8472919797549863,3.9252277339454427,-0.021915452731653295,-0.077935754190456397
perle,GPFA50,2,hidden,x,40,677,0.93853667225042414,0.93853667225042414,0.49729225269757138,0.49729225269757138,0,0
perle,GPFA50,2,hidden,y,40,677,0.82193609699433057,0.81749781897787588,3.7134298503627816,3.5374289073551393,-0.0044382780164546887,0.17600094300764235
perle,GPFA50,2,bounce,x,13,569,0.96384485488682348,0.96384485488682348,1.0104578528209553,1.0104578528209553,0,0
perle,GPFA50,2,bounce,y,13,569,0.81824716501054029,0.81602262576084883,5.3022284804626683,5.3461005880050649,-0.0022245392496914596,-0.043872107542396677
perle,GPFA50,2,no_bounce,x,27,1114,0.95453569143237438,0.95453569143237438,1.0706798021315469,1.0706798021315469,0,0
perle,GPFA50,2,no_bounce,y,27,1114,0.70195747655365914,0.68649340394293012,2.6886914185494786,2.6004635783497765,-0.015464072610729018,0.08822784019970209
perle,GPFA50,2,post_bounce,x,13,264,0.97419545256727302,0.97419545256727302,0.55622781306423175,0.55622781306423175,0,0
perle,GPFA50,2,post_bounce,y,13,264,0.88645680326243992,0.90373804627518939,5.0661729610885402,4.9970351911618307,0.01728124301274947,0.069137769926709502
perle,FA50,3,full,x,40,1689,0.96029025704726001,0.96029025704726001,1.0207433288818304,1.0207433288818304,0,0
perle,FA50,3,full,y,40,1689,0.75227883034644882,0.74149155249727217,3.2161489607183515,3.1853239268396654,-0.010787277849176657,0.030825033878686181
perle,FA50,3,visible,x,40,976,0.85821350910490979,0.85821350910490979,1.2460206536491143,1.2460206536491143,0,0
perle,FA50,3,visible,y,40,976,0.73628629929044487,0.72358757785321293,3.3683281730372348,3.4156878449995998,-0.012698721437231941,-0.047359671962365013
perle,FA50,3,hidden,x,40,673,0.91802288596867465,0.91802288596867465,0.58782294867302831,0.58782294867302831,0,0
perle,FA50,3,hidden,y,40,673,0.77091884393687904,0.76502374532348738,3.0232608528921872,2.8567536139355547,-0.0058950986133916583,0.16650723895663244
perle,FA50,3,bounce,x,10,430,0.96756070604870814,0.96756070604870814,1.1195925255939176,1.1195925255939176,0,0
perle,FA50,3,bounce,y,10,430,0.83525341972589973,0.82582849418019588,4.4943794370774466,4.5898158339841491,-0.0094249255457038439,-0.09543639690670247
perle,FA50,3,no_bounce,x,30,1259,0.9608998702378575,0.9608998702378575,0.98471161777227234,0.98471161777227234,0,0
perle,FA50,3,no_bounce,y,30,1259,0.72123878411370901,0.71919913058096641,2.6414852299123757,2.5331049225527384,-0.0020396535327426024,0.10838030735963722
perle,FA50,3,post_bounce,x,10,256,0.97565425478901535,0.97565425478901535,1.014799950260777,1.014799950260777,0,0
perle,FA50,3,post_bounce,y,10,256,0.90480651788406452,0.90111171080630037,3.8660914355123768,3.9413140458430718,-0.0036948070777641506,-0.075222610330694994
perle,GPFA50,3,full,x,40,1689,0.96211243869170737,0.96211243869170737,0.99815373280434172,0.99815373280434172,0,0
perle,GPFA50,3,full,y,40,1689,0.77169219557376767,0.76072233881862428,3.1371085513270245,3.1071030733513458,-0.010969856755143392,0.030005477975678652
perle,GPFA50,3,visible,x,40,976,0.86285668173339913,0.86285668173339913,1.2264667467699268,1.2264667467699268,0,0
perle,GPFA50,3,visible,y,40,976,0.74135222934009937,0.72915176169059959,3.3557541860034097,3.4022056134520162,-0.01220046764949978,-0.04645142744860653
perle,GPFA50,3,hidden,x,40,673,0.92515982561989052,0.92515982561989052,0.5521134992499046,0.5521134992499046,0,0
perle,GPFA50,3,hidden,y,40,673,0.81023961533039413,0.80401512287001464,2.8446895774248739,2.6740313660345372,-0.0062244924603794827,0.17065821139033677
perle,GPFA50,3,bounce,x,10,430,0.96918507461251469,0.96918507461251469,1.1021804223023011,1.1021804223023011,0,0
perle,GPFA50,3,bounce,y,10,430,0.84357450892234309,0.8329124647234446,4.4421414210743757,4.563213953224647,-0.01066204419889849,-0.12107253215027125
perle,GPFA50,3,no_bounce,x,30,1259,0.96287831763592369,0.96287831763592369,0.96004548098922482,0.96004548098922482,0,0
perle,GPFA50,3,no_bounce,y,30,1259,0.74556172796160392,0.74647593814919477,2.542284560771058,2.4165008770023615,0.00091421018759085815,0.12578368376869653
perle,GPFA50,3,post_bounce,x,10,256,0.97789835728976837,0.97789835728976837,1.0083313447873274,1.0083313447873274,0,0
perle,GPFA50,3,post_bounce,y,10,256,0.91963819275625214,0.91537688567822062,3.7354011734541692,3.8503310022963944,-0.0042613070780315176,-0.11492982884222513
perle,FA50,4,full,x,39,1704,0.94702372769832743,0.94702372769832743,1.2372239236201237,1.2372239236201237,0,0
perle,FA50,4,full,y,39,1704,0.62866432196487976,0.62080373950466783,4.1727931855822273,4.2487665213254759,-0.007860582460211929,-0.075973335743248605
perle,FA50,4,visible,x,39,951,0.83908360884677302,0.83908360884677302,1.3255357127823948,1.3255357127823948,0,0
perle,FA50,4,visible,y,39,951,0.61753956742893046,0.60883959926983355,4.2316170749025419,4.2657280312165256,-0.0086999681590969047,-0.034110956313983642
perle,FA50,4,hidden,x,39,714,0.81769031355054911,0.81769031355054911,1.1264994980897414,1.1264994980897414,0,0
perle,FA50,4,hidden,y,39,714,0.63209103534189481,0.62319017135275512,4.0987252184228042,4.236733877603676,-0.0089008639891396957,-0.1380086591808718
perle,FA50,4,bounce,x,14,675,0.93698573488365933,0.93698573488365933,1.4583036146394401,1.4583036146394401,0,0
perle,FA50,4,bounce,y,14,675,0.69926552778199558,0.6899062172176339,5.7128433148153546,5.8718952914517688,-0.0093593105643616781,-0.15905197663641424
perle,FA50,4,no_bounce,x,25,1029,0.95749100571389223,0.95749100571389223,1.067618481024009,1.067618481024009,0,0
perle,FA50,4,no_bounce,y,25,1029,0.64132531014662209,0.63234322258522724,2.7249527614272857,2.6974428602151592,-0.008982087561394847,0.027509901212126486
perle,FA50,4,post_bounce,x,14,363,0.88723636064248046,0.88723636064248046,1.377439481299269,1.377439481299269,0,0
perle,FA50,4,post_bounce,y,14,363,0.73659256097901571,0.72493700183878607,5.6644458376436839,5.9040826575570593,-0.011655559140229643,-0.23963681991337538
perle,GPFA50,4,full,x,39,1704,0.94936643497504536,0.94936643497504536,1.2162385114028214,1.2162385114028214,0,0
perle,GPFA50,4,full,y,39,1704,0.64765143105861323,0.63965551646322738,4.1251484558133553,4.203668362505959,-0.0079959145953858446,-0.078519906692603669
perle,GPFA50,4,visible,x,39,951,0.84579378255219861,0.84579378255219861,1.3038796349852584,1.3038796349852584,0,0
perle,GPFA50,4,visible,y,39,951,0.62230570267393104,0.61319343071526189,4.2308427064261203,4.2663419211431863,-0.0091122719586691492,-0.035499214717066074
perle,GPFA50,4,hidden,x,39,714,0.82135610761199251,0.82135610761199251,1.1072295050873247,1.1072295050873247,0,0
perle,GPFA50,4,hidden,y,39,714,0.66732868532357903,0.65853217294263211,3.9956245852121932,4.1380604124512246,-0.0087965123809469192,-0.14243582723903137
perle,GPFA50,4,bounce,x,14,675,0.93951583065741573,0.93951583065741573,1.4353261096117682,1.4353261096117682,0,0
perle,GPFA50,4,bounce,y,14,675,0.72810759844494599,0.71664444305945185,5.6727694369105564,5.8353610664576836,-0.011463155385494139,-0.16259162954712725
perle,GPFA50,4,no_bounce,x,25,1029,0.95942485580396586,0.95942485580396586,1.047932686549476,1.047932686549476,0,0
perle,GPFA50,4,no_bounce,y,25,1029,0.6612016294892733,0.652620893195341,2.6589418051680056,2.6316399625443667,-0.0085807362939323006,0.027301842623638883
perle,GPFA50,4,post_bounce,x,14,363,0.88975530939623215,0.88975530939623215,1.3606184856977515,1.3606184856977515,0,0
perle,GPFA50,4,post_bounce,y,14,363,0.7716413687993906,0.75764462439739966,5.572723846377948,5.818741501085384,-0.013996744401990946,-0.24601765470743597
perle,FA50,5,full,x,40,1770,0.95263659814454904,0.95263659814454904,1.1185895923436604,1.1185895923436604,0,0
perle,FA50,5,full,y,40,1770,0.60336252927592582,0.58076455316553766,4.0903749458691028,4.1483537089109275,-0.022597976110388163,-0.057978763041824699
perle,FA50,5,visible,x,40,1001,0.84631185664634889,0.84631185664634889,1.2461652996897665,1.2461652996897665,0,0
perle,FA50,5,visible,y,40,1001,0.59188513065954174,0.59305952282761409,4.1252251441601491,4.1259379364533757,0.0011743921680723579,-0.00071279229322662729
perle,FA50,5,hidden,x,40,729,0.86961651311758714,0.86961651311758714,0.9425909434614943,0.9425909434614943,0,0
perle,FA50,5,hidden,y,40,729,0.61395925413272645,0.55722313387405376,4.0840774527535348,4.2227162921220973,-0.056736120258672695,-0.13863883936856247
perle,FA50,5,bounce,x,11,555,0.93635746544967235,0.93635746544967235,1.2916054034769602,1.2916054034769602,0,0
perle,FA50,5,bounce,y,11,555,0.69937560423066936,0.66836512374242119,5.4938221830192999,5.7669784409526832,-0.031010480488248171,-0.27315625793338327
perle,FA50,5,no_bounce,x,29,1215,0.9599564265082926,0.9599564265082926,1.0299322080230682,1.0299322080230682,0,0
perle,FA50,5,no_bounce,y,29,1215,0.5494285130119988,0.53905974983757587,3.2537550742316776,3.142884280792094,-0.010368763174422924,0.11087079343958361
perle,FA50,5,post_bounce,x,11,297,0.92506596207408454,0.92506596207408454,1.2462058457806344,1.2462058457806344,0,0
perle,FA50,5,post_bounce,y,11,297,0.73936761872062207,0.6931885837847559,5.3139292986061175,5.7968963932816528,-0.04617903493586617,-0.48296709467553534
perle,GPFA50,5,full,x,40,1770,0.95505722614130895,0.95505722614130895,1.0960082143722316,1.0960082143722316,0,0
perle,GPFA50,5,full,y,40,1770,0.62095988948335767,0.59989753973887494,4.0391823971159626,4.0983420271834285,-0.021062349744482733,-0.05915963006746594
perle,GPFA50,5,visible,x,40,1001,0.85033951166378696,0.85033951166378696,1.2324300884806836,1.2324300884806836,0,0
perle,GPFA50,5,visible,y,40,1001,0.58858965787084305,0.59397776290906501,4.1326230420285093,4.1275186823910319,0.0053881050382219575,0.0051043596374773514
perle,GPFA50,5,hidden,x,40,729,0.88167474617083041,0.88167474617083041,0.90055835923396332,0.90055835923396332,0,0
perle,GPFA50,5,hidden,y,40,729,0.65569113387273636,0.5990293366718582,3.9468892637426336,4.1010780544343355,-0.056661797200878161,-0.15418879069170188
perle,GPFA50,5,bounce,x,11,555,0.93968969084022724,0.93968969084022724,1.2605282853326187,1.2605282853326187,0,0
perle,GPFA50,5,bounce,y,11,555,0.71026978853634315,0.67922486342270461,5.4757829393993402,5.75412237255071,-0.031044925113638544,-0.27833943315136978
perle,GPFA50,5,no_bounce,x,29,1215,0.96190792728814223,0.96190792728814223,1.0119968346096329,1.0119968346096329,0,0
perle,GPFA50,5,no_bounce,y,29,1215,0.57752035218880449,0.56886527863135838,3.1734897020449395,3.0568863194496694,-0.0086550735574461024,0.11660338259527014
perle,GPFA50,5,post_bounce,x,11,297,0.93082606552422709,0.93082606552422709,1.2103390372888534,1.2103390372888534,0,0
perle,GPFA50,5,post_bounce,y,11,297,0.75446745076588151,0.70653599760104369,5.2551349640546574,5.7549857567275717,-0.047931453164837823,-0.49985079267291432
perle,FA50,6,full,x,39,1691,0.95381746727184891,0.95381746727184891,1.1024098984027872,1.1024098984027872,0,0
perle,FA50,6,full,y,39,1691,0.65616250352629146,0.64754490864862702,3.8485392225072146,3.7789496369839353,-0.0086175948776644473,0.069589585523279318
perle,FA50,6,visible,x,39,947,0.82538980293478559,0.82538980293478559,1.3433769689948252,1.3433769689948252,0,0
perle,FA50,6,visible,y,39,947,0.60311634676667547,0.59133395147349044,4.0537619509740734,4.0858323482208663,-0.011782395293185033,-0.032070397246792837
perle,FA50,6,hidden,x,39,705,0.9125738717119094,0.9125738717119094,0.68352201967645732,0.68352201967645732,0,0
perle,FA50,6,hidden,y,39,705,0.71734571723984975,0.71993264128327417,3.5771929402746556,3.3424249336854341,0.0025869240434244212,0.23476800658922148
perle,FA50,6,bounce,x,11,508,0.93791769617146648,0.93791769617146648,1.3088923664839767,1.3088923664839767,0,0
perle,FA50,6,bounce,y,11,508,0.77097412619255201,0.77707990861066956,5.4868398000059289,5.3697360413242921,0.0061057824181175446,0.1171037586816368
perle,FA50,6,no_bounce,x,28,1183,0.96545126172453755,0.96545126172453755,1.0007520069176723,1.0007520069176723,0,0
perle,FA50,6,no_bounce,y,28,1183,0.60863699575486785,0.59042027483791926,2.8711821987638122,2.8338840616323466,-0.018216720916948592,0.03729813713146557
perle,FA50,6,post_bounce,x,11,259,0.93330295880427783,0.93330295880427783,1.0020960703915289,1.0020960703915289,0,0
perle,FA50,6,post_bounce,y,11,259,0.80874028286767286,0.83175706707757635,5.3677178105333647,5.063733675936807,0.023016784209903496,0.30398413459655771
perle,GPFA50,6,full,x,39,1691,0.95535682877422146,0.95535682877422146,1.0867090859418436,1.0867090859418436,0,0
perle,GPFA50,6,full,y,39,1691,0.67088299793172668,0.66170028960178018,3.7976222481570896,3.7297944856491996,-0.0091827083299464984,0.067827762507890021
perle,GPFA50,6,visible,x,39,947,0.82816853835323256,0.82816853835323256,1.3367941054844923,1.3367941054844923,0,0
perle,GPFA50,6,visible,y,39,947,0.60631532677862454,0.59379620205393391,4.0553051896248054,4.0885526199530906,-0.012519124724690633,-0.033247430328285255
perle,GPFA50,6,hidden,x,39,705,0.92214368373317301,0.92214368373317301,0.63643078601797631,0.63643078601797631,0,0
perle,GPFA50,6,hidden,y,39,705,0.74336255594968181,0.746640652292204,3.4519965261018433,3.215229268308192,0.0032780963425221854,0.23676725779365126
perle,GPFA50,6,bounce,x,11,508,0.93926245614791248,0.93926245614791248,1.2947100236152955,1.2947100236152955,0,0
perle,GPFA50,6,bounce,y,11,508,0.7787227144152894,0.78548790365283727,5.4694089699558672,5.352102131353452,0.006765189237547875,0.1173068386024152
perle,GPFA50,6,no_bounce,x,28,1183,0.96706961998113317,0.96706961998113317,0.98398702433062213,0.98398702433062213,0,0
perle,GPFA50,6,no_bounce,y,28,1183,0.6324232959978443,0.61280865385235905,2.7873277617248839,2.753996994862574,-0.01961464214548525,0.033330766862309957
perle,GPFA50,6,post_bounce,x,11,259,0.93632656106359913,0.93632656106359913,0.97989049017688756,0.97989049017688756,0,0
perle,GPFA50,6,post_bounce,y,11,259,0.8206252193226069,0.84643729325985539,5.3039027257464264,4.9841597153321739,0.025812073937248492,0.31974301041425246
perle,FA50,7,full,x,40,1703,0.95269604644010963,0.95269604644010963,1.0976037576504818,1.0976037576504818,0,0
perle,FA50,7,full,y,40,1703,0.72918982113959019,0.72047332568139622,3.8524598173806535,3.8305984510589917,-0.0087164954581939735,0.021861366321661801
perle,FA50,7,visible,x,40,963,0.8417685608514599,0.8417685608514599,1.300331540502488,1.300331540502488,0,0
perle,FA50,7,visible,y,40,963,0.71381573843189361,0.71663308908518275,4.025857580765634,3.9849789892684662,0.0028173506532891412,0.040878591497167882
perle,FA50,7,hidden,x,40,700,0.88531803337958082,0.88531803337958082,0.76485781567131172,0.76485781567131172,0,0
perle,FA50,7,hidden,y,40,700,0.74713242609284525,0.72400939086351668,3.6416557865720951,3.6506323585822131,-0.02312303522932857,-0.0089765720101180335
perle,FA50,7,bounce,x,14,621,0.94991283562758799,0.94991283562758799,1.1241322943794687,1.1241322943794687,0,0
perle,FA50,7,bounce,y,14,621,0.81731390392733483,0.8096196934526867,4.8291112299691985,4.8828633772227104,-0.0076942104746481332,-0.053752147253511851
perle,FA50,7,no_bounce,x,26,1082,0.95427683902548388,0.95427683902548388,1.0820843283411363,1.0820843283411363,0,0
perle,FA50,7,no_bounce,y,26,1082,0.64892060685767761,0.63627935552070392,3.1583395828506475,3.0677563775386814,-0.012641251336973691,0.090583205311966175
perle,FA50,7,post_bounce,x,14,365,0.9555042599540724,0.9555042599540724,0.97893427229106511,0.97893427229106511,0,0
perle,FA50,7,post_bounce,y,14,365,0.87583310861483032,0.86925195696938473,4.3352939225591687,4.4176412169794661,-0.0065811516454455932,-0.082347294420297423
perle,GPFA50,7,full,x,40,1703,0.95398192087608891,0.95398192087608891,1.082816244295431,1.082816244295431,0,0
perle,GPFA50,7,full,y,40,1703,0.74343206194983125,0.73619234375950937,3.8029889526727114,3.7767637054944303,-0.0072397181903218755,0.026225247178281119
perle,GPFA50,7,visible,x,40,963,0.84453774816921368,0.84453774816921368,1.2898734000811001,1.2898734000811001,0,0
perle,GPFA50,7,visible,y,40,963,0.71804677390714045,0.72097405972792505,4.030401021173506,3.9906795994294524,0.0029272858207846086,0.039721421744053576
perle,GPFA50,7,hidden,x,40,700,0.89158581569253159,0.89158581569253159,0.73831575880445766,0.73831575880445766,0,0
perle,GPFA50,7,hidden,y,40,700,0.77665871184288093,0.75819763433857579,3.5093263113831523,3.506243270849343,-0.018461077504305146,0.0030830405338093669
perle,GPFA50,7,bounce,x,14,621,0.95188391777633696,0.95188391777633696,1.1019740348739251,1.1019740348739251,0,0
perle,GPFA50,7,bounce,y,14,621,0.82851338262727181,0.82331141423520426,4.780370150202315,4.8273277636638738,-0.0052019683920675464,-0.0469576134615588
perle,GPFA50,7,no_bounce,x,26,1082,0.95517450280622795,0.95517450280622795,1.0716662009439508,1.0716662009439508,0,0
perle,GPFA50,7,no_bounce,y,26,1082,0.66618990624674368,0.65317656604739516,3.1060977909657201,3.0126467593892228,-0.013013340199348522,0.093451031576497368
perle,GPFA50,7,post_bounce,x,14,365,0.95735076342082015,0.95735076342082015,0.96148110273056231,0.96148110273056231,0,0
perle,GPFA50,7,post_bounce,y,14,365,0.88942653080975864,0.88534679501830671,4.2331819980300232,4.3044725137097721,-0.0040797357914519328,-0.071290515679748978
perle,FA50,8,full,x,40,1763,0.95823029281366912,0.95823029281366912,1.172327697883085,1.172327697883085,0,0
perle,FA50,8,full,y,40,1763,0.72256079073466239,0.70666903892914945,3.9238800622522669,3.9699705749438849,-0.015891751805512944,-0.046090512691618013
perle,FA50,8,visible,x,40,1026,0.86721815444524086,0.86721815444524086,1.4278110171936895,1.4278110171936895,0,0
perle,FA50,8,visible,y,40,1026,0.70417682867130571,0.70368294646308882,4.1339057782463824,4.1390302531198202,-0.00049388220821688922,-0.0051244748734378121
perle,FA50,8,hidden,x,40,697,0.88679680222049351,0.88679680222049351,0.67397153843610369,0.67397153843610369,0,0
perle,FA50,8,hidden,y,40,697,0.75091475143541619,0.71510082054212087,3.6158648361987469,3.7324484723669578,-0.03581393089329532,-0.11658363616821088
perle,FA50,8,bounce,x,13,635,0.9542389022344564,0.9542389022344564,1.3475825666292101,1.3475825666292101,0,0
perle,FA50,8,bounce,y,13,635,0.78403627393721465,0.76483001900069902,5.4005717460031715,5.5954803219061855,-0.019206254936515621,-0.19490857590301403
perle,FA50,8,no_bounce,x,27,1128,0.96224847306169603,0.96224847306169603,1.0610096816390922,1.0610096816390922,0,0
perle,FA50,8,no_bounce,y,27,1128,0.71090228306454295,0.70994562526716598,2.7650456260162839,2.6471893602649028,-0.00095665779737696965,0.11785626575138108
perle,FA50,8,post_bounce,x,13,372,0.9421249968578671,0.9421249968578671,1.0508768768062124,1.0508768768062124,0,0
perle,FA50,8,post_bounce,y,13,372,0.82311186741381126,0.79090253499801844,5.0902790334953973,5.4126150874263521,-0.032209332415792824,-0.32233605393095477
perle,GPFA50,8,full,x,40,1763,0.9595748675426089,0.9595748675426089,1.171060203375162,1.171060203375162,0,0
perle,GPFA50,8,full,y,40,1763,0.73915439653514259,0.72363263179335613,3.849244340300741,3.897354495334604,-0.015521764741786459,-0.048110155033862956
perle,GPFA50,8,visible,x,40,1026,0.86860069842343279,0.86860069842343279,1.4379910104565257,1.4379910104565257,0,0
perle,GPFA50,8,visible,y,40,1026,0.71485478124745239,0.71474844968366447,4.0883706561368536,4.0976522802454269,-0.0001063315637879203,-0.0092816241085733608
perle,GPFA50,8,hidden,x,40,697,0.89532477676664513,0.89532477676664513,0.6364774449925763,0.6364774449925763,0,0
perle,GPFA50,8,hidden,y,40,697,0.77522775852042147,0.74086571848155058,3.4968775836985238,3.6131262244316651,-0.034362040038870889,-0.11624864073314134
perle,GPFA50,8,bounce,x,13,635,0.95652130701623839,0.95652130701623839,1.3418625049728528,1.3418625049728528,0,0
perle,GPFA50,8,bounce,y,13,635,0.80003175375523283,0.78157334773247944,5.3023289744678204,5.5024553833539445,-0.018458406022753393,-0.2001264088861241
perle,GPFA50,8,no_bounce,x,27,1128,0.96311694097524592,0.96311694097524592,1.0629014269399089,1.0629014269399089,0,0
perle,GPFA50,8,no_bounce,y,27,1128,0.72557479218638077,0.72496558340802864,2.7075185210638115,2.5876408148136218,-0.00060920877835213272,0.11987770625018968
perle,GPFA50,8,post_bounce,x,13,372,0.94497808545673312,0.94497808545673312,1.0429728669239855,1.0429728669239855,0,0
perle,GPFA50,8,post_bounce,y,13,372,0.84218812854179892,0.81115535813097195,4.9936028465448548,5.3182986804864418,-0.031032770410826971,-0.32469583394158708
perle,FA50,9,full,x,39,1684,0.95016856438521036,0.95016856438521036,1.1237206433398468,1.1237206433398468,0,0
perle,FA50,9,full,y,39,1684,0.69307310951936196,0.68084185268688902,3.7423064504363963,3.6932168892945518,-0.012231256832472948,0.049089561141844484
perle,FA50,9,visible,x,39,958,0.83909461173031952,0.83909461173031952,1.2772190278582674,1.2772190278582674,0,0
perle,FA50,9,visible,y,39,958,0.63590493793071357,0.62728289153172578,3.7943029108988133,3.7985811597068224,-0.0086220463989877816,-0.0042782488080090886
perle,FA50,9,hidden,x,39,687,0.84418165282391344,0.84418165282391344,0.89419953862714541,0.89419953862714541,0,0
perle,FA50,9,hidden,y,39,687,0.75867624099650099,0.74364388867933651,3.691064913716481,3.5629402756805768,-0.015032352317164488,0.12812463803590424
perle,FA50,9,bounce,x,10,452,0.93923477191914939,0.93923477191914939,1.2453874682241974,1.2453874682241974,0,0
perle,FA50,9,bounce,y,10,452,0.79641532338449861,0.79256318449523444,5.2373144204927318,5.2807449066504644,-0.0038521388892641673,-0.043430486157732595
perle,FA50,9,no_bounce,x,29,1232,0.9542498036763104,0.9542498036763104,1.0756379556412605,1.0756379556412605,0,0
perle,FA50,9,no_bounce,y,29,1232,0.6490865947415384,0.63496727012040899,3.0132369186625674,2.9005312558941485,-0.014119324621129414,0.11270566276841887
perle,FA50,9,post_bounce,x,10,247,0.91581318960869373,0.91581318960869373,1.2177075274724851,1.2177075274724851,0,0
perle,FA50,9,post_bounce,y,10,247,0.86224494733660695,0.86460028160046209,4.8475652533040927,4.8946428606877799,0.0023553342638551467,-0.047077607383687159
perle,GPFA50,9,full,x,39,1684,0.95200783022236024,0.95200783022236024,1.1043911666946131,1.1043911666946131,0,0
perle,GPFA50,9,full,y,39,1684,0.7125959706265137,0.6994957972841126,3.6876792361899215,3.6411152068757096,-0.0131001733424011,0.046564029314211997
perle,GPFA50,9,visible,x,39,958,0.84267180969444311,0.84267180969444311,1.2636209551152346,1.2636209551152346,0,0
perle,GPFA50,9,visible,y,39,958,0.64192698840497653,0.63297912362530795,3.7905737293596431,3.7960497821261363,-0.0089478647796685795,-0.0054760527664932113
perle,GPFA50,9,hidden,x,39,687,0.85157356675119922,0.85157356675119922,0.8620579485878439,0.8620579485878439,0,0
perle,GPFA50,9,hidden,y,39,687,0.79128256931158314,0.77579554308560161,3.5597740564025488,3.4334201470673475,-0.015487026225981526,0.1263539093352013
perle,GPFA50,9,bounce,x,10,452,0.9416567800383312,0.9416567800383312,1.2213748460595968,1.2213748460595968,0,0
perle,GPFA50,9,bounce,y,10,452,0.80812751392836024,0.80281746551476263,5.2133834171373072,5.259940822544805,-0.0053100484135976123,-0.046557405407497754
perle,GPFA50,9,no_bounce,x,29,1232,0.95585437061795231,0.95585437061795231,1.0582341489472646,1.0582341489472646,0,0
perle,GPFA50,9,no_bounce,y,29,1232,0.67403238075355354,0.65950363070279727,2.9353982499496869,2.8233325421612943,-0.014528750050756267,0.11206570778839264
perle,GPFA50,9,post_bounce,x,10,247,0.92022118842558187,0.92022118842558187,1.1908991216297724,1.1908991216297724,0,0
perle,GPFA50,9,post_bounce,y,10,247,0.88128301241148255,0.88077960353560913,4.7619505209343957,4.8145274392777155,-0.00050340887587341232,-0.05257691834331979
perle,FA50,10,full,x,40,1695,0.95270142053072837,0.95270142053072837,1.0862553368223262,1.0862553368223262,0,0
perle,FA50,10,full,y,40,1695,0.6956157482740607,0.68549278709744066,4.2797002189132591,4.3192855935334622,-0.010122961176620038,-0.039585374620203062
perle,FA50,10,visible,x,40,970,0.85195041814893635,0.85195041814893635,1.22963931258276,1.22963931258276,0,0
perle,FA50,10,visible,y,40,970,0.66856240413252677,0.66750494663968885,4.2002587223477859,4.204641697321688,-0.001057457492837921,-0.0043829749739021651
perle,FA50,10,hidden,x,40,685,0.82864023605350101,0.82864023605350101,0.87289981230306746,0.87289981230306746,0,0
perle,FA50,10,hidden,y,40,685,0.73018644050232828,0.7065071231804857,4.40465101096071,4.4953446577658962,-0.023679317321842586,-0.090693646805186212
perle,FA50,10,bounce,x,14,640,0.93938178532538064,0.93938178532538064,1.2095686564238417,1.2095686564238417,0,0
perle,FA50,10,bounce,y,14,640,0.76643488761158185,0.75073009816209946,5.5927312671351253,5.7787116644810306,-0.015704789449482393,-0.18598039734590532
perle,FA50,10,no_bounce,x,26,1055,0.96036994651611951,0.96036994651611951,1.0040960231869289,1.0040960231869289,0,0
perle,FA50,10,no_bounce,y,26,1055,0.62523651681440351,0.6218500973747646,3.2329768583357001,3.1170622158275338,-0.0033864194396389102,0.1159146425081663
perle,FA50,10,post_bounce,x,14,326,0.90195760698995631,0.90195760698995631,1.1987282528304419,1.1987282528304419,0,0
perle,FA50,10,post_bounce,y,14,326,0.80623789738658735,0.78258268671485609,5.6388727631972477,5.9630412261225079,-0.023655210671731264,-0.32416846292526014
perle,GPFA50,10,full,x,40,1695,0.95376712513502226,0.95376712513502226,1.0690710169397257,1.0690710169397257,0,0
perle,GPFA50,10,full,y,40,1695,0.72042257470747961,0.71053416343702203,4.2314553542624171,4.2731319091264774,-0.0098884112704575866,-0.0416765548640603
perle,GPFA50,10,visible,x,40,970,0.85517921438684807,0.85517921438684807,1.2154026558293674,1.2154026558293674,0,0
perle,GPFA50,10,visible,y,40,970,0.67309369541715791,0.6714915941921904,4.2304110613857828,4.2382218317150908,-0.0016021012249675115,-0.0078107703293079922
perle,GPFA50,10,hidden,x,40,685,0.82949724394446556,0.82949724394446556,0.84731311025726497,0.84731311025726497,0,0
perle,GPFA50,10,hidden,y,40,685,0.77693420545340786,0.75550109097603402,4.2525845490757792,4.3444801073460448,-0.021433114477373838,-0.091895558270265632
perle,GPFA50,10,bounce,x,14,640,0.93995686704465364,0.93995686704465364,1.1984680832022188,1.1984680832022188,0,0
perle,GPFA50,10,bounce,y,14,640,0.78713770714520914,0.77269850588683164,5.5257852195440051,5.7073704247257071,-0.014439201258377499,-0.18158520518170196
perle,GPFA50,10,no_bounce,x,26,1055,0.96182123659619367,0.96182123659619367,0.98230253967209813,0.98230253967209813,0,0
perle,GPFA50,10,no_bounce,y,26,1055,0.6471408781018223,0.64124680443081128,3.2006197513603558,3.0945155681437684,-0.0058940736710110242,0.10610418321658743
perle,GPFA50,10,post_bounce,x,14,326,0.90199634518922556,0.90199634518922556,1.1968843930416002,1.1968843930416002,0,0
perle,GPFA50,10,post_bounce,y,14,326,0.83424570168291068,0.81158868919672889,5.4893430304046902,5.8108721866820749,-0.022657012486181793,-0.32152915627738476
perle,FA50,11,full,x,39,1612,0.95523305244263124,0.95523305244263124,1.071537974145087,1.071537974145087,0,0
perle,FA50,11,full,y,39,1612,0.69810068420012117,0.6920127812028628,4.2675343775569097,4.2854652175704739,-0.0060879029972583654,-0.017930840013564264
perle,FA50,11,visible,x,39,918,0.84633134677561994,0.84633134677561994,1.2859366683934568,1.2859366683934568,0,0
perle,FA50,11,visible,y,39,918,0.66305282086384643,0.66196970306841119,4.4167515885658952,4.4035476464048706,-0.00108311779543524,0.013203942161024607
perle,FA50,11,hidden,x,39,655,0.88222723191170505,0.88222723191170505,0.70082594613687133,0.70082594613687133,0,0
perle,FA50,11,hidden,y,39,655,0.74447943649507864,0.72906820762152547,4.0673980445083151,4.1304319861758385,-0.015411228873553173,-0.063033941667523408
perle,FA50,11,bounce,x,14,647,0.95301615641203685,0.95301615641203685,1.1327435870680349,1.1327435870680349,0,0
perle,FA50,11,bounce,y,14,647,0.77162317858679674,0.77071509888625078,5.4750108184042139,5.6149684564503524,-0.00090807970054596066,-0.13995763804613848
perle,FA50,11,no_bounce,x,25,965,0.95798902321033541,0.95798902321033541,1.0284639351462033,1.0284639351462033,0,0
perle,FA50,11,no_bounce,y,25,965,0.6537257049973535,0.64503099533102248,3.2131845675865995,3.0887040676621456,-0.0086947096663310131,0.12448049992445398
perle,FA50,11,post_bounce,x,14,314,0.93667682381280071,0.93667682381280071,0.95180103567990892,0.95180103567990892,0,0
perle,FA50,11,post_bounce,y,14,314,0.84140616511769073,0.83662533673795059,5.202800850147816,5.5002080104852711,-0.004780828379740143,-0.29740716033745507
perle,GPFA50,11,full,x,39,1612,0.95665514600399792,0.95665514600399792,1.0550442578908705,1.0550442578908705,0,0
perle,GPFA50,11,full,y,39,1612,0.71387580397393313,0.70819895286572476,4.2253756080091032,4.2440321235339979,-0.0056768511082083695,-0.018656515524894779
perle,GPFA50,11,visible,x,39,918,0.84908982260609367,0.84908982260609367,1.2750645555448021,1.2750645555448021,0,0
perle,GPFA50,11,visible,y,39,918,0.66818063712178988,0.66637729662839129,4.4208179809167456,4.4108711299918681,-0.0018033404933985864,0.0099468509248774595
perle,GPFA50,11,hidden,x,39,655,0.88997047503494031,0.88997047503494031,0.66699219122620057,0.66699219122620057,0,0
perle,GPFA50,11,hidden,y,39,655,0.77363298857771767,0.7600644580037097,3.9584927041136173,4.0211828860839818,-0.013568530574007975,-0.062690181970364467
perle,GPFA50,11,bounce,x,14,647,0.95436434321941654,0.95436434321941654,1.1180865356340066,1.1180865356340066,0,0
perle,GPFA50,11,bounce,y,14,647,0.78519740878480315,0.78471835477418261,5.4430870142586665,5.5812268104457639,-0.00047905401062053876,-0.13813979618709737
perle,GPFA50,11,no_bounce,x,25,965,0.95963278737702618,0.95963278737702618,1.0105766143258212,1.0105766143258212,0,0
perle,GPFA50,11,no_bounce,y,25,965,0.67236796748517524,0.66332560456303491,3.1559677927358347,3.0336498965967955,-0.0090423629221403345,0.12231789613903921
perle,GPFA50,11,post_bounce,x,14,314,0.9404521056409656,0.9404521056409656,0.93345964917499324,0.93345964917499324,0,0
perle,GPFA50,11,post_bounce,y,14,314,0.8596246509436638,0.85654404297340092,5.1186037477215818,5.409127097870476,-0.003080607970262883,-0.29052335014889419
perle,FA50,12,full,x,40,1751,0.95005377785865641,0.95005377785865641,1.1863264503692683,1.1863264503692683,0,0
perle,FA50,12,full,y,40,1751,0.6444388103050801,0.62319911918936211,3.9014250556369747,3.8856359033399421,-0.021239691115717996,0.015789152297032594
perle,FA50,12,visible,x,40,1012,0.83311616783217823,0.83311616783217823,1.4350516230763637,1.4350516230763637,0,0
perle,FA50,12,visible,y,40,1012,0.61635266045564996,0.60311503713748615,4.0155261191385447,4.0338725556668598,-0.013237623318163805,-0.018346436528315024
perle,FA50,12,hidden,x,40,699,0.877061570126622,0.877061570126622,0.7272699055548778,0.7272699055548778,0,0
perle,FA50,12,hidden,y,40,699,0.6765328051506786,0.64625285807856381,3.779996533817735,3.7101020853252802,-0.030279947072114788,0.069894448492454853
perle,FA50,12,bounce,x,12,555,0.95339701933068954,0.95339701933068954,1.4079525972369136,1.4079525972369136,0,0
perle,FA50,12,bounce,y,12,555,0.74149691254993422,0.72587304956766729,5.2024015040427534,5.295017797205249,-0.015623862982266923,-0.092616293162495644
perle,FA50,12,no_bounce,x,28,1196,0.95484417272001065,0.95484417272001065,1.0679709984452845,1.0679709984452845,0,0
perle,FA50,12,no_bounce,y,28,1196,0.60864553669367327,0.58915293657531287,3.1184948344202743,3.0155998868441576,-0.019492600118360404,0.10289494757611672
perle,FA50,12,post_bounce,x,12,295,0.94613350740944813,0.94613350740944813,1.0070853556145067,1.0070853556145067,0,0
perle,FA50,12,post_bounce,y,12,295,0.84916550357982334,0.82596953253938132,4.8198326641825027,4.946629043412158,-0.023195971040442021,-0.12679637922965536
perle,GPFA50,12,full,x,40,1751,0.95155927118478079,0.95155927118478079,1.1704896124799407,1.1704896124799407,0,0
perle,GPFA50,12,full,y,40,1751,0.66656778735992706,0.6445159280324777,3.8376143575693873,3.8261954545431176,-0.022051859327449352,0.011418903026269689
perle,GPFA50,12,visible,x,40,1012,0.83667944318459841,0.83667944318459841,1.4237306029715331,1.4237306029715331,0,0
perle,GPFA50,12,visible,y,40,1012,0.62436358982404516,0.61137775530377647,4.0238164542804356,4.038875983036986,-0.012985834520268691,-0.015059528756550478
perle,GPFA50,12,hidden,x,40,699,0.88603362218845805,0.88603362218845805,0.69346364723477361,0.69346364723477361,0,0
perle,GPFA50,12,hidden,y,40,699,0.71549519945526352,0.68704301179343585,3.6031745668638164,3.546674739849466,-0.028452187661827666,0.056499827014350412
perle,GPFA50,12,bounce,x,12,555,0.95444319858957083,0.95444319858957083,1.4005532749445904,1.4005532749445904,0,0
perle,GPFA50,12,bounce,y,12,555,0.76717019131642317,0.75383910971549173,5.1645089200098511,5.2527422193036415,-0.013331081600931438,-0.088233299293790424
perle,GPFA50,12,no_bounce,x,28,1196,0.95670108597692105,0.95670108597692105,1.0466903043103675,1.0466903043103675,0,0
perle,GPFA50,12,no_bounce,y,28,1196,0.63630044740075009,0.61410614966015353,3.0305619471630854,2.937627562708816,-0.022194297740596558,0.092934384454269381
perle,GPFA50,12,post_bounce,x,12,295,0.94734620738473807,0.94734620738473807,1.0062691685699803,1.0062691685699803,0,0
perle,GPFA50,12,post_bounce,y,12,295,0.87850962575005886,0.85827042376256002,4.7610155797073554,4.880636490911737,-0.020239201987498845,-0.11962091120438156
perle,FA50,13,full,x,40,1727,0.96078330797935141,0.96078330797935141,0.99528078938538056,0.99528078938538056,0,0
perle,FA50,13,full,y,40,1727,0.72954860401474886,0.72184150066917085,4.1063853166663185,4.1631580572222173,-0.0077071033455780036,-0.056772740555898871
perle,FA50,13,visible,x,40,988,0.87730243206224978,0.87730243206224978,1.1227951622802832,1.1227951622802832,0,0
perle,FA50,13,visible,y,40,988,0.70638720771997776,0.70277255248950687,4.1939022721041637,4.2077180804211807,-0.0036146552304708868,-0.013815808317017009
perle,FA50,13,hidden,x,40,699,0.85780088523275522,0.85780088523275522,0.80390121131933567,0.80390121131933567,0,0
perle,FA50,13,hidden,y,40,699,0.75669813156970445,0.74245358383858673,3.9902137608024768,4.1082346342021303,-0.014244547731117718,-0.1180208733996535
perle,FA50,13,bounce,x,16,767,0.96182617746379129,0.96182617746379129,0.9966987811740049,0.9966987811740049,0,0
perle,FA50,13,bounce,y,16,767,0.82087588033800207,0.81111911096595424,5.2716442708969842,5.425763659648891,-0.0097567693720478355,-0.15411938875190678
perle,FA50,13,no_bounce,x,24,960,0.96092303880055507,0.96092303880055507,0.9941464195394174,0.9941464195394174,0,0
perle,FA50,13,no_bounce,y,24,960,0.64688841249315809,0.64456904917779234,2.8515815205420645,2.7674673386260196,-0.0023193633153657522,0.084114181916044917
perle,FA50,13,post_bounce,x,16,377,0.93045962630968493,0.93045962630968493,0.92541533286295019,0.92541533286295019,0,0
perle,FA50,13,post_bounce,y,16,377,0.85806792131673304,0.84246608211293139,5.2978653711993822,5.5538437270352699,-0.015601839203801648,-0.25597835583588768
perle,GPFA50,13,full,x,40,1727,0.96037554325235719,0.96037554325235719,0.99681449988240767,0.99681449988240767,0,0
perle,GPFA50,13,full,y,40,1727,0.74623251213428399,0.73834569784771797,4.0584643486404364,4.1207659538949537,-0.0078868142865660129,-0.062301605254517334
perle,GPFA50,13,visible,x,40,988,0.87498295251646507,0.87498295251646507,1.1338118179771686,1.1338118179771686,0,0
perle,GPFA50,13,visible,y,40,988,0.71650800756063326,0.71192551373064605,4.1828057927559081,4.2036296866750993,-0.0045824938299872109,-0.02082389391919115
perle,GPFA50,13,hidden,x,40,699,0.85481191181864657,0.85481191181864657,0.78875159852839671,0.78875159852839671,0,0
perle,GPFA50,13,hidden,y,40,699,0.77961614096316389,0.7664213124003596,3.8948087228556174,4.0164834940569456,-0.013194828562804295,-0.12167477120132819
perle,GPFA50,13,bounce,x,16,767,0.96112320705218268,0.96112320705218268,0.99851042572115034,0.99851042572115034,0,0
perle,GPFA50,13,bounce,y,16,767,0.84108796868034585,0.83098884511247628,5.2158967101273008,5.3757638226296063,-0.010099123567869572,-0.15986711250230545
perle,GPFA50,13,no_bounce,x,24,960,0.96087476033783215,0.96087476033783215,0.99545744942578718,0.99545744942578718,0,0
perle,GPFA50,13,no_bounce,y,24,960,0.65999795493215552,0.65666006293020007,2.8097612151479066,2.7310487099290559,-0.0033378920019554448,0.078712505218850648
perle,GPFA50,13,post_bounce,x,16,377,0.92869089253098458,0.92869089253098458,0.92615663146728577,0.92615663146728577,0,0
perle,GPFA50,13,post_bounce,y,16,377,0.8841840430391551,0.86806198995456441,5.2019298852882025,5.4628577755593302,-0.016122053084590693,-0.26092789027112762
perle,FA50,14,full,x,39,1630,0.96233603686201541,0.96233603686201541,0.98620667588136013,0.98620667588136013,0,0
perle,FA50,14,full,y,39,1630,0.71155366642013751,0.71210656680254758,4.0237313103540044,3.9225587939323043,0.00055290038241007089,0.10117251642170011
perle,FA50,14,visible,x,39,933,0.86082170281321679,0.86082170281321679,1.1975603620391175,1.1975603620391175,0,0
perle,FA50,14,visible,y,39,933,0.68450953795544822,0.6793832463918511,3.9503536430496449,3.9397332022277669,-0.0051262915635971185,0.010620440821877963
perle,FA50,14,hidden,x,39,658,0.92353097488407521,0.92353097488407521,0.59649317600224794,0.59649317600224794,0,0
perle,FA50,14,hidden,y,39,658,0.73814771025942982,0.74644843978300701,4.1477473760724362,3.916597403780075,0.0083007295235771883,0.23114997229236112
perle,FA50,14,bounce,x,13,569,0.96129074080580879,0.96129074080580879,1.0123327243703708,1.0123327243703708,0,0
perle,FA50,14,bounce,y,13,569,0.77702915006070494,0.79137847456477239,5.5535610394096775,5.5157770932176984,0.014349324504067451,0.037783946191979112
perle,FA50,14,no_bounce,x,26,1061,0.96390102198711924,0.96390102198711924,0.9719063621164068,0.9719063621164068,0,0
perle,FA50,14,no_bounce,y,26,1061,0.69517641583379408,0.69034008917767298,2.8866838770384979,2.7059472239116871,-0.0048363266561211038,0.18073665312681086
perle,FA50,14,post_bounce,x,13,273,0.96444983523321715,0.96444983523321715,0.56410865242300945,0.56410865242300945,0,0
perle,FA50,14,post_bounce,y,13,273,0.82396918675733344,0.84837455390142602,5.5426507509489289,5.4687213252761868,0.024405367144092582,0.073929425672742077
perle,GPFA50,14,full,x,39,1630,0.96385454289624695,0.96385454289624695,0.96756030458041065,0.96756030458041065,0,0
perle,GPFA50,14,full,y,39,1630,0.73456010493176904,0.73591093706703148,3.9510109597492074,3.8443390454290083,0.0013508321352624364,0.10667191432019907
perle,GPFA50,14,visible,x,39,933,0.86386896701315263,0.86386896701315263,1.1869669653655632,1.1869669653655632,0,0
perle,GPFA50,14,visible,y,39,933,0.69599522242987177,0.69201492581145529,3.9324967681203771,3.9182479834809842,-0.003980296618416479,0.014248784639392831
perle,GPFA50,14,hidden,x,39,658,0.93282467905855104,0.93282467905855104,0.54921984764369292,0.54921984764369292,0,0
perle,GPFA50,14,hidden,y,39,658,0.77256293076485982,0.78148911396777765,4.0073015372775407,3.7641315632879304,0.0089261832029178256,0.24316997398961027
perle,GPFA50,14,bounce,x,13,569,0.96238354227322931,0.96238354227322931,0.99826269822015778,0.99826269822015778,0,0
perle,GPFA50,14,bounce,y,13,569,0.79935417746346982,0.81435246404814665,5.4970508944778986,5.4514838456578945,0.014998286584676834,0.045567048820004175
perle,GPFA50,14,no_bounce,x,26,1061,0.96569424596368969,0.96569424596368969,0.95068665553461018,0.95068665553461018,0,0
perle,GPFA50,14,no_bounce,y,26,1061,0.72408578953192537,0.7205982427255514,2.7887106289577721,2.601339081476798,-0.0034875468063739756,0.18737154748097407
perle,GPFA50,14,post_bounce,x,13,273,0.96850452025415645,0.96850452025415645,0.52950466414848973,0.52950466414848973,0,0
perle,GPFA50,14,post_bounce,y,13,273,0.86029779070662526,0.88406106339024837,5.3915539814293894,5.3062422791410304,0.023763272683623105,0.085311702288358937
perle,FA50,15,full,x,39,1633,0.95698061096330689,0.95698061096330689,1.0667501814393134,1.0667501814393134,0,0
perle,FA50,15,full,y,39,1633,0.66439589324037407,0.66589811179573,4.4157893857313368,4.3132695243705452,0.0015022185553559275,0.10251986136079161
perle,FA50,15,visible,x,39,944,0.84289424741818131,0.84289424741818131,1.3165339796802937,1.3165339796802937,0,0
perle,FA50,15,visible,y,39,944,0.64897102144903751,0.64270825057906655,4.3905754805875796,4.3988025753524127,-0.0062627708699709572,-0.0082270947648330761
perle,FA50,15,hidden,x,39,650,0.92647826682709422,0.92647826682709422,0.56998895917043724,0.56998895917043724,0,0
perle,FA50,15,hidden,y,39,650,0.71150187520370056,0.72033606583477072,4.4670078031087463,4.1995344896609392,0.0088341906310701601,0.26747331344780712
perle,FA50,15,bounce,x,15,679,0.95443093278253743,0.95443093278253743,1.2171001090074001,1.2171001090074001,0,0
perle,FA50,15,bounce,y,15,679,0.75216027406154029,0.7606999290472467,5.747026811009456,5.7083310319323592,0.008539654985706413,0.038695779077096759
perle,FA50,15,no_bounce,x,24,954,0.96348072272651719,0.96348072272651719,0.94528354710198081,0.94528354710198081,0,0
perle,FA50,15,no_bounce,y,24,954,0.63689620684886739,0.63816309187788989,3.1416522024364211,2.9417061345606523,0.001266885029022502,0.19994606787576874
perle,FA50,15,post_bounce,x,15,356,0.96233452453172319,0.96233452453172319,0.78555428282666306,0.78555428282666306,0,0
perle,FA50,15,post_bounce,y,15,356,0.82587184710598915,0.83906092632743157,5.5659958962143383,5.4398997388321249,0.013189079221442412,0.12609615738221347
perle,GPFA50,15,full,x,39,1633,0.95826955773468636,0.95826955773468636,1.0503371593907962,1.0503371593907962,0,0
perle,GPFA50,15,full,y,39,1633,0.67604081714678954,0.67703000364859078,4.3749710676176177,4.2760504548379652,0.00098918650180124246,0.098920612779652473
perle,GPFA50,15,visible,x,39,944,0.84476280979915219,0.84476280979915219,1.3074015544456417,1.3074015544456417,0,0
perle,GPFA50,15,visible,y,39,944,0.64861017126344234,0.64285392341801872,4.4090258970364831,4.4165087308759423,-0.0057562478454236121,-0.0074828338394592464
perle,GPFA50,15,hidden,x,39,650,0.93757107511960236,0.93757107511960236,0.5209844178219637,0.5209844178219637,0,0
perle,GPFA50,15,hidden,y,39,650,0.73428725731891475,0.74275464361911392,4.3527640978425506,4.090790648281768,0.0084673863001991645,0.26197344956078261
perle,GPFA50,15,bounce,x,15,679,0.95598169841061054,0.95598169841061054,1.1997611459872344,1.1997611459872344,0,0
perle,GPFA50,15,bounce,y,15,679,0.7621241149049629,0.7704295244785726,5.7408043924234109,5.7070900739255492,0.0083054095736097011,0.033714318497861662
perle,GPFA50,15,no_bounce,x,24,954,0.96477441144484211,0.96477441144484211,0.92946644152790159,0.92946644152790159,0,0
perle,GPFA50,15,no_bounce,y,24,954,0.6614281756711583,0.66282313442117691,3.050678895617446,2.8489467096236463,0.0013949587500186045,0.20173218599379972
perle,GPFA50,15,post_bounce,x,15,356,0.96638298722806415,0.96638298722806415,0.75973554190220494,0.75973554190220494,0,0
perle,GPFA50,15,post_bounce,y,15,356,0.83639987897359669,0.8495283613485114,5.5454882929969269,5.422874171551749,0.013128482374914707,0.12261412144517791
perle,FA50,16,full,x,39,1651,0.95364595558369525,0.95364595558369525,1.0924481380257627,1.0924481380257627,0,0
perle,FA50,16,full,y,39,1651,0.73984310505502415,0.72563673050370425,3.9134397779375094,3.9454360340841474,-0.0142063745513199,-0.031996256146638036
perle,FA50,16,visible,x,39,945,0.8349808165024748,0.8349808165024748,1.308058609421662,1.308058609421662,0,0
perle,FA50,16,visible,y,39,945,0.69845092632815564,0.69318825568894116,3.9625762159967199,3.9603188548020336,-0.005262670639214484,0.0022573611946863359
perle,FA50,16,hidden,x,39,667,0.89720261211225405,0.89720261211225405,0.71553729656654441,0.71553729656654441,0,0
perle,FA50,16,hidden,y,39,667,0.78953407567077427,0.76636388443477577,3.8748178442065226,3.9561956190724414,-0.023170191235998505,-0.081377774865918795
perle,FA50,16,bounce,x,15,711,0.95382656890921003,0.95382656890921003,1.0809792799293358,1.0809792799293358,0,0
perle,FA50,16,bounce,y,15,711,0.80206556078525315,0.78835751267971221,5.0220804004268471,5.1485562666604237,-0.013708048105540938,-0.12647586623357654
perle,FA50,16,no_bounce,x,24,940,0.95356185816220829,0.95356185816220829,1.1010436363045877,1.1010436363045877,0,0
perle,FA50,16,no_bounce,y,24,940,0.69986550342119758,0.68996605619986462,2.796796171926498,2.7001395648153754,-0.0098994472213329576,0.096656607111122561
perle,FA50,16,post_bounce,x,15,343,0.9405800623860886,0.9405800623860886,0.99368933709933049,0.99368933709933049,0,0
perle,FA50,16,post_bounce,y,15,343,0.83174879713051098,0.80861331905811529,5.0130672173936608,5.2462693160650931,-0.023135478072395688,-0.23320209867143227
perle,GPFA50,16,full,x,39,1651,0.9548700193602665,0.9548700193602665,1.0792427681071184,1.0792427681071184,0,0
perle,GPFA50,16,full,y,39,1651,0.75196416200978367,0.73696724693049354,3.8812885600989206,3.9167197306182735,-0.01499691507929013,-0.03543117051935285
perle,GPFA50,16,visible,x,39,945,0.83653636719590163,0.83653636719590163,1.3026597232087378,1.3026597232087378,0,0
perle,GPFA50,16,visible,y,39,945,0.69967121955424982,0.69371602665374787,3.9787160785618219,3.9780591117949702,-0.0059551929005019488,0.00065696676685167432
perle,GPFA50,16,hidden,x,39,667,0.90581095659860256,0.90581095659860256,0.67736472216966803,0.67736472216966803,0,0
perle,GPFA50,16,hidden,y,39,667,0.81350831697563386,0.78986315261241868,3.7759241682546367,3.8658627300400372,-0.023645164363215176,-0.089938561785400495
perle,GPFA50,16,bounce,x,15,711,0.95533915594943364,0.95533915594943364,1.0627502866567204,1.0627502866567204,0,0
perle,GPFA50,16,bounce,y,15,711,0.81561987781832079,0.80068287928433657,4.9946821621127837,5.1261204349367491,-0.014936998533984225,-0.13143827282396536
perle,GPFA50,16,no_bounce,x,24,940,0.95455324924173712,0.95455324924173712,1.0915518898078846,1.0915518898078846,0,0
perle,GPFA50,16,no_bounce,y,24,940,0.71117189847145335,0.70110028736818919,2.7549019337600855,2.6586789164082623,-0.010071611103264155,0.096223017351823259
perle,GPFA50,16,post_bounce,x,15,343,0.94379934519255382,0.94379934519255382,0.97219192860315096,0.97219192860315096,0,0
perle,GPFA50,16,post_bounce,y,15,343,0.84198273852890149,0.81723925193866198,4.9680106565486764,5.2118507882148712,-0.024743486590239505,-0.24384013166619489
perle,FA50,17,full,x,40,1786,0.95867089186117438,0.95867089186117438,1.1316174023791132,1.1316174023791132,0,0
perle,FA50,17,full,y,40,1786,0.71596712378504357,0.70596462414726691,3.5358782486246647,3.6285763412540706,-0.010002499637776663,-0.09269809262940587
perle,FA50,17,visible,x,40,1043,0.87036959861613794,0.87036959861613794,1.3599084641008472,1.3599084641008472,0,0
perle,FA50,17,visible,y,40,1043,0.66387441755698706,0.66501530726674807,3.6874387380041558,3.6973314294312067,0.001140889709761006,-0.0098926914270509592
perle,FA50,17,hidden,x,40,703,0.87985676190282414,0.87985676190282414,0.70550826742480577,0.70550826742480577,0,0
perle,FA50,17,hidden,y,40,703,0.77763921756678278,0.75017759910340409,3.3189443732162025,3.5442135657610327,-0.02746161846337869,-0.22526919254483024
perle,FA50,17,bounce,x,12,570,0.95813197552254703,0.95813197552254703,1.1210018046394525,1.1210018046394525,0,0
perle,FA50,17,bounce,y,12,570,0.79439184015112652,0.78889329019561394,4.5629321358404402,4.8321827430854327,-0.0054985499555125772,-0.2692506072449925
perle,FA50,17,no_bounce,x,28,1216,0.958935437762101,0.958935437762101,1.1365593327861727,1.1365593327861727,0,0
perle,FA50,17,no_bounce,y,28,1216,0.6617933361463787,0.64890103656092957,2.9331574249394587,2.8970823873118592,-0.01289229958544913,0.03607503762759956
perle,FA50,17,post_bounce,x,12,288,0.92843518966365846,0.92843518966365846,1.1140968208045117,1.1140968208045117,0,0
perle,FA50,17,post_bounce,y,12,288,0.86012104381669818,0.84101315759827722,4.4002626119716099,4.9217768459018467,-0.019107886218420966,-0.52151423393023677
perle,GPFA50,17,full,x,40,1786,0.96053587486396097,0.96053587486396097,1.1072324903387218,1.1072324903387218,0,0
perle,GPFA50,17,full,y,40,1786,0.73810317836025807,0.72899527937695785,3.484262474003585,3.5727512786356432,-0.0091078989833002222,-0.088488804632058216
perle,GPFA50,17,visible,x,40,1043,0.87461665886545181,0.87461665886545181,1.3357105819088606,1.3357105819088606,0,0
perle,GPFA50,17,visible,y,40,1043,0.67595910050557084,0.6779721433630449,3.6935983281937697,3.6978703711498455,0.0020130428574740566,-0.004272042956075861
perle,GPFA50,17,hidden,x,40,703,0.88917458277849393,0.88917458277849393,0.67600248106580163,0.67600248106580163,0,0
perle,GPFA50,17,hidden,y,40,703,0.81140137477876961,0.78365384093469204,3.1760423683547572,3.4070697412368904,-0.027747533844077577,-0.23102737288213326
perle,GPFA50,17,bounce,x,12,570,0.96058609567018527,0.96058609567018527,1.0930500367988862,1.0930500367988862,0,0
perle,GPFA50,17,bounce,y,12,570,0.80892650254431642,0.80489554249654971,4.5300448365129045,4.7977035846111749,-0.0040309600477667074,-0.26765874809827039
perle,GPFA50,17,no_bounce,x,28,1216,0.96052647397979174,0.96052647397979174,1.1138183519417089,1.1138183519417089,0,0
perle,GPFA50,17,no_bounce,y,28,1216,0.68726498251694601,0.67564201125195134,2.8655518726327607,2.8210400041794732,-0.011622971264994675,0.044511868453287473
perle,GPFA50,17,post_bounce,x,12,288,0.93209470401521688,0.93209470401521688,1.0957298360161603,1.0957298360161603,0,0
perle,GPFA50,17,post_bounce,y,12,288,0.88521399632881259,0.86621339532170605,4.3215403265170433,4.8500599790017134,-0.019000601007106543,-0.52851965248467003
perle,FA50,18,full,x,39,1631,0.95960624412701012,0.95960624412701012,1.0538568071579735,1.0538568071579735,0,0
perle,FA50,18,full,y,39,1631,0.72182587336351056,0.71764479763828726,3.7470768028128765,3.733338219373588,-0.0041810757252233044,0.013738583439288465
perle,FA50,18,visible,x,39,953,0.85746735421579423,0.85746735421579423,1.2878721728829163,1.2878721728829163,0,0
perle,FA50,18,visible,y,39,953,0.69646797339791355,0.68876367119427173,3.8335601979676208,3.8684927758973053,-0.0077043022036418218,-0.034932577929684516
perle,FA50,18,hidden,x,39,639,0.9132730782282652,0.9132730782282652,0.58329596281971441,0.58329596281971441,0,0
perle,FA50,18,hidden,y,39,639,0.7477738756489255,0.75099056116519802,3.663399348740799,3.5675963824761507,0.0032166855162725216,0.095802966264648237
perle,FA50,18,bounce,x,12,532,0.95993215144285804,0.95993215144285804,0.97849226381148713,0.97849226381148713,0,0
perle,FA50,18,bounce,y,12,532,0.81362191604333201,0.80978650072258651,4.7222539851959411,4.8213549682077854,-0.0038354153207454944,-0.099100983011844335
perle,FA50,18,no_bounce,x,27,1099,0.96167486076899478,0.96167486076899478,1.0884662300238215,1.0884662300238215,0,0
perle,FA50,18,no_bounce,y,27,1099,0.64545287365346915,0.64200777006710008,3.1689982329473119,3.0711887770750459,-0.0034451035863690693,0.097809455872265971
perle,FA50,18,post_bounce,x,12,273,0.96578625816788233,0.96578625816788233,0.99836789763908773,0.99836789763908773,0,0
perle,FA50,18,post_bounce,y,12,273,0.84802144799126122,0.8468841510513051,4.5206967963104985,4.6293421023508614,-0.0011372969399561228,-0.10864530604036293
perle,GPFA50,18,full,x,39,1631,0.96080224189228036,0.96080224189228036,1.0417755776391726,1.0417755776391726,0,0
perle,GPFA50,18,full,y,39,1631,0.74215746479371791,0.73714261965893646,3.6732205775896252,3.6639039814443111,-0.0050148451347814538,0.0093165961453141044
perle,GPFA50,18,visible,x,39,953,0.85936176012855003,0.85936176012855003,1.2827202860821043,1.2827202860821043,0,0
perle,GPFA50,18,visible,y,39,953,0.70698485859959503,0.69905285133310369,3.8101371572955296,3.8476377810246878,-0.0079320072664913477,-0.037500623729158189
perle,GPFA50,18,hidden,x,39,639,0.92336013482216872,0.92336013482216872,0.54370720394674321,0.54370720394674321,0,0
perle,GPFA50,18,hidden,y,39,639,0.78194799590504438,0.78348874621729125,3.5120391014802417,3.4230806289901818,0.0015407503122468746,0.088958472490059837
perle,GPFA50,18,bounce,x,12,532,0.96152878321346369,0.96152878321346369,0.9584608936000667,0.9584608936000667,0,0
perle,GPFA50,18,bounce,y,12,532,0.8252620798257686,0.82130360877442787,4.6589982738512967,4.7626089429168603,-0.0039584710513407284,-0.1036106690655636
perle,GPFA50,18,no_bounce,x,27,1099,0.96265607040986323,0.96265607040986323,1.079799630191943,1.079799630191943,0,0
perle,GPFA50,18,no_bounce,y,27,1099,0.6723314302567267,0.66723305948716927,3.0848797882124863,2.9903998050685741,-0.0050983707695574365,0.094479983143912261
perle,GPFA50,18,post_bounce,x,12,273,0.96865079749164218,0.96865079749164218,0.98251087167972706,0.98251087167972706,0,0
perle,GPFA50,18,post_bounce,y,12,273,0.86045275376939578,0.85794564741174884,4.4271675270381827,4.5427203366481752,-0.0025071063576469488,-0.11555280960999248
perle,FA50,19,full,x,40,1739,0.94969484679904159,0.94969484679904159,1.139452186440117,1.139452186440117,0,0
perle,FA50,19,full,y,40,1739,0.72384032844159429,0.70815017126241275,3.801971214613014,3.7817998962138364,-0.015690157179181541,0.020171318399177629
perle,FA50,19,visible,x,40,982,0.82435911353181945,0.82435911353181945,1.3704414933540636,1.3704414933540636,0,0
perle,FA50,19,visible,y,40,982,0.69311383977687768,0.68589249388088169,3.8487713149164096,3.8563883618408421,-0.0072213458959959897,-0.0076170469244325467
perle,FA50,19,hidden,x,40,717,0.8826186859482622,0.8826186859482622,0.7467133716854979,0.7467133716854979,0,0
perle,FA50,19,hidden,y,40,717,0.75269888232691129,0.73123241548871765,3.765852022734737,3.7079807821248227,-0.021466466838193643,0.057871240609914221
perle,FA50,19,bounce,x,14,628,0.94732193946052934,0.94732193946052934,1.1930313067233711,1.1930313067233711,0,0
perle,FA50,19,bounce,y,14,628,0.77495196009451905,0.7645691217346493,5.2094624080969423,5.2751365971160089,-0.01038283835986975,-0.065674189019066631
perle,FA50,19,no_bounce,x,26,1111,0.95168150850470967,0.95168150850470967,1.1080206734746498,1.1080206734746498,0,0
perle,FA50,19,no_bounce,y,26,1111,0.71474637117453887,0.70334426968736197,2.6991751263417676,2.5800938900645107,-0.011402101487176908,0.11908123627725686
perle,FA50,19,post_bounce,x,14,327,0.94821994426136758,0.94821994426136758,0.96904097110630472,0.96904097110630472,0,0
perle,FA50,19,post_bounce,y,14,327,0.84162327942510073,0.83725943127740299,4.959686525079368,5.0459572446560381,-0.0043638481476977464,-0.086270719576670096
perle,GPFA50,19,full,x,40,1739,0.95176924654338901,0.95176924654338901,1.1175726527645704,1.1175726527645704,0,0
perle,GPFA50,19,full,y,40,1739,0.74652482248282337,0.73064267890653123,3.7359485106058705,3.7148990322369904,-0.01588214357629214,0.021049478368880159
perle,GPFA50,19,visible,x,40,982,0.82933074301209386,0.82933074301209386,1.3532886578366075,1.3532886578366075,0,0
perle,GPFA50,19,visible,y,40,982,0.70706926592029584,0.70078365883375082,3.8233915158639249,3.8313690048664895,-0.0062856070865450198,-0.0079774890025645639
perle,GPFA50,19,hidden,x,40,717,0.89259138625182344,0.89259138625182344,0.70803857628411326,0.70803857628411326,0,0
perle,GPFA50,19,hidden,y,40,717,0.78512937836354568,0.76189966673509069,3.6524507597260101,3.5905642211917299,-0.023229711628454996,0.061886538534280167
perle,GPFA50,19,bounce,x,14,628,0.94887687761102557,0.94887687761102557,1.1755854439418021,1.1755854439418021,0,0
perle,GPFA50,19,bounce,y,14,628,0.79307697599671567,0.78126478869031502,5.124061419018493,5.2048207994990445,-0.011812187306400657,-0.080759380480551535
perle,GPFA50,19,no_bounce,x,26,1111,0.95403538124457654,0.95403538124457654,1.0834071923522388,1.0834071923522388,0,0
perle,GPFA50,19,no_bounce,y,26,1111,0.73635112080015108,0.72798970539137819,2.6467705128115986,2.5076670032697934,-0.0083614154087728876,0.13910350954180517
perle,GPFA50,19,post_bounce,x,14,327,0.95180600126281134,0.95180600126281134,0.94295482457291613,0.94295482457291613,0,0
perle,GPFA50,19,post_bounce,y,14,327,0.85856647306452005,0.85362965164379545,4.7988421722566539,4.9064647278937139,-0.0049368214207246019,-0.10762255563706002
perle,FA50,20,full,x,40,1722,0.95592823869283849,0.95592823869283849,1.0523752734705982,1.0523752734705982,0,0
perle,FA50,20,full,y,40,1722,0.73904541970359328,0.73508939671589213,3.669427120949273,3.6213201471766618,-0.0039560229877011466,0.048106973772611195
perle,FA50,20,visible,x,40,976,0.84001380125385916,0.84001380125385916,1.2943520592120137,1.2943520592120137,0,0
perle,FA50,20,visible,y,40,976,0.70949992446692645,0.70762180197424984,3.8242433002275402,3.819856802743026,-0.0018781224926766038,0.0043864974845142513
perle,FA50,20,hidden,x,40,706,0.91871530276178837,0.91871530276178837,0.6097807392570298,0.6097807392570298,0,0
perle,FA50,20,hidden,y,40,706,0.77700292444281593,0.77137928227804198,3.4761643857734472,3.3582964081641555,-0.0056236421647739565,0.11786797760929169
perle,FA50,20,bounce,x,11,477,0.95661254905374826,0.95661254905374826,1.0333121478766454,1.0333121478766454,0,0
perle,FA50,20,bounce,y,11,477,0.83525808518104194,0.83781164076024695,5.0275449321714216,5.0438291808751137,0.0025535555792050024,-0.01628424870369205
perle,FA50,20,no_bounce,x,29,1245,0.95643398555527315,0.95643398555527315,1.0595881080951435,1.0595881080951435,0,0
perle,FA50,20,no_bounce,y,29,1245,0.63794511931657194,0.62605555355621612,2.9898696744472972,2.8967863286552311,-0.011889565760355825,0.093083345792066119
perle,FA50,20,post_bounce,x,11,249,0.96183992883877389,0.96183992883877389,0.70617948374585837,0.70617948374585837,0,0
perle,FA50,20,post_bounce,y,11,249,0.89240503026431595,0.90088493063736552,4.8718033562822258,4.8825768483534686,0.0084799003730495759,-0.010773492071242785
perle,GPFA50,20,full,x,40,1722,0.95749786829733619,0.95749786829733619,1.0335187951323979,1.0335187951323979,0,0
perle,GPFA50,20,full,y,40,1722,0.7643830604396894,0.76143847412025856,3.5868426452341304,3.533516802565281,-0.0029445863194308419,0.053325842668849432
perle,GPFA50,20,visible,x,40,976,0.84244375816820993,0.84244375816820993,1.2850450146817525,1.2850450146817525,0,0
perle,GPFA50,20,visible,y,40,976,0.72364923418234672,0.72270097867848759,3.7883617531633424,3.7810255833897624,-0.00094825550385913004,0.0073361697735800924
perle,GPFA50,20,hidden,x,40,706,0.93055760880518301,0.93055760880518301,0.55532146808711258,0.55532146808711258,0,0
perle,GPFA50,20,hidden,y,40,706,0.81511068894972161,0.81134592539395667,3.3296905351305566,3.2004641779107414,-0.0037647635557649384,0.12922635721981512
perle,GPFA50,20,bounce,x,11,477,0.95833794610499901,0.95833794610499901,1.0117813381403957,1.0117813381403957,0,0
perle,GPFA50,20,bounce,y,11,477,0.85629972631039664,0.8606083115471499,4.9464394107655592,4.9482105829231431,0.0043085852367532596,-0.0017711721575839334
perle,GPFA50,20,no_bounce,x,29,1245,0.95791307749060384,0.95791307749060384,1.0417269450300788,1.0417269450300788,0,0
perle,GPFA50,20,no_bounce,y,29,1245,0.66578267286111392,0.65366800002988568,2.901793321936692,2.8086501679516469,-0.012114672831228246,0.093143153985045135
perle,GPFA50,20,post_bounce,x,11,249,0.96633538293508847,0.96633538293508847,0.66765579614884485,0.66765579614884485,0,0
perle,GPFA50,20,post_bounce,y,11,249,0.91677088820253549,0.92707744041944529,4.7501099705014722,4.7437360987314436,0.010306552216909792,0.0063738717700285719
perle,FA50,21,full,x,39,1707,0.94400430837314264,0.94400430837314264,1.2100919741755878,1.2100919741755878,0,0
perle,FA50,21,full,y,39,1707,0.73345166484521696,0.72034763533262236,3.7792191056140942,3.8966326907880062,-0.013104029512594595,-0.11741358517391198
perle,FA50,21,visible,x,39,976,0.81957144799127402,0.81957144799127402,1.4138463165441935,1.4138463165441935,0,0
perle,FA50,21,visible,y,39,976,0.67348121115857196,0.66689416962552739,3.5719775896674277,3.5959260204992605,-0.0065870415330445686,-0.023948430831832734
perle,FA50,21,hidden,x,39,692,0.84365453603876361,0.84365453603876361,0.87614254801798497,0.87614254801798497,0,0
perle,FA50,21,hidden,y,39,692,0.78953195380161112,0.77377955987767899,4.0817494604014817,4.3131123794173698,-0.015752393923932129,-0.23136291901588812
perle,FA50,21,bounce,x,14,660,0.95158938884280431,0.95158938884280431,1.150144564280432,1.150144564280432,0,0
perle,FA50,21,bounce,y,14,660,0.78341438406202368,0.77444845656109873,4.9876155663973538,5.2936862515722405,-0.0089659275009249528,-0.30607068517488667
perle,FA50,21,no_bounce,x,25,1047,0.94887584531484004,0.94887584531484004,1.2464004301786364,1.2464004301786364,0,0
perle,FA50,21,no_bounce,y,25,1047,0.70938200753871139,0.69970140344456155,2.7576166114061196,2.6627358183620697,-0.0096806040941498361,0.094880793044049838
perle,FA50,21,post_bounce,x,14,283,0.89392254345598288,0.89392254345598288,1.2126199300151683,1.2126199300151683,0,0
perle,FA50,21,post_bounce,y,14,283,0.8265227050595052,0.81366237826448395,5.1978718629544058,5.7913552522939327,-0.012860326795021249,-0.59348338933952682
perle,GPFA50,21,full,x,39,1707,0.9452088955148672,0.9452088955148672,1.1970879419932656,1.1970879419932656,0,0
perle,GPFA50,21,full,y,39,1707,0.75276842033927038,0.74027375401164086,3.714645755937994,3.8356812913625506,-0.012494666327629522,-0.1210355354245567
perle,GPFA50,21,visible,x,39,976,0.82331941163123656,0.82331941163123656,1.4025501270525711,1.4025501270525711,0,0
perle,GPFA50,21,visible,y,39,976,0.67440122520734969,0.66758750303151293,3.5834515902550623,3.6084366804939574,-0.0068137221758367561,-0.024985090238895058
perle,GPFA50,21,hidden,x,39,692,0.84655367862352149,0.84655367862352149,0.8586762104835417,0.8586762104835417,0,0
perle,GPFA50,21,hidden,y,39,692,0.82315383817795884,0.80896603593250793,3.9199663934620279,4.1620078851154005,-0.014187802245450909,-0.24204149165337263
perle,GPFA50,21,bounce,x,14,660,0.95271990661538231,0.95271990661538231,1.1332576485685828,1.1332576485685828,0,0
perle,GPFA50,21,bounce,y,14,660,0.79614444130699225,0.78902354190555901,4.944323375969387,5.2485656363100128,-0.0071208994014332339,-0.30424226034062585
perle,GPFA50,21,no_bounce,x,25,1047,0.94984609698868827,0.94984609698868827,1.2356315522457679,1.2356315522457679,0,0
perle,GPFA50,21,no_bounce,y,25,1047,0.73718794640745489,0.72723122601469992,2.6620575380659979,2.5732520585894112,-0.0099567203927549697,0.08880547947658668
perle,GPFA50,21,post_bounce,x,14,283,0.89493307902422725,0.89493307902422725,1.197795569379597,1.197795569379597,0,0
perle,GPFA50,21,post_bounce,y,14,283,0.84567357106203855,0.83442326340926198,5.0989524573699443,5.6898010735305968,-0.01125030765277657,-0.59084861616065254
perle,FA50,22,full,x,40,1626,0.954183652026241,0.954183652026241,1.063607154196536,1.063607154196536,0,0
perle,FA50,22,full,y,40,1626,0.75789959061548462,0.75209692510255099,3.6176640522959755,3.5513702617047769,-0.0058026655129336246,0.066293790591198665
perle,FA50,22,visible,x,40,919,0.82991472536343025,0.82991472536343025,1.3154516395006621,1.3154516395006621,0,0
perle,FA50,22,visible,y,40,919,0.72746625845084822,0.71841789619711416,3.9523562324084809,3.9676566682538046,-0.0090483622537340658,-0.015300435845323701
perle,FA50,22,hidden,x,40,667,0.91517963609656339,0.91517963609656339,0.59299976510355379,0.59299976510355379,0,0
perle,FA50,22,hidden,y,40,667,0.80281229969794932,0.80707562681985556,3.1419087419330074,2.9233449320876232,0.0042633271219062463,0.21856380984538415
perle,FA50,22,bounce,x,12,532,0.9593684618675411,0.9593684618675411,1.2158299043993694,1.2158299043993694,0,0
perle,FA50,22,bounce,y,12,532,0.84125262297618719,0.84531227920565577,5.0321190239374145,4.9257713575497677,0.0040596562294685778,0.10634766638764681
perle,FA50,22,no_bounce,x,28,1094,0.96249046158237628,0.96249046158237628,0.98108440756304727,0.98108440756304727,0,0
perle,FA50,22,no_bounce,y,28,1094,0.73867401550304668,0.72352137333562694,2.6716813205745877,2.6356181247238903,-0.015152642167419739,0.036063195850697394
perle,FA50,22,post_bounce,x,12,313,0.96950754986073329,0.96950754986073329,0.7669489624414223,0.7669489624414223,0,0
perle,FA50,22,post_bounce,y,12,313,0.91374408779417593,0.92632716620872824,4.3908644404564541,4.1636312046086772,0.012583078414552307,0.22723323584777688
perle,GPFA50,22,full,x,40,1626,0.95554067326641323,0.95554067326641323,1.0488795387261494,1.0488795387261494,0,0
perle,GPFA50,22,full,y,40,1626,0.77454868514158848,0.76752732352368191,3.5447757940696802,3.4852231819673478,-0.007021361617906563,0.059552612102332425
perle,GPFA50,22,visible,x,40,919,0.8324282518920838,0.8324282518920838,1.3056067818744301,1.3056067818744301,0,0
perle,GPFA50,22,visible,y,40,919,0.73481791208133485,0.72451612485400529,3.9342947591431319,3.9588760337898252,-0.010301787227329551,-0.024581274646693352
perle,GPFA50,22,hidden,x,40,667,0.92197828707938201,0.92197828707938201,0.56001343461349351,0.56001343461349351,0,0
perle,GPFA50,22,hidden,y,40,667,0.83260027056394037,0.83687733028983979,2.977849233635693,2.7512273457499914,0.0042770597258994236,0.22662188788570159
perle,GPFA50,22,bounce,x,12,532,0.96031483605392354,0.96031483605392354,1.2037598931723283,1.2037598931723283,0,0
perle,GPFA50,22,bounce,y,12,532,0.85532809326324577,0.85746243782235987,4.9693874670665998,4.8838883678486722,0.0021343445591140986,0.085499099217927643
perle,GPFA50,22,no_bounce,x,28,1094,0.96428796953575924,0.96428796953575924,0.96461762791811678,0.96461762791811678,0,0
perle,GPFA50,22,no_bounce,y,28,1094,0.7588224751198458,0.74430267930496097,2.5820640902701637,2.5405678890662249,-0.014519795814884828,0.041496201203938821
perle,GPFA50,22,post_bounce,x,12,313,0.97127577048262204,0.97127577048262204,0.75401033215257929,0.75401033215257929,0,0
perle,GPFA50,22,post_bounce,y,12,313,0.93231395953927976,0.94422262985446259,4.2538682930293863,4.0488829399235113,0.011908670315182834,0.20498535310587496
perle,FA50,23,full,x,40,1781,0.95486505780174147,0.95486505780174147,1.0779904198075612,1.0779904198075612,0,0
perle,FA50,23,full,y,40,1781,0.68984576690278032,0.68077554409171503,3.5015750101140135,3.5456815121381617,-0.0090702228110652872,-0.044106502024148231
perle,FA50,23,visible,x,40,1018,0.85623484001602568,0.85623484001602568,1.2275662737125521,1.2275662737125521,0,0
perle,FA50,23,visible,y,40,1018,0.60832766393761017,0.6041054284562144,3.7448512986932654,3.7524510657480539,-0.0042222354813957752,-0.0075997670547884866
perle,FA50,23,hidden,x,40,723,0.8464555059241351,0.8464555059241351,0.85142432421920478,0.85142432421920478,0,0
perle,FA50,23,hidden,y,40,723,0.77631083598995565,0.76174400135559506,3.1634670845336643,3.2667571455972948,-0.014566834634360593,-0.10329006106363048
perle,FA50,23,bounce,x,12,594,0.94598428743301266,0.94598428743301266,1.2932105844469031,1.2932105844469031,0,0
perle,FA50,23,bounce,y,12,594,0.75928163049537178,0.75902149640894989,4.679739740864405,4.902902158426504,-0.00026013408642189262,-0.22316241756209898
perle,FA50,23,no_bounce,x,28,1187,0.96410923603943599,0.96410923603943599,0.95219916168678531,0.95219916168678531,0,0
perle,FA50,23,no_bounce,y,28,1187,0.67952485716622635,0.67315756220608247,2.7271778630908554,2.6141406270884686,-0.0063672949601438766,0.1130372360023868
perle,FA50,23,post_bounce,x,12,302,0.92973986423046728,0.92973986423046728,1.2279797836007522,1.2279797836007522,0,0
perle,FA50,23,post_bounce,y,12,302,0.86820487581432737,0.86653622256676288,4.2766275012089956,4.7171171777485918,-0.0016686532475644889,-0.44048967653959625
perle,GPFA50,23,full,x,40,1781,0.95676051823024,0.95676051823024,1.0533188062195769,1.0533188062195769,0,0
perle,GPFA50,23,full,y,40,1781,0.70753650480480978,0.69822220606583174,3.4386118953722269,3.4839967648373396,-0.0093142987389780441,-0.045384869465112665
perle,GPFA50,23,visible,x,40,1018,0.8592189534400434,0.8592189534400434,1.2170899388381937,1.2170899388381937,0,0
perle,GPFA50,23,visible,y,40,1018,0.61757398342396275,0.61406511583186429,3.7315318131701227,3.7379322200117122,-0.0035088675920984524,-0.0064004068415894899
perle,GPFA50,23,hidden,x,40,723,0.85903843928778234,0.85903843928778234,0.79540529803354831,0.79540529803354831,0,0
perle,GPFA50,23,hidden,y,40,723,0.80132296704639938,0.78544329313711647,3.0208215131967644,3.1331070427182306,-0.01587967390928291,-0.1122855295214662
perle,GPFA50,23,bounce,x,12,594,0.94919531273118751,0.94919531273118751,1.2696161976338416,1.2696161976338416,0,0
perle,GPFA50,23,bounce,y,12,594,0.77577397089289601,0.77590861542840273,4.6399513244734507,4.8597786296111192,0.00013464453550671163,-0.21982730513766846
perle,GPFA50,23,no_bounce,x,28,1187,0.96567710430479015,0.96567710430479015,0.92630797893867767,0.92630797893867767,0,0
perle,GPFA50,23,no_bounce,y,28,1187,0.70258759851156349,0.69581404930698754,2.6395862225022158,2.5285945962331584,-0.0067735492045759571,0.11099162626905734
perle,GPFA50,23,post_bounce,x,12,302,0.93446122262252651,0.93446122262252651,1.2002978198245751,1.2002978198245751,0,0
perle,GPFA50,23,post_bounce,y,12,302,0.87592746819877365,0.87621111269615937,4.2719784712164488,4.7029331917368662,0.00028364449738571551,-0.43095472052041739
perle,FA50,24,full,x,39,1734,0.93677484759571361,0.93677484759571361,1.2795501167539196,1.2795501167539196,0,0
perle,FA50,24,full,y,39,1734,0.67354842306799056,0.66533761742211184,4.1603501213179515,4.2285597166047744,-0.0082108056458787271,-0.068209595286822911
perle,FA50,24,visible,x,39,988,0.81162095248007793,0.81162095248007793,1.4189849255809945,1.4189849255809945,0,0
perle,FA50,24,visible,y,39,988,0.65876332399600268,0.65394736317561553,4.3217756633220503,4.3523006883450268,-0.0048159608203871551,-0.030525025022976493
perle,FA50,24,hidden,x,39,707,0.79015932109334819,0.79015932109334819,1.0776670309900827,1.0776670309900827,0,0
perle,FA50,24,hidden,y,39,707,0.69420839783236765,0.68183624221239469,3.9337361134157058,4.058878530268796,-0.012372155619972958,-0.12514241685309013
perle,FA50,24,bounce,x,15,743,0.94157036206382116,0.94157036206382116,1.2850428473340918,1.2850428473340918,0,0
perle,FA50,24,bounce,y,15,743,0.75513978478097366,0.74643986723147604,5.2584521557465118,5.4300129064828724,-0.0086999175494976155,-0.17156075073636057
perle,FA50,24,no_bounce,x,24,991,0.93639099691204186,0.93639099691204186,1.2754164383732083,1.2754164383732083,0,0
perle,FA50,24,no_bounce,y,24,991,0.61682269421083435,0.61101420825848951,3.090957434088915,3.0299179095652509,-0.005808485952344844,0.061039524523664124
perle,FA50,24,post_bounce,x,15,377,0.88826210677732853,0.88826210677732853,1.2473508672701683,1.2473508672701683,0,0
perle,FA50,24,post_bounce,y,15,377,0.80609305612522819,0.7939071558773596,5.1215188310407065,5.4047370148416212,-0.012185900247868586,-0.28321818380091468
perle,GPFA50,24,full,x,39,1734,0.93797351725302569,0.93797351725302569,1.2683663759231996,1.2683663759231996,0,0
perle,GPFA50,24,full,y,39,1734,0.68541893033961621,0.67759519202594565,4.1310474482027892,4.2003140124164187,-0.0078237383136705585,-0.069266564213629422
perle,GPFA50,24,visible,x,39,988,0.8158826814680209,0.8158826814680209,1.4044714865303523,1.4044714865303523,0,0
perle,GPFA50,24,visible,y,39,988,0.66318029229729769,0.65829038006062979,4.3240680693111573,4.3554248031036433,-0.0048899122366679038,-0.031356733792486047
perle,GPFA50,24,hidden,x,39,707,0.78933926776015495,0.78933926776015495,1.0722488086587945,1.0722488086587945,0,0
perle,GPFA50,24,hidden,y,39,707,0.71628144679056382,0.70488380869087386,3.8582260392715528,3.9859941848474572,-0.011397638099689966,-0.12776814557590432
perle,GPFA50,24,bounce,x,15,743,0.94326746592691169,0.94326746592691169,1.2688726119067615,1.2688726119067615,0,0
perle,GPFA50,24,bounce,y,15,743,0.76776848931355945,0.75964632319260827,5.222507998353926,5.3931869065479718,-0.0081221661209511797,-0.17067890819404585
perle,GPFA50,24,no_bounce,x,24,991,0.93717440430918975,0.93717440430918975,1.2679866940718691,1.2679866940718691,0,0
perle,GPFA50,24,no_bounce,y,24,991,0.6244788541718761,0.61773338017198898,3.0677925088348847,3.0104242786711066,-0.0067454739998871194,0.057368230163778122
perle,GPFA50,24,post_bounce,x,15,377,0.88950968383367146,0.88950968383367146,1.2404065873888062,1.2404065873888062,0,0
perle,GPFA50,24,post_bounce,y,15,377,0.82260138359285806,0.81131124212713146,5.0424046396454578,5.3257595730104361,-0.0112901414657266,-0.2833549333649783
perle,FA50,25,full,x,40,1694,0.96298423017960955,0.96298423017960955,0.97375407268163783,0.97375407268163783,0,0
perle,FA50,25,full,y,40,1694,0.61932831754726381,0.59439590510620133,4.3457892063311867,4.4352171894110022,-0.024932412441062479,-0.089427983079815476
perle,FA50,25,visible,x,40,973,0.86963389784287182,0.86963389784287182,1.1778454650691568,1.1778454650691568,0,0
perle,FA50,25,visible,y,40,973,0.5915261071757606,0.5709397800960333,4.5250862440474524,4.5885363601122737,-0.020586327079727296,-0.063450116064821316
perle,FA50,25,hidden,x,40,681,0.90840677182929852,0.90840677182929852,0.60014206061959485,0.60014206061959485,0,0
perle,FA50,25,hidden,y,40,681,0.65676390481174096,0.62696845054668138,4.0789882597069207,4.2094587238992309,-0.029795454265059584,-0.13047046419231023
perle,FA50,25,bounce,x,15,693,0.96298466778060676,0.96298466778060676,1.033048203516451,1.033048203516451,0,0
perle,FA50,25,bounce,y,15,693,0.69613973599726642,0.66741341940568011,5.9085424272148925,6.1281001696056423,-0.028726316591586309,-0.21955774239074977
perle,FA50,25,no_bounce,x,25,1001,0.96473664326765252,0.96473664326765252,0.93049352299289911,0.93049352299289911,0,0
perle,FA50,25,no_bounce,y,25,1001,0.69725847337328117,0.69163321016692614,2.7913545325251921,2.7001827314368074,-0.0056252632063550356,0.09117180108838463
perle,FA50,25,post_bounce,x,15,372,0.95707256203444835,0.95707256203444835,0.76845006146724137,0.76845006146724137,0,0
perle,FA50,25,post_bounce,y,15,372,0.79929519563392049,0.77065182012310329,5.494122822285445,5.814298998508856,-0.028643375510817193,-0.32017617622341099
perle,GPFA50,25,full,x,40,1694,0.96462275745685555,0.96462275745685555,0.95284052339480108,0.95284052339480108,0,0
perle,GPFA50,25,full,y,40,1694,0.63258537612417931,0.60548292420281635,4.3059351376343127,4.401865276775041,-0.027102451921362958,-0.095930139140728343
perle,GPFA50,25,visible,x,40,973,0.87444219553360414,0.87444219553360414,1.15809257944596,1.15809257944596,0,0
perle,GPFA50,25,visible,y,40,973,0.59255799389158947,0.57084204098011448,4.5274018325631289,4.5925969774708655,-0.021715952911474989,-0.065195144907736591
perle,GPFA50,25,hidden,x,40,681,0.91531144459821734,0.91531144459821734,0.57266963513074554,0.57266963513074554,0,0
perle,GPFA50,25,hidden,y,40,681,0.68523870419849642,0.65232089684437378,3.9856666493395689,4.1302981135796477,-0.032917807354122641,-0.14463146424007878
perle,GPFA50,25,bounce,x,15,693,0.96478997450504023,0.96478997450504023,1.0094210094306462,1.0094210094306462,0,0
perle,GPFA50,25,bounce,y,15,693,0.71708072089121977,0.68678846122144865,5.8785710908502997,6.1077332511358637,-0.030292259669771116,-0.22916216028556402
perle,GPFA50,25,no_bounce,x,25,1001,0.96618890175964545,0.96618890175964545,0.91161456168510624,0.91161456168510624,0,0
perle,GPFA50,25,no_bounce,y,25,1001,0.71264054486287121,0.70676784237102752,2.729966474543037,2.63907829079128,-0.0058727024918436843,0.090888183751757001
perle,GPFA50,25,post_bounce,x,15,372,0.95898186823365605,0.95898186823365605,0.75244278032768963,0.75244278032768963,0,0
perle,GPFA50,25,post_bounce,y,15,372,0.82408504284742468,0.79447584339670174,5.4451319816095607,5.7862375377340776,-0.029609199450722934,-0.34110555612451687
perle,FA50,26,full,x,40,1724,0.95577751192269766,0.95577751192269766,1.1509363663109815,1.1509363663109815,0,0
perle,FA50,26,full,y,40,1724,0.60300977880881701,0.58004834589074061,4.6668079135252665,4.7357961142543914,-0.022961432918076397,-0.068988200729124927
perle,FA50,26,visible,x,40,1014,0.84968001489771616,0.84968001489771616,1.4178851128473624,1.4178851128473624,0,0
perle,FA50,26,visible,y,40,1014,0.57913969834526935,0.55987666573485084,4.7001031117131244,4.7489625828628537,-0.019263032610418507,-0.048859471149729217
perle,FA50,26,hidden,x,40,670,0.91244310977758669,0.91244310977758669,0.59040780037049445,0.59040780037049445,0,0
perle,FA50,26,hidden,y,40,670,0.63543269260119573,0.60125863863985607,4.627234232623687,4.7296369064718533,-0.034174053961339657,-0.10240267384816626
perle,FA50,26,bounce,x,16,718,0.95410856366640906,0.95410856366640906,1.1033975926711557,1.1033975926711557,0,0
perle,FA50,26,bounce,y,16,718,0.67249183175834815,0.64854530041321623,6.0761435611859955,6.2278967272461205,-0.023946531345131916,-0.15175316606012501
perle,FA50,26,no_bounce,x,24,1006,0.9585348400366519,0.9585348400366519,1.1836986149724693,1.1836986149724693,0,0
perle,FA50,26,no_bounce,y,24,1006,0.61660533958924746,0.59919183661129105,3.3125680766076853,3.2790402616296146,-0.017413502977956408,0.033527814978070669
perle,FA50,26,post_bounce,x,16,319,0.95151367276511301,0.95151367276511301,0.70490777516240533,0.70490777516240533,0,0
perle,FA50,26,post_bounce,y,16,319,0.76886500040769457,0.73539521190582902,6.2119115927194919,6.4536467934340145,-0.033469788501865549,-0.24173520071452259
perle,GPFA50,26,full,x,40,1724,0.95702589899953039,0.95702589899953039,1.1346816256302439,1.1346816256302439,0,0
perle,GPFA50,26,full,y,40,1724,0.61377069288138941,0.59188143996284659,4.6558662179003241,4.7166770033361809,-0.021889252918542823,-0.060810785435856829
perle,GPFA50,26,visible,x,40,1014,0.85301183093165611,0.85301183093165611,1.4020103286544627,1.4020103286544627,0,0
perle,GPFA50,26,visible,y,40,1014,0.57416382681925004,0.55686000760737897,4.7262820993223018,4.7638380856621865,-0.017303819211871074,-0.037555986339884662
perle,GPFA50,26,hidden,x,40,670,0.91737195247068037,0.91737195247068037,0.56656965930006276,0.56656965930006276,0,0
perle,GPFA50,26,hidden,y,40,670,0.66094779758192013,0.62681856969108984,4.5690642118171958,4.668823305200517,-0.034129227890830283,-0.099759093383321229
perle,GPFA50,26,bounce,x,16,718,0.95611948297761318,0.95611948297761318,1.0798033551169202,1.0798033551169202,0,0
perle,GPFA50,26,bounce,y,16,718,0.6875759605334153,0.66400907102066153,6.0746661581724677,6.2192897305927124,-0.023566889512753764,-0.14462357242024471
perle,GPFA50,26,no_bounce,x,24,1006,0.95940226650819238,0.95940226650819238,1.1722791635306995,1.1722791635306995,0,0
perle,GPFA50,26,no_bounce,y,24,1006,0.62830508339061697,0.61328918646384623,3.288025306387977,3.2432791550515812,-0.015015896926770744,0.044746151336395812
perle,GPFA50,26,post_bounce,x,16,319,0.95383724418546123,0.95383724418546123,0.68965735698596753,0.68965735698596753,0,0
perle,GPFA50,26,post_bounce,y,16,319,0.79577350534857605,0.76287179919785442,6.1821542513945751,6.4188428489759133,-0.032901706150721632,-0.2366885975813382
perle,FA50,27,full,x,39,1658,0.95874765515242022,0.95874765515242022,1.0201369079814435,1.0201369079814435,0,0
perle,FA50,27,full,y,39,1658,0.72025358379682902,0.71363761045344709,3.5794347987612425,3.5244097714746871,-0.0066159733433819312,0.055025027286555339
perle,FA50,27,visible,x,39,947,0.85692512266383303,0.85692512266383303,1.2131241833006809,1.2131241833006809,0,0
perle,FA50,27,visible,y,39,947,0.69554049318830946,0.68642428095927166,3.4879961898117187,3.4998116351911834,-0.0091162122290378012,-0.011815445379464773
perle,FA50,27,hidden,x,39,672,0.89313032338439036,0.89313032338439036,0.69144403679777966,0.69144403679777966,0,0
perle,FA50,27,hidden,y,39,672,0.75120069099505982,0.75560094217732354,3.7419436721677397,3.5945627880631315,0.0044002511822637258,0.14738088410460826
perle,FA50,27,bounce,x,10,451,0.97703544116837626,0.97703544116837626,0.81591844388650403,0.81591844388650403,0,0
perle,FA50,27,bounce,y,10,451,0.83724590172519864,0.81886862523338599,4.710710023158172,4.8377053640936927,-0.018377276491812644,-0.12699534093552067
perle,FA50,27,no_bounce,x,29,1207,0.95554758104583237,0.95554758104583237,1.0866384650663958,1.0866384650663958,0,0
perle,FA50,27,no_bounce,y,29,1207,0.62861984236587742,0.63255808051987339,3.0509124042451488,2.8840988186413976,0.0039382381539959654,0.16681358560375115
perle,FA50,27,post_bounce,x,10,203,0.94418446026892033,0.94418446026892033,0.77911092450483754,0.77911092450483754,0,0
perle,FA50,27,post_bounce,y,10,203,0.87457374302612456,0.85937470903663493,4.8257111503238326,5.0074710824164086,-0.01519903398948963,-0.18175993209257602
perle,GPFA50,27,full,x,39,1658,0.96078260743593991,0.96078260743593991,0.99659661848752146,0.99659661848752146,0,0
perle,GPFA50,27,full,y,39,1658,0.7439484130154761,0.73760245386192069,3.5108796563604963,3.4551736505407304,-0.0063459591535554027,0.055706005819765814
perle,GPFA50,27,visible,x,39,947,0.86175398035381356,0.86175398035381356,1.1939618103275851,1.1939618103275851,0,0
perle,GPFA50,27,visible,y,39,947,0.69905807581350909,0.68954060788214411,3.4937560308215194,3.5063045635267831,-0.0095174679313649868,-0.012548532705263682
perle,GPFA50,27,hidden,x,39,672,0.90250321405531375,0.90250321405531375,0.65269625816767796,0.65269625816767796,0,0
perle,GPFA50,27,hidden,y,39,672,0.79759873611330279,0.8042908163157465,3.5777687977755028,3.4242244401361188,0.0066920802024437176,0.15354435763938401
perle,GPFA50,27,bounce,x,10,451,0.97858038721022766,0.97858038721022766,0.79273719942414156,0.79273719942414156,0,0
perle,GPFA50,27,bounce,y,10,451,0.85351789703562242,0.83544105466417307,4.6702349738831996,4.7967518652244383,-0.018076842371449353,-0.12651689134123867
perle,GPFA50,27,no_bounce,x,29,1207,0.95756293992789421,0.95756293992789421,1.0627809883151726,1.0627809883151726,0,0
perle,GPFA50,27,no_bounce,y,29,1207,0.65823752866863694,0.66245598264669747,2.9634841768913618,2.7931439529302189,0.0042184539780605324,0.1703402239611429
perle,GPFA50,27,post_bounce,x,10,203,0.94713147789281804,0.94713147789281804,0.76418665276141984,0.76418665276141984,0,0
perle,GPFA50,27,post_bounce,y,10,203,0.89547836191676999,0.88139379640800086,4.7005040574036894,4.8848605518418013,-0.014084565508769131,-0.18435649443811197
perle,FA50,28,full,x,40,1736,0.95976162318719693,0.95976162318719693,1.0340126692513689,1.0340126692513689,0,0
perle,FA50,28,full,y,40,1736,0.65504922504538576,0.64113656117831941,4.200328960419613,4.1860407493875185,-0.013912663867066355,0.014288211032094544
perle,FA50,28,visible,x,40,1002,0.86389471492541003,0.86389471492541003,1.2145195218372011,1.2145195218372011,0,0
perle,FA50,28,visible,y,40,1002,0.62120748899851097,0.60774422580137977,4.2446086247527433,4.2552940946181135,-0.013463263197131203,-0.010685469865370223
perle,FA50,28,hidden,x,40,694,0.90226180411499113,0.90226180411499113,0.72511668719343303,0.72511668719343303,0,0
perle,FA50,28,hidden,y,40,694,0.69572537670507717,0.68306501819072718,4.139182855955025,4.0890300657141392,-0.01266035851434999,0.050152790240885814
perle,FA50,28,bounce,x,14,626,0.95664389025176721,0.95664389025176721,1.0672124855387426,1.0672124855387426,0,0
perle,FA50,28,bounce,y,14,626,0.71149165802125314,0.70055308574806985,5.8319947573995972,5.9386671841624414,-0.010938572273183289,-0.10667242676284427
perle,FA50,28,no_bounce,x,26,1110,0.96150427181192855,0.96150427181192855,1.0148102832521932,1.0148102832521932,0,0
perle,FA50,28,no_bounce,y,26,1110,0.6969142049240622,0.6923924844412146,2.9001744706718142,2.7414397778062845,-0.0045217204828476021,0.15873469286552977
perle,FA50,28,post_bounce,x,14,329,0.94463318180115352,0.94463318180115352,0.8844385788729312,0.8844385788729312,0,0
perle,FA50,28,post_bounce,y,14,329,0.80095837049512997,0.79196467089879319,5.6676940349065088,5.8009743679257131,-0.0089936995963367794,-0.13328033301920428
perle,GPFA50,28,full,x,40,1736,0.96152946255594529,0.96152946255594529,1.0165015992583692,1.0165015992583692,0,0
perle,GPFA50,28,full,y,40,1736,0.67214892890250433,0.65966105370103545,4.1551413047156585,4.134311151290496,-0.012487875201468879,0.020830153425162479
perle,GPFA50,28,visible,x,40,1002,0.86941055577321413,0.86941055577321413,1.1941424690658307,1.1941424690658307,0,0
perle,GPFA50,28,visible,y,40,1002,0.62964302961211305,0.61781408499420754,4.2365119217121885,4.2419537360684005,-0.011828944617905512,-0.0054418143562120491
perle,GPFA50,28,hidden,x,40,694,0.90792667537443905,0.90792667537443905,0.71039510017308694,0.71039510017308694,0,0
perle,GPFA50,28,hidden,y,40,694,0.72201074108362473,0.71073179490848193,4.0443644121547759,3.985356006053697,-0.011278946175142801,0.059008406101078936
perle,GPFA50,28,bounce,x,14,626,0.95864697682664313,0.95864697682664313,1.0462447115976969,1.0462447115976969,0,0
perle,GPFA50,28,bounce,y,14,626,0.72484727598981358,0.71592682189657875,5.8138783356449215,5.9140781015941108,-0.0089204540932348309,-0.10019976594918933
perle,GPFA50,28,no_bounce,x,26,1110,0.96312146671890453,0.96312146671890453,0.99933723280672604,0.99933723280672604,0,0
perle,GPFA50,28,no_bounce,y,26,1110,0.72218924129771234,0.72035772239387796,2.8177120653298591,2.6470200185192843,-0.0018315189038343727,0.17069204681057482
perle,GPFA50,28,post_bounce,x,14,329,0.94753454942550031,0.94753454942550031,0.86692581048077311,0.86692581048077311,0,0
perle,GPFA50,28,post_bounce,y,14,329,0.82893283095553116,0.82378437277357963,5.6164269797093258,5.7493179866580499,-0.0051484581819515318,-0.13289100694872413
perle,FA50,29,full,x,40,1755,0.95614971162760176,0.95614971162760176,1.0565697183286535,1.0565697183286535,0,0
perle,FA50,29,full,y,40,1755,0.65741219213262958,0.64594278156994789,3.8475208023073058,3.8851989967072851,-0.011469410562681692,-0.037678194399979326
perle,FA50,29,visible,x,40,1001,0.85136478155032558,0.85136478155032558,1.2647847112472148,1.2647847112472148,0,0
perle,FA50,29,visible,y,40,1001,0.62321560843095181,0.62308758744468418,3.8757511239855744,3.8812562440022114,-0.00012802098626762959,-0.0055051200166369441
perle,FA50,29,hidden,x,40,714,0.89571814096446123,0.89571814096446123,0.69197295418509674,0.69197295418509674,0,0
perle,FA50,29,hidden,y,40,714,0.70245698306895776,0.6803263003251987,3.8168376549720322,3.900107393015571,-0.022130682743759067,-0.083269738043538766
perle,FA50,29,bounce,x,12,570,0.95378542890146012,0.95378542890146012,1.1740285229618626,1.1740285229618626,0,0
perle,FA50,29,bounce,y,12,570,0.69606071146488691,0.68785399376786427,5.3631077428823151,5.5336537800905923,-0.0082067176970226363,-0.17054603720827721
perle,FA50,29,no_bounce,x,28,1185,0.9590785056665827,0.9590785056665827,0.9951445203228505,0.9951445203228505,0,0
perle,FA50,29,no_bounce,y,28,1185,0.67242766733845272,0.6678298931262644,2.844066826074211,2.7615761357940189,-0.0045977742121883214,0.082490690280192069
perle,FA50,29,post_bounce,x,12,300,0.95520652462535038,0.95520652462535038,0.99077246482657644,0.99077246482657644,0,0
perle,FA50,29,post_bounce,y,12,300,0.77710311409263577,0.77217065519705552,4.9430389236951493,5.1991034188468097,-0.0049324588955802495,-0.25606449515166041
perle,GPFA50,29,full,x,40,1755,0.95691569025429146,0.95691569025429146,1.0496903298686548,1.0496903298686548,0,0
perle,GPFA50,29,full,y,40,1755,0.67565597258949373,0.66520823002918117,3.7751785073162853,3.8046517507604447,-0.010447742560312556,-0.029473243444159358
perle,GPFA50,29,visible,x,40,1001,0.85111678117427969,0.85111678117427969,1.2696780455444383,1.2696780455444383,0,0
perle,GPFA50,29,visible,y,40,1001,0.62836306135390751,0.62942053865549519,3.8563384126468532,3.8541702139000478,0.0010574773015876726,0.0021681987468054054
perle,GPFA50,29,hidden,x,40,714,0.90351581250900181,0.90351581250900181,0.651733356668036,0.651733356668036,0,0
perle,GPFA50,29,hidden,y,40,714,0.7354441608368173,0.71486068908822897,3.6759556048193449,3.7528804470127644,-0.020583471748588322,-0.07692484219341944
perle,GPFA50,29,bounce,x,12,570,0.95475406269785379,0.95475406269785379,1.1684488465436942,1.1684488465436942,0,0
perle,GPFA50,29,bounce,y,12,570,0.71093003404905464,0.70392696315380598,5.305088121084407,5.4647927643948409,-0.0070030708952486531,-0.15970464331043388
perle,GPFA50,29,no_bounce,x,28,1185,0.95974823984775348,0.95974823984775348,0.98749178751861177,0.98749178751861177,0,0
perle,GPFA50,29,no_bounce,y,28,1185,0.69540086129768708,0.69215698234567435,2.7513180597627027,2.6595621370803597,-0.0032438789520127242,0.091755922682343005
perle,GPFA50,29,post_bounce,x,12,300,0.95865209866475931,0.95865209866475931,0.97558062586014127,0.97558062586014127,0,0
perle,GPFA50,29,post_bounce,y,12,300,0.79500381842771517,0.79082620627000888,4.8398569849466133,5.0879063929309591,-0.0041776121577062897,-0.24804940798434583
perle,FA50,30,full,x,39,1714,0.95378736313876622,0.95378736313876622,1.0863427132551629,1.0863427132551629,0,0
perle,FA50,30,full,y,39,1714,0.64926517209096479,0.63416607297638483,4.2669103160550383,4.2456251441972528,-0.015099099114579961,0.021285171857785556
perle,FA50,30,visible,x,39,985,0.83668930702182431,0.83668930702182431,1.3114927449676261,1.3114927449676261,0,0
perle,FA50,30,visible,y,39,985,0.61445797638617561,0.59632051957008159,4.3893852780824645,4.4328269393019388,-0.018137456816094022,-0.043441661219474348
perle,FA50,30,hidden,x,39,690,0.91428895424226964,0.91428895424226964,0.67333422285147215,0.67333422285147215,0,0
perle,FA50,30,hidden,y,39,690,0.69510279059663582,0.68876733311351424,4.1289748666176731,4.0050795027748416,-0.0063354574831215871,0.12389536384283151
perle,FA50,30,bounce,x,15,684,0.95637538675349498,0.95637538675349498,1.0528113458910637,1.0528113458910637,0,0
perle,FA50,30,bounce,y,15,684,0.71478345124984977,0.71201376668288896,5.7076584811805571,5.7279066737272473,-0.0027696845669608061,-0.020248192546690191
perle,FA50,30,no_bounce,x,24,1030,0.9522114146159415,0.9522114146159415,1.1080496193089022,1.1080496193089022,0,0
perle,FA50,30,no_bounce,y,24,1030,0.63335359532757385,0.61650716581199572,2.9433261082547997,2.8649408683362108,-0.016846429515578132,0.078385239918588923
perle,FA50,30,post_bounce,x,15,372,0.96333046590856319,0.96333046590856319,0.86561246264966618,0.86561246264966618,0,0
perle,FA50,30,post_bounce,y,15,372,0.77678345396045334,0.79064649330306325,5.5160833181399038,5.4983299676201032,0.013863039342609906,0.017753350519800648
perle,GPFA50,30,full,x,39,1714,0.95572788673314224,0.95572788673314224,1.0642183248857791,1.0642183248857791,0,0
perle,GPFA50,30,full,y,39,1714,0.66246688078078897,0.64794335874601738,4.2312974569842945,4.2105345997597032,-0.014523522034771585,0.020762857224591258
perle,GPFA50,30,visible,x,39,985,0.84086789389438432,0.84086789389438432,1.2961878604819739,1.2961878604819739,0,0
perle,GPFA50,30,visible,y,39,985,0.61420107909043298,0.59611608700403285,4.4016145114402034,4.4445733703000032,-0.018084992086400131,-0.042958858859799776
perle,GPFA50,30,hidden,x,39,690,0.92525063601958646,0.92525063601958646,0.62646487975271026,0.62646487975271026,0,0
perle,GPFA50,30,hidden,y,39,690,0.72524833099263297,0.72074158479949113,4.0219195303675548,3.8975533600848711,-0.0045067461931418418,0.12436617028268371
perle,GPFA50,30,bounce,x,15,684,0.95825963339576092,0.95825963339576092,1.0298132506262188,1.0298132506262188,0,0
perle,GPFA50,30,bounce,y,15,684,0.72763351702884238,0.72640941384973479,5.6723809162050109,5.6910695796020478,-0.001224103179107594,-0.018688663397036898
perle,GPFA50,30,no_bounce,x,24,1030,0.95416379174438659,0.95416379174438659,1.086464139237165,1.086464139237165,0,0
perle,GPFA50,30,no_bounce,y,24,1030,0.6475398011611625,0.62961776461728103,2.9027820578537211,2.8272674489765466,-0.01792203654388147,0.075514608877174538
perle,GPFA50,30,post_bounce,x,15,372,0.96635681481407776,0.96635681481407776,0.83670002702380741,0.83670002702380741,0,0
perle,GPFA50,30,post_bounce,y,15,372,0.79221312332185401,0.8079969787717225,5.437904846938558,5.4142836985187435,0.015783855449868489,0.023621148419814553
perle,FA50,31,full,x,39,1618,0.95448368749572787,0.95448368749572787,1.0872720517021397,1.0872720517021397,0,0
perle,FA50,31,full,y,39,1618,0.69803125547958766,0.67642808041668312,4.4342953217661947,4.5327108106944349,-0.021603175062904545,-0.098415488928240258
perle,FA50,31,visible,x,39,926,0.84472007329538201,0.84472007329538201,1.3236978014653284,1.3236978014653284,0,0
perle,FA50,31,visible,y,39,926,0.68139613700002633,0.67846858445045777,4.4417478333284119,4.444543972308729,-0.0029275525495685573,-0.0027961389803170533
perle,FA50,31,hidden,x,39,653,0.88752294097953488,0.88752294097953488,0.65645763376765776,0.65645763376765776,0,0
perle,FA50,31,hidden,y,39,653,0.71084534867039983,0.66066323218047285,4.4504950502978078,4.6828390321447548,-0.050182116489926987,-0.23234398184694705
perle,FA50,31,bounce,x,15,704,0.94972917863175377,0.94972917863175377,1.1811231963567392,1.1811231963567392,0,0
perle,FA50,31,bounce,y,15,704,0.75614228165284469,0.7399502971452151,5.8122973294093168,6.0388531440849986,-0.016191984507629598,-0.22655581467568187
perle,FA50,31,no_bounce,x,24,914,0.95954159030273023,0.95954159030273023,1.0090504564458087,1.0090504564458087,0,0
perle,FA50,31,no_bounce,y,24,914,0.69037373648028211,0.68192896998835628,2.9643398788093123,2.8777559304477931,-0.0084447664919258258,0.08658394836151917
perle,FA50,31,post_bounce,x,15,341,0.93916685073309447,0.93916685073309447,0.93363211490304343,0.93363211490304343,0,0
perle,FA50,31,post_bounce,y,15,341,0.81725403594185675,0.78779592685362809,5.8586442883309227,6.3016474659110777,-0.029458109088228657,-0.44300317758015506
perle,GPFA50,31,full,x,39,1618,0.9557445731614288,0.9557445731614288,1.0724855924779153,1.0724855924779153,0,0
perle,GPFA50,31,full,y,39,1618,0.72280813992508242,0.7012123005495875,4.3518741491007047,4.454740991542689,-0.021595839375494918,-0.1028668424419843
perle,GPFA50,31,visible,x,39,926,0.84671922971147062,0.84671922971147062,1.3146242829901316,1.3146242829901316,0,0
perle,GPFA50,31,visible,y,39,926,0.68952189542784248,0.68612480974654477,4.4404413450822355,4.4454478853805943,-0.0033970856812977068,-0.0050065402983587859
perle,GPFA50,31,hidden,x,39,653,0.89871178172095945,0.89871178172095945,0.62264073450130564,0.62264073450130564,0,0
perle,GPFA50,31,hidden,y,39,653,0.75658828122203869,0.70781302431324489,4.2549746942951794,4.5003925323383029,-0.048775256908793807,-0.24541783804312356
perle,GPFA50,31,bounce,x,15,704,0.95161013843905362,0.95161013843905362,1.1613651833114269,1.1613651833114269,0,0
perle,GPFA50,31,bounce,y,15,704,0.78316078033918901,0.76763342339579055,5.7061842970371623,5.9389317159359631,-0.015527356943398463,-0.2327474188988008
perle,GPFA50,31,no_bounce,x,24,914,0.96034968636176787,0.96034968636176787,0.99864852400139792,0.99864852400139792,0,0
perle,GPFA50,31,no_bounce,y,24,914,0.70950715233986483,0.69992612497704187,2.9063374334408971,2.8218497289330484,-0.0095810273628229581,0.084487704507848704
perle,GPFA50,31,post_bounce,x,15,341,0.94357978471994919,0.94357978471994919,0.90439576024000168,0.90439576024000168,0,0
perle,GPFA50,31,post_bounce,y,15,341,0.84316056255678207,0.81367353354552208,5.6708957304091063,6.126998191613283,-0.029487029011259991,-0.45610246120417663
perle,FA50,32,full,x,40,1776,0.94976566397593942,0.94976566397593942,1.1652695145420784,1.1652695145420784,0,0
perle,FA50,32,full,y,40,1776,0.7305327131455186,0.72686084838397536,3.8056201098554427,3.8655423874994246,-0.003671864761543242,-0.059922277643981836
perle,FA50,32,visible,x,40,1019,0.84304750294091579,0.84304750294091579,1.2955807276474112,1.2955807276474112,0,0
perle,FA50,32,visible,y,40,1019,0.67175868543257411,0.67461836794295216,4.1387772481352316,4.1412470064632512,0.0028596825103780477,-0.0024697583280195445
perle,FA50,32,hidden,x,40,717,0.84089697967384869,0.84089697967384869,0.97504525520098473,0.97504525520098473,0,0
perle,FA50,32,hidden,y,40,717,0.80553987018401163,0.79385146435909382,3.3075296603659803,3.4677842944770942,-0.011688405824917814,-0.16025463411111396
perle,FA50,32,bounce,x,14,680,0.94758596765513448,0.94758596765513448,1.1963867321939956,1.1963867321939956,0,0
perle,FA50,32,bounce,y,14,680,0.80791492762013961,0.80685690457504144,5.0140229095414259,5.2075091706140348,-0.0010580230450981665,-0.19348626107260891
perle,FA50,32,no_bounce,x,26,1096,0.95133747791480061,0.95133747791480061,1.1455383846132372,1.1455383846132372,0,0
perle,FA50,32,no_bounce,y,26,1096,0.67476730935757767,0.67223666522553371,2.8054080641538865,2.7181115774843572,-0.0025306441320439577,0.087296486669529383
perle,FA50,32,post_bounce,x,14,369,0.91427024407504265,0.91427024407504265,1.1229000424036772,1.1229000424036772,0,0
perle,FA50,32,post_bounce,y,14,369,0.86156777705028609,0.85809503464268455,4.7476303179741279,5.1115189485721473,-0.0034727424076015367,-0.36388863059801935
perle,GPFA50,32,full,x,40,1776,0.95267184499294255,0.95267184499294255,1.1338508037004167,1.1338508037004167,0,0
perle,GPFA50,32,full,y,40,1776,0.74493816870102769,0.74107721514880431,3.7727409428528693,3.8333171504791168,-0.0038609535522233784,-0.060576207626247491
perle,GPFA50,32,visible,x,40,1019,0.85167388589483162,0.85167388589483162,1.2635737579240851,1.2635737579240851,0,0
perle,GPFA50,32,visible,y,40,1019,0.68247882544713778,0.68371312174683696,4.1520760314005534,4.1612849509381231,0.001234296299699178,-0.0092089195375697486
perle,GPFA50,32,hidden,x,40,717,0.84631827825417694,0.84631827825417694,0.94312493034304812,0.94312493034304812,0,0
perle,GPFA50,32,hidden,y,40,717,0.82579026048306914,0.81533133278352676,3.193548106528493,3.34652111599795,-0.010458927699542375,-0.15297300946945702
perle,GPFA50,32,bounce,x,14,680,0.95092816401515345,0.95092816401515345,1.1593321650583606,1.1593321650583606,0,0
perle,GPFA50,32,bounce,y,14,680,0.81495795128898452,0.81602780736253944,5.0106810846910683,5.1968445695473315,0.0010698560735549201,-0.18616348485626322
perle,GPFA50,32,no_bounce,x,26,1096,0.95396603738486097,0.95396603738486097,1.1177492254355246,1.1177492254355246,0,0
perle,GPFA50,32,no_bounce,y,26,1096,0.69709929401075088,0.69244180650443554,2.7362994591050702,2.6561149358761709,-0.0046574875063153387,0.080184523228899351
perle,GPFA50,32,post_bounce,x,14,369,0.91805845911333117,0.91805845911333117,1.0945172825529403,1.0945172825529403,0,0
perle,GPFA50,32,post_bounce,y,14,369,0.8668529096615053,0.86717347359211894,4.7248598337962076,5.0742170543049925,0.00032056393061363764,-0.34935722050878493
perle,FA50,33,full,x,40,1737,0.95434698585915012,0.95434698585915012,1.0940306244763871,1.0940306244763871,0,0
perle,FA50,33,full,y,40,1737,0.6764553804381922,0.65743453911701399,4.0520953509452333,4.0507649593553481,-0.019020841321178206,0.0013303915898852381
perle,FA50,33,visible,x,40,976,0.84896637985782553,0.84896637985782553,1.2401603581403,1.2401603581403,0,0
perle,FA50,33,visible,y,40,976,0.70680459363761972,0.69692216076024538,4.0318987038611001,4.0791907431589962,-0.0098824328773743364,-0.04729203929789616
perle,FA50,33,hidden,x,40,721,0.86955362008017834,0.86955362008017834,0.87946426878690365,0.87946426878690365,0,0
perle,FA50,33,hidden,y,40,721,0.63769024717264511,0.60807746883280911,4.1097286086069538,4.0453347729215459,-0.029612778339835999,0.064393835685407907
perle,FA50,33,bounce,x,13,604,0.95147625215587284,0.95147625215587284,1.1555434483553222,1.1555434483553222,0,0
perle,FA50,33,bounce,y,13,604,0.75573931034934683,0.73284165579112337,5.32128415569428,5.3918485831724281,-0.022897654558223457,-0.070564427478148062
perle,FA50,33,no_bounce,x,27,1133,0.95650650526712122,0.95650650526712122,1.0597802418373083,1.0597802418373083,0,0
perle,FA50,33,no_bounce,y,27,1133,0.60895419328278155,0.59435005088235582,3.1744967543345086,3.1077160263484407,-0.014604142400425735,0.066780727986067934
perle,FA50,33,post_bounce,x,13,342,0.93352458087934975,0.93352458087934975,0.96629849377795685,0.96629849377795685,0,0
perle,FA50,33,post_bounce,y,13,342,0.7889802172224627,0.7701367690828721,5.1540067994797729,5.205402405778262,-0.018843448139590602,-0.051395606298489049
perle,GPFA50,33,full,x,40,1737,0.95568696083205751,0.95568696083205751,1.0766800664594642,1.0766800664594642,0,0
perle,GPFA50,33,full,y,40,1737,0.69404838509812372,0.67392445566649994,4.0019054253738187,4.0025328690323532,-0.020123929431623777,-0.00062744365853451001
perle,GPFA50,33,visible,x,40,976,0.85324538301567432,0.85324538301567432,1.2236054180901377,1.2236054180901377,0,0
perle,GPFA50,33,visible,y,40,976,0.71214631604246537,0.7038045363780514,4.0288162081718575,4.0724030437396923,-0.0083417796644139619,-0.043586835567834825
perle,GPFA50,33,hidden,x,40,721,0.87388377250345084,0.87388377250345084,0.85772856816438725,0.85772856816438725,0,0
perle,GPFA50,33,hidden,y,40,721,0.67387642988406926,0.64083298418924362,3.9977693706351438,3.9403670838973177,-0.033043445694825646,0.057402286737826103
perle,GPFA50,33,bounce,x,13,604,0.95318185426355728,0.95318185426355728,1.1349945293559112,1.1349945293559112,0,0
perle,GPFA50,33,bounce,y,13,604,0.76926637454944879,0.74553031273621118,5.2729696038327072,5.34260666870673,-0.023736061813237619,-0.069637064874022769
perle,GPFA50,33,no_bounce,x,27,1133,0.95768428908960468,0.95768428908960468,1.044262862335712,1.044262862335712,0,0
perle,GPFA50,33,no_bounce,y,27,1133,0.62800433002262723,0.61092327667156321,3.1193870612718801,3.0568266745687014,-0.017081053351064024,0.062560386703178761
perle,GPFA50,33,post_bounce,x,13,342,0.93513959268334068,0.93513959268334068,0.95522549691577796,0.95522549691577796,0,0
perle,GPFA50,33,post_bounce,y,13,342,0.80804734615425633,0.78887047115992814,5.0437516005993617,5.094466721506695,-0.019176874994328186,-0.050715120907333322
perle,FA50,34,full,x,40,1743,0.95341970918148089,0.95341970918148089,1.1769892504322566,1.1769892504322566,0,0
perle,FA50,34,full,y,40,1743,0.68686364425143975,0.68002946157358213,3.8826314296774682,3.8605302482709982,-0.0068341826778576253,0.022101181406469994
perle,FA50,34,visible,x,40,1019,0.84691835622227729,0.84691835622227729,1.4308995369766215,1.4308995369766215,0,0
perle,FA50,34,visible,y,40,1019,0.66083398807887894,0.65447922195784958,3.9760531775790864,3.9797574838818535,-0.0063547661210293649,-0.0037043063027670797
perle,FA50,34,hidden,x,40,684,0.89717737476875847,0.89717737476875847,0.68231725036945456,0.68231725036945456,0,0
perle,FA50,34,hidden,y,40,684,0.72493486267082707,0.72120558360153386,3.7442044555904315,3.6790335924558479,-0.0037292790692932121,0.065170863134583534
perle,FA50,34,bounce,x,12,586,0.94556292249126095,0.94556292249126095,1.2502343227577519,1.2502343227577519,0,0
perle,FA50,34,bounce,y,12,586,0.71821772562842401,0.7184916822141032,5.4467421892820393,5.4929030821335623,0.00027395658567919146,-0.046160892851522917
perle,FA50,34,no_bounce,x,28,1157,0.957539808589571,0.957539808589571,1.1380949777831761,1.1380949777831761,0,0
perle,FA50,34,no_bounce,y,28,1157,0.70558000837813162,0.70075482476424933,2.7720298354526181,2.6777929720174192,-0.004825183613882289,0.094236863435198881
perle,FA50,34,post_bounce,x,12,333,0.94206868409532474,0.94206868409532474,0.92959298760781561,0.92959298760781561,0,0
perle,FA50,34,post_bounce,y,12,333,0.76468391185354589,0.77563650155774833,5.1132593699043953,5.1251791924055503,0.010952589704202431,-0.011919822501154975
perle,GPFA50,34,full,x,40,1743,0.95451167852060403,0.95451167852060403,1.164046615378902,1.164046615378902,0,0
perle,GPFA50,34,full,y,40,1743,0.69796359393746543,0.69003563007042912,3.8456894029147977,3.8244173522036871,-0.0079279638670363139,0.021272050711110602
perle,GPFA50,34,visible,x,40,1019,0.84836568962047187,0.84836568962047187,1.423577397797777,1.423577397797777,0,0
perle,GPFA50,34,visible,y,40,1019,0.66704703378243391,0.65961250335027244,3.9685481905700564,3.975581693129731,-0.007434530432161468,-0.0070335025596746092
perle,GPFA50,34,hidden,x,40,684,0.90507791565263573,0.90507791565263573,0.64966510198140026,0.64966510198140026,0,0
perle,GPFA50,34,hidden,y,40,684,0.74025330060311423,0.73535265052513232,3.6717025136141435,3.6043903888901387,-0.0049006500779819051,0.067312124724004718
perle,GPFA50,34,bounce,x,12,586,0.94702715589288544,0.94702715589288544,1.2335292847737955,1.2335292847737955,0,0
perle,GPFA50,34,bounce,y,12,586,0.72324733417145881,0.72253026816431176,5.4588467064436994,5.5111244684261438,-0.00071706600714704916,-0.052277761982444382
perle,GPFA50,34,no_bounce,x,28,1157,0.95839314132040732,0.95839314132040732,1.1272220956037982,1.1272220956037982,0,0
perle,GPFA50,34,no_bounce,y,28,1157,0.72621983020183023,0.72178076346855768,2.680893473435261,2.578940394479357,-0.0044390667332725453,0.101953078955904
perle,GPFA50,34,post_bounce,x,12,333,0.9448109810938905,0.9448109810938905,0.91056576762725971,0.91056576762725971,0,0
perle,GPFA50,34,post_bounce,y,12,333,0.76909086262747328,0.7804990517291065,5.1162696731169488,5.1344681415513662,0.011408189101633215,-0.018198468434417414
perle,FA50,35,full,x,40,1692,0.95684357087808525,0.95684357087808525,1.109412766666845,1.109412766666845,0,0
perle,FA50,35,full,y,40,1692,0.67637067772074388,0.67466136512286801,3.6827025338540107,3.6343938725879656,-0.0017093125978758783,0.04830866126604505
perle,FA50,35,visible,x,40,988,0.85003321812083854,0.85003321812083854,1.3688518485405596,1.3688518485405596,0,0
perle,FA50,35,visible,y,40,988,0.63996426641991577,0.63965854031654423,3.955212586580704,3.953673477246872,-0.00030572610337153971,0.001539109333831945
perle,FA50,35,hidden,x,40,664,0.92301707719229831,0.92301707719229831,0.57556803361690434,0.57556803361690434,0,0
perle,FA50,35,hidden,y,40,664,0.74369959662071561,0.74704952825768411,3.278865370132773,3.1417521239861754,0.0033499316369685062,0.13711324614659759
perle,FA50,35,bounce,x,12,520,0.95956717940510916,0.95956717940510916,1.3404639593096017,1.3404639593096017,0,0
perle,FA50,35,bounce,y,12,520,0.78539229834842905,0.78294551851079774,4.9424589806546502,4.9806584634755442,-0.0024467798376313077,-0.038199482820894026
perle,FA50,35,no_bounce,x,28,1172,0.96119901579794598,0.96119901579794598,0.98977248933311124,0.98977248933311124,0,0
perle,FA50,35,no_bounce,y,28,1172,0.62121796898527415,0.62695449942156556,2.9565828290002516,2.8395222200947239,0.0057365304362914094,0.11706060890552772
perle,FA50,35,post_bounce,x,12,324,0.97869911508733753,0.97869911508733753,0.82913604627212001,0.82913604627212001,0,0
perle,FA50,35,post_bounce,y,12,324,0.88287263468854416,0.87776101741244161,4.3367510369999343,4.369358365551439,-0.0051116172761025425,-0.032607328551504722
perle,GPFA50,35,full,x,40,1692,0.95827320664034188,0.95827320664034188,1.0911984790549814,1.0911984790549814,0,0
perle,GPFA50,35,full,y,40,1692,0.70334850598599563,0.70067438956716066,3.598845867422539,3.550877725480269,-0.0026741164188349709,0.047968141942269948
perle,GPFA50,35,visible,x,40,988,0.85289373760310683,0.85289373760310683,1.3548254259987738,1.3548254259987738,0,0
perle,GPFA50,35,visible,y,40,988,0.66051106322108999,0.66111755125736449,3.8970917199793922,3.8996473347993108,0.00060648803627449954,-0.0025556148199186168
perle,GPFA50,35,hidden,x,40,664,0.93282343075923835,0.93282343075923835,0.53176895384213274,0.53176895384213274,0,0
perle,GPFA50,35,hidden,y,40,664,0.77395343825790575,0.77533261502152639,3.1559694257617088,3.0086414047359593,0.0013791767636206487,0.14732802102574949
perle,GPFA50,35,bounce,x,12,520,0.96132967565541816,0.96132967565541816,1.3215527542943755,1.3215527542943755,0,0
perle,GPFA50,35,bounce,y,12,520,0.80888389192356469,0.80260827315339733,4.8541551370507108,4.9147572266677004,-0.0062756187701673571,-0.060602089616989652
perle,GPFA50,35,no_bounce,x,28,1172,0.96268621701102841,0.96268621701102841,0.97165783936611927,0.97165783936611927,0,0
perle,GPFA50,35,no_bounce,y,28,1172,0.64520548166310543,0.65690790165421098,2.8711811942869603,2.7360348986321843,0.01170241999110555,0.13514629565477598
perle,GPFA50,35,post_bounce,x,12,324,0.98094637211352187,0.98094637211352187,0.80429293722120287,0.80429293722120287,0,0
perle,GPFA50,35,post_bounce,y,12,324,0.90342343167902517,0.89360568802718043,4.1952118159816543,4.2738438895079982,-0.0098177436518447347,-0.078632073526343937
perle,FA50,36,full,x,39,1667,0.95906306067210578,0.95906306067210578,1.0557512117397012,1.0557512117397012,0,0
perle,FA50,36,full,y,39,1667,0.71393618828843453,0.69550514685968345,3.9718264254292035,4.0319471122948531,-0.018431041428751072,-0.060120686865649642
perle,FA50,36,visible,x,39,933,0.86366563221775206,0.86366563221775206,1.2118554537244759,1.2118554537244759,0,0
perle,FA50,36,visible,y,39,933,0.68911268141304005,0.6848225207910299,3.9417476920412078,3.9413384253931985,-0.0042901606220101529,0.0004092666480093321
perle,FA50,36,hidden,x,39,695,0.862744311011019,0.862744311011019,0.82306630566673833,0.82306630566673833,0,0
perle,FA50,36,hidden,y,39,695,0.73506099357160981,0.70007139597806189,4.0340570002516438,4.174446314508419,-0.034989597593547916,-0.14038931425677514
perle,FA50,36,bounce,x,13,596,0.95110348093887087,0.95110348093887087,1.160110361880158,1.160110361880158,0,0
perle,FA50,36,bounce,y,13,596,0.79101884587838589,0.77677117641570192,5.2880253816776266,5.519543756214401,-0.014247669462683965,-0.23151837453677437
perle,FA50,36,no_bounce,x,26,1071,0.96378531840922044,0.96378531840922044,0.99293757203541511,0.99293757203541511,0,0
perle,FA50,36,no_bounce,y,26,1071,0.68956180428340463,0.67493404310767191,2.9988366525369834,2.8895625861216749,-0.014627761175732723,0.10927406641530846
perle,FA50,36,post_bounce,x,13,294,0.91544485883932369,0.91544485883932369,1.0405541269911738,1.0405541269911738,0,0
perle,FA50,36,post_bounce,y,13,294,0.83652264525348885,0.80419411110086625,5.1177003633186526,5.5816244823285253,-0.032328534152622601,-0.46392411900987263
perle,GPFA50,36,full,x,39,1667,0.96093626546462474,0.96093626546462474,1.0365774398710597,1.0365774398710597,0,0
perle,GPFA50,36,full,y,39,1667,0.73086651880560705,0.71234509294336001,3.9256836691005796,3.9864608675547464,-0.018521425862247032,-0.060777198454166736
perle,GPFA50,36,visible,x,39,933,0.8685704780061575,0.8685704780061575,1.1974548675578787,1.1974548675578787,0,0
perle,GPFA50,36,visible,y,39,933,0.69401784933375987,0.68998867642406314,3.952079139112298,3.9485505236312437,-0.0040291729096967321,0.0035286154810543202
perle,GPFA50,36,hidden,x,39,695,0.86889265952209427,0.86889265952209427,0.79519671164437267,0.79519671164437267,0,0
perle,GPFA50,36,hidden,y,39,695,0.76640030215918964,0.7314539424040627,3.9117997872080168,4.0606976323101964,-0.034946359755126943,-0.14889784510217963
perle,GPFA50,36,bounce,x,13,596,0.95251672080339833,0.95251672080339833,1.1441187572973948,1.1441187572973948,0,0
perle,GPFA50,36,bounce,y,13,596,0.80636103098673984,0.79345041352409662,5.2579369723502944,5.4837575647950008,-0.012910617462643215,-0.22582059244470631
perle,GPFA50,36,no_bounce,x,26,1071,0.96588339589627104,0.96588339589627104,0.97159031581665634,0.97159031581665634,0,0
perle,GPFA50,36,no_bounce,y,26,1071,0.71091018038064857,0.69479330512073489,2.9329842858797806,2.8286047004858554,-0.016116875259913677,0.10437958539392511
perle,GPFA50,36,post_bounce,x,13,294,0.91842551622797752,0.91842551622797752,1.021759110499119,1.021759110499119,0,0
perle,GPFA50,36,post_bounce,y,13,294,0.8656006230087232,0.83386623853394282,5.0053864351067832,5.4687830567423443,-0.031734384474780386,-0.46339662163556117
perle,FA50,37,full,x,40,1749,0.95280306146485483,0.95280306146485483,1.090172979533385,1.090172979533385,0,0
perle,FA50,37,full,y,40,1749,0.66616519043277034,0.66132049271264126,3.6338979575742005,3.6596278348131208,-0.0048446977201290764,-0.025729877238920285
perle,FA50,37,visible,x,40,988,0.85481579027657795,0.85481579027657795,1.1942304863508337,1.1942304863508337,0,0
perle,FA50,37,visible,y,40,988,0.644511015242347,0.64653289208047271,3.6449334056021825,3.6296336703293757,0.0020218768381257135,0.015299735272806814
perle,FA50,37,hidden,x,40,721,0.8388449615800706,0.8388449615800706,0.95353540674274129,0.95353540674274129,0,0
perle,FA50,37,hidden,y,40,721,0.69475312991295113,0.67741503507353984,3.6416764876055971,3.7253188951025056,-0.017338094839411289,-0.083642407496908433
perle,FA50,37,bounce,x,11,557,0.94216809844333749,0.94216809844333749,1.2705186611033004,1.2705186611033004,0,0
perle,FA50,37,bounce,y,11,557,0.7122300452332172,0.71452622846844815,4.8539797344857645,5.0609780013127423,0.002296183235230953,-0.20699826682697786
perle,FA50,37,no_bounce,x,29,1192,0.95977532206119764,0.95977532206119764,0.99475438393895088,0.99475438393895088,0,0
perle,FA50,37,no_bounce,y,29,1192,0.68715312938783402,0.68808496784889606,2.8924189988924507,2.7717143558537152,0.00093183846106204005,0.12070464303873552
perle,FA50,37,post_bounce,x,11,306,0.91956742879918718,0.91956742879918718,1.3393058181913093,1.3393058181913093,0,0
perle,FA50,37,post_bounce,y,11,306,0.76736154576380933,0.76903059226412407,4.7890249232845035,5.131119109227952,0.0016690465003147414,-0.34209418594344854
perle,GPFA50,37,full,x,40,1749,0.95486932262970425,0.95486932262970425,1.0608324564584464,1.0608324564584464,0,0
perle,GPFA50,37,full,y,40,1749,0.68346455898564606,0.67984025146614113,3.5758877668179578,3.5960853061121134,-0.0036243075195049324,-0.020197539294155575
perle,GPFA50,37,visible,x,40,988,0.86002496198945844,0.86002496198945844,1.1741023716408177,1.1741023716408177,0,0
perle,GPFA50,37,visible,y,40,988,0.64259901918671325,0.64449171928883842,3.6652649535918966,3.6478985695633819,0.0018927001021251666,0.017366384028514759
perle,GPFA50,37,hidden,x,40,721,0.8443019456144657,0.8443019456144657,0.90623518632061006,0.90623518632061006,0,0
perle,GPFA50,37,hidden,y,40,721,0.7365650567414449,0.7206471901364887,3.4762177679485182,3.5536190528099132,-0.015917866604956199,-0.07740128486139497
perle,GPFA50,37,bounce,x,11,557,0.94425143456935035,0.94425143456935035,1.2405199674708602,1.2405199674708602,0,0
perle,GPFA50,37,bounce,y,11,557,0.73075230161373339,0.73497666970537689,4.8093254049213376,5.0131661224375863,0.0042243680916435045,-0.20384071751624866
perle,GPFA50,37,no_bounce,x,29,1192,0.96192262720220167,0.96192262720220167,0.96547040027677367,0.96547040027677367,0,0
perle,GPFA50,37,no_bounce,y,29,1192,0.70662641610795229,0.70923132479353268,2.8202918679179882,2.6890496920800806,0.0026049086855803871,0.13124217583790765
perle,GPFA50,37,post_bounce,x,11,306,0.92071101793404853,0.92071101793404853,1.3284848509896103,1.3284848509896103,0,0
perle,GPFA50,37,post_bounce,y,11,306,0.7906266997015674,0.79481528264860746,4.7158778935204504,5.0562961060948597,0.0041885829470400537,-0.3404182125744093
perle,FA50,38,full,x,40,1699,0.9574775982864302,0.9574775982864302,1.1312892636332976,1.1312892636332976,0,0
perle,FA50,38,full,y,40,1699,0.71850908415079318,0.72591404989710806,3.7783993825328421,3.6543357775050889,0.0074049657463148844,0.12406360502775327
perle,FA50,38,visible,x,40,998,0.85622811115171971,0.85622811115171971,1.394146318293803,1.394146318293803,0,0
perle,FA50,38,visible,y,40,998,0.69476283369469538,0.69288247003564163,3.8098097930530308,3.791461981161679,-0.001880363659053752,0.018347811891351817
perle,FA50,38,hidden,x,40,661,0.92284025819663296,0.92284025819663296,0.58171602905808784,0.58171602905808784,0,0
perle,FA50,38,hidden,y,40,661,0.74187183541900037,0.76445178465569374,3.7650057052269581,3.4707816014180994,0.022579949236693375,0.29422410380885866
perle,FA50,38,bounce,x,13,592,0.95736442002977684,0.95736442002977684,1.1580870832372363,1.1580870832372363,0,0
perle,FA50,38,bounce,y,13,592,0.8061002236245226,0.81916324370143567,5.0094692052000429,4.8718402662549902,0.013063020076913068,0.13762893894505268
perle,FA50,38,no_bounce,x,27,1107,0.9576138443188027,0.9576138443188027,1.116694483067638,1.116694483067638,0,0
perle,FA50,38,no_bounce,y,27,1107,0.65532938826594045,0.65857404815198894,2.913899367164579,2.7933520350131182,0.0032446598860484954,0.12054733215146074
perle,FA50,38,post_bounce,x,13,281,0.9687458882109139,0.9687458882109139,0.63839303934299341,0.63839303934299341,0,0
perle,FA50,38,post_bounce,y,13,281,0.83337776992855261,0.86381089121302157,5.1024930107914788,4.7983819469085329,0.030433121284468956,0.30411106388294584
perle,GPFA50,38,full,x,40,1699,0.95917190449079603,0.95917190449079603,1.1069500197552029,1.1069500197552029,0,0
perle,GPFA50,38,full,y,40,1699,0.74323751450778519,0.75044074734909827,3.6859657018464982,3.5615288208168221,0.0072032328413130786,0.12443688102967609
perle,GPFA50,38,visible,x,40,998,0.86077789713208008,0.86077789713208008,1.3690988951573098,1.3690988951573098,0,0
perle,GPFA50,38,visible,y,40,998,0.709969014847597,0.70752630636627856,3.7716447865376828,3.75583558779251,-0.0024427084813184452,0.015809198745172726
perle,GPFA50,38,hidden,x,40,661,0.93080321156876822,0.93080321156876822,0.55069877581246163,0.55069877581246163,0,0
perle,GPFA50,38,hidden,y,40,661,0.77739565876834049,0.80071661122329363,3.5972097025759013,3.2915388781863424,0.023320952454953137,0.30567082438955895
perle,GPFA50,38,bounce,x,13,592,0.95958560834511408,0.95958560834511408,1.1301701489295424,1.1301701489295424,0,0
perle,GPFA50,38,bounce,y,13,592,0.83123638242535347,0.84378821640584767,4.9160628199407608,4.7790648778089038,0.012551833980494198,0.13699794213185701
perle,GPFA50,38,no_bounce,x,27,1107,0.95900207253129466,0.95900207253129466,1.0943302132318578,1.0943302132318578,0,0
perle,GPFA50,38,no_bounce,y,27,1107,0.67940912419552846,0.68228300107036854,2.8156124003294636,2.6932924408085328,0.0028738768748400867,0.12231995952093078
perle,GPFA50,38,post_bounce,x,13,281,0.97217057979567245,0.97217057979567245,0.60470216428696744,0.60470216428696744,0,0
perle,GPFA50,38,post_bounce,y,13,281,0.86208226801984422,0.89167176982411978,4.9574438547915802,4.6479891141377534,0.029589501804275553,0.30945474065382683
perle,FA50,39,full,x,40,1787,0.94920047837026056,0.94920047837026056,1.1516416098271451,1.1516416098271451,0,0
perle,FA50,39,full,y,40,1787,0.7517845751707527,0.74523351648901148,3.4307878761767059,3.4909962391893803,-0.0065510586817412175,-0.060208363012674404
perle,FA50,39,visible,x,40,1017,0.84111893549990191,0.84111893549990191,1.3030873010683333,1.3030873010683333,0,0
perle,FA50,39,visible,y,40,1017,0.70887631597080869,0.70875681091662202,3.5270031781005322,3.5190600456370418,-0.0001195050541866749,0.0079431324634904321
perle,FA50,39,hidden,x,40,730,0.84291065294487544,0.84291065294487544,0.9247545357904835,0.9247545357904835,0,0
perle,FA50,39,hidden,y,40,730,0.79726235701299808,0.78257371937604003,3.3164931182453405,3.4770871448905698,-0.014688637636958046,-0.16059402664522926
perle,FA50,39,bounce,x,13,620,0.94175651487779077,0.94175651487779077,1.2403312873331254,1.2403312873331254,0,0
perle,FA50,39,bounce,y,13,620,0.82804587768469251,0.83014864451020409,4.6182820598909657,4.8233093320074287,0.0021027668255115817,-0.20502727211646299
perle,FA50,39,no_bounce,x,27,1167,0.95417337407157854,0.95417337407157854,1.1016222519519399,1.1016222519519399,0,0
perle,FA50,39,no_bounce,y,27,1167,0.72849519360764758,0.72295987056370903,2.5869370193795955,2.510371429011315,-0.0055353230439385559,0.076565590368280478
perle,FA50,39,post_bounce,x,13,328,0.90723797267213457,0.90723797267213457,1.2062122508061557,1.2062122508061557,0,0
perle,FA50,39,post_bounce,y,13,328,0.88471369382461451,0.88085541623064234,4.2704646417286058,4.6621948466536125,-0.0038582775939721703,-0.39173020492500665
perle,GPFA50,39,full,x,40,1787,0.95043568221273822,0.95043568221273822,1.1371523771336154,1.1371523771336154,0,0
perle,GPFA50,39,full,y,40,1787,0.76843223938385763,0.76208502266805478,3.365961934808769,3.4287133365431748,-0.0063472167158028503,-0.062751401734405743
perle,GPFA50,39,visible,x,40,1017,0.843488205587825,0.843488205587825,1.2941258374244899,1.2941258374244899,0,0
perle,GPFA50,39,visible,y,40,1017,0.71414046604115156,0.7136671107790924,3.5187940303521605,3.5129969719200038,-0.00047335526205916079,0.0057970584321567209
perle,GPFA50,39,hidden,x,40,730,0.84854986514043218,0.84854986514043218,0.89900874218017779,0.89900874218017779,0,0
perle,GPFA50,39,hidden,y,40,730,0.82540582576406174,0.81116851462371831,3.1660355725268605,3.3345095406116885,-0.014237311140343434,-0.16847396808482795
perle,GPFA50,39,bounce,x,13,620,0.94344516788470834,0.94344516788470834,1.2176045566839679,1.2176045566839679,0,0
perle,GPFA50,39,bounce,y,13,620,0.84448775132012488,0.84782856760959346,4.577449912857813,4.7788364600822995,0.0033408162894685844,-0.20138654722448646
perle,GPFA50,39,no_bounce,x,27,1167,0.95502307878575932,0.95502307878575932,1.0920016600420153,1.0920016600420153,0,0
perle,GPFA50,39,no_bounce,y,27,1167,0.74970467938589214,0.74315356918471565,2.4933989751336747,2.4225790886009237,-0.006551110201176491,0.070819886532750953
perle,GPFA50,39,post_bounce,x,13,328,0.90938551152819436,0.90938551152819436,1.1891022001861971,1.1891022001861971,0,0
perle,GPFA50,39,post_bounce,y,13,328,0.90740396627688225,0.90436746852713523,4.1573921195302574,4.5471429097240721,-0.0030364977497470136,-0.38975079019381464
perle,FA50,40,full,x,40,1693,0.95969488301628081,0.95969488301628081,1.0319479287842659,1.0319479287842659,0,0
perle,FA50,40,full,y,40,1693,0.701479365138448,0.69652540886746206,3.532812896646393,3.5168587342074478,-0.0049539562709859375,0.015954162438945207
perle,FA50,40,visible,x,40,976,0.86029213884203248,0.86029213884203248,1.2534547095868613,1.2534547095868613,0,0
perle,FA50,40,visible,y,40,976,0.63081719274750225,0.62627886190306037,3.7963258893524086,3.8173696042761485,-0.0045383308444418846,-0.021043714923739909
perle,FA50,40,hidden,x,40,677,0.90785788057557126,0.90785788057557126,0.61074154554224314,0.61074154554224314,0,0
perle,FA50,40,hidden,y,40,677,0.78564959786173405,0.78425411085537,3.1618863065162151,3.0733533615258688,-0.001395487006364049,0.088532944990346252
perle,FA50,40,bounce,x,9,407,0.96109303192276585,0.96109303192276585,1.2390229493967007,1.2390229493967007,0,0
perle,FA50,40,bounce,y,9,407,0.79380269188910468,0.7935221838312666,5.0000189416659984,5.1199071645074952,-0.0002805080578380803,-0.11988822284149681
perle,FA50,40,no_bounce,x,31,1286,0.96187641068527707,0.96187641068527707,0.9571236916092084,0.9571236916092084,0,0
perle,FA50,40,no_bounce,y,31,1286,0.66504734255121356,0.66087554022469208,2.918656321676397,2.826041164810841,-0.0041718023265214788,0.092615156865555992
perle,FA50,40,post_bounce,x,9,202,0.96937346736693797,0.96937346736693797,0.8841430113832337,0.8841430113832337,0,0
perle,FA50,40,post_bounce,y,9,202,0.8851471510957597,0.88611889367117735,4.4712193921555325,4.7054485040862,0.00097174257541765563,-0.23422911193066742
perle,GPFA50,40,full,x,40,1693,0.96091693070490325,0.96091693070490325,1.0214105645333205,1.0214105645333205,0,0
perle,GPFA50,40,full,y,40,1693,0.72792939587083005,0.72169632509278825,3.4586104061232668,3.4492928019803317,-0.0062330707780418049,0.009317604142935032
perle,GPFA50,40,visible,x,40,976,0.86186480690100076,0.86186480690100076,1.2525082744404901,1.2525082744404901,0,0
perle,GPFA50,40,visible,y,40,976,0.64871621044214089,0.64201857108885751,3.7797762696360171,3.8102254129759388,-0.00669763935328338,-0.030449143339921658
perle,GPFA50,40,hidden,x,40,677,0.91569249593993651,0.91569249593993651,0.56936596296928643,0.56936596296928643,0,0
perle,GPFA50,40,hidden,y,40,677,0.82049541244669189,0.81951670848537572,2.9920496974304625,2.9017559766625212,-0.000978703961316163,0.090293720767941288
perle,GPFA50,40,bounce,x,9,407,0.96144188524688101,0.96144188524688101,1.239062529823465,1.239062529823465,0,0
perle,GPFA50,40,bounce,y,9,407,0.82167260190912483,0.82207554525842164,4.9153702878308163,5.0404863032482181,0.00040294334929680264,-0.1251160154174018
perle,GPFA50,40,no_bounce,x,31,1286,0.96317946377590569,0.96317946377590569,0.9421093068787787,0.9421093068787787,0,0
perle,GPFA50,40,no_bounce,y,31,1286,0.69325766148982704,0.68711515813449286,2.8462643816955437,2.7608439790677282,-0.0061425033553341724,0.085420402627815584
perle,GPFA50,40,post_bounce,x,9,202,0.97156296178817625,0.97156296178817625,0.87121175295074749,0.87121175295074749,0,0
perle,GPFA50,40,post_bounce,y,9,202,0.91050036330379658,0.9142074835196321,4.3469268698496268,4.5811730214988398,0.0037071202158355243,-0.23424615164921292
perle,FA50,41,full,x,40,1612,0.95618403152417308,0.95618403152417308,1.1333779090988356,1.1333779090988356,0,0
perle,FA50,41,full,y,40,1612,0.72503410980073979,0.70742311274437375,3.8746639116978128,3.9383209723447474,-0.01761099705636604,-0.06365706064693466
perle,FA50,41,visible,x,40,934,0.86261133640123666,0.86261133640123666,1.3557059384553838,1.3557059384553838,0,0
perle,FA50,41,visible,y,40,934,0.71067884687233096,0.70095319621855079,3.9894882964341947,4.0100881715123053,-0.0097256506537801712,-0.020599875078110674
perle,FA50,41,hidden,x,40,638,0.85866407905527808,0.85866407905527808,0.72777721028091058,0.72777721028091058,0,0
perle,FA50,41,hidden,y,40,638,0.73438687075076714,0.70203472940945011,3.7165338795830372,3.8525850691823478,-0.032352141341317031,-0.13605118959931062
perle,FA50,41,bounce,x,12,575,0.94599781266173844,0.94599781266173844,1.2623931196474796,1.2623931196474796,0,0
perle,FA50,41,bounce,y,12,575,0.8051575693466605,0.78563124724275313,5.0693617336991048,5.2714319621492267,-0.019526322103907368,-0.2020702284501219
perle,FA50,41,no_bounce,x,28,1037,0.96348495734720574,0.96348495734720574,1.0550637406167807,1.0550637406167807,0,0
perle,FA50,41,no_bounce,y,28,1037,0.68490058712933222,0.67419313584846419,3.0146528380862883,2.9500212818576661,-0.01070745128086803,0.064631556228622156
perle,FA50,41,post_bounce,x,12,313,0.92062305102018027,0.92062305102018027,0.93333886564539725,0.93333886564539725,0,0
perle,FA50,41,post_bounce,y,12,313,0.845289191141815,0.81578638694101002,4.9204010338482282,5.2619982841398043,-0.029502804200804977,-0.34159725029157606
perle,GPFA50,41,full,x,40,1612,0.95705097809841222,0.95705097809841222,1.1326568228623033,1.1326568228623033,0,0
perle,GPFA50,41,full,y,40,1612,0.74679249781513413,0.72896359782520381,3.7963650443603529,3.8625647464175459,-0.017828899989930314,-0.066199702057192944
perle,GPFA50,41,visible,x,40,934,0.86430636096874036,0.86430636096874036,1.3609390332330944,1.3609390332330944,0,0
perle,GPFA50,41,visible,y,40,934,0.72369899957970185,0.71407912851428457,3.9606175871421616,3.9817980416385415,-0.0096198710654172848,-0.021180454496379841
perle,GPFA50,41,hidden,x,40,638,0.86258707585992189,0.86258707585992189,0.71145915727956888,0.71145915727956888,0,0
perle,GPFA50,41,hidden,y,40,638,0.7667943141380108,0.73420269987564823,3.5747401806182917,3.7177140328465721,-0.032591614262362567,-0.14297385222828041
perle,GPFA50,41,bounce,x,12,575,0.94761264777360321,0.94761264777360321,1.2515215922955001,1.2515215922955001,0,0
perle,GPFA50,41,bounce,y,12,575,0.82606895368267408,0.8067271720030661,4.9886951562401967,5.1928541226901466,-0.019341781679607983,-0.20415896644994991
perle,GPFA50,41,no_bounce,x,28,1037,0.96391467148595156,0.96391467148595156,1.0610247693571448,1.0610247693571448,0,0
perle,GPFA50,41,no_bounce,y,28,1037,0.70729943882319302,0.69632879327293062,2.9333151222038141,2.8705242523538956,-0.010970645550262392,0.06279086984991844
perle,GPFA50,41,post_bounce,x,12,313,0.92046976341095144,0.92046976341095144,0.92934636021904704,0.92934636021904704,0,0
perle,GPFA50,41,post_bounce,y,12,313,0.86541673655251228,0.83570369160410796,4.813253311379321,5.1599823364079418,-0.029713044948404321,-0.3467290250286208
perle,FA50,42,full,x,40,1633,0.95957407086219237,0.95957407086219237,1.0036341514883993,1.0036341514883993,0,0
perle,FA50,42,full,y,40,1633,0.73397955129159298,0.7228579067311538,3.8972186433894671,3.9191276398930599,-0.011121644560439181,-0.021908996503592792
perle,FA50,42,visible,x,40,933,0.85545315945453271,0.85545315945453271,1.2243775914241595,1.2243775914241595,0,0
perle,FA50,42,visible,y,40,933,0.7225037268040253,0.71530795542544612,4.0368873783400891,4.0767781093650584,-0.0071957713785791855,-0.039890731024969206
perle,FA50,42,hidden,x,40,660,0.9100070610385993,0.9100070610385993,0.59281113108103056,0.59281113108103056,0,0
perle,FA50,42,hidden,y,40,660,0.74758648916288273,0.72982677280279884,3.7258998405908437,3.7179752962216304,-0.017759716360083888,0.0079245443692133044
perle,FA50,42,bounce,x,14,628,0.96554707540838902,0.96554707540838902,0.93207082040740352,0.93207082040740352,0,0
perle,FA50,42,bounce,y,14,628,0.82502989066450283,0.82093711047622131,4.8665144440070804,4.9924165738935402,-0.0040927801882815196,-0.12590212988645977
perle,FA50,42,no_bounce,x,26,1005,0.955747681024957,0.955747681024957,1.0458693586468539,1.0458693586468539,0,0
perle,FA50,42,no_bounce,y,26,1005,0.67035738740421169,0.66040648000810209,3.1432807149947779,3.0631417652271589,-0.0099509073961095984,0.080138949767619039
perle,FA50,42,post_bounce,x,14,345,0.96273957105803365,0.96273957105803365,0.84245542163209175,0.84245542163209175,0,0
perle,FA50,42,post_bounce,y,14,345,0.87134489464675813,0.87041428719058256,4.6409294331812747,4.8078180790900902,-0.0009306074561755695,-0.16688864590881547
perle,GPFA50,42,full,x,40,1633,0.96092110603807235,0.96092110603807235,0.98800107890553035,0.98800107890553035,0,0
perle,GPFA50,42,full,y,40,1633,0.75189437536927184,0.73978133957051262,3.8329223545111506,3.8558133349366446,-0.01211303579875922,-0.022890980425493979
perle,GPFA50,42,visible,x,40,933,0.85726805567484043,0.85726805567484043,1.2168154876132398,1.2168154876132398,0,0
perle,GPFA50,42,visible,y,40,933,0.73194206104983983,0.72520401478475094,4.0159889068361467,4.0536235289494611,-0.0067380462650888928,-0.037634622113314364
perle,GPFA50,42,hidden,x,40,660,0.9197571630744299,0.9197571630744299,0.55017769162446806,0.55017769162446806,0,0
perle,GPFA50,42,hidden,y,40,660,0.77724806265183688,0.75738078490365135,3.6028655709904838,3.5990575145430355,-0.01986727774818553,0.0038080564474483047
perle,GPFA50,42,bounce,x,14,628,0.96678911350432761,0.96678911350432761,0.91637947134831199,0.91637947134831199,0,0
perle,GPFA50,42,bounce,y,14,628,0.84163486984233216,0.83681075696152485,4.7953912284927309,4.930443667917368,-0.0048241128808073075,-0.13505243942463707
perle,GPFA50,42,no_bounce,x,26,1005,0.95713188604346811,0.95713188604346811,1.03023100086716,1.03023100086716,0,0
perle,GPFA50,42,no_bounce,y,26,1005,0.68874460330786136,0.67904977524528909,3.0825354231570339,2.994534090453767,-0.0096948280625722694,0.088001332703266932
perle,GPFA50,42,post_bounce,x,14,345,0.96608618645217126,0.96608618645217126,0.8170116616900408,0.8170116616900408,0,0
perle,GPFA50,42,post_bounce,y,14,345,0.89322226076427491,0.89191499385111706,4.5095043202501808,4.6898729778694532,-0.0013072669131578563,-0.18036865761927245
perle,FA50,43,full,x,39,1674,0.95930001184718627,0.95930001184718627,1.1298730513655983,1.1298730513655983,0,0
perle,FA50,43,full,y,39,1674,0.68817478273572474,0.68455342338017744,3.8406200408298723,3.8231330062524518,-0.0036213593555473045,0.017487034577420513
perle,FA50,43,visible,x,39,983,0.86165591752438431,0.86165591752438431,1.3950264864508597,1.3950264864508597,0,0
perle,FA50,43,visible,y,39,983,0.64378578219978655,0.64431330600903602,4.004613736477606,3.9909199035167777,0.00052752380924947495,0.013693832960828267
perle,FA50,43,hidden,x,39,652,0.91617631230137808,0.91617631230137808,0.57622798648828888,0.57622798648828888,0,0
perle,FA50,43,hidden,y,39,652,0.74252934874962073,0.73561300791520523,3.5967204991478687,3.5686260968752581,-0.006916340834415502,0.028094402272610619
perle,FA50,43,bounce,x,13,586,0.96260426920042275,0.96260426920042275,1.2377814277616033,1.2377814277616033,0,0
perle,FA50,43,bounce,y,13,586,0.7480772645756637,0.74579660140725701,5.154316785267798,5.228937406140914,-0.0022806631684066936,-0.074620620873115939
perle,FA50,43,no_bounce,x,26,1088,0.95925211960631807,0.95925211960631807,1.0672420442569304,1.0672420442569304,0,0
perle,FA50,43,no_bounce,y,26,1088,0.66728539209368454,0.66614402200688061,2.895841229892794,2.7861059471662721,-0.0011413700868039278,0.10973528272652189
perle,FA50,43,post_bounce,x,13,322,0.9711054688234283,0.9711054688234283,0.92335608561476534,0.92335608561476534,0,0
perle,FA50,43,post_bounce,y,13,322,0.84331965685610577,0.84182121083929751,4.7335667808781476,4.840564279702261,-0.0014984460168082636,-0.10699749882411336
perle,GPFA50,43,full,x,39,1674,0.96057858221297809,0.96057858221297809,1.1158355738732753,1.1158355738732753,0,0
perle,GPFA50,43,full,y,39,1674,0.70906428218936046,0.70683527490269338,3.7756993130949872,3.7542533475965612,-0.002229007286667084,0.021445965498426034
perle,GPFA50,43,visible,x,39,983,0.86466100650689404,0.86466100650689404,1.3845461970315203,1.3845461970315203,0,0
perle,GPFA50,43,visible,y,39,983,0.65201903191796795,0.65197642958508939,4.0058916081075369,3.9944961471826428,-4.2602332878560745e-05,0.011395460924894074
perle,GPFA50,43,hidden,x,39,652,0.92473534330990814,0.92473534330990814,0.5423449076753496,0.5423449076753496,0,0
perle,GPFA50,43,hidden,y,39,652,0.77911612189216428,0.77590777440940784,3.421575456818811,3.3794243410587033,-0.0032083474827564462,0.042151115760107771
perle,GPFA50,43,bounce,x,13,586,0.96420722579893436,0.96420722579893436,1.2228599693000901,1.2228599693000901,0,0
perle,GPFA50,43,bounce,y,13,586,0.76614541925800717,0.76542103231101355,5.1154498096606957,5.1871483201597313,-0.00072438694699361594,-0.071698510499035528
perle,GPFA50,43,no_bounce,x,26,1088,0.96041289170763966,0.96041289170763966,1.0536973336104198,1.0536973336104198,0,0
perle,GPFA50,43,no_bounce,y,26,1088,0.69434948019489784,0.69523480576018037,2.8000195309426141,2.6821239926644642,0.00088532556528253536,0.11789553827814991
perle,GPFA50,43,post_bounce,x,13,322,0.97212692533136547,0.97212692533136547,0.91365378648004159,0.91365378648004159,0,0
perle,GPFA50,43,post_bounce,y,13,322,0.86018068837734263,0.86158811017423398,4.6643475658852527,4.7603617276503885,0.0014074217968913505,-0.096014161765135775
perle,FA50,44,full,x,40,1803,0.95595499016920149,0.95595499016920149,1.0758782907735533,1.0758782907735533,0,0
perle,FA50,44,full,y,40,1803,0.74070601884681964,0.73456064684635491,3.5764285343701641,3.6151123460851906,-0.0061453720004647217,-0.03868381171502655
perle,FA50,44,visible,x,40,1035,0.86218823689677115,0.86218823689677115,1.2345525606801941,1.2345525606801941,0,0
perle,FA50,44,visible,y,40,1035,0.71421307386499355,0.71738300801600874,3.571695998862622,3.5641235524714783,0.0031699341510151857,0.007572446391143739
perle,FA50,44,hidden,x,40,728,0.85536905222867388,0.85536905222867388,0.82424269459841681,0.82424269459841681,0,0
perle,FA50,44,hidden,y,40,728,0.76953740499786061,0.75255956865845075,3.6202648773988946,3.7231650366338953,-0.016977836339409857,-0.10290015923500073
perle,FA50,44,bounce,x,13,667,0.96225905217814123,0.96225905217814123,1.0172759926328343,1.0172759926328343,0,0
perle,FA50,44,bounce,y,13,667,0.83196758691741057,0.83090010821724913,4.5390779018204341,4.6997541970771479,-0.0010674787001614394,-0.16067629525671379
perle,FA50,44,no_bounce,x,27,1136,0.95582408706039923,0.95582408706039923,1.1088443535102539,1.1088443535102539,0,0
perle,FA50,44,no_bounce,y,27,1136,0.67597949120406664,0.66639489024134624,2.8642301686164595,2.7881453811973507,-0.0095846009627204021,0.076084787419108846
perle,FA50,44,post_bounce,x,13,325,0.92877611440079733,0.92877611440079733,1.1133153202029955,1.1133153202029955,0,0
perle,FA50,44,post_bounce,y,13,325,0.84645416480267188,0.84298375798163827,4.5639824044810444,4.8571040699384556,-0.0034704068210336114,-0.29312166545741114
perle,GPFA50,44,full,x,40,1803,0.9572981538709685,0.9572981538709685,1.0607052836528394,1.0607052836528394,0,0
perle,GPFA50,44,full,y,40,1803,0.75351924810988113,0.74777057636083899,3.5324191378223322,3.5743710583090436,-0.0057486717490421446,-0.041951920486711369
perle,GPFA50,44,visible,x,40,1035,0.86527159654485342,0.86527159654485342,1.2278384794095714,1.2278384794095714,0,0
perle,GPFA50,44,visible,y,40,1035,0.71703085606798744,0.7209557719047528,3.5880523684807963,3.5778771371402636,0.0039249158367653525,0.010175231340532775
perle,GPFA50,44,hidden,x,40,728,0.86197252661687429,0.86197252661687429,0.78908271599000646,0.78908271599000646,0,0
perle,GPFA50,44,hidden,y,40,728,0.79332882484227851,0.77642503722566636,3.4857568518357889,3.6040210117222982,-0.016903787616612154,-0.11826415988650929
perle,GPFA50,44,bounce,x,13,667,0.96303927150778568,0.96303927150778568,0.99771810987166287,0.99771810987166287,0,0
perle,GPFA50,44,bounce,y,13,667,0.84443254641480947,0.84552079777841516,4.5299815209521368,4.6828125004936103,0.0010882513636056856,-0.15283097954147351
perle,GPFA50,44,no_bounce,x,27,1136,0.95736725192194749,0.95736725192194749,1.0960027055889205,1.0960027055889205,0,0
perle,GPFA50,44,no_bounce,y,27,1136,0.6920519023826972,0.68078121551064497,2.7849062273040373,2.7206977220552311,-0.011270686872052238,0.064208505248806169
perle,GPFA50,44,post_bounce,x,13,325,0.92959165389681964,0.92959165389681964,1.0972435565840422,1.0972435565840422,0,0
perle,GPFA50,44,post_bounce,y,13,325,0.86335610542822405,0.86229932938049969,4.505775375224454,4.7901304346893836,-0.0010567760477243615,-0.28435505946492956
perle,FA50,45,full,x,40,1714,0.95409378835454239,0.95409378835454239,1.09715470474982,1.09715470474982,0,0
perle,FA50,45,full,y,40,1714,0.68689735188508672,0.68573810238015476,3.5153508664233537,3.4766802317788619,-0.0011592495049319584,0.03867063464449183
perle,FA50,45,visible,x,40,986,0.83755958885317439,0.83755958885317439,1.3557162309404274,1.3557162309404274,0,0
perle,FA50,45,visible,y,40,986,0.68312029153924214,0.67724948539914465,3.8207710907952324,3.8542875256149576,-0.0058708061400974954,-0.033516434819725216
perle,FA50,45,hidden,x,40,688,0.92163569627344044,0.92163569627344044,0.59142767348526182,0.59142767348526182,0,0
perle,FA50,45,hidden,y,40,688,0.69160794335879794,0.70081283068553124,3.0932687181398015,2.9175963177869813,0.009204887326733302,0.17567240035282028
perle,FA50,45,bounce,x,9,421,0.96194752705318876,0.96194752705318876,1.0914575602583181,1.0914575602583181,0,0
perle,FA50,45,bounce,y,9,421,0.82532709311187225,0.82739410416111503,4.6678431595254573,4.6956733496470315,0.002067011049242784,-0.027830190121574283
perle,FA50,45,no_bounce,x,31,1293,0.95243428058787372,0.95243428058787372,1.0990033179407628,1.0990033179407628,0,0
perle,FA50,45,no_bounce,y,31,1293,0.61664314235179529,0.62075934264240562,3.0474484069189369,2.973830941896102,0.0041162002906103279,0.073617465022834949
perle,FA50,45,post_bounce,x,9,278,0.96474809850989673,0.96474809850989673,0.93530440346146615,0.93530440346146615,0,0
perle,FA50,45,post_bounce,y,9,278,0.87147256593791989,0.880027124176328,4.2110671157856201,4.2097701735690647,0.0085545582384081165,0.0012969422165554079
perle,GPFA50,45,full,x,40,1714,0.95561559727261625,0.95561559727261625,1.0805228558702022,1.0805228558702022,0,0
perle,GPFA50,45,full,y,40,1714,0.70324813026202648,0.69947595693949893,3.453758912402467,3.4232918925339488,-0.00377217332252755,0.030467019868518186
perle,GPFA50,45,visible,x,40,986,0.83989972356915854,0.83989972356915854,1.3488144391153238,1.3488144391153238,0,0
perle,GPFA50,45,visible,y,40,986,0.68451731790136294,0.67476648689107188,3.8256868252393597,3.8737783649287421,-0.0097508310102910611,-0.048091539689382401
perle,GPFA50,45,hidden,x,40,688,0.93363367549698062,0.93363367549698062,0.53459476678658979,0.53459476678658979,0,0
perle,GPFA50,45,hidden,y,40,688,0.73637445137646906,0.74798056813049285,2.9144956266940962,2.7244977012940783,0.011606116754023788,0.18999792540001792
perle,GPFA50,45,bounce,x,9,421,0.96352316945123517,0.96352316945123517,1.0754214736329648,1.0754214736329648,0,0
perle,GPFA50,45,bounce,y,9,421,0.84089471014256634,0.84288139792078931,4.5739165522929719,4.6073876520971959,0.001986687778222973,-0.033471099804224025
perle,GPFA50,45,no_bounce,x,31,1293,0.95391794868618884,0.95391794868618884,1.0821786730783014,1.0821786730783014,0,0
perle,GPFA50,45,no_bounce,y,31,1293,0.6297485057431319,0.62965341200308211,3.0000959452483125,2.9364557531688629,-9.5093740049789766e-05,0.063640192079449598
perle,GPFA50,45,post_bounce,x,9,278,0.96735472227860719,0.96735472227860719,0.91963638293845884,0.91963638293845884,0,0
perle,GPFA50,45,post_bounce,y,9,278,0.89119265566956807,0.89860632796155571,4.0855010267142919,4.0968743491020136,0.0074136722919876386,-0.011373322387721707
perle,FA50,46,full,x,39,1648,0.96333431567374017,0.96333431567374017,0.9629190931054763,0.9629190931054763,0,0
perle,FA50,46,full,y,39,1648,0.7340573180008414,0.7162165394773804,3.1366939836464867,3.2114433086948106,-0.017840778523460998,-0.074749325048323989
perle,FA50,46,visible,x,39,947,0.88577104257299066,0.88577104257299066,1.0933940283632764,1.0933940283632764,0,0
perle,FA50,46,visible,y,39,947,0.72140443472067306,0.71438137773240606,3.0591493052427254,3.0895591119661572,-0.0070230569882669958,-0.030409806723431743
perle,FA50,46,hidden,x,39,662,0.8702522958308454,0.8702522958308454,0.75897996287018377,0.75897996287018377,0,0
perle,FA50,46,hidden,y,39,662,0.74526519920515832,0.71041093383871468,3.2928868568895875,3.4250170472304071,-0.034854265366443649,-0.13213019034081963
perle,FA50,46,bounce,x,8,382,0.9642848930476059,0.9642848930476059,0.96406469095831415,0.96406469095831415,0,0
perle,FA50,46,bounce,y,8,382,0.87609308377736306,0.84404716028104809,4.0670877932384659,4.4856946442471548,-0.032045923496314965,-0.41860685100868888
perle,FA50,46,no_bounce,x,31,1266,0.96324696977491753,0.96324696977491753,0.96257315521430753,0.96257315521430753,0,0
perle,FA50,46,no_bounce,y,31,1266,0.6459558987333508,0.64036922250748185,2.7957996879554168,2.711807065168272,-0.0055866762258689473,0.083992622787144811
perle,FA50,46,post_bounce,x,8,171,0.91383533848117893,0.91383533848117893,1.0525609334421899,1.0525609334421899,0,0
perle,FA50,46,post_bounce,y,8,171,0.90428511707579873,0.8528445967100261,3.9946744915587664,4.8102438140452541,-0.051440520365772624,-0.81556932248648772
perle,GPFA50,46,full,x,39,1648,0.96495472947364591,0.96495472947364591,0.9414289933953075,0.9414289933953075,0,0
perle,GPFA50,46,full,y,39,1648,0.76085545794653175,0.74276642238731094,3.0474722642624008,3.1272853457476679,-0.018089035559220812,-0.079813081485267112
perle,GPFA50,46,visible,x,39,947,0.88980636758652887,0.88980636758652887,1.0749898608457857,1.0749898608457857,0,0
perle,GPFA50,46,visible,y,39,947,0.73284584232428018,0.72643357197681369,3.0368454492813424,3.0681738971285775,-0.0064122703474664977,-0.031328447847235097
perle,GPFA50,46,hidden,x,39,662,0.8761217291803215,0.8761217291803215,0.73214461302594813,0.73214461302594813,0,0
perle,GPFA50,46,hidden,y,39,662,0.78992137613971292,0.75415481292478859,3.1110142976228339,3.2569578240586452,-0.03576656321492433,-0.14594352643581132
perle,GPFA50,46,bounce,x,8,382,0.96601854503492768,0.96601854503492768,0.93801207709890899,0.93801207709890899,0,0
perle,GPFA50,46,bounce,y,8,382,0.89117429570537543,0.85903640881811483,4.0004819218472534,4.42658743092111,-0.032137886887260603,-0.42610550907385658
perle,GPFA50,46,no_bounce,x,31,1266,0.9647671966886181,0.9647671966886181,0.94245757312424305,0.94245757312424305,0,0
perle,GPFA50,46,no_bounce,y,31,1266,0.67633506647094288,0.6706497452278638,2.6945100798441262,2.6112122029965739,-0.0056853212430790778,0.083297876847552299
perle,GPFA50,46,post_bounce,x,8,171,0.91856556662736399,0.91856556662736399,1.0196452862400811,1.0196452862400811,0,0
perle,GPFA50,46,post_bounce,y,8,171,0.92681156717958557,0.87579904411647402,3.8137862220831726,4.6565988922514912,-0.051012523063111548,-0.84281267016831851
perle,FA50,47,full,x,40,1706,0.96664929383100007,0.96664929383100007,0.90981988244742151,0.90981988244742151,0,0
perle,FA50,47,full,y,40,1706,0.67308596468202742,0.658544305428864,4.3902713848103883,4.4688124497850961,-0.014541659253163419,-0.078541064974707808
perle,FA50,47,visible,x,40,964,0.87890538425934639,0.87890538425934639,1.0882086756253984,1.0882086756253984,0,0
perle,FA50,47,visible,y,40,964,0.61177913938193196,0.60850339666825193,4.9068566184121609,4.9766890082886057,-0.0032757427136800299,-0.0698323898764448
perle,FA50,47,hidden,x,40,702,0.9190002770265232,0.9190002770265232,0.61109195264191363,0.61109195264191363,0,0
perle,FA50,47,hidden,y,40,702,0.77911281889051376,0.76420382640143836,3.610691355907365,3.7075611319497415,-0.014908992489075401,-0.096869776042376454
perle,FA50,47,bounce,x,13,585,0.97324424641672758,0.97324424641672758,0.8157705818436376,0.8157705818436376,0,0
perle,FA50,47,bounce,y,13,585,0.76992282365861775,0.74957076476996953,5.9143385174132268,6.0933512762330224,-0.020352058888648217,-0.17901275881979561
perle,FA50,47,no_bounce,x,27,1121,0.96340131748307434,0.96340131748307434,0.95523004877905837,0.95523004877905837,0,0
perle,FA50,47,no_bounce,y,27,1121,0.55626541750584724,0.54635350977832486,3.3284809744065647,3.3190287207700826,-0.0099119077275223733,0.0094522536364820553
perle,FA50,47,post_bounce,x,13,300,0.95618842069699905,0.95618842069699905,0.76971931499394786,0.76971931499394786,0,0
perle,FA50,47,post_bounce,y,13,300,0.82873409669811882,0.80493822655348901,5.6882208255819844,5.9531018619190315,-0.023795870144629805,-0.26488103633704707
perle,GPFA50,47,full,x,40,1706,0.96865307074338081,0.96865307074338081,0.87945102861703683,0.87945102861703683,0,0
perle,GPFA50,47,full,y,40,1706,0.69174074766192251,0.67622179817947581,4.3865629234542052,4.4772550940046196,-0.015518949482446698,-0.090692170550414453
perle,GPFA50,47,visible,x,40,964,0.88312768093896543,0.88312768093896543,1.0687132578925622,1.0687132578925622,0,0
perle,GPFA50,47,visible,y,40,964,0.61797937671018877,0.612847792668338,4.9555987057831574,5.0395556830209385,-0.0051315840418507674,-0.083956977237781061
perle,GPFA50,47,hidden,x,40,702,0.93212190403427053,0.93212190403427053,0.54513804825854451,0.54513804825854451,0,0
perle,GPFA50,47,hidden,y,40,702,0.80428984202125364,0.78871353949599432,3.5074898003432264,3.6136330944920556,-0.015576302525259322,-0.10614329414882917
perle,GPFA50,47,bounce,x,13,585,0.97507784040331769,0.97507784040331769,0.78235836965386696,0.78235836965386696,0,0
perle,GPFA50,47,bounce,y,13,585,0.78047957639839605,0.76138823165195413,5.9127740490528273,6.0981485230798551,-0.019091344746441918,-0.18537447402702778
perle,GPFA50,47,no_bounce,x,27,1121,0.96546934685480723,0.96546934685480723,0.92608597329653108,0.92608597329653108,0,0
perle,GPFA50,47,no_bounce,y,27,1121,0.58149757518108214,0.56904472978689546,3.3224851200852399,3.3317223788654715,-0.012452845394186673,-0.0092372587802316275
perle,GPFA50,47,post_bounce,x,13,300,0.95987154417351916,0.95987154417351916,0.73510775105963111,0.73510775105963111,0,0
perle,GPFA50,47,post_bounce,y,13,300,0.85673482153815983,0.83489164955410178,5.636349129452074,5.9091897814927323,-0.021843171984058052,-0.27284065204065833
perle,FA50,48,full,x,39,1696,0.9564145962107472,0.9564145962107472,1.0653757994763606,1.0653757994763606,0,0
perle,FA50,48,full,y,39,1696,0.66313347988931171,0.6486512048676798,3.8904594794536216,3.901411352799979,-0.014482275021631907,-0.010951873346357388
perle,FA50,48,visible,x,39,973,0.85418336680888118,0.85418336680888118,1.2532250986139097,1.2532250986139097,0,0
perle,FA50,48,visible,y,39,973,0.60222220480730937,0.58862146303096241,4.0707418293890125,4.084854177688551,-0.013600741776346958,-0.014112348299538446
perle,FA50,48,hidden,x,39,684,0.87386081003921212,0.87386081003921212,0.75134824572186143,0.75134824572186143,0,0
perle,FA50,48,hidden,y,39,684,0.72668304869248823,0.71250095746136788,3.6503771645022316,3.6566346860998267,-0.014182091231120353,-0.0062575215975950726
perle,FA50,48,bounce,x,11,525,0.94523232799635637,0.94523232799635637,1.2465130749133404,1.2465130749133404,0,0
perle,FA50,48,bounce,y,11,525,0.74828818008030351,0.73832512708703735,5.1630838298261983,5.2674949170733454,-0.0099630529932661638,-0.10441108724714709
perle,FA50,48,no_bounce,x,28,1171,0.96251486765413985,0.96251486765413985,0.97328145133663713,0.97328145133663713,0,0
perle,FA50,48,no_bounce,y,28,1171,0.6247977755857772,0.60474376096828442,3.1575417087771109,3.0992575023283044,-0.020054014617492788,0.058284206448806497
perle,FA50,48,post_bounce,x,11,272,0.93720838966251063,0.93720838966251063,1.1019767595603696,1.1019767595603696,0,0
perle,FA50,48,post_bounce,y,11,272,0.83027449986645085,0.82457654740290998,4.8106212542640892,4.967384747545168,-0.0056979524635408785,-0.15676349328107886
perle,GPFA50,48,full,x,39,1696,0.95790543671526518,0.95790543671526518,1.0479732643788162,1.0479732643788162,0,0
perle,GPFA50,48,full,y,39,1696,0.68458593013921742,0.66893116088597881,3.8158634884865661,3.83201992336621,-0.01565476925323861,-0.016156434879643911
perle,GPFA50,48,visible,x,39,973,0.8578596941652834,0.8578596941652834,1.2391638768114419,1.2391638768114419,0,0
perle,GPFA50,48,visible,y,39,973,0.61492290694773533,0.5994388794765827,4.0353890529452743,4.056933783713653,-0.015484027471152628,-0.021544730768378706
perle,GPFA50,48,hidden,x,39,684,0.88003401698815875,0.88003401698815875,0.72293545775288759,0.72293545775288759,0,0
perle,GPFA50,48,hidden,y,39,684,0.75712464158020454,0.7424479281530425,3.5163600150351964,3.5236672684254655,-0.014676713427162036,-0.0073072533902691639
perle,GPFA50,48,bounce,x,11,525,0.94631419835960207,0.94631419835960207,1.2352050085497408,1.2352050085497408,0,0
perle,GPFA50,48,bounce,y,11,525,0.76846187304166658,0.75767568224022952,5.084675090912687,5.1938043865201129,-0.010786190801437057,-0.1091292956074259
perle,GPFA50,48,no_bounce,x,28,1171,0.96426503473590519,0.96426503473590519,0.9521513924828775,0.9521513924828775,0,0
perle,GPFA50,48,no_bounce,y,28,1171,0.64667919529191431,0.62522636142578736,3.0818374317923061,3.028826883043791,-0.021452833866126952,0.053010548748515074
perle,GPFA50,48,post_bounce,x,11,272,0.93726011560292266,0.93726011560292266,1.097892192609542,1.097892192609542,0,0
perle,GPFA50,48,post_bounce,y,11,272,0.85117689442600897,0.84596350493751626,4.6978008545271601,4.8503372304557439,-0.0052133894884927034,-0.15253637592858382
perle,FA50,49,full,x,40,1783,0.94874901415731672,0.94874901415731672,1.1492375119997682,1.1492375119997682,0,0
perle,FA50,49,full,y,40,1783,0.712007286418046,0.69706979046237771,3.8711269520742935,3.9140340570448933,-0.01493749595566829,-0.042907104970599796
perle,FA50,49,visible,x,40,1020,0.83534436990164285,0.83534436990164285,1.3348050601814305,1.3348050601814305,0,0
perle,FA50,49,visible,y,40,1020,0.68657721217520762,0.68407584868883675,3.9835978247633737,3.9920827909796932,-0.0025013634863708667,-0.0084849662163195561
perle,FA50,49,hidden,x,40,723,0.85719413569721425,0.85719413569721425,0.84634674961840861,0.84634674961840861,0,0
perle,FA50,49,hidden,y,40,723,0.74164862390355113,0.71098741541674149,3.7345598860423501,3.8293777001184965,-0.030661208486809644,-0.094817814076146423
perle,FA50,49,bounce,x,14,668,0.95205259546920995,0.95205259546920995,1.0980972273096583,1.0980972273096583,0,0
perle,FA50,49,bounce,y,14,668,0.79405496597242853,0.78510537488521304,5.2071950410848427,5.3605018929387196,-0.0089495910872154916,-0.15330685185387694
perle,FA50,49,no_bounce,x,26,1115,0.94830496041483803,0.94830496041483803,1.1788135502974955,1.1788135502974955,0,0
perle,FA50,49,no_bounce,y,26,1115,0.68648429220112384,0.67609871460650139,2.778299542124437,2.6986114037220088,-0.010385577594622442,0.079688138402428166
perle,FA50,49,post_bounce,x,14,366,0.92427071497449531,0.92427071497449531,1.0815801270590375,1.0815801270590375,0,0
perle,FA50,49,post_bounce,y,14,366,0.83122920464229721,0.82415167682625656,5.0981527043654609,5.3478014320575173,-0.0070775278160406518,-0.24964872769205648
perle,GPFA50,49,full,x,40,1783,0.94998555211611191,0.94998555211611191,1.1341744449103823,1.1341744449103823,0,0
perle,GPFA50,49,full,y,40,1783,0.72689666903993344,0.71295491745217443,3.8273163204965122,3.8690420411664435,-0.01394175158775901,-0.041725720669931299
perle,GPFA50,49,visible,x,40,1020,0.83774053422905814,0.83774053422905814,1.3305326485099558,1.3305326485099558,0,0
perle,GPFA50,49,visible,y,40,1020,0.69533847159722229,0.69386044975360939,3.9870346306360016,3.9919840325407012,-0.0014780218436128978,-0.0049494019046996129
perle,GPFA50,49,hidden,x,40,723,0.86389260593011985,0.86389260593011985,0.8047267558976583,0.8047267558976583,0,0
perle,GPFA50,49,hidden,y,40,723,0.76656014096889913,0.73786059200192844,3.6191653595650286,3.7181536158292348,-0.028699548966970689,-0.098988256264206154
perle,GPFA50,49,bounce,x,14,668,0.95327360795257232,0.95327360795257232,1.0780867617959813,1.0780867617959813,0,0
perle,GPFA50,49,bounce,y,14,668,0.80661926684090612,0.80006392273085958,5.184236851582642,5.3319344399677995,-0.0065553441100465459,-0.14769758838515745
perle,GPFA50,49,no_bounce,x,26,1115,0.94979624032417886,0.94979624032417886,1.1664856414676974,1.1664856414676974,0,0
perle,GPFA50,49,no_bounce,y,26,1115,0.70682255899781909,0.69532127461164583,2.7060192329447115,2.6278384589412487,-0.011501284386173261,0.078180774003462794
perle,GPFA50,49,post_bounce,x,14,366,0.92621516865167963,0.92621516865167963,1.065236377185991,1.065236377185991,0,0
perle,GPFA50,49,post_bounce,y,14,366,0.8520323184847064,0.84804203758218266,5.0324156864710696,5.2768284821251514,-0.0039902809025237351,-0.2444127956540818
perle,FA50,50,full,x,39,1701,0.9518621803582632,0.9518621803582632,1.1110954320355091,1.1110954320355091,0,0
perle,FA50,50,full,y,39,1701,0.6761544652086231,0.67045657057619423,4.2878436897758947,4.3286200868229532,-0.0056978946324288682,-0.040776397047058488
perle,FA50,50,visible,x,39,962,0.85527796351548768,0.85527796351548768,1.1873257175986911,1.1873257175986911,0,0
perle,FA50,50,visible,y,39,962,0.62966998677593933,0.63214838869727197,4.4300740033056902,4.4323339924749234,0.0024784019213326403,-0.0022599891692332008
perle,FA50,50,hidden,x,39,700,0.80488103702399072,0.80488103702399072,1.0164539231568035,1.0164539231568035,0,0
perle,FA50,50,hidden,y,39,700,0.73056796235320909,0.71220287313445796,4.1014942821104761,4.2003848835498028,-0.018365089218751129,-0.098890601439326709
perle,FA50,50,bounce,x,14,650,0.93647795712989124,0.93647795712989124,1.2688231502833329,1.2688231502833329,0,0
perle,FA50,50,bounce,y,14,650,0.78749824924393785,0.79011481021764352,5.3393028687456434,5.529483018072594,0.0026165609737056617,-0.1901801493269506
perle,FA50,50,no_bounce,x,25,1051,0.96162210529860193,0.96162210529860193,1.0011875974515736,1.0011875974515736,0,0
perle,FA50,50,no_bounce,y,25,1051,0.58437303398472973,0.56860220912662784,3.4821292763398701,3.3786826145389077,-0.015770824858101884,0.1034466618009624
perle,FA50,50,post_bounce,x,14,333,0.90514273486852181,0.90514273486852181,1.3216306775588358,1.3216306775588358,0,0
perle,FA50,50,post_bounce,y,14,333,0.85971966136501454,0.85477235680682651,5.0093783009551931,5.4214212449309107,-0.004947304558188037,-0.41204294397571761
perle,GPFA50,50,full,x,39,1701,0.95323122289626216,0.95323122289626216,1.0962251075965321,1.0962251075965321,0,0
perle,GPFA50,50,full,y,39,1701,0.6894603007520167,0.68349647595465091,4.2516275544270075,4.294544680874564,-0.005963824797365791,-0.04291712644755652
perle,GPFA50,50,visible,x,39,962,0.85856230129979794,0.85856230129979794,1.1725179131749295,1.1725179131749295,0,0
perle,GPFA50,50,visible,y,39,962,0.63078245570337321,0.63306218907850331,4.4451887074506677,4.4482668785347759,0.0022797333751300997,-0.0030781710841081278
perle,GPFA50,50,hidden,x,39,700,0.80900024174781549,0.80900024174781549,0.99950087382325137,0.99950087382325137,0,0
perle,GPFA50,50,hidden,y,39,700,0.75894331244496327,0.74063450962276578,3.9903988842175031,4.0943628534040917,-0.01830880282219749,-0.10396396918658857
perle,GPFA50,50,bounce,x,14,650,0.93748324175462072,0.93748324175462072,1.2551380052878947,1.2551380052878947,0,0
perle,GPFA50,50,bounce,y,14,650,0.80329383749469929,0.80726833340872339,5.2927538660068061,5.4811618650959781,0.003974495914024101,-0.18840799908917205
perle,GPFA50,50,no_bounce,x,25,1051,0.96315756563714305,0.96315756563714305,0.98519797552203492,0.98519797552203492,0,0
perle,GPFA50,50,no_bounce,y,25,1051,0.59513292216868241,0.57744925732104746,3.4540948733957446,3.356930280841858,-0.01768366484763495,0.097164592553886653
perle,GPFA50,50,post_bounce,x,14,333,0.90691555223937692,0.90691555223937692,1.3148927367923633,1.3148927367923633,0,0
perle,GPFA50,50,post_bounce,y,14,333,0.88104882456432043,0.87791473129589392,4.9105911917076543,5.3219457580916361,-0.0031340932684265077,-0.41135456638398171
perle,FA50,51,full,x,39,1627,0.9628886988757922,0.9628886988757922,0.95232560553994561,0.95232560553994561,0,0
perle,FA50,51,full,y,39,1627,0.72694685020509686,0.72009969798905626,3.987521061003668,4.0032798047941291,-0.0068471522160405973,-0.01575874379046116
perle,FA50,51,visible,x,39,929,0.8822044235258435,0.8822044235258435,1.0737278804919963,1.0737278804919963,0,0
perle,FA50,51,visible,y,39,929,0.70896503191278326,0.71036161577633117,4.0721358303574355,4.0562738967310121,0.0013965838635479066,0.015861933626423408
perle,FA50,51,hidden,x,39,659,0.86336126629815335,0.86336126629815335,0.76722427374649727,0.76722427374649727,0,0
perle,FA50,51,hidden,y,39,659,0.76404170329115484,0.74337078534238776,3.8923856861867172,3.954951876501021,-0.020670917948767076,-0.062566190314303771
perle,FA50,51,bounce,x,15,711,0.96024908123491615,0.96024908123491615,1.0142493582329544,1.0142493582329544,0,0
perle,FA50,51,bounce,y,15,711,0.78234802815877158,0.77539286303189858,4.9946282773583706,5.1306755368140537,-0.0069551651268729975,-0.13604725945568319
perle,FA50,51,no_bounce,x,24,916,0.96602551554282445,0.96602551554282445,0.90133240291497152,0.90133240291497152,0,0
perle,FA50,51,no_bounce,y,24,916,0.68492205834857645,0.68879002530636835,2.9797350349344249,2.8343000626383223,0.0038679669577919018,0.14543497229610258
perle,FA50,51,post_bounce,x,15,364,0.92784496285445384,0.92784496285445384,0.99779128803074768,0.99779128803074768,0,0
perle,FA50,51,post_bounce,y,15,364,0.80737335444162095,0.79733360883479198,5.0640679271423874,5.2832703151515776,-0.010039745606828965,-0.21920238800919023
perle,GPFA50,51,full,x,39,1627,0.96526320225706275,0.96526320225706275,0.92221293341129418,0.92221293341129418,0,0
perle,GPFA50,51,full,y,39,1627,0.74850396380549911,0.74254622625230449,3.9207361730477963,3.9355401523302662,-0.0059577375531946197,-0.014803979282469903
perle,GPFA50,51,visible,x,39,929,0.88779134950473115,0.88779134950473115,1.0485286225187662,1.0485286225187662,0,0
perle,GPFA50,51,visible,y,39,929,0.71876911533598487,0.720069945966758,4.0553961282215809,4.040080616787602,0.001300830630773131,0.015315511433978912
perle,GPFA50,51,hidden,x,39,659,0.87355949973290958,0.87355949973290958,0.72621500672257511,0.72621500672257511,0,0
perle,GPFA50,51,hidden,y,39,659,0.7999411555750725,0.78236909269949595,3.7514845289392937,3.8133230975231149,-0.017572062875576555,-0.061838568583821196
perle,GPFA50,51,bounce,x,15,711,0.96313676438639273,0.96313676438639273,0.97815948439209321,0.97815948439209321,0,0
perle,GPFA50,51,bounce,y,15,711,0.80114745910714058,0.79564636551058276,4.9299222321652474,5.0625995811154887,-0.0055010935965578156,-0.1326773489502413
perle,GPFA50,51,no_bounce,x,24,916,0.96787310672314464,0.96787310672314464,0.87632846281045496,0.87632846281045496,0,0
perle,GPFA50,51,no_bounce,y,24,916,0.70809629526803641,0.71159236383127999,2.9050260154061753,2.7598338864496528,0.0034960685632435817,0.14519212895652256
perle,GPFA50,51,post_bounce,x,15,364,0.93275339481243635,0.93275339481243635,0.9627618575579131,0.9627618575579131,0,0
perle,GPFA50,51,post_bounce,y,15,364,0.83871019128830238,0.83064791953126116,4.9433999569008806,5.1585755564916163,-0.0080622717570412172,-0.21517559959073562
perle,FA50,52,full,x,40,1685,0.95235732610612511,0.95235732610612511,1.1559556165924578,1.1559556165924578,0,0
perle,FA50,52,full,y,40,1685,0.66559221819494185,0.65074502815822188,4.0654461938807813,4.0305854072411949,-0.014847190036719971,0.034860786639586472
perle,FA50,52,visible,x,40,975,0.83754970314673405,0.83754970314673405,1.4124799494495939,1.4124799494495939,0,0
perle,FA50,52,visible,y,40,975,0.62535106831412091,0.61275547519931717,4.0845447335396798,4.1000377433695832,-0.012595593114803738,-0.015493009829903315
perle,FA50,52,hidden,x,40,670,0.89751137046518681,0.89751137046518681,0.66071926251545721,0.66071926251545721,0,0
perle,FA50,52,hidden,y,40,670,0.70740312490932544,0.69271468496605859,4.0624152755143212,3.9502962969904596,-0.014688439943266851,0.11211897852386166
perle,FA50,52,bounce,x,12,559,0.95318801208962201,0.95318801208962201,1.2124395102946304,1.2124395102946304,0,0
perle,FA50,52,bounce,y,12,559,0.72948500002826844,0.7136949173103323,5.5151102311580535,5.5626956214753882,-0.015790082717936138,-0.047585390317334664
perle,FA50,52,no_bounce,x,28,1126,0.9527080626168315,0.9527080626168315,1.1268631347450437,1.1268631347450437,0,0
perle,FA50,52,no_bounce,y,28,1126,0.66435781183604048,0.65573599595617782,3.1036907856428413,2.9914628218428896,-0.0086218158798626598,0.1122279637999517
perle,FA50,52,post_bounce,x,12,254,0.93743293069179001,0.93743293069179001,1.0388311617352777,1.0388311617352777,0,0
perle,FA50,52,post_bounce,y,12,254,0.7948022753542493,0.77989307045297485,5.611816763095625,5.6510440042897407,-0.014909204901274453,-0.039227241194115692
perle,GPFA50,52,full,x,40,1685,0.95370912051708512,0.95370912051708512,1.1404525625191988,1.1404525625191988,0,0
perle,GPFA50,52,full,y,40,1685,0.6778479275934689,0.66636548783609018,4.025238776175029,3.9821929060102779,-0.011482439757378726,0.043045870164751143
perle,GPFA50,52,visible,x,40,975,0.83984619173423058,0.83984619173423058,1.400902633091476,1.400902633091476,0,0
perle,GPFA50,52,visible,y,40,975,0.61762973544063715,0.60899932176603666,4.1137151244885812,4.1186722133110001,-0.00863041367460049,-0.0049570888224188536
perle,GPFA50,52,hidden,x,40,670,0.90427236869473204,0.90427236869473204,0.62853388942537458,0.62853388942537458,0,0
perle,GPFA50,52,hidden,y,40,670,0.74143019445080949,0.72966275091738464,3.9272725095827012,3.808812166739969,-0.011767443533424848,0.11846034284273221
perle,GPFA50,52,bounce,x,12,559,0.95536594050400236,0.95536594050400236,1.189803521682413,1.189803521682413,0,0
perle,GPFA50,52,bounce,y,12,559,0.74446847541358852,0.72963270277965209,5.4459039065211901,5.5015043663521652,-0.014835772633936428,-0.055600459830975169
perle,GPFA50,52,no_bounce,x,28,1126,0.9536921903007165,0.9536921903007165,1.115141420632547,1.115141420632547,0,0
perle,GPFA50,52,no_bounce,y,28,1126,0.67188474781540619,0.66854535042738361,3.0858847655159294,2.9503729872674174,-0.0033393973880225802,0.13551177824851202
perle,GPFA50,52,post_bounce,x,12,254,0.94256925981935846,0.94256925981935846,1.0181083260506505,1.0181083260506505,0,0
perle,GPFA50,52,post_bounce,y,12,254,0.81527713228355725,0.80034461076606489,5.4624486943510444,5.516413069966112,-0.014932521517492359,-0.053964375615067617
perle,FA50,53,full,x,40,1734,0.95169446155562842,0.95169446155562842,1.2399537546374733,1.2399537546374733,0,0
perle,FA50,53,full,y,40,1734,0.6821127758783917,0.66482916369550848,3.9562227975271456,3.975964784240698,-0.017283612182883212,-0.019741986713552429
perle,FA50,53,visible,x,40,1011,0.8343649364164698,0.8343649364164698,1.5433586115060383,1.5433586115060383,0,0
perle,FA50,53,visible,y,40,1011,0.62406997385260998,0.61707836982787756,4.1995979621306629,4.2084714955355595,-0.0069916040247324229,-0.0088735334048966052
perle,FA50,53,hidden,x,40,683,0.91183635730877433,0.91183635730877433,0.59953921280671552,0.59953921280671552,0,0
perle,FA50,53,hidden,y,40,683,0.75113788948606408,0.72176456485374429,3.6062482771679822,3.6449139710368499,-0.029373324632319786,-0.038665693868867645
perle,FA50,53,bounce,x,13,595,0.94769691312732496,0.94769691312732496,1.2960777827597783,1.2960777827597783,0,0
perle,FA50,53,bounce,y,13,595,0.76788674560305525,0.75427826034091372,5.2655371238977962,5.4057977047444155,-0.013608485262141534,-0.1402605808466193
perle,FA50,53,no_bounce,x,27,1139,0.95383800631751192,0.95383800631751192,1.2096001888345405,1.2096001888345405,0,0
perle,FA50,53,no_bounce,y,27,1139,0.65134152232651243,0.63994472299001159,3.0568431621493111,2.9666139289275404,-0.01139679933650084,0.090229233221770677
perle,FA50,53,post_bounce,x,13,338,0.96155096046082633,0.96155096046082633,1.0317164280189828,1.0317164280189828,0,0
perle,FA50,53,post_bounce,y,13,338,0.85122329733628299,0.82934285035659794,4.6895612151536472,4.93834249659397,-0.021880446979685053,-0.24878128144032274
perle,GPFA50,53,full,x,40,1734,0.95294048489873084,0.95294048489873084,1.2252171926003346,1.2252171926003346,0,0
perle,GPFA50,53,full,y,40,1734,0.69857358394061775,0.68214659237019748,3.9028121579642536,3.9168579773607406,-0.016426991570420268,-0.014045819396486969
perle,GPFA50,53,visible,x,40,1011,0.83655759649834038,0.83655759649834038,1.5326020461842358,1.5326020461842358,0,0
perle,GPFA50,53,visible,y,40,1011,0.63251862891422395,0.62626305849315944,4.1852684146150176,4.1908395376284222,-0.0062555704210645047,-0.0055711230134045664
perle,GPFA50,53,hidden,x,40,683,0.92122772458869207,0.92122772458869207,0.56379216720850789,0.56379216720850789,0,0
perle,GPFA50,53,hidden,y,40,683,0.7768795889100808,0.74945482989005441,3.4872313500476708,3.5174827338611547,-0.02742475902002639,-0.030251383813483912
perle,GPFA50,53,bounce,x,13,595,0.94926265300784263,0.94926265300784263,1.2788516485149268,1.2788516485149268,0,0
perle,GPFA50,53,bounce,y,13,595,0.78217735239738018,0.7713184204823369,5.2351160580392779,5.3679049504781293,-0.010858931915043279,-0.13278889243885139
perle,GPFA50,53,no_bounce,x,27,1139,0.95493004319162711,0.95493004319162711,1.1962433572897138,1.1962433572897138,0,0
perle,GPFA50,53,no_bounce,y,27,1139,0.67347342656554221,0.66352796152667859,2.9786122045871553,2.8816378784875942,-0.0099454650388636212,0.096974326099561026
perle,GPFA50,53,post_bounce,x,13,338,0.9642842127764687,0.9642842127764687,1.0098845031382253,1.0098845031382253,0,0
perle,GPFA50,53,post_bounce,y,13,338,0.86864939844942046,0.84893297215947683,4.6153243094531575,4.8674249184304124,-0.019716426289943634,-0.25210060897725484
perle,FA50,54,full,x,39,1663,0.95569076122270169,0.95569076122270169,1.1000830186230375,1.1000830186230375,0,0
perle,FA50,54,full,y,39,1663,0.75091857137420681,0.73438851423133222,4.2016382839647868,4.2592720695963564,-0.016530057142874588,-0.057633785631569623
perle,FA50,54,visible,x,39,964,0.8531487962756088,0.8531487962756088,1.3211416697575977,1.3211416697575977,0,0
perle,FA50,54,visible,y,39,964,0.74035535282325149,0.73161622713071206,4.2746940934033004,4.3049679565709891,-0.0087391256925394289,-0.030273863167688653
perle,FA50,54,hidden,x,39,660,0.88541086853817552,0.88541086853817552,0.69729520151339508,0.69729520151339508,0,0
perle,FA50,54,hidden,y,39,660,0.7605778694605434,0.73259967434101447,4.118815447228827,4.2184481014095443,-0.027978195119528926,-0.099632654180717317
perle,FA50,54,bounce,x,14,668,0.95597039729576416,0.95597039729576416,1.0695292115425048,1.0695292115425048,0,0
perle,FA50,54,bounce,y,14,668,0.81698179000596582,0.80282200329442566,5.4375702957561076,5.6194545664915347,-0.014159786711540168,-0.18188427073542712
perle,FA50,54,no_bounce,x,25,995,0.95582426450410241,0.95582426450410241,1.1201280422388764,1.1201280422388764,0,0
perle,FA50,54,no_bounce,y,25,995,0.72050393226929865,0.71012392418417802,3.1073490354528457,3.0200105994357505,-0.010380008085120629,0.087338436017095233
perle,FA50,54,post_bounce,x,14,371,0.94521169725789711,0.94521169725789711,0.87876122001690371,0.87876122001690371,0,0
perle,FA50,54,post_bounce,y,14,371,0.85590644961263074,0.83765567712366906,5.2695194852641576,5.5386167774656583,-0.018250772488961675,-0.26909729220150069
perle,GPFA50,54,full,x,39,1663,0.95702458266616008,0.95702458266616008,1.0851808487725325,1.0851808487725325,0,0
perle,GPFA50,54,full,y,39,1663,0.76694447266781951,0.7504143371589489,4.1466239384944821,4.2048247537003451,-0.016530135508870614,-0.058200815205863066
perle,GPFA50,54,visible,x,39,964,0.8557323086883778,0.8557323086883778,1.3105625990527878,1.3105625990527878,0,0
perle,GPFA50,54,visible,y,39,964,0.74617554698354149,0.73652817999723763,4.2659593250739469,4.3019578598779384,-0.0096473669863038625,-0.035998534803991511
perle,GPFA50,54,hidden,x,39,660,0.89292045253393126,0.89292045253393126,0.66786169276050744,0.66786169276050744,0,0
perle,GPFA50,54,hidden,y,39,660,0.79022984161222887,0.76461306400284279,4.0033623659366713,4.0968290608567504,-0.025616777609386077,-0.093466694920079085
perle,GPFA50,54,bounce,x,14,668,0.95774076869373403,0.95774076869373403,1.0490315979537159,1.0490315979537159,0,0
perle,GPFA50,54,bounce,y,14,668,0.83075371097073203,0.81799250784698785,5.3821064383031629,5.5598628098953959,-0.01276120312374418,-0.17775637159223301
perle,GPFA50,54,no_bounce,x,25,995,0.95676842775551385,0.95676842775551385,1.1087888761900178,1.1087888761900178,0,0
perle,GPFA50,54,no_bounce,y,25,995,0.73698852148232563,0.7248885830580869,3.0480959452081735,2.9660543336465293,-0.012099938424238732,0.082041611561644245
perle,GPFA50,54,post_bounce,x,14,371,0.94912027772682073,0.94912027772682073,0.84963958841760268,0.84963958841760268,0,0
perle,GPFA50,54,post_bounce,y,14,371,0.88099525702491455,0.8651115643306968,5.1384812713479429,5.402243446079666,-0.015883692694217744,-0.26376217473172314
perle,FA50,55,full,x,40,1713,0.95930620422229052,0.95930620422229052,0.99236722264277932,0.99236722264277932,0,0
perle,FA50,55,full,y,40,1713,0.70899131162923268,0.68982227762944837,4.0290071527711149,4.1094433758082962,-0.019169033999784313,-0.080436223037181342
perle,FA50,55,visible,x,40,965,0.86296926547559039,0.86296926547559039,1.1478827804168437,1.1478827804168437,0,0
perle,FA50,55,visible,y,40,965,0.69721513990686901,0.69649576769680754,4.2262966233792749,4.2280478025894821,-0.00071937221006146412,-0.0017511792102071766
perle,FA50,55,hidden,x,40,708,0.87248589699813284,0.87248589699813284,0.75486414209339503,0.75486414209339503,0,0
perle,FA50,55,hidden,y,40,708,0.72067520269898833,0.67274413875072703,3.7615589701216781,3.9619276619159409,-0.047931063948261299,-0.20036869179426287
perle,FA50,55,bounce,x,15,670,0.95484294948497028,0.95484294948497028,1.1032853880044389,1.1032853880044389,0,0
perle,FA50,55,bounce,y,15,670,0.78232725904882294,0.76170775738286622,5.1887826516966147,5.4359534872990904,-0.020619501665956719,-0.24717083560247577
perle,FA50,55,no_bounce,x,25,1043,0.96631824018222212,0.96631824018222212,0.91404299752996054,0.91404299752996054,0,0
perle,FA50,55,no_bounce,y,25,1043,0.62134148812656387,0.61114284322972545,3.0603131114805149,2.9586645058779317,-0.010198644896838416,0.10164860560258315
perle,FA50,55,post_bounce,x,15,374,0.9475609777166395,0.9475609777166395,0.99502073503204724,0.99502073503204724,0,0
perle,FA50,55,post_bounce,y,15,374,0.85507148990279103,0.82143389244079346,4.7465980543776478,5.1917588007354043,-0.03363759746199757,-0.44516074635775649
perle,GPFA50,55,full,x,40,1713,0.96138596732154058,0.96138596732154058,0.96494354951791361,0.96494354951791361,0,0
perle,GPFA50,55,full,y,40,1713,0.72300624997066743,0.70138176281543618,4.0229028024041984,4.1205675611437353,-0.021624487155231242,-0.09766475873953695
perle,GPFA50,55,visible,x,40,965,0.8680326447104818,0.8680326447104818,1.1254857844811639,1.1254857844811639,0,0
perle,GPFA50,55,visible,y,40,965,0.70292952870260472,0.69995687041585775,4.267723494139128,4.2909006733926152,-0.0029726582867469764,-0.023177179253487168
perle,GPFA50,55,hidden,x,40,708,0.88058862403206173,0.88058862403206173,0.71462487040982348,0.71462487040982348,0,0
perle,GPFA50,55,hidden,y,40,708,0.74785238791127695,0.6987083975326478,3.6838116509207834,3.8984879648977935,-0.049143990378629154,-0.21467631397701004
perle,GPFA50,55,bounce,x,15,670,0.95636941923772634,0.95636941923772634,1.0885998729502293,1.0885998729502293,0,0
perle,GPFA50,55,bounce,y,15,670,0.79343097767088133,0.77346014177823508,5.1898850396493144,5.4506214471296532,-0.019970835892646255,-0.26073640748033888
perle,GPFA50,55,no_bounce,x,25,1043,0.96893947294031268,0.96893947294031268,0.87635309006195239,0.87635309006195239,0,0
perle,GPFA50,55,no_bounce,y,25,1043,0.63650746692241134,0.62074587212899635,3.0458892079126567,2.9667290997990219,-0.01576159479341499,0.079160108113634831
perle,GPFA50,55,post_bounce,x,15,374,0.94960902489970234,0.94960902489970234,0.98564118644886156,0.98564118644886156,0,0
perle,GPFA50,55,post_bounce,y,15,374,0.87275459152557788,0.84146914950769192,4.7261671186733025,5.1876747243469294,-0.031285442017885967,-0.46150760567362692
perle,FA50,56,full,x,39,1661,0.95989447194432875,0.95989447194432875,0.99600768489094038,0.99600768489094038,0,0
perle,FA50,56,full,y,39,1661,0.65200765330108656,0.64711973604343487,4.2989167099927723,4.2387030146295555,-0.0048879172576516972,0.060213695363216857
perle,FA50,56,visible,x,39,948,0.85693926875210635,0.85693926875210635,1.1993114353879262,1.1993114353879262,0,0
perle,FA50,56,visible,y,39,948,0.64831914878591179,0.63094780376734994,4.3715170229560263,4.3927971418313581,-0.017371345018561857,-0.021280118875331766
perle,FA50,56,hidden,x,39,674,0.90240622747624522,0.90240622747624522,0.6389284972846907,0.6389284972846907,0,0
perle,FA50,56,hidden,y,39,674,0.6489251993934706,0.67057431901523035,4.2092398947940666,4.02581378148518,0.021649119621759749,0.18342611330888658
perle,FA50,56,bounce,x,16,705,0.96205178537877678,0.96205178537877678,0.99928778125808093,0.99928778125808093,0,0
perle,FA50,56,bounce,y,16,705,0.74193873575009106,0.7419812650308053,5.5342199762389699,5.5461894509156933,4.2529280714243001e-05,-0.01196947467672338
perle,FA50,56,no_bounce,x,23,956,0.95951283595249948,0.95951283595249948,0.99358184822452122,0.99358184822452122,0,0
perle,FA50,56,no_bounce,y,23,956,0.55083209394515664,0.54728784622209214,3.085932128505557,2.9209556503199905,-0.0035442477230644975,0.16497647818556649
perle,FA50,56,post_bounce,x,16,394,0.96021094462014567,0.96021094462014567,0.776034971035646,0.776034971035646,0,0
perle,FA50,56,post_bounce,y,16,394,0.79879606290142346,0.81759068167030613,5.3078900170722036,5.2463693902518935,0.018794618768882665,0.06152062682031012
perle,GPFA50,56,full,x,39,1661,0.96152182752734683,0.96152182752734683,0.97578769308188884,0.97578769308188884,0,0
perle,GPFA50,56,full,y,39,1661,0.67563344135943182,0.67028111532405354,4.2417075988521002,4.1809616947888371,-0.0053523260353782742,0.06074590406326319
perle,GPFA50,56,visible,x,39,948,0.86184905208712992,0.86184905208712992,1.1798155140874782,1.1798155140874782,0,0
perle,GPFA50,56,visible,y,39,948,0.65617868727044426,0.63805214082797734,4.3718706608958238,4.3923729682095827,-0.018126546442466918,-0.020502307313758905
perle,GPFA50,56,hidden,x,39,674,0.90907849583809108,0.90907849583809108,0.61030686830819447,0.61030686830819447,0,0
perle,GPFA50,56,hidden,y,39,674,0.69700322831931183,0.7204407846228722,4.0708957361318063,3.8827628784052042,0.02343755630356037,0.18813285772660215
perle,GPFA50,56,bounce,x,16,705,0.96372832186524848,0.96372832186524848,0.97915342088256718,0.97915342088256718,0,0
perle,GPFA50,56,bounce,y,16,705,0.76794877236902737,0.76803181631549844,5.4671709610551353,5.4789966733975239,8.3043946471073049e-05,-0.011825712342388606
perle,GPFA50,56,no_bounce,x,23,956,0.96113903880483509,0.96113903880483509,0.9732981885607237,0.9732981885607237,0,0
perle,GPFA50,56,no_bounce,y,23,956,0.5686384096379743,0.56443734204224716,3.0361197016194352,2.8694268860969099,-0.0042010675957271371,0.16669281552252535
perle,GPFA50,56,post_bounce,x,16,394,0.96221636986806836,0.96221636986806836,0.760784866425121,0.760784866425121,0,0
perle,GPFA50,56,post_bounce,y,16,394,0.82932506328977074,0.84834961658254693,5.1952672680106735,5.1299083480567376,0.019024553292776192,0.065358919953935946
perle,FA50,57,full,x,40,1717,0.95144874634029164,0.95144874634029164,1.1168175943530059,1.1168175943530059,0,0
perle,FA50,57,full,y,40,1717,0.76124949505182804,0.75836756593861232,3.5260555831421625,3.5956011651669337,-0.0028819291132157199,-0.069545582024771235
perle,FA50,57,visible,x,40,972,0.83530358119709014,0.83530358119709014,1.3202186924173549,1.3202186924173549,0,0
perle,FA50,57,visible,y,40,972,0.73762557869835654,0.74296653209104035,3.8174722812672042,3.8267448048316632,0.0053409533926838115,-0.0092725235644590676
perle,FA50,57,hidden,x,40,705,0.87096851240921846,0.87096851240921846,0.78243905979715744,0.78243905979715744,0,0
perle,FA50,57,hidden,y,40,705,0.79196364945272157,0.77501926280017974,3.1215868793236865,3.2900859213101019,-0.016944386652541832,-0.16849904198641541
perle,FA50,57,bounce,x,14,630,0.95233702080821958,0.95233702080821958,1.1022208517763366,1.1022208517763366,0,0
perle,FA50,57,bounce,y,14,630,0.86356314793563738,0.85833347179288888,4.5358909054014207,4.7515086177719938,-0.0052296761427484961,-0.21561771237057314
perle,FA50,57,no_bounce,x,26,1087,0.95164168565611673,0.95164168565611673,1.12519085357407,1.12519085357407,0,0
perle,FA50,57,no_bounce,y,26,1087,0.66316990413607946,0.66498699218771173,2.7775159726073144,2.7085621092570333,0.0018170880516322763,0.068953863350281086
perle,FA50,57,post_bounce,x,14,371,0.93701845848121146,0.93701845848121146,1.0829975333864934,1.0829975333864934,0,0
perle,FA50,57,post_bounce,y,14,371,0.90168861275743428,0.89040462411455645,4.0699264147249758,4.4442391072385821,-0.011283988642877829,-0.37431269251360622
perle,GPFA50,57,full,x,40,1717,0.95267258528929677,0.95267258528929677,1.1066262586142908,1.1066262586142908,0,0
perle,GPFA50,57,full,y,40,1717,0.77456729778791911,0.77236901767791155,3.477019718299835,3.5468796744169384,-0.0021982801100075555,-0.069859956117103383
perle,GPFA50,57,visible,x,40,972,0.83702503067431466,0.83702503067431466,1.3169597206330133,1.3169597206330133,0,0
perle,GPFA50,57,visible,y,40,972,0.74420331520709948,0.74998829210254425,3.8187236304483618,3.826753585058194,0.0057849768954447711,-0.008029954609832135
perle,GPFA50,57,hidden,x,40,705,0.88058913384040094,0.88058913384040094,0.75399741373131002,0.75399741373131002,0,0
perle,GPFA50,57,hidden,y,40,705,0.81781924710301324,0.8016087738956571,2.9834012174282245,3.1591626770460923,-0.016210473207356135,-0.17576145961786782
perle,GPFA50,57,bounce,x,14,630,0.95313950863321206,0.95313950863321206,1.0964388064618855,1.0964388064618855,0,0
perle,GPFA50,57,bounce,y,14,630,0.87361985659350394,0.86968943912456087,4.5095193879013156,4.717525166720959,-0.0039304174689430704,-0.20800577881964344
perle,GPFA50,57,no_bounce,x,26,1087,0.95301654297914751,0.95301654297914751,1.1124879676020285,1.1124879676020285,0,0
perle,GPFA50,57,no_bounce,y,26,1087,0.68209650138139977,0.68280255016053049,2.7037785260029019,2.6406685498691123,0.00070604877913071906,0.063109976133789658
perle,GPFA50,57,post_bounce,x,14,371,0.93918190028610971,0.93918190028610971,1.0704186977561627,1.0704186977561627,0,0
perle,GPFA50,57,post_bounce,y,14,371,0.91487734601403692,0.9052954149813871,4.0105881102528951,4.3759015808370636,-0.0095819310326498153,-0.36531347058416852
perle,FA50,58,full,x,40,1802,0.94927088349286082,0.94927088349286082,1.1503493149150719,1.1503493149150719,0,0
perle,FA50,58,full,y,40,1802,0.70292558917320336,0.69322156236413679,3.7546883310982331,3.8171543957090912,-0.0097040268090665682,-0.06246606461085813
perle,FA50,58,visible,x,40,1023,0.84199035092229435,0.84199035092229435,1.2853348168866965,1.2853348168866965,0,0
perle,FA50,58,visible,y,40,1023,0.67826671763163837,0.67751221041918608,3.9247236583988543,3.9185654879923617,-0.00075450721245229335,0.0061581704064925802
perle,FA50,58,hidden,x,40,739,0.82312951083904606,0.82312951083904606,0.95893069799504094,0.95893069799504094,0,0
perle,FA50,58,hidden,y,40,739,0.72721717564030852,0.7022908592007393,3.5317617948088103,3.7034369515665886,-0.024926316439569218,-0.17167515675777834
perle,FA50,58,bounce,x,14,662,0.95386918162322487,0.95386918162322487,1.1423270845431859,1.1423270845431859,0,0
perle,FA50,58,bounce,y,14,662,0.83612497670641739,0.83025374563715049,4.8889874835270186,5.0954179010084824,-0.0058712310692669023,-0.20643041748146373
perle,FA50,58,no_bounce,x,26,1140,0.94791973011555197,0.94791973011555197,1.1549822650757751,1.1549822650757751,0,0
perle,FA50,58,no_bounce,y,26,1140,0.59157719681570597,0.58122800546124809,2.8989973949016821,2.8204530908109389,-0.010349191354457887,0.0785443040907432
perle,FA50,58,post_bounce,x,14,374,0.90908354613498732,0.90908354613498732,1.1181727195717082,1.1181727195717082,0,0
perle,FA50,58,post_bounce,y,14,374,0.87328097534606386,0.86375624362780901,4.7124297258851966,5.080067509902972,-0.009524731718254853,-0.36763778401777536
perle,GPFA50,58,full,x,40,1802,0.95150694578225636,0.95150694578225636,1.1208733165116056,1.1208733165116056,0,0
perle,GPFA50,58,full,y,40,1802,0.72770811388684331,0.71648983863968141,3.6767625396844013,3.746129821539895,-0.011218275247161902,-0.06936728185549379
perle,GPFA50,58,visible,x,40,1023,0.84958514209112601,0.84958514209112601,1.2521056320980748,1.2521056320980748,0,0
perle,GPFA50,58,visible,y,40,1023,0.69446248326350701,0.69278842591422019,3.887789727938443,3.8852489007486986,-0.0016740573492868283,0.0025408271897444656
perle,GPFA50,58,hidden,x,40,739,0.82894240661467355,0.82894240661467355,0.93570361550268233,0.93570361550268233,0,0
perle,GPFA50,58,hidden,y,40,739,0.76355133461155822,0.73658334064717479,3.3957749867608005,3.5809814361314496,-0.02696799396438343,-0.18520644937064912
perle,GPFA50,58,bounce,x,14,662,0.95531179811826128,0.95531179811826128,1.1167222947659288,1.1167222947659288,0,0
perle,GPFA50,58,bounce,y,14,662,0.8578840139345747,0.85057189978977787,4.8086200618011183,5.0263655678413564,-0.0073121141447968219,-0.21774550604023801
perle,GPFA50,58,no_bounce,x,26,1140,0.95058628875437567,0.95058628875437567,1.123276781760439,1.123276781760439,0,0
perle,GPFA50,58,no_bounce,y,26,1140,0.6152216569159189,0.6045613217850706,2.8180456632177364,2.7407493989091636,-0.010660335130848297,0.077296264308572837
perle,GPFA50,58,post_bounce,x,14,374,0.91304103688487859,0.91304103688487859,1.0914777774664559,1.0914777774664559,0,0
perle,GPFA50,58,post_bounce,y,14,374,0.90259164120631441,0.89022723056538844,4.5686913574306267,4.9585774763227599,-0.012364410640925971,-0.3898861188921332
perle,FA50,59,full,x,40,1696,0.95338601144619939,0.95338601144619939,1.0695268783647682,1.0695268783647682,0,0
perle,FA50,59,full,y,40,1696,0.73109033335105678,0.71945546251396242,3.9285721897741963,3.9785460971728224,-0.011634870837094358,-0.049973907398626061
perle,FA50,59,visible,x,40,964,0.85682029319566655,0.85682029319566655,1.1946779378736787,1.1946779378736787,0,0
perle,FA50,59,visible,y,40,964,0.71232517064378531,0.70839789590074842,4.1075525638596755,4.1070024148672539,-0.0039272747430368904,0.0005501489924215619
perle,FA50,59,hidden,x,40,692,0.83900641271573384,0.83900641271573384,0.89024124352441503,0.89024124352441503,0,0
perle,FA50,59,hidden,y,40,692,0.75244210371588438,0.72829486906510676,3.6852752470449919,3.8181022716447219,-0.024147234650777616,-0.13282702459973006
perle,FA50,59,bounce,x,15,711,0.94269904143737226,0.94269904143737226,1.2271736972464837,1.2271736972464837,0,0
perle,FA50,59,bounce,y,15,711,0.79172519385030204,0.77978173416712881,5.1225846679082441,5.3067462378999117,-0.01194345968317323,-0.18416156999166766
perle,FA50,59,no_bounce,x,25,985,0.96372655093513238,0.96372655093513238,0.93943465377730206,0.93943465377730206,0,0
perle,FA50,59,no_bounce,y,25,985,0.71062480528633876,0.71054620762568121,2.7627432775260048,2.6318679569883359,-7.8597660657542257e-05,0.13087532053766893
perle,FA50,59,post_bounce,x,15,420,0.91492394227818985,0.91492394227818985,1.102591904663649,1.102591904663649,0,0
perle,FA50,59,post_bounce,y,15,420,0.84985231403635708,0.83175858479373299,4.7866011769089489,5.0868930070267373,-0.01809372924262409,-0.30029183011778837
perle,GPFA50,59,full,x,40,1696,0.95503776238223126,0.95503776238223126,1.0474384600091611,1.0474384600091611,0,0
perle,GPFA50,59,full,y,40,1696,0.7515282494939578,0.74014192908143228,3.8463284733564236,3.9021335429059816,-0.011386320412525519,-0.055805069549557995
perle,GPFA50,59,visible,x,40,964,0.8628661050215195,0.8628661050215195,1.169820154692393,1.169820154692393,0,0
perle,GPFA50,59,visible,y,40,964,0.72917815028473798,0.72563895370123666,4.0558509701706846,4.0597846552011214,-0.003539196583501325,-0.0039336850304367843
perle,GPFA50,59,hidden,x,40,692,0.8378771282631583,0.8378771282631583,0.87307514370799466,0.87307514370799466,0,0
perle,GPFA50,59,hidden,y,40,692,0.77688296254600764,0.75323660156660777,3.5653414723787531,3.7065170472242124,-0.023646360979399872,-0.14117557484545928
perle,GPFA50,59,bounce,x,15,711,0.9436556168748953,0.9436556168748953,1.2170732213258937,1.2170732213258937,0,0
perle,GPFA50,59,bounce,y,15,711,0.81078736716429667,0.79996041109371463,5.0430267478620285,5.2348142780635696,-0.010826956070582039,-0.19178753020154105
perle,GPFA50,59,no_bounce,x,25,985,0.96606776953511331,0.96606776953511331,0.90545271494487334,0.90545271494487334,0,0
perle,GPFA50,59,no_bounce,y,25,985,0.73427098008513969,0.73494039395184907,2.6674954905430921,2.5371672678230395,0.00066941386670937852,0.13032822272005262
perle,GPFA50,59,post_bounce,x,15,420,0.9127498416334231,0.9127498416334231,1.1090510663637119,1.1090510663637119,0,0
perle,GPFA50,59,post_bounce,y,15,420,0.86615989636761737,0.84935205502497546,4.7152638443728749,5.0235840175523556,-0.016807841342641905,-0.30832017317948068
perle,FA50,60,full,x,39,1791,0.94121411655486686,0.94121411655486686,1.2571844522439555,1.2571844522439555,0,0
perle,FA50,60,full,y,39,1791,0.68700139628561852,0.66791045441998798,3.9539284332886186,3.9341610656487442,-0.01909094186563054,0.019767367639874411
perle,FA50,60,visible,x,39,1012,0.80752219092225486,0.80752219092225486,1.4316399531739372,1.4316399531739372,0,0
perle,FA50,60,visible,y,39,1012,0.67172535866156979,0.6618559614212921,3.8343557095642131,3.8323161896679423,-0.0098693972402776886,0.002039519896270825
perle,FA50,60,hidden,x,39,740,0.85356535350389617,0.85356535350389617,0.99304015723381067,0.99304015723381067,0,0
perle,FA50,60,hidden,y,39,740,0.69426980117155312,0.66301277008218706,4.1371155503705461,4.0969753052207221,-0.031257031089366061,0.040140245149824061
perle,FA50,60,bounce,x,14,680,0.93885343998407222,0.93885343998407222,1.3114081052833468,1.3114081052833468,0,0
perle,FA50,60,bounce,y,14,680,0.72297859220373484,0.70172036025106255,5.3724804842872489,5.4355823750640448,-0.021258231952672291,-0.063101890776795955
perle,FA50,60,no_bounce,x,25,1111,0.94356478208649941,0.94356478208649941,1.2228106139652124,1.2228106139652124,0,0
perle,FA50,60,no_bounce,y,25,1111,0.70361094814103819,0.69755370713344089,2.7451743918624834,2.6205319265224136,-0.0060572410075973027,0.12464246534006973
perle,FA50,60,post_bounce,x,14,317,0.9087618146255505,0.9087618146255505,1.1539383216221901,1.1539383216221901,0,0
perle,FA50,60,post_bounce,y,14,317,0.73513389972761267,0.71947314151716935,5.5612862349147711,5.6145324699504249,-0.015660758210443326,-0.053246235035653733
perle,GPFA50,60,full,x,39,1791,0.94252697408661579,0.94252697408661579,1.2436747115390514,1.2436747115390514,0,0
perle,GPFA50,60,full,y,39,1791,0.70473585368258118,0.68237640455252357,3.9063428485395844,3.894344515642719,-0.022359449130057607,0.01199833289686536
perle,GPFA50,60,visible,x,39,1012,0.81194596001942732,0.81194596001942732,1.4159626751045333,1.4159626751045333,0,0
perle,GPFA50,60,visible,y,39,1012,0.68760172803304254,0.67831484426891897,3.8073185772109341,3.8046249917611443,-0.0092868837641235658,0.0026935854497898148
perle,GPFA50,60,hidden,x,39,740,0.85389045649352735,0.85389045649352735,0.98204013005436952,0.98204013005436952,0,0
perle,GPFA50,60,hidden,y,39,740,0.71427413144657148,0.67697071495157224,4.060640600896801,4.039015787646683,-0.037303416494999242,0.021624813250118002
perle,GPFA50,60,bounce,x,14,680,0.94031470481291901,0.94031470481291901,1.2964573813895752,1.2964573813895752,0,0
perle,GPFA50,60,bounce,y,14,680,0.73507503328731771,0.70754649748163911,5.3459807393716208,5.4237107758354046,-0.0275285358056786,-0.077730036463783847
perle,GPFA50,60,no_bounce,x,25,1111,0.94483632429549202,0.94483632429549202,1.2102333288616882,1.2102333288616882,0,0
perle,GPFA50,60,no_bounce,y,25,1111,0.72795366926609995,0.72164184344048332,2.6658698146113249,2.538426031766349,-0.0063118258256166238,0.12744378284497593
perle,GPFA50,60,post_bounce,x,14,317,0.9102164000427716,0.9102164000427716,1.1431772625964609,1.1431772625964609,0,0
perle,GPFA50,60,post_bounce,y,14,317,0.74764904931811527,0.72095542397006451,5.5209324237811757,5.6058501298835939,-0.026693625348050753,-0.084917706102418222
perle,FA50,61,full,x,40,1740,0.95306768975709133,0.95306768975709133,1.0950580554957776,1.0950580554957776,0,0
perle,FA50,61,full,y,40,1740,0.73182596422337898,0.71321259564259487,3.5641788919434085,3.6223886778100582,-0.018613368580784106,-0.05820978586664971
perle,FA50,61,visible,x,40,988,0.84376682712936402,0.84376682712936402,1.2689955874478749,1.2689955874478749,0,0
perle,FA50,61,visible,y,40,988,0.7190267543782769,0.71290766975639885,3.4352955415857247,3.4472182960297819,-0.0061190846218780459,-0.011922754444057215
perle,FA50,61,hidden,x,40,712,0.85433829239047621,0.85433829239047621,0.82117619338792347,0.82117619338792347,0,0
perle,FA50,61,hidden,y,40,712,0.74057092209171727,0.70723473020771943,3.7720775222441896,3.8889990680977049,-0.033336191883997834,-0.11692154585351533
perle,FA50,61,bounce,x,13,593,0.95176900312118695,0.95176900312118695,1.1301892405654173,1.1301892405654173,0,0
perle,FA50,61,bounce,y,13,593,0.79230306397702444,0.77642906580221249,4.8257517989368157,5.0485404944012666,-0.015873998174811943,-0.2227886954644509
perle,FA50,61,no_bounce,x,27,1147,0.95488382985883025,0.95488382985883025,1.0764456812537693,1.0764456812537693,0,0
perle,FA50,61,no_bounce,y,27,1147,0.705096597246062,0.69479592300982929,2.6890836102522933,2.5939227461559198,-0.01030067423623271,0.095160864096373476
perle,FA50,61,post_bounce,x,13,298,0.93079247799609099,0.93079247799609099,1.0750025540661454,1.0750025540661454,0,0
perle,FA50,61,post_bounce,y,13,298,0.82130172073022212,0.80763793511082638,4.7094872400558181,5.1252868038210755,-0.013663785619395741,-0.4157995637652574
perle,GPFA50,61,full,x,40,1740,0.95451820063221959,0.95451820063221959,1.0766341843840896,1.0766341843840896,0,0
perle,GPFA50,61,full,y,40,1740,0.75027242047086629,0.72873048357406789,3.5014315600817931,3.5716321465968677,-0.021541936896798397,-0.070200586515074548
perle,GPFA50,61,visible,x,40,988,0.84660472702359135,0.84660472702359135,1.256711881429492,1.256711881429492,0,0
perle,GPFA50,61,visible,y,40,988,0.73056365386168731,0.72258815083451144,3.407319190543511,3.4272928426061204,-0.0079755030271758676,-0.019973652062609482
perle,GPFA50,61,hidden,x,40,712,0.86221835752460163,0.86221835752460163,0.78795731419243231,0.78795731419243231,0,0
perle,GPFA50,61,hidden,y,40,712,0.76672474410902647,0.72966116466974251,3.6630939125677298,3.7979652237508508,-0.037063579439283956,-0.13487131118312101
perle,GPFA50,61,bounce,x,13,593,0.95384417212980832,0.95384417212980832,1.1032735593431762,1.1032735593431762,0,0
perle,GPFA50,61,bounce,y,13,593,0.80779329432206859,0.78807226699168442,4.7797952890227711,5.0192075473369817,-0.019721027330384167,-0.23941225831421065
perle,GPFA50,61,no_bounce,x,27,1147,0.95600287090368563,0.95600287090368563,1.0625997426212936,1.0625997426212936,0,0
perle,GPFA50,61,no_bounce,y,27,1147,0.72806705277604089,0.71655083698801991,2.6051553854170795,2.515390852843649,-0.011516215788020978,0.089764532573430422
perle,GPFA50,61,post_bounce,x,13,298,0.93327814239011342,0.93327814239011342,1.0581941688795848,1.0581941688795848,0,0
perle,GPFA50,61,post_bounce,y,13,298,0.84010938089095244,0.82117959031454058,4.6384846241427011,5.0754307069617921,-0.018929790576411865,-0.43694608281909098
perle,FA50,62,full,x,40,1655,0.96294026408822275,0.96294026408822275,0.98936942680765272,0.98936942680765272,0,0
perle,FA50,62,full,y,40,1655,0.66816169963261662,0.65334518230678784,4.7144780262544064,4.7241065472569117,-0.014816517325828782,-0.0096285210025053303
perle,FA50,62,visible,x,40,954,0.86581099004439066,0.86581099004439066,1.2185714745860396,1.2185714745860396,0,0
perle,FA50,62,visible,y,40,954,0.60473488388134999,0.59131463796877914,4.8405643133389491,4.8743263239690737,-0.01342024591257085,-0.033762010630124628
perle,FA50,62,hidden,x,40,661,0.92751652525388439,0.92751652525388439,0.54159482687778482,0.54159482687778482,0,0
perle,FA50,62,hidden,y,40,661,0.74371840312776227,0.73099337380431295,4.5544035244803558,4.5243315753775075,-0.012725029323449322,0.030071949102848272
perle,FA50,62,bounce,x,14,621,0.9556492448642161,0.9556492448642161,1.1699474554324716,1.1699474554324716,0,0
perle,FA50,62,bounce,y,14,621,0.75711585140378701,0.76168649487445061,6.7204579438787331,6.8453262113533286,0.0045706434706636045,-0.12486826747459556
perle,FA50,62,no_bounce,x,26,1034,0.96951790027098994,0.96951790027098994,0.86294292339772027,0.86294292339772027,0,0
perle,FA50,62,no_bounce,y,26,1034,0.68257817492380701,0.67836609671398729,2.9068955112218156,2.7528452741518992,-0.0042120782098197251,0.15405023706991638
perle,FA50,62,post_bounce,x,14,325,0.96412940024986449,0.96412940024986449,0.73272907514138419,0.73272907514138419,0,0
perle,FA50,62,post_bounce,y,14,325,0.80949350829016287,0.82309914569357945,6.5219024246697819,6.694571245461483,0.013605637403416582,-0.17266882079170109
perle,GPFA50,62,full,x,40,1655,0.96426924961386684,0.96426924961386684,0.97180789427679548,0.97180789427679548,0,0
perle,GPFA50,62,full,y,40,1655,0.68291497679951696,0.66721892792480575,4.683271948187949,4.6994918059993873,-0.01569604887471121,-0.01621985781143831
perle,GPFA50,62,visible,x,40,954,0.86792060044180064,0.86792060044180064,1.2084717203311481,1.2084717203311481,0,0
perle,GPFA50,62,visible,y,40,954,0.60277422652062784,0.58713872448087789,4.8783877873550203,4.9199789562928098,-0.015635502039749949,-0.041591168937789469
perle,GPFA50,62,hidden,x,40,661,0.93864693884345207,0.93864693884345207,0.49584197781967099,0.49584197781967099,0,0
perle,GPFA50,62,hidden,y,40,661,0.77596775249899119,0.76466523765250805,4.4171303539170603,4.3902136854905809,-0.011302514846483147,0.02691666842647944
perle,GPFA50,62,bounce,x,14,621,0.95698692975270916,0.95698692975270916,1.1552493070618759,1.1552493070618759,0,0
perle,GPFA50,62,bounce,y,14,621,0.76512354624691004,0.76985920651032391,6.7049472036629627,6.8376284394879532,0.0047356602634138767,-0.13268123582499047
perle,GPFA50,62,no_bounce,x,26,1034,0.97091270647556294,0.97091270647556294,0.8426564783146353,0.8426564783146353,0,0
perle,GPFA50,62,no_bounce,y,26,1034,0.70400250171075629,0.70025154548846902,2.8470524907885268,2.6963207310647301,-0.0037509562222872717,0.15073175972379671
perle,GPFA50,62,post_bounce,x,14,325,0.96755800533657899,0.96755800533657899,0.70492270245663557,0.70492270245663557,0,0
perle,GPFA50,62,post_bounce,y,14,325,0.83233422811937141,0.84725266250893627,6.440024669529441,6.6179513858309686,0.014918434389564861,-0.17792671630152768
perle,FA50,63,full,x,40,1715,0.95878933269654387,0.95878933269654387,1.0393174934637543,1.0393174934637543,0,0
perle,FA50,63,full,y,40,1715,0.67528713438646815,0.66267630128378474,3.8868355234096215,3.8831906853402631,-0.012610833102683405,0.003644838069358336
perle,FA50,63,visible,x,40,991,0.85105695375663548,0.85105695375663548,1.2830997479456063,1.2830997479456063,0,0
perle,FA50,63,visible,y,40,991,0.61750700039308848,0.60371926879988969,4.1542248904862298,4.1968507581343806,-0.013787731593198793,-0.042625867648150795
perle,FA50,63,hidden,x,40,684,0.92773434637811714,0.92773434637811714,0.55559915333308529,0.55559915333308529,0,0
perle,FA50,63,hidden,y,40,684,0.74904045022454013,0.74248180317609391,3.4895310061531557,3.3986910780969257,-0.00655864704844622,0.090839928056229979
perle,FA50,63,bounce,x,13,596,0.9590046008704769,0.9590046008704769,1.2204933593589529,1.2204933593589529,0,0
perle,FA50,63,bounce,y,13,596,0.74666078694118321,0.74191256666023631,5.3973259745057831,5.4652397769548076,-0.0047482202809469021,-0.067913802449024452
perle,FA50,63,no_bounce,x,27,1119,0.96452054983075597,0.96452054983075597,0.92850122514121658,0.92850122514121658,0,0
perle,FA50,63,no_bounce,y,27,1119,0.66871072430845524,0.65497128479263678,2.7637371439115679,2.6836386186951442,-0.013739439515818463,0.080098525216423688
perle,FA50,63,post_bounce,x,13,323,0.9711889674844284,0.9711889674844284,0.89316943218950484,0.89316943218950484,0,0
perle,FA50,63,post_bounce,y,13,323,0.85608533886073879,0.8610786481510867,4.8119614030140276,4.8696976060180299,0.0049933092903479137,-0.057736203004002284
perle,GPFA50,63,full,x,40,1715,0.95964905523752109,0.95964905523752109,1.0296656818490939,1.0296656818490939,0,0
perle,GPFA50,63,full,y,40,1715,0.69045751657116583,0.67662499850394775,3.8416004392383685,3.8393487033918259,-0.01383251806721808,0.0022517358465425907
perle,GPFA50,63,visible,x,40,991,0.85189177367320013,0.85189177367320013,1.2814280550357806,1.2814280550357806,0,0
perle,GPFA50,63,visible,y,40,991,0.6177710295013279,0.60333402541719594,4.167683846510835,4.2095617289631715,-0.014437004084131955,-0.041877882452336479
perle,GPFA50,63,hidden,x,40,684,0.93530584919312021,0.93530584919312021,0.51625519508407636,0.51625519508407636,0,0
perle,GPFA50,63,hidden,y,40,684,0.78094525201469345,0.77305638572484581,3.3497265309533235,3.2603628242867249,-0.0078888662898476403,0.089363706666598652
perle,GPFA50,63,bounce,x,13,596,0.95980324870996581,0.95980324870996581,1.2207802969820889,1.2207802969820889,0,0
perle,GPFA50,63,bounce,y,13,596,0.76134452523166374,0.75387902381757466,5.3616716119408778,5.4354612763406696,-0.0074655014140890819,-0.073789664399791732
perle,GPFA50,63,no_bounce,x,27,1119,0.96571499280638284,0.96571499280638284,0.91166655334501567,0.91166655334501567,0,0
perle,GPFA50,63,no_bounce,y,27,1119,0.68565984265737534,0.67334655272776489,2.7031019654120523,2.6183786664146074,-0.012313289929610449,0.084723298997444907
perle,GPFA50,63,post_bounce,x,13,323,0.9740220804510743,0.9740220804510743,0.887597176211529,0.887597176211529,0,0
perle,GPFA50,63,post_bounce,y,13,323,0.87779621193917146,0.87957595691382029,4.7317213055141245,4.8097243886230947,0.0017797449746488336,-0.078003083108970195
perle,FA50,64,full,x,39,1732,0.94519231530782111,0.94519231530782111,1.2180446282647448,1.2180446282647448,0,0
perle,FA50,64,full,y,39,1732,0.70788194051198827,0.70120805024079669,3.8560593377285231,3.8770592783826308,-0.0066738902711915848,-0.020999940654107707
perle,FA50,64,visible,x,39,965,0.82269962540738772,0.82269962540738772,1.3862423344401891,1.3862423344401891,0,0
perle,FA50,64,visible,y,39,965,0.67813303919895207,0.6681300542342774,3.8700857241616147,3.9010227863768803,-0.010002984964674666,-0.030937062215265598
perle,FA50,64,hidden,x,39,728,0.84284308725795787,0.84284308725795787,0.97593390708352834,0.97593390708352834,0,0
perle,FA50,64,hidden,y,39,728,0.73951893154716875,0.73518405336644865,3.8634913191885816,3.8733664360346549,-0.004334878180720092,-0.0098751168460733396
perle,FA50,64,bounce,x,13,634,0.94600252514837679,0.94600252514837679,1.2732559617094192,1.2732559617094192,0,0
perle,FA50,64,bounce,y,13,634,0.79060447774075349,0.78656736576167985,5.1628687358635892,5.267622721871172,-0.0040371119790736376,-0.10475398600758279
perle,FA50,64,no_bounce,x,26,1098,0.94638229112733685,0.94638229112733685,1.1849939372420781,1.1849939372420781,0,0
perle,FA50,64,no_bounce,y,26,1098,0.66324200983212156,0.65542817277967991,2.8396807606423717,2.772913348255603,-0.0078138370524416523,0.066767412386768754
perle,FA50,64,post_bounce,x,13,299,0.89456365935260562,0.89456365935260562,1.2364213499075978,1.2364213499075978,0,0
perle,FA50,64,post_bounce,y,13,299,0.81066434073203131,0.80927642601973548,5.355681362863578,5.519849303031882,-0.0013879147122958235,-0.16416794016830405
perle,GPFA50,64,full,x,39,1732,0.94734700773728964,0.94734700773728964,1.1958143118200428,1.1958143118200428,0,0
perle,GPFA50,64,full,y,39,1732,0.72310644052816242,0.71653660641935357,3.8026424915025139,3.8241473954509795,-0.0065698341088088474,-0.021504903948465603
perle,GPFA50,64,visible,x,39,965,0.83283181009187368,0.83283181009187368,1.3474349563905907,1.3474349563905907,0,0
perle,GPFA50,64,visible,y,39,965,0.68313836788556559,0.67320918347763836,3.8694643538931208,3.900230577137465,-0.0099291844079272273,-0.030766223244344193
perle,GPFA50,64,hidden,x,39,728,0.83836015589316315,0.83836015589316315,0.98496100664239916,0.98496100664239916,0,0
perle,GPFA50,64,hidden,y,39,728,0.76482726033277593,0.76073519194299943,3.7446484537255533,3.7555255226284996,-0.0040920683897764931,-0.010877068902946263
perle,GPFA50,64,bounce,x,13,634,0.94748316924018028,0.94748316924018028,1.2556222545669911,1.2556222545669911,0,0
perle,GPFA50,64,bounce,y,13,634,0.80847128555355574,0.80516545296820075,5.0959143349412237,5.1988362761705238,-0.0033058325853549952,-0.1029219412293001
perle,GPFA50,64,no_bounce,x,26,1098,0.94875249506668424,0.94875249506668424,1.1598767921506066,1.1598767921506066,0,0
perle,GPFA50,64,no_bounce,y,26,1098,0.67535802268712775,0.66693205811545075,2.7955445839580042,2.7316633559931707,-0.0084259645716769915,0.063881227964833531
perle,GPFA50,64,post_bounce,x,13,299,0.88992363900327409,0.88992363900327409,1.2493393450321004,1.2493393450321004,0,0
perle,GPFA50,64,post_bounce,y,13,299,0.8340115055528784,0.83352769710362007,5.2192957336211014,5.3812227444753695,-0.00048380844925832722,-0.16192701085426808
perle,FA50,65,full,x,40,1812,0.95253182025934791,0.95253182025934791,1.2064372734584599,1.2064372734584599,0,0
perle,FA50,65,full,y,40,1812,0.69225556541525202,0.68221982168519357,3.9884309149090358,3.9898236716732911,-0.010035743730058444,-0.0013927567642553207
perle,FA50,65,visible,x,40,1063,0.85920437698848207,0.85920437698848207,1.4070033001569282,1.4070033001569282,0,0
perle,FA50,65,visible,y,40,1063,0.6617394557330909,0.65975354745342041,3.9982485464213409,3.9725696952149305,-0.0019859082796704897,0.025678851206410336
perle,FA50,65,hidden,x,40,709,0.86022768983884468,0.86022768983884468,0.85409124524631719,0.85409124524631719,0,0
perle,FA50,65,hidden,y,40,709,0.72650523197257122,0.70541577744325235,3.9988221193533926,4.0422525964174927,-0.021089454529318874,-0.043430477064100081
perle,FA50,65,bounce,x,15,707,0.95002867776930366,0.95002867776930366,1.2133649061719918,1.2133649061719918,0,0
perle,FA50,65,bounce,y,15,707,0.77531643468140554,0.77056883514015506,5.1372258652239751,5.2825205997613898,-0.0047475995412504801,-0.1452947345374147
perle,FA50,65,no_bounce,x,25,1105,0.95423528055379914,0.95423528055379914,1.2019838969113263,1.2019838969113263,0,0
perle,FA50,65,no_bounce,y,25,1105,0.62505931962095618,0.61247683587078539,3.0331556565899103,2.8722135350563809,-0.012582483750170792,0.16094212153352938
perle,FA50,65,post_bounce,x,15,381,0.93660828139015628,0.93660828139015628,1.1669051859746815,1.1669051859746815,0,0
perle,FA50,65,post_bounce,y,15,381,0.82925164424657838,0.81929423330897555,4.7637610346852703,5.0403159473103392,-0.0099574109376028286,-0.27655491262506882
perle,GPFA50,65,full,x,40,1812,0.95375628041764227,0.95375628041764227,1.1920055902367401,1.1920055902367401,0,0
perle,GPFA50,65,full,y,40,1812,0.70937393328334897,0.70005209079189434,3.9577019518980845,3.9490625003126203,-0.0093218424914546238,0.0086394515854641973
perle,GPFA50,65,visible,x,40,1063,0.86036473405664482,0.86036473405664482,1.3919152711397438,1.3919152711397438,0,0
perle,GPFA50,65,visible,y,40,1063,0.67157303198731821,0.67110370137601938,3.9983686055561836,3.9596803928699535,-0.00046933061129883491,0.038688212686230017
perle,GPFA50,65,hidden,x,40,709,0.86863432880963409,0.86863432880963409,0.84026938212248281,0.84026938212248281,0,0
perle,GPFA50,65,hidden,y,40,709,0.75376264700079099,0.73144310640473298,3.919214031165791,3.9591104157560686,-0.022319540596058007,-0.039896384590277556
perle,GPFA50,65,bounce,x,15,707,0.95194613782882109,0.95194613782882109,1.1956139231376985,1.1956139231376985,0,0
perle,GPFA50,65,bounce,y,15,707,0.79059868945986422,0.78639906828991335,5.1238359007487029,5.2594594558926921,-0.0041996211699508734,-0.13562355514398927
perle,GPFA50,65,no_bounce,x,25,1105,0.9549702314501689,0.9549702314501689,1.1896911690946601,1.1896911690946601,0,0
perle,GPFA50,65,no_bounce,y,25,1105,0.6484860773163369,0.6379175268663323,2.9811971072036627,2.8061565215582287,-0.010568550450004599,0.17504058564543401
perle,GPFA50,65,post_bounce,x,15,381,0.93985258371474389,0.93985258371474389,1.152051988467959,1.152051988467959,0,0
perle,GPFA50,65,post_bounce,y,15,381,0.8410109574494995,0.83119175708248638,4.7549012444125625,5.0233370409876121,-0.0098192003670131145,-0.26843579657504968
perle,FA50,66,full,x,39,1654,0.96194703734338849,0.96194703734338849,0.97844911939131729,0.97844911939131729,0,0
perle,FA50,66,full,y,39,1654,0.66151311438493432,0.65080415201580555,4.1478331278522838,4.1589989985292286,-0.010708962369128772,-0.011165870676944856
perle,FA50,66,visible,x,39,943,0.86880006653795305,0.86880006653795305,1.1243406057448777,1.1243406057448777,0,0
perle,FA50,66,visible,y,39,943,0.65783853640748502,0.64766543884045791,4.2220935256532242,4.2398738666566178,-0.010173097567027112,-0.017780341003393652
perle,FA50,66,hidden,x,39,672,0.88771852982322141,0.88771852982322141,0.74968604639721792,0.74968604639721792,0,0
perle,FA50,66,hidden,y,39,672,0.67374607880724191,0.66368251096037401,4.059142553231351,4.0633281491220972,-0.010063567846867905,-0.0041855958907461854
perle,FA50,66,bounce,x,15,715,0.95722901355772982,0.95722901355772982,1.0442141209978528,1.0442141209978528,0,0
perle,FA50,66,bounce,y,15,715,0.72409920840773834,0.71633865486899262,5.4263005446652217,5.5075836824740838,-0.0077605535387457181,-0.081283137808862094
perle,FA50,66,no_bounce,x,24,939,0.96623918876328907,0.96623918876328907,0.92524292821202292,0.92524292821202292,0,0
perle,FA50,66,no_bounce,y,24,939,0.67909602189545526,0.67697847501121389,2.8078863772387117,2.7149356576188461,-0.0021175468842413725,0.092950719619865563
perle,FA50,66,post_bounce,x,15,357,0.94351833428260268,0.94351833428260268,0.92288451005796801,0.92288451005796801,0,0
perle,FA50,66,post_bounce,y,15,357,0.75786207991657961,0.75586022597874769,5.5149813081112713,5.614905942751049,-0.0020018539378319211,-0.099924634639777743
perle,GPFA50,66,full,x,39,1654,0.96414147478269474,0.96414147478269474,0.95290875994232871,0.95290875994232871,0,0
perle,GPFA50,66,full,y,39,1654,0.67239216905092503,0.66005610211103927,4.115982473388808,4.132184379569928,-0.012336066939885759,-0.016201906181120052
perle,GPFA50,66,visible,x,39,943,0.87392423630753091,0.87392423630753091,1.1048091835050049,1.1048091835050049,0,0
perle,GPFA50,66,visible,y,39,943,0.66001289490146087,0.64859509742090093,4.2227258027216727,4.2441819819703994,-0.011417797480559932,-0.02145617924872667
perle,GPFA50,66,hidden,x,39,672,0.89738328331155381,0.89738328331155381,0.70700567358752264,0.70700567358752264,0,0
perle,GPFA50,66,hidden,y,39,672,0.69613117445241013,0.68412638731420949,3.988430488663778,3.999980057968576,-0.012004787138200634,-0.011549569304798002
perle,GPFA50,66,bounce,x,15,715,0.95933358860736284,0.95933358860736284,1.0174252257933953,1.0174252257933953,0,0
perle,GPFA50,66,bounce,y,15,715,0.7426628196538414,0.73283410065679155,5.4009384565874763,5.4867370028214255,-0.0098287189970498456,-0.085798546233949224
perle,GPFA50,66,no_bounce,x,24,939,0.96845684100079021,0.96845684100079021,0.90068893811790451,0.90068893811790451,0,0
perle,GPFA50,66,no_bounce,y,24,939,0.69125238866931016,0.68778922778061258,2.7621899824053959,2.6746554867340873,-0.0034631608886975807,0.087534495671308665
perle,GPFA50,66,post_bounce,x,15,357,0.94755182003944005,0.94755182003944005,0.89068336714008278,0.89068336714008278,0,0
perle,GPFA50,66,post_bounce,y,15,357,0.78152111352673737,0.77521578711311412,5.4648888019258184,5.5756478845527733,-0.0063053264136232468,-0.11075908262695489
perle,FA50,67,full,x,39,1701,0.95532790833136927,0.95532790833136927,1.0856865964471059,1.0856865964471059,0,0
perle,FA50,67,full,y,39,1701,0.67487181900144011,0.65285225865688812,4.0350802951832492,4.1288697745374687,-0.022019560344551992,-0.093789479354219552
perle,FA50,67,visible,x,39,976,0.84816635138018026,0.84816635138018026,1.3240847924527168,1.3240847924527168,0,0
perle,FA50,67,visible,y,39,976,0.68115556758784668,0.67903006999102133,4.1935326569629474,4.2084591044715669,-0.0021254975968253431,-0.014926447508619489
perle,FA50,67,hidden,x,39,686,0.8999184878812686,0.8999184878812686,0.64375013010048676,0.64375013010048676,0,0
perle,FA50,67,hidden,y,39,686,0.67289791463942616,0.61968658850068392,3.8415614191156835,4.0591591551655801,-0.053211326138742243,-0.21759773604989663
perle,FA50,67,bounce,x,13,609,0.94709855482292693,0.94709855482292693,1.2093396761556434,1.2093396761556434,0,0
perle,FA50,67,bounce,y,13,609,0.75116695636954323,0.70598731187560659,5.4606012461780722,5.7220629084502805,-0.045179644493936633,-0.26146166227220835
perle,FA50,67,no_bounce,x,26,1092,0.96048042142588774,0.96048042142588774,1.0101730156902491,1.0101730156902491,0,0
perle,FA50,67,no_bounce,y,26,1092,0.65733931378764909,0.66173708612238569,2.9551288496949968,2.8800864734033333,0.0043977723347365938,0.075042376291663437
perle,FA50,67,post_bounce,x,13,336,0.94246093650779983,0.94246093650779983,0.94241141598586564,0.94241141598586564,0,0
perle,FA50,67,post_bounce,y,13,336,0.79246102817521624,0.73076141785915072,5.2368681668290096,5.6526352611864361,-0.061699610316065523,-0.41576709435742654
perle,GPFA50,67,full,x,39,1701,0.95638778460469276,0.95638778460469276,1.0746149303563752,1.0746149303563752,0,0
perle,GPFA50,67,full,y,39,1701,0.69153741826373938,0.66818153984378514,3.9827876901570609,4.0832136325706436,-0.023355878419954235,-0.10042594241358271
perle,GPFA50,67,visible,x,39,976,0.84986120164432666,0.84986120164432666,1.3190989360603975,1.3190989360603975,0,0
perle,GPFA50,67,visible,y,39,976,0.69109219563860991,0.68892802518897245,4.1815168279854067,4.198824770656203,-0.0021641704496374592,-0.017307942670796272
perle,GPFA50,67,hidden,x,39,686,0.90926989926366342,0.90926989926366342,0.61098058529687449,0.61098058529687449,0,0
perle,GPFA50,67,hidden,y,39,686,0.70120870829376902,0.64678964324405985,3.727362995719369,3.9607977609051845,-0.05441906504970917,-0.23343476518581552
perle,GPFA50,67,bounce,x,13,609,0.94831101257786099,0.94831101257786099,1.2023080895605223,1.2023080895605223,0,0
perle,GPFA50,67,bounce,y,13,609,0.7598818416520674,0.71279659884766811,5.4281961487797519,5.6948976021030999,-0.047085242804399297,-0.26670145332334805
perle,GPFA50,67,no_bounce,x,26,1092,0.96159553709091095,0.96159553709091095,0.99631802545165793,0.99631802545165793,0,0
perle,GPFA50,67,no_bounce,y,26,1092,0.67836963874552514,0.68124983092846558,2.8768851047717829,2.8078167567433043,0.0028801921829404442,0.06906834802847861
perle,GPFA50,67,post_bounce,x,13,336,0.94481359990930047,0.94481359990930047,0.93689095821996549,0.93689095821996549,0,0
perle,GPFA50,67,post_bounce,y,13,336,0.80319946063579972,0.7400658222935903,5.1662037381925607,5.5913172442728865,-0.063133638342209419,-0.42511350608032572
perle,FA50,68,full,x,39,1635,0.95557265481255826,0.95557265481255826,1.0569753495183127,1.0569753495183127,0,0
perle,FA50,68,full,y,39,1635,0.75290527124281681,0.73672354039822197,3.6615341518233055,3.7699029685191223,-0.016181730844594844,-0.10836881669581677
perle,FA50,68,visible,x,39,944,0.84747871646641937,0.84747871646641937,1.2509062353887883,1.2509062353887883,0,0
perle,FA50,68,visible,y,39,944,0.73509741112886928,0.72577230797610204,3.7173020753669168,3.7668203496259007,-0.0093251031527672446,-0.049518274258983919
perle,FA50,68,hidden,x,39,652,0.88120253019623884,0.88120253019623884,0.71410186615232663,0.71410186615232663,0,0
perle,FA50,68,hidden,y,39,652,0.77664372721491282,0.75561991701119269,3.6003914243660864,3.7967612357924407,-0.021023810203720128,-0.19636981142635435
perle,FA50,68,bounce,x,14,658,0.9617015190057544,0.9617015190057544,0.98684330810579413,0.98684330810579413,0,0
perle,FA50,68,bounce,y,14,658,0.80304021055484553,0.78473952291623716,4.8221115576888982,5.0631328250707623,-0.018300687638608371,-0.24102126738186413
perle,FA50,68,no_bounce,x,25,977,0.95284116782822881,0.95284116782822881,1.101695549103535,1.101695549103535,0,0
perle,FA50,68,no_bounce,y,25,977,0.74938869330021951,0.7441714911207159,2.6030166906728067,2.5531922953023813,-0.0052172021795036105,0.049824395370425378
perle,FA50,68,post_bounce,x,14,327,0.94091930406113344,0.94091930406113344,0.93828671167649491,0.93828671167649491,0,0
perle,FA50,68,post_bounce,y,14,327,0.83755786484794481,0.81523615988994691,4.7549031929429075,5.1396747945914942,-0.022321704957997901,-0.3847716016485867
perle,GPFA50,68,full,x,39,1635,0.9573175824783241,0.9573175824783241,1.036246210425622,1.036246210425622,0,0
perle,GPFA50,68,full,y,39,1635,0.76803453599323968,0.75123064333327916,3.6007445953731505,3.7144681348210589,-0.016803892659960518,-0.11372353944790836
perle,GPFA50,68,visible,x,39,944,0.85213328128104926,0.85213328128104926,1.2325603030166077,1.2325603030166077,0,0
perle,GPFA50,68,visible,y,39,944,0.73937373890911706,0.73030281950212739,3.7146588979080999,3.7630158078877622,-0.0090709194069896748,-0.048356909979662355
perle,GPFA50,68,hidden,x,39,652,0.88529935665016912,0.88529935665016912,0.68424069537150434,0.68424069537150434,0,0
perle,GPFA50,68,hidden,y,39,652,0.80668290311011859,0.78434937231552027,3.4584391805323214,3.6733578512420957,-0.022333530794598322,-0.21491867070977433
perle,GPFA50,68,bounce,x,14,658,0.96348861387230211,0.96348861387230211,0.96175550053837022,0.96175550053837022,0,0
perle,GPFA50,68,bounce,y,14,658,0.81620907645902796,0.79697303888972182,4.7715461932617123,5.0201620321568541,-0.019236037569306141,-0.24861583889514183
perle,GPFA50,68,no_bounce,x,25,977,0.95445404424997893,0.95445404424997893,1.0835328765186185,1.0835328765186185,0,0
perle,GPFA50,68,no_bounce,y,25,977,0.76788870877968995,0.76285790853675706,2.5226203984661266,2.4731120212747348,-0.005030800242932898,0.049508377191391784
perle,GPFA50,68,post_bounce,x,14,327,0.94420454451013669,0.94420454451013669,0.91481246382879433,0.91481246382879433,0,0
perle,GPFA50,68,post_bounce,y,14,327,0.85386852618690534,0.82880227468499112,4.6685278150905924,5.0692903503826976,-0.025066251501914216,-0.40076253529210515
perle,FA50,69,full,x,40,1741,0.95536182513434842,0.95536182513434842,1.0726139154283951,1.0726139154283951,0,0
perle,FA50,69,full,y,40,1741,0.71966967411332072,0.70788521908530389,3.9439411172964234,4.0252203313015409,-0.011784455028016838,-0.081279214005117506
perle,FA50,69,visible,x,40,1002,0.87010883498927527,0.87010883498927527,1.1982325845459127,1.1982325845459127,0,0
perle,FA50,69,visible,y,40,1002,0.70540634170713357,0.70235246203736967,4.1089890082613394,4.1284773649835778,-0.0030538796697638926,-0.019488356722238365
perle,FA50,69,hidden,x,40,699,0.83256498171601956,0.83256498171601956,0.88674667109689942,0.88674667109689942,0,0
perle,FA50,69,hidden,y,40,699,0.73897647760437246,0.71141855024204004,3.7336084847571378,3.9124646837985404,-0.027557927362332424,-0.1788561990414026
perle,FA50,69,bounce,x,15,701,0.9419923821450733,0.9419923821450733,1.2075292798694457,1.2075292798694457,0,0
perle,FA50,69,bounce,y,15,701,0.79821028465542776,0.77962977195962191,5.0998232911934593,5.3021351674740886,-0.018580512695805851,-0.2023118762806293
perle,FA50,69,no_bounce,x,25,1040,0.96423194062903506,0.96423194062903506,0.97115839067189103,0.97115839067189103,0,0
perle,FA50,69,no_bounce,y,25,1040,0.61761106630235296,0.60618057460341346,2.9169492471416367,2.8590977248876475,-0.011430491698939504,0.057851522253989263
perle,FA50,69,post_bounce,x,15,410,0.91948843162073757,0.91948843162073757,1.2205142066036607,1.2205142066036607,0,0
perle,FA50,69,post_bounce,y,15,410,0.84416506038002792,0.81779522288501594,4.852924261520279,5.1831002286749577,-0.026369837495011983,-0.33017596715467867
perle,GPFA50,69,full,x,40,1741,0.95660584422554062,0.95660584422554062,1.060699658012012,1.060699658012012,0,0
perle,GPFA50,69,full,y,40,1741,0.74164023639708732,0.7289142198811337,3.8703066224338016,3.9589542818883401,-0.01272601651595362,-0.088647659454538452
perle,GPFA50,69,visible,x,40,1002,0.87350083525988731,0.87350083525988731,1.1893610041848472,1.1893610041848472,0,0
perle,GPFA50,69,visible,y,40,1002,0.7240781181614917,0.72067595790390548,4.0617670413192863,4.0834232134100299,-0.0034021602575862175,-0.021656172090743553
perle,GPFA50,69,hidden,x,40,699,0.8359750911406898,0.8359750911406898,0.86758435541075463,0.86758435541075463,0,0
perle,GPFA50,69,hidden,y,40,699,0.76720408517507588,0.73737012381387124,3.6174056259337419,3.8141805318765294,-0.029833961361204642,-0.19677490594278746
perle,GPFA50,69,bounce,x,15,701,0.94294150164775337,0.94294150164775337,1.200700014571602,1.200700014571602,0,0
perle,GPFA50,69,bounce,y,15,701,0.81224564208266115,0.79231855510858995,5.0286359678710379,5.2390360947054244,-0.019927086974071195,-0.21040012683438647
perle,GPFA50,69,no_bounce,x,25,1040,0.96562304286767009,0.96562304286767009,0.95482216728620684,0.95482216728620684,0,0
perle,GPFA50,69,no_bounce,y,25,1040,0.64428687741193236,0.63216528618097823,2.8339633054627087,2.7815586819624638,-0.012121591230954132,0.052404623500244885
perle,GPFA50,69,post_bounce,x,15,410,0.91902787779594708,0.91902787779594708,1.2237595242472379,1.2237595242472379,0,0
perle,GPFA50,69,post_bounce,y,15,410,0.85636190487143493,0.82828017314353641,4.774744462445808,5.1183441189396737,-0.028081731727898518,-0.3435996564938657
perle,FA50,70,full,x,39,1723,0.94842877069798603,0.94842877069798603,1.1662140438212278,1.1662140438212278,0,0
perle,FA50,70,full,y,39,1723,0.7387800267161313,0.73189503225109886,4.2353645723821156,4.3547430207021094,-0.0068849944650324346,-0.11937844831999378
perle,FA50,70,visible,x,39,985,0.83318819498607433,0.83318819498607433,1.369601224323642,1.369601224323642,0,0
perle,FA50,70,visible,y,39,985,0.69787400215174156,0.69992349873563664,4.5212489301601657,4.5504254488347415,0.0020494965838950829,-0.029176518674575824
perle,FA50,70,hidden,x,39,699,0.8622153803064373,0.8622153803064373,0.82669243532356673,0.82669243532356673,0,0
perle,FA50,70,hidden,y,39,699,0.79162347158150281,0.77040145355924372,3.8155445789272866,4.0857684148324092,-0.021222018022259093,-0.27022383590512256
perle,FA50,70,bounce,x,19,897,0.94265974796829144,0.94265974796829144,1.2190443502818116,1.2190443502818116,0,0
perle,FA50,70,bounce,y,19,897,0.80075912944576844,0.79393771106928157,5.1437824025445487,5.3254219529450664,-0.0068214183764868652,-0.18163955040051771
perle,FA50,70,no_bounce,x,20,826,0.95632144782918294,0.95632144782918294,1.1059880460668663,1.1059880460668663,0,0
perle,FA50,70,no_bounce,y,20,826,0.64802021089488338,0.63665776550803588,2.9471620592434631,2.9596924725256177,-0.011362445386847497,-0.012530413282154651
perle,FA50,70,post_bounce,x,19,495,0.93248678636904669,0.93248678636904669,1.06932461933098,1.06932461933098,0,0
perle,FA50,70,post_bounce,y,19,495,0.85892820846791951,0.84489301598734678,4.8137060395051874,5.1320952137711169,-0.014035192480572722,-0.3183891742659295
perle,GPFA50,70,full,x,39,1723,0.94936515317757963,0.94936515317757963,1.1563288127473832,1.1563288127473832,0,0
perle,GPFA50,70,full,y,39,1723,0.75441238141038114,0.74710709469526626,4.1880974170686223,4.3118479742579892,-0.0073052867151148781,-0.12375055718936689
perle,GPFA50,70,visible,x,39,985,0.83530362354352472,0.83530362354352472,1.3621548234772556,1.3621548234772556,0,0
perle,GPFA50,70,visible,y,39,985,0.70836037244238115,0.70969527266901911,4.5147804290810933,4.547385421893912,0.0013349002266379584,-0.032604992812818701
perle,GPFA50,70,hidden,x,39,699,0.86905637330298369,0.86905637330298369,0.80802895688611187,0.80802895688611187,0,0
perle,GPFA50,70,hidden,y,39,699,0.81435974052134696,0.79268443620635731,3.7048715186811232,3.9861032800179124,-0.021675304314989652,-0.28123176133678918
perle,GPFA50,70,bounce,x,19,897,0.94439042860165989,0.94439042860165989,1.2011714125734636,1.2011714125734636,0,0
perle,GPFA50,70,bounce,y,19,897,0.81541834082054132,0.80795588374210703,5.0954138747063675,5.2812657930241542,-0.0074624570784342925,-0.18585191831778669
perle,GPFA50,70,no_bounce,x,20,826,0.95617045104948495,0.95617045104948495,1.1055735514751039,1.1055735514751039,0,0
perle,GPFA50,70,no_bounce,y,20,826,0.66302622278855405,0.65075131652215257,2.8970777347225747,2.9142624450427705,-0.012274906266401486,-0.017184710320195862
perle,GPFA50,70,post_bounce,x,19,495,0.93427374852257472,0.93427374852257472,1.0582335583685796,1.0582335583685796,0,0
perle,GPFA50,70,post_bounce,y,19,495,0.87189983204257782,0.85724943641703033,4.7491143181925333,5.0742210400600802,-0.014650395625547485,-0.32510672186754697
perle,FA50,71,full,x,40,1704,0.9586246421303789,0.9586246421303789,1.0191343709669722,1.0191343709669722,0,0
perle,FA50,71,full,y,40,1704,0.68300989880341512,0.66696133557281345,4.1052292958410828,4.1360827791759185,-0.016048563230601665,-0.03085348333483573
perle,FA50,71,visible,x,40,958,0.84516557305768791,0.84516557305768791,1.2474226299221272,1.2474226299221272,0,0
perle,FA50,71,visible,y,40,958,0.65736856800528165,0.64196178142784477,4.1563735993319462,4.218118189181653,-0.015406786577436882,-0.061744589849706877
perle,FA50,71,hidden,x,40,706,0.91508814177212994,0.91508814177212994,0.61559622249654811,0.61559622249654811,0,0
perle,FA50,71,hidden,y,40,706,0.7078775324090737,0.69163971443871974,4.0640747336887477,4.0512348386671491,-0.016237817970353952,0.012839895021598657
perle,FA50,71,bounce,x,15,684,0.96328557287377214,0.96328557287377214,0.95024709629982052,0.95024709629982052,0,0
perle,FA50,71,bounce,y,15,684,0.74016440917983795,0.72136033536303801,5.6818769039124692,5.7943276516717637,-0.018804073816799938,-0.11245074775929442
perle,FA50,71,no_bounce,x,25,1020,0.95568202909222821,0.95568202909222821,1.0628313295142713,1.0628313295142713,0,0
perle,FA50,71,no_bounce,y,25,1020,0.72292814280594209,0.72344202004974134,2.5505259930963962,2.4626346247795814,0.00051387724379925448,0.087891368316814766
perle,FA50,71,post_bounce,x,15,352,0.96334317966363392,0.96334317966363392,0.68246169173562921,0.68246169173562921,0,0
perle,FA50,71,post_bounce,y,15,352,0.81015180199543335,0.80111288987374518,5.5130727461532549,5.6300041859885992,-0.0090389121216881696,-0.11693143983534426
perle,GPFA50,71,full,x,40,1704,0.96032011618589375,0.96032011618589375,0.99755484657615801,0.99755484657615801,0,0
perle,GPFA50,71,full,y,40,1704,0.71274338093096457,0.69505940733150584,4.0055397550723804,4.046943978272048,-0.017683973599458724,-0.041404223199667634
perle,GPFA50,71,visible,x,40,958,0.84849349476058822,0.84849349476058822,1.2335903854513768,1.2335903854513768,0,0
perle,GPFA50,71,visible,y,40,958,0.6743100879468289,0.65709416075009386,4.1148607383682947,4.1884498097912122,-0.017215927196735037,-0.073589071422917485
perle,GPFA50,71,hidden,x,40,706,0.9257343341721429,0.9257343341721429,0.5676367292130825,0.5676367292130825,0,0
perle,GPFA50,71,hidden,y,40,706,0.75146934763426587,0.7343294554902412,3.8876650910123161,3.8812414305919649,-0.017139892144024671,0.0064236604203511405
perle,GPFA50,71,bounce,x,15,684,0.96476712855935076,0.96476712855935076,0.92869168688469816,0.92869168688469816,0,0
perle,GPFA50,71,bounce,y,15,684,0.77343983841393094,0.75381649307803889,5.5810301446037966,5.7103440601126758,-0.019623345335892051,-0.12931391550887916
perle,GPFA50,71,no_bounce,x,25,1020,0.95758545784821847,0.95758545784821847,1.0411856092893681,1.0411856092893681,0,0
perle,GPFA50,71,no_bounce,y,25,1020,0.7512595163182908,0.75224889615328416,2.4323006864971299,2.3439123170395479,0.00098937983499336468,0.088388369457581994
perle,GPFA50,71,post_bounce,x,15,352,0.9673916865298543,0.9673916865298543,0.64717826198227157,0.64717826198227157,0,0
perle,GPFA50,71,post_bounce,y,15,352,0.85658577066410346,0.84876213012572477,5.3172262151775849,5.4529299686507322,-0.0078236405383786956,-0.13570375347314734
perle,FA50,72,full,x,39,1687,0.95886117387159064,0.95886117387159064,1.1640414029070996,1.1640414029070996,0,0
perle,FA50,72,full,y,39,1687,0.7120554946320532,0.7090340509577594,3.2463750885687435,3.1559943575685607,-0.0030214436742938,0.090380731000182735
perle,FA50,72,visible,x,39,1001,0.85817996337220359,0.85817996337220359,1.4485796015428194,1.4485796015428194,0,0
perle,FA50,72,visible,y,39,1001,0.65824742051020713,0.65200065879484803,3.4347047166316136,3.4380508782411998,-0.0062467617153590949,-0.003346161609586229
perle,FA50,72,hidden,x,39,647,0.92980223941487616,0.92980223941487616,0.51828484552219101,0.51828484552219101,0,0
perle,FA50,72,hidden,y,39,647,0.77625166918191402,0.78767674154999678,2.9828723034807711,2.7148112023748121,0.011425072368082767,0.26806110110595904
perle,FA50,72,bounce,x,8,353,0.96767104433460627,0.96767104433460627,1.2356004652235668,1.2356004652235668,0,0
perle,FA50,72,bounce,y,8,353,0.8603863265853986,0.86706438610639069,4.2388887572761886,4.0809077735346921,0.0066780595209920968,0.15798098374149649
perle,FA50,72,no_bounce,x,31,1334,0.95716615715173592,0.95716615715173592,1.1443571400353632,1.1443571400353632,0,0
perle,FA50,72,no_bounce,y,31,1334,0.64886126222538054,0.63896046732138756,2.9279765033759553,2.8616568254129402,-0.0099007949039929821,0.066319677963015078
perle,FA50,72,post_bounce,x,8,172,0.98066062932371545,0.98066062932371545,0.900444073334975,0.900444073334975,0,0
perle,FA50,72,post_bounce,y,8,172,0.90558259465008684,0.92074273588830491,4.1945866593935852,3.7893486495470694,0.015160141238218072,0.40523800984651581
perle,GPFA50,72,full,x,39,1687,0.96041016987859174,0.96041016987859174,1.1505178293891349,1.1505178293891349,0,0
perle,GPFA50,72,full,y,39,1687,0.72992849162182694,0.72646345653130617,3.1730864649495514,3.0836805067620801,-0.0034650350905207628,0.089405958187471324
perle,GPFA50,72,visible,x,39,1001,0.86087282751851868,0.86087282751851868,1.4419662245341534,1.4419662245341534,0,0
perle,GPFA50,72,visible,y,39,1001,0.6731360648555007,0.66654083548272569,3.39419400740401,3.3989260763730642,-0.0065952293727750133,-0.0047320689690542039
perle,GPFA50,72,hidden,x,39,647,0.94109372727344864,0.94109372727344864,0.46820492690040694,0.46820492690040694,0,0
perle,GPFA50,72,hidden,y,39,647,0.79855336915845276,0.81056072012376967,2.8558717047760385,2.5817546704550298,0.01200735096531691,0.27411703432100865
perle,GPFA50,72,bounce,x,8,353,0.96921398904961176,0.96921398904961176,1.2204058642513729,1.2204058642513729,0,0
perle,GPFA50,72,bounce,y,8,353,0.87259924347203432,0.87866656321844472,4.1700049003745487,4.0167504172340829,0.0060673197464103934,0.15325448314046586
perle,GPFA50,72,no_bounce,x,31,1334,0.9586850711287308,0.9586850711287308,1.1313020536557545,1.1313020536557545,0,0
perle,GPFA50,72,no_bounce,y,31,1334,0.66831857009279583,0.6580140914530489,2.8515528498981051,2.7849489674703816,-0.010304478639746928,0.066603882427723526
perle,GPFA50,72,post_bounce,x,8,172,0.98339452512895387,0.98339452512895387,0.88340467417867508,0.88340467417867508,0,0
perle,GPFA50,72,post_bounce,y,8,172,0.91992553608566785,0.93285675510914201,4.0735222543400056,3.6799494449102856,0.012931219023474161,0.39357280942971995
perle,FA50,73,full,x,40,1766,0.96259854797547995,0.96259854797547995,1.0298034634277302,1.0298034634277302,0,0
perle,FA50,73,full,y,40,1766,0.72211677121894546,0.71467710468674683,3.590102534213456,3.6236799352724209,-0.0074396665321986299,-0.033577401058964895
perle,FA50,73,visible,x,40,1025,0.86944423086792844,0.86944423086792844,1.2669364654883808,1.2669364654883808,0,0
perle,FA50,73,visible,y,40,1025,0.68752292394811765,0.69419110241858195,3.9405599790078001,3.9257953584411434,0.0066681784704643032,0.014764620566656728
perle,FA50,73,hidden,x,40,701,0.92652838168516427,0.92652838168516427,0.55572183746436243,0.55572183746436243,0,0
perle,FA50,73,hidden,y,40,701,0.77474075134481313,0.74626204772373483,3.062270771514441,3.1824455388282589,-0.028478703621078294,-0.12017476731381782
perle,FA50,73,bounce,x,12,522,0.96467544322916676,0.96467544322916676,1.0399868086114679,1.0399868086114679,0,0
perle,FA50,73,bounce,y,12,522,0.81933473701828907,0.8143364099870849,4.9185711756961439,5.1005169728703237,-0.004998327031204175,-0.1819457971741798
perle,FA50,73,no_bounce,x,28,1244,0.96209488983464586,0.96209488983464586,1.0255002695012125,1.0255002695012125,0,0
perle,FA50,73,no_bounce,y,28,1244,0.65749811952317239,0.65192541541644822,2.8540716672651696,2.7793266245904387,-0.0055727041067241689,0.074745042674730922
perle,FA50,73,post_bounce,x,12,297,0.97810568490032102,0.97810568490032102,0.83755933730846166,0.83755933730846166,0,0
perle,FA50,73,post_bounce,y,12,297,0.89528101406589544,0.88063532777063225,4.3628241944074109,4.7453458560784503,-0.014645686295263194,-0.3825216616710394
perle,GPFA50,73,full,x,40,1766,0.96350172213542939,0.96350172213542939,1.0257514191357453,1.0257514191357453,0,0
perle,GPFA50,73,full,y,40,1766,0.74041504395902091,0.73228754572129562,3.5346117006682358,3.5730687101525973,-0.0081274982377252947,-0.038457009484361482
perle,GPFA50,73,visible,x,40,1025,0.87043141188518713,0.87043141188518713,1.2721582401236227,1.2721582401236227,0,0
perle,GPFA50,73,visible,y,40,1025,0.70087676887497929,0.70679471755610424,3.9199760101739103,3.9121972553143647,0.0059179486811249404,0.0077787548595456002
perle,GPFA50,73,hidden,x,40,701,0.93422367024460951,0.93422367024460951,0.51843672697889787,0.51843672697889787,0,0
perle,GPFA50,73,hidden,y,40,701,0.80277738411654065,0.77491203362984173,2.9338713473692066,3.0583430109999279,-0.027865350486698914,-0.12447166363072126
perle,GPFA50,73,bounce,x,12,522,0.96548760856075766,0.96548760856075766,1.0412826894522424,1.0412826894522424,0,0
perle,GPFA50,73,bounce,y,12,522,0.83197994766799055,0.82789558436510868,4.8831309765974762,5.0662458459330022,-0.004084363302881866,-0.18311486933552601
perle,GPFA50,73,no_bounce,x,28,1244,0.96305252368165861,0.96305252368165861,1.0191637854721811,1.0191637854721811,0,0
perle,GPFA50,73,no_bounce,y,28,1244,0.678991391084383,0.6717195171970658,2.7803299805467026,2.7117865301260489,-0.007271873887317204,0.068543450420653684
perle,GPFA50,73,post_bounce,x,12,297,0.98060105097722106,0.98060105097722106,0.82990652255075215,0.82990652255075215,0,0
perle,GPFA50,73,post_bounce,y,12,297,0.90802330703785716,0.89412388447530977,4.3002521289330344,4.6914792593674992,-0.013899422562547392,-0.39122713043446478
perle,FA50,74,full,x,40,1718,0.95471299332970594,0.95471299332970594,1.0593555338172918,1.0593555338172918,0,0
perle,FA50,74,full,y,40,1718,0.72227010737053532,0.71002130196947844,3.6371909144558163,3.7312182857372633,-0.012248805401056884,-0.094027371281447003
perle,FA50,74,visible,x,40,972,0.85703801419234704,0.85703801419234704,1.1958882427195254,1.1958882427195254,0,0
perle,FA50,74,visible,y,40,972,0.68535612029348325,0.68037565561090618,3.7606617714800574,3.7788116614199061,-0.0049804646825770682,-0.018149889939848673
perle,FA50,74,hidden,x,40,706,0.83726620601641488,0.83726620601641488,0.86109963750392715,0.86109963750392715,0,0
perle,FA50,74,hidden,y,40,706,0.76884650354327733,0.74493665285024002,3.4901617293609437,3.6966654467914042,-0.023909850693037304,-0.20650371743046048
perle,FA50,74,bounce,x,14,609,0.94843124773672383,0.94843124773672383,1.1359046456890529,1.1359046456890529,0,0
perle,FA50,74,bounce,y,14,609,0.85017509791875245,0.83796519491034693,4.5289012263530353,4.8410151951825142,-0.01220990300840552,-0.31211396882947895
perle,FA50,74,no_bounce,x,26,1109,0.95916739499207826,0.95916739499207826,1.0148661142294959,1.0148661142294959,0,0
perle,FA50,74,no_bounce,y,26,1109,0.57716942666592363,0.56421857611774062,3.0381592808453832,2.949194524986348,-0.012950850548183013,0.088964755859035183
perle,FA50,74,post_bounce,x,14,337,0.92162858568707717,0.92162858568707717,1.1441006131007723,1.1441006131007723,0,0
perle,FA50,74,post_bounce,y,14,337,0.89775346117085275,0.87822765425887361,4.2049491830497034,4.7716603755529157,-0.019525806911979138,-0.56671119250321222
perle,GPFA50,74,full,x,40,1718,0.95663286858898045,0.95663286858898045,1.034875932529667,1.034875932529667,0,0
perle,GPFA50,74,full,y,40,1718,0.74047945372993695,0.72824960819095519,3.582142050661187,3.6786768046772438,-0.012229845538981765,-0.096534754016056823
perle,GPFA50,74,visible,x,40,972,0.86200150037362788,0.86200150037362788,1.174111223589001,1.174111223589001,0,0
perle,GPFA50,74,visible,y,40,972,0.69024928055881218,0.68479741657409088,3.7647014579577016,3.7840387800874291,-0.0054518639847213057,-0.019337322129727497
perle,GPFA50,74,hidden,x,40,706,0.84510113707197554,0.84510113707197554,0.83039392607531537,0.83039392607531537,0,0
perle,GPFA50,74,hidden,y,40,706,0.80204447083995345,0.77860943071488664,3.3477076874538207,3.5630504832418479,-0.023435040125066808,-0.21534279578802717
perle,GPFA50,74,bounce,x,14,609,0.95080920284437676,0.95080920284437676,1.1060239894879664,1.1060239894879664,0,0
perle,GPFA50,74,bounce,y,14,609,0.86658683574740325,0.85559528929672901,4.4694954411894141,4.7798674614662184,-0.010991546450674239,-0.31037202027680433
perle,GPFA50,74,no_bounce,x,26,1109,0.96081250634425663,0.96081250634425663,0.99364088065678613,0.99364088065678613,0,0
perle,GPFA50,74,no_bounce,y,26,1109,0.5954979558708442,0.58034044958641562,2.9846784865959517,2.9013244581495785,-0.015157506284428579,0.083354028446373185
perle,GPFA50,74,post_bounce,x,14,337,0.92447862514448553,0.92447862514448553,1.1246537052112013,1.1246537052112013,0,0
perle,GPFA50,74,post_bounce,y,14,337,0.91653599829417232,0.89777342016057937,4.0717477135487021,4.6442014564456491,-0.018762578133592944,-0.57245374289694695
perle,FA50,75,full,x,39,1629,0.95856392788267952,0.95856392788267952,1.0306857731033168,1.0306857731033168,0,0
perle,FA50,75,full,y,39,1629,0.72844459479667967,0.72941515154965486,3.2664482730053956,3.2975558655962001,0.0009705567529751935,-0.031107592590804423
perle,FA50,75,visible,x,39,935,0.87271144753482155,0.87271144753482155,1.1701822166589995,1.1701822166589995,0,0
perle,FA50,75,visible,y,39,935,0.69851525191717045,0.70579981578124695,3.4376162397207506,3.4286452418202282,0.0072845638640764987,0.0089709979005223595
perle,FA50,75,hidden,x,39,655,0.84859329273605932,0.84859329273605932,0.81420881862634997,0.81420881862634997,0,0
perle,FA50,75,hidden,y,39,655,0.77799620695142924,0.76871161757299122,3.0518012025361623,3.146497439809655,-0.0092845893784380129,-0.094696237273492745
perle,FA50,75,bounce,x,8,384,0.94579616519750753,0.94579616519750753,1.181406661648551,1.181406661648551,0,0
perle,FA50,75,bounce,y,8,384,0.85101500911144867,0.85036437303231349,4.1881594529212647,4.5081070778105392,-0.00065063607913518062,-0.31994762488927453
perle,FA50,75,no_bounce,x,31,1245,0.96313519115490376,0.96313519115490376,0.97952984765869144,0.97952984765869144,0,0
perle,FA50,75,no_bounce,y,31,1245,0.63530052341961785,0.63270230380292203,2.9241131274917698,2.8212473480319358,-0.0025982196166958182,0.10286577945983399
perle,FA50,75,post_bounce,x,8,219,0.89906809801065113,0.89906809801065113,1.2784979883043457,1.2784979883043457,0,0
perle,FA50,75,post_bounce,y,8,219,0.90811233996150031,0.89798356204098662,3.6876944043723974,4.2940104447569283,-0.010128777920513699,-0.60631604038453091
perle,GPFA50,75,full,x,39,1629,0.96062825265544849,0.96062825265544849,1.0051141062957951,1.0051141062957951,0,0
perle,GPFA50,75,full,y,39,1629,0.75471123002939455,0.75628097373583958,3.1682696932285332,3.203681943107521,0.0015697437064450259,-0.035412249878987723
perle,GPFA50,75,visible,x,39,935,0.87693142150370507,0.87693142150370507,1.15082317759746,1.15082317759746,0,0
perle,GPFA50,75,visible,y,39,935,0.70487874731739253,0.71353907172824749,3.4272746685434696,3.4150002339216572,0.0086603244108549582,0.012274434621812436
perle,GPFA50,75,hidden,x,39,655,0.85941412415907126,0.85941412415907126,0.77713245355527116,0.77713245355527116,0,0
perle,GPFA50,75,hidden,y,39,655,0.82166944125886965,0.81223622455948785,2.8061707531068061,2.9243660182162139,-0.0094332166993817967,-0.11819526510940781
perle,GPFA50,75,bounce,x,8,384,0.94840239991471764,0.94840239991471764,1.1542034085878605,1.1542034085878605,0,0
perle,GPFA50,75,bounce,y,8,384,0.86392134468745529,0.86490774537210624,4.1120621828322781,4.426085860079378,0.00098640068465094544,-0.3140236772470999
perle,GPFA50,75,no_bounce,x,31,1245,0.96505208595504832,0.96505208595504832,0.95444221524425121,0.95444221524425121,0,0
perle,GPFA50,75,no_bounce,y,31,1245,0.66785111921577145,0.66549818884275014,2.8140090367304067,2.7178892575453575,-0.0023529303730213114,0.096119779185049214
perle,GPFA50,75,post_bounce,x,8,219,0.90252878159595018,0.90252878159595018,1.258613566633765,1.258613566633765,0,0
perle,GPFA50,75,post_bounce,y,8,219,0.92745649599017899,0.91899693749040368,3.5460078718120753,4.1522329315106035,-0.0084595584997753104,-0.60622505969852813
perle,FA50,76,full,x,40,1648,0.9592497186237795,0.9592497186237795,1.0010076178101457,1.0010076178101457,0,0
perle,FA50,76,full,y,40,1648,0.78504453801311036,0.78069760919054143,3.7254555931267181,3.8257818115009532,-0.0043469288225689295,-0.10032621837423505
perle,FA50,76,visible,x,40,938,0.87256068955766042,0.87256068955766042,1.1213871174591816,1.1213871174591816,0,0
perle,FA50,76,visible,y,40,938,0.75925142749742991,0.7581948560107461,3.7428865730202414,3.7654983877296431,-0.0010565714866838105,-0.022611814709401656
perle,FA50,76,hidden,x,40,670,0.83535592267652015,0.83535592267652015,0.82599069509459444,0.82599069509459444,0,0
perle,FA50,76,hidden,y,40,670,0.82072591501706438,0.81343746228906066,3.7279501483711308,3.9348329769991177,-0.0072884527280037137,-0.2068828286279869
perle,FA50,76,bounce,x,18,853,0.95373534151642481,0.95373534151642481,1.0811185954498028,1.0811185954498028,0,0
perle,FA50,76,bounce,y,18,853,0.83366092356593802,0.83326777763651727,4.574366202603958,4.7710294140682619,-0.00039314592942074622,-0.19666321146430388
perle,FA50,76,no_bounce,x,22,795,0.96759642999774442,0.96759642999774442,0.90721879538104488,0.90721879538104488,0,0
perle,FA50,76,no_bounce,y,22,795,0.76585582890823833,0.76336997610977719,2.5137977036876071,2.4326205237083935,-0.0024858527984611412,0.081177179979213587
perle,FA50,76,post_bounce,x,18,419,0.93343887405005321,0.93343887405005321,1.0977803281094873,1.0977803281094873,0,0
perle,FA50,76,post_bounce,y,18,419,0.88792668211687131,0.8838072067518844,4.3778436180040972,4.7457841771581011,-0.0041194753649869131,-0.36794055915400392
perle,GPFA50,76,full,x,40,1648,0.96033740892981734,0.96033740892981734,0.98789765860406276,0.98789765860406276,0,0
perle,GPFA50,76,full,y,40,1648,0.80134942359160777,0.79710629821293677,3.6529413297197761,3.7575896719439208,-0.0042431253786709977,-0.10464834222414465
perle,GPFA50,76,visible,x,40,938,0.87575713388837118,0.87575713388837118,1.1074506366823635,1.1074506366823635,0,0
perle,GPFA50,76,visible,y,40,938,0.76466807139622062,0.7631356725207229,3.7337496877397012,3.7595790195186112,-0.0015323988754977202,-0.025829331778910003
perle,GPFA50,76,hidden,x,40,670,0.83449073568931609,0.83449073568931609,0.8151694908664715,0.8151694908664715,0,0
perle,GPFA50,76,hidden,y,40,670,0.84905100711261239,0.84217514613230182,3.5668871029866063,3.7835783092062916,-0.0068758609803105664,-0.2166912062196853
perle,GPFA50,76,bounce,x,18,853,0.95444364753399369,0.95444364753399369,1.0717401211242716,1.0717401211242716,0,0
perle,GPFA50,76,bounce,y,18,853,0.84829400096994112,0.84936311806253317,4.513523697576483,4.7078159472378536,0.0010691170925920535,-0.1942922496613706
perle,GPFA50,76,no_bounce,x,22,795,0.9691382304873567,0.9691382304873567,0.88918967069317423,0.88918967069317423,0,0
perle,GPFA50,76,no_bounce,y,22,795,0.78848338935554074,0.78361253592176039,2.4090114360705188,2.3427692419141164,-0.0048708534337803533,0.066242194156402423
perle,GPFA50,76,post_bounce,x,18,419,0.93419810112616475,0.93419810112616475,1.0944876867220923,1.0944876867220923,0,0
perle,GPFA50,76,post_bounce,y,18,419,0.90439239295104856,0.90196333660899453,4.2799841448045699,4.6437084211856323,-0.0024290563420540368,-0.36372427638106242
perle,FA50,77,full,x,40,1741,0.95696837724664874,0.95696837724664874,1.0533486343048204,1.0533486343048204,0,0
perle,FA50,77,full,y,40,1741,0.69982410840627207,0.68502722707903019,4.1849765121423967,4.2854460812153787,-0.014796881327241884,-0.10046956907298199
perle,FA50,77,visible,x,40,999,0.85435373601410769,0.85435373601410769,1.2642153000344658,1.2642153000344658,0,0
perle,FA50,77,visible,y,40,999,0.68646959183556977,0.69214038746105488,4.2018447752068298,4.1984044795154558,0.0056707956254851144,0.0034402956913739402
perle,FA50,77,hidden,x,40,702,0.89563901973434945,0.89563901973434945,0.67904052762526712,0.67904052762526712,0,0
perle,FA50,77,hidden,y,40,702,0.72974411074619971,0.68551087487228779,4.18189065503603,4.4277742438570655,-0.044233235873911925,-0.24588358882103556
perle,FA50,77,bounce,x,16,739,0.95317836659617128,0.95317836659617128,1.0905609733849322,1.0905609733849322,0,0
perle,FA50,77,bounce,y,16,739,0.79069456841245811,0.77304560829966729,5.4861736986405889,5.731257882539194,-0.017648960112790824,-0.24508418389860509
perle,FA50,77,no_bounce,x,24,1002,0.96008373150508441,0.96008373150508441,1.0250383822363516,1.0250383822363516,0,0
perle,FA50,77,no_bounce,y,24,1002,0.65039018655873171,0.6487830152680949,2.8693135534473995,2.7720053282947186,-0.0016071712906368107,0.097308225152680894
perle,FA50,77,post_bounce,x,16,372,0.93704859226419857,0.93704859226419857,0.93453219676766208,0.93453219676766208,0,0
perle,FA50,77,post_bounce,y,16,372,0.81172420774513354,0.78072631940542458,5.5941059839352754,6.043379027411758,-0.030997888339708957,-0.44927304347648267
perle,GPFA50,77,full,x,40,1741,0.95887111553577009,0.95887111553577009,1.0310865655015979,1.0310865655015979,0,0
perle,GPFA50,77,full,y,40,1741,0.72359899797102956,0.71034021514581192,4.1135224120859135,4.212433161644781,-0.013258782825217641,-0.098910749558867472
perle,GPFA50,77,visible,x,40,999,0.85861724485707613,0.85861724485707613,1.2487942127522804,1.2487942127522804,0,0
perle,GPFA50,77,visible,y,40,999,0.70285700697778919,0.70881747212204693,4.1686978319789008,4.1662089476511603,0.0059604651442577428,0.0024888843277404149
perle,GPFA50,77,hidden,x,40,702,0.90627901937123634,0.90627901937123634,0.63479587896411072,0.63479587896411072,0,0
perle,GPFA50,77,hidden,y,40,702,0.7640242023832855,0.72367791938585613,4.0562514664368328,4.3003250319110622,-0.040346282997429372,-0.24407356547422943
perle,GPFA50,77,bounce,x,16,739,0.9547507734942049,0.9547507734942049,1.0721609162002685,1.0721609162002685,0,0
perle,GPFA50,77,bounce,y,16,739,0.81997653977297558,0.80330788160764477,5.3959424319381428,5.6381707211761496,-0.016668658165330807,-0.24222828923800677
perle,GPFA50,77,no_bounce,x,24,1002,0.96216937396729663,0.96216937396729663,0.9997124965142975,0.9997124965142975,0,0
perle,GPFA50,77,no_bounce,y,24,1002,0.66408991355026292,0.66174207532391027,2.815467171838939,2.7178144670191062,-0.0023478382263526498,0.097652704819832792
perle,GPFA50,77,post_bounce,x,16,372,0.9412154369697312,0.9412154369697312,0.90688519976508819,0.90688519976508819,0,0
perle,GPFA50,77,post_bounce,y,16,372,0.83728826936261247,0.80890827559949086,5.4663687343391905,5.9078598200658083,-0.028379993763121614,-0.44149108572661788
perle,FA50,78,full,x,40,1668,0.95341627012389496,0.95341627012389496,1.2321192596431791,1.2321192596431791,0,0
perle,FA50,78,full,y,40,1668,0.71253039328077805,0.70346339203680086,3.6250341022268415,3.6300683487772698,-0.0090670012439771908,-0.0050342465504282785
perle,FA50,78,visible,x,40,989,0.83672043187556133,0.83672043187556133,1.5430603871353472,1.5430603871353472,0,0
perle,FA50,78,visible,y,40,989,0.67951138784217169,0.66695335637215813,3.8443193830614995,3.8997441329956914,-0.012558031470013553,-0.055424749934191997
perle,FA50,78,hidden,x,40,639,0.93029091603919001,0.93029091603919001,0.50904593843332357,0.50904593843332357,0,0
perle,FA50,78,hidden,y,40,639,0.75515414985169516,0.75235723476875971,3.3099160584529197,3.2199595018161515,-0.0027969150829354472,0.089956556636768159
perle,FA50,78,bounce,x,12,527,0.96756155959146262,0.96756155959146262,1.362616051695968,1.362616051695968,0,0
perle,FA50,78,bounce,y,12,527,0.80067779682404083,0.79584735846068322,5.0019120122486704,5.1094578761118825,-0.0048304383633576142,-0.10754586386321208
perle,FA50,78,no_bounce,x,28,1141,0.95079625656195688,0.95079625656195688,1.1669295904272627,1.1669295904272627,0,0
perle,FA50,78,no_bounce,y,28,1141,0.67421168538749121,0.66949279298255571,2.7666944731284606,2.6843494016817626,-0.0047188924049355041,0.082345071446698004
perle,FA50,78,post_bounce,x,12,317,0.98031399378859663,0.98031399378859663,0.86382432964870481,0.86382432964870481,0,0
perle,FA50,78,post_bounce,y,12,317,0.8905632085276276,0.88555002739985866,4.2126223569611652,4.3816630309541349,-0.0050131811277689398,-0.16904067399296974
perle,GPFA50,78,full,x,40,1668,0.95458475431164769,0.95458475431164769,1.2199346043798427,1.2199346043798427,0,0
perle,GPFA50,78,full,y,40,1668,0.74189050893149366,0.73093585709715536,3.5226166096582636,3.5416956287301735,-0.010954651834338303,-0.019079019071909897
perle,GPFA50,78,visible,x,40,989,0.83889537727537988,0.83889537727537988,1.5344894149234747,1.5344894149234747,0,0
perle,GPFA50,78,visible,y,40,989,0.68535827654306358,0.67031545641608969,3.8411732051198357,3.9107647350818682,-0.015042820126973888,-0.069591529962032439
perle,GPFA50,78,hidden,x,40,639,0.93905311811166303,0.93905311811166303,0.47222343117381599,0.47222343117381599,0,0
perle,GPFA50,78,hidden,y,40,639,0.82133562752874079,0.81927788271323088,3.0280211983036343,2.9413212145167602,-0.0020577448155099098,0.086699983786874046
perle,GPFA50,78,bounce,x,12,527,0.96886041949152224,0.96886041949152224,1.3496739432071936,1.3496739432071936,0,0
perle,GPFA50,78,bounce,y,12,527,0.8196047234609285,0.81376345348167189,4.9339221381198541,5.0597746709431073,-0.0058412699792566025,-0.12585253282325315
perle,GPFA50,78,no_bounce,x,28,1141,0.95193051758957137,0.95193051758957137,1.155102023932048,1.155102023932048,0,0
perle,GPFA50,78,no_bounce,y,28,1141,0.71300230232366657,0.70667288654214855,2.6261100545615439,2.5519737731967149,-0.0063294157815180219,0.074136281364828971
perle,GPFA50,78,post_bounce,x,12,317,0.98198186565651369,0.98198186565651369,0.8480365557687759,0.8480365557687759,0,0
perle,GPFA50,78,post_bounce,y,12,317,0.91601170694318435,0.9115581631532419,4.0728233155432907,4.2632760161938164,-0.004453543789942449,-0.19045270065052566
perle,FA50,79,full,x,39,1649,0.95069850880702489,0.95069850880702489,1.2843148696371089,1.2843148696371089,0,0
perle,FA50,79,full,y,39,1649,0.69930261302046426,0.68343512286542873,3.5915127221531407,3.6362041871057791,-0.015867490155035524,-0.044691464952638427
perle,FA50,79,visible,x,39,968,0.84031440776690791,0.84031440776690791,1.5819776379035444,1.5819776379035444,0,0
perle,FA50,79,visible,y,39,968,0.66809055029613507,0.6694836086202709,3.8133144135329298,3.8081280275659992,0.0013930583241358319,0.0051863859669305512
perle,FA50,79,hidden,x,39,642,0.88133073509158799,0.88133073509158799,0.66045962122375157,0.66045962122375157,0,0
perle,FA50,79,hidden,y,39,642,0.7411210212985595,0.70008170273650527,3.2666470792930578,3.3994521317449595,-0.041039318562054228,-0.13280505245190177
perle,FA50,79,bounce,x,10,452,0.93751564087113981,0.93751564087113981,1.4693056882771187,1.4693056882771187,0,0
perle,FA50,79,bounce,y,10,452,0.80260904981286407,0.78571783782143179,4.8354100447610326,5.065373711854865,-0.016891211991432287,-0.22996366709383231
perle,FA50,79,no_bounce,x,29,1197,0.95601601326977725,0.95601601326977725,1.2071088873809721,1.2071088873809721,0,0
perle,FA50,79,no_bounce,y,29,1197,0.63238152665923897,0.61677692059361944,2.9901108262173541,2.9199320193457372,-0.015604606065619531,0.070178806871616928
perle,FA50,79,post_bounce,x,10,254,0.93148406376686321,0.93148406376686321,1.0410741309396752,1.0410741309396752,0,0
perle,FA50,79,post_bounce,y,10,254,0.86271930842808364,0.82410256019174999,4.4199817810266673,4.8436555983773362,-0.038616748236333653,-0.42367381735066889
perle,GPFA50,79,full,x,39,1649,0.95208719848594203,0.95208719848594203,1.2668246681793198,1.2668246681793198,0,0
perle,GPFA50,79,full,y,39,1649,0.72394158289055099,0.70838919533179068,3.4976461432660768,3.5432847932416194,-0.015552387558760317,-0.045638649975542567
perle,GPFA50,79,visible,x,39,968,0.84236512820537346,0.84236512820537346,1.5688830954339965,1.5688830954339965,0,0
perle,GPFA50,79,visible,y,39,968,0.68313007571458761,0.68490599248031558,3.7773660881950781,3.7716540148714075,0.0017759167657279695,0.00571207332367063
perle,GPFA50,79,hidden,x,39,642,0.89280766358423913,0.89280766358423913,0.62421608124897365,0.62421608124897365,0,0
perle,GPFA50,79,hidden,y,39,642,0.77862128594536217,0.7392849861608235,3.0794358054220718,3.2209950821118127,-0.039336299784538675,-0.14155927668974089
perle,GPFA50,79,bounce,x,10,452,0.93968004781796877,0.93968004781796877,1.4524180093280552,1.4524180093280552,0,0
perle,GPFA50,79,bounce,y,10,452,0.82709146636603059,0.81043097953208587,4.7080942918381856,4.9389390111333116,-0.016660486833944721,-0.23084471929512596
perle,GPFA50,79,no_bounce,x,29,1197,0.95716321114490122,0.95716321114490122,1.1892328167134674,1.1892328167134674,0,0
perle,GPFA50,79,no_bounce,y,29,1197,0.65503571857254028,0.63908444663364894,2.9125356247370489,2.8433460561478237,-0.015951271938891343,0.069189568589225203
perle,GPFA50,79,post_bounce,x,10,254,0.93698571390942231,0.93698571390942231,1.020693780208334,1.020693780208334,0,0
perle,GPFA50,79,post_bounce,y,10,254,0.88669178179709296,0.8488517718433205,4.2509061153859165,4.6804019554289518,-0.037840009953772458,-0.42949584004303532
perle,FA50,80,full,x,39,1556,0.95206813836403004,0.95206813836403004,1.1240242931095381,1.1240242931095381,0,0
perle,FA50,80,full,y,39,1556,0.72876782170724208,0.73079474653621057,3.7502880310361868,3.6815711845274639,0.0020269248289684905,0.068716846508722895
perle,FA50,80,visible,x,39,895,0.82418073089437083,0.82418073089437083,1.4092920688834789,1.4092920688834789,0,0
perle,FA50,80,visible,y,39,895,0.70611616615953698,0.69937581231746548,3.9054055988192733,3.9298346281861343,-0.0067403538420715003,-0.024429029366860977
perle,FA50,80,hidden,x,39,622,0.92650963956017929,0.92650963956017929,0.53521000616512193,0.53521000616512193,0,0
perle,FA50,80,hidden,y,39,622,0.75358930710868555,0.768894848352496,3.5664817957411445,3.344229792009489,0.01530554124381045,0.22225200373165555
perle,FA50,80,bounce,x,11,501,0.95360367485460651,0.95360367485460651,1.2560991764360818,1.2560991764360818,0,0
perle,FA50,80,bounce,y,11,501,0.80939550223233325,0.81434707291731012,4.8745600170112704,4.7582474103882886,0.0049515706849768693,0.11631260662298182
perle,FA50,80,no_bounce,x,28,1055,0.95524834609427145,0.95524834609427145,1.0555327828944057,1.0555327828944057,0,0
perle,FA50,80,no_bounce,y,28,1055,0.66878532439966198,0.66930401519604066,3.0756931844898983,3.039529704536283,0.00051869079637867355,0.036163479953615241
perle,FA50,80,post_bounce,x,11,258,0.95654320378610547,0.95654320378610547,0.92348663879909076,0.92348663879909076,0,0
perle,FA50,80,post_bounce,y,11,258,0.81808787625847168,0.83330886534891935,5.0822284838733562,4.8142421268373123,0.015220989090447667,0.2679863570360439
perle,GPFA50,80,full,x,39,1556,0.95368837192964795,0.95368837192964795,1.1051461647263989,1.1051461647263989,0,0
perle,GPFA50,80,full,y,39,1556,0.74850996758257315,0.75082109108235828,3.6738996257688332,3.603769767908823,0.0023111234997851282,0.070129857860010247
perle,GPFA50,80,visible,x,39,895,0.82905567274484837,0.82905567274484837,1.3897460145800602,1.3897460145800602,0,0
perle,GPFA50,80,visible,y,39,895,0.71728981813473325,0.70950058307709063,3.8751212927260013,3.9026485243789231,-0.0077892350576426184,-0.027527231652921813
perle,GPFA50,80,hidden,x,39,622,0.93267268567947992,0.93267268567947992,0.50846607131794519,0.50846607131794519,0,0
perle,GPFA50,80,hidden,y,39,622,0.78529811099470614,0.8033501079962555,3.4222618115300367,3.1861175339303429,0.018051997001549358,0.23614427759969381
perle,GPFA50,80,bounce,x,11,501,0.95530097931761693,0.95530097931761693,1.2379812046749605,1.2379812046749605,0,0
perle,GPFA50,80,bounce,y,11,501,0.82468014736788253,0.82990652381080876,4.8008117483829,4.6838414459730293,0.0052263764429262283,0.11697030240987072
perle,GPFA50,80,no_bounce,x,28,1055,0.95698424944863703,0.95698424944863703,1.0361184535978689,1.0361184535978689,0,0
perle,GPFA50,80,no_bounce,y,28,1055,0.69130744709665326,0.69218674078383435,2.9937098874155375,2.9557385521732318,0.00087929368718109302,0.03797133524230567
perle,GPFA50,80,post_bounce,x,11,258,0.95752337850192282,0.95752337850192282,0.92135063304986253,0.92135063304986253,0,0
perle,GPFA50,80,post_bounce,y,11,258,0.83926804336451399,0.85611757469854544,4.9641681277430294,4.6850770411352123,0.016849531334031442,0.27909108660781712
perle,FA50,81,full,x,39,1662,0.95549895597933143,0.95549895597933143,1.218523970149274,1.218523970149274,0,0
perle,FA50,81,full,y,39,1662,0.70014669621088843,0.6868900834035595,3.6747027480871486,3.7473831704320246,-0.013256612807328927,-0.072680422344876039
perle,FA50,81,visible,x,39,979,0.84701906787784342,0.84701906787784342,1.5306437154877128,1.5306437154877128,0,0
perle,FA50,81,visible,y,39,979,0.65534200943186949,0.65190267038715233,3.7603167185559343,3.7777743889676714,-0.0034393390447171601,-0.01745767041173707
perle,FA50,81,hidden,x,39,644,0.92992490063104583,0.92992490063104583,0.50641792233575178,0.50641792233575178,0,0
perle,FA50,81,hidden,y,39,644,0.75790292192235997,0.73292695404095687,3.5684602442701299,3.7276215339468224,-0.024975967881403105,-0.15916128967669252
perle,FA50,81,bounce,x,12,552,0.96500063152307736,0.96500063152307736,1.1269285726087335,1.1269285726087335,0,0
perle,FA50,81,bounce,y,12,552,0.80282744740032719,0.7839589574376904,4.8306329103037537,5.0998054804637505,-0.018868489962636792,-0.26917257015999674
perle,FA50,81,no_bounce,x,27,1110,0.95092740639363793,0.95092740639363793,1.2616007157797429,1.2616007157797429,0,0
perle,FA50,81,no_bounce,y,27,1110,0.63783209311956701,0.63653848095876397,2.935000016156633,2.8447585439399052,-0.0012936121608030371,0.090241472216727736
perle,FA50,81,post_bounce,x,12,258,0.95755874227131121,0.95755874227131121,0.88509768515541809,0.88509768515541809,0,0
perle,FA50,81,post_bounce,y,12,258,0.840197531524145,0.81163440341260362,4.7276501312433545,5.215971137376922,-0.02856312811154138,-0.48832100613356744
perle,GPFA50,81,full,x,39,1662,0.95759427761519766,0.95759427761519766,1.194445008586301,1.194445008586301,0,0
perle,GPFA50,81,full,y,39,1662,0.71855634224873477,0.70412905880699028,3.6220106270436969,3.7010749844139892,-0.014427283441744487,-0.079064357370292271
perle,GPFA50,81,visible,x,39,979,0.85366062239983576,0.85366062239983576,1.5048190968433661,1.5048190968433661,0,0
perle,GPFA50,81,visible,y,39,979,0.66296838350415777,0.65834684265754018,3.7477782897545939,3.7688457413643315,-0.0046215408466175889,-0.021067451609737553
perle,GPFA50,81,hidden,x,39,644,0.93782978019368501,0.93782978019368501,0.47688784612047341,0.47688784612047341,0,0
perle,GPFA50,81,hidden,y,39,644,0.7883261115778305,0.76262673105420642,3.4591684130274958,3.6320743530469231,-0.025699380523624082,-0.17290594001942727
perle,GPFA50,81,bounce,x,12,552,0.96690403231162869,0.96690403231162869,1.106158281689656,1.106158281689656,0,0
perle,GPFA50,81,bounce,y,12,552,0.81921580616723733,0.79807795883201671,4.7891949836777101,5.0694158615627654,-0.021137847335220616,-0.28022087788505523
perle,GPFA50,81,no_bounce,x,27,1110,0.95309788656606065,0.95309788656606065,1.2360041635826347,1.2360041635826347,0,0
perle,GPFA50,81,no_bounce,y,27,1110,0.65708341170936013,0.65580918053881643,2.8699792274365841,2.7802662937051852,-0.0012742311705437048,0.089712933731398881
perle,GPFA50,81,post_bounce,x,12,258,0.96069354730835943,0.96069354730835943,0.87255932632645195,0.87255932632645195,0,0
perle,GPFA50,81,post_bounce,y,12,258,0.85649425284997327,0.8239491660894217,4.66370276640846,5.1712186552849211,-0.032545086760551567,-0.50751588887646104
perle,FA50,82,full,x,39,1615,0.95089817007110722,0.95089817007110722,1.174765987601565,1.174765987601565,0,0
perle,FA50,82,full,y,39,1615,0.72293146654309126,0.71050838603572319,3.8708824436665803,3.9219430185326813,-0.012423080507368067,-0.051060574866101049
perle,FA50,82,visible,x,39,942,0.83960801511899963,0.83960801511899963,1.4137599304924569,1.4137599304924569,0,0
perle,FA50,82,visible,y,39,942,0.67935160627648794,0.67629761332803962,3.9604429502167768,3.9836568341149259,-0.0030539929484483253,-0.023213883898149046
perle,FA50,82,hidden,x,39,634,0.88204081741810458,0.88204081741810458,0.71997233460164145,0.71997233460164145,0,0
perle,FA50,82,hidden,y,39,634,0.76786576907871118,0.74076493676855837,3.7643665931264847,3.8585261613575561,-0.027100832310152811,-0.094159568231071411
perle,FA50,82,bounce,x,14,628,0.94850029039282346,0.94850029039282346,1.1438192830212301,1.1438192830212301,0,0
perle,FA50,82,bounce,y,14,628,0.81593924365706594,0.80864829600757648,5.2247637871465926,5.3622840569015073,-0.0072909476494894543,-0.13752026975491471
perle,FA50,82,no_bounce,x,25,987,0.95370330629405742,0.95370330629405742,1.1940390468009094,1.1940390468009094,0,0
perle,FA50,82,no_bounce,y,25,987,0.67827019763975394,0.66996539331587268,2.673651508361901,2.6216646891843918,-0.0083048043238812541,0.051986819177509247
perle,FA50,82,post_bounce,x,14,323,0.93192818480853168,0.93192818480853168,1.0239300046929751,1.0239300046929751,0,0
perle,FA50,82,post_bounce,y,14,323,0.87451613107343262,0.86246908248418519,4.8863085829375619,5.1096119775680062,-0.012047048589247433,-0.22330339463044435
perle,GPFA50,82,full,x,39,1615,0.9516166526530343,0.9516166526530343,1.165421119874918,1.165421119874918,0,0
perle,GPFA50,82,full,y,39,1615,0.73768601648111654,0.72461962645475564,3.829503718708295,3.8832748620861826,-0.013066390026360897,-0.053771143377887576
perle,GPFA50,82,visible,x,39,942,0.84078708056972862,0.84078708056972862,1.4063670944440085,1.4063670944440085,0,0
perle,GPFA50,82,visible,y,39,942,0.68264687338194086,0.68076112815954859,3.9742892969756953,3.9958550085515312,-0.0018857452223922655,-0.021565711575835866
perle,GPFA50,82,hidden,x,39,634,0.88553975065929946,0.88553975065929946,0.70433222590820843,0.70433222590820843,0,0
perle,GPFA50,82,hidden,y,39,634,0.7951906074211077,0.76580127333044901,3.6417651351198965,3.7465830547372985,-0.029389334090658692,-0.10481791961740194
perle,GPFA50,82,bounce,x,14,628,0.9491528193103681,0.9491528193103681,1.1371467538504585,1.1371467538504585,0,0
perle,GPFA50,82,bounce,y,14,628,0.83024171304045746,0.82239890299130369,5.1986775403658623,5.3401470514240748,-0.00784281004915377,-0.14146951105821248
perle,GPFA50,82,no_bounce,x,25,987,0.95431843825767215,0.95431843825767215,1.1830595858358488,1.1830595858358488,0,0
perle,GPFA50,82,no_bounce,y,25,987,0.6988555904122552,0.69065212526283093,2.6076907922669115,2.5553908507055092,-0.0082034651494242716,0.052299941561402274
perle,GPFA50,82,post_bounce,x,14,323,0.93330395577686232,0.93330395577686232,1.0169179415336951,1.0169179415336951,0,0
perle,GPFA50,82,post_bounce,y,14,323,0.88943919389069959,0.87556624977061792,4.8073774489888308,5.0374851540517289,-0.013872944120081665,-0.23010770506289813
perle,FA50,83,full,x,39,1680,0.94836143818213514,0.94836143818213514,1.1413432137218784,1.1413432137218784,0,0
perle,FA50,83,full,y,39,1680,0.71683549219420306,0.71933183826042413,3.6900471360362848,3.7033627274860521,0.0024963460662210668,-0.01331559144976735
perle,FA50,83,visible,x,39,955,0.82343905642076098,0.82343905642076098,1.3513949018856937,1.3513949018856937,0,0
perle,FA50,83,visible,y,39,955,0.67712954380559331,0.6789348631644162,3.8302636346185124,3.8324917114633035,0.0018053193588228877,-0.0022280768447910937
perle,FA50,83,hidden,x,39,686,0.87884532647426883,0.87884532647426883,0.79065065927098632,0.79065065927098632,0,0
perle,FA50,83,hidden,y,39,686,0.75931392461724245,0.76954804323353998,3.5242099979935331,3.5524114142161518,0.010234118616297527,-0.028201416222618736
perle,FA50,83,bounce,x,13,599,0.94079173633957569,0.94079173633957569,1.2205716971547855,1.2205716971547855,0,0
perle,FA50,83,bounce,y,13,599,0.82961112295713513,0.82564396893312353,4.535934697659247,4.7169876880796986,-0.0039671540240115988,-0.18105299042045164
perle,FA50,83,no_bounce,x,26,1081,0.95258474012847638,0.95258474012847638,1.0949757901453545,1.0949757901453545,0,0
perle,FA50,83,no_bounce,y,26,1081,0.56849548452525622,0.57737796183167078,3.1242220078579237,2.9975769876738712,0.0088824773064145601,0.12664502018405255
perle,FA50,83,post_bounce,x,13,303,0.93560200974567154,0.93560200974567154,1.0059050678096453,1.0059050678096453,0,0
perle,FA50,83,post_bounce,y,13,303,0.87875109739868729,0.87424494587628465,4.4067044673414051,4.7048090385822645,-0.0045061515224026349,-0.29810457124085943
perle,GPFA50,83,full,x,39,1680,0.9509626401132717,0.9509626401132717,1.1138385740370973,1.1138385740370973,0,0
perle,GPFA50,83,full,y,39,1680,0.74676321951397706,0.7515718105450907,3.5880327351425252,3.5971785416224265,0.0048085910311136404,-0.0091458064799012639
perle,GPFA50,83,visible,x,39,955,0.82961186527499353,0.82961186527499353,1.329801069031201,1.329801069031201,0,0
perle,GPFA50,83,visible,y,39,955,0.69916624676507555,0.70199146529553502,3.7729163403480332,3.7726826864104805,0.0028252185304594724,0.00023365393755270247
perle,GPFA50,83,hidden,x,39,686,0.88740299462158567,0.88740299462158567,0.74524739991725575,0.74524739991725575,0,0
perle,GPFA50,83,hidden,y,39,686,0.79688077956877235,0.81018700345771677,3.3613120882979759,3.3826152999026702,0.013306223888944424,-0.021303211604694283
perle,GPFA50,83,bounce,x,13,599,0.94294571404626404,0.94294571404626404,1.1987408698359978,1.1987408698359978,0,0
perle,GPFA50,83,bounce,y,13,599,0.84977915479146704,0.84717329977523825,4.4300976637129965,4.6088970357525563,-0.0026058550162287863,-0.17879937203955976
perle,GPFA50,83,no_bounce,x,26,1081,0.95544114164674876,0.95544114164674876,1.0638793602036349,1.0638793602036349,0,0
perle,GPFA50,83,no_bounce,y,26,1081,0.60497031171495019,0.6173791298368958,3.0220361120029473,2.8877821375437187,0.012408818121945608,0.1342539744592286
perle,GPFA50,83,post_bounce,x,13,303,0.93971406373203259,0.93971406373203259,0.97613638445714335,0.97613638445714335,0,0
perle,GPFA50,83,post_bounce,y,13,303,0.89862673042942476,0.89458455095098877,4.2268229243924829,4.525467446010345,-0.0040421794784359921,-0.29864452161786215
perle,FA50,84,full,x,39,1554,0.95742070001749136,0.95742070001749136,1.0933583652854451,1.0933583652854451,0,0
perle,FA50,84,full,y,39,1554,0.77519342105476774,0.76176508863133929,3.4095548380791856,3.5213085387316703,-0.013428332423428446,-0.11175370065248469
perle,FA50,84,visible,x,39,908,0.85051073295974655,0.85051073295974655,1.3454879597987233,1.3454879597987233,0,0
perle,FA50,84,visible,y,39,908,0.73986485264135926,0.73328365438308307,3.5942254660013675,3.6258792545510845,-0.0065811982582761885,-0.03165378854971701
perle,FA50,84,hidden,x,39,607,0.90950902662757072,0.90950902662757072,0.5731681823235788,0.5731681823235788,0,0
perle,FA50,84,hidden,y,39,607,0.81797789703723478,0.79558740851712273,3.1628329001280036,3.4089760564697209,-0.022390488520112051,-0.24614315634171735
perle,FA50,84,bounce,x,13,582,0.95443888878820693,0.95443888878820693,1.1326709441152119,1.1326709441152119,0,0
perle,FA50,84,bounce,y,13,582,0.8403363638543343,0.82210505596087979,4.2172530612850219,4.5325957297231625,-0.018231307893454507,-0.31534266843814063
perle,FA50,84,no_bounce,x,26,972,0.95929906633525286,0.95929906633525286,1.0691276731667569,1.0691276731667569,0,0
perle,FA50,84,no_bounce,y,26,972,0.7206082217838482,0.71543123549583498,2.8171925413860612,2.7427692231963157,-0.0051769862880132189,0.074423318189745569
perle,FA50,84,post_bounce,x,13,326,0.96835787738188484,0.96835787738188484,0.94161061615859254,0.94161061615859254,0,0
perle,FA50,84,post_bounce,y,13,326,0.89297467275994979,0.86622771307216384,3.8739310604412216,4.3879201424356022,-0.026746959687785954,-0.51398908199438065
perle,GPFA50,84,full,x,39,1554,0.95852628707631538,0.95852628707631538,1.0793243280563007,1.0793243280563007,0,0
perle,GPFA50,84,full,y,39,1554,0.79335843097813508,0.77903372066548182,3.32371267346551,3.443573506983348,-0.014324710312653255,-0.11986083351783794
perle,GPFA50,84,visible,x,39,908,0.85198571905870468,0.85198571905870468,1.3365047799809646,1.3365047799809646,0,0
perle,GPFA50,84,visible,y,39,908,0.74997744196755955,0.74273987240876493,3.565322957748116,3.5996618813511168,-0.0072375695587946209,-0.034338923603000726
perle,GPFA50,84,hidden,x,39,607,0.91962823833404683,0.91962823833404683,0.53846897007704864,0.53846897007704864,0,0
perle,GPFA50,84,hidden,y,39,607,0.84690314865065741,0.82286147530000497,2.9808580096762931,3.2503686262337368,-0.024041673350652437,-0.26951061655744368
perle,GPFA50,84,bounce,x,13,582,0.95573062084918725,0.95573062084918725,1.1176664819868782,1.1176664819868782,0,0
perle,GPFA50,84,bounce,y,13,582,0.85344157525962705,0.83368626797570111,4.1589436320690316,4.4831721563422171,-0.019755307283925938,-0.32422852427318549
perle,GPFA50,84,no_bounce,x,26,972,0.96030442643122838,0.96030442643122838,1.0557000454584926,1.0557000454584926,0,0
perle,GPFA50,84,no_bounce,y,26,972,0.74695850392164609,0.74186098073143503,2.7027641318509441,2.6313478806654462,-0.0050975231902110618,0.071416251185497881
perle,GPFA50,84,post_bounce,x,13,326,0.97048696962972647,0.97048696962972647,0.92352513723186558,0.92352513723186558,0,0
perle,GPFA50,84,post_bounce,y,13,326,0.90527764084815954,0.87625290642013398,3.7837382373346702,4.3129159789009375,-0.029024734428025556,-0.52917774156626729
perle,FA50,85,full,x,39,1708,0.95590866507603378,0.95590866507603378,1.3341015385857002,1.3341015385857002,0,0
perle,FA50,85,full,y,39,1708,0.69361612077979862,0.67516706850271269,3.7948445322249253,3.8370779605642502,-0.018449052277085931,-0.042233428339324863
perle,FA50,85,visible,x,39,1015,0.8601939301338567,0.8601939301338567,1.6639915661262277,1.6639915661262277,0,0
perle,FA50,85,visible,y,39,1015,0.66667102949620138,0.66244963867664675,4.025333253239034,4.0329273056963775,-0.0042213908195546379,-0.0075940524573434587
perle,FA50,85,hidden,x,39,654,0.90979613141987337,0.90979613141987337,0.57911582565180142,0.57911582565180142,0,0
perle,FA50,85,hidden,y,39,654,0.73171022972343713,0.69316653282780794,3.4562119034516963,3.565003518147047,-0.038543696895629198,-0.1087916146953507
perle,FA50,85,bounce,x,13,617,0.95513208404960015,0.95513208404960015,1.3200428749817388,1.3200428749817388,0,0
perle,FA50,85,bounce,y,13,617,0.8005714237116579,0.77644720101837361,5.0241716178853029,5.1937186584065529,-0.024124222693284292,-0.16954704052125003
perle,FA50,85,no_bounce,x,26,1091,0.95653000844241687,0.95653000844241687,1.3419870255826978,1.3419870255826978,0,0
perle,FA50,85,no_bounce,y,26,1091,0.64149902729823838,0.63910461477506952,2.8756928668022916,2.7918585767983606,-0.002394412523168854,0.083834290003931056
perle,FA50,85,post_bounce,x,13,372,0.95555795059187154,0.95555795059187154,0.86133226484991376,0.86133226484991376,0,0
perle,FA50,85,post_bounce,y,13,372,0.84326797840377121,0.80917364853671347,4.7439824913423445,4.9846240033135851,-0.034094329867057738,-0.24064151197124062
perle,GPFA50,85,full,x,39,1708,0.95768181668110131,0.95768181668110131,1.3177165459699414,1.3177165459699414,0,0
perle,GPFA50,85,full,y,39,1708,0.70959370748184303,0.69016340292743072,3.7398874103936954,3.7868041664213834,-0.019430304554412303,-0.046916756027687967
perle,GPFA50,85,visible,x,39,1015,0.86459512053507082,0.86459512053507082,1.6485780330541415,1.6485780330541415,0,0
perle,GPFA50,85,visible,y,39,1015,0.6813405681445045,0.67797500085636264,4.0043197764210889,4.0117591047597108,-0.0033655672881418575,-0.0074393283386218201
perle,GPFA50,85,hidden,x,39,654,0.91604382562749431,0.91604382562749431,0.55077675661519221,0.55077675661519221,0,0
perle,GPFA50,85,hidden,y,39,654,0.75529620050713686,0.71565097834364755,3.3383208992744557,3.4622789506272902,-0.039645222163489313,-0.12395805135283444
perle,GPFA50,85,bounce,x,13,617,0.95777203864451022,0.95777203864451022,1.29939502802433,1.29939502802433,0,0
perle,GPFA50,85,bounce,y,13,617,0.81244795741887021,0.78732988331657749,5.0009163662015226,5.1733834893939754,-0.02511807410229272,-0.17246712319245283
perle,GPFA50,85,no_bounce,x,26,1091,0.95775189768335067,0.95775189768335067,1.3279661325855749,1.3279661325855749,0,0
perle,GPFA50,85,no_bounce,y,26,1091,0.6647819516587733,0.66128412411694604,2.7844546695639703,2.7043775248073363,-0.0034978275418272586,0.080077144756633967
perle,GPFA50,85,post_bounce,x,13,372,0.95851987388756643,0.95851987388756643,0.84274792168588286,0.84274792168588286,0,0
perle,GPFA50,85,post_bounce,y,13,372,0.86020564594889604,0.82405532070093757,4.6944737517406825,4.9430277682300003,-0.03615032524795847,-0.24855401648931785
perle,FA50,86,full,x,40,1770,0.95203009192704169,0.95203009192704169,1.1009199940090959,1.1009199940090959,0,0
perle,FA50,86,full,y,40,1770,0.68528442216675023,0.6895784618519859,3.640090069524196,3.5970716455703489,0.0042940396852356733,0.04301842395384714
perle,FA50,86,visible,x,40,1015,0.83544199655800078,0.83544199655800078,1.3168575016135937,1.3168575016135937,0,0
perle,FA50,86,visible,y,40,1015,0.66485185080396225,0.6602893850158309,3.7725614772245764,3.786115042658909,-0.0045624657881313535,-0.013553565434332615
perle,FA50,86,hidden,x,40,715,0.88897410327681603,0.88897410327681603,0.72264819648941492,0.72264819648941492,0,0
perle,FA50,86,hidden,y,40,715,0.71502113884240104,0.72772013677711322,3.4883758933889402,3.3556834957931958,0.012698997934712186,0.13269239759574436
perle,FA50,86,bounce,x,9,437,0.95519949604286114,0.95519949604286114,1.0418857769520158,1.0418857769520158,0,0
perle,FA50,86,bounce,y,9,437,0.78306731436213617,0.78797572600647425,5.0533670737094436,5.1486844923576482,0.0049084116443380843,-0.095317418648204644
perle,FA50,86,no_bounce,x,31,1333,0.95105810156067117,0.95105810156067117,1.119595999676722,1.119595999676722,0,0
perle,FA50,86,no_bounce,y,31,1333,0.62450668247679575,0.6320021488831854,3.0368447501458142,2.9138009047191726,0.0074954664063896503,0.1230438454266416
perle,FA50,86,post_bounce,x,9,255,0.94903371436243489,0.94903371436243489,1.0858573457000544,1.0858573457000544,0,0
perle,FA50,86,post_bounce,y,9,255,0.83297226371938626,0.84532061967193994,4.8910349900341608,5.0339612570990457,0.01234835595255368,-0.14292626706488498
perle,GPFA50,86,full,x,40,1770,0.95450606312655017,0.95450606312655017,1.0726546598605455,1.0726546598605455,0,0
perle,GPFA50,86,full,y,40,1770,0.70159540650965313,0.70693337152387936,3.6127752668477653,3.5757768188926606,0.0053379650142262314,0.036998447955104652
perle,GPFA50,86,visible,x,40,1015,0.84091810800516498,0.84091810800516498,1.2977859721310905,1.2977859721310905,0,0
perle,GPFA50,86,visible,y,40,1015,0.67218648065869491,0.6652764488037386,3.7820817105523106,3.8132042489834674,-0.0069100318549563111,-0.031122538431156865
perle,GPFA50,86,hidden,x,40,715,0.90150367968976464,0.90150367968976464,0.66451110727609441,0.66451110727609441,0,0
perle,GPFA50,86,hidden,y,40,715,0.74573907170360076,0.76263689263779832,3.4064924916312251,3.2577775276661551,0.01689782093419756,0.14871496396507
perle,GPFA50,86,bounce,x,9,437,0.95725361935904019,0.95725361935904019,1.0190047981599786,1.0190047981599786,0,0
perle,GPFA50,86,bounce,y,9,437,0.79013255815090677,0.79620810722666313,5.0545014944727376,5.1634842975252546,0.0060755490757563591,-0.10898280305251706
perle,GPFA50,86,no_bounce,x,31,1333,0.95367057268395028,0.95367057268395028,1.0896680306598823,1.0896680306598823,0,0
perle,GPFA50,86,no_bounce,y,31,1333,0.64371106921708232,0.65240530992022405,2.9925924145779055,2.8700842340983739,0.0086942407031417313,0.1225081804795316
perle,GPFA50,86,post_bounce,x,9,255,0.95314977785831068,0.95314977785831068,1.0602469945506243,1.0602469945506243,0,0
perle,GPFA50,86,post_bounce,y,9,255,0.84178652163794088,0.85713451470216773,4.8581085666490198,5.0093602472670584,0.01534799306422685,-0.15125168061803862
perle,FA50,87,full,x,39,1705,0.95816677282736695,0.95816677282736695,1.1639244456218025,1.1639244456218025,0,0
perle,FA50,87,full,y,39,1705,0.64726972694926399,0.63614044439139117,4.0838721222197236,4.1336132638461462,-0.011129282557872822,-0.049741141626422625
perle,FA50,87,visible,x,39,1009,0.87214823652712048,0.87214823652712048,1.3937441966716364,1.3937441966716364,0,0
perle,FA50,87,visible,y,39,1009,0.62120318244703432,0.61933039411915602,4.3352813392124121,4.3469124708939741,-0.0018727883278782942,-0.011631131681562046
perle,FA50,87,hidden,x,39,657,0.86775104661140368,0.86775104661140368,0.71562214813156877,0.71562214813156877,0,0
perle,FA50,87,hidden,y,39,657,0.69175032091534394,0.65922625460656181,3.7189922768437258,3.8368916420311909,-0.032524066308782129,-0.11789936518746513
perle,FA50,87,bounce,x,15,682,0.95554983705420959,0.95554983705420959,1.2985745879274915,1.2985745879274915,0,0
perle,FA50,87,bounce,y,15,682,0.74523937444770583,0.7351209859875566,5.2004848833391621,5.3728009208977241,-0.01011838846014923,-0.17231603755856195
perle,FA50,87,no_bounce,x,24,1023,0.9616951383915463,0.9616951383915463,1.0647391941625881,1.0647391941625881,0,0
perle,FA50,87,no_bounce,y,24,1023,0.5389125933265293,0.52387291310383144,3.1251651428118614,3.0386298230192001,-0.01503968022269786,0.086535319792661269
perle,FA50,87,post_bounce,x,15,396,0.95179350939105156,0.95179350939105156,1.0358951061643991,1.0358951061643991,0,0
perle,FA50,87,post_bounce,y,15,396,0.84293419915145651,0.82366814364210417,4.6666227203097632,4.9648051183299167,-0.019266055509352342,-0.29818239802015345
perle,GPFA50,87,full,x,39,1705,0.95973137818863741,0.95973137818863741,1.1512923020175154,1.1512923020175154,0,0
perle,GPFA50,87,full,y,39,1705,0.66657600546602636,0.65612092019556645,4.047748774669663,4.0983754603399936,-0.010455085270459907,-0.050626685670330573
perle,GPFA50,87,visible,x,39,1009,0.87514275888845039,0.87514275888845039,1.3883315283948183,1.3883315283948183,0,0
perle,GPFA50,87,visible,y,39,1009,0.63223388150264725,0.6297359476324158,4.3436225259431032,4.3579182477754195,-0.0024979338702314502,-0.01429572183231631
perle,GPFA50,87,hidden,x,39,657,0.87732038081986452,0.87732038081986452,0.68026991489065991,0.68026991489065991,0,0
perle,GPFA50,87,hidden,y,39,657,0.72701011825847994,0.69790085101047183,3.5990649863775901,3.7164642722223871,-0.029109267248008108,-0.11739928584479697
perle,GPFA50,87,bounce,x,15,682,0.95773198306324026,0.95773198306324026,1.2830691168988297,1.2830691168988297,0,0
perle,GPFA50,87,bounce,y,15,682,0.75992779258448306,0.75103956895214175,5.1794080901411137,5.3504553026835806,-0.0088882236323413188,-0.17104721254246691
perle,GPFA50,87,no_bounce,x,24,1023,0.96286203726824948,0.96286203726824948,1.0543302939061783,1.0543302939061783,0,0
perle,GPFA50,87,no_bounce,y,24,1023,0.55978989605347329,0.54390714818626429,3.0696804603389563,2.9848876683249785,-0.015882747867209002,0.084792792013977714
perle,GPFA50,87,post_bounce,x,15,396,0.95449355869759944,0.95449355869759944,1.0188905147789831,1.0188905147789831,0,0
perle,GPFA50,87,post_bounce,y,15,396,0.86166390118064096,0.84452654753593848,4.6245664752883,4.9173039244464452,-0.01713735364470248,-0.29273744915814515
perle,FA50,88,full,x,39,1644,0.95166118056135984,0.95166118056135984,1.1370530969762778,1.1370530969762778,0,0
perle,FA50,88,full,y,39,1644,0.72712621171909497,0.7155071284065363,3.799344299704059,3.7894795654944957,-0.011619083312558676,0.0098647342095632418
perle,FA50,88,visible,x,39,946,0.83107709407929486,0.83107709407929486,1.4131410625984586,1.4131410625984586,0,0
perle,FA50,88,visible,y,39,946,0.69853678853230172,0.69025610152466055,4.0166987886609808,4.0287886133470918,-0.0082806870076411743,-0.012089824686110973
perle,FA50,88,hidden,x,39,659,0.92626090875435418,0.92626090875435418,0.58469608545335594,0.58469608545335594,0,0
perle,FA50,88,hidden,y,39,659,0.76556243398695101,0.75091401623199627,3.4970806328245554,3.4510810677605845,-0.014648417754954735,0.045999565063970849
perle,FA50,88,bounce,x,12,556,0.95491582419589416,0.95491582419589416,1.0573822248215639,1.0573822248215639,0,0
perle,FA50,88,bounce,y,12,556,0.81575768508674906,0.81218840441634865,5.1793602165963089,5.2582219057790143,-0.0035692806704004099,-0.078861689182705419
perle,FA50,88,no_bounce,x,27,1088,0.950822053467266,0.950822053467266,1.1756846234433052,1.1756846234433052,0,0
perle,FA50,88,no_bounce,y,27,1088,0.69151008947034975,0.68280826344626877,2.8465728155686101,2.7512210472478094,-0.008701826024080983,0.095351768320800723
perle,FA50,88,post_bounce,x,12,330,0.95424848337701973,0.95424848337701973,0.85856475173766467,0.85856475173766467,0,0
perle,FA50,88,post_bounce,y,12,330,0.84889398510351211,0.85094464270554204,4.7724735175569686,4.8659721060331922,0.0020506576020299372,-0.09349858847622361
perle,GPFA50,88,full,x,39,1644,0.95274234139635261,0.95274234139635261,1.1248359138668487,1.1248359138668487,0,0
perle,GPFA50,88,full,y,39,1644,0.74185964048626996,0.73033030764674334,3.7483202972113268,3.7395631330885983,-0.011529332839526618,0.0087571641227284225
perle,GPFA50,88,visible,x,39,946,0.83204786605989534,0.83204786605989534,1.4082086823701818,1.4082086823701818,0,0
perle,GPFA50,88,visible,y,39,946,0.70628243507697286,0.6981316275962266,4.0088908960556768,4.0207090825345366,-0.0081508074807462583,-0.011818186478859793
perle,GPFA50,88,hidden,x,39,659,0.93525869621929558,0.93525869621929558,0.54246918971963354,0.54246918971963354,0,0
perle,GPFA50,88,hidden,y,39,659,0.79032543293249635,0.7762864531107051,3.3774947282115857,3.3341693358626321,-0.014038979821791253,0.043325392348953606
perle,GPFA50,88,bounce,x,12,556,0.95666804904303882,0.95666804904303882,1.0373663184363522,1.0373663184363522,0,0
perle,GPFA50,88,bounce,y,12,556,0.82543255167900054,0.82165640974655341,5.1398806529476477,5.2199905363274119,-0.0037761419324471301,-0.080109883379764213
perle,GPFA50,88,no_bounce,x,27,1088,0.95156104351451543,0.95156104351451543,1.1670069706008084,1.1670069706008084,0,0
perle,GPFA50,88,no_bounce,y,27,1088,0.70985592510539952,0.70099867320176457,2.7801536081927862,2.6844094819210644,-0.0088572519036349551,0.095744126271721797
perle,GPFA50,88,post_bounce,x,12,330,0.95793117759889934,0.95793117759889934,0.8286087584308085,0.8286087584308085,0,0
perle,GPFA50,88,post_bounce,y,12,330,0.86377738567104234,0.86543769198107523,4.6809199546873872,4.7754151874495721,0.0016603063100328885,-0.094495232762184855
perle,FA50,89,full,x,40,1724,0.94795025627844409,0.94795025627844409,1.1482672522983506,1.1482672522983506,0,0
perle,FA50,89,full,y,40,1724,0.69581114117685294,0.68563980675444691,3.7461745692775152,3.8326679485783588,-0.010171334422406031,-0.086493379300843554
perle,FA50,89,visible,x,40,966,0.83151645253870132,0.83151645253870132,1.3344311978641441,1.3344311978641441,0,0
perle,FA50,89,visible,y,40,966,0.67577654862797554,0.6726711001693263,3.9695581468996459,4.0019815567252239,-0.0031054484586492404,-0.032423409825578009
perle,FA50,89,hidden,x,40,718,0.84361234641354299,0.84361234641354299,0.86537881640297853,0.86537881640297853,0,0
perle,FA50,89,hidden,y,40,718,0.71601685091841494,0.69388371780274272,3.4550848834864545,3.6220464002659654,-0.022133133115672221,-0.16696151677951088
perle,FA50,89,bounce,x,14,676,0.93598937462203324,0.93598937462203324,1.3173329788711077,1.3173329788711077,0,0
perle,FA50,89,bounce,y,14,676,0.78448375619503385,0.77863319315172108,4.8679527564898279,5.0876426902807674,-0.0058505630433127731,-0.21968993379093948
perle,FA50,89,no_bounce,x,26,1048,0.95871107073468365,0.95871107073468365,1.0245167121560876,1.0245167121560876,0,0
perle,FA50,89,no_bounce,y,26,1048,0.67468582082770145,0.6704530823370638,2.7929786418255329,2.7328178122096278,-0.0042327384906376553,0.060160829615905076
perle,FA50,89,post_bounce,x,14,390,0.92113080003475811,0.92113080003475811,1.1732103332057575,1.1732103332057575,0,0
perle,FA50,89,post_bounce,y,14,390,0.83696884748900957,0.82856511515658526,4.5882508199102432,4.9432767472179453,-0.0084037323324243074,-0.3550259273077021
perle,GPFA50,89,full,x,40,1724,0.94965817251227846,0.94965817251227846,1.128664957860211,1.128664957860211,0,0
perle,GPFA50,89,full,y,40,1724,0.71365473479804864,0.70325979196275057,3.6763587418157071,3.7656207530737844,-0.010394942835298071,-0.089262011258077312
perle,GPFA50,89,visible,x,40,966,0.83531851236958876,0.83531851236958876,1.3200394789393328,1.3200394789393328,0,0
perle,GPFA50,89,visible,y,40,966,0.68602891014535361,0.68292579238146212,3.9349368135780036,3.9691278423649949,-0.0031031177638914942,-0.034191028786991318
perle,GPFA50,89,hidden,x,40,718,0.84896608551470809,0.84896608551470809,0.83367919880622843,0.83367919880622843,0,0
perle,GPFA50,89,hidden,y,40,718,0.74555701106984973,0.72247605371559798,3.3293930238453395,3.5041397527362648,-0.023080957354251752,-0.17474672889092524
perle,GPFA50,89,bounce,x,14,676,0.93853464279402832,0.93853464279402832,1.2904114688275594,1.2904114688275594,0,0
perle,GPFA50,89,bounce,y,14,676,0.80385510585556974,0.79766996643853449,4.805258876682065,5.0280800915742523,-0.0061851394170352458,-0.22282121489218731
perle,GPFA50,89,no_bounce,x,26,1048,0.95994103005561349,0.95994103005561349,1.010690792013178,1.010690792013178,0,0
perle,GPFA50,89,no_bounce,y,26,1048,0.69350806397221632,0.68982857935183761,2.7091397367073013,2.649318032583396,-0.0036794846203787035,0.059821704123905306
perle,GPFA50,89,post_bounce,x,14,390,0.92364917732212604,0.92364917732212604,1.1552096616187251,1.1552096616187251,0,0
perle,GPFA50,89,post_bounce,y,14,390,0.85470546488904364,0.84535022459753861,4.4945906317482303,4.8599610234379771,-0.0093552402915050292,-0.36537039168974683
perle,FA50,90,full,x,40,1713,0.95843168131894085,0.95843168131894085,1.0171307067220818,1.0171307067220818,0,0
perle,FA50,90,full,y,40,1713,0.6581478278399534,0.63583779687942066,4.0913334604351448,4.1591851519189227,-0.022310030960532745,-0.067851691483777898
perle,FA50,90,visible,x,40,972,0.86928897123000393,0.86928897123000393,1.1384995275690466,1.1384995275690466,0,0
perle,FA50,90,visible,y,40,972,0.64797220228448804,0.64440031025314382,4.027370084877834,4.0415323203502167,-0.0035718920313442259,-0.014162235472382712
perle,FA50,90,hidden,x,40,701,0.8678902946576571,0.8678902946576571,0.84303559143543694,0.84303559143543694,0,0
perle,FA50,90,hidden,y,40,701,0.67027099208693197,0.61874326664509738,4.2237445985877011,4.3643721044707586,-0.051527725441834593,-0.1406275058830575
perle,FA50,90,bounce,x,13,598,0.94721445077619437,0.94721445077619437,1.1285549085157003,1.1285549085157003,0,0
perle,FA50,90,bounce,y,13,598,0.7762528614544153,0.74389294624424485,5.4386591625151173,5.6751750077494458,-0.032359915210170453,-0.23651584523432856
perle,FA50,90,no_bounce,x,27,1115,0.964137658485552,0.964137658485552,0.9520137088539925,0.9520137088539925,0,0
perle,FA50,90,no_bounce,y,27,1115,0.58800410727930963,0.589431374688691,3.1388886071566979,3.050064910542523,0.001427267409381372,0.088823696614174885
perle,FA50,90,post_bounce,x,13,317,0.9326908105864552,0.9326908105864552,1.1660157506462356,1.1660157506462356,0,0
perle,FA50,90,post_bounce,y,13,317,0.81961415209155197,0.77787288662703702,5.5458759171227809,5.9404956774063837,-0.041741265464514954,-0.39461976028360279
perle,GPFA50,90,full,x,40,1713,0.96008932977585459,0.96008932977585459,0.99430805237186037,0.99430805237186037,0,0
perle,GPFA50,90,full,y,40,1713,0.68168920007117162,0.65774639065310492,4.0464193299606563,4.1201448606722115,-0.023942809418066702,-0.073725530711555187
perle,GPFA50,90,visible,x,40,972,0.8729457631843327,0.8729457631843327,1.1202223296632097,1.1202223296632097,0,0
perle,GPFA50,90,visible,y,40,972,0.65655981996001445,0.65164447018879024,4.0407973906500834,4.0598618100461632,-0.0049153497712242089,-0.019064419396079835
perle,GPFA50,90,hidden,x,40,701,0.8751192682868677,0.8751192682868677,0.80986182912105031,0.80986182912105031,0,0
perle,GPFA50,90,hidden,y,40,701,0.7139357914218416,0.66186630850502415,4.095955175141424,4.2459211758862825,-0.052069482916817456,-0.14996600074485844
perle,GPFA50,90,bounce,x,13,598,0.94819348918582724,0.94819348918582724,1.113384070660012,1.113384070660012,0,0
perle,GPFA50,90,bounce,y,13,598,0.80386250483195221,0.77130296155735678,5.3829556050088145,5.6241665990503424,-0.032559543274595426,-0.2412109940415279
perle,GPFA50,90,no_bounce,x,27,1115,0.96611101367272878,0.96611101367272878,0.92414531138401579,0.92414531138401579,0,0
perle,GPFA50,90,no_bounce,y,27,1115,0.6083658621294521,0.60611115534051041,3.1007083505056814,3.0191770478020565,-0.002254706788941685,0.081531302703624853
perle,GPFA50,90,post_bounce,x,13,317,0.93421116944824123,0.93421116944824123,1.1560763218516152,1.1560763218516152,0,0
perle,GPFA50,90,post_bounce,y,13,317,0.84865370531909512,0.80607942746666261,5.449746564110221,5.8541250313367463,-0.042574277852432507,-0.40437846722652537
perle,FA50,91,full,x,40,1662,0.96841262514844528,0.96841262514844528,0.89131120351707382,0.89131120351707382,0,0
perle,FA50,91,full,y,40,1662,0.68508272565782546,0.66252686622983159,3.7534049158788632,3.8058142011287255,-0.022555859427993874,-0.052409285249862325
perle,FA50,91,visible,x,40,956,0.8946046397990508,0.8946046397990508,1.0338915159827651,1.0338915159827651,0,0
perle,FA50,91,visible,y,40,956,0.63886529206677878,0.63295664349685021,3.8362276822826584,3.8288354775090983,-0.0059086485699285651,0.0073922047735601737
perle,FA50,91,hidden,x,40,666,0.90286933156566085,0.90286933156566085,0.6536341506160438,0.6536341506160438,0,0
perle,FA50,91,hidden,y,40,666,0.73894443953409061,0.70020326985272141,3.6531355092305162,3.795967080252983,-0.038741169681369203,-0.1428315710224668
perle,FA50,91,bounce,x,10,469,0.9679835625801485,0.9679835625801485,0.89229337673300768,0.89229337673300768,0,0
perle,FA50,91,bounce,y,10,469,0.78019024501222989,0.74277198336656691,5.2285144050396291,5.5232435210089621,-0.037418261645662976,-0.29472911596933304
perle,FA50,91,no_bounce,x,30,1193,0.96875575309729511,0.96875575309729511,0.8909247886256294,0.8909247886256294,0,0
perle,FA50,91,no_bounce,y,30,1193,0.66492705212934433,0.66209283860564483,2.9798306843173914,2.8610398249350761,-0.0028342135236995025,0.11879085938231526
perle,FA50,91,post_bounce,x,10,230,0.95549649688498361,0.95549649688498361,0.73255662313153991,0.73255662313153991,0,0
perle,FA50,91,post_bounce,y,10,230,0.81278081954920589,0.7594699080694125,5.2416625759440425,5.7486486890242299,-0.053310911479793388,-0.50698611308018737
perle,GPFA50,91,full,x,40,1662,0.96948341885120515,0.96948341885120515,0.87823533340087367,0.87823533340087367,0,0
perle,GPFA50,91,full,y,40,1662,0.69866664023338021,0.67730085909053539,3.7156756939895361,3.7534920465638573,-0.02136578114284482,-0.037816352574321144
perle,GPFA50,91,visible,x,40,956,0.89628672592308278,0.89628672592308278,1.0269233407588099,1.0269233407588099,0,0
perle,GPFA50,91,visible,y,40,956,0.64243910534289617,0.63899152973147599,3.8395306068029842,3.8181474982330275,-0.0034475756114201728,0.021383108569956732
perle,GPFA50,91,hidden,x,40,666,0.90998131813875471,0.90998131813875471,0.62783945268471952,0.62783945268471952,0,0
perle,GPFA50,91,hidden,y,40,666,0.76372208527104113,0.72572046564868831,3.5519016197401609,3.6823615028851062,-0.038001619622352822,-0.13045988314494528
perle,GPFA50,91,bounce,x,10,469,0.96961339761348297,0.96961339761348297,0.87136966813106742,0.87136966813106742,0,0
perle,GPFA50,91,bounce,y,10,469,0.80362697163336283,0.76688308466019173,5.1978228071868502,5.4729629232876409,-0.036743886973171103,-0.2751401161007907
perle,GPFA50,91,no_bounce,x,30,1193,0.96954119564887131,0.96954119564887131,0.8809197561299893,0.8809197561299893,0,0
perle,GPFA50,91,no_bounce,y,30,1193,0.67749218582027282,0.67684724396687257,2.9347240234147374,2.8021239497942942,-0.00064494185340024934,0.13260007362044313
perle,GPFA50,91,post_bounce,x,10,230,0.95950498637503456,0.95950498637503456,0.70038709764358409,0.70038709764358409,0,0
perle,GPFA50,91,post_bounce,y,10,230,0.84725484682831387,0.79574572693605394,5.1567047101625576,5.6486520169562766,-0.051509119892259925,-0.49194730679371901
perle,FA50,92,full,x,39,1700,0.94981051284054263,0.94981051284054263,1.1388217123534778,1.1388217123534778,0,0
perle,FA50,92,full,y,39,1700,0.6959603969671857,0.67943309042509126,3.5108759963253067,3.5324731455901208,-0.016527306542094444,-0.021597149264814153
perle,FA50,92,visible,x,39,968,0.83198990321382471,0.83198990321382471,1.3297007386481412,1.3297007386481412,0,0
perle,FA50,92,visible,y,39,968,0.62987632407750616,0.62622028243270589,3.6258763168010932,3.6114944214996387,-0.0036560416448002675,0.014381895301454506
perle,FA50,92,hidden,x,39,693,0.8690498625531512,0.8690498625531512,0.83058043656067027,0.83058043656067027,0,0
perle,FA50,92,hidden,y,39,693,0.7743078154555425,0.74665312621737367,3.3760760141887234,3.4521181528068565,-0.027654689238168828,-0.076042138618133137
perle,FA50,92,bounce,x,8,365,0.93518784290318091,0.93518784290318091,1.2644277007384046,1.2644277007384046,0,0
perle,FA50,92,bounce,y,8,365,0.82143304415225249,0.79661289036912397,4.7287184563823867,4.9766211206136326,-0.024820153783128518,-0.24790266423124585
perle,FA50,92,no_bounce,x,31,1335,0.95382397732806046,0.95382397732806046,1.1019905593453125,1.1019905593453125,0,0
perle,FA50,92,no_bounce,y,31,1335,0.62948404076861031,0.61590491681926807,3.0955981055106014,3.0197051350849344,-0.013579123949342242,0.075892970425667006
perle,FA50,92,post_bounce,x,8,201,0.92661424849641705,0.92661424849641705,1.2503798445038434,1.2503798445038434,0,0
perle,FA50,92,post_bounce,y,8,201,0.85634628284121206,0.83031910449270008,4.4172633270620736,4.8656929046376574,-0.026027178348511981,-0.44842957757558377
perle,GPFA50,92,full,x,39,1700,0.95122165955159721,0.95122165955159721,1.1238993868907832,1.1238993868907832,0,0
perle,GPFA50,92,full,y,39,1700,0.71091390505366447,0.69376058372312066,3.457723440594604,3.4825299203455105,-0.017153321330543814,-0.024806479750906441
perle,GPFA50,92,visible,x,39,968,0.83429611086644861,0.83429611086644861,1.3213106921601037,1.3213106921601037,0,0
perle,GPFA50,92,visible,y,39,968,0.63582381685269229,0.6307597742680715,3.6144216200600536,3.6042666545784487,-0.005064042584620787,0.010154965481604883
perle,GPFA50,92,hidden,x,39,693,0.87722927206262435,0.87722927206262435,0.79848314474492166,0.79848314474492166,0,0
perle,GPFA50,92,hidden,y,39,693,0.79762756073487473,0.77084558281878424,3.2547717901366209,3.3350596367520722,-0.026781977916090494,-0.080287846615451297
perle,GPFA50,92,bounce,x,8,365,0.93735741972381148,0.93735741972381148,1.2402999107678725,1.2402999107678725,0,0
perle,GPFA50,92,bounce,y,8,365,0.83164490964582971,0.80605011500406398,4.6735022291992037,4.9240707422522982,-0.025594794641765728,-0.25056851305309458
perle,GPFA50,92,no_bounce,x,31,1335,0.95497820085723872,0.95497820085723872,1.0899126179087406,1.0899126179087406,0,0
perle,GPFA50,92,no_bounce,y,31,1335,0.64510236619725825,0.63047532580487109,3.0418744146515495,2.9689608230184485,-0.014627040392387158,0.07291359163310096
perle,GPFA50,92,post_bounce,x,8,201,0.93021948304156388,0.93021948304156388,1.227134545074174,1.227134545074174,0,0
perle,GPFA50,92,post_bounce,y,8,201,0.86798715968702223,0.83979172373250355,4.3041387256835595,4.7580580405450661,-0.028195435954518677,-0.45391931486150661
perle,FA50,93,full,x,40,1795,0.94544667923005354,0.94544667923005354,1.1919716304412691,1.1919716304412691,0,0
perle,FA50,93,full,y,40,1795,0.72235635170076407,0.71019183755058901,3.7328086508529132,3.7418652735315612,-0.012164514150175054,-0.0090566226786479298
perle,FA50,93,visible,x,40,1004,0.80974015683481626,0.80974015683481626,1.4166644327123927,1.4166644327123927,0,0
perle,FA50,93,visible,y,40,1004,0.70633832629935123,0.69773830045954099,3.8629615526546526,3.8777774035523453,-0.0086000258398102325,-0.014815850897692773
perle,FA50,93,hidden,x,40,751,0.88409130285870707,0.88409130285870707,0.82695987947306038,0.82695987947306038,0,0
perle,FA50,93,hidden,y,40,751,0.74370307456973295,0.73042129102019437,3.5592859597353796,3.5637794008046946,-0.013281783549538573,-0.0044934410693149296
perle,FA50,93,bounce,x,12,577,0.93984870981771629,0.93984870981771629,1.330019590322816,1.330019590322816,0,0
perle,FA50,93,bounce,y,12,577,0.83397449435993476,0.82761072572871397,5.1498573355580071,5.2073874909828826,-0.0063637686312207897,-0.057530155424875495
perle,FA50,93,no_bounce,x,28,1218,0.95162784316589111,0.95162784316589111,1.1206540256713633,1.1206540256713633,0,0
perle,FA50,93,no_bounce,y,28,1218,0.65920309350211592,0.64514187611760654,2.8232911215668914,2.7907821206543129,-0.014061217384509384,0.032509000912578578
perle,FA50,93,post_bounce,x,12,303,0.93132759653508135,0.93132759653508135,0.9436984427006907,0.9436984427006907,0,0
perle,FA50,93,post_bounce,y,12,303,0.87732490862669599,0.8692524420082901,5.078516584545377,5.1290451290335417,-0.0080724666184058824,-0.050528544488164684
perle,GPFA50,93,full,x,40,1795,0.94676990141852047,0.94676990141852047,1.174444930234753,1.174444930234753,0,0
perle,GPFA50,93,full,y,40,1795,0.74062748585350413,0.72760780732270536,3.6741273153535858,3.6839206260951523,-0.013019678530798773,-0.0097933107415664189
perle,GPFA50,93,visible,x,40,1004,0.81329713875193332,0.81329713875193332,1.4032726514793818,1.4032726514793818,0,0
perle,GPFA50,93,visible,y,40,1004,0.71890642475302924,0.70937297185624948,3.8330244391855772,3.8502256245280742,-0.0095334528967797594,-0.017201185342496927
perle,GPFA50,93,hidden,x,40,751,0.88939368443711941,0.88939368443711941,0.79582049524452647,0.79582049524452647,0,0
perle,GPFA50,93,hidden,y,40,751,0.76912679101341319,0.75560267601735243,3.4707429196523232,3.4732725279608134,-0.013524114996060765,-0.0025296083084902499
perle,GPFA50,93,bounce,x,12,577,0.94048003949326031,0.94048003949326031,1.3209567457357965,1.3209567457357965,0,0
perle,GPFA50,93,bounce,y,12,577,0.85168359943454353,0.84530400317155086,5.0947727845056612,5.1528652005057198,-0.0063795962629926706,-0.058092416000058655
perle,GPFA50,93,no_bounce,x,28,1218,0.95323721084431556,0.95323721084431556,1.098236489496754,1.098236489496754,0,0
perle,GPFA50,93,no_bounce,y,28,1218,0.6776831193124051,0.66283060465967136,2.7564021884111529,2.7243227803779115,-0.014852514652733739,0.032079408033241386
perle,GPFA50,93,post_bounce,x,12,303,0.93386570523332924,0.93386570523332924,0.92336131047358416,0.92336131047358416,0,0
perle,GPFA50,93,post_bounce,y,12,303,0.90253788948266245,0.89381064624209861,4.9860998443989626,5.0414887793027106,-0.0087272432405638423,-0.055388934903747966
perle,FA50,94,full,x,40,1737,0.95097045289828208,0.95097045289828208,1.1342573189859486,1.1342573189859486,0,0
perle,FA50,94,full,y,40,1737,0.6888456522772447,0.67684356734526829,4.2942740155814176,4.3367003075513963,-0.012002084931976409,-0.042426291969978713
perle,FA50,94,visible,x,40,999,0.84435267232937605,0.84435267232937605,1.3181894696808791,1.3181894696808791,0,0
perle,FA50,94,visible,y,40,999,0.65543437464187737,0.6429946819799387,4.5337181890310143,4.5598303582224249,-0.012439692661938673,-0.026112169191410572
perle,FA50,94,hidden,x,40,698,0.8499291833568835,0.8499291833568835,0.8330026907492063,0.8330026907492063,0,0
perle,FA50,94,hidden,y,40,698,0.73156095227054563,0.71619553678060144,3.9592174651227845,4.0307810006267459,-0.01536541548994419,-0.07156353550396144
perle,FA50,94,bounce,x,16,788,0.94966441140098734,0.94966441140098734,1.1743339453633486,1.1743339453633486,0,0
perle,FA50,94,bounce,y,16,788,0.75821196165679217,0.74686506289533461,5.327483909712404,5.4690245189194373,-0.011346898761457558,-0.14154060920703326
perle,FA50,94,no_bounce,x,24,949,0.95465761934738591,0.95465761934738591,1.099870645555991,1.099870645555991,0,0
perle,FA50,94,no_bounce,y,24,949,0.68306503151211928,0.67994922830062376,3.1915602979433908,3.0963531900935983,-0.0031158032114955159,0.095207107849792472
perle,FA50,94,post_bounce,x,16,407,0.93102794010443835,0.93102794010443835,1.1827456140614288,1.1827456140614288,0,0
perle,FA50,94,post_bounce,y,16,407,0.79882852663572979,0.78613225656773567,5.1976685807682461,5.4160116575253605,-0.01269627006799412,-0.2183430767571144
perle,GPFA50,94,full,x,40,1737,0.95278669243219349,0.95278669243219349,1.1143537383112885,1.1143537383112885,0,0
perle,GPFA50,94,full,y,40,1737,0.70001899619002239,0.68838809630840203,4.2690896493099393,4.3104273552557988,-0.01163089988162036,-0.041337705945859504
perle,GPFA50,94,visible,x,40,999,0.84843923596055582,0.84843923596055582,1.3028042059056049,1.3028042059056049,0,0
perle,GPFA50,94,visible,y,40,999,0.65658932610024678,0.6440302226498319,4.5556624570666537,4.5812672276559789,-0.012559103450414888,-0.025604770589325199
perle,GPFA50,94,hidden,x,40,698,0.85630369559615116,0.85630369559615116,0.79988644912350892,0.79988644912350892,0,0
perle,GPFA50,94,hidden,y,40,698,0.75390995048998144,0.73957791626103031,3.8664022323371783,3.936790813255505,-0.014332034228951129,-0.070388580918326671
perle,GPFA50,94,bounce,x,16,788,0.95214834886485,0.95214834886485,1.146188794485721,1.146188794485721,0,0
perle,GPFA50,94,bounce,y,16,788,0.7690213814251653,0.75878705810552693,5.3150996605454202,5.4535623762606535,-0.010234323319638361,-0.13846271571523339
perle,GPFA50,94,no_bounce,x,24,949,0.95574624322021706,0.95574624322021706,1.0872114310399739,1.0872114310399739,0,0
perle,GPFA50,94,no_bounce,y,24,949,0.69857963759974961,0.69485466088469372,3.1465471914149674,3.0515256975396796,-0.0037249767150558943,0.095021493875287799
perle,GPFA50,94,post_bounce,x,16,407,0.93425149125076423,0.93425149125076423,1.1630714554122228,1.1630714554122228,0,0
perle,GPFA50,94,post_bounce,y,16,407,0.80738414488580601,0.79686528745437846,5.1824471446634028,5.3934056505320527,-0.010518857431427553,-0.21095850586864984
perle,FA50,95,full,x,39,1723,0.95049313974712346,0.95049313974712346,1.1317832205266911,1.1317832205266911,0,0
perle,FA50,95,full,y,39,1723,0.6561285312074554,0.65085931417692477,4.0390178763143654,4.0616970278525297,-0.0052692170305306263,-0.022679151538164355
perle,FA50,95,visible,x,39,980,0.83958941635091655,0.83958941635091655,1.3230451674290091,1.3230451674290091,0,0
perle,FA50,95,visible,y,39,980,0.63246973850118193,0.63696752551466207,4.2530519928240951,4.2282144223721181,0.0044977870134801368,0.024837570451976987
perle,FA50,95,hidden,x,39,704,0.85623105285398082,0.85623105285398082,0.82396178996428504,0.82396178996428504,0,0
perle,FA50,95,hidden,y,39,704,0.6849586607758078,0.6658734181604824,3.7443254345083257,3.8422189651167011,-0.019085242615325404,-0.097893530608375467
perle,FA50,95,bounce,x,15,706,0.95594170270886747,0.95594170270886747,1.0819188120463838,1.0819188120463838,0,0
perle,FA50,95,bounce,y,15,706,0.79097237379081708,0.78936542164840973,4.9762127089169628,5.1144784427068428,-0.0016069521424073585,-0.13826573378988005
perle,FA50,95,no_bounce,x,24,1017,0.94771857747038335,0.94771857747038335,1.1651447692575714,1.1651447692575714,0,0
perle,FA50,95,no_bounce,y,24,1017,0.53679496050171227,0.52298729021876689,3.2323926327523376,3.1290688852878197,-0.013807670282945383,0.10332374746451789
perle,FA50,95,post_bounce,x,15,401,0.93400207274400937,0.93400207274400937,1.0488132225881019,1.0488132225881019,0,0
perle,FA50,95,post_bounce,y,15,401,0.84499489637315972,0.83890445115424772,4.8648862766089636,5.1097343419233141,-0.0060904452189119995,-0.24484806531435055
perle,GPFA50,95,full,x,39,1723,0.9526798062761781,0.9526798062761781,1.1089099550046417,1.1089099550046417,0,0
perle,GPFA50,95,full,y,39,1723,0.68212096922252441,0.67722942333446901,3.9624457770129795,3.9854556707791406,-0.0048915458880554041,-0.023009893766161138
perle,GPFA50,95,visible,x,39,980,0.84455073444001749,0.84455073444001749,1.3059937688067031,1.3059937688067031,0,0
perle,GPFA50,95,visible,y,39,980,0.64809745674068153,0.65331520854125469,4.2258399207107669,4.1993505292245565,0.005217751800573156,0.026489391486210323
perle,GPFA50,95,hidden,x,39,704,0.86661689209779846,0.86661689209779846,0.78482024734706823,0.78482024734706823,0,0
perle,GPFA50,95,hidden,y,39,704,0.72554371051198152,0.70553892469647606,3.5905595676056357,3.6959363352686974,-0.020004785815505466,-0.1053767676630617
perle,GPFA50,95,bounce,x,15,706,0.95886987019373682,0.95886987019373682,1.049133000898713,1.049133000898713,0,0
perle,GPFA50,95,bounce,y,15,706,0.8148753148809349,0.81314405357978181,4.9053712742768543,5.0442262073698476,-0.0017312613011530864,-0.13885493309299335
perle,GPFA50,95,no_bounce,x,24,1017,0.94936355852139576,0.94936355852139576,1.1485790211725448,1.1485790211725448,0,0
perle,GPFA50,95,no_bounce,y,24,1017,0.56201969993673184,0.54821101898696245,3.1458388851300922,3.0408991055108978,-0.013808680949769392,0.10493977961919443
perle,GPFA50,95,post_bounce,x,15,401,0.93876030538972555,0.93876030538972555,1.0158490309598383,1.0158490309598383,0,0
perle,GPFA50,95,post_bounce,y,15,401,0.86909080649055259,0.86257240673838831,4.7648236310970953,5.0118731392405946,-0.0065183997521642834,-0.24704950814349935
perle,FA50,96,full,x,39,1694,0.9518503552096178,0.9518503552096178,1.1138929846507051,1.1138929846507051,0,0
perle,FA50,96,full,y,39,1694,0.70632739463579597,0.69221676519748498,3.8549564115625805,3.8730145223268053,-0.014110629438310984,-0.018058110764224811
perle,FA50,96,visible,x,39,973,0.82908481954657687,0.82908481954657687,1.3776041244897701,1.3776041244897701,0,0
perle,FA50,96,visible,y,39,973,0.68189892341589176,0.66734168223175994,3.94449667734543,3.9878391094454,-0.014557241184131819,-0.043342432099970019
perle,FA50,96,hidden,x,39,682,0.91797611454551487,0.91797611454551487,0.59960237632655067,0.59960237632655067,0,0
perle,FA50,96,hidden,y,39,682,0.73188974066981327,0.71875208222259679,3.7623687592760136,3.7416979976596521,-0.013137658447216483,0.020670761616361499
perle,FA50,96,bounce,x,14,628,0.95755520413950468,0.95755520413950468,1.0719913733279929,1.0719913733279929,0,0
perle,FA50,96,bounce,y,14,628,0.80742234561032322,0.80084275166486429,5.2136903873936093,5.313193272912863,-0.0065795939454589281,-0.099502885519253681
perle,FA50,96,no_bounce,x,25,1066,0.94863461147472805,0.94863461147472805,1.1378559401561639,1.1378559401561639,0,0
perle,FA50,96,no_bounce,y,25,1066,0.57687319875561949,0.56788035725642427,2.7571082775747744,2.6844620652404818,-0.0089928414991952144,0.072646212334292581
perle,FA50,96,post_bounce,x,14,321,0.95893450285931481,0.95893450285931481,0.85671566576593927,0.85671566576593927,0,0
perle,FA50,96,post_bounce,y,14,321,0.8529612498788155,0.85643341492268144,5.1284083160107894,5.2216706658646004,0.0034721650438659379,-0.093262349853810989
perle,GPFA50,96,full,x,39,1694,0.95329194391531935,0.95329194391531935,1.0975963537817532,1.0975963537817532,0,0
perle,GPFA50,96,full,y,39,1694,0.72894917518296964,0.71533489044626397,3.7828736036001769,3.8054383855869669,-0.013614284736705673,-0.022564781986790017
perle,GPFA50,96,visible,x,39,973,0.83161493778199502,0.83161493778199502,1.368412755033799,1.368412755033799,0,0
perle,GPFA50,96,visible,y,39,973,0.69145471994493146,0.67566302485535912,3.9249757358416932,3.975347876188922,-0.015791695089572344,-0.050372140347228811
perle,GPFA50,96,hidden,x,39,682,0.92879393509750008,0.92879393509750008,0.55310699753023196,0.55310699753023196,0,0
perle,GPFA50,96,hidden,y,39,682,0.77249782183018956,0.76331194113332257,3.6175576615089007,3.5956092061276932,-0.0091858806968669882,0.021948455381207488
perle,GPFA50,96,bounce,x,14,628,0.95895738888425885,0.95895738888425885,1.0554973580132068,1.0554973580132068,0,0
perle,GPFA50,96,bounce,y,14,628,0.82443357819221341,0.81918988281508742,5.1357888041538553,5.2410317182781805,-0.0052436953771259898,-0.10524291412432518
perle,GPFA50,96,no_bounce,x,25,1066,0.95011377480448711,0.95011377480448711,1.1216582570769855,1.1216582570769855,0,0
perle,GPFA50,96,no_bounce,y,25,1066,0.60143174597460114,0.59123787481210832,2.6836017326683561,2.6135134447852617,-0.010193871162492818,0.070088287883094402
perle,GPFA50,96,post_bounce,x,14,321,0.96085836759731236,0.96085836759731236,0.84415714565282185,0.84415714565282185,0,0
perle,GPFA50,96,post_bounce,y,14,321,0.87161911220882249,0.87596543390505754,5.0039615038645895,5.0971813830574346,0.0043463216962350559,-0.093219879192845134
perle,FA50,97,full,x,40,1840,0.95708309556444726,0.95708309556444726,1.0943904286014796,1.0943904286014796,0,0
perle,FA50,97,full,y,40,1840,0.68088379805271881,0.66080019010645941,3.7219459767214897,3.7492331975621331,-0.020083607946259407,-0.027287220840643389
perle,FA50,97,visible,x,40,1072,0.85260051127791825,0.85260051127791825,1.3075825502092198,1.3075825502092198,0,0
perle,FA50,97,visible,y,40,1072,0.64134088229084718,0.63027255596976794,3.8680172354174216,3.881857065099334,-0.011068326321079236,-0.013839829681912441
perle,FA50,97,hidden,x,40,728,0.90913225692241895,0.90913225692241895,0.70254553195909886,0.70254553195909886,0,0
perle,FA50,97,hidden,y,40,728,0.72943316591681495,0.70426825820483907,3.5173957875251061,3.5651737245211219,-0.025164907711975881,-0.047777936996015846
perle,FA50,97,bounce,x,12,569,0.95549221087163916,0.95549221087163916,1.2130565172216294,1.2130565172216294,0,0
perle,FA50,97,bounce,y,12,569,0.75250082663809248,0.74116665809894666,5.3063979055300692,5.4102847994223238,-0.011334168539145817,-0.10388689389225458
perle,FA50,97,no_bounce,x,28,1271,0.96002675650090019,0.96002675650090019,1.0368745689378982,1.0368745689378982,0,0
perle,FA50,97,no_bounce,y,28,1271,0.66871319626829262,0.64406473755238269,2.7292570804305623,2.6917592677805082,-0.024648458715909927,0.03749781265005403
perle,FA50,97,post_bounce,x,12,300,0.95465187742375157,0.95465187742375157,0.94046641405956044,0.94046641405956044,0,0
perle,FA50,97,post_bounce,y,12,300,0.81048030691567319,0.79411657617944165,5.1677471731038365,5.3172409997576295,-0.016363730736231541,-0.14949382665379307
perle,GPFA50,97,full,x,40,1840,0.95906386181770209,0.95906386181770209,1.0729500413905517,1.0729500413905517,0,0
perle,GPFA50,97,full,y,40,1840,0.69790193032855707,0.67690574570726358,3.6768331434905814,3.6887883520243903,-0.02099618462129349,-0.011955208533808825
perle,GPFA50,97,visible,x,40,1072,0.85724422930401556,0.85724422930401556,1.2883905609382011,1.2883905609382011,0,0
perle,GPFA50,97,visible,y,40,1072,0.65561895097377543,0.64249012857063048,3.8574340806555267,3.8636551380815298,-0.013128822403144946,-0.006221057426003096
perle,GPFA50,97,hidden,x,40,728,0.91822559931461312,0.91822559931461312,0.67028147109464897,0.67028147109464897,0,0
perle,GPFA50,97,hidden,y,40,728,0.75119717032928479,0.72755529877250547,3.4193440187346491,3.4417982154235984,-0.023641871556779326,-0.022454196688949324
perle,GPFA50,97,bounce,x,12,569,0.95760669146021682,0.95760669146021682,1.1925196726324774,1.1925196726324774,0,0
perle,GPFA50,97,bounce,y,12,569,0.77853959745747869,0.76988443990323563,5.2733118941203596,5.3543304470312254,-0.0086551575542430648,-0.081018552910865793
perle,GPFA50,97,no_bounce,x,28,1271,0.96213350787031737,0.96213350787031737,1.0148664388401873,1.0148664388401873,0,0
perle,GPFA50,97,no_bounce,y,28,1271,0.68626422322059732,0.66206957115149856,2.6687719669388748,2.6199914204743466,-0.024194652069098765,0.048780546464528118
perle,GPFA50,97,post_bounce,x,12,300,0.95722821544717873,0.95722821544717873,0.92737883331362947,0.92737883331362947,0,0
perle,GPFA50,97,post_bounce,y,12,300,0.83883618632510448,0.82564263853541364,5.0829046914330807,5.2104637823556468,-0.01319354778969084,-0.12755909092256612
perle,FA50,98,full,x,40,1734,0.95124758929538522,0.95124758929538522,1.1098910598941569,1.1098910598941569,0,0
perle,FA50,98,full,y,40,1734,0.74203502797953369,0.73607090580108114,3.3732214606010622,3.4217650618799382,-0.0059641221784525467,-0.048543601278876025
perle,FA50,98,visible,x,40,991,0.8495652187605931,0.8495652187605931,1.234506119926666,1.234506119926666,0,0
perle,FA50,98,visible,y,40,991,0.71251208262157073,0.7128324034364093,3.4797714108617184,3.4657431613519045,0.00032032081483857056,0.01402824950981385
perle,FA50,98,hidden,x,40,703,0.82683284431668658,0.82683284431668658,0.93373982380280951,0.93373982380280951,0,0
perle,FA50,98,hidden,y,40,703,0.78208456037164409,0.76484392213588204,3.2304367922884745,3.377175770706585,-0.017240638235762051,-0.14673897841811057
perle,FA50,98,bounce,x,11,533,0.93109837761783998,0.93109837761783998,1.2938608494730148,1.2938608494730148,0,0
perle,FA50,98,bounce,y,11,533,0.83531660937997065,0.82693805927983288,4.4149215800421144,4.6784074915822078,-0.0083785501001377716,-0.26348591154009338
perle,FA50,98,no_bounce,x,29,1201,0.95975041354670176,0.95975041354670176,1.0176459768174795,1.0176459768174795,0,0
perle,FA50,98,no_bounce,y,29,1201,0.66475872990161022,0.66345277424204063,2.7889315946831186,2.6816150057899582,-0.0013059556595695909,0.10731658889316043
perle,FA50,98,post_bounce,x,11,299,0.91142478056833443,0.91142478056833443,1.3770325420266394,1.3770325420266394,0,0
perle,FA50,98,post_bounce,y,11,299,0.87942171366103039,0.85959830117906055,3.9436102219491369,4.4475039111980186,-0.019823412481969838,-0.50389368924888167
perle,GPFA50,98,full,x,40,1734,0.95294605690837031,0.95294605690837031,1.090528579986993,1.090528579986993,0,0
perle,GPFA50,98,full,y,40,1734,0.75393068625412152,0.7487424201118541,3.3255026767992923,3.3717060144184505,-0.005188266142267417,-0.04620333761915818
perle,GPFA50,98,visible,x,40,991,0.85338116166627676,0.85338116166627676,1.2198163411031566,1.2198163411031566,0,0
perle,GPFA50,98,visible,y,40,991,0.71566863401995029,0.71638861646898322,3.4756479790271717,3.4583618729796868,0.00071998244903292985,0.017286106047484928
perle,GPFA50,98,hidden,x,40,703,0.83353820647746657,0.83353820647746657,0.90426051838565313,0.90426051838565313,0,0
perle,GPFA50,98,hidden,y,40,703,0.80705330082079352,0.78994050477078526,3.1184679079551483,3.2681369959360529,-0.017112796050008261,-0.14966908798090461
perle,GPFA50,98,bounce,x,11,533,0.93260283879419636,0.93260283879419636,1.2746404723459215,1.2746404723459215,0,0
perle,GPFA50,98,bounce,y,11,533,0.84272473082435639,0.83367512974202473,4.3394311974464763,4.6144021755131668,-0.0090496010823316597,-0.27497097806669046
perle,GPFA50,98,no_bounce,x,29,1201,0.96139399675608495,0.96139399675608495,0.99799734454813416,0.99799734454813416,0,0
perle,GPFA50,98,no_bounce,y,29,1201,0.67312427397462704,0.674733054204397,2.7586073250617607,2.6389440786480534,0.0016087802297699572,0.11966324641370729
perle,GPFA50,98,post_bounce,x,11,299,0.9138110417616514,0.9138110417616514,1.3652414904401748,1.3652414904401748,0,0
perle,GPFA50,98,post_bounce,y,11,299,0.88743957817264429,0.86576127358559052,3.8291956489686516,4.3567532591024571,-0.021678304587053776,-0.52755761013380553
perle,FA50,99,full,x,39,1645,0.95807562664305568,0.95807562664305568,1.1908248073864203,1.1908248073864203,0,0
perle,FA50,99,full,y,39,1645,0.69402949170190376,0.67921015351183434,3.5899347253220979,3.6481167560908214,-0.01481933819006942,-0.058182030768723525
perle,FA50,99,visible,x,39,962,0.85706570450097608,0.85706570450097608,1.4890682955828811,1.4890682955828811,0,0
perle,FA50,99,visible,y,39,962,0.66971689313233362,0.66243339117658528,3.8635995909800447,3.8925106159876348,-0.0072835019557483394,-0.02891102500759013
perle,FA50,99,hidden,x,39,644,0.92242579505669164,0.92242579505669164,0.53833320743478907,0.53833320743478907,0,0
perle,FA50,99,hidden,y,39,644,0.73170447050019183,0.70281699374231199,3.1734062509524441,3.2865780194875938,-0.028887476757879837,-0.11317176853514965
perle,FA50,99,bounce,x,10,458,0.9568086201160878,0.9568086201160878,1.2446335001798443,1.2446335001798443,0,0
perle,FA50,99,bounce,y,10,458,0.82968103401300941,0.81252549999241175,5.013193862266319,5.1382612793223883,-0.017155534020597663,-0.12506741705606927
perle,FA50,99,no_bounce,x,29,1187,0.95882489629484924,0.95882489629484924,1.1694011149907644,1.1694011149907644,0,0
perle,FA50,99,no_bounce,y,29,1187,0.57490019122470093,0.55812948916510008,2.8571207433656891,2.8734779904949952,-0.01677070205960085,-0.016357247129306085
perle,FA50,99,post_bounce,x,10,284,0.96488710249904253,0.96488710249904253,0.66116125209999321,0.66116125209999321,0,0
perle,FA50,99,post_bounce,y,10,284,0.89792437953479842,0.87497682427339585,4.5372709975847654,4.7145643721419175,-0.022947555261402575,-0.17729337455715211
perle,GPFA50,99,full,x,39,1645,0.95952143108532861,0.95952143108532861,1.1751339749046947,1.1751339749046947,0,0
perle,GPFA50,99,full,y,39,1645,0.71172657977746123,0.69661110717497143,3.5419220241128895,3.6027013733013922,-0.015115472602489799,-0.060779349188502696
perle,GPFA50,99,visible,x,39,962,0.85990275159629226,0.85990275159629226,1.4786747435599801,1.4786747435599801,0,0
perle,GPFA50,99,visible,y,39,962,0.67725658716775738,0.67000617999506851,3.8601631816866502,3.8881251858277017,-0.0072504071726888775,-0.027962004141051544
perle,GPFA50,99,hidden,x,39,644,0.93389359126395444,0.93389359126395444,0.49527590014682765,0.49527590014682765,0,0
perle,GPFA50,99,hidden,y,39,644,0.76329949824930854,0.73402872243301542,3.0544525309320187,3.1787832237060685,-0.029270775816293115,-0.12433069277404973
perle,GPFA50,99,bounce,x,10,458,0.95838466475529005,0.95838466475529005,1.225833283385017,1.225833283385017,0,0
perle,GPFA50,99,bounce,y,10,458,0.84176374149980338,0.82334500289100676,4.9864718041770288,5.1181527721186759,-0.018418738608796614,-0.13168096794164708
perle,GPFA50,99,no_bounce,x,29,1187,0.96016600129933438,0.96016600129933438,1.1549769498134399,1.1549769498134399,0,0
perle,GPFA50,99,no_bounce,y,29,1187,0.5949879310228231,0.57874696544183979,2.7913617564142741,2.8071508246182848,-0.016240965580983313,-0.015789068204010714
perle,GPFA50,99,post_bounce,x,10,284,0.96861064316567891,0.96861064316567891,0.62723716740363866,0.62723716740363866,0,0
perle,GPFA50,99,post_bounce,y,10,284,0.91327069225076696,0.88843334280158359,4.4906905334123515,4.6791968535520958,-0.024837349449183366,-0.18850632013974433
